row_id,provider,method,path,operationId,summary,description,truth_class,confidence,reason,source_set
b0001,github,POST,/repos/{owner}/{repo}/keys,repos/create-deploy-key,Create a deploy key,You can create a read-only deploy key.,w,high,ii plain create deploy key,buildset-2026-09-18
b0002,github,DELETE,/orgs/{org}/announcement,announcement-banners/remove-announcement-banner-for-org,Remove announcement banner from organization,Removes the announcement banner currently set for the organization.,x,high,DELETE method wins removes banner,buildset-2026-09-18
b0003,github,DELETE,/orgs/{org}/blocks/{username},orgs/unblock-user,Unblock a user from an organization,,x,low,DELETE method wins over toggle list rule,buildset-2026-09-18
b0004,github,DELETE,/user/keys/{key_id},users/delete-public-ssh-key-for-authenticated,Delete a public SSH key for the authenticated user,Removes a public SSH key from the authenticated user's GitHub account. Requires that you are authenticated via Basic Auth or via OAuth with at least `admin:public_key` [scope](https://docs.github.com/enterprise-server@2.18/apps/building-oauth-apps/understanding-scopes-for-oauth-apps/).,x,high,a b deletes ssh key credential no restore,buildset-2026-09-18
b0005,github,POST,/teams/{team_id}/discussions/{discussion_number}/reactions,reactions/create-for-team-discussion,Create reaction for a team discussion,Create a reaction to a [team discussion](https://docs.github.com/enterprise-server@2.18/rest/reference/teams#discussions). OAuth access tokens require the `write:discussion` [scope](https://docs.github.com/enterprise-server@2.18/apps/building-oauth-apps/understanding-scopes-for-oauth-apps/). A response with an HTTP `200` status means that you already added the reaction type to this team discussion.,w,low,D98 ruling: comment/reaction is w,buildset-2026-09-18
b0006,github,DELETE,/scim/v2/Users/{scim_user_id},enterprise-admin/delete-user-from-enterprise,Delete a SCIM user from an enterprise,"**Note:** The SCIM API endpoints for enterprise accounts are currently in *private* beta and are subject to change. Permanently suspends a SCIM user from an enterprise, removes all data for the user, obfuscates the login, email, and display name of the user, removes all external-identity SCIM attributes, and deletes the emails, avatar, PATs, SSH keys, OAuth authorizations credentials, GPG keys, and SAML mappings for the user. You will not be able to undo this action.",x,high,explicit cannot undo this action,buildset-2026-09-18
b0007,github,PATCH,/teams/{team_id}/discussions/{discussion_number},teams/update-discussion-legacy,Update a discussion (Legacy),**Deprecation Notice:** This endpoint route is deprecated and will be removed from the Teams API. We recommend migrating your existing code to use the new [Update a discussion](https://docs.github.com/rest/reference/teams#update-a-discussion) endpoint. Edits the title and body text of a discussion post. Only the parameters you provide are updated. OAuth access tokens require the `write:discussion` [scope](https://docs.github.com/apps/building-oauth-apps/understanding-scopes-for-oauth-apps/).,w,high,patch default w edits discussion,buildset-2026-09-18
b0008,github,POST,/applications/{client_id}/token,apps/check-token,Check a token,"OAuth applications can use a special API method for checking OAuth token validity without exceeding the normal rate limits for failed login attempts. Authentication works differently with this particular endpoint. You must use [Basic Authentication](https://docs.github.com/rest/overview/other-authentication-methods#basic-authentication) to use this endpoint, where the username is the OAuth application `client_id` and the password is its `client_secret`. Invalid tokens will return `404 NOT FOUND`",r,high,i pure check token validity,buildset-2026-09-18
b0009,github,POST,/enterprises/{enterprise}/{security_product}/{enablement},secret-scanning/post-security-product-enablement-for-enterprise,Enable or disable a security feature,"Enables or disables the specified security feature for all repositories in an enterprise. To use this endpoint, you must be an administrator of the enterprise, and you must use an access token with the `admin:enterprise` scope.",w,high,toggle enable disable has opposite,buildset-2026-09-18
b0010,github,POST,/admin/ldap/teams/{team_id}/sync,enterprise-admin/sync-ldap-mapping-for-team,Sync LDAP mapping for a team,"Note that this API call does not automatically initiate an LDAP sync. Rather, if a `201` is returned, the sync job is queued successfully, and is performed when the instance is ready.",x,high,e triggers sync job,buildset-2026-09-18
b0011,github,PUT,/repos/{owner}/{repo}/topics,repos/replace-all-topics,Replace all repository topics,,w,high,PUT default replaces topics,buildset-2026-09-18
b0012,github,DELETE,/user/installations/{installation_id}/repositories/{repository_id},apps/remove-repo-from-installation-for-authenticated-user,Remove a repository from an app installation,Remove a single repository from an installation. The authenticated user must have admin access to the repository. You must use a personal access token (which you can create via the [command line](https://docs.github.com/github/authenticating-to-github/creating-a-personal-access-token) or [Basic Authentication](https://docs.github.com/rest/overview/other-authentication-methods#basic-authentication)) to access this endpoint.,x,high,delete method wins removes repo access,buildset-2026-09-18
b0013,github,DELETE,/enterprises/{enterprise}/actions/runner-groups/{runner_group_id},enterprise-admin/delete-self-hosted-runner-group-from-enterprise,Delete a self-hosted runner group from an enterprise,Deletes a self-hosted runner group for an enterprise. You must authenticate using an access token with the `manage_runners:enterprise` scope to use this endpoint.,x,high,a deletes runner group no restore,buildset-2026-09-18
b0014,github,DELETE,/teams/{team_id}/projects/{project_id},teams/remove-project,Remove a project from a team,"Removes an organization project from a team. An organization owner or a team maintainer can remove any project from the team. To remove a project from a team as an organization member, the authenticated user must have `read` access to both the team and project, or `admin` access to the team or project. **Note:** This endpoint removes the project from the team, but does not delete it.",x,high,DELETE method wins removes project link,buildset-2026-09-18
b0015,github,PUT,/orgs/{org}/teams/{team_slug}/memberships/{username},teams/add-or-update-membership-for-user-in-org,Add or update team membership for a user,"Adds an organization member to a team. An authenticated organization owner or team maintainer can add organization members to a team. Team synchronization is available for organizations using GitHub Enterprise Cloud. For more information, see [GitHub's products](https://docs.github.com/github/getting-started-with-github/githubs-products) in the GitHub Help documentation. **Note:** When you have team synchronization set up for a team with your organization's identity provider (IdP), you will see ",w,high,w edits membership settable back,buildset-2026-09-18
b0016,github,POST,/repos/{owner}/{repo}/branches/{branch}/protection/enforce_admins,repos/set-admin-branch-protection,Set admin branch protection,"Protected branches are available in public repositories with GitHub Free and GitHub Free for organizations, and in public and private repositories with GitHub Pro, GitHub Team, GitHub Enterprise Cloud, and GitHub Enterprise Server. For more information, see [GitHub's products](https://docs.github.com/github/getting-started-with-github/githubs-products) in the GitHub Help documentation. Adding admin enforcement requires admin or owner permissions to the repository and branch protection to be enab",w,high,w sets branch protection setting settable back,buildset-2026-09-18
b0017,github,POST,/user/ssh_signing_keys,users/create-ssh-signing-key-for-authenticated-user,Create a SSH signing key for the authenticated user,"Creates an SSH signing key for the authenticated user's GitHub account. You must authenticate with Basic Authentication, or you must authenticate with OAuth with at least `write:ssh_signing_key` scope. For more information, see ""[Understanding scopes for OAuth apps](https://docs.github.com/apps/building-oauth-apps/understanding-scopes-for-oauth-apps/).""",w,high,ii plain create ssh signing key,buildset-2026-09-18
b0018,github,POST,/repos/{owner}/{repo}/git/commits,git/create-commit,Create a commit,Creates a new Git [commit object](https://git-scm.com/book/en/v1/Git-Internals-Git-Objects#Commit-Objects). **Signature verification object** The response will include a `verification` object that describes the result of verifying the commit's signature. The following fields are included in the `verification` object: | Name | Type | Description | | ---- | ---- | ----------- | | `verified` | `boolean` | Indicates whether GitHub considers the signature in this commit to be verified. | | `reason` |,w,high,ii plain create commit object,buildset-2026-09-18
b0019,github,PUT,/repos/{owner}/{repo}/notifications,activity/mark-repo-notifications-as-read,Mark repository notifications as read,"Marks all notifications in a repository as ""read"" for the current user. If the number of notifications is too large to complete in one request, you will receive a `202 Accepted` status and GitHub will run an asynchronous process to mark notifications as ""read."" To check whether any ""unread"" notifications remain, you can use the [List repository notifications for the authenticated user](https://docs.github.com/rest/reference/activity#list-repository-notifications-for-the-authenticated-user) endpo",w,low,PUT default marks notifications read status,buildset-2026-09-18
b0020,github,DELETE,/users/{username}/packages/{package_type}/{package_name},packages/delete-package-for-user,Delete a package for a user,"Deletes an entire package for a user. You cannot delete a public package if any version of the package has more than 5,000 downloads. In this scenario, contact GitHub support for further assistance. To use this endpoint, you must authenticate using an access token with the `read:packages` and `delete:packages` scopes. In addition: - If the `package_type` belongs to a GitHub Packages registry that only supports repository-scoped permissions, your token must also include the `repo` scope. For the ",x,high,DELETE no trash named,buildset-2026-09-18
b0021,github,PUT,/orgs/{org}/memberships/{username},orgs/set-membership-for-user,Set organization membership for a user,"Only authenticated organization owners can add a member to the organization or update the member's role. *   If the authenticated user is _adding_ a member to the organization, the invited user will receive an email inviting them to the organization. The user's [membership status](https://docs.github.com/rest/reference/orgs#get-organization-membership-for-a-user) will be `pending` until they accept the invitation.      *   Authenticated users can _update_ a user's membership by passing the `role",x,high,c sends invite email to user,buildset-2026-09-18
b0022,github,DELETE,/repos/{owner}/{repo}/issues/{issue_number}/labels/{name},issues/remove-label,Remove a label from an issue,"Removes the specified label from the issue, and returns the remaining labels on the issue. This endpoint returns a `404 Not Found` status if the label does not exist.",x,high,DELETE method wins no trash,buildset-2026-09-18
b0023,github,POST,/repos/{owner}/{repo}/pages,repos/create-pages-site,Create a GitHub Pages site,"Configures a GitHub Pages site. For more information, see ""[About GitHub Pages](/github/working-with-github-pages/about-github-pages)."" To use this endpoint, you must be a repository administrator, maintainer, or have the 'manage GitHub Pages settings' permission. A token with the `repo` scope or Pages write permission is required. GitHub Apps must have the `administration:write` and `pages:write` permissions.",w,high,ii plain create pages site,buildset-2026-09-18
b0024,github,PATCH,/repos/{owner}/{repo}/issues/{issue_number},issues/update,Update an issue,Issue owners and users with push access can edit an issue.,w,high,patch default w edits issue,buildset-2026-09-18
b0025,github,PUT,/repos/{owner}/{repo}/pulls/{pull_number}/reviews/{review_id}/dismissals,pulls/dismiss-review,Dismiss a review for a pull request,"**Note:** To dismiss a pull request review on a [protected branch](https://docs.github.com/rest/reference/repos#branches), you must be a repository administrator or be included in the list of people or teams who can dismiss pull request reviews.",w,high,put default dismiss settable back,buildset-2026-09-18
b0026,github,PATCH,/repos/{owner}/{repo}/milestones/{milestone_number},issues/update-milestone,Update a milestone,,w,high,PATCH default edits milestone,buildset-2026-09-18
b0027,github,POST,/repos/{owner}/{repo}/pulls/comments/{comment_id}/reactions,reactions/create-for-pull-request-review-comment,Create reaction for a pull request review comment,Create a reaction to a [pull request review comment](https://docs.github.com/rest/reference/pulls#comments). A response with an HTTP `200` status means that you already added the reaction type to this pull request review comment.,w,low,D98 ruling: comment/reaction is w,buildset-2026-09-18
b0028,github,PATCH,/repos/{owner}/{repo}/pre-receive-hooks/{pre_receive_hook_id},enterprise-admin/update-pre-receive-hook-enforcement-for-repo,Update pre-receive hook enforcement for a repository,"For pre-receive hooks which are allowed to be configured at the repo level, you can set `enforcement`",w,high,PATCH default w edits config,buildset-2026-09-18
b0029,github,DELETE,/repos/{owner}/{repo}/comments/{comment_id}/reactions/{reaction_id},reactions/delete-for-commit-comment,Delete a commit comment reaction,**Note:** You can also specify a repository by `repository_id` using the route `DELETE /repositories/:repository_id/comments/:comment_id/reactions/:reaction_id`. Delete a reaction to a [commit comment](https://docs.github.com/rest/reference/repos#comments).,x,high,DELETE removes reaction method wins x,buildset-2026-09-18
b0030,github,DELETE,/repos/{owner}/{repo}/branches/{branch}/protection/required_signatures,repos/delete-commit-signature-protection,Delete commit signature protection,"Protected branches are available in public repositories with GitHub Free and GitHub Free for organizations, and in public and private repositories with GitHub Pro, GitHub Team, GitHub Enterprise Cloud, and GitHub Enterprise Server. For more information, see [GitHub's products](https://docs.github.com/github/getting-started-with-github/githubs-products) in the GitHub Help documentation. When authenticated with admin or owner permissions to the repository, you can use this endpoint to disable requ",x,high,delete method wins no restore,buildset-2026-09-18
b0031,github,PATCH,/enterprise/announcement,enterprise-admin/set-announcement,Set the global announcement banner,Sets the message and expiration time for the global announcement banner in your enterprise.,w,low,editable banner text settable back,buildset-2026-09-18
b0032,github,POST,/repos/{owner}/{repo}/labels,issues/create-label,Create a label,,w,high,ii plain create label,buildset-2026-09-18
b0033,github,POST,/gists,gists/create,Create a gist,"Allows you to add a new gist with one or more files. **Note:** Don't name your files ""gistfile"" with a numerical suffix. This is the format of the automatic naming scheme that Gist uses internally.",w,high,ii plain create gist,buildset-2026-09-18
b0034,github,PUT,/repos/{owner}/{repo}/subscription,activity/set-repo-subscription,Set a repository subscription,"If you would like to watch a repository, set `subscribed` to `true`. If you would like to ignore notifications made within a repository, set `ignored` to `true`. If you would like to stop watching a repository, [delete the repository's subscription](https://docs.github.com/rest/reference/activity#delete-a-repository-subscription) completely.",w,high,toggle subscribe settable back,buildset-2026-09-18
b0035,github,PUT,/orgs/{org}/actions/variables/{name}/repositories,actions/set-selected-repos-for-org-variable,Set selected repositories for an organization variable,Replaces all repositories for an organization variable that is available to selected repositories. Organization variables that are available to selected repositories have their `visibility` field set to `selected`. You must authenticate using an access token with the `admin:org` scope to use this endpoint. GitHub Apps must have the `organization_actions_variables:write` organization permission to use this endpoint.,w,high,PUT default replaces repositories list,buildset-2026-09-18
b0036,github,DELETE,/user/migrations/{migration_id}/repos/{repo_name}/lock,migrations/unlock-repo-for-authenticated-user,Unlock a user repository,Unlocks a repository. You can lock repositories when you [start a user migration](https://docs.github.com/rest/migrations/users#start-a-user-migration). Once the migration is complete you can unlock each repository to begin using it again or [delete the repository](https://docs.github.com/rest/repos/repos#delete-a-repository) if you no longer need the source data. Returns a status of `404 Not Found` if the repository is not locked.,x,low,DELETE method wins no restore named,buildset-2026-09-18
b0037,github,PUT,/repos/{owner}/{repo}/issues/{issue_number}/lock,issues/lock,Lock an issue,"Users with push access can lock an issue or pull request's conversation. Note that, if you choose not to pass any parameters, you'll need to set `Content-Length` to zero when calling out to this endpoint. For more information, see ""[HTTP verbs](https://docs.github.com/rest/overview/resources-in-the-rest-api#http-verbs).""",w,high,toggle lock has unlock opposite,buildset-2026-09-18
b0038,github,PUT,/enterprises/{enterprise}/actions/runner-groups/{runner_group_id}/runners/{runner_id},enterprise-admin/add-self-hosted-runner-to-group-for-enterprise,Add a self-hosted runner to a group for an enterprise,Adds a self-hosted runner to a runner group configured in an enterprise. You must authenticate using an access token with the `manage_runners:enterprise` scope to use this endpoint.,w,high,PUT adds runner settable back,buildset-2026-09-18
b0039,github,PATCH,/orgs/{org}/hooks/{hook_id},orgs/update-webhook,Update an organization webhook,"Updates a webhook configured in an organization. When you update a webhook, the `secret` will be overwritten. If you previously had a `secret` set, you must provide the same `secret` or set a new `secret` or the secret will be removed. If you are only updating individual webhook `config` properties, use ""[Update a webhook configuration for an organization](/rest/reference/orgs#update-a-webhook-configuration-for-an-organization).""",w,high,PATCH default edit webhook,buildset-2026-09-18
b0040,github,POST,/repos/{owner}/{repo}/git/tags,git/create-tag,Create a tag object,"Note that creating a tag object does not create the reference that makes a tag in Git. If you want to create an annotated tag in Git, you have to do this call to create the tag object, and then [create](https://docs.github.com/rest/reference/git#create-a-reference) the `refs/tags/[tag]` reference. If you want to create a lightweight tag, you only have to [create](https://docs.github.com/rest/reference/git#create-a-reference) the tag reference - this call would be unnecessary. **Signature verific",w,high,ii plain create tag object,buildset-2026-09-18
b0041,github,DELETE,/repos/{owner}/{repo}/branches/{branch}/protection/required_pull_request_reviews,repos/delete-pull-request-review-protection,Delete pull request review protection,"Protected branches are available in public repositories with GitHub Free and GitHub Free for organizations, and in public and private repositories with GitHub Pro, GitHub Team, GitHub Enterprise Cloud, and GitHub Enterprise Server. For more information, see [GitHub's products](https://docs.github.com/github/getting-started-with-github/githubs-products) in the GitHub Help documentation.",x,high,a deletes protection no restore,buildset-2026-09-18
b0042,github,DELETE,/applications/{client_id}/token,apps/delete-token,Delete an app token,"OAuth application owners can revoke a single token for an OAuth application. You must use [Basic Authentication](https://docs.github.com/rest/overview/other-authentication-methods#basic-authentication) when accessing this endpoint, using the OAuth application's `client_id` and `client_secret` as the username and password.",x,high,b revokes token,buildset-2026-09-18
b0043,github,POST,/repos/{owner}/{repo}/actions/workflows/{workflow_id}/dispatches,actions/create-workflow-dispatch,Create a workflow dispatch event,"You can use this endpoint to manually trigger a GitHub Actions workflow run. You can replace `workflow_id` with the workflow file name. For example, you could use `main.yaml`. You must configure your GitHub Actions workflow to run when the [`workflow_dispatch` webhook](/developers/webhooks-and-events/webhook-events-and-payloads#workflow_dispatch) event occurs. The `inputs` are configured in the workflow file. For more information about how to configure the `workflow_dispatch` event in the workfl",x,high,e triggers workflow run,buildset-2026-09-18
b0044,github,DELETE,/repos/{owner}/{repo}/environments/{environment_name},repos/delete-an-environment,Delete an environment,You must authenticate using an access token with the repo scope to use this endpoint.,x,high,a deletes environment no restore,buildset-2026-09-18
b0045,github,DELETE,/admin/pre-receive-hooks/{pre_receive_hook_id},enterprise-admin/delete-pre-receive-hook,Delete a pre-receive hook,,x,high,a deletes pre-receive hook no restore,buildset-2026-09-18
b0046,github,POST,/repos/{owner}/{repo}/actions/variables,actions/create-repo-variable,Create a repository variable,Creates a repository variable that you can reference in a GitHub Actions workflow. You must authenticate using an access token with the `repo` scope to use this endpoint. GitHub Apps must have the `actions_variables:write` repository permission to use this endpoint.,w,high,ii plain create variable,buildset-2026-09-18
b0047,github,PUT,/setup/api/settings,enterprise-admin/set-settings,Set settings,"For a list of the available settings, see the [Get settings endpoint](https://docs.github.com/enterprise-server@2.18/rest/reference/enterprise-admin#get-settings). **Note:** The request body for this operation must be submitted as `application/x-www-form-urlencoded` data. You can submit a parameter value as a string, or you can use a tool such as `curl` to submit a parameter value as the contents of a text file. For more information, see the [`curl` documentation](https://curl.se/docs/manpage.ht",w,high,w sets settings,buildset-2026-09-18
b0048,github,PATCH,/orgs/{org}/teams/{team_slug},teams/update-in-org,Update a team,"To edit a team, the authenticated user must either be an organization owner or a team maintainer. **Note:** You can also specify a team by `org_id` and `team_id` using the route `PATCH /organizations/{org_id}/team/{team_id}`.",w,high,patch default w team edit,buildset-2026-09-18
b0049,github,PUT,/users/{username}/suspended,enterprise-admin/suspend-user,Suspend a user,"If your GitHub instance uses [LDAP Sync with Active Directory LDAP servers](https://help.github.com/enterprise/admin/guides/user-management/using-ldap), Active Directory LDAP-authenticated users cannot be suspended through this API. If you attempt to suspend an Active Directory LDAP-authenticated user through this API, it will return a `403` response. You can suspend any user account except your own. Note that, if you choose not to pass any parameters, you'll need to set `Content-Length` to zero",w,high,toggle suspend has unsuspend,buildset-2026-09-18
b0050,github,DELETE,/repos/{owner}/{repo}/branches/{branch}/protection/restrictions/apps,repos/remove-app-access-restrictions,Remove app access restrictions,"Protected branches are available in public repositories with GitHub Free and GitHub Free for organizations, and in public and private repositories with GitHub Pro, GitHub Team, GitHub Enterprise Cloud, and GitHub Enterprise Server. For more information, see [GitHub's products](https://docs.github.com/github/getting-started-with-github/githubs-products) in the GitHub Help documentation. Removes the ability of an app to push to this branch. Only installed GitHub Apps with `write` access to the `co",x,high,DELETE method wins no trash named,buildset-2026-09-18
b0051,github,DELETE,/teams/{team_id}/discussions/{discussion_number},teams/delete-discussion,Delete a discussion,Delete a discussion from a team's page. OAuth access tokens require the `write:discussion` [scope](https://docs.github.com/enterprise-server@2.18/apps/building-oauth-apps/understanding-scopes-for-oauth-apps/).,x,high,delete method no trash,buildset-2026-09-18
b0052,github,DELETE,/orgs/{org}/public_members/{username},orgs/remove-public-membership-for-authenticated-user,Remove public organization membership for the authenticated user,,x,high,DELETE method wins no restore named,buildset-2026-09-18
b0053,github,DELETE,/repos/{owner}/{repo}/pages,repos/delete-pages-site,Delete a GitHub Pages site,"Deletes a GitHub Pages site. For more information, see ""[About GitHub Pages](/github/working-with-github-pages/about-github-pages). To use this endpoint, you must be a repository administrator, maintainer, or have the 'manage GitHub Pages settings' permission. A token with the `repo` scope or Pages write permission is required. GitHub Apps must have the `administration:write` and `pages:write` permissions.",x,high,a deletes pages site no restore,buildset-2026-09-18
b0054,github,DELETE,/enterprises/{enterprise}/actions/runners/{runner_id}/labels,enterprise-admin/remove-all-custom-labels-from-self-hosted-runner-for-enterprise,Remove all custom labels from a self-hosted runner for an enterprise,Remove all custom labels from a self-hosted runner configured in an enterprise. Returns the remaining read-only labels from the runner. You must authenticate using an access token with the `manage_runners:enterprise` scope to use this endpoint.,x,high,DELETE method wins no restore named,buildset-2026-09-18
b0055,github,POST,/repos/{owner}/{repo}/actions/runs/{run_id}/rerun-failed-jobs,actions/re-run-workflow-failed-jobs,Re-run failed jobs from a workflow run,Re-run all of the failed jobs and their dependent jobs in a workflow run using the `id` of the workflow run. You must authenticate using an access token with the `repo` scope to use this endpoint.,x,high,e re run failed jobs,buildset-2026-09-18
b0056,github,DELETE,/user/codespaces/secrets/{secret_name}/repositories/{repository_id},codespaces/remove-repository-for-secret-for-authenticated-user,Remove a selected repository from a user secret,Removes a repository from the selected repositories for a user's codespace secret. You must authenticate using an access token with the `codespace` or `codespace:secrets` scope to use this endpoint. User must have Codespaces access to use this endpoint. GitHub Apps must have write access to the `codespaces_user_secrets` user permission to use this endpoint.,x,high,delete method wins removes repo,buildset-2026-09-18
b0057,github,PUT,/orgs/{org}/actions/required_workflows/{required_workflow_id}/repositories,actions/set-selected-repos-to-required-workflow,Sets repositories for a required workflow,"Sets the repositories for a required workflow that is required for selected repositories. You must authenticate using an access token with the `admin:org` scope to use this endpoint. For more information, see ""[Required Workflows](https://docs.github.com/actions/using-workflows/required-workflows).""",w,high,put default w sets repositories list,buildset-2026-09-18
b0058,github,POST,/repos/{owner}/{repo}/actions/runs/{run_id}/approve,actions/approve-workflow-run,Approve a workflow run for a fork pull request,"Approves a workflow run for a pull request from a public fork of a first time contributor. For more information, see [""Approving workflow runs from public forks](https://docs.github.com/actions/managing-workflow-runs/approving-workflow-runs-from-public-forks)."" You must authenticate using an access token with the `repo` scope to use this endpoint. GitHub Apps must have the `actions:write` permission to use this endpoint.",x,high,e triggers workflow run execution,buildset-2026-09-18
b0059,github,DELETE,/projects/columns/cards/{card_id},projects/delete-card,Delete a project card,,x,high,a deletes card no restore,buildset-2026-09-18
b0060,github,PUT,/enterprises/{enterprise}/actions/runners/{runner_id}/labels,enterprise-admin/set-custom-labels-for-self-hosted-runner-for-enterprise,Set custom labels for a self-hosted runner for an enterprise,Remove all previous custom labels and set the new custom labels for a specific self-hosted runner configured in an enterprise. You must authenticate using an access token with the `manage_runners:enterprise` scope to use this endpoint.,w,high,PUT default sets labels,buildset-2026-09-18
b0061,github,DELETE,/user/emails,users/delete-email-for-authenticated-user,Delete an email address for the authenticated user,This endpoint is accessible with the `user` scope.,x,high,delete method no trash,buildset-2026-09-18
b0062,github,DELETE,/orgs/{org}/actions/runners/{runner_id}/labels/{name},actions/remove-custom-label-from-self-hosted-runner-for-org,Remove a custom label from a self-hosted runner for an organization,Remove a custom label from a self-hosted runner configured in an organization. Returns the remaining labels from the runner. This endpoint returns a `404 Not Found` status if the custom label is not present on the runner. You must authenticate using an access token with the `admin:org` scope to use this endpoint.,x,high,DELETE removes label method wins x,buildset-2026-09-18
b0063,github,POST,/repos/{owner}/{repo}/pages/deployment,repos/create-pages-deployment,Create a GitHub Pages deployment,Create a GitHub Pages deployment for a repository. Users must have write permissions. GitHub Apps must have the `pages:write` permission to use this endpoint.,x,high,iv creates deployment that publishes,buildset-2026-09-18
b0064,github,PUT,/user/codespaces/secrets/{secret_name}/repositories,codespaces/set-repositories-for-secret-for-authenticated-user,Set selected repositories for a user secret,Select the repositories that will use a user's codespace secret. You must authenticate using an access token with the `codespace` or `codespace:secrets` scope to use this endpoint. User must have Codespaces access to use this endpoint. GitHub Apps must have write access to the `codespaces_user_secrets` user permission and write access to the `codespaces_secrets` repository permission on all referenced repositories to use this endpoint.,w,high,w sets repo list settable back,buildset-2026-09-18
b0065,github,POST,/orgs/{org}/actions/runners/registration-token,actions/create-registration-token-for-org,Create a registration token for an organization,"Returns a token that you can pass to the `config` script. The token expires after one hour. You must authenticate using an access token with the `admin:org` scope to use this endpoint. #### Example using registration token Configure your self-hosted runner, replacing `TOKEN` with the registration token provided by this endpoint. ``` ./config.sh --url https://github.com/octo-org --token TOKEN ```",w,high,ii plain create of token,buildset-2026-09-18
b0066,github,PATCH,/admin/organizations/{org},enterprise-admin/update-org-name,Update an organization name,,w,high,w edits org name,buildset-2026-09-18
b0067,github,PATCH,/repos/{owner}/{repo}/branches/{branch}/protection/required_status_checks,repos/update-status-check-protection,Update status check protection,"Protected branches are available in public repositories with GitHub Free and GitHub Free for organizations, and in public and private repositories with GitHub Pro, GitHub Team, GitHub Enterprise Cloud, and GitHub Enterprise Server. For more information, see [GitHub's products](https://docs.github.com/github/getting-started-with-github/githubs-products) in the GitHub Help documentation. Updating required status checks requires admin or owner permissions to the repository and branch protection to ",w,high,PATCH default edit protection,buildset-2026-09-18
b0068,github,PUT,/repos/{owner}/{repo}/branches/{branch}/protection,repos/update-branch-protection,Update branch protection,"Protected branches are available in public repositories with GitHub Free and GitHub Free for organizations, and in public and private repositories with GitHub Pro, GitHub Team, GitHub Enterprise Cloud, and GitHub Enterprise Server. For more information, see [GitHub's products](https://docs.github.com/github/getting-started-with-github/githubs-products) in the GitHub Help documentation. Protecting a branch requires admin or owner permissions to the repository. **Note**: Passing new arrays of `use",w,high,w edits branch protection settings,buildset-2026-09-18
b0069,github,PUT,/repos/{owner}/{repo}/branches/{branch}/protection/restrictions/teams,repos/set-team-access-restrictions,Set team access restrictions,"Protected branches are available in public repositories with GitHub Free and GitHub Free for organizations, and in public and private repositories with GitHub Pro, GitHub Team, GitHub Enterprise Cloud, and GitHub Enterprise Server. For more information, see [GitHub's products](https://docs.github.com/github/getting-started-with-github/githubs-products) in the GitHub Help documentation. Replaces the list of teams that have push access to this branch. This removes all teams that previously had pus",w,high,put default replaces list settable,buildset-2026-09-18
b0070,github,POST,/users/{username}/packages/{package_type}/{package_name}/restore,packages/restore-package-for-user,Restore a package for a user,"Restores an entire package for a user. You can restore a deleted package under the following conditions:   - The package was deleted within the last 30 days.   - The same package namespace and version is still available and not reused for a new package. If the same package namespace is not available, you will not be able to restore your package. In this scenario, to restore the deleted package, you must delete the new package that uses the deleted package's namespace first. To use this endpoint,",w,high,w restores package is settable write,buildset-2026-09-18
b0071,github,PATCH,/repositories/{repository_id}/environments/{environment_name}/variables/{name},actions/update-environment-variable,Update an environment variable,Updates an environment variable that you can reference in a GitHub Actions workflow. You must authenticate using an access token with the `repo` scope to use this endpoint. GitHub Apps must have the `environment:write` repository permission to use this endpoint.,w,high,PATCH default w,buildset-2026-09-18
b0072,github,DELETE,/user/packages/{package_type}/{package_name}/versions/{package_version_id},packages/delete-package-version-for-authenticated-user,Delete a package version for the authenticated user,"Deletes a specific package version for a package owned by the authenticated user.  If the package is public and the package version has more than 5,000 downloads, you cannot delete the package version. In this scenario, contact GitHub support for further assistance. To use this endpoint, you must have admin permissions in the organization and authenticate using an access token with the `read:packages` and `delete:packages` scopes. If the `package_type` belongs to a GitHub Packages registry that ",x,high,a deletes package version no restore,buildset-2026-09-18
b0073,github,DELETE,/reactions/{reaction_id},reactions/delete,Delete a reaction,"OAuth access tokens require the `write:discussion` [scope](https://docs.github.com/enterprise-server@2.18/apps/building-oauth-apps/understanding-scopes-for-oauth-apps/), when deleting a [team discussion](https://docs.github.com/enterprise-server@2.18/rest/reference/teams#discussions) or [team discussion comment](https://docs.github.com/enterprise-server@2.18/rest/reference/teams#discussion-comments).",x,high,a deletes reaction no restore,buildset-2026-09-18
b0074,github,POST,/teams/{team_id}/discussions/{discussion_number}/comments/{comment_number}/reactions,reactions/create-for-team-discussion-comment-legacy,Create reaction for a team discussion comment (Legacy),"**Deprecation Notice:** This endpoint route is deprecated and will be removed from the Teams API. We recommend migrating your existing code to use the new ""[Create reaction for a team discussion comment](https://docs.github.com/rest/reference/reactions#create-reaction-for-a-team-discussion-comment)"" endpoint. Create a reaction to a [team discussion comment](https://docs.github.com/rest/reference/teams#discussion-comments). OAuth access tokens require the `write:discussion` [scope](https://docs.g",w,high,ii plain create of reaction,buildset-2026-09-18
b0075,github,DELETE,/orgs/{org}/packages/{package_type}/{package_name}/versions/{package_version_id},packages/delete-package-version-for-org,Delete package version for an organization,"Deletes a specific package version in an organization. If the package is public and the package version has more than 5,000 downloads, you cannot delete the package version. In this scenario, contact GitHub support for further assistance. To use this endpoint, you must have admin permissions in the organization and authenticate using an access token with the `read:packages` and `delete:packages` scopes. In addition: - If the `package_type` belongs to a GitHub Packages registry that only supports",x,high,a deletes no restore named,buildset-2026-09-18
b0076,github,POST,/teams/{team_id}/discussions/{discussion_number}/comments/{comment_number}/reactions,reactions/create-for-team-discussion-comment,Create reaction for a team discussion comment,Create a reaction to a [team discussion comment](https://docs.github.com/enterprise-server@2.18/rest/reference/teams#discussion-comments). OAuth access tokens require the `write:discussion` [scope](https://docs.github.com/enterprise-server@2.18/apps/building-oauth-apps/understanding-scopes-for-oauth-apps/). A response with an HTTP `200` status means that you already added the reaction type to this team discussion comment.,w,high,ii plain create reaction,buildset-2026-09-18
b0077,github,DELETE,/enterprises/{enterprise}/actions/permissions/organizations/{org_id},enterprise-admin/disable-selected-organization-github-actions-enterprise,Disable a selected organization for GitHub Actions in an enterprise,"Removes an organization from the list of selected organizations that are enabled for GitHub Actions in an enterprise. To use this endpoint, the enterprise permission policy for `enabled_organizations` must be configured to `selected`. For more information, see ""[Set GitHub Actions permissions for an enterprise](#set-github-actions-permissions-for-an-enterprise)."" You must authenticate using an access token with the `admin:enterprise` scope to use this endpoint.",x,high,DELETE method wins removes org,buildset-2026-09-18
b0078,github,POST,/repos/{owner}/{repo}/merge-upstream,repos/merge-upstream,Sync a fork branch with the upstream repository,Sync a branch of a forked repository to keep it up-to-date with the upstream repository.,x,low,e syncs fork with upstream,buildset-2026-09-18
b0079,github,POST,/repos/{owner}/{repo}/branches/{branch}/rename,repos/rename-branch,Rename a branch,"Renames a branch in a repository. **Note:** Although the API responds immediately, the branch rename process might take some extra time to complete in the background. You won't be able to push to the old branch name while the rename process is in progress. For more information, see ""[Renaming a branch](https://docs.github.com/github/administering-a-repository/renaming-a-branch)"". The permissions required to use this endpoint depends on whether you are renaming the default branch. To rename a non",w,high,iii renames existing item,buildset-2026-09-18
b0080,github,DELETE,/repos/{owner}/{repo}/hooks/{hook_id},repos/delete-webhook,Delete a repository webhook,,x,high,a deletes webhook no restore,buildset-2026-09-18
b0081,github,POST,/admin/users,enterprise-admin/create-user,Create a user,"If an external authentication mechanism is used, the login name should match the login name in the external system. If you are using LDAP authentication, you should also [update the LDAP mapping](https://docs.github.com/enterprise-server@2.18/rest/reference/enterprise-admin#update-ldap-mapping-for-a-user) for the user. The login name will be normalized to only contain alphanumeric characters or single hyphens. For example, if you send `""octo_cat""` as the login, a user named `""octo-cat""` will be ",w,high,ii plain create user,buildset-2026-09-18
b0082,github,POST,/repos/{owner}/{repo}/pulls/{pull_number}/comments,pulls/create-review-comment-alternative,Create a review comment for a pull request (alternative),"Creates a review comment in the pull request diff. To add a regular comment to a pull request timeline, see ""[Create an issue comment](https://docs.github.com/enterprise-server@2.18/rest/reference/issues#create-an-issue-comment)."" **Note:** The position value equals the number of lines down from the first ""@@"" hunk header in the file you want to add a comment. The line just below the ""@@"" line is position 1, the next line is position 2, and so on. The position in the diff continues to increase t",w,high,ii plain create of review comment,buildset-2026-09-18
b0083,github,PUT,/user/following/{username},users/follow,Follow a user,"Note that you'll need to set `Content-Length` to zero when calling out to this endpoint. For more information, see ""[HTTP verbs](https://docs.github.com/rest/overview/resources-in-the-rest-api#http-verbs)."" Following a user requires the user to be logged in and authenticated with basic auth or OAuth with the `user:follow` scope.",w,high,toggle follow unfollow settable back,buildset-2026-09-18
b0084,github,DELETE,/repos/{owner}/{repo}/deployments/{deployment_id},repos/delete-deployment,Delete a deployment,"If the repository only has one deployment, you can delete the deployment regardless of its status. If the repository has more than one deployment, you can only delete inactive deployments. This ensures that repositories with multiple deployments will always have an active deployment. Anyone with `repo` or `repo_deployment` scopes can delete a deployment. To set a deployment as inactive, you must: *   Create a new deployment that is active so that the system has a record of the current state, the",x,high,a deletes deployment no restore,buildset-2026-09-18
b0085,github,PATCH,/admin/hooks/{hook_id},enterprise-admin/update-global-webhook,Update a global webhook,Parameters that are not provided will be overwritten with the default value or removed if no default exists.,w,high,w edits global webhook,buildset-2026-09-18
b0086,github,POST,/orgs/{org}/packages/{package_type}/{package_name}/restore,packages/restore-package-for-org,Restore a package for an organization,"Restores an entire package in an organization. You can restore a deleted package under the following conditions:   - The package was deleted within the last 30 days.   - The same package namespace and version is still available and not reused for a new package. If the same package namespace is not available, you will not be able to restore your package. In this scenario, to restore the deleted package, you must delete the new package that uses the deleted package's namespace first. To use this e",w,high,restore explicitly named,buildset-2026-09-18
b0087,github,DELETE,/orgs/{org}/teams/{team_slug}/external-groups,teams/unlink-external-idp-group-from-team-for-org,Remove the connection between an external group and a team,"Deletes a connection between a team and an external group. You can manage team membership with your IdP using Enterprise Managed Users for GitHub Enterprise Cloud. For more information, see [GitHub's products](https://docs.github.com/enterprise-cloud@latest//github/getting-started-with-github/githubs-products) in the GitHub Help documentation.",x,high,DELETE method wins removes connection,buildset-2026-09-18
b0088,github,POST,/repos/{owner}/{repo}/pulls/{pull_number}/comments,pulls/create-review-comment,Create a review comment for a pull request,"Creates a review comment in the pull request diff. To add a regular comment to a pull request timeline, see ""[Create an issue comment](https://docs.github.com/rest/reference/issues#create-an-issue-comment)."" We recommend creating a review comment using `line`, `side`, and optionally `start_line` and `start_side` if your comment applies to more than one line in the pull request diff. The `position` parameter is deprecated. If you use `position`, the `line`, `side`, `start_line`, and `start_side` ",w,low,D98 ruling: comment/reaction is w,buildset-2026-09-18
b0089,github,DELETE,/admin/keys/{key_ids},enterprise-admin/delete-public-key,Delete a public key,,x,high,b revokes public key credential,buildset-2026-09-18
b0090,github,PATCH,/repos/{owner}/{repo}/releases/assets/{asset_id},repos/update-release-asset,Update a release asset,Users with push access to the repository can edit a release asset.,w,high,patch default update asset,buildset-2026-09-18
b0091,github,PUT,/orgs/{org}/actions/variables/{name}/repositories/{repository_id},actions/add-selected-repo-to-org-variable,Add selected repository to an organization variable,Adds a repository to an organization variable that is available to selected repositories. Organization variables that are available to selected repositories have their `visibility` field set to `selected`. You must authenticate using an access token with the `admin:org` scope to use this endpoint. GitHub Apps must have the `organization_actions_variables:write` organization permission to use this endpoint.,w,high,w adds repo to variable list settable back,buildset-2026-09-18
b0092,github,POST,/user/keys,users/create-public-ssh-key-for-authenticated-user,Create a public SSH key for the authenticated user,"Adds a public SSH key to the authenticated user's GitHub account. Requires that you are authenticated via Basic Auth, or OAuth with at least `write:public_key` [scope](https://docs.github.com/apps/building-oauth-apps/understanding-scopes-for-oauth-apps/).",w,high,ii plain create ssh key,buildset-2026-09-18
b0093,github,POST,/orgs/{org}/teams,teams/create,Create a team,"To create a team, the authenticated user must be a member or owner of `{org}`. By default, organization members can create teams. Organization owners can limit team creation to organization owners. For more information, see ""[Setting team creation permissions](https://docs.github.com/articles/setting-team-creation-permissions-in-your-organization)."" When you create a new team, you automatically become a team maintainer without explicitly adding yourself to the optional array of `maintainers`. Fo",w,high,ii plain create team,buildset-2026-09-18
b0094,github,PUT,/repos/{owner}/{repo}/dependabot/secrets/{secret_name},dependabot/create-or-update-repo-secret,Create or update a repository secret,Creates or updates a repository secret with an encrypted value. Encrypt your secret using [LibSodium](https://libsodium.gitbook.io/doc/bindings_for_other_languages). You must authenticate using an access token with the `repo` scope to use this endpoint. GitHub Apps must have the `dependabot_secrets` repository permission to use this endpoint. #### Example encrypting a secret using Node.js Encrypt your secret using the [libsodium-wrappers](https://www.npmjs.com/package/libsodium-wrappers) library,w,high,put default create or update secret,buildset-2026-09-18
b0095,github,PATCH,/orgs/{org}/custom_roles/{role_id},orgs/update-custom-role,Update a custom role,"**Note**: This operation is in beta and subject to change. Updates a custom repository role that can be used by all repositories owned by the organization. To use this endpoint the authenticated user must be an administrator for the organization and must use an access token with `admin:org` scope. GitHub Apps must have the `organization_custom_roles:write` organization permission to use this endpoint. For more information about custom repository roles, see ""[About custom repository roles](https:",w,high,w edits custom role,buildset-2026-09-18
b0096,github,DELETE,/enterprises/{enterprise}/actions/runner-groups/{runner_group_id}/organizations/{org_id},enterprise-admin/remove-org-access-to-self-hosted-runner-group-in-enterprise,Remove organization access to a self-hosted runner group in an enterprise,"Removes an organization from the list of selected organizations that can access a self-hosted runner group. The runner group must have `visibility` set to `selected`. For more information, see ""[Create a self-hosted runner group for an enterprise](#create-a-self-hosted-runner-group-for-an-enterprise)."" You must authenticate using an access token with the `manage_runners:enterprise` scope to use this endpoint.",x,high,DELETE removes org access method wins,buildset-2026-09-18
b0097,github,DELETE,/applications/{client_id}/grant,apps/delete-authorization,Delete an app authorization,"OAuth application owners can revoke a grant for their OAuth application and a specific user. You must use [Basic Authentication](https://docs.github.com/rest/overview/other-authentication-methods#basic-authentication) when accessing this endpoint, using the OAuth application's `client_id` and `client_secret` as the username and password. You must also provide a valid OAuth `access_token` as an input parameter and the grant for the token's owner will be deleted. Deleting an OAuth application's gr",x,high,b revokes grant deleted,buildset-2026-09-18
b0098,github,DELETE,/orgs/{org}/teams/{team_slug},teams/delete-in-org,Delete a team,"To delete a team, the authenticated user must be an organization owner or team maintainer. If you are an organization owner, deleting a parent team will delete all of its child teams as well. **Note:** You can also specify a team by `org_id` and `team_id` using the route `DELETE /organizations/{org_id}/team/{team_id}`.",x,high,a cascade delete confirmed,buildset-2026-09-18
b0099,github,POST,/repos/{owner}/{repo}/issues/comments/{comment_id}/reactions,reactions/create-for-issue-comment,Create reaction for an issue comment,Create a reaction to an [issue comment](https://docs.github.com/rest/reference/issues#comments). A response with an HTTP `200` status means that you already added the reaction type to this issue comment.,w,high,ii plain create of reaction,buildset-2026-09-18
b0100,github,POST,/repositories/{repository_id}/environments/{environment_name}/variables,actions/create-environment-variable,Create an environment variable,Create an environment variable that you can reference in a GitHub Actions workflow. You must authenticate using an access token with the `repo` scope to use this endpoint. GitHub Apps must have the `environment:write` repository permission to use this endpoint.,w,high,ii plain create variable,buildset-2026-09-18
b0101,github,DELETE,/admin/users/{username},enterprise-admin/delete-user,Delete a user,"Deleting a user will delete all their repositories, gists, applications, and personal settings. [Suspending a user](https://docs.github.com/enterprise-server@2.18/rest/reference/enterprise-admin#suspend-a-user) is often a better option. You can delete any user account except your own.",x,high,a cascade delete confirmed,buildset-2026-09-18
b0102,github,DELETE,/repos/{owner}/{repo}/actions/runs/{run_id}/logs,actions/delete-workflow-run-logs,Delete workflow run logs,Deletes all logs for a workflow run. You must authenticate using an access token with the `repo` scope to use this endpoint. GitHub Apps must have the `actions:write` permission to use this endpoint.,x,high,a deletes workflow logs no restore,buildset-2026-09-18
b0103,github,DELETE,/orgs/{org}/actions/runner-groups/{runner_group_id}/runners/{runner_id},actions/remove-self-hosted-runner-from-group-for-org,Remove a self-hosted runner from a group for an organization,Removes a self-hosted runner from a group configured in an organization. The runner is then returned to the default group. You must authenticate using an access token with the `admin:org` scope to use this endpoint.,x,high,DELETE method wins removes runner,buildset-2026-09-18
b0104,github,DELETE,/repos/{owner}/{repo}/git/refs/{ref},git/delete-ref,Delete a reference,,x,high,a deletes git ref no restore,buildset-2026-09-18
b0105,github,POST,/projects/columns/{column_id}/cards,projects/create-card,Create a project card,,w,high,ii plain create of card,buildset-2026-09-18
b0106,github,DELETE,/repos/{owner}/{repo}/issues/{issue_number}/assignees,issues/remove-assignees,Remove assignees from an issue,Removes one or more assignees from an issue.,x,high,DELETE method wins removes assignees,buildset-2026-09-18
b0107,github,PUT,/orgs/{org}/dependabot/secrets/{secret_name}/repositories/{repository_id},dependabot/add-selected-repo-to-org-secret,Add selected repository to an organization secret,Adds a repository to an organization secret when the `visibility` for repository access is set to `selected`. The visibility is set when you [Create or update an organization secret](https://docs.github.com/rest/reference/dependabot#create-or-update-an-organization-secret). You must authenticate using an access token with the `admin:org` scope to use this endpoint. GitHub Apps must have the `dependabot_secrets` organization permission to use this endpoint.,w,high,w adds repo to secret settable back,buildset-2026-09-18
b0108,github,POST,/orgs/{org}/hooks/{hook_id}/deliveries/{delivery_id}/attempts,orgs/redeliver-webhook-delivery,Redeliver a delivery for an organization webhook,Redeliver a delivery for a webhook configured in an organization.,x,high,c redelivers sends webhook payload,buildset-2026-09-18
b0109,github,POST,/repos/{owner}/{repo}/hooks/{hook_id}/tests,repos/test-push-webhook,Test the push repository webhook,"This will trigger the hook with the latest push to the current repository if the hook is subscribed to `push` events. If the hook is not subscribed to `push` events, the server will respond with 204 but no test POST will be generated. **Note**: Previously `/repos/:owner/:repo/hooks/:hook_id/test`",x,low,e triggers webhook test dispatch,buildset-2026-09-18
b0110,github,DELETE,/applications/{client_id}/grants/{access_token},apps/revoke-grant-for-application,Revoke a grant for an application,"**Deprecation Notice:** GitHub Enterprise Server will discontinue OAuth endpoints that contain `access_token` in the path parameter. We have introduced new endpoints that allow you to securely manage tokens for OAuth Apps by moving `access_token` to the request body. For more information, see the [blog post](https://developer.github.com/changes/2020-02-14-deprecating-oauth-app-endpoint/). OAuth application owners can revoke a grant for their OAuth application and a specific user. You must use [B",x,high,b revokes grant,buildset-2026-09-18
b0111,github,PUT,/orgs/{org}/public_members/{username},orgs/set-public-membership-for-authenticated-user,Set public organization membership for the authenticated user,"The user can publicize their own membership. (A user cannot publicize the membership for another user.) Note that you'll need to set `Content-Length` to zero when calling out to this endpoint. For more information, see ""[HTTP verbs](https://docs.github.com/rest/overview/resources-in-the-rest-api#http-verbs).""",w,high,put default membership settable back,buildset-2026-09-18
b0112,github,PUT,/repos/{owner}/{repo}/actions/permissions/access,actions/set-workflow-access-to-repository,Set the level of access for workflows outside of the repository,"Sets the level of access that workflows outside of the repository have to actions and reusable workflows in the repository. This endpoint only applies to private repositories. For more information, see ""[Allowing access to components in a private repository](https://docs.github.com/repositories/managing-your-repositorys-settings-and-features/enabling-features-for-your-repository/managing-github-actions-settings-for-a-repository#allowing-access-to-components-in-a-private-repository)"". You must au",w,high,PUT default sets access level,buildset-2026-09-18
b0113,github,DELETE,/repos/{owner}/{repo}/branches/{branch}/protection/restrictions/users,repos/remove-user-access-restrictions,Remove user access restrictions,"Protected branches are available in public repositories with GitHub Free and GitHub Free for organizations, and in public and private repositories with GitHub Pro, GitHub Team, GitHub Enterprise Cloud, and GitHub Enterprise Server. For more information, see [GitHub's products](https://docs.github.com/github/getting-started-with-github/githubs-products) in the GitHub Help documentation. Removes the ability of a user to push to this branch. | Type    | Description                                  ",x,high,DELETE method wins no trash,buildset-2026-09-18
b0114,github,PUT,/user/blocks/{username},users/block,Block a user,,w,high,toggle block has unblock,buildset-2026-09-18
b0115,github,PUT,/orgs/{org}/actions/permissions,actions/set-github-actions-permissions-organization,Set GitHub Actions permissions for an organization,Sets the GitHub Actions permissions policy for repositories and allowed actions and reusable workflows in an organization. You must authenticate using an access token with the `admin:org` scope to use this endpoint. GitHub Apps must have the `administration` organization permission to use this API.,w,high,w sets actions permissions,buildset-2026-09-18
b0116,github,POST,/user/emails,users/add-email-for-authenticated-user,Add an email address for the authenticated user,This endpoint is accessible with the `user` scope.,w,high,ii plain create email,buildset-2026-09-18
b0117,github,PUT,/repos/{owner}/{repo}/branches/{branch}/protection/required_status_checks/contexts,repos/set-status-check-contexts,Set status check contexts,"Protected branches are available in public repositories with GitHub Free and GitHub Free for organizations, and in public and private repositories with GitHub Pro, GitHub Team, GitHub Enterprise Cloud, and GitHub Enterprise Server. For more information, see [GitHub's products](https://docs.github.com/github/getting-started-with-github/githubs-products) in the GitHub Help documentation.",w,high,w sets contexts settable back,buildset-2026-09-18
b0118,github,PUT,/scim/v2/Groups/{scim_group_id},enterprise-admin/set-information-for-provisioned-enterprise-group,Set SCIM information for a provisioned enterprise group,"**Note:** The SCIM API endpoints for enterprise accounts are currently in *private* beta and are subject to change. Replaces an existing provisioned group’s information. You must provide all the information required for the group as if you were provisioning it for the first time. Any existing group information that you don't provide will be removed, including group membership. If you want to only update a specific attribute, use the [Update an attribute for a SCIM enterprise group](#update-an-at",w,high,PUT default w replaces group info,buildset-2026-09-18
b0119,github,DELETE,/orgs/{org}/actions/runner-groups/{runner_group_id}/repositories/{repository_id},actions/remove-repo-access-to-self-hosted-runner-group-in-org,Remove repository access to a self-hosted runner group in an organization,"Removes a repository from the list of selected repositories that can access a self-hosted runner group. The runner group must have `visibility` set to `selected`. For more information, see ""[Create a self-hosted runner group for an organization](#create-a-self-hosted-runner-group-for-an-organization)."" You must authenticate using an access token with the `admin:org` scope to use this endpoint.",x,high,delete method wins removes repo access,buildset-2026-09-18
b0120,github,POST,/setup/api/upgrade,enterprise-admin/upgrade-license,Upgrade a license,"This API upgrades your license and also triggers the configuration process. **Note:** The request body for this operation must be submitted as `application/x-www-form-urlencoded` data. You can submit a parameter value as a string, or you can use a tool such as `curl` to submit a parameter value as the contents of a text file. For more information, see the [`curl` documentation](https://curl.se/docs/manpage.html#--data-urlencode).",x,high,e triggers configuration process,buildset-2026-09-18
b0121,github,POST,/orgs/{org}/packages/{package_type}/{package_name}/versions/{package_version_id}/restore,packages/restore-package-version-for-org,Restore package version for an organization,"Restores a specific package version in an organization. You can restore a deleted package under the following conditions:   - The package was deleted within the last 30 days.   - The same package namespace and version is still available and not reused for a new package. If the same package namespace is not available, you will not be able to restore your package. In this scenario, to restore the deleted package, you must delete the new package that uses the deleted package's namespace first. To u",w,high,explicit restore action reversible,buildset-2026-09-18
b0122,github,DELETE,/setup/api/settings/authorized-keys,enterprise-admin/remove-authorized-ssh-key,Remove an authorized SSH key,"**Note:** The request body for this operation must be submitted as `application/x-www-form-urlencoded` data. You can submit a parameter value as a string, or you can use a tool such as `curl` to submit a parameter value as the contents of a text file. For more information, see the [`curl` documentation](https://curl.se/docs/manpage.html#--data-urlencode).",x,high,DELETE method wins no restore named,buildset-2026-09-18
b0123,github,POST,/repos/{owner}/{repo}/releases/{release_id}/reactions,reactions/create-for-release,Create reaction for a release,Create a reaction to a [release](https://docs.github.com/rest/reference/repos#releases). A response with a `Status: 200 OK` means that you already added the reaction type to this release.,w,high,ii plain create reaction,buildset-2026-09-18
b0124,github,POST,/user/codespaces/{codespace_name}/exports,codespaces/export-for-authenticated-user,Export a codespace for the authenticated user,"Triggers an export of the specified codespace and returns a URL and ID where the status of the export can be monitored. If changes cannot be pushed to the codespace's repository, they will be pushed to a new or previously-existing fork instead. You must authenticate using a personal access token with the `codespace` scope to use this endpoint. GitHub Apps must have write access to the `codespaces_lifecycle_admin` repository permission to use this endpoint.",x,high,e triggers export job,buildset-2026-09-18
b0125,github,PATCH,/teams/{team_id}/discussions/{discussion_number}/comments/{comment_number},teams/update-discussion-comment,Update a discussion comment,Edits the body text of a discussion comment. OAuth access tokens require the `write:discussion` [scope](https://docs.github.com/enterprise-server@2.18/apps/building-oauth-apps/understanding-scopes-for-oauth-apps/).,w,high,PATCH default w edits comment,buildset-2026-09-18
b0126,github,PATCH,/repos/{owner}/{repo}/actions/cache/usage-policy,actions/set-actions-cache-usage-policy,Set GitHub Actions cache usage policy for a repository,Sets GitHub Actions cache usage policy for a repository. You must authenticate using an access token with the `repo` scope to use this endpoint. GitHub Apps must have the `actions:write` permission to use this endpoint.,w,high,patch default w,buildset-2026-09-18
b0127,github,POST,/repos/{owner}/{repo}/check-suites/{check_suite_id}/rerequest,checks/rerequest-suite,Rerequest a check suite,"Triggers GitHub to rerequest an existing check suite, without pushing new code to a repository. This endpoint will trigger the [`check_suite` webhook](https://docs.github.com/webhooks/event-payloads/#check_suite) event with the action `rerequested`. When a check suite is `rerequested`, its `status` is reset to `queued` and the `conclusion` is cleared. To rerequest a check suite, your GitHub App must have the `checks:read` permission on a private repository or pull access to a public repository.",x,high,e triggers rerun of check suite,buildset-2026-09-18
b0128,github,PUT,/orgs/{org}/actions/required_workflows/{required_workflow_id}/repositories/{repository_id},actions/add-selected-repo-to-required-workflow,Add a repository to a required workflow,"Adds a repository to a required workflow. To use this endpoint, the required workflow must be configured to run on selected repositories. You must authenticate using an access token with the `admin:org` scope to use this endpoint. For more information, see ""[Required Workflows](https://docs.github.com/actions/using-workflows/required-workflows).""",w,high,put default add to list,buildset-2026-09-18
b0129,github,POST,/admin/pre-receive-environments/{pre_receive_environment_id}/downloads,enterprise-admin/start-pre-receive-environment-download,Start a pre-receive environment download,"Triggers a new download of the environment tarball from the environment's `image_url`. When the download is finished, the newly downloaded tarball will overwrite the existing environment. If a download cannot be triggered, you will receive a `422 Unprocessable Entity` response. The possible error messages are: * _Cannot modify or delete the default environment_ * _Can not start a new download when a download is in progress_",x,high,e triggers download job overwrites,buildset-2026-09-18
b0130,github,PATCH,/orgs/{org}/teams/{team_slug}/team-sync/group-mappings,teams/create-or-update-idp-group-connections-in-org,Create or update IdP group connections,"Creates, updates, or removes a connection between a team and an IdP group. When adding groups to a team, you must include all new and existing groups to avoid replacing existing groups with the new ones. Specifying an empty `groups` array will remove all connections for a team. Team synchronization is available for organizations using GitHub Enterprise Cloud. For more information, see [GitHub's products](https://docs.github.com/enterprise-cloud@latest//github/getting-started-with-github/githubs-",w,high,patch default creates updates removes connections,buildset-2026-09-18
b0131,github,PUT,/repos/{owner}/{repo}/actions/permissions/workflow,actions/set-github-actions-default-workflow-permissions-repository,Set default workflow permissions for a repository,"Sets the default workflow permissions granted to the `GITHUB_TOKEN` when running workflows in a repository, and sets if GitHub Actions can submit approving pull request reviews. For more information, see ""[Setting the permissions of the GITHUB_TOKEN for your repository](https://docs.github.com/repositories/managing-your-repositorys-settings-and-features/enabling-features-for-your-repository/managing-github-actions-settings-for-a-repository#setting-the-permissions-of-the-github_token-for-your-rep",w,high,PUT default w sets permission,buildset-2026-09-18
b0132,github,POST,/repos/{owner}/{repo}/releases/{release_id}/assets,repos/upload-release-asset,Upload a release asset,This endpoint makes use of [a Hypermedia relation](https://docs.github.com/rest/overview/resources-in-the-rest-api#hypermedia) to determine which URL to access. The endpoint you call to upload release assets is specific to your release. Use the `upload_url` returned in the response of the [Create a release endpoint](https://docs.github.com/rest/releases/releases#create-a-release) to upload a release asset. You need to use an HTTP client which supports [SNI](http://en.wikipedia.org/wiki/Server_Na,w,high,ii plain create upload asset,buildset-2026-09-18
b0133,github,POST,/repos/{owner}/{repo}/actions/runs/{run_id}/pending_deployments,actions/review-pending-deployments-for-run,Review pending deployments for a workflow run,Approve or reject pending deployments that are waiting on approval by a required reviewer. Required reviewers with read access to the repository contents and deployments can use this endpoint. Required reviewers must authenticate using an access token with the `repo` scope to use this endpoint.,x,low,e approves triggers deployment run,buildset-2026-09-18
b0134,github,POST,/repos/{owner}/{repo}/transfer,repos/transfer,Transfer a repository,"A transfer request will need to be accepted by the new owner when transferring a personal repository to another user. The response will contain the original `owner`, and the transfer will continue asynchronously. For more details on the requirements to transfer personal and organization-owned repositories, see [about repository transfers](https://docs.github.com/articles/about-repository-transfers/).",x,low,c sends transfer request notification,buildset-2026-09-18
b0135,github,PUT,/gists/{gist_id}/star,gists/star,Star a gist,"Note that you'll need to set `Content-Length` to zero when calling out to this endpoint. For more information, see ""[HTTP verbs](https://docs.github.com/rest/overview/resources-in-the-rest-api#http-verbs).""",w,high,toggle star has unstar,buildset-2026-09-18
b0136,github,DELETE,/repos/{owner}/{repo}/issues/comments/{comment_id}/reactions/{reaction_id},reactions/delete-for-issue-comment,Delete an issue comment reaction,**Note:** You can also specify a repository by `repository_id` using the route `DELETE delete /repositories/:repository_id/issues/comments/:comment_id/reactions/:reaction_id`. Delete a reaction to an [issue comment](https://docs.github.com/rest/reference/issues#comments).,x,high,delete method wins removes reaction,buildset-2026-09-18
b0137,github,DELETE,/enterprise/announcement,enterprise-admin/remove-announcement,Remove the global announcement banner,Removes the global announcement banner in your enterprise.,x,high,a deletes announcement no restore,buildset-2026-09-18
b0138,github,DELETE,/repos/{owner}/{repo}/branches/{branch}/protection/restrictions,repos/delete-access-restrictions,Delete access restrictions,"Protected branches are available in public repositories with GitHub Free and GitHub Free for organizations, and in public and private repositories with GitHub Pro, GitHub Team, GitHub Enterprise Cloud, and GitHub Enterprise Server. For more information, see [GitHub's products](https://docs.github.com/github/getting-started-with-github/githubs-products) in the GitHub Help documentation. Disables the ability to restrict who can push to this branch.",x,high,DELETE removes restrictions config method wins x,buildset-2026-09-18
b0139,github,POST,/applications/{client_id}/token/scoped,apps/scope-token,Create a scoped access token,"Use a non-scoped user-to-server access token to create a repository scoped and/or permission scoped user-to-server access token. You can specify which repositories the token can access and which permissions are granted to the token. You must use [Basic Authentication](https://docs.github.com/rest/overview/other-authentication-methods#basic-authentication) when accessing this endpoint, using the `client_id` and `client_secret` of the GitHub App as the username and password. Invalid tokens will re",w,high,ii plain create of token,buildset-2026-09-18
b0140,github,PATCH,/orgs/{org}/teams/{team_slug}/external-groups,teams/link-external-idp-group-to-team-for-org,Update the connection between an external group and a team,"Creates a connection between a team and an external group.  Only one external group can be linked to a team. You can manage team membership with your identity provider using Enterprise Managed Users for GitHub Enterprise Cloud. For more information, see ""[GitHub's products](https://docs.github.com/enterprise-cloud@latest//github/getting-started-with-github/githubs-products)"" in the GitHub Help documentation.",w,high,PATCH default w creates connection,buildset-2026-09-18
b0141,github,PUT,/scim/v2/organizations/{org}/Users/{scim_user_id},scim/set-information-for-provisioned-user,Update a provisioned organization membership,"Replaces an existing provisioned user's information. You must provide all the information required for the user as if you were provisioning them for the first time. Any existing user information that you don't provide will be removed. If you want to only update a specific attribute, use the [Update an attribute for a SCIM user](https://docs.github.com/enterprise-cloud@latest//rest/reference/scim#update-an-attribute-for-a-scim-user) endpoint instead. You must at least provide the required values ",w,high,PUT default w replaces user info,buildset-2026-09-18
b0142,github,PUT,/repos/{owner}/{repo}/collaborators/{username},repos/add-collaborator,Add a repository collaborator,"This endpoint triggers [notifications](https://docs.github.com/github/managing-subscriptions-and-notifications-on-github/about-notifications). Creating content too quickly using this endpoint may result in secondary rate limiting. See ""[Secondary rate limits](https://docs.github.com/rest/overview/resources-in-the-rest-api#secondary-rate-limits)"" and ""[Dealing with secondary rate limits](https://docs.github.com/rest/guides/best-practices-for-integrators#dealing-with-secondary-rate-limits)"" for de",x,high,c sends notification to collaborator,buildset-2026-09-18
b0143,github,DELETE,/repos/{owner}/{repo}/pulls/{pull_number}/requested_reviewers,pulls/remove-requested-reviewers,Remove requested reviewers from a pull request,,x,high,DELETE method wins no restore named,buildset-2026-09-18
b0144,github,PUT,/orgs/{org}/teams/{team_slug}/repos/{owner}/{repo},teams/add-or-update-repo-permissions-in-org,Add or update team repository permissions,"To add a repository to a team or update the team's permission on a repository, the authenticated user must have admin access to the repository, and must be able to see the team. The repository must be owned by the organization, or a direct fork of a repository owned by the organization. You will get a `422 Unprocessable Entity` status if you attempt to add a repository to a team that is not owned by the organization. Note that, if you choose not to pass any parameters, you'll need to set `Conten",w,high,w edits team repo permission settable back,buildset-2026-09-18
b0145,github,POST,/user/codespaces/{codespace_name}/stop,codespaces/stop-for-authenticated-user,Stop a codespace for the authenticated user,Stops a user's codespace. You must authenticate using an access token with the `codespace` scope to use this endpoint. GitHub Apps must have write access to the `codespaces_lifecycle_admin` repository permission to use this endpoint.,w,high,w stops codespace can restart,buildset-2026-09-18
b0146,github,PUT,/user/codespaces/secrets/{secret_name}/repositories/{repository_id},codespaces/add-repository-for-secret-for-authenticated-user,Add a selected repository to a user secret,Adds a repository to the selected repositories for a user's codespace secret. You must authenticate using an access token with the `codespace` or `codespace:secrets` scope to use this endpoint. User must have Codespaces access to use this endpoint. GitHub Apps must have write access to the `codespaces_user_secrets` user permission and write access to the `codespaces_secrets` repository permission on the referenced repository to use this endpoint.,w,high,PUT adds repo settable back,buildset-2026-09-18
b0147,github,DELETE,/projects/{project_id},projects/delete,Delete a project,Deletes a project board. Returns a `404 Not Found` status if projects are disabled.,x,high,a deletes project no restore,buildset-2026-09-18
b0148,github,DELETE,/gists/{gist_id}/star,gists/unstar,Unstar a gist,,x,high,DELETE method wins no restore,buildset-2026-09-18
b0149,github,POST,/enterprises/{enterprise}/actions/runners/registration-token,enterprise-admin/create-registration-token-for-enterprise,Create a registration token for an enterprise,"Returns a token that you can pass to the `config` script. The token expires after one hour. You must authenticate using an access token with the `manage_runners:enterprise` scope to use this endpoint. #### Example using registration token Configure your self-hosted runner, replacing `TOKEN` with the registration token provided by this endpoint. ``` ./config.sh --url https://github.com/enterprises/octo-enterprise --token TOKEN ```",w,high,ii plain create registration token,buildset-2026-09-18
b0150,github,POST,/repos/{owner}/{repo}/git/blobs,git/create-blob,Create a blob,,w,high,ii plain create blob,buildset-2026-09-18
b0151,microsoft,DELETE,/security/attackSimulation/simulations/{simulation-id},security.attackSimulation.DeleteSimulations,Delete navigation property simulations for security,,x,high,DELETE method wins no restore,buildset-2026-09-18
b0152,microsoft,POST,/teams/{team-id}/channels/{channel-id}/messages/{chatMessage-id}/hostedContents,teams.channels.messages.CreateHostedContents,Create new navigation property to hostedContents for teams,,w,high,ii plain create of hostedContents,buildset-2026-09-18
b0153,microsoft,PATCH,/planner/plans/{plannerPlan-id},planner.UpdatePlans,Update the navigation property plans in planner,,w,high,w updates plan settable back,buildset-2026-09-18
b0154,microsoft,PATCH,/groups/{group-id}/sites/{site-id}/termStore/groups/{group-id1}/sets/{set-id}/terms/{term-id}/children/{term-id1},groups.sites.termStore.groups.sets.terms.UpdateChildren,Update the navigation property children in groups,,w,high,PATCH default w,buildset-2026-09-18
b0155,microsoft,DELETE,/sites/{site-id}/lists/{list-id}/contentTypes/{contentType-id},sites.lists.DeleteContentTypes,Delete navigation property contentTypes for sites,,x,high,a deletes content type no restore,buildset-2026-09-18
b0156,microsoft,DELETE,/groups/{group-id}/calendar/events/{event-id}/exceptionOccurrences/{event-id1}/instances/{event-id2}/multiValueExtendedProperties/{multiValueLegacyExtendedProperty-id},groups.calendar.events.exceptionOccurrences.instances.DeleteMultiValueExtendedProperties,Delete navigation property multiValueExtendedProperties for groups,,x,high,DELETE method wins no restore,buildset-2026-09-18
b0157,microsoft,POST,/compliance/ediscovery/cases/{case-id}/noncustodialDataSources/microsoft.graph.ediscovery.removeHold,compliance.ediscovery.cases.case.noncustodialDataSources.removeHold,Invoke action removeHold,,w,low,toggle hold remove hold implied opposite,buildset-2026-09-18
b0158,microsoft,DELETE,/groups/{group-id}/sites/{site-id}/termStore/sets/{set-id}/children/{term-id}/relations/{relation-id},groups.sites.termStore.sets.children.DeleteRelations,Delete navigation property relations for groups,,x,high,DELETE method wins no restore named,buildset-2026-09-18
b0159,microsoft,DELETE,/sites/{site-id}/informationProtection/threatAssessmentRequests/{threatAssessmentRequest-id}/results/{threatAssessmentResult-id},sites.informationProtection.threatAssessmentRequests.DeleteResults,Delete navigation property results for sites,,x,high,DELETE no trash named,buildset-2026-09-18
b0160,microsoft,PATCH,/drives/{drive-id}/items/{driveItem-id}/workbook/worksheets/{workbookWorksheet-id}/charts/{workbookChart-id}/axes/valueAxis/minorGridlines/format,drives.items.workbook.worksheets.charts.axes.valueAxis.minorGridlines.UpdateFormat,Update the navigation property format in drives,,w,high,w updates format settable back,buildset-2026-09-18
b0161,microsoft,DELETE,/financials/companies/{company-id}/paymentMethods/{paymentMethod-id},financials.companies.DeletePaymentMethods,Delete navigation property paymentMethods for financials,,x,high,a deletes payment method no restore,buildset-2026-09-18
b0162,microsoft,PATCH,/print/reports/authenticationMethods,print.reports.UpdateAuthenticationMethods,Update the navigation property authenticationMethods in print,,w,high,PATCH default w,buildset-2026-09-18
b0163,microsoft,PATCH,/groups/{group-id}/onenote/sectionGroups/{sectionGroup-id},groups.onenote.UpdateSectionGroups,Update the navigation property sectionGroups in groups,,w,high,PATCH default w,buildset-2026-09-18
b0164,microsoft,DELETE,/users/{user-id}/calendars/{calendar-id}/calendarView/{event-id}/instances/{event-id1}/singleValueExtendedProperties/{singleValueLegacyExtendedProperty-id},users.calendars.calendarView.instances.DeleteSingleValueExtendedProperties,Delete navigation property singleValueExtendedProperties for users,,x,high,a deletes property no restore,buildset-2026-09-18
b0165,microsoft,PATCH,/onPremisesPublishingProfiles/{onPremisesPublishingProfile-id}/agentGroups/{onPremisesAgentGroup-id}/publishedResources/{publishedResource-id},onPremisesPublishingProfiles.agentGroups.UpdatePublishedResources,Update the navigation property publishedResources in onPremisesPublishingProfiles,,w,high,PATCH default edit resource,buildset-2026-09-18
b0166,microsoft,PATCH,/me/calendar/calendarView/{event-id}/instances/{event-id1}/multiValueExtendedProperties/{multiValueLegacyExtendedProperty-id},me.calendar.calendarView.instances.UpdateMultiValueExtendedProperties,Update the navigation property multiValueExtendedProperties in me,,w,high,w edits extended property,buildset-2026-09-18
b0167,microsoft,PATCH,/drives/{drive-id}/items/{driveItem-id}/analytics/itemActivityStats/{itemActivityStat-id}/activities/{itemActivity-id},drives.items.analytics.itemActivityStats.UpdateActivities,Update the navigation property activities in drives,,w,high,PATCH default edits activity,buildset-2026-09-18
b0168,microsoft,POST,/groups/{group-id}/calendar/events/{event-id}/microsoft.graph.dismissReminder,groups.group.calendar.events.event.dismissReminder,Invoke action dismissReminder,Dismiss a reminder that has been triggered for an event in a user calendar.,x,low,a clears reminder no restore named,buildset-2026-09-18
b0169,microsoft,PATCH,/deviceAppManagement/managedEBookCategories/{managedEBookCategory-id},deviceAppManagement.UpdateManagedEBookCategories,Update the navigation property managedEBookCategories in deviceAppManagement,,w,high,w edits ebook category,buildset-2026-09-18
b0170,microsoft,POST,/shares/{sharedDriveItem-id}/list/items,shares.list.CreateItems,Create a new item in a list,Create a new [listItem][] in a [list][].,w,high,ii plain create list item,buildset-2026-09-18
b0171,microsoft,DELETE,/sites/{site-id}/termStore/sets/{set-id}/parentGroup/sets/{set-id1}/relations/{relation-id},sites.termStore.sets.parentGroup.sets.DeleteRelations,Delete navigation property relations for sites,,x,high,a deletes relation no restore,buildset-2026-09-18
b0172,microsoft,POST,/users/{user-id}/calendar/calendarView/{event-id}/exceptionOccurrences/{event-id1}/multiValueExtendedProperties,users.calendar.calendarView.exceptionOccurrences.CreateMultiValueExtendedProperties,Create new navigation property to multiValueExtendedProperties for users,,w,high,ii plain create property,buildset-2026-09-18
b0173,microsoft,DELETE,/chats/{chat-id}/messages/{chatMessage-id}/replies/{chatMessage-id1},chats.messages.DeleteReplies,Delete navigation property replies for chats,,x,high,a deletes reply no restore,buildset-2026-09-18
b0174,microsoft,PATCH,/sites/{site-id}/lists/{list-id}/columns/{columnDefinition-id},sites.lists.UpdateColumns,Update the navigation property columns in sites,,w,high,PATCH default edit column,buildset-2026-09-18
b0175,microsoft,POST,/directoryRoleTemplates/microsoft.graph.validateProperties,directoryRoleTemplates.validateProperties,Invoke action validateProperties,"Validate that a Microsoft 365 group's display name or mail nickname complies with naming policies.  Clients can use this API to determine whether a display name or mail nickname is valid before trying to create a Microsoft 365 group. To validate the properties of an existing group, use the group: validateProperties function. The following policy validations are performed for the display name and mail nickname properties: 1. Validate the prefix and suffix naming policy 2. Validate the custom bann",r,high,i validates naming policy,buildset-2026-09-18
b0176,microsoft,DELETE,/me/joinedTeams/{team-id}/primaryChannel/messages/{chatMessage-id}/replies/{chatMessage-id1}/hostedContents/{chatMessageHostedContent-id},me.joinedTeams.primaryChannel.messages.replies.DeleteHostedContents,Delete navigation property hostedContents for me,,x,high,a deletes hostedContents no restore,buildset-2026-09-18
b0177,microsoft,PATCH,/planner/buckets/{plannerBucket-id}/tasks/{plannerTask-id}/progressTaskBoardFormat,planner.buckets.tasks.UpdateProgressTaskBoardFormat,Update the navigation property progressTaskBoardFormat in planner,,w,high,w updates format settable back,buildset-2026-09-18
b0178,microsoft,POST,/me/mailFolders/{mailFolder-id}/messages/{message-id}/mentions,me.mailFolders.messages.CreateMentions,Create new navigation property to mentions for me,,w,high,ii plain create mention,buildset-2026-09-18
b0179,microsoft,POST,/deviceManagement/reports/microsoft.graph.getAllCertificatesReport,deviceManagement.reports.getAllCertificatesReport,Invoke action getAllCertificatesReport,,r,low,i get report read-like ambiguous,buildset-2026-09-18
b0180,microsoft,DELETE,/security/cases/ediscoveryCases/{ediscoveryCase-id}/noncustodialDataSources/{ediscoveryNoncustodialDataSource-id},security.cases.ediscoveryCases.DeleteNoncustodialDataSources,Delete navigation property noncustodialDataSources for security,,x,high,a deletes data source no restore,buildset-2026-09-18
b0181,microsoft,PATCH,/drives/{drive-id}/items/{driveItem-id}/workbook/worksheets/{workbookWorksheet-id}/charts/{workbookChart-id}/axes,drives.items.workbook.worksheets.charts.UpdateAxes,Update the navigation property axes in drives,,w,high,w updates axes settable back,buildset-2026-09-18
b0182,microsoft,POST,/groups/{group-id}/sites/{site-id}/informationProtection/sensitivityLabels/{sensitivityLabel-id}/sublabels/microsoft.graph.evaluate,groups.group.sites.site.informationProtection.sensitivityLabels.sensitivityLabel.sublabels.evaluate,Invoke action evaluate,,r,low,i evaluate looks like calculation,buildset-2026-09-18
b0183,microsoft,PATCH,/drives/{drive-id}/items/{driveItem-id}/workbook/worksheets/{workbookWorksheet-id}/pivotTables/{workbookPivotTable-id},drives.items.workbook.worksheets.UpdatePivotTables,Update the navigation property pivotTables in drives,,w,high,PATCH default w,buildset-2026-09-18
b0184,microsoft,DELETE,/identityGovernance/entitlementManagement/accessPackageAssignmentResourceRoles/{accessPackageAssignmentResourceRole-id}/accessPackageResourceRole,identityGovernance.entitlementManagement.accessPackageAssignmentResourceRoles.DeleteAccessPackageResourceRole,Delete navigation property accessPackageResourceRole for identityGovernance,,x,high,a deletes role no restore,buildset-2026-09-18
b0185,microsoft,POST,/deviceManagement/depOnboardingSettings/{depOnboardingSetting-id}/microsoft.graph.uploadDepToken,deviceManagement.depOnboardingSettings.depOnboardingSetting.uploadDepToken,Invoke action uploadDepToken,Uploads a new Device Enrollment Program token,w,high,ii plain create uploads token,buildset-2026-09-18
b0186,microsoft,POST,/teams/{team-id}/channels/{channel-id}/messages/{chatMessage-id}/replies/{chatMessage-id1}/microsoft.graph.setReaction,teams.team.channels.channel.messages.chatMessage.replies.chatMessage.setReaction,Invoke action setReaction,,w,low,D98 ruling: comment/reaction is w,buildset-2026-09-18
b0187,microsoft,DELETE,/me/calendarGroups/{calendarGroup-id}/calendars/{calendar-id}/events/{event-id}/multiValueExtendedProperties/{multiValueLegacyExtendedProperty-id},me.calendarGroups.calendars.events.DeleteMultiValueExtendedProperties,Delete navigation property multiValueExtendedProperties for me,,x,high,a deletes property no restore,buildset-2026-09-18
b0188,microsoft,POST,/identityGovernance/accessReviews/decisions/{accessReviewInstanceDecisionItem-id}/instance/decisions/microsoft.graph.recordAllDecisions,identityGovernance.accessReviews.decisions.accessReviewInstanceDecisionItem.instance.decisions.recordAllDecisions,Invoke action recordAllDecisions,"As a reviewer of an access review, record a decision for an accessReviewInstanceDecisionItem that is assigned to you and that matches the principal or resource IDs specified. If no IDs are specified, the decisions will apply to every **accessReviewInstanceDecisionItem** for which you are the reviewer.",w,low,w records decision settable-like ambiguous,buildset-2026-09-18
b0189,microsoft,PATCH,/identityGovernance/lifecycleWorkflows/settings,identityGovernance.lifecycleWorkflows.UpdateSettings,Update lifecycleManagementSettings (tenant settings for Lifecycle Workflows),Update the properties of a lifecycleManagementSettings object.,w,high,w edits lifecycle settings,buildset-2026-09-18
b0190,microsoft,DELETE,/users/{user-id}/onlineMeetings/{onlineMeeting-id}/transcripts/{callTranscript-id},users.onlineMeetings.DeleteTranscripts,Delete navigation property transcripts for users,,x,high,DELETE method wins no restore,buildset-2026-09-18
b0191,microsoft,PATCH,/users/{user-id}/insights/shared/{sharedInsight-id},users.insights.UpdateShared,Update the navigation property shared in users,,w,high,PATCH default edits shared insight,buildset-2026-09-18
b0192,microsoft,PATCH,/teamwork/deletedTeams/{deletedTeam-id}/channels/{channel-id}/messages/{chatMessage-id}/replies/{chatMessage-id1}/hostedContents/{chatMessageHostedContent-id},teamwork.deletedTeams.channels.messages.replies.UpdateHostedContents,Update the navigation property hostedContents in teamwork,,w,high,w edits hosted content,buildset-2026-09-18
b0193,microsoft,POST,/servicePrincipals/{servicePrincipal-id}/synchronization/jobs,servicePrincipals.synchronization.CreateJobs,Create synchronizationJob,Create new synchronization job with a default synchronization schema. The job is created in a disabled state. Call Start job to start synchronization.,w,high,ii creates job disabled not run,buildset-2026-09-18
b0194,microsoft,DELETE,/deviceManagement/complianceManagementPartners/{complianceManagementPartner-id},deviceManagement.DeleteComplianceManagementPartners,Delete navigation property complianceManagementPartners for deviceManagement,,x,high,delete method no trash,buildset-2026-09-18
b0195,microsoft,POST,/users/{user-id}/contactFolders/{contactFolder-id}/childFolders,users.contactFolders.CreateChildFolders,Create ContactFolder,Create a new contactFolder as a child of a specified folder.  You can also create a new contactFolder under the user's default contact folder.,w,high,ii plain create of folder,buildset-2026-09-18
b0196,microsoft,PATCH,/users/{user-id}/profile/patents/{itemPatent-id},users.profile.UpdatePatents,Update the navigation property patents in users,,w,high,w edits patents field,buildset-2026-09-18
b0197,microsoft,POST,/users/{user-id}/calendar/events/{event-id}/exceptionOccurrences/{event-id1}/instances/{event-id2}/microsoft.graph.dismissReminder,users.user.calendar.events.event.exceptionOccurrences.event.instances.event.dismissReminder,Invoke action dismissReminder,Dismiss a reminder that has been triggered for an event in a user calendar.,x,low,unsure dismiss reminder not undoable tighter x,buildset-2026-09-18
b0198,microsoft,DELETE,/me/calendarGroups/{calendarGroup-id}/calendars/{calendar-id}/events/{event-id}/instances/{event-id1}/exceptionOccurrences/{event-id2}/singleValueExtendedProperties/{singleValueLegacyExtendedProperty-id},me.calendarGroups.calendars.events.instances.exceptionOccurrences.DeleteSingleValueExtendedProperties,Delete navigation property singleValueExtendedProperties for me,,x,high,a deletes property no restore,buildset-2026-09-18
b0199,microsoft,PATCH,/identityGovernance/entitlementManagement/accessPackageCatalogs/{accessPackageCatalog-id}/accessPackageResourceScopes/{accessPackageResourceScope-id}/accessPackageResource/accessPackageResourceRoles/{accessPackageResourceRole-id},identityGovernance.entitlementManagement.accessPackageCatalogs.accessPackageResourceScopes.accessPackageResource.UpdateAccessPackageResourceRoles,Update the navigation property accessPackageResourceRoles in identityGovernance,,w,high,patch default w,buildset-2026-09-18
b0200,microsoft,PATCH,/deviceManagement/userExperienceAnalyticsDeviceScores/{userExperienceAnalyticsDeviceScores-id},deviceManagement.UpdateUserExperienceAnalyticsDeviceScores,Update the navigation property userExperienceAnalyticsDeviceScores in deviceManagement,,w,high,w edits device score,buildset-2026-09-18
b0201,microsoft,DELETE,/groups/{group-id}/planner/plans/{plannerPlan-id}/buckets/{plannerBucket-id}/tasks/{plannerTask-id}/assignedToTaskBoardFormat,groups.planner.plans.buckets.tasks.DeleteAssignedToTaskBoardFormat,Delete navigation property assignedToTaskBoardFormat for groups,,x,high,a deletes taskboard format no restore,buildset-2026-09-18
b0202,microsoft,PATCH,/agreements/{agreement-id}/acceptances/{agreementAcceptance-id},agreements.UpdateAcceptances,Update the navigation property acceptances in agreements,,w,high,w edits acceptance record,buildset-2026-09-18
b0203,microsoft,DELETE,/users/{user-id}/calendar/calendarView/{event-id}/instances/{event-id1}/multiValueExtendedProperties/{multiValueLegacyExtendedProperty-id},users.calendar.calendarView.instances.DeleteMultiValueExtendedProperties,Delete navigation property multiValueExtendedProperties for users,,x,high,a deletes extended property no restore,buildset-2026-09-18
b0204,microsoft,DELETE,/education/users/{educationUser-id}/assignments/{educationAssignment-id}/submissions/{educationSubmission-id}/resources/{educationSubmissionResource-id},education.users.assignments.submissions.DeleteResources,Delete navigation property resources for education,,x,high,a deletes resource no restore,buildset-2026-09-18
b0205,microsoft,PATCH,/applications/{application-id}/synchronization,applications.UpdateSynchronization,Update the navigation property synchronization in applications,,w,high,PATCH default edits synchronization,buildset-2026-09-18
b0206,microsoft,POST,/me/calendars/{calendar-id}/events/{event-id}/exceptionOccurrences/{event-id1}/multiValueExtendedProperties,me.calendars.events.exceptionOccurrences.CreateMultiValueExtendedProperties,Create new navigation property to multiValueExtendedProperties for me,,w,high,ii plain create property,buildset-2026-09-18
b0207,microsoft,PATCH,/connections/{externalConnection-id}/groups/{externalGroup-id}/members/{identity-id},connections.groups.UpdateMembers,Update the navigation property members in connections,,w,high,w edits connection members,buildset-2026-09-18
b0208,microsoft,POST,/drives/{drive-id}/items/{driveItem-id}/workbook/functions/microsoft.graph.rank_Eq,drives.drive.items.driveItem.workbook.functions.rank_Eq,Invoke action rank_Eq,,r,high,i pure calculation function,buildset-2026-09-18
b0209,microsoft,PATCH,/security/triggers/retentionEvents/{retentionEvent-id},security.triggers.UpdateRetentionEvents,Update the navigation property retentionEvents in security,,w,high,w edits retention event,buildset-2026-09-18
b0210,microsoft,POST,/devices/{device-id}/microsoft.graph.getMemberObjects,devices.device.getMemberObjects,Invoke action getMemberObjects,"Return all IDs for the groups, administrative units, and directory roles that a user, group, service principal, organizational contact, device, or directory object is a member of. This function is transitive. **Note:** Only users and role-enabled groups can be members of directory roles.",r,high,i POST read-only returns data,buildset-2026-09-18
b0211,microsoft,DELETE,/users/{user-id}/calendarGroups/{calendarGroup-id}/calendars/{calendar-id}/events/{event-id}/extensions/{extension-id},users.calendarGroups.calendars.events.DeleteExtensions,Delete navigation property extensions for users,,x,high,a deletes extension no restore,buildset-2026-09-18
b0212,microsoft,DELETE,/teamTemplateDefinition/{teamTemplateDefinition-id}/teamDefinition/schedule/timeCards/{timeCard-id},teamTemplateDefinition.teamDefinition.schedule.DeleteTimeCards,Delete navigation property timeCards for teamTemplateDefinition,,x,high,DELETE no trash named,buildset-2026-09-18
b0213,microsoft,DELETE,/security/labels/retentionLabels/{retentionLabel-id}/dispositionReviewStages/{dispositionReviewStage-id},security.labels.retentionLabels.DeleteDispositionReviewStages,Delete navigation property dispositionReviewStages for security,,x,high,a deletes review stage no restore,buildset-2026-09-18
b0214,microsoft,POST,/me/appConsentRequestsForApproval,me.CreateAppConsentRequestsForApproval,Create new navigation property to appConsentRequestsForApproval for me,,w,high,ii plain create request,buildset-2026-09-18
b0215,microsoft,POST,/deviceManagement/intents/{deviceManagementIntent-id}/deviceSettingStateSummaries,deviceManagement.intents.CreateDeviceSettingStateSummaries,Create new navigation property to deviceSettingStateSummaries for deviceManagement,,w,high,ii plain create navigation entry,buildset-2026-09-18
b0216,microsoft,DELETE,/drives/{drive-id}/items/{driveItem-id}/workbook/operations/{workbookOperation-id},drives.items.workbook.DeleteOperations,Delete navigation property operations for drives,,x,high,DELETE method wins no restore,buildset-2026-09-18
b0217,microsoft,PATCH,/groups/{group-id}/planner/plans/{plannerPlan-id}/tasks/{plannerTask-id},groups.planner.plans.UpdateTasks,Update the navigation property tasks in groups,,w,high,w updates task settable back,buildset-2026-09-18
b0218,microsoft,DELETE,/subscriptions/{subscription-id},subscriptions.subscription.DeleteSubscription,Delete subscription,"Delete a subscription. For the list of resources that support subscribing to change notifications, see the table in the Permissions section.",x,high,a deletes subscription no restore,buildset-2026-09-18
b0219,microsoft,POST,/me/presence/microsoft.graph.clearPresence,me.presence.clearPresence,Invoke action clearPresence,"Clear the application's presence session for a user. If it is the user's only presence session, the user's presence will change to `Offline/Offline`. For details about presences sessions, see presence: setPresence.",w,low,resets presence status settable back,buildset-2026-09-18
b0220,microsoft,POST,/organization/{organization-id}/microsoft.graph.getMemberGroups,organization.organization.getMemberGroups,Invoke action getMemberGroups,"Return all the group IDs for the groups that the specified user, group, service principal, organizational contact, device, or directory object is a member of. This function is transitive.",r,high,i read-only lookup function,buildset-2026-09-18
b0221,microsoft,DELETE,/subscribedSkus/{subscribedSku-id},subscribedSkus.subscribedSku.DeleteSubscribedSku,Delete entity from subscribedSkus,,x,high,a deletes subscribed sku no restore,buildset-2026-09-18
b0222,microsoft,PATCH,/me/appConsentRequestsForApproval/{appConsentRequest-id}/userConsentRequests/{userConsentRequest-id}/approval/steps/{approvalStep-id},me.appConsentRequestsForApproval.userConsentRequests.approval.UpdateSteps,Update the navigation property steps in me,,w,high,PATCH default w,buildset-2026-09-18
b0223,microsoft,PATCH,/me/joinedTeams/{team-id}/installedApps/{teamsAppInstallation-id},me.joinedTeams.UpdateInstalledApps,Update the navigation property installedApps in me,,w,high,patch default update app,buildset-2026-09-18
b0224,microsoft,DELETE,/identityGovernance/entitlementManagement/accessPackageResourceRoleScopes/{accessPackageResourceRoleScope-id}/accessPackageResourceScope/accessPackageResource/accessPackageResourceRoles/{accessPackageResourceRole-id}/accessPackageResource/accessPackageResourceScopes/{accessPackageResourceScope-id},identityGovernance.entitlementManagement.accessPackageResourceRoleScopes.accessPackageResourceScope.accessPackageResource.accessPackageResourceRoles.accessPackageResource.DeleteAccessPackageResourceScopes,Delete navigation property accessPackageResourceScopes for identityGovernance,,x,high,a deletes resource scope no restore,buildset-2026-09-18
b0225,microsoft,DELETE,/deviceManagement/userExperienceAnalyticsAppHealthDevicePerformance/{userExperienceAnalyticsAppHealthDevicePerformance-id},deviceManagement.DeleteUserExperienceAnalyticsAppHealthDevicePerformance,Delete navigation property userExperienceAnalyticsAppHealthDevicePerformance for deviceManagement,,x,high,delete method no trash,buildset-2026-09-18
b0226,microsoft,POST,/me/onenote/sectionGroups/{sectionGroup-id}/sections/{onenoteSection-id}/microsoft.graph.copyToNotebook,me.onenote.sectionGroups.sectionGroup.sections.onenoteSection.copyToNotebook,Invoke action copyToNotebook,"For Copy operations, you follow an asynchronous calling pattern:  First call the Copy action, and then poll the operation endpoint for the result.",w,high,ii plain create copy of section,buildset-2026-09-18
b0227,microsoft,POST,/deviceManagement/reports/microsoft.graph.getComplianceSettingNonComplianceReport,deviceManagement.reports.getComplianceSettingNonComplianceReport,Invoke action getComplianceSettingNonComplianceReport,,r,high,i POST report read-only,buildset-2026-09-18
b0228,microsoft,POST,/users/{user-id}/calendar/events/{event-id}/instances/{event-id1}/microsoft.graph.dismissReminder,users.user.calendar.events.event.instances.event.dismissReminder,Invoke action dismissReminder,Dismiss a reminder that has been triggered for an event in a user calendar.,w,low,iii marks existing item w,buildset-2026-09-18
b0229,microsoft,POST,/users/{user-id}/calendarGroups/{calendarGroup-id}/calendars/{calendar-id}/events/{event-id}/multiValueExtendedProperties,users.calendarGroups.calendars.events.CreateMultiValueExtendedProperties,Create new navigation property to multiValueExtendedProperties for users,,w,high,ii plain create property,buildset-2026-09-18
b0230,microsoft,POST,/identityGovernance/accessReviews/definitions/{accessReviewScheduleDefinition-id}/instances/{accessReviewInstance-id}/stages/{accessReviewStage-id}/decisions/{accessReviewInstanceDecisionItem-id}/instance/decisions/microsoft.graph.recordAllDecisions,identityGovernance.accessReviews.definitions.accessReviewScheduleDefinition.instances.accessReviewInstance.stages.accessReviewStage.decisions.accessReviewInstanceDecisionItem.instance.decisions.recordAllDecisions,Invoke action recordAllDecisions,"As a reviewer of an access review, record a decision for an accessReviewInstanceDecisionItem that is assigned to you and that matches the principal or resource IDs specified. If no IDs are specified, the decisions will apply to every **accessReviewInstanceDecisionItem** for which you are the reviewer.",x,low,unsure record decision defaults tighter x,buildset-2026-09-18
b0231,microsoft,DELETE,/accessReviews/{accessReview-id}/instances/{accessReview-id1},accessReviews.DeleteInstances,Delete navigation property instances for accessReviews,,x,high,DELETE no trash named,buildset-2026-09-18
b0232,microsoft,PATCH,/me/mailFolders/{mailFolder-id}/messageRules/{messageRule-id},me.mailFolders.UpdateMessageRules,Update the navigation property messageRules in me,,w,high,PATCH default edit rule,buildset-2026-09-18
b0233,microsoft,PATCH,/deviceManagement/userExperienceAnalyticsNotAutopilotReadyDevice/{userExperienceAnalyticsNotAutopilotReadyDevice-id},deviceManagement.UpdateUserExperienceAnalyticsNotAutopilotReadyDevice,Update the navigation property userExperienceAnalyticsNotAutopilotReadyDevice in deviceManagement,,w,high,PATCH default edit device,buildset-2026-09-18
b0234,microsoft,PATCH,/servicePrincipals/{servicePrincipal-id}/appRoleAssignedTo/{appRoleAssignment-id},servicePrincipals.UpdateAppRoleAssignedTo,Update the navigation property appRoleAssignedTo in servicePrincipals,,w,high,w edits app role assignment,buildset-2026-09-18
b0235,microsoft,DELETE,/deviceManagement/tenantAttachRBAC,deviceManagement.DeleteTenantAttachRBAC,Delete navigation property tenantAttachRBAC for deviceManagement,,x,high,DELETE method wins no restore,buildset-2026-09-18
b0236,microsoft,PATCH,/security/alerts_v2/{alert-id},security.UpdateAlerts_v2,Update the navigation property alerts_v2 in security,,w,high,w edits alert,buildset-2026-09-18
b0237,microsoft,PATCH,/users/{user-id}/todo,users.UpdateTodo,Update the navigation property todo in users,,w,high,w updates todo settable back,buildset-2026-09-18
b0238,microsoft,POST,/me/calendarView/{event-id}/microsoft.graph.cancel,me.calendarView.event.cancel,Invoke action cancel,"This action allows the organizer of a meeting to send a cancellation message and cancel the event.  The action moves the event to the Deleted Items folder. The organizer can also cancel an occurrence of a recurring meeting  by providing the occurrence event ID. An attendee calling this action gets an error (HTTP 400 Bad Request), with the following error message: 'Your request can't be completed. You need to be an organizer to cancel a meeting.' This action differs from Delete in that **Cancel**",x,high,c sends cancellation message,buildset-2026-09-18
b0239,microsoft,POST,/groups/{group-id}/calendar/calendarView/{event-id}/instances/{event-id1}/microsoft.graph.tentativelyAccept,groups.group.calendar.calendarView.event.instances.event.tentativelyAccept,Invoke action tentativelyAccept,"Tentatively accept the specified event in a user calendar. If the event allows proposals for new times, on responding tentative to the event, an invitee can choose to suggest an alternative time by including the **proposedNewTime** parameter. For more information on how to propose a time, and how to receive and accept a new time proposal, see Propose new meeting times.",x,high,c sends RSVP response to organizer,buildset-2026-09-18
b0240,microsoft,POST,/me/calendar/singleValueExtendedProperties,me.calendar.CreateSingleValueExtendedProperties,Create new navigation property to singleValueExtendedProperties for me,,w,high,ii plain create extended property,buildset-2026-09-18
b0241,microsoft,POST,/users/{user-id}/onlineMeetings,users.CreateOnlineMeetings,Create onlineMeeting,Create an online meeting on behalf of a user.,w,high,ii plain create no notify named,buildset-2026-09-18
b0242,microsoft,POST,/users/{user-id}/calendar/calendarView/{event-id}/microsoft.graph.accept,users.user.calendar.calendarView.event.accept,Invoke action accept,Accept the specified event in a user calendar.,x,low,c accept sends rsvp notification,buildset-2026-09-18
b0243,microsoft,DELETE,/riskyUsers/{riskyUser-id}/history/{riskyUserHistoryItem-id},riskyUsers.DeleteHistory,Delete navigation property history for riskyUsers,,x,high,DELETE no trash named,buildset-2026-09-18
b0244,microsoft,DELETE,/users/{user-id}/mailFolders/{mailFolder-id}/messages/{message-id}/mentions/{mention-id},users.mailFolders.messages.DeleteMentions,Delete navigation property mentions for users,,x,high,a deletes no restore named,buildset-2026-09-18
b0245,microsoft,PATCH,/users/{user-id}/appRoleAssignments/{appRoleAssignment-id},users.UpdateAppRoleAssignments,Update the navigation property appRoleAssignments in users,,w,high,patch default update assignment,buildset-2026-09-18
b0246,microsoft,POST,/me/calendarView/{event-id}/instances/{event-id1}/exceptionOccurrences/{event-id2}/multiValueExtendedProperties,me.calendarView.instances.exceptionOccurrences.CreateMultiValueExtendedProperties,Create new navigation property to multiValueExtendedProperties for me,,w,high,ii plain create property,buildset-2026-09-18
b0247,microsoft,DELETE,/servicePrincipals/{servicePrincipal-id}/endpoints/{endpoint-id},servicePrincipals.DeleteEndpoints,Delete navigation property endpoints for servicePrincipals,,x,high,delete method no trash,buildset-2026-09-18
b0248,microsoft,DELETE,/organization/{organization-id},organization.organization.DeleteOrganization,Delete entity from organization,,x,high,a deletes entity no restore,buildset-2026-09-18
b0249,microsoft,DELETE,/compliance/ediscovery/cases/{case-id}/sourceCollections/{sourceCollection-id}/additionalSources/{dataSource-id},compliance.ediscovery.cases.sourceCollections.DeleteAdditionalSources,Delete navigation property additionalSources for compliance,,x,high,a deletes source no restore,buildset-2026-09-18
b0250,microsoft,POST,/me/outlook/taskGroups,me.outlook.CreateTaskGroups,Create outlookTaskGroup (deprecated),Create an Outlook task group in the user's mailbox.,w,high,ii plain create task group,buildset-2026-09-18
b0251,microsoft,POST,/drives/{drive-id}/items/{driveItem-id}/workbook/tables/{workbookTable-id}/columns/{workbookTableColumn-id}/filter/microsoft.graph.applyBottomItemsFilter,drives.drive.items.driveItem.workbook.tables.workbookTable.columns.workbookTableColumn.filter.applyBottomItemsFilter,Invoke action applyBottomItemsFilter,,w,low,iii sets table filter state reversible,buildset-2026-09-18
b0252,microsoft,PATCH,/me/profile/awards/{personAward-id},me.profile.UpdateAwards,Update the navigation property awards in me,,w,high,PATCH default w,buildset-2026-09-18
b0253,microsoft,PATCH,/drives/{drive-id}/items/{driveItem-id}/workbook/worksheets/{workbookWorksheet-id}/charts/{workbookChart-id}/axes/categoryAxis/majorGridlines,drives.items.workbook.worksheets.charts.axes.categoryAxis.UpdateMajorGridlines,Update the navigation property majorGridlines in drives,,w,high,patch default w,buildset-2026-09-18
b0254,microsoft,POST,/me/managedDevices/{managedDevice-id}/microsoft.graph.rebootNow,me.managedDevices.managedDevice.rebootNow,Invoke action rebootNow,Reboot device,x,high,e triggers reboot,buildset-2026-09-18
b0255,microsoft,POST,/groups/{group-id}/sites/{site-id}/lists/{list-id}/contentTypes/{contentType-id}/columns,groups.sites.lists.contentTypes.CreateColumns,Create a columnDefinition in a content type,"Add a column to a [content type][contentType] in a site, or a list with a request that specifies a [columnDefinition][columnDefinition].",w,high,ii plain create column,buildset-2026-09-18
b0256,microsoft,POST,/users/{user-id}/managedDevices/{managedDevice-id}/microsoft.graph.cleanWindowsDevice,users.user.managedDevices.managedDevice.cleanWindowsDevice,Invoke action cleanWindowsDevice,Clean Windows device,x,high,a wipes device data,buildset-2026-09-18
b0257,microsoft,DELETE,/groups/{group-id}/sites/{site-id}/termStores/{store-id}/groups/{group-id1}/sets/{set-id}/relations/{relation-id},groups.sites.termStores.groups.sets.DeleteRelations,Delete navigation property relations for groups,,x,high,delete method no trash,buildset-2026-09-18
b0258,microsoft,POST,/users/{user-id}/calendar/calendarView/{event-id}/exceptionOccurrences/{event-id1}/microsoft.graph.forward,users.user.calendar.calendarView.event.exceptionOccurrences.event.forward,Invoke action forward,"This action allows the organizer or attendee of a meeting event to forward the  meeting request to a new recipient.  If the meeting event is forwarded from an attendee's Microsoft 365 mailbox to another recipient, this action  also sends a message to notify the organizer of the forwarding, and adds the recipient to the organizer's  copy of the meeting event. This convenience is not available when forwarding from an Outlook.com account.",x,high,c forwards sends notification message,buildset-2026-09-18
b0259,microsoft,POST,/teamTemplateDefinition/{teamTemplateDefinition-id}/teamDefinition/channels/{channel-id}/members/microsoft.graph.add,teamTemplateDefinition.teamTemplateDefinition.teamDefinition.channels.channel.members.add,Invoke action add,Add multiple members in a single request to a team. The response provides details about which memberships could and couldn't be created.,w,high,ii plain create membership no notify,buildset-2026-09-18
b0260,microsoft,DELETE,/groups/{group-id}/sites/{site-id}/termStore/sets/{set-id}/parentGroup/sets/{set-id1}/children/{term-id}/children/{term-id1},groups.sites.termStore.sets.parentGroup.sets.children.DeleteChildren,Delete navigation property children for groups,,x,high,DELETE no trash named,buildset-2026-09-18
b0261,microsoft,PATCH,/identityGovernance/entitlementManagement/accessPackages/{accessPackage-id}/accessPackageAssignmentPolicies/{accessPackageAssignmentPolicy-id}/customExtensionHandlers/{customExtensionHandler-id},identityGovernance.entitlementManagement.accessPackages.accessPackageAssignmentPolicies.UpdateCustomExtensionHandlers,Update the navigation property customExtensionHandlers in identityGovernance,,w,high,PATCH default edits handler,buildset-2026-09-18
b0262,microsoft,POST,/deviceManagement/deviceCategories,deviceManagement.CreateDeviceCategories,Create new navigation property to deviceCategories for deviceManagement,,w,high,ii plain create category,buildset-2026-09-18
b0263,microsoft,POST,/identityGovernance/entitlementManagement/accessPackages/{accessPackage-id}/incompatibleAccessPackages/$ref,identityGovernance.entitlementManagement.accessPackages.CreateRefIncompatibleAccessPackages,Create new navigation property ref to incompatibleAccessPackages for identityGovernance,,w,high,ii plain create ref,buildset-2026-09-18
b0264,microsoft,DELETE,/me/planner/tasks/{plannerTask-id}/bucketTaskBoardFormat,me.planner.tasks.DeleteBucketTaskBoardFormat,Delete navigation property bucketTaskBoardFormat for me,,x,high,a deletes nav property no restore,buildset-2026-09-18
b0265,microsoft,POST,/me/pendingAccessReviewInstances/{accessReviewInstance-id}/microsoft.graph.sendReminder,me.pendingAccessReviewInstances.accessReviewInstance.sendReminder,Invoke action sendReminder,Send a reminder to the reviewers of a currently active accessReviewInstance.,x,high,c sends reminder notification,buildset-2026-09-18
b0266,microsoft,POST,/groups/{group-id}/calendar/calendarView/{event-id}/exceptionOccurrences/{event-id1}/microsoft.graph.accept,groups.group.calendar.calendarView.event.exceptionOccurrences.event.accept,Invoke action accept,Accept the specified event in a user calendar.,x,low,c accept sends response notifies organizer,buildset-2026-09-18
b0267,microsoft,POST,/applications/{application-id}/synchronization/jobs/{synchronizationJob-id}/schema/directories/{directoryDefinition-id}/microsoft.graph.discover,applications.application.synchronization.jobs.synchronizationJob.schema.directories.directoryDefinition.discover,Invoke action discover,Discover the latest schema definition for provisioning to an application.,x,low,e discover triggers external sync job,buildset-2026-09-18
b0268,microsoft,DELETE,/users/{user-id}/profile/account/{userAccountInformation-id},users.profile.DeleteAccount,Delete navigation property account for users,,x,high,a deletes account no restore,buildset-2026-09-18
b0269,microsoft,DELETE,/sites/{site-id}/termStores/{store-id}/sets/{set-id}/terms/{term-id}/relations/{relation-id},sites.termStores.sets.terms.DeleteRelations,Delete navigation property relations for sites,,x,high,a deletes relation no restore,buildset-2026-09-18
b0270,microsoft,POST,/me/calendar/calendarView/{event-id}/instances/{event-id1}/microsoft.graph.snoozeReminder,me.calendar.calendarView.event.instances.event.snoozeReminder,Invoke action snoozeReminder,Postpone a reminder for an event in a user calendar until a new time.,w,high,iii edits reminder time settable back,buildset-2026-09-18
b0271,microsoft,POST,/me/managedDevices/{managedDevice-id}/microsoft.graph.disableLostMode,me.managedDevices.managedDevice.disableLostMode,Invoke action disableLostMode,Disable lost mode,w,high,toggle disable has enable opposite,buildset-2026-09-18
b0272,microsoft,PUT,/branding/localizations/{organizationalBrandingLocalization-id}/bannerLogo,branding.UpdateLocalizationsBannerLogo,Update bannerLogo for the navigation property localizations in branding,A banner version of your company logo that appears on the sign-in page. The allowed types are PNG or JPEG no larger than 36 × 245 pixels. We recommend using a transparent image with no padding around the logo.,w,high,w edits banner logo,buildset-2026-09-18
b0273,microsoft,POST,/me/chats/{chat-id}/installedApps/{teamsAppInstallation-id}/microsoft.graph.upgrade,me.chats.chat.installedApps.teamsAppInstallation.upgrade,Invoke action upgrade,Upgrade an app installation within a chat.,w,low,iii POST edits app installation upgrade,buildset-2026-09-18
b0274,microsoft,POST,/users/{user-id}/messages/{message-id}/microsoft.graph.createForward,users.user.messages.message.createForward,Invoke action createForward,"Create a draft to forward an existing message, in either JSON or MIME format. When using JSON format, you can: - Specify either a comment or the **body** property of the `message` parameter. Specifying both will return an HTTP 400 Bad Request error. - Specify either the `toRecipients` parameter or the **toRecipients** property of the `message` parameter. Specifying both or specifying neither will return an HTTP 400 Bad Request error. - Update the draft later to add content to the **body** or cha",w,high,ii creates draft not sent,buildset-2026-09-18
b0275,microsoft,DELETE,/deviceManagement/deviceConfigurationUserStateSummaries,deviceManagement.DeleteDeviceConfigurationUserStateSummaries,Delete navigation property deviceConfigurationUserStateSummaries for deviceManagement,,x,high,a deletes summary no restore,buildset-2026-09-18
b0276,microsoft,POST,/me/calendarGroups,me.CreateCalendarGroups,Create CalendarGroup,Use this API to create a new CalendarGroup.,w,high,ii plain create calendar group,buildset-2026-09-18
b0277,microsoft,POST,/officeConfiguration/clientConfigurations/microsoft.graph.updatePriorities,officeConfiguration.clientConfigurations.updatePriorities,Invoke action updatePriorities,,w,low,iii edits existing priorities,buildset-2026-09-18
b0278,microsoft,POST,/drives/{drive-id}/items/{driveItem-id}/workbook/functions/microsoft.graph.cos,drives.drive.items.driveItem.workbook.functions.cos,Invoke action cos,,r,high,i POST calculation returns value,buildset-2026-09-18
b0279,microsoft,PATCH,/identityGovernance/entitlementManagement/accessPackageResourceRoleScopes/{accessPackageResourceRoleScope-id}/accessPackageResourceScope/accessPackageResource/accessPackageResourceRoles/{accessPackageResourceRole-id}/accessPackageResource,identityGovernance.entitlementManagement.accessPackageResourceRoleScopes.accessPackageResourceScope.accessPackageResource.accessPackageResourceRoles.UpdateAccessPackageResource,Update the navigation property accessPackageResource in identityGovernance,,w,high,PATCH default w,buildset-2026-09-18
b0280,microsoft,DELETE,/deviceManagement/userExperienceAnalyticsResourcePerformance/{userExperienceAnalyticsResourcePerformance-id},deviceManagement.DeleteUserExperienceAnalyticsResourcePerformance,Delete navigation property userExperienceAnalyticsResourcePerformance for deviceManagement,,x,high,DELETE method wins no restore,buildset-2026-09-18
b0281,microsoft,POST,/drives/{drive-id}/items/{driveItem-id}/workbook/functions/microsoft.graph.xor,drives.drive.items.driveItem.workbook.functions.xor,Invoke action xor,,r,high,i pure calculation xor,buildset-2026-09-18
b0282,microsoft,PATCH,/me/pendingAccessReviewInstances/{accessReviewInstance-id}/stages/{accessReviewStage-id}/decisions/{accessReviewInstanceDecisionItem-id},me.pendingAccessReviewInstances.stages.UpdateDecisions,Update the navigation property decisions in me,,w,high,w edits access review decision,buildset-2026-09-18
b0283,microsoft,PATCH,/me/calendarGroups/{calendarGroup-id}/calendars/{calendar-id}/events/{event-id}/exceptionOccurrences/{event-id1}/singleValueExtendedProperties/{singleValueLegacyExtendedProperty-id},me.calendarGroups.calendars.events.exceptionOccurrences.UpdateSingleValueExtendedProperties,Update the navigation property singleValueExtendedProperties in me,,w,high,patch default w edits property,buildset-2026-09-18
b0284,microsoft,POST,/governanceRoleSettings,governanceRoleSettings.governanceRoleSetting.CreateGovernanceRoleSetting,Add new entity to governanceRoleSettings,,w,high,ii plain create entity,buildset-2026-09-18
b0285,microsoft,POST,/sites/{site-id}/onenote/sectionGroups,sites.onenote.CreateSectionGroups,Create new navigation property to sectionGroups for sites,,w,high,ii plain create section group,buildset-2026-09-18
b0286,microsoft,PATCH,/me/settings/itemInsights,me.settings.UpdateItemInsights,Update userInsightsSettings,Update the privacy settings for itemInsights and meeting hours insights of a user.,w,high,w edits privacy settings,buildset-2026-09-18
b0287,microsoft,PATCH,/me/joinedTeams/{team-id}/channels/{channel-id}/members/{conversationMember-id},me.joinedTeams.channels.UpdateMembers,Update the navigation property members in me,,w,high,w edits channel members,buildset-2026-09-18
b0288,microsoft,PATCH,/deviceManagement/deviceShellScripts/{deviceShellScript-id}/groupAssignments/{deviceManagementScriptGroupAssignment-id},deviceManagement.deviceShellScripts.UpdateGroupAssignments,Update the navigation property groupAssignments in deviceManagement,,w,high,w edits group assignments,buildset-2026-09-18
b0289,microsoft,DELETE,/connections/{externalConnection-id}/groups/{externalGroup-id}/members/{identity-id},connections.groups.DeleteMembers,Delete navigation property members for connections,,x,high,delete method wins on member removal,buildset-2026-09-18
b0290,microsoft,DELETE,/applications/{application-id}/synchronization/templates/{synchronizationTemplate-id},applications.synchronization.DeleteTemplates,Delete navigation property templates for applications,,x,high,DELETE method wins no restore,buildset-2026-09-18
b0291,microsoft,DELETE,/agreements/{agreement-id}/files/{agreementFileLocalization-id}/versions/{agreementFileVersion-id},agreements.files.DeleteVersions,Delete navigation property versions for agreements,,x,high,a deletes version no restore,buildset-2026-09-18
b0292,microsoft,DELETE,/tenantRelationships/managedTenants/managementTemplateStepVersions/{managementTemplateStepVersion-id}/deployments/{managementTemplateStepDeployment-id},tenantRelationships.managedTenants.managementTemplateStepVersions.DeleteDeployments,Delete navigation property deployments for tenantRelationships,,x,high,a deletes deployment no restore,buildset-2026-09-18
b0293,microsoft,POST,/groups/{group-id}/team/primaryChannel/microsoft.graph.completeMigration,groups.group.team.primaryChannel.completeMigration,Invoke action completeMigration,"Complete the message migration process by removing `migration mode` from a channel in a team. `Migration mode` is a special state that prevents certain operations, like sending messages and adding members, during the data migration process. After a **completeMigration** request is made, you cannot import additional messages into the team. You can add members to the team after the request returns a successful response.",x,high,f completing migration loses import,buildset-2026-09-18
b0294,microsoft,DELETE,/communications/onlineMeetings/{onlineMeeting-id}/attendanceReports/{meetingAttendanceReport-id}/attendanceRecords/{attendanceRecord-id},communications.onlineMeetings.attendanceReports.DeleteAttendanceRecords,Delete navigation property attendanceRecords for communications,,x,high,a deletes record no restore,buildset-2026-09-18
b0295,microsoft,DELETE,/education/me/assignments/{educationAssignment-id},education.me.DeleteAssignments,Delete navigation property assignments for education,,x,high,DELETE method wins no restore,buildset-2026-09-18
b0296,microsoft,POST,/roleManagement/directory/roleEligibilitySchedules,roleManagement.directory.CreateRoleEligibilitySchedules,Create new navigation property to roleEligibilitySchedules for roleManagement,,w,high,ii plain create schedule,buildset-2026-09-18
b0297,microsoft,DELETE,/users/{user-id}/pendingAccessReviewInstances/{accessReviewInstance-id}/decisions/{accessReviewInstanceDecisionItem-id}/instance/contactedReviewers/{accessReviewReviewer-id},users.pendingAccessReviewInstances.decisions.instance.DeleteContactedReviewers,Delete navigation property contactedReviewers for users,,x,high,a deletes contactedReviewers no restore,buildset-2026-09-18
b0298,microsoft,POST,/roleManagement/entitlementManagement/roleAssignmentScheduleRequests,roleManagement.entitlementManagement.CreateRoleAssignmentScheduleRequests,Create roleAssignmentScheduleRequests,"In PIM, carry out the following operations through the unifiedRoleAssignmentScheduleRequest object: + Request active and persistent role assignments for a principal, with or without expiry dates. + Activate, deactivate, extend, or renew an eligible role assignment for a principal. To call this API to update, renew, and extend assignments for yourself, you must have multi-factor authentication (MFA) enforced, and running the query in a session in which they were challenged for MFA. See Enable per",w,low,POST creates role assignment request settable back,buildset-2026-09-18
b0299,microsoft,POST,/users/{user-id}/calendars/{calendar-id}/multiValueExtendedProperties,users.calendars.CreateMultiValueExtendedProperties,Create new navigation property to multiValueExtendedProperties for users,,w,high,ii plain create property,buildset-2026-09-18
b0300,microsoft,DELETE,/groups/{group-id}/sites/{site-id}/termStores/{store-id}/groups/{group-id1}/sets/{set-id}/children/{term-id},groups.sites.termStores.groups.sets.DeleteChildren,Delete navigation property children for groups,,x,high,a deletes term children no restore,buildset-2026-09-18
b0301,gitea,POST,/repos/{owner}/{repo}/pulls/{index}/reviews/{id},repoSubmitPullReview,Submit a pending review to an pull request,,x,low,unsure submit review defaults tighter x,buildset-2026-09-18
b0302,gitea,PATCH,/repos/{owner}/{repo}/releases/{id}/assets/{attachment_id},repoEditReleaseAttachment,Edit a release attachment,,w,high,w edits attachment,buildset-2026-09-18
b0303,gitea,POST,/admin/hooks,adminCreateHook,Create a hook,,w,high,ii plain create hook,buildset-2026-09-18
b0304,gitea,POST,/org/{org}/repos,createOrgRepoDeprecated,Create a repository in an organization,,w,high,ii plain create repo,buildset-2026-09-18
b0305,gitea,DELETE,/repos/{owner}/{repo}/milestones/{id},issueDeleteMilestone,Delete a milestone,,x,high,a deletes milestone no restore,buildset-2026-09-18
b0306,gitea,POST,/repos/{template_owner}/{template_repo}/generate,generateRepo,Create a repository using a template,,w,high,ii plain create repo from template,buildset-2026-09-18
b0307,gitea,POST,/repos/{owner}/{repo}/pulls,repoCreatePullRequest,Create a pull request,,w,high,ii plain create pull request,buildset-2026-09-18
b0308,gitea,DELETE,/repos/{owner}/{repo}/pulls/{index}/requested_reviewers,repoDeletePullReviewRequests,cancel review requests for a pull request,,x,high,DELETE removes review requests method wins,buildset-2026-09-18
b0309,gitea,DELETE,/repos/{owner}/{repo}/issues/{index}/subscriptions/{user},issueDeleteSubscription,Unsubscribe user from issue,,x,high,delete method wins on subscription removal,buildset-2026-09-18
b0310,gitea,POST,/repos/{owner}/{repo}/issues/{index}/comments,issueCreateComment,Add a comment to an issue,,w,high,ii plain create of comment,buildset-2026-09-18
b0311,gitea,POST,/admin/cron/{task},adminCronRun,Run cron task,,x,high,e runs cron job,buildset-2026-09-18
b0312,gitea,DELETE,/repos/{owner}/{repo}/branches/{branch},repoDeleteBranch,Delete a specific branch from a repository,,x,high,a deletes branch no restore,buildset-2026-09-18
b0313,gitea,DELETE,/repos/{owner}/{repo}/pulls/{index}/reviews/{id},repoDeletePullReview,Delete a specific review from a pull request,,x,high,delete method no trash,buildset-2026-09-18
b0314,gitea,POST,/repos/{owner}/{repo}/issues/{index}/stopwatch/start,issueStartStopWatch,Start stopwatch on an issue.,,w,high,stoppable startable state,buildset-2026-09-18
b0315,gitea,POST,/markdown,renderMarkdown,Render a markdown document as HTML,,r,high,i renders returns not stored,buildset-2026-09-18
b0316,gitea,DELETE,/repos/{owner}/{repo}/keys/{id},repoDeleteKey,Delete a key from a repository,,x,high,a deletes key no restore,buildset-2026-09-18
b0317,gitea,PATCH,/orgs/{org}/labels/{id},orgEditLabel,Update a label,,w,high,patch default w updates label,buildset-2026-09-18
b0318,gitea,POST,/repos/{owner}/{repo}/issues/{index}/labels,issueAddLabel,Add a label to an issue,,w,high,ii plain create label addable back,buildset-2026-09-18
b0319,gitea,DELETE,/users/{username}/tokens/{token},userDeleteAccessToken,delete an access token,,x,high,b revokes access token,buildset-2026-09-18
b0320,gitea,PATCH,/orgs/{org},orgEdit,Edit an organization,,w,high,patch default edit org,buildset-2026-09-18
b0321,gitea,PATCH,/admin/users/{username},adminEditUser,Edit an existing user,,w,high,PATCH default w,buildset-2026-09-18
b0322,gitea,POST,/orgs/{org}/hooks,orgCreateHook,Create a hook,,w,high,ii plain create hook,buildset-2026-09-18
b0323,gitea,POST,/repos/{owner}/{repo}/issues/{index}/assets,issueCreateIssueAttachment,Create an issue attachment,,w,high,ii plain create attachment,buildset-2026-09-18
b0324,gitea,DELETE,/repos/{owner}/{repo}/issues/{index}/comments/{id},issueDeleteCommentDeprecated,Delete a comment,,x,high,a deletes comment no restore,buildset-2026-09-18
b0325,gitea,DELETE,/repos/{owner}/{repo}/issues/comments/{id}/assets/{attachment_id},issueDeleteIssueCommentAttachment,Delete a comment attachment,,x,high,a deletes attachment no restore,buildset-2026-09-18
b0326,gitea,POST,/user/gpg_keys,userCurrentPostGPGKey,Create a GPG key,,w,high,ii plain create gpg key,buildset-2026-09-18
b0327,gitea,DELETE,/repos/{owner}/{repo}/issues/comments/{id},issueDeleteComment,Delete a comment,,x,high,a deletes comment no restore,buildset-2026-09-18
b0328,gitea,POST,/repos/{owner}/{repo}/push_mirrors-sync,repoPushMirrorSync,Sync all push mirrored repository,,x,high,e syncs mirrored repo,buildset-2026-09-18
b0329,gitea,POST,/repos/{owner}/{repo}/issues/{index}/stopwatch/stop,issueStopStopWatch,Stop an issue's existing stopwatch.,,w,high,stopping resumable stopwatch,buildset-2026-09-18
b0330,gitea,POST,/repos/{owner}/{repo}/issues,issueCreateIssue,"Create an issue. If using deadline only the date will be taken into account, and time of day ignored.",,w,high,ii plain create of issue,buildset-2026-09-18
b0331,gitea,PUT,/repos/{owner}/{repo}/contents/{filepath},repoUpdateFile,Update a file in a repository,,w,high,put default update file,buildset-2026-09-18
b0332,gitea,PUT,/repos/{owner}/{repo}/collaborators/{collaborator},repoAddCollaborator,Add a collaborator to a repository,,w,high,PUT default adds collaborator settable back,buildset-2026-09-18
b0333,gitea,POST,/admin/users/{username}/keys,adminCreatePublicKey,Add a public key on behalf of a user,,w,high,ii plain create public key,buildset-2026-09-18
b0334,gitea,POST,/user/applications/oauth2,userCreateOAuth2Application,creates a new OAuth2 application,,w,high,ii plain create oauth app,buildset-2026-09-18
b0335,gitea,DELETE,/repos/{owner}/{repo}/issues/{index},issueDelete,Delete an issue,,x,high,DELETE no trash named,buildset-2026-09-18
b0336,gitea,POST,/repos/{owner}/{repo}/issues/{index}/deadline,issueEditIssueDeadline,"Set an issue deadline. If set to null, the deadline is deleted. If using deadline only the date will be taken into account, and time of day ignored.",,w,high,w sets field settable back,buildset-2026-09-18
b0337,gitea,DELETE,/repos/{owner}/{repo}/issues/comments/{id}/reactions,issueDeleteCommentReaction,Remove a reaction from a comment of an issue,,x,high,DELETE method wins removes reaction,buildset-2026-09-18
b0338,gitea,POST,/orgs,orgCreate,Create an organization,,w,high,ii plain create org,buildset-2026-09-18
b0339,gitea,PATCH,/repos/{owner}/{repo}/issues/{index},issueEditIssue,"Edit an issue. If using deadline only the date will be taken into account, and time of day ignored.",,w,high,PATCH default w,buildset-2026-09-18
b0340,gitea,POST,/repos/{owner}/{repo}/hooks,repoCreateHook,Create a hook,,w,high,ii plain create hook,buildset-2026-09-18
b0341,gitea,DELETE,/teams/{id}/repos/{org}/{repo},orgRemoveTeamRepository,Remove a repository from a team,"This does not delete the repository, it only removes the repository from the team.",x,high,DELETE method wins removes repo link,buildset-2026-09-18
b0342,gitea,PATCH,/notifications/threads/{id},notifyReadThread,Mark notification thread as read by ID,,w,high,PATCH default mark read settable,buildset-2026-09-18
b0343,gitea,POST,/admin/users/{username}/repos,adminCreateRepo,Create a repository on behalf of a user,,w,high,ii plain create repo,buildset-2026-09-18
b0344,gitea,DELETE,/repos/{owner}/{repo}/issues/{index}/times/{id},issueDeleteTime,Delete specific tracked time,,x,high,a deletes tracked time no restore,buildset-2026-09-18
b0345,gitea,POST,/repos/{owner}/{repo}/diffpatch,repoApplyDiffPatch,Apply diff patch to repository,,w,low,iii applies patch edit reversible,buildset-2026-09-18
b0346,gitea,PUT,/orgs/{org}/public_members/{username},orgPublicizeMember,Publicize a user's membership,,w,high,PUT default toggle publicize has conceal opposite,buildset-2026-09-18
b0347,gitea,POST,/admin/users,adminCreateUser,Create a user,,w,high,ii plain create user,buildset-2026-09-18
b0348,gitea,DELETE,/user/applications/oauth2/{id},userDeleteOAuth2Application,delete an OAuth2 Application,,x,high,delete method no trash,buildset-2026-09-18
b0349,gitea,POST,/repos/{owner}/{repo}/pulls/{index}/reviews/{id}/dismissals,repoDismissPullReview,Dismiss a review for a pull request,,x,low,unsure dismiss review not undoable tighter x,buildset-2026-09-18
b0350,gitea,DELETE,/user/starred/{owner}/{repo},userCurrentDeleteStar,Unstar the given repo,,w,high,toggle unstar has opposite star,buildset-2026-09-18
b0351,gitea,DELETE,/teams/{id},orgDeleteTeam,Delete a team,,x,high,DELETE method wins no restore named,buildset-2026-09-18
b0352,gitea,POST,/user/keys,userCurrentPostKey,Create a public key,,w,high,ii plain create of public key,buildset-2026-09-18
b0353,gitea,POST,/user/emails,userAddEmail,Add email addresses,,w,high,ii plain create email,buildset-2026-09-18
b0354,gitea,PATCH,/orgs/{org}/hooks/{id},orgEditHook,Update a hook,,w,high,PATCH default edit hook,buildset-2026-09-18
b0355,gitea,POST,/repos/{owner}/{repo}/issues/comments/{id}/assets,issueCreateIssueCommentAttachment,Create a comment attachment,,w,high,ii plain create attachment,buildset-2026-09-18
b0356,gitea,PATCH,/repos/{owner}/{repo}/issues/comments/{id}/assets/{attachment_id},issueEditIssueCommentAttachment,Edit a comment attachment,,w,high,w edits comment attachment,buildset-2026-09-18
b0357,gitea,DELETE,/repos/{owner}/{repo}/releases/tags/{tag},repoDeleteReleaseByTag,Delete a release by tag name,,x,high,a deletes release by tag,buildset-2026-09-18
b0358,gitea,DELETE,/repos/{owner}/{repo}/pulls/{index}/merge,repoCancelScheduledAutoMerge,Cancel the scheduled auto merge for the given pull request,,w,low,stopping scheduled action can restart,buildset-2026-09-18
b0359,gitea,DELETE,/repos/{owner}/{repo}/labels/{id},issueDeleteLabel,Delete a label,,x,high,delete method no trash,buildset-2026-09-18
b0360,gitea,DELETE,/orgs/{org}/public_members/{username},orgConcealMember,Conceal a user's membership,,x,high,DELETE conceals membership method wins,buildset-2026-09-18
b0361,gitea,DELETE,/repos/{owner}/{repo},repoDelete,Delete a repository,,x,high,a deletes repo no restore,buildset-2026-09-18
b0362,gitea,DELETE,/orgs/{org}/hooks/{id},orgDeleteHook,Delete a hook,,x,high,DELETE method wins no restore named,buildset-2026-09-18
b0363,gitea,DELETE,/repos/{owner}/{repo}/wiki/page/{pageName},repoDeleteWikiPage,Delete a wiki page,,x,high,a deletes wiki page no restore,buildset-2026-09-18
b0364,gitea,POST,/repos/migrate,repoMigrate,Migrate a remote git repository,,x,high,e imports repo from external source,buildset-2026-09-18
b0365,gitea,PUT,/repos/{owner}/{repo}/topics,repoUpdateTopics,Replace list of topics for a repository,,w,high,w replaces topics settable back,buildset-2026-09-18
b0366,gitea,POST,/repos/{owner}/{repo}/keys,repoCreateKey,Add a key to a repository,,w,high,ii plain create key,buildset-2026-09-18
b0367,gitea,POST,/repos/{owner}/{repo}/releases/{id}/assets,repoCreateReleaseAttachment,Create a release attachment,,w,high,ii plain create of release asset,buildset-2026-09-18
b0368,gitea,POST,/orgs/{org}/repos,createOrgRepo,Create a repository in an organization,,w,high,ii plain create repo,buildset-2026-09-18
b0369,gitea,PATCH,/admin/hooks/{id},adminEditHook,Update a hook,,w,high,PATCH default edits hook,buildset-2026-09-18
b0370,gitea,DELETE,/admin/unadopted/{owner}/{repo},adminDeleteUnadoptedRepository,Delete unadopted files,,x,high,a deletes unadopted files no restore,buildset-2026-09-18
b0371,gitea,POST,/repos/{owner}/{repo}/releases,repoCreateRelease,Create a release,,w,high,ii plain create release,buildset-2026-09-18
b0372,gitea,DELETE,/user/keys/{id},userCurrentDeleteKey,Delete a public key,,x,high,a deletes key no restore,buildset-2026-09-18
b0373,gitea,POST,/repos/{owner}/{repo}/statuses/{sha},repoCreateStatus,Create a commit status,,w,high,ii plain create commit status,buildset-2026-09-18
b0374,gitea,DELETE,/repos/{owner}/{repo}/issues/{index}/assets/{attachment_id},issueDeleteIssueAttachment,Delete an issue attachment,,x,high,a deletes issue attachment no restore,buildset-2026-09-18
b0375,gitea,PUT,/user/following/{username},userCurrentPutFollow,Follow a user,,w,high,toggle follow has unfollow,buildset-2026-09-18
b0376,gitea,POST,/activitypub/user/{username}/inbox,activitypubPersonInbox,Send to the inbox,,x,high,c sends to inbox,buildset-2026-09-18
b0377,gitea,POST,/repos/{owner}/{repo}/pulls/{index}/update,repoUpdatePullRequest,Merge PR's baseBranch into headBranch,,x,low,e syncs branch merge run unsure,buildset-2026-09-18
b0378,gitea,POST,/repos/{owner}/{repo}/tags,repoCreateTag,Create a new git tag in a repository,,w,high,ii plain create git tag,buildset-2026-09-18
b0379,gitea,POST,/repos/{owner}/{repo}/transfer/accept,acceptRepoTransfer,Accept a repo transfer,,w,low,ownership change settable back via re-transfer,buildset-2026-09-18
b0380,gitea,POST,/repos/{owner}/{repo}/milestones,issueCreateMilestone,Create a milestone,,w,high,ii plain create milestone,buildset-2026-09-18
b0381,gitea,POST,/repos/{owner}/{repo}/wiki/new,repoCreateWikiPage,Create a wiki page,,w,high,ii plain create wiki page,buildset-2026-09-18
b0382,gitea,DELETE,/orgs/{org},orgDelete,Delete an organization,,x,high,a deletes organization no restore,buildset-2026-09-18
b0383,gitea,DELETE,/repos/{owner}/{repo}/issues/{index}/labels/{id},issueRemoveLabel,Remove a label from an issue,,x,high,delete method wins on membership removal,buildset-2026-09-18
b0384,gitea,DELETE,/repos/{owner}/{repo}/hooks/git/{id},repoDeleteGitHook,Delete a Git hook in a repository,,x,high,DELETE no trash named,buildset-2026-09-18
b0385,gitea,POST,/users/{username}/tokens,userCreateToken,Create an access token,,w,high,ii plain create of access token,buildset-2026-09-18
b0386,gitea,DELETE,/repos/{owner}/{repo}/issues/{index}/reactions,issueDeleteIssueReaction,Remove a reaction from an issue,,x,high,DELETE removes reaction method wins x,buildset-2026-09-18
b0387,gitea,DELETE,/orgs/{org}/labels/{id},orgDeleteLabel,Delete a label,,x,high,DELETE method wins no restore named,buildset-2026-09-18
b0388,gitea,DELETE,/repos/{owner}/{repo}/teams/{team},repoDeleteTeam,Delete a team from a repository,,x,high,DELETE removes team from repo method wins x,buildset-2026-09-18
b0389,gitea,DELETE,/packages/{owner}/{type}/{name}/{version},deletePackage,Delete a package,,x,high,DELETE no trash named,buildset-2026-09-18
b0390,gitea,DELETE,/repos/{owner}/{repo}/issues/{index}/labels,issueClearLabels,Remove all labels from an issue,,x,high,DELETE method wins clears labels,buildset-2026-09-18
b0391,gitea,PATCH,/repos/{owner}/{repo}/issues/{index}/comments/{id},issueEditCommentDeprecated,Edit a comment,,w,high,PATCH default edits comment,buildset-2026-09-18
b0392,gitea,DELETE,/repos/{owner}/{repo}/subscription,userCurrentDeleteSubscription,Unwatch a repo,,x,high,DELETE removes subscription method wins,buildset-2026-09-18
b0393,gitea,DELETE,/orgs/{org}/members/{username},orgDeleteMember,Remove a member from an organization,,x,high,DELETE method wins membership,buildset-2026-09-18
b0394,gitea,POST,/repos/{owner}/{repo}/pulls/{index}/merge,repoMergePullRequest,Merge a pull request,,x,high,e merge cannot be undone,buildset-2026-09-18
b0395,gitea,PATCH,/repos/{owner}/{repo}/labels/{id},issueEditLabel,Update a label,,w,high,patch default w updates label,buildset-2026-09-18
b0396,gitea,POST,/repos/{owner}/{repo}/mirror-sync,repoMirrorSync,Sync a mirrored repository,,x,high,e syncs job cannot be undone,buildset-2026-09-18
b0397,gitea,DELETE,/repos/{owner}/{repo}/topics/{topic},repoDeleteTopic,Delete a topic from a repository,,x,high,a deletes topic no restore,buildset-2026-09-18
b0398,gitea,PUT,/repos/{owner}/{repo}/topics/{topic},repoAddTopic,Add a topic to a repository,,w,high,put default w adds topic,buildset-2026-09-18
b0399,gitea,POST,/admin/unadopted/{owner}/{repo},adminAdoptRepository,Adopt unadopted files as a repository,,w,high,ii plain create adopt repository,buildset-2026-09-18
b0400,gitea,DELETE,/amdin/hooks/{id},adminDeleteHook,Delete a hook,,x,high,DELETE method wins no restore named,buildset-2026-09-18
b0401,gitea,POST,/repos/{owner}/{repo}/issues/{index}/times,issueAddTime,Add tracked time to a issue,,w,high,ii plain create time entry,buildset-2026-09-18
b0402,gitea,POST,/repos/{owner}/{repo}/labels,issueCreateLabel,Create a label,,w,high,ii plain create of label,buildset-2026-09-18
b0403,gitea,PUT,/repos/{owner}/{repo}/subscription,userCurrentPutSubscription,Watch a repo,,w,high,toggle watch unwatch,buildset-2026-09-18
b0404,gitea,DELETE,/repos/{owner}/{repo}/releases/{id}/assets/{attachment_id},repoDeleteReleaseAttachment,Delete a release attachment,,x,high,a deletes attachment no restore,buildset-2026-09-18
b0405,gitea,PUT,/repos/{owner}/{repo}/teams/{team},repoAddTeam,Add a team to a repository,,w,high,w adds team via PUT settable back,buildset-2026-09-18
b0406,gitea,PUT,/notifications,notifyReadList,"Mark notification threads as read, pinned or unread",,w,high,toggle read state settable back,buildset-2026-09-18
b0407,gitea,DELETE,/user/gpg_keys/{id},userCurrentDeleteGPGKey,Remove a GPG key,,x,high,b DELETE removes key,buildset-2026-09-18
b0408,gitea,PATCH,/repos/{owner}/{repo}/wiki/page/{pageName},repoEditWikiPage,Edit a wiki page,,w,high,w edits wiki page,buildset-2026-09-18
b0409,gitea,POST,/repos/{owner}/{repo}/pulls/{index}/reviews,repoCreatePullReview,Create a review to an pull request,,w,high,ii plain create review,buildset-2026-09-18
b0410,gitea,DELETE,/repos/{owner}/{repo}/collaborators/{collaborator},repoDeleteCollaborator,Delete a collaborator from a repository,,x,high,DELETE removes collaborator method wins x,buildset-2026-09-18
b0411,gitea,PATCH,/user/applications/oauth2/{id},userUpdateOAuth2Application,"update an OAuth2 Application, this includes regenerating the client secret",,x,high,b rotates client secret,buildset-2026-09-18
b0412,gitea,POST,/repos/{owner}/{repo}/pulls/{index}/reviews/{id}/undismissals,repoUnDismissPullReview,Cancel to dismiss a review for a pull request,,w,high,toggle undismiss reverses dismiss,buildset-2026-09-18
b0413,gitea,PATCH,/user/settings,updateUserSettings,Update user settings,,w,high,patch default update settings,buildset-2026-09-18
b0414,gitea,PATCH,/repos/{owner}/{repo}/pulls/{index},repoEditPullRequest,"Update a pull request. If using deadline only the date will be taken into account, and time of day ignored.",,w,high,PATCH default w,buildset-2026-09-18
b0415,gitea,PATCH,/repos/{owner}/{repo}/hooks/git/{id},repoEditGitHook,Edit a Git hook in a repository,,w,high,PATCH default w,buildset-2026-09-18
b0416,gitea,POST,/user/gpg_key_verify,userVerifyGPGKey,Verify a GPG key,,r,high,i verify read only,buildset-2026-09-18
b0417,gitea,PUT,/repos/{owner}/{repo}/notifications,notifyReadRepoList,"Mark notification threads as read, pinned or unread on a specific repo",,w,high,w marks notifications settable back,buildset-2026-09-18
b0418,gitea,POST,/orgs/{org}/teams,orgCreateTeam,Create a team,,w,high,ii plain create team,buildset-2026-09-18
b0419,gitea,POST,/orgs/{org}/labels,orgCreateLabel,Create a label for an organization,,w,high,ii plain create label,buildset-2026-09-18
b0420,gitea,POST,/repos/{owner}/{repo}/contents/{filepath},repoCreateFile,Create a file in a repository,,w,high,ii plain create file,buildset-2026-09-18
b0421,gitea,PATCH,/repos/{owner}/{repo}/branch_protections/{name},repoEditBranchProtection,Edit a branch protections for a repository. Only fields that are set will be changed,,w,high,w edits branch protection,buildset-2026-09-18
b0422,gitea,POST,/user/repos,createCurrentUserRepo,Create a repository,,w,high,ii plain create repo,buildset-2026-09-18
b0423,gitea,PATCH,/repos/{owner}/{repo},repoEdit,Edit a repository's properties. Only fields that are set will be changed.,,w,high,w edits repo properties,buildset-2026-09-18
b0424,gitea,DELETE,/user/emails,userDeleteEmail,Delete email addresses,,x,high,a deletes emails no restore,buildset-2026-09-18
b0425,gitea,DELETE,/teams/{id}/members/{username},orgRemoveTeamMember,Remove a team member,,x,high,DELETE method wins removes member,buildset-2026-09-18
b0426,gitea,POST,/admin/users/{username}/orgs,adminCreateOrg,Create an organization,,w,high,ii plain create organization,buildset-2026-09-18
b0427,gitea,POST,/repos/{owner}/{repo}/pulls/{index}/requested_reviewers,repoCreatePullReviewRequests,create review requests for a pull request,,w,high,ii plain create no notify named,buildset-2026-09-18
b0428,gitea,DELETE,/repos/{owner}/{repo}/push_mirrors/{name},repoDeletePushMirror,deletes a push mirror from a repository by remoteName,,x,high,DELETE no trash named,buildset-2026-09-18
b0429,gitea,POST,/repos/{owner}/{repo}/branches,repoCreateBranch,Create a branch,,w,high,ii plain create branch,buildset-2026-09-18
b0430,gitea,POST,/markdown/raw,renderMarkdownRaw,Render raw markdown as HTML,,r,high,i POST that only renders returns not stored,buildset-2026-09-18
b0431,gitea,PATCH,/teams/{id},orgEditTeam,Edit a team,,w,high,w edits team,buildset-2026-09-18
b0432,gitea,POST,/repos/{owner}/{repo}/issues/{index}/reactions,issuePostIssueReaction,Add a reaction to an issue,,w,high,ii plain create reaction,buildset-2026-09-18
b0433,gitea,PUT,/teams/{id}/repos/{org}/{repo},orgAddTeamRepository,Add a repository to a team,,w,high,w adds repo to team removable,buildset-2026-09-18
b0434,gitea,POST,/repos/{owner}/{repo}/forks,createFork,Fork a repository,,w,high,ii plain create fork repo,buildset-2026-09-18
b0435,gitea,POST,/repos/{owner}/{repo}/transfer/reject,rejectRepoTransfer,Reject a repo transfer,,w,low,declined transfer status change,buildset-2026-09-18
b0436,gitea,PATCH,/repos/{owner}/{repo}/issues/{index}/assets/{attachment_id},issueEditIssueAttachment,Edit an issue attachment,,w,high,w edits attachment,buildset-2026-09-18
b0437,gitea,DELETE,/repos/{owner}/{repo}/issues/{index}/stopwatch/delete,issueDeleteStopWatch,Delete an issue's existing stopwatch.,,x,high,a deletes stopwatch no restore,buildset-2026-09-18
b0438,gitea,POST,/repos/{owner}/{repo}/issues/comments/{id}/reactions,issuePostCommentReaction,Add a reaction to a comment of an issue,,w,high,ii plain create reaction,buildset-2026-09-18
b0439,gitea,PUT,/user/starred/{owner}/{repo},userCurrentPutStar,Star the given repo,,w,high,toggle star has opposite unstar,buildset-2026-09-18
b0440,gitea,POST,/repos/{owner}/{repo}/branch_protections,repoCreateBranchProtection,Create a branch protections for a repository,,w,high,ii plain create protection,buildset-2026-09-18
b0441,gitea,PATCH,/repos/{owner}/{repo}/issues/comments/{id},issueEditComment,Edit a comment,,w,high,PATCH default w,buildset-2026-09-18
b0442,gitea,PATCH,/repos/{owner}/{repo}/releases/{id},repoEditRelease,Update a release,,w,high,w edits release,buildset-2026-09-18
b0443,gitea,DELETE,/repos/{owner}/{repo}/issues/{index}/times,issueResetTime,Reset a tracked time of an issue,,x,high,DELETE resets removes no restore,buildset-2026-09-18
b0444,gitea,POST,/repos/{owner}/{repo}/transfer,repoTransfer,Transfer a repo ownership,,w,low,w changes owner settable via transfer back,buildset-2026-09-18
b0445,gitea,PUT,/repos/{owner}/{repo}/issues/{index}/labels,issueReplaceLabels,Replace an issue's labels,,w,high,w replaces labels settable back,buildset-2026-09-18
b0446,gitea,DELETE,/repos/{owner}/{repo}/releases/{id},repoDeleteRelease,Delete a release,,x,high,a deletes release no restore,buildset-2026-09-18
b0447,gitea,POST,/repos/{owner}/{repo}/hooks/{id}/tests,repoTestHook,Test a push webhook,,x,low,unsure test sends payload tighter x,buildset-2026-09-18
b0448,gitea,DELETE,/repos/{owner}/{repo}/branch_protections/{name},repoDeleteBranchProtection,Delete a specific branch protection for the repository,,x,high,a deletes branch protection no restore,buildset-2026-09-18
b0449,gitea,PATCH,/repos/{owner}/{repo}/milestones/{id},issueEditMilestone,Update a milestone,,w,high,patch default update milestone,buildset-2026-09-18
b0450,gitea,DELETE,/admin/users/{username},adminDeleteUser,Delete a user,,x,high,DELETE method wins no restore named,buildset-2026-09-18
b0451,appcenter,POST,/v0.1/orgs/{org_name}/teams,teams_createTeam,,Creates a team and returns it,w,high,ii plain create team,buildset-2026-09-18
b0452,appcenter,PATCH,/v0.1/apps/{owner_name}/{app_name}/crash_groups/{crash_group_id},crashGroups_update,,Updates a group.,w,high,patch default update,buildset-2026-09-18
b0453,appcenter,DELETE,/v0.1/apps/{owner_name}/{app_name}/releases/{release_id}/groups/{group_id},releases_deleteDistributionGroup,,Delete the given distribution group from the release,x,high,DELETE no trash named,buildset-2026-09-18
b0454,appcenter,PATCH,/v0.1/apps/{owner_name}/{app_name}/invitations/{user_email},appInvitations_updatePermissions,,Update pending invitation permission,w,high,w edits invitation permission,buildset-2026-09-18
b0455,appcenter,PATCH,/v0.1/apps/{owner_name}/{app_name}/test_series/{test_series_slug},test_patchTestSeries,,Updates name and slug of a test series,w,high,w edits test series name,buildset-2026-09-18
b0456,appcenter,POST,/v0.1/orgs,organizations_createOrUpdate,,Creates a new organization and returns it to the caller,w,high,ii plain create organization,buildset-2026-09-18
b0457,appcenter,DELETE,/v0.1/apps/{owner_name}/{app_name}/branches/{branch}/config,branchConfigurations_delete,,Deletes the branch build configuration,x,high,a deletes branch config no restore,buildset-2026-09-18
b0458,appcenter,POST,/v0.1/apps/{owner_name}/{app_name}/releases/{release_id}/testers,releases_addTesters,,Distributes a release to a user,x,high,c distributes release delivers to user,buildset-2026-09-18
b0459,appcenter,POST,/v0.1/user/dsr/delete,DataSubjectRight_DeleteRequest,,,x,high,a/e triggers deletion of data,buildset-2026-09-18
b0460,appcenter,POST,/v0.1/apps/{owner_name}/{app_name}/test_runs/{test_run_id}/start,test_startTestRun,,Starts test run,x,high,e runs test job,buildset-2026-09-18
b0461,appcenter,DELETE,/v0.1/orgs/{org_name}/teams/{team_name}/users/{user_name},teams_removeUser,,Removes a user from a team that is owned by an organization,x,high,DELETE removes user from team method wins,buildset-2026-09-18
b0462,appcenter,PATCH,/v0.1/apps/{owner_name}/{app_name},apps_update,,Partially updates a single app,w,high,patch default partial update,buildset-2026-09-18
b0463,appcenter,POST,/v0.1/user/invitations/orgs/{invitation_token}/accept,orgInvitations_accept,,Accepts a pending organization invitation for the specified user,w,high,membership change settable back,buildset-2026-09-18
b0464,appcenter,PUT,/v0.1/apps/{owner_name}/{app_name}/releases/{release_id},releases_updateDetails,,Update details of a release.,w,high,PUT default edit release,buildset-2026-09-18
b0465,appcenter,DELETE,/v0.1/apps/{owner_name}/{app_name},apps_delete,,Delete an app,x,high,a deletes app no restore,buildset-2026-09-18
b0466,appcenter,POST,/v0.1/apps/{owner_name}/{app_name}/device_selection,test_createDeviceSelection,,Creates a short ID for a list of devices,w,high,ii plain create device selection,buildset-2026-09-18
b0467,appcenter,DELETE,/v0.1/apps/{owner_name}/{app_name}/distribution_groups/{distribution_group_name}/releases/{release_id},releases_deleteWithDistributionGroupId,,Deletes a release with id 'release_id' in a given distribution group.,x,high,a deletes release no restore,buildset-2026-09-18
b0468,appcenter,POST,/v0.1/apps/{owner_name}/{app_name}/deployments/{deployment_name}/releases,codePushDeploymentReleases_create,,Create a new CodePush release for the specified deployment,w,high,ii plain create release,buildset-2026-09-18
b0469,appcenter,DELETE,/v0.1/apps/{owner_name}/{app_name}/distribution_stores/{store_name}/releases/{release_id},storeReleases_delete,,delete the release with release Id,x,high,DELETE no trash named,buildset-2026-09-18
b0470,appcenter,POST,/v0.1/apps/{owner_name}/{app_name}/test_runs/{test_run_id}/hashes,test_uploadHash,,Adds file with the given hash to a test run,w,high,ii plain create hash entry,buildset-2026-09-18
b0471,appcenter,POST,/v0.1/user/dsr/export,DataSubjectRight_ExportRequest,,,x,low,e runs export job,buildset-2026-09-18
b0472,appcenter,POST,/v0.1/apps/{owner_name}/{app_name}/transfer_to_org,apps_transferToOrg,,Transfers ownership of an app to a new organization,w,high,w transfers app ownership settable back,buildset-2026-09-18
b0473,appcenter,POST,/v0.1/orgs/{org_name}/distribution_groups/{distribution_group_name}/members,distributionGroups_addUsersForOrg,,Accepts an array of user email addresses to get added to the specified group,w,high,ii adds members removable,buildset-2026-09-18
b0474,appcenter,DELETE,/v0.1/apps/{owner_name}/{app_name}/export_configurations/{export_configuration_id},ExportConfigurations_Delete,,Delete export configuration.,x,high,delete method no trash,buildset-2026-09-18
b0475,appcenter,POST,/v0.1/orgs/{org_name}/avatar,organization_updateAvatar,,Sets the organization avatar,w,high,iii POST edits sets avatar,buildset-2026-09-18
b0476,appcenter,POST,/v0.1/apps/{owner_name}/{app_name}/distribution_groups,distributionGroups_create,,Creates a new distribution group and returns it to the caller,w,high,ii plain create distribution group,buildset-2026-09-18
b0477,appcenter,DELETE,/v0.1/apps/{owner_name}/{app_name}/api_tokens/{api_token_id},appApiTokens_delete,,Delete the App Api Token object with the specific ID,x,high,b revokes token credential,buildset-2026-09-18
b0478,appcenter,POST,/v0.1/orgs/{org_name}/distribution_groups,distributionGroups_createForOrg,,Creates a disribution goup which can be shared across apps under an organization,w,high,ii plain create distribution group,buildset-2026-09-18
b0479,appcenter,DELETE,/v0.1/apps/{owner_name}/{app_name}/repo_config,repositoryConfigurations_delete,,Removes the configuration for the repository,x,high,DELETE no trash named,buildset-2026-09-18
b0480,appcenter,DELETE,/v0.1/apps/{owner_name}/{app_name}/distribution_groups/{distribution_group_name},distributionGroups_delete,,Deletes a distribution group,x,high,a deletes distribution group no restore,buildset-2026-09-18
b0481,appcenter,PATCH,/v0.1/apps/{owner_name}/{app_name}/symbol_uploads/{symbol_upload_id},symbolUploads_complete,,Commits or aborts the symbol upload process for a new set of symbols for the specified application,w,low,patch default ambiguous commit/abort,buildset-2026-09-18
b0482,appcenter,DELETE,/v0.1/orgs/{org_name}/distribution_groups/{distribution_group_name},distributionGroups_deleteForOrg,,Deletes a single distribution group from an org with a given distribution group name,x,high,a deletes group no restore,buildset-2026-09-18
b0483,appcenter,POST,/v0.1/apps/{owner_name}/{app_name}/azure_subscriptions,azureSubscription_linkForApp,,Link azure subscription to an app,w,high,ii plain create link,buildset-2026-09-18
b0484,appcenter,POST,/v0.1/apps/{owner_name}/{app_name}/avatar,apps_updateAvatar,,Sets the app avatar,w,high,w sets app avatar settable back,buildset-2026-09-18
b0485,appcenter,POST,/v0.1/apps/{owner_name}/{app_name}/export_configurations/{export_configuration_id}/enable,ExportConfigurations_Enable,,Enable export configuration.,w,high,toggle enable has disable,buildset-2026-09-18
b0486,appcenter,POST,/v0.1/apps,apps_create,,Creates a new app and returns it to the caller,w,high,ii plain create app,buildset-2026-09-18
b0487,appcenter,POST,/v0.1/apps/{owner_name}/{app_name}/symbol_uploads,symbolUploads_create,,Begins the symbol upload process for a new set of symbols for the specified application,w,high,ii plain create symbol upload,buildset-2026-09-18
b0488,appcenter,DELETE,/v0.1/apps/{owner_name}/{app_name}/releases/{release_id}/stores/{store_id},releases_deleteDistributionStore,,Delete the given distribution store from the release,x,high,DELETE removes store from release method wins x,buildset-2026-09-18
b0489,appcenter,PATCH,/v0.1/apps/{owner_name}/{app_name}/errors/errorGroups/{errorGroupId},Errors_UpdateState,,Update error group state,w,high,PATCH default edit state,buildset-2026-09-18
b0490,appcenter,POST,/v0.1/apps/{owner_name}/{app_name}/deployments/{deployment_name}/rollback_release,codePushDeploymentRelease_rollback,,Rollback the latest or a specific release for an app deployment,x,low,e rollback triggers deployment release,buildset-2026-09-18
b0491,appcenter,POST,/v0.1/orgs/{org_name}/invitations/{email}/resend,orgInvitations_sendNewInvitation,,Cancels an existing organization invitation for the user and sends a new one,x,high,c cancels and sends new invitation email,buildset-2026-09-18
b0492,appcenter,POST,/v0.1/orgs/{org_name}/apps,apps_createForOrg,,Creates a new app for the organization and returns it to the caller,w,high,ii plain create of app,buildset-2026-09-18
b0493,appcenter,POST,/v0.1/apps/{owner_name}/{app_name}/export_configurations,ExportConfigurations_Create,,Create new export configuration,w,high,ii plain create export config,buildset-2026-09-18
b0494,appcenter,DELETE,/v0.1/user/devices/{device_udid},devices_removeUserDevice,,Removes an existing device from a user,x,high,a deletes device no restore,buildset-2026-09-18
b0495,appcenter,POST,/v0.1/user/dsr/delete/{token}/cancel,DataSubjectRight_CancelDeleteRequest,,,w,low,stopping cancel of pending request,buildset-2026-09-18
b0496,appcenter,DELETE,/v0.1/apps/{owner_name}/{app_name}/symbol_uploads/{symbol_upload_id},symbolUploads_delete,,Deletes a symbol upload by id for the specified application,x,high,a deletes symbol upload,buildset-2026-09-18
b0497,appcenter,POST,/v0.1/apps/{owner_name}/{app_name}/deployments,codePushDeployments_create,,Creates a CodePush Deployment for the given app,w,high,ii plain create deployment,buildset-2026-09-18
b0498,appcenter,POST,/v0.1/apps/{owner_name}/{app_name}/test_runs,test_createTestRun,,Creates a new test run,x,high,iv creates and runs test,buildset-2026-09-18
b0499,appcenter,POST,/v0.1/orgs/{org_name}/distribution_groups/{distribution_group_name}/members/bulk_delete,distributionGroups_bulkDeleteUsers,,Delete testers from distribution group in an org,w,high,w removes membership via POST settable back,buildset-2026-09-18
b0500,appcenter,POST,/v0.1/apps/{owner_name}/{app_name}/symbols/{symbol_id}/ignore,symbols_ignore,,Marks a symbol by id (uuid) as ignored,w,high,iii marks existing item,buildset-2026-09-18
b0501,appcenter,PUT,/v0.1/apps/{owner_name}/{app_name}/releases/{release_id}/testers/{tester_id},releases_putDistributionTester,,Update details about the specified tester associated with the release,w,high,w edits tester details,buildset-2026-09-18
b0502,appcenter,PUT,/v0.1/apps/{owner_name}/{app_name}/user/device_sets/{id},test_updateDeviceSetOfUser,,Updates a device set belonging to the user,w,high,put default update device set,buildset-2026-09-18
b0503,appcenter,DELETE,/v0.1/apps/{owner_name}/{app_name}/crash_groups/{crash_group_id}/crashes/{crash_id},crashes_delete,,Delete a specific crash and related attachments and blobs for an app.,x,high,DELETE method wins deletes crash,buildset-2026-09-18
b0504,appcenter,POST,/v0.1/users/{user_id}/devices/register,devices_registerUserForDevice,,Registers a user for an existing device,w,high,ii registers user for device create,buildset-2026-09-18
b0505,appcenter,DELETE,/v0.1/apps/{owner_name}/{app_name}/analytics/events/{event_name},Analytics_EventsDelete,,Delete the set of Events with the specified event names.,x,high,delete method no trash,buildset-2026-09-18
b0506,appcenter,POST,/v0.1/apps/{owner_name}/{app_name}/apple_mapping,appleMapping_create,,Create a mapping for an existing app in apple store for the specified application.,w,high,ii plain create mapping,buildset-2026-09-18
b0507,appcenter,DELETE,/v0.1/apps/{owner_name}/{app_name}/deployments/{deployment_name}/releases,codePushDeploymentReleases_delete,,Clears a Deployment of releases,x,high,DELETE method wins clears releases,buildset-2026-09-18
b0508,appcenter,PATCH,/v0.1/apps/{owner_name}/{app_name}/users/{user_email},apps_updateUserPermissions,,Update user permission for the app,w,high,w edits user permission,buildset-2026-09-18
b0509,appcenter,PATCH,/v0.1/apps/{owner_name}/{app_name}/deployments/{deployment_name}/releases/{release_label},deploymentReleases_update,,Modifies a CodePush release metadata under the given Deployment,w,high,PATCH default edits release metadata,buildset-2026-09-18
b0510,appcenter,POST,/v0.1/orgs/{org_name}/distribution_groups/{distribution_group_name}/apps/bulk_delete,distributionGroups_bulkDeleteApps,,Delete apps from distribution group in an org,x,high,iv POST does delete action,buildset-2026-09-18
b0511,appcenter,DELETE,/v0.1/apps/{owner_name}/{app_name}/users/{user_email},apps_removeUser,,Removes the user from the app,x,high,DELETE removes user from app method wins,buildset-2026-09-18
b0512,appcenter,DELETE,/v0.1/apps/{owner_name}/{app_name}/user/device_sets/{id},test_deleteDeviceSetOfUser,,Deletes a device set belonging to the user,x,high,a deletes device set no restore,buildset-2026-09-18
b0513,appcenter,POST,/v0.1/apps/{owner_name}/{app_name}/test_runs/{test_run_id}/files,test_startUploadingFile,,Uploads file for a test run,w,high,ii plain create upload file,buildset-2026-09-18
b0514,appcenter,POST,/v0.1/apps/{owner_name}/{app_name}/branches/{branch}/builds,builds_create,,Create a build,x,high,e creates build that runs,buildset-2026-09-18
b0515,appcenter,DELETE,/v0.1/apps/{owner_name}/{app_name}/testers/{tester_id},releases_deleteTesterFromDestinations,,Delete the given tester from the all releases,x,high,delete method no trash,buildset-2026-09-18
b0516,appcenter,DELETE,/v0.1/apps/{owner_name}/{app_name}/errors/errorGroups/{errorGroupId}/errors/{errorId},Errors_DeleteError,,Delete a specific error and related attachments and blobs for an app. Searchable data will not be deleted immediately and may take up to 30 days.,x,high,DELETE method wins no restore named,buildset-2026-09-18
b0517,appcenter,POST,/v0.1/legacy/reportStatus/download,legacyCodePushAcquisition_updateDownloadStatus,,Report download of specified release,w,low,ii creates log record unsure,buildset-2026-09-18
b0518,appcenter,POST,/v0.1/apps/{owner_name}/{app_name}/deployments/{deployment_name}/uploads,codePushDeploymentUpload_create,,Create a new CodePush release upload for the specified deployment,w,high,ii plain create upload,buildset-2026-09-18
b0519,appcenter,DELETE,/v0.1/apps/{owner_name}/{app_name}/releases/{release_id},releases_delete,,Deletes a release.,x,high,a deletes release no restore,buildset-2026-09-18
b0520,appcenter,PUT,/v0.1/apps/{owner_name}/{app_name}/devices/block_logs/{install_id},Devices_BlockLogs,,"**Warning, this operation is not reversible.**  A successful call to this API will permanently stop ingesting any logs received via SDK for the given installation ID, and cannot be restored. We advise caution when using this API, it is designed to permanently disable collection from a specific installation of the app on a device, usually following the request from a user.",x,high,explicit not reversible cannot restore,buildset-2026-09-18
b0521,appcenter,POST,/v0.1/apps/{owner_name}/{app_name}/analytics/crash_groups,Analytics_CrashGroupsTotals,,Overall crashes and affected users count of the selected crash groups with selected versions.,r,high,i POST that only reads analytics totals,buildset-2026-09-18
b0522,appcenter,POST,/v0.1/orgs/{org_name}/teams/{team_name}/apps,teams_addApp,,Adds an app to a team,w,high,ii adds app to team settable back,buildset-2026-09-18
b0523,appcenter,POST,/v0.1/apps/{owner_name}/{app_name}/releases/{release_id}/groups,releases_addDistributionGroup,,Distributes a release to a group,x,low,c distributes release exposes to group,buildset-2026-09-18
b0524,appcenter,PATCH,/v0.1/user,users_update,,Updates the user profile and returns the updated user data,w,high,w updates profile settable back,buildset-2026-09-18
b0525,appcenter,POST,/v0.1/api_tokens,userApiTokens_new,,Creates a new User API token,w,high,ii plain create of token,buildset-2026-09-18
b0526,appcenter,POST,/v0.1/user/invitations/distribution_groups/accept,distributionGroupInvitations_acceptAll,,Accepts all pending invitations to distribution groups for the specified user,w,high,membership change settable back,buildset-2026-09-18
b0527,appcenter,DELETE,/v0.1/apps/{owner_name}/{app_name}/owner/device_sets/{id},test_deleteDeviceSetOfOwner,,Deletes a device set belonging to the owner,x,high,a deletes device set no restore,buildset-2026-09-18
b0528,appcenter,POST,/v0.1/orgs/{org_name}/distribution_groups/{distribution_group_name}/resend_invite,distributionGroups_resendSharedInvite,,Resend shared distribution group invite notification to previously invited testers,x,high,c resends invite notification sends,buildset-2026-09-18
b0529,appcenter,POST,/v0.1/apps/{owner_name}/{app_name}/repo_config,repositoryConfigurations_createOrUpdate,,Configures the repository for build,w,high,configures repo settable back,buildset-2026-09-18
b0530,appcenter,PATCH,/v0.1/orgs/{org_name}/users/{user_name},users_updateOrgRole,,Updates the given organization user,w,high,patch default update role,buildset-2026-09-18
b0531,appcenter,POST,/v0.1/apps/{owner_name}/{app_name}/builds/{build_id}/distribute,builds_distribute,,Distribute a build,x,high,c distributes build sends to testers,buildset-2026-09-18
b0532,appcenter,DELETE,/v0.1/orgs/{org_name}/invitations,orgInvitations_delete,,Removes a user's invitation to an organization,x,high,a deletes invitation no restore,buildset-2026-09-18
b0533,appcenter,POST,/v0.1/public/hooks,builds_webhook,,Public webhook sink,w,low,ii unclear sink treated as create,buildset-2026-09-18
b0534,appcenter,PATCH,/v0.1/orgs/{org_name}/teams/{team_name},teams_update,,Updates a single team,w,high,w edits team,buildset-2026-09-18
b0535,appcenter,PATCH,/v0.1/orgs/{org_name}/teams/{team_name}/apps/{app_name},teams_updatePermissions,,Updates the permissions the team has to the app,w,high,w edits team app permission settable back,buildset-2026-09-18
b0536,appcenter,DELETE,/v0.1/apps/{owner_name}/{app_name}/analytics/audiences/{audience_name},Analytics_DeleteAudience,,Deletes audience definition.,x,high,a deletes audience no restore,buildset-2026-09-18
b0537,appcenter,POST,/v0.1/orgs/{org_name}/invitations/{email}/revoke,orgInvitations_,,Removes a user's invitation to an organization,x,low,b revokes user invitation,buildset-2026-09-18
b0538,appcenter,POST,/v0.1/apps/{owner_name}/{app_name}/owner/device_sets,test_createDeviceSetOfOwner,,Creates a device set belonging to the owner,w,high,ii plain create device set,buildset-2026-09-18
b0539,appcenter,POST,/v0.1/apps/{owner_name}/{app_name}/branches/{branch}/config,branchConfigurations_create,,Configures the branch for build,w,high,ii plain create branch config,buildset-2026-09-18
b0540,appcenter,POST,/v0.1/orgs/{org_name}/teams/{team_name}/users,teams_addUser,,Adds a new user to a team that is owned by an organization,w,high,ii adds user to team removable,buildset-2026-09-18
b0541,appcenter,POST,/v0.1/apps/{owner_name}/{app_name}/subscriptions,test_createSubscription,,Accept a free trial subscription,w,high,ii plain create of trial subscription,buildset-2026-09-18
b0542,appcenter,DELETE,/v0.1/apps/{owner_name}/{app_name}/apple_mapping,appleMapping_delete,,Delete mapping of apple app to an existing app in apple store.,x,high,delete method no trash,buildset-2026-09-18
b0543,appcenter,DELETE,/v0.1/orgs/{org_name}/avatar,organization_deleteAvatar,,Deletes the uploaded organization avatar,x,high,a deletes avatar no restore,buildset-2026-09-18
b0544,appcenter,POST,/v0.1/apps/{owner_name}/{app_name}/distribution_groups/{distribution_group_name}/resend_invite,distributionGroups_resendInvite,,Resend distribution group app invite notification to previously invited testers,x,high,c sends invite notification,buildset-2026-09-18
b0545,appcenter,DELETE,/v0.1/orgs/{org_name}/teams/{team_name}/apps/{app_name},teams_removeApp,,Removes an app from a team,x,high,DELETE removes app from team no restore,buildset-2026-09-18
b0546,appcenter,DELETE,/v0.1/apps/{owner_name}/{app_name}/azure_subscriptions/{azure_subscription_id},azureSubscription_deleteForApp,,Delete the azure subscriptions for the app,x,high,delete method no trash,buildset-2026-09-18
b0547,appcenter,POST,/v0.1/legacy/reportStatus/deploy,legacyCodePushAcquisition_updateInstallsStatus,,Report deploy of specified release,w,low,ii creates log record unsure,buildset-2026-09-18
b0548,appcenter,POST,/v0.1/apps/{owner_name}/{app_name}/invitations/{user_email},appInvitations_createByEmail,,Invites a new or existing user to an app,x,high,c sends invite to user,buildset-2026-09-18
b0549,appcenter,PATCH,/v0.1/apps/{owner_name}/{app_name}/builds/{build_id},builds_update,,Cancels a build,x,high,f cancels build progress lost,buildset-2026-09-18
b0550,appcenter,POST,/v0.1/user/dsr/export/{token}/cancel,DataSubjectRight_CancelExportRequest,,,x,high,f cancels export request,buildset-2026-09-18
b0551,appcenter,POST,/v0.1/apps/{owner_name}/{app_name}/distribution_stores,stores_create,,Create a new external store for the specified application.,w,high,ii plain create distribution store,buildset-2026-09-18
b0552,appcenter,POST,/v0.1/user/invitations/orgs/{invitation_token}/reject,orgInvitations_reject,,Rejects a pending organization invitation,w,low,declined invitation status change,buildset-2026-09-18
b0553,appcenter,PATCH,/v0.1/orgs/{org_name}/invitations/{email},orgInvitations_update,,Allows the role of an invited user to be changed,w,high,PATCH default w,buildset-2026-09-18
b0554,appcenter,POST,/v0.1/public/apps/{owner_name}/{app_name}/install_analytics,distibutionReleases_installAnalytics,,Notify download(s) for the provided distribution release(s).,x,high,c sends notification download,buildset-2026-09-18
b0555,appcenter,PUT,/v0.1/apps/{owner_name}/{app_name}/owner/device_sets/{id},test_updateDeviceSetOfOwner,,Updates a device set belonging to the owner,w,high,PUT default w,buildset-2026-09-18
b0556,appcenter,PATCH,/v0.1/apps/{owner_name}/{app_name}/deployments/{deployment_name},codePushDeployments_update,,Modifies a CodePush Deployment for the given app,w,high,PATCH default w,buildset-2026-09-18
b0557,appcenter,DELETE,/v0.1/apps/{owner_name}/{app_name}/test_runs/{test_run_id},test_archiveTestRun,,Logically deletes a test run,w,low,logically deletes implies restorable,buildset-2026-09-18
b0558,appcenter,POST,/v0.1/user/invitations/apps/{invitation_token}/reject,appInvitations_reject,,Rejects a pending invitation for the specified user,x,low,no named restore for reject unsure to x,buildset-2026-09-18
b0559,appcenter,PUT,/v0.1/apps/{owner_name}/{app_name}/analytics/audiences/{audience_name},Analytics_CreateOrUpdateAudience,,Creates or updates audience definition.,w,high,PUT default w create or update,buildset-2026-09-18
b0560,appcenter,POST,/v0.1/user/invitations/apps/{invitation_token}/accept,appInvitations_accept,,Accepts a pending invitation for the specified user,w,high,iii accepts changes state,buildset-2026-09-18
b0561,appcenter,POST,/v0.1/apps/{owner_name}/{app_name}/export_configurations/{export_configuration_id}/disable,ExportConfigurations_Disable,,Disable export configuration.,w,high,toggle disable has enable,buildset-2026-09-18
b0562,appcenter,PATCH,/v0.1/orgs/{org_name}/distribution_groups/{distribution_group_name},distributionGroups_patchForOrg,,Update one given distribution group name in an org,w,high,PATCH default w,buildset-2026-09-18
b0563,appcenter,POST,/v0.1/apps/{owner_name}/{app_name}/distribution_groups/{distribution_group_name}/members/bulk_delete,distributionGroups_removeUser,,Remove the users from the distribution group,w,high,w removes membership via POST settable back,buildset-2026-09-18
b0564,appcenter,POST,/v0.1/apps/{owner_name}/{app_name}/analytics/audiences/definition/test,Analytics_TestAudience,,Tests audience definition.,r,high,i test dry-run read only,buildset-2026-09-18
b0565,appcenter,DELETE,/v0.1/orgs/{org_name}/teams/{team_name},teams_delete,,Deletes a single team,x,high,a deletes team no restore,buildset-2026-09-18
b0566,appcenter,DELETE,/v0.1/apps/{owner_name}/{app_name}/avatar,apps_deleteAvatar,,Deletes the uploaded app avatar,x,high,delete method no trash,buildset-2026-09-18
b0567,appcenter,PATCH,/v0.1/orgs/{org_name},organizations_update,,Returns a list of organizations the requesting user has access to,w,low,PATCH default update org mismatched desc,buildset-2026-09-18
b0568,appcenter,PATCH,/v0.1/apps/{owner_name}/{app_name}/distribution_groups/{distribution_group_name},distributionGroups_update,,Updates the attributes of distribution group,w,high,PATCH default edit group,buildset-2026-09-18
b0569,appcenter,POST,/v0.1/apps/{owner_name}/{app_name}/file_asset,fileAssets_create,,Create a new asset to upload a file,w,high,ii plain create of asset,buildset-2026-09-18
b0570,appcenter,DELETE,/v0.1/orgs/{org_name}/users/{user_name},users_removeFromOrg,,Removes a user from an organization.,x,high,DELETE removes user method wins x,buildset-2026-09-18
b0571,appcenter,POST,/v0.1/apps/{owner_name}/{app_name}/user/device_sets,test_createDeviceSetOfUser,,Creates a device set belonging to the user,w,high,ii plain create device set,buildset-2026-09-18
b0572,appcenter,POST,/v0.1/apps/{owner_name}/{app_name}/releases/{release_id}/stores,releases_addStore,,Distributes a release to a store,x,high,c publishes release to store,buildset-2026-09-18
b0573,appcenter,PUT,/v0.1/apps/{owner_name}/{app_name}/test_runs/{test_run_id}/stop,test_stopTestRun,,Stop a test run execution,w,low,stop like stopping server settable restart,buildset-2026-09-18
b0574,appcenter,PATCH,/v0.1/apps/{owner_name}/{app_name}/releases/{release_id},releases_update,,Updates a release.,w,high,w updates release settable back,buildset-2026-09-18
b0575,appcenter,DELETE,/v0.1/apps/{owner_name}/{app_name}/distribution_stores/{store_name},stores_delete,,delete the store based on specific store name.,x,high,a deletes store no restore,buildset-2026-09-18
b0576,appcenter,POST,/v0.1/apps/{owner_name}/{app_name}/uploads/releases,releases_createReleaseUpload,,Initiate a new release upload. This API is part of multi-step upload process.,w,high,ii plain create upload session,buildset-2026-09-18
b0577,appcenter,POST,/v0.1/apps/{owner_name}/{app_name}/api_tokens,appApiTokens_new,,Creates a new App API token,w,high,ii plain create api token,buildset-2026-09-18
b0578,appcenter,PUT,/v0.1/apps/{owner_name}/{app_name}/releases/{release_id}/groups/{group_id},releases_putDistributionGroup,,Update details about the specified distribution group associated with the release,w,high,PUT default w,buildset-2026-09-18
b0579,appcenter,POST,/v0.1/orgs/{org_name}/distribution_groups/{distribution_group_name}/apps,distributionGroups_addApps,,Add apps to distribution group in an org,w,high,ii create adds apps to group settable back,buildset-2026-09-18
b0580,appcenter,DELETE,/v0.1/apps/{owner_name}/{app_name}/analytics/event_logs/{event_name},Analytics_EventsDeleteLogs,,Delete the set of Events with the specified event names.,x,high,DELETE no trash named,buildset-2026-09-18
b0581,appcenter,POST,/v0.1/orgs/{org_name}/invitations,orgInvitations_create,,Invites a new or existing user to an organization,x,high,c sends invite to user,buildset-2026-09-18
b0582,appcenter,PUT,/v0.1/apps/{owner_name}/{app_name}/branches/{branch}/config,branchConfigurations_update,,Reconfigures the branch for build,w,high,PUT default edits branch config,buildset-2026-09-18
b0583,appcenter,PATCH,/v0.1/apps/{owner_name}/{app_name}/distribution_stores/{store_name},stores_patch,,Update the store.,w,high,w edits store,buildset-2026-09-18
b0584,appcenter,POST,/v0.1/public/codepush/report_status/deploy,codePushAcquisition_updateDeployStatus,,Report Deployment status metric,w,low,ii plain create metric record,buildset-2026-09-18
b0585,appcenter,POST,/v0.1/apps/{owner_name}/{app_name}/analytics/distribution/release_counts,Analytics_DistributionReleaseCounts,,Count of total downloads for the provided distribution releases.,r,high,i POST that only reads analytics counts,buildset-2026-09-18
b0586,appcenter,DELETE,/v0.1/apps/{owner_name}/{app_name}/invitations/{user_email},appInvitations_delete,,Removes a user's invitation to an app,x,high,DELETE method wins no trash,buildset-2026-09-18
b0587,appcenter,DELETE,/v0.1/orgs/{org_name},organizations_delete,,Deletes a single organization,x,high,a deletes organization no restore,buildset-2026-09-18
b0588,appcenter,DELETE,/v0.1/apps/{owner_name}/{app_name}/test_series/{test_series_slug},test_deleteTestSeries,,Deletes a single test series,x,high,DELETE no trash named,buildset-2026-09-18
b0589,appcenter,PATCH,/v0.1/apps/{owner_name}/{app_name}/uploads/releases/{upload_id},releases_updateReleaseUploadStatus,,Update the current status of the release upload.,w,high,PATCH default edit status,buildset-2026-09-18
b0590,appcenter,POST,/v0.1/apps/{owner_name}/{app_name}/test_runs/{test_run_id}/hashes/batch,test_uploadHashesBatch,,Adds file with the given hash to a test run,w,high,ii adds hash data to run,buildset-2026-09-18
b0591,appcenter,POST,/v0.1/public/codepush/report_status/download,codePushAcquisition_updateDownloadStatus,,Report download of specified release,w,low,ii plain create metric record,buildset-2026-09-18
b0592,appcenter,POST,/v0.1/apps/{owner_name}/{app_name}/transfer/{destination_owner_name},apps_transferOwnership,,Transfers ownership of an app to a different user or organization,w,high,w changing owner settable back,buildset-2026-09-18
b0593,appcenter,POST,/v0.1/apps/{owner_name}/{app_name}/test_series,test_createTestSeries,,Creates new test series for an application,w,high,ii plain create test series,buildset-2026-09-18
b0594,appcenter,PUT,/v0.1/apps/{owner_name}/{app_name}/devices/block_logs,App_BlockLogs,,"**Warning, this operation is not reversible.**  A successful call to this API will permanently stop ingesting any logs received via SDK by app_id, and cannot be restored. We advise caution when using this API, it is designed to permanently disable an app_id.",x,high,explicit not reversible permanently disables,buildset-2026-09-18
b0595,appcenter,POST,/v0.1/apps/{owner_name}/{app_name}/deployments/{deployment_name}/promote_release/{promote_deployment_name},codePushDeployments_promote,,Promote one release (default latest one) from one deployment to another,w,low,iii moves existing item settable back,buildset-2026-09-18
b0596,appcenter,DELETE,/v0.1/api_tokens/{api_token_id},userApiTokens_delete,,Delete the user api_token object with the specific id,x,high,b DELETE revokes api token,buildset-2026-09-18
b0597,appcenter,DELETE,/v0.1/apps/{owner_name}/{app_name}/releases/{release_id}/testers/{tester_id},releases_deleteDistributionTester,,Delete the given tester from the release,x,high,DELETE method wins no restore named,buildset-2026-09-18
b0598,appcenter,PATCH,/v0.1/apps/{owner_name}/{app_name}/export_configurations/{export_configuration_id},ExportConfigurations_PartialUpdate,,Partially update export configuration.,w,high,PATCH default w,buildset-2026-09-18
b0599,appcenter,POST,/v0.1/apps/{owner_name}/{app_name}/distribution_groups/{distribution_group_name}/members,distributionGroups_addUser,,Adds the members to the specified distribution group,w,high,ii plain create membership,buildset-2026-09-18
b0600,appcenter,DELETE,/v0.1/apps/{owner_name}/{app_name}/deployments/{deployment_name},codePushDeployments_delete,,Deletes a CodePush Deployment for the given app,x,high,DELETE method wins no restore named,buildset-2026-09-18
b0601,netbox,PUT,/dcim/rack-roles/,dcim_rack-roles_bulk_update,,,w,high,PUT default bulk edits rack roles,buildset-2026-09-18
b0602,netbox,PUT,/tenancy/contact-roles/,tenancy_contact-roles_bulk_update,,,w,high,PUT default bulk update,buildset-2026-09-18
b0603,netbox,POST,/dcim/inventory-item-templates/,dcim_inventory-item-templates_create,,,w,high,ii plain create template,buildset-2026-09-18
b0604,netbox,PUT,/tenancy/contacts/,tenancy_contacts_bulk_update,,,w,high,w bulk edits contacts,buildset-2026-09-18
b0605,netbox,PATCH,/circuits/providers/,circuits_providers_bulk_partial_update,,,w,high,PATCH default bulk edit,buildset-2026-09-18
b0606,netbox,DELETE,/wireless/wireless-lans/{id}/,wireless_wireless-lans_delete,,,x,high,a deletes lan no restore,buildset-2026-09-18
b0607,netbox,PATCH,/ipam/rirs/{id}/,ipam_rirs_partial_update,,,w,high,PATCH default w,buildset-2026-09-18
b0608,netbox,DELETE,/tenancy/contacts/,tenancy_contacts_bulk_delete,,,x,high,a deletes contacts no restore,buildset-2026-09-18
b0609,netbox,DELETE,/dcim/manufacturers/,dcim_manufacturers_bulk_delete,,,x,high,a deletes manufacturers no restore,buildset-2026-09-18
b0610,netbox,PUT,/dcim/module-bays/,dcim_module-bays_bulk_update,,,w,high,w bulk update settable back,buildset-2026-09-18
b0611,netbox,DELETE,/dcim/manufacturers/{id}/,dcim_manufacturers_delete,,,x,high,a deletes manufacturer no restore,buildset-2026-09-18
b0612,netbox,PATCH,/virtualization/cluster-types/{id}/,virtualization_cluster-types_partial_update,,,w,high,patch default w partial update,buildset-2026-09-18
b0613,netbox,PATCH,/wireless/wireless-lans/{id}/,wireless_wireless-lans_partial_update,,,w,high,patch default w partial update,buildset-2026-09-18
b0614,netbox,DELETE,/dcim/console-server-ports/{id}/,dcim_console-server-ports_delete,,,x,high,a deletes console-server-port no restore,buildset-2026-09-18
b0615,netbox,DELETE,/dcim/interface-templates/{id}/,dcim_interface-templates_delete,,,x,high,a deletes interface template no restore,buildset-2026-09-18
b0616,netbox,PUT,/ipam/ip-ranges/,ipam_ip-ranges_bulk_update,,,w,high,w bulk update settable back,buildset-2026-09-18
b0617,netbox,DELETE,/dcim/power-outlets/{id}/,dcim_power-outlets_delete,,,x,high,a deletes outlet no restore,buildset-2026-09-18
b0618,netbox,PUT,/dcim/power-port-templates/,dcim_power-port-templates_bulk_update,,,w,high,PUT default bulk edits templates,buildset-2026-09-18
b0619,netbox,DELETE,/dcim/regions/{id}/,dcim_regions_delete,,,x,high,DELETE no trash named,buildset-2026-09-18
b0620,netbox,PUT,/extras/custom-links/{id}/,extras_custom-links_update,,,w,high,PUT default edits custom link,buildset-2026-09-18
b0621,netbox,PUT,/dcim/platforms/,dcim_platforms_bulk_update,,,w,high,put default bulk update,buildset-2026-09-18
b0622,netbox,POST,/ipam/asns/,ipam_asns_create,,,w,high,ii plain create asn,buildset-2026-09-18
b0623,netbox,PUT,/ipam/service-templates/{id}/,ipam_service-templates_update,,,w,high,PUT default w,buildset-2026-09-18
b0624,netbox,POST,/extras/config-contexts/,extras_config-contexts_create,,,w,high,ii plain create context,buildset-2026-09-18
b0625,netbox,PUT,/tenancy/tenants/,tenancy_tenants_bulk_update,,,w,high,put default w bulk update,buildset-2026-09-18
b0626,netbox,PUT,/dcim/device-bays/{id}/,dcim_device-bays_update,,,w,high,w updates bay settable back,buildset-2026-09-18
b0627,netbox,PATCH,/wireless/wireless-lan-groups/{id}/,wireless_wireless-lan-groups_partial_update,,,w,high,patch default partial update,buildset-2026-09-18
b0628,netbox,PUT,/ipam/fhrp-groups/{id}/,ipam_fhrp-groups_update,,,w,high,PUT default edit group,buildset-2026-09-18
b0629,netbox,POST,/extras/custom-links/,extras_custom-links_create,,,w,high,ii plain create link,buildset-2026-09-18
b0630,netbox,PUT,/circuits/circuits/{id}/,circuits_circuits_update,,,w,high,PUT default w,buildset-2026-09-18
b0631,netbox,DELETE,/virtualization/interfaces/,virtualization_interfaces_bulk_delete,,,x,high,DELETE no trash named,buildset-2026-09-18
b0632,netbox,PUT,/extras/export-templates/{id}/,extras_export-templates_update,,,w,high,PUT default w,buildset-2026-09-18
b0633,netbox,DELETE,/ipam/l2vpn-terminations/,ipam_l2vpn-terminations_bulk_delete,,,x,high,a bulk deletes terminations no restore,buildset-2026-09-18
b0634,netbox,PATCH,/dcim/rear-ports/{id}/,dcim_rear-ports_partial_update,,,w,high,w edits rear port,buildset-2026-09-18
b0635,netbox,POST,/dcim/site-groups/,dcim_site-groups_create,,,w,high,ii plain create site group,buildset-2026-09-18
b0636,netbox,PATCH,/dcim/platforms/{id}/,dcim_platforms_partial_update,,,w,high,w edits platform,buildset-2026-09-18
b0637,netbox,POST,/extras/reports/{id}/run/,extras_reports_run,,"Run a Report identified as ""<module>.<script>"" and return the pending JobResult as the result",x,high,e runs report job,buildset-2026-09-18
b0638,netbox,DELETE,/dcim/devices/{id}/,dcim_devices_delete,,,x,high,a deletes device no restore,buildset-2026-09-18
b0639,netbox,PATCH,/virtualization/clusters/,virtualization_clusters_bulk_partial_update,,,w,high,PATCH default w,buildset-2026-09-18
b0640,netbox,POST,/dcim/console-server-port-templates/,dcim_console-server-port-templates_create,,,w,high,ii plain create of port template,buildset-2026-09-18
b0641,netbox,POST,/wireless/wireless-lan-groups/,wireless_wireless-lan-groups_create,,,w,high,ii plain create wireless lan group,buildset-2026-09-18
b0642,netbox,POST,/tenancy/tenants/,tenancy_tenants_create,,,w,high,ii plain create of tenant,buildset-2026-09-18
b0643,netbox,PUT,/extras/config-contexts/{id}/,extras_config-contexts_update,,,w,high,PUT default w,buildset-2026-09-18
b0644,netbox,POST,/dcim/inventory-item-roles/,dcim_inventory-item-roles_create,,,w,high,ii plain create role,buildset-2026-09-18
b0645,netbox,PATCH,/dcim/module-bays/{id}/,dcim_module-bays_partial_update,,,w,high,patch default update bay,buildset-2026-09-18
b0646,netbox,POST,/users/tokens/,users_tokens_create,,,w,high,ii plain create token,buildset-2026-09-18
b0647,netbox,PUT,/dcim/power-feeds/{id}/,dcim_power-feeds_update,,,w,high,PUT default edit feed,buildset-2026-09-18
b0648,netbox,PATCH,/ipam/aggregates/{id}/,ipam_aggregates_partial_update,,,w,high,w edits aggregate,buildset-2026-09-18
b0649,netbox,POST,/ipam/vlan-groups/{id}/available-vlans/,ipam_vlan-groups_available-vlans_create,,,w,high,ii plain create available-vlan,buildset-2026-09-18
b0650,netbox,POST,/users/users/,users_users_create,,,w,high,ii plain create of user,buildset-2026-09-18
b0651,netbox,PATCH,/dcim/power-port-templates/{id}/,dcim_power-port-templates_partial_update,,,w,high,patch default w partial update,buildset-2026-09-18
b0652,netbox,POST,/ipam/rirs/,ipam_rirs_create,,,w,high,ii plain create rir,buildset-2026-09-18
b0653,netbox,PUT,/tenancy/contact-assignments/,tenancy_contact-assignments_bulk_update,,,w,high,PUT default w,buildset-2026-09-18
b0654,netbox,DELETE,/circuits/providers/{id}/,circuits_providers_delete,,,x,high,a deletes provider no restore,buildset-2026-09-18
b0655,netbox,POST,/tenancy/contacts/,tenancy_contacts_create,,,w,high,ii plain create contact,buildset-2026-09-18
b0656,netbox,PUT,/virtualization/cluster-groups/,virtualization_cluster-groups_bulk_update,,,w,high,PUT default bulk edits cluster groups,buildset-2026-09-18
b0657,netbox,PUT,/tenancy/tenant-groups/{id}/,tenancy_tenant-groups_update,,,w,high,put default update group,buildset-2026-09-18
b0658,netbox,PUT,/dcim/regions/,dcim_regions_bulk_update,,,w,high,put default w bulk update,buildset-2026-09-18
b0659,netbox,PATCH,/extras/export-templates/{id}/,extras_export-templates_partial_update,,,w,high,w edits export template,buildset-2026-09-18
b0660,netbox,POST,/dcim/console-ports/,dcim_console-ports_create,,,w,high,ii plain create port,buildset-2026-09-18
b0661,netbox,POST,/ipam/aggregates/,ipam_aggregates_create,,,w,high,ii plain create aggregate,buildset-2026-09-18
b0662,netbox,PUT,/dcim/console-server-ports/{id}/,dcim_console-server-ports_update,,,w,high,put default w updates port,buildset-2026-09-18
b0663,netbox,POST,/dcim/module-types/,dcim_module-types_create,,,w,high,ii plain create module type,buildset-2026-09-18
b0664,netbox,DELETE,/dcim/devices/,dcim_devices_bulk_delete,,,x,high,a bulk deletes no restore,buildset-2026-09-18
b0665,netbox,PATCH,/ipam/aggregates/,ipam_aggregates_bulk_partial_update,,,w,high,PATCH default w,buildset-2026-09-18
b0666,netbox,PATCH,/dcim/inventory-items/{id}/,dcim_inventory-items_partial_update,,,w,high,w edits inventory item,buildset-2026-09-18
b0667,netbox,POST,/dcim/power-outlet-templates/,dcim_power-outlet-templates_create,,,w,high,ii plain create power outlet template,buildset-2026-09-18
b0668,netbox,PATCH,/ipam/services/{id}/,ipam_services_partial_update,,,w,high,patch default w partial update,buildset-2026-09-18
b0669,netbox,POST,/dcim/inventory-items/,dcim_inventory-items_create,,,w,high,ii plain create of inventory item,buildset-2026-09-18
b0670,netbox,PUT,/ipam/asns/{id}/,ipam_asns_update,,,w,high,put default w updates asn,buildset-2026-09-18
b0671,netbox,DELETE,/virtualization/clusters/{id}/,virtualization_clusters_delete,,,x,high,a deletes cluster no restore,buildset-2026-09-18
b0672,netbox,PATCH,/virtualization/cluster-groups/{id}/,virtualization_cluster-groups_partial_update,,,w,high,PATCH default w,buildset-2026-09-18
b0673,netbox,PATCH,/tenancy/tenants/{id}/,tenancy_tenants_partial_update,,,w,high,PATCH default edits tenant,buildset-2026-09-18
b0674,netbox,POST,/ipam/route-targets/,ipam_route-targets_create,,,w,high,ii plain create route target,buildset-2026-09-18
b0675,netbox,DELETE,/dcim/rack-roles/{id}/,dcim_rack-roles_delete,,,x,high,a deletes role no restore,buildset-2026-09-18
b0676,netbox,DELETE,/dcim/console-port-templates/{id}/,dcim_console-port-templates_delete,,,x,high,a deletes template no restore,buildset-2026-09-18
b0677,netbox,PATCH,/dcim/power-port-templates/,dcim_power-port-templates_bulk_partial_update,,,w,high,PATCH default w,buildset-2026-09-18
b0678,netbox,DELETE,/users/tokens/,users_tokens_bulk_delete,,,x,high,a deletes no restore named,buildset-2026-09-18
b0679,netbox,POST,/dcim/device-bays/,dcim_device-bays_create,,,w,high,ii plain create bay,buildset-2026-09-18
b0680,netbox,DELETE,/dcim/device-bays/{id}/,dcim_device-bays_delete,,,x,high,DELETE method wins no restore named,buildset-2026-09-18
b0681,netbox,PUT,/dcim/power-outlets/{id}/,dcim_power-outlets_update,,,w,high,PUT default edit outlet,buildset-2026-09-18
b0682,netbox,PUT,/extras/saved-filters/{id}/,extras_saved-filters_update,,,w,high,put default w edits filter,buildset-2026-09-18
b0683,netbox,POST,/dcim/virtual-chassis/,dcim_virtual-chassis_create,,,w,high,ii plain create of virtual chassis,buildset-2026-09-18
b0684,netbox,PUT,/extras/webhooks/{id}/,extras_webhooks_update,,,w,high,PUT default edit webhook,buildset-2026-09-18
b0685,netbox,DELETE,/circuits/circuit-terminations/{id}/,circuits_circuit-terminations_delete,,,x,high,DELETE method wins no restore named,buildset-2026-09-18
b0686,netbox,PATCH,/dcim/power-outlet-templates/{id}/,dcim_power-outlet-templates_partial_update,,,w,high,w partial update settable back,buildset-2026-09-18
b0687,netbox,PUT,/tenancy/contact-groups/{id}/,tenancy_contact-groups_update,,,w,high,w updates contact group settable back,buildset-2026-09-18
b0688,netbox,POST,/ipam/vlan-groups/,ipam_vlan-groups_create,,,w,high,ii plain create vlan group,buildset-2026-09-18
b0689,netbox,POST,/dcim/module-bay-templates/,dcim_module-bay-templates_create,,,w,high,ii plain create template,buildset-2026-09-18
b0690,netbox,PATCH,/tenancy/contact-roles/,tenancy_contact-roles_bulk_partial_update,,,w,high,w bulk edits contact roles,buildset-2026-09-18
b0691,netbox,DELETE,/dcim/power-feeds/{id}/,dcim_power-feeds_delete,,,x,high,a deletes power feed no restore,buildset-2026-09-18
b0692,netbox,DELETE,/dcim/virtual-device-contexts/{id}/,dcim_virtual-device-contexts_delete,,,x,high,delete method no trash,buildset-2026-09-18
b0693,netbox,PUT,/dcim/device-types/,dcim_device-types_bulk_update,,,w,high,put default bulk update,buildset-2026-09-18
b0694,netbox,PUT,/virtualization/interfaces/{id}/,virtualization_interfaces_update,,,w,high,w updates interface settable back,buildset-2026-09-18
b0695,netbox,PATCH,/ipam/l2vpn-terminations/{id}/,ipam_l2vpn-terminations_partial_update,,,w,high,PATCH default edit termination,buildset-2026-09-18
b0696,netbox,PUT,/dcim/inventory-items/{id}/,dcim_inventory-items_update,,,w,high,w updates item settable back,buildset-2026-09-18
b0697,netbox,PUT,/dcim/console-ports/,dcim_console-ports_bulk_update,,,w,high,PUT default bulk update,buildset-2026-09-18
b0698,netbox,PATCH,/dcim/module-bay-templates/,dcim_module-bay-templates_bulk_partial_update,,,w,high,w bulk partial update settable back,buildset-2026-09-18
b0699,netbox,DELETE,/extras/saved-filters/{id}/,extras_saved-filters_delete,,,x,high,DELETE method wins no restore,buildset-2026-09-18
b0700,netbox,POST,/extras/custom-fields/,extras_custom-fields_create,,,w,high,ii plain create custom field,buildset-2026-09-18
b0701,netbox,PUT,/ipam/ip-addresses/,ipam_ip-addresses_bulk_update,,,w,high,w bulk update settable back,buildset-2026-09-18
b0702,netbox,POST,/circuits/circuits/,circuits_circuits_create,,,w,high,ii plain create circuit,buildset-2026-09-18
b0703,netbox,PUT,/dcim/virtual-device-contexts/,dcim_virtual-device-contexts_bulk_update,,,w,high,put default bulk update,buildset-2026-09-18
b0704,netbox,PUT,/virtualization/clusters/{id}/,virtualization_clusters_update,,,w,high,PUT default w,buildset-2026-09-18
b0705,netbox,DELETE,/ipam/l2vpns/,ipam_l2vpns_bulk_delete,,,x,high,DELETE no trash named,buildset-2026-09-18
b0706,netbox,PATCH,/ipam/fhrp-group-assignments/,ipam_fhrp-group-assignments_bulk_partial_update,,,w,high,w bulk edits fhrp assignments,buildset-2026-09-18
b0707,netbox,PATCH,/dcim/sites/{id}/,dcim_sites_partial_update,,,w,high,patch default partial update,buildset-2026-09-18
b0708,netbox,DELETE,/dcim/console-port-templates/,dcim_console-port-templates_bulk_delete,,,x,high,a bulk deletes templates no restore,buildset-2026-09-18
b0709,netbox,PUT,/dcim/power-feeds/,dcim_power-feeds_bulk_update,,,w,high,PUT default w,buildset-2026-09-18
b0710,netbox,PUT,/dcim/front-ports/,dcim_front-ports_bulk_update,,,w,high,w bulk edits front ports,buildset-2026-09-18
b0711,netbox,PATCH,/virtualization/interfaces/,virtualization_interfaces_bulk_partial_update,,,w,high,patch default w bulk partial update,buildset-2026-09-18
b0712,netbox,POST,/extras/webhooks/,extras_webhooks_create,,,w,high,ii plain create webhook,buildset-2026-09-18
b0713,netbox,PUT,/ipam/fhrp-group-assignments/,ipam_fhrp-group-assignments_bulk_update,,,w,high,w edits fhrp assignments,buildset-2026-09-18
b0714,netbox,DELETE,/extras/journal-entries/,extras_journal-entries_bulk_delete,,,x,high,DELETE no trash named,buildset-2026-09-18
b0715,netbox,PATCH,/tenancy/contact-assignments/,tenancy_contact-assignments_bulk_partial_update,,,w,high,PATCH default bulk edits assignments,buildset-2026-09-18
b0716,netbox,DELETE,/tenancy/tenant-groups/{id}/,tenancy_tenant-groups_delete,,,x,high,DELETE no trash named,buildset-2026-09-18
b0717,netbox,DELETE,/dcim/console-server-port-templates/{id}/,dcim_console-server-port-templates_delete,,,x,high,a deletes template no restore,buildset-2026-09-18
b0718,netbox,PATCH,/ipam/l2vpns/{id}/,ipam_l2vpns_partial_update,,,w,high,PATCH default edits l2vpn,buildset-2026-09-18
b0719,netbox,PATCH,/dcim/cable-terminations/{id}/,dcim_cable-terminations_partial_update,,,w,high,PATCH default w,buildset-2026-09-18
b0720,netbox,PUT,/circuits/circuits/,circuits_circuits_bulk_update,,,w,high,w bulk update settable back,buildset-2026-09-18
b0721,netbox,POST,/virtualization/cluster-types/,virtualization_cluster-types_create,,,w,high,ii plain create,buildset-2026-09-18
b0722,netbox,DELETE,/dcim/power-outlet-templates/,dcim_power-outlet-templates_bulk_delete,,,x,high,DELETE default bulk delete,buildset-2026-09-18
b0723,netbox,PUT,/dcim/rack-reservations/{id}/,dcim_rack-reservations_update,,,w,high,w updates reservation settable back,buildset-2026-09-18
b0724,netbox,DELETE,/dcim/site-groups/{id}/,dcim_site-groups_delete,,,x,high,delete method no trash,buildset-2026-09-18
b0725,netbox,PATCH,/virtualization/cluster-types/,virtualization_cluster-types_bulk_partial_update,,,w,high,PATCH default bulk edits cluster types,buildset-2026-09-18
b0726,netbox,PUT,/ipam/vrfs/{id}/,ipam_vrfs_update,,,w,high,put default w edits vrf,buildset-2026-09-18
b0727,netbox,PUT,/wireless/wireless-lans/,wireless_wireless-lans_bulk_update,,,w,high,w bulk update settable back,buildset-2026-09-18
b0728,netbox,PATCH,/dcim/console-ports/{id}/,dcim_console-ports_partial_update,,,w,high,w partial update settable back,buildset-2026-09-18
b0729,netbox,PATCH,/tenancy/tenants/,tenancy_tenants_bulk_partial_update,,,w,high,PATCH default bulk edit,buildset-2026-09-18
b0730,netbox,DELETE,/ipam/route-targets/{id}/,ipam_route-targets_delete,,,x,high,a deletes route target no restore,buildset-2026-09-18
b0731,netbox,POST,/dcim/module-bays/,dcim_module-bays_create,,,w,high,ii plain create module bay,buildset-2026-09-18
b0732,netbox,PATCH,/dcim/console-server-ports/,dcim_console-server-ports_bulk_partial_update,,,w,high,patch default w bulk partial update,buildset-2026-09-18
b0733,netbox,PUT,/virtualization/virtual-machines/,virtualization_virtual-machines_bulk_update,,,w,high,put default bulk update,buildset-2026-09-18
b0734,netbox,PATCH,/dcim/console-server-ports/{id}/,dcim_console-server-ports_partial_update,,,w,high,patch default partial update,buildset-2026-09-18
b0735,netbox,POST,/circuits/provider-networks/,circuits_provider-networks_create,,,w,high,ii plain create provider network,buildset-2026-09-18
b0736,netbox,POST,/ipam/ip-ranges/{id}/available-ips/,ipam_ip-ranges_available-ips_create,,,w,high,ii plain create ip,buildset-2026-09-18
b0737,netbox,POST,/dcim/locations/,dcim_locations_create,,,w,high,ii plain create location,buildset-2026-09-18
b0738,netbox,PATCH,/extras/custom-links/{id}/,extras_custom-links_partial_update,,,w,high,PATCH default w,buildset-2026-09-18
b0739,netbox,PUT,/virtualization/cluster-types/,virtualization_cluster-types_bulk_update,,,w,high,PUT default w,buildset-2026-09-18
b0740,netbox,DELETE,/extras/journal-entries/{id}/,extras_journal-entries_delete,,,x,high,a deletes journal entry no restore,buildset-2026-09-18
b0741,netbox,DELETE,/tenancy/contact-assignments/,tenancy_contact-assignments_bulk_delete,,,x,high,DELETE no trash named,buildset-2026-09-18
b0742,netbox,PATCH,/ipam/vrfs/{id}/,ipam_vrfs_partial_update,,,w,high,w edits vrf,buildset-2026-09-18
b0743,netbox,PATCH,/dcim/interface-templates/,dcim_interface-templates_bulk_partial_update,,,w,high,PATCH default w,buildset-2026-09-18
b0744,netbox,DELETE,/dcim/power-feeds/,dcim_power-feeds_bulk_delete,,,x,high,a bulk deletes no restore,buildset-2026-09-18
b0745,netbox,PUT,/ipam/fhrp-groups/,ipam_fhrp-groups_bulk_update,,,w,high,PUT default w,buildset-2026-09-18
b0746,netbox,DELETE,/wireless/wireless-lan-groups/,wireless_wireless-lan-groups_bulk_delete,,,x,high,a deletes no restore named,buildset-2026-09-18
b0747,netbox,PATCH,/dcim/front-ports/,dcim_front-ports_bulk_partial_update,,,w,high,PATCH default w,buildset-2026-09-18
b0748,netbox,DELETE,/extras/image-attachments/,extras_image-attachments_bulk_delete,,,x,high,a deletes attachments no restore,buildset-2026-09-18
b0749,netbox,PUT,/circuits/circuit-types/,circuits_circuit-types_bulk_update,,,w,high,put default w bulk update,buildset-2026-09-18
b0750,netbox,PUT,/dcim/inventory-item-templates/{id}/,dcim_inventory-item-templates_update,,,w,high,PUT default edit template,buildset-2026-09-18
b0751,clearblade,POST,/admin/devices/{systemKey}/{name},CreateSystemDevice,DEVELOPER - Create device,Creates a new device in the specified system.,w,high,ii plain create of device,buildset-2026-09-18
b0752,clearblade,POST,/api/v/2/devices/{systemKey}/{name},AddDevice,DEVICES - Adds a device,Adds a device in the system,w,high,ii plain create device,buildset-2026-09-18
b0753,clearblade,POST,/api/v/3/code/{systemKey}/trigger/{name},CreateNewTrigger,HANDLERS - Create trigger handler,Creates a new trigger handler.,w,high,ii plain create trigger,buildset-2026-09-18
b0754,clearblade,PUT,/codeadmin/v/2/{systemKey}/{serviceName},UpdateService,DEVELOPER - Update code service,Updates the information and data in the code service.,w,high,PUT default w update service,buildset-2026-09-18
b0755,clearblade,POST,/api/v/3/code/{systemKey}/timer/{name},CreateNewTimer,HANDLERS - Create timer handler,Creates new timer handler.,w,high,ii plain create of timer,buildset-2026-09-18
b0756,clearblade,PUT,/api/v/4/{SystemKey}/adapters/{AdapterName},MapAdapterCommand,ADAPTERS - Map Adapter command to execute a file,Adds a command to the configuration section of the adapter.,w,high,w configures adapter command,buildset-2026-09-18
b0757,clearblade,DELETE,/admin/devices/{systemKey}/{name},DeleteSystemDevice,DEVELOPER - Delete device,Deletes the specified device from its system.,x,high,DELETE no trash named,buildset-2026-09-18
b0758,clearblade,PUT,/admin/collectionmanagement,DevUpdateCollection,DEVELOPER - Update collection,"Creates or deletes a column within an existing collection, or updates an existing database connection in the specified system.",x,low,mixed create delete column tighter x,buildset-2026-09-18
b0759,clearblade,POST,/api/v/4/external-db/{systemKey},CreateExternalDB,DATABASES - Create a external database connection,## Description: Creates an external database connections for that system. This is a developer only endpoint. ### List of database types supported: |Database Name|db_type| |-------------|-------| |MONGO|mongodb| |POSTGRES|postgres| |MYSQL|mysql| |MSSQL|mssql| |COUCHDB|couchdb| ### Database Credentials |Field|Type|Database|Description|Options|Default| |-----|----|-----|-------|-------|----| |user|string|All|The external database username| |password|string|All|The external database password| |addre,w,high,ii plain create db connection,buildset-2026-09-18
b0760,clearblade,PUT,/admin/userinfo,UpdateDev2FA,2FA - Update developer 2FA information.,## Description:   Update the developer 2FA information. This is a developer only endpoint.   Note - the email is taken from the developer's account. ## two_factor_method   * email   * sms   * email_sms (enables both method),w,high,w edits 2FA info,buildset-2026-09-18
b0761,clearblade,PUT,/admin/edges/{systemKey}/{edgeName},UpdateEdge,DEVELOPER - Update edge,Updates the specified edge's information.,w,high,w edits edge,buildset-2026-09-18
b0762,clearblade,POST,/api/v/4/webhook/execute/{systemKey}/{webhookName},ExecuteWebhook,WEBHOOKS - Executing a webhook,Executes a webhook through a code service,x,high,e executes webhook,buildset-2026-09-18
b0763,clearblade,DELETE,/api/v/3/code/{systemKey}/timer/{name},DeleteTimerByName,HANDLERS - Delete trigger handler,Deletes the specified trigger handler.,x,high,a deletes handler no restore,buildset-2026-09-18
b0764,clearblade,PUT,/api/v/3/code/{systemKey}/timer/{name},UpdateTimerByName,HANDLERS - Update timer handler,Updates the specified timer handler.,w,high,put default w updates timer,buildset-2026-09-18
b0765,clearblade,POST,/codeadmin/v/2/{systemKey}/{serviceName},AddService,DEVELOPER - Add code service,Adds code service to the system.,w,high,ii plain create of service,buildset-2026-09-18
b0766,clearblade,POST,/admin/collectionmanagement,DevCreateCollection,DEVELOPER - Create collection,Creates a new collection or database connection in the specified system.,w,high,ii plain create of collection,buildset-2026-09-18
b0767,clearblade,DELETE,/admin/v/4/systemmanagement,DeleteSystem,DEVELOPER - Delete system,Deletes the specified system.,x,high,a deletes system no restore,buildset-2026-09-18
b0768,clearblade,PUT,/admin/user/{systemKey}/roles,SettingsChanges,DEVELOPER - Changes roles settings,Changes settings in individual roles,w,high,w changes role settings settable back,buildset-2026-09-18
b0769,clearblade,DELETE,/api/v/4/data/{systemKey}/{collectionName}/uniqueindex,DeleteUniqueIndex,DATA - Delete unique index,This deletes a unique index on a column.,x,high,a deletes index no restore,buildset-2026-09-18
b0770,clearblade,PUT,/api/v/1/data/{collectionID},UpdateCollectionDataAlt,DATA(id) - Update items,Updates preexisting data rows in the specified collection.,w,high,put default update rows,buildset-2026-09-18
b0771,clearblade,POST,/api/v/1/code/{systemKey}/{serviceName},ExecuteService,CODE - Call/Execute code service,Executes a code service.,x,high,e executes code service,buildset-2026-09-18
b0772,clearblade,POST,/api/v/3/{systemKey}/deployments,CreateDeployment,DEPLOYMENTS - Creates a deployment,Creates one deployment for system,w,low,ii plain create deployment,buildset-2026-09-18
b0773,clearblade,POST,/admin/user/{systemKey},AddUser,DEVELOPER - Add user,Add an user to the system.,w,high,ii plain create of user,buildset-2026-09-18
b0774,clearblade,POST,/codeadmin/failed/{systemKey},RetryFailedService,DEVELOPER - Retry failed service,Retries one failed service in the specified system.,x,high,e retries triggers job,buildset-2026-09-18
b0775,clearblade,DELETE,/admin/devices/keys/{systemKey}/{deviceName},DeleteDeviceKeys,DEVELOPER - Delete rotating keys for a device,Deletes the rotating keys from its device.,x,high,b revokes device keys,buildset-2026-09-18
b0776,clearblade,POST,/codeadmin/v/2/library/{systemKey}/{libName},CreateLibrary,DEVELOPER - Create library,Creates a local library in the specified system.,w,high,ii plain create library,buildset-2026-09-18
b0777,clearblade,PUT,/api/v/4/external-db/{systemKey}/{name},UpdateDatabaseCredentials,DATABASES - Update external database credentials,Updates existing external database credentials in the specified system. This is a developer and user endpoint.,w,low,PUT default edits db credentials settable back,buildset-2026-09-18
b0778,clearblade,POST,/admin/validate,SendValidation,2FA - Send validation link,## Description:   Sends a validation link to either the developer's email or phone. This endpoint is for Dev only. ## Validation Method Types: * email * phone,x,high,c sends validation link,buildset-2026-09-18
b0779,clearblade,DELETE,/api/v/1/data/{collectionID},DeleteCollectionDataAlt,DATA(id) - Delete items,Deletes data rows in the specified collection.,x,high,a deletes data rows no restore,buildset-2026-09-18
b0780,clearblade,PUT,/admin/triggers/timers/{systemKey}/{name},UpdateTimerHandler,DEVELOPER - Update timer handler,Updates the specified timer handler.,w,high,put default w updates timer,buildset-2026-09-18
b0781,clearblade,PUT,/admin/regensystemsecret,RegenSecret,DEVELOPER - Regen secret,Generates a new System Secret for the specified system.,x,high,b rotates system secret,buildset-2026-09-18
b0782,clearblade,POST,/admin/edges/{systemKey}/{edgeName},CreateEdge,DEVELOPER - Create edge,Creates a new edge in the specified system.,w,high,ii plain create edge,buildset-2026-09-18
b0783,clearblade,POST,/admin/{systemKey}/sync/retry,RetrySync,DEPLOYMENTS - Retries sync for an asset,Retries sync for an asset in an deployment,x,high,e retries sync triggers run,buildset-2026-09-18
b0784,clearblade,POST,/admin/reg,RegDev,DEVELOPER - Register new dev,Registers a new developer account with the CB platform.,w,high,ii plain create dev account,buildset-2026-09-18
b0785,clearblade,DELETE,/api/v/1/user/info,DeleteUserAsUser,Allows an user with adequate permissions to delete another user,This endpoints provides user the ability to delete another user if the user has Delete User operation permissions in Roles settings.,x,high,a deletes user no restore,buildset-2026-09-18
b0786,clearblade,POST,/api/v/4/external-db/{systemKey}/{name}/data,PerformDBOperation,DATABASES - Create a external database connection,Perform an operation on the external database.This is a developer and user endpoint.,x,low,unsure ambiguous operation tighter,buildset-2026-09-18
b0787,clearblade,PUT,/api/v/3/collectionmanagement,UpdateCollection,DATA - Update collection,"Creates or deletes a column within an existing collection, or updates an existing database connection in the specified system.",x,low,a mentions deletes column no restore,buildset-2026-09-18
b0788,clearblade,DELETE,/api/v/4/external-db/{systemKey}/{name},DeleteExternalDB,DATABASES - Delete a external database connection,Deletes an existing external database connection in the specified system.This is a developer and user endpoint.,x,high,a deletes db connection no restore,buildset-2026-09-18
b0789,clearblade,POST,/api/v/1/user/reg,RegUser,USERS - Register new user,Registers a new user in the specified system and returns an UserToken for them.,w,high,ii plain create of user and token,buildset-2026-09-18
b0790,clearblade,POST,/api/v/4/{SystemKey}/adapters/{AdapterName}/files,updateFileInfo,ADAPTERS - Add or replace file content & configuration,"Create a new file with content and configuration, or replace an existing file's content & configuration.",w,high,ii create or replace file,buildset-2026-09-18
b0791,clearblade,PUT,/api/v/2/devices/{SystemKey},UpdateDevices,DEVICES - Update devices using a query,Updates all devices matching the filters specified by a query.,w,high,PUT default bulk edit devices,buildset-2026-09-18
b0792,clearblade,DELETE,/api/v/1/collection/{systemKey}/{collectionName},DeleteCollectionData,DATA(name) - Delete items,Deletes data rows in the specified collection.,x,high,a deletes data rows no restore,buildset-2026-09-18
b0793,clearblade,POST,/api/v/4/data/{systemKey}/{collectionName}/index,CreateNonUniqueIndex,DATA - Create collection,"This creates a non-unique index on a column. This is useful for speeding up certain queries, but doesn't work with upsert. This call will fail if the index already exists.",w,high,ii plain create of index,buildset-2026-09-18
b0794,clearblade,DELETE,/api/v/3/collectionmanagement,DeleteCollection,DATA - Delete collection,Deletes an existing collection in the specified system.,x,high,a deletes collection no restore,buildset-2026-09-18
b0795,clearblade,POST,/admin/auth,AuthDev,DEVELOPER - Authenticate dev,"## Description Logs developer into system and returns an Developer Token ## Endpoint Body Values Here are the body values for the two scenarios ### Basic Auth Required Keys   - username   - password Example  ```json {   ""username"":""cbman@clearblade.com"",   ""password"":""cl34rbl4d3"" } ```   ### Refreshing Token Required Keys    - grant_type (only one valid value - ""refresh_token"")   - refresh_token   - access_token Example  ```json {   ""grant_type"":""refresh_token"",   ""refresh_token"":""eyJhbGciOiJIUz",w,low,ii plain create token via auth,buildset-2026-09-18
b0796,clearblade,PUT,/api/v/1/user/pass,UpdateUserPass,USERS - Change user password,Changes an user's password.,x,high,b resets password credential,buildset-2026-09-18
b0797,clearblade,PUT,/admin/v/4/webhook/{systemKey}/{name},UpdateWebhook,WEBHOOKS - Update a webhook,Updates an existing webhook in the specified system. ### List of Auth Methods   These will be used in `auth_method` in the body.   * `clearblade_auth`   * `http_basic_auth`   * `payload_auth`   * `no_auth`,w,high,w edits webhook,buildset-2026-09-18
b0798,clearblade,DELETE,/codeadmin/v/2/{systemKey}/{serviceName},DeleteService,DEVELOPER - Delete code service,Deletes a local library from the specified system.,x,high,a deletes service no restore,buildset-2026-09-18
b0799,clearblade,PUT,/admin/user/{systemKey},UserChangeUserInfo,DEVELOPER - Change user information and permissions,Changes any colomn in users table and update password or permissions of the specified user.,w,high,PUT default w edits user info,buildset-2026-09-18
b0800,clearblade,PUT,/api/v/3/code/{systemKey}/trigger/{name},UpdateTriggerByName,HANDLERS - Update trigger handler,Updates the specified trigger handler.,w,high,w updates trigger settable back,buildset-2026-09-18
b0801,clearblade,PUT,/admin/devices/{systemKey},UpdateDevicesAdmin,DEVELOPER - Update devices using a query,Updates all devices matching the filters specified by a query.,w,high,put default w updates devices,buildset-2026-09-18
b0802,clearblade,POST,/api/v/4/data/{systemKey}/{collectionName}/uniqueindex,CreateUniqueIndex,DATA - Create Unique Index,This creates a unique index on a column. A user has to do this before you can use upsert with columnName as the conflictColumn. This call will fail if the index already exists.,w,high,ii plain create unique index,buildset-2026-09-18
b0803,clearblade,POST,/admin/resetpassword,ResetPassword,ADMIN - Change dev password (Admin),Changes a developer's password.,x,high,b resets password credential,buildset-2026-09-18
b0804,clearblade,PUT,/admin/developers/{systemKey},AdminOwnerChange,ADMIN - Add/Remove/Change owner,"For admin, you can add/remove/change the owner of a system even if you’re not the system's owner. For Developer,you can add/remove a developer as long as you’re the owner of the system.",w,high,PUT default changes owner developer settable back,buildset-2026-09-18
b0805,clearblade,DELETE,/admin/user/{systemKey}/roles,DeleteRoles,DEVELOPER - Delete roles,Deletes roles from the system,x,high,a deletes roles no restore,buildset-2026-09-18
b0806,clearblade,DELETE,/api/v/3/{systemKey}/deployments/{deploymentName},DeleteDeployment,DEPLOYMENT - Delete a deployment,Deletes a deployment based on the name,x,high,a deletes deployment no restore,buildset-2026-09-18
b0807,clearblade,PUT,/admin/settings/sms-service,UpdateSMSSettings,2FA - Update SMS Settings,Updates SMS communication settings. Twilio is the only supported service. This endpoint is Admin only.,w,high,PUT default edits settings,buildset-2026-09-18
b0808,clearblade,POST,/admin/settings/sms-service,CreateSMSCommunication,2FA - Create SMS Communication,Creates SMS communication . Twilio is the only supported service. This endpoint is Admin only.,w,low,ii creates SMS config not clearly sent,buildset-2026-09-18
b0809,clearblade,POST,/admin/user/{systemKey}/columns,AddColumn,DEVELOPER - Add new column,Adds a new column to the user collection,w,high,ii plain create column,buildset-2026-09-18
b0810,clearblade,POST,/admin/logout,DevLogout,DEVELOPER - Log out dev,Logs the current developer out of their session and invalidates their DevToken,x,high,b invalidates session token,buildset-2026-09-18
b0811,clearblade,POST,/api/v/2/devices/{SystemKey}/auth,AuthDevice,DEVICES - Authenticate device,"## Description Logs device into system and returns an Device Access Token. ## Endpoint Body Values Here are the body values for the two scenarios ### Basic Auth Required Keys   - deviceName   - activeKey Example  ```json {   ""deviceName"":""BLEdevice"",   ""activeKey"":""378123BLE"" } ```   ### Refreshing Token Required Keys    - grant_type (only one valid value - ""refresh_token"")   - refresh_token   - access_token Example  ```json {   ""grant_type"":""refresh_token"",   ""refresh_token"":""eyJhbGciOiJIUzI1Ni",w,high,ii plain create of token,buildset-2026-09-18
b0812,clearblade,POST,/api/v/1/collection/{systemKey}/{collectionName},CreateCollectionData,DATA(name) - Create items,Creates new data rows in the specified collection.,w,high,ii plain create data rows,buildset-2026-09-18
b0813,clearblade,DELETE,/admin/v/4/webhook/{systemKey}/{name},DeleteWebhook,WEBHOOKS - Delete a webhook,Deletes an existing webhook in the specified system.,x,high,a deletes webhook no restore,buildset-2026-09-18
b0814,clearblade,DELETE,/api/v/4/{SystemKey}/adapters/{AdapterName}/files/{fileName},DeleteFile,ADAPTERS - Delete adapter files,Deletes the adapter file for a command,x,high,a deletes adapter file no restore,buildset-2026-09-18
b0815,clearblade,PUT,/admin/triggers/handlers/{systemKey}/{name},UpdateTriggerHandler,DEVELOPER - Update trigger handler,Updates the specified trigger handler.,w,high,w updates trigger handler,buildset-2026-09-18
b0816,clearblade,PUT,/api/v/4/data/{systemKey}/{collectionName}/upsert,UpdateUpsert,DATA - Update upsert values,This adds an insert (if the row does not exist) or an update (if the row exists),w,high,w upsert settable back,buildset-2026-09-18
b0817,clearblade,POST,/admin/settings/email-service/test,TestEmail,2FA - Test Email Service,Test email service . This endpoint is Admin only.,x,low,c sends test email notification,buildset-2026-09-18
b0818,clearblade,DELETE,/admin/v/4/session/{systemKey}/device,DeleteDeviceSession,SESSION  - Delete device session,"## Description: Delete device session.  ### Query Structure: ```json {""PAGESIZE"":int,""PAGENUM"":int,""FILTERS"":[[{""_REPLACE_WITH_OPERATOR_"":[{""valueType"":""value""}]}]], ""SORT"":[{""DESC"":""value""}]} ```   Note - You can generate a complex query object in a code service using the `ClearBlade.Query()` object.      ### Filter Options * device_key - string * issued - int (Unix timestamp)    ### Example: ```json {""FILTERS"":[[{""NEQ"":[{""device_key"":""e2c794e60bee9ced68fc101 :: DEVICENAME0001""}]},{""EQ"":[{""issu",x,high,b DELETE terminates device session,buildset-2026-09-18
b0819,clearblade,PUT,/api/v/3/{systemKey}/deployments/{deploymentName},UpdateDeployment,DEPLOYMENT - Update deployment,Updates a deployment.,w,high,w edits deployment,buildset-2026-09-18
b0820,clearblade,DELETE,/api/v/3/edges/{systemKey}/{name},DeleteEdgeByName,Edge - Delete edge,Deletes the specified edge from its system.,x,high,delete method no trash,buildset-2026-09-18
b0821,clearblade,POST,/admin/checkauth,VerifyAuth,DEVELOPER - Verifies access to the system,Verifies developer access to the system,r,high,i pure verify access,buildset-2026-09-18
b0822,clearblade,DELETE,/admin/settings/email-service,DeleteEmailSettings,2FA - Delete email settings,Deletes email communication settings. This endpoint is Admin only.,x,high,DELETE no trash named,buildset-2026-09-18
b0823,clearblade,DELETE,/admin/devices/{systemKey},DeleteDevicesAdmin,DEVELOPER - Delete devices using a query,Deletes all devices matching the filters specified by a query.,x,high,delete method matching query,buildset-2026-09-18
b0824,clearblade,DELETE,/api/v/4/{SystemKey}/adapters/{AdapterName},DeleteAdapter,ADAPTERS - Delete adapter,Deletes the adapter,x,high,a deletes adapter no restore,buildset-2026-09-18
b0825,clearblade,POST,/api/v/1/user/logout,UserLogout,USERS - Log out user,Logs the current user out of the specified system and invalidates their UserToken.,x,high,b invalidates session token logout,buildset-2026-09-18
b0826,clearblade,DELETE,/admin/triggers/handlers/{systemKey}/{name},DeleteTriggerHandler,DEVELOPER - Delete trigger handler,Deletes the specified trigger handler.,x,high,a deletes handler no restore,buildset-2026-09-18
b0827,clearblade,POST,/admin/triggers/timers/{systemKey}/{name},create_timer_handler,DEVELOPER - Create time handler,Creates new timer handler.,w,high,ii plain create timer handler,buildset-2026-09-18
b0828,clearblade,PUT,/admin/v/4/service_caches/{systemKey}/{cacheName},UpdateSharedCache,SHARED CACHE - Update a shared cache,"Updates a shared cache properties, like ttl & description.",w,high,w edits shared cache settings,buildset-2026-09-18
b0829,clearblade,DELETE,/codeadmin/failed/{systemKey},DeleteFailedService,DEVELOPER - Delete failed service run,Deletes the specified failed service run from the list of failed service runs. Does not delete the service.,x,high,a deletes service run record,buildset-2026-09-18
b0830,clearblade,DELETE,/admin/v/4/session/{systemKey}/user,DeleteUserSession,SESSION  - Delete user session,"## Description: Delete user session.  ### Query Structure: ```json {""PAGESIZE"":int,""PAGENUM"":int,""FILTERS"":[[{""_REPLACE_WITH_OPERATOR_"":[{""valueType"":""value""}]}]], ""SORT"":[{""DESC"":""value""}]} ```   Note - You can generate a complex query object in a code service using the `ClearBlade.Query()` object. ### Filter Options * user_id - string * issued - int (Unix timestamp)    ### Example: ```json {""FILTERS"":[[{""NEQ"":[{""user_id"":""9cd8ece70bea9e5a6de9cee05""}]},{""EQ"":[{""issued"":1587659839}]}]],""PAGESIZE",x,high,b terminates session,buildset-2026-09-18
b0831,clearblade,PUT,/api/v/1/user/info,UpdateUserInfo,USERS - Update user info,Updates some or all of the current user's information.,w,high,PUT default edit user info,buildset-2026-09-18
b0832,clearblade,PUT,/api/v/4/{SystemKey}/adapters/{AdapterName}/control,AddEdgeCommand,ADAPTERS - Send command to edge,Commands with files will send data to an edge,x,low,e dispatches command uncertain,buildset-2026-09-18
b0833,clearblade,DELETE,/admin/user/{systemKey},DeleteUser,DEVELOPER - Delete user,Deletes user from the system,x,high,a deletes user no restore,buildset-2026-09-18
b0834,clearblade,POST,/admin/triggers/handlers/{systemKey}/{name},CreateTrigger,DEVELOPER - Create trigger handler,Creates a new trigger handler.,w,high,ii plain create trigger,buildset-2026-09-18
b0835,clearblade,POST,/api/v/1/message/{systemKey}/publish,PublishMessage,MESSAGING - Publish message,"Publishes a message to a topic, given the user has permission to publish on that topic.",x,high,c publishes message to topic,buildset-2026-09-18
b0836,clearblade,POST,/api/v/4/bucket_sets/{systemKey}/{deploymentName}/file/create,CreateBucketFile,FILES  - Creates a new file in a bucket,Creates a new file in bucket,w,high,ii plain create file,buildset-2026-09-18
b0837,clearblade,PUT,/api/v/4/user/manage,ChangeUserInfo,USER - Users change roles and passwords for other users,Users can change the roles and passwords for other users in the system,x,high,b resets password for other users,buildset-2026-09-18
b0838,clearblade,PUT,/api/v/1/collection/{systemKey}/{collectionName},UpdateCollectionData,DATA(name) - Update items,Updates preexisting data rows in the specified collection.,w,high,PUT default w,buildset-2026-09-18
b0839,clearblade,DELETE,/admin/settings/sms-service,DeleteSMSSettings,2FA - Delete SMS settings,Deletes SMS communication settings. This endpoint is Admin only.,x,high,a deletes sms settings no restore,buildset-2026-09-18
b0840,clearblade,POST,/admin/user/{systemKey}/roles,AddRole,DEVELOPER - Add new role,Adds a new role to the system.,w,high,ii plain create role,buildset-2026-09-18
b0841,clearblade,DELETE,/api/v/1/message/{systemKey},DeleteMessageHistory,MESSAGING - Delete history,Deletes the messaging history for a single topic.,x,high,a deletes message history,buildset-2026-09-18
b0842,clearblade,PUT,/admin/edges/template/{systemKey}/{edgeName},UpdateEdgeTemplate,DEVELOPER - Update edge template,Update template for the specified edge.,w,high,w updates edge template,buildset-2026-09-18
b0843,clearblade,POST,/admin/v/4/service_caches/{systemKey}/{cacheName},addSharedCache,SHARED CACHE - Add a shared cache,Adds a shared cache to the system,w,high,ii plain create shared cache,buildset-2026-09-18
b0844,clearblade,DELETE,/api/v/3/code/{systemKey}/trigger/{name},DeleteTriggerByName,HANDLERS - Delete trigger handler,Deletes the specified trigger handler.,x,high,a deletes trigger handler no restore,buildset-2026-09-18
b0845,clearblade,PUT,/codeadmin/v/2/library/{systemKey}/{libName},UpdateLibrary,DEVELOPER - Update library,Updates local library.,w,high,w updates library settable back,buildset-2026-09-18
b0846,clearblade,POST,/admin/v/4/webhook/{systemKey}/{name},CreateWebhook,WEBHOOKS - Creates a webhook,Creates a webhook in the system ### List of Auth Methods   These will be used in `auth_method` in the body.   * `clearblade_auth`   * `http_basic_auth`   * `payload_auth`   * `no_auth`,w,high,ii plain create webhook,buildset-2026-09-18
b0847,clearblade,POST,/api/v/4/{SystemKey}/adapters,addAdapter,ADAPTERS - Add an adapter,Adds an adapter to the system,w,high,ii plain create adapter,buildset-2026-09-18
b0848,clearblade,POST,/api/v/4/bucket_sets/{systemKey}/{deploymentName}/file/copy,CopyBucketFile,FILES  - Copies a file to a new location within buckets,Copies a file to a new location within buckets,w,high,ii plain create copy,buildset-2026-09-18
b0849,clearblade,PUT,/api/v/2/devices/{systemKey}/{name},UpdateDeviceInfo,DEVICES - Update info,Updates a device's state or custom attributes.,w,high,PUT default edit device,buildset-2026-09-18
b0850,clearblade,POST,/admin/settings/email-service,CreateEmailCommunication,2FA - Create Email Communication,"## Description:   Creates email communication . This endpoint is Admin only.    ## Settings choices |Settings|Allowed Values| |--------|-----| |encryption_type|STARTTLS, TLS, NONE| |protocol|SMTP|",w,high,ii plain create of config,buildset-2026-09-18
b0851,clearblade,POST,/api/v/3/edges/{systemKey}/{name},CreateNewEdge,EDGE - Create edge,Creates a new edge in the specified system.,w,high,ii plain create edge,buildset-2026-09-18
b0852,clearblade,POST,/api/v/1/user/auth,AuthUser,USERS - Authenticate user,"## Description Logs user into system and returns an UserToken. ## Endpoint Body Values Here are the body values for the two scenarios ### Basic Auth Required Keys   - username   - password Example  ```json {   ""username"":""cbman@clearblade.com"",   ""password"":""cl34rbl4d3"" } ```   ### Refreshing Token Required Keys    - grant_type (only one valid value - ""refresh_token"")   - refresh_token   - access_token Example  ```json {   ""grant_type"":""refresh_token"",   ""refresh_token"":""eyJhbGciOiJIUzI1NiIsInR5",w,low,ii plain create token via auth,buildset-2026-09-18
b0853,clearblade,PUT,/api/v/4/{SystemKey}/adapters/{AdapterName}/files/{fileName},updateExistingFileContent,ADAPTERS - Update Existing File's content,Update the content of the existing file,w,high,PUT default edit file content,buildset-2026-09-18
b0854,clearblade,DELETE,/admin/collectionmanagement,DevDeleteCollection,DEVELOPER - Delete collection,Deletes an existing collection in the specified system.,x,high,DELETE no trash named,buildset-2026-09-18
b0855,clearblade,POST,/admin/settings/sms-service/test,TestSMS,2FA - Test SMS Service,Test SMS service . This endpoint is Admin only.,x,low,c sends test sms,buildset-2026-09-18
b0856,clearblade,PUT,/admin/devices/{systemKey}/{name},UpdateSystemDevice,DEVELOPER - Update device,Updates the specified device's information.,w,high,w edits device info,buildset-2026-09-18
b0857,clearblade,PUT,/api/v/3/edges/{systemKey}/{name},UpdateEdgeByName,EDGE - Update edge,Updates the specified edge's information.,w,high,PUT default edit edge,buildset-2026-09-18
b0858,clearblade,POST,/api/v/4/bucket_sets/{systemKey}/{deploymentName}/file/delete,DeleteBucketFile,FILES  - Deletes a file from the bucket.,Deletes a file from the bucket.,x,high,iv POST does delete action,buildset-2026-09-18
b0859,clearblade,POST,/api/v/4/bucket_sets/{systemKey}/{deploymentName}/file/move,MoveBucketFile,FILES  - Moves a file to a new location within buckets.,Moves a file to a new location within buckets.,w,low,edit moving file settable back,buildset-2026-09-18
b0860,clearblade,PUT,/admin/putpass,ChangeDevPassword,DEVELOPER - Change dev password,Changes a developer's password.,x,high,b resets password credential,buildset-2026-09-18
b0861,clearblade,POST,/admin/v/4/systemmanagement,CreateSystem,DEVELOPER - Create system,Creates a new system tied to the developer's account.,w,high,ii plain create of system,buildset-2026-09-18
b0862,clearblade,POST,/admin/devices/keys/{systemKey}/{deviceName},CreateRotatingKeys,DEVICE -Creates rotating keys for a device.,Creates rotating keys for a device.,x,low,b creates rotating device key credential,buildset-2026-09-18
b0863,clearblade,DELETE,/admin/edges/{systemKey}/{edgeName},DeleteEdge,DEVELOPER - Delete edge,Deletes the specified edge from its system.,x,high,DELETE no trash named,buildset-2026-09-18
b0864,clearblade,DELETE,/codeadmin/v/2/library/{systemKey}/{libName},DeleteLibrary,DEVELOPER - Delete library,Deletes a local library from the specified system.,x,high,a deletes library no restore,buildset-2026-09-18
b0865,clearblade,POST,/admin/platform/developer,DisableDev,DEVELOPER - Disable developer,Disables the specified developer on the platform.,w,high,toggle disable has enable,buildset-2026-09-18
b0866,clearblade,PUT,/admin/settings/security,UpdateSecurity,2FA - Update Security Settings,Update instance wide security settings.TTL must be between 86400 and 2592000 seconds. This endpoint is Admin only.,w,high,w edits security settings,buildset-2026-09-18
b0867,clearblade,POST,/api/v/1/user/checkauth,UserCheckAuth,USERS - Check user auth,Checks if current user's UserToken is valid.,r,high,read only auth check,buildset-2026-09-18
b0868,clearblade,DELETE,/api/v/2/devices/{SystemKey},DeleteDevices,DEVICES - Delete devices using a query,Deletes all devices matching the filters specified by a query.,x,high,a deletes devices no restore,buildset-2026-09-18
b0869,clearblade,POST,/api/v/1/data/{collectionID},CreateCollectionDataAlt,DATA(id) - Create items,Creates new data rows in the specified collection.,w,high,ii plain create data items,buildset-2026-09-18
b0870,clearblade,PUT,/admin/settings/email-service,UpdateEmailSettings,2FA - Update Email Settings,"## Description: Updates email communication settings. This endpoint is Admin only.     ## Setting options      |Settings|Types| |--------|-----| |encryption_type|STARTTLS, TLS, NONE| |port|25, 465, 587, 2525| SMTP is the only protocol supported",w,high,PUT default w,buildset-2026-09-18
b0871,clearblade,DELETE,/admin/v/4/service_caches/{systemKey}/{cacheName},DeleteSharedCache,SHARED CACHE - Delete a shared cache,Deletes a shared cache,x,high,DELETE no trash named,buildset-2026-09-18
b0872,clearblade,DELETE,/admin/triggers/timers/{systemKey}/{name},DeleteTimerHandler,DEVELOPER - Delete trigger handler,Deletes the specified trigger handler.,x,high,delete method no trash,buildset-2026-09-18
b0873,clearblade,POST,/api/v/3/collectionmanagement,CreateCollection,DATA - Create collection,Creates a new collection or database connection in the specified system.,w,high,ii plain create collection,buildset-2026-09-18
b0874,clearblade,PUT,/admin/v/4/systemmanagement,UpdateSystem,DEVELOPER - Update system info,Updates a system's metadata.,w,high,PUT default w,buildset-2026-09-18
b0875,clearblade,DELETE,/api/v/4/data/{systemKey}/{collectionName}/index,DeleteNonUniqueIndex,DATA - Delete collection,This deletes a non unique index from a column.,x,high,a deletes index no restore,buildset-2026-09-18
b0876,clearblade,POST,/api/v/1/user/anon,AuthAnon,USERS - Authenticate anonymous user,Logs an anonymous user into the specified system and returns an UserToken.,w,high,ii plain create anon session token,buildset-2026-09-18
b0877,keycloak,POST,/{realm}/clients/{id}/roles/{role-name}/composites,,Add a composite to the role,,w,high,ii adds composite settable back,buildset-2026-09-18
b0878,keycloak,POST,/{realm}/testLDAPConnection,,Test LDAP connection,,r,high,i tests connection not stored,buildset-2026-09-18
b0879,keycloak,POST,/{realm}/authentication/executions/{executionId}/lower-priority,,Lower execution’s priority,,w,high,iii edits execution priority,buildset-2026-09-18
b0880,keycloak,DELETE,/{realm}/authentication/config/{id},,Delete authenticator configuration,,x,high,a deletes authenticator config no restore,buildset-2026-09-18
b0881,keycloak,POST,/{realm}/clients/{id}/scope-mappings/realm,,Add a set of realm-level roles to the client’s scope,,w,high,w adds scope mapping settable back,buildset-2026-09-18
b0882,keycloak,POST,/,,Import a realm   Imports a realm from a full representation of that realm.,,w,high,ii import into own store,buildset-2026-09-18
b0883,keycloak,DELETE,/{realm}/authentication/executions/{executionId},,Delete execution,,x,high,a deletes execution no restore,buildset-2026-09-18
b0884,keycloak,DELETE,/{realm}/roles-by-id/{role-id},,Delete the role,,x,high,a deletes role no restore,buildset-2026-09-18
b0885,keycloak,DELETE,/{realm}/clients/{id}/nodes/{node},,Unregister a cluster node from the client,,x,high,delete method no trash,buildset-2026-09-18
b0886,keycloak,POST,/{realm}/clients/{id}/push-revocation,,"Push the client’s revocation policy to its admin URL   If the client has an admin URL, push revocation policy to it.",,x,low,e dispatches revocation policy to admin url,buildset-2026-09-18
b0887,keycloak,POST,/{realm}/user-storage/{id}/unlink-users,,Unlink imported users from a storage provider,,w,low,w unlinks users settable back re-import,buildset-2026-09-18
b0888,keycloak,DELETE,/{realm}/authentication/required-actions/{alias},,Delete required action,,x,high,DELETE no trash named,buildset-2026-09-18
b0889,keycloak,POST,/{realm}/roles/{role-name}/composites,,Add a composite to the role,,w,high,POST adds composite role settable back,buildset-2026-09-18
b0890,keycloak,PUT,/{realm}/clients/{id},,Update the client,,w,high,PUT default edit client,buildset-2026-09-18
b0891,keycloak,DELETE,/{realm}/client-scopes/{id}/scope-mappings/realm,,Remove a set of realm-level roles from the client’s scope,,x,high,DELETE method wins no trash,buildset-2026-09-18
b0892,keycloak,POST,/{realm}/components,,,,w,low,ii plain create component sparse text,buildset-2026-09-18
b0893,keycloak,DELETE,/{realm}/clients/{id},,Delete the client,,x,high,DELETE method wins no restore named,buildset-2026-09-18
b0894,keycloak,POST,/{realm}/clients/{id}/scope-mappings/clients/{client},,Add client-level roles to the client’s scope,,w,high,ii plain create scope mapping,buildset-2026-09-18
b0895,keycloak,PUT,/{realm}/users/{id}/reset-password,,Set up a new password for the user.,,x,high,b resets password credential,buildset-2026-09-18
b0896,keycloak,PUT,/{realm}/identity-provider/instances/{alias}/management/permissions,,Return object stating whether client Authorization permissions have been initialized or not and a reference,,w,low,PUT default w initializes permissions,buildset-2026-09-18
b0897,keycloak,DELETE,/{realm}/groups/{id},,,,x,high,a DELETE default deletes group,buildset-2026-09-18
b0898,keycloak,POST,/{realm}/authentication/flows/{flowAlias}/executions/flow,,Add new flow with new execution to existing flow,,w,high,ii plain create flow execution,buildset-2026-09-18
b0899,keycloak,POST,/{realm}/authentication/executions/{executionId}/config,,Update execution with new configuration,,w,high,iii POST edits existing execution config,buildset-2026-09-18
b0900,keycloak,PUT,/{realm}/events/config,,Update the events provider   Change the events provider and/or its configuration,,w,high,put default update provider,buildset-2026-09-18
b0901,keycloak,POST,/{realm}/user-storage/{id}/sync,,"Trigger sync of users   Action can be ""triggerFullSync"" or ""triggerChangedUsersSync""",,x,high,e triggers sync job,buildset-2026-09-18
b0902,keycloak,POST,/{realm}/users,,Create a new user   Username must be unique.,,w,high,ii plain create user,buildset-2026-09-18
b0903,keycloak,DELETE,/{realm}/roles-by-id/{role-id}/composites,,Remove a set of roles from the role’s composite,,x,high,DELETE method wins no trash,buildset-2026-09-18
b0904,keycloak,DELETE,/{realm}/groups/{id}/role-mappings/clients/{client},,Delete client-level roles from user role mapping,,x,high,delete method wins removes role mapping,buildset-2026-09-18
b0905,keycloak,DELETE,/{realm}/client-scopes/{id}/scope-mappings/clients/{client},,Remove client-level roles from the client’s scope.,,x,high,DELETE removes role mappings method wins,buildset-2026-09-18
b0906,keycloak,POST,/{realm}/roles-by-id/{role-id}/composites,,Make the role a composite role by associating some child roles,,w,high,w adds composite roles settable back,buildset-2026-09-18
b0907,keycloak,DELETE,/{realm}/users/{id}/role-mappings/clients/{client},,Delete client-level roles from user role mapping,,x,high,DELETE method wins removes role mapping,buildset-2026-09-18
b0908,keycloak,PUT,/{realm},,"Update the top-level information of the realm   Any user, roles or client information in the representation  will be ignored.",,w,high,PUT default w,buildset-2026-09-18
b0909,keycloak,DELETE,/{realm}/attack-detection/brute-force/users,,Clear any user login failures for all users   This can release temporary disabled users,,x,high,DELETE clears records method wins x,buildset-2026-09-18
b0910,keycloak,POST,/{realm}/users/{id}/role-mappings/realm,,Add realm-level role mappings to the user,,w,high,w adds role mapping settable back,buildset-2026-09-18
b0911,keycloak,POST,/{realm}/authentication/executions/{executionId}/raise-priority,,Raise execution’s priority,,w,high,iii edits existing priority order,buildset-2026-09-18
b0912,keycloak,PUT,/{realm}/authentication/required-actions/{alias},,Update required action,,w,high,PUT default w,buildset-2026-09-18
b0913,keycloak,POST,/{realm}/clients/{id}/registration-access-token,,Generate a new registration access token for the client,,x,low,b rotates registration token,buildset-2026-09-18
b0914,keycloak,DELETE,/{realm}/roles/{role-name},,Delete a role by name,,x,high,a deletes role no restore,buildset-2026-09-18
b0915,keycloak,DELETE,/{realm}/default-groups/{groupId},,,,x,high,DELETE default method,buildset-2026-09-18
b0916,keycloak,PUT,/{realm}/users-management-permissions,,,,w,low,PUT default edits permissions,buildset-2026-09-18
b0917,keycloak,POST,/{realm}/push-revocation,,Push the realm’s revocation policy to any client that has an admin url associated with it.,,x,low,e triggers push dispatches policy,buildset-2026-09-18
b0918,keycloak,POST,/{realm}/client-description-converter,,Base path for importing clients under this realm.,,r,low,i POST converts no clear store,buildset-2026-09-18
b0919,keycloak,DELETE,/{realm}/clients/{id}/optional-client-scopes/{clientScopeId},,,,x,high,DELETE method wins removes scope,buildset-2026-09-18
b0920,keycloak,DELETE,/{realm}/components/{id},,,,x,high,DELETE method wins no restore,buildset-2026-09-18
b0921,keycloak,PUT,/{realm}/roles-by-id/{role-id}/management/permissions,,Return object stating whether role Authoirzation permissions have been initialized or not and a reference,,w,low,PUT default initializes settable,buildset-2026-09-18
b0922,keycloak,DELETE,/{realm}/users/{id}/federated-identity/{provider},,Remove a social login provider from user,,x,high,DELETE removes federated identity method wins x,buildset-2026-09-18
b0923,keycloak,PUT,/{realm}/components/{id},,,,w,low,PUT default w no text,buildset-2026-09-18
b0924,keycloak,POST,/{realm}/client-scopes/{id}/protocol-mappers/models,,Create a mapper,,w,high,ii plain create of mapper,buildset-2026-09-18
b0925,keycloak,PUT,/{realm}/clients/{id}/management/permissions,,Return object stating whether client Authorization permissions have been initialized or not and a reference,,w,low,PUT default w text unclear,buildset-2026-09-18
b0926,keycloak,POST,/{realm}/clear-user-cache,,Clear user cache,,x,high,a clears user cache data,buildset-2026-09-18
b0927,keycloak,POST,/{realm}/roles,,Create a new role for the realm or client,,w,high,ii plain create role,buildset-2026-09-18
b0928,keycloak,POST,/{realm}/authentication/required-actions/{alias}/raise-priority,,Raise required action’s priority,,w,high,iii POST edits priority order,buildset-2026-09-18
b0929,keycloak,PUT,/{realm}/roles/{role-name},,Update a role by name,,w,high,PUT default w,buildset-2026-09-18
b0930,keycloak,POST,/{realm}/identity-provider/instances,,Create a new identity provider,,w,high,ii plain create identity provider,buildset-2026-09-18
b0931,keycloak,POST,/{realm}/groups/{id}/role-mappings/realm,,Add realm-level role mappings to the user,,w,high,ii adds mappings settable back,buildset-2026-09-18
b0932,keycloak,DELETE,/{realm}/clients-initial-access/{id},,,,x,high,DELETE method wins no restore,buildset-2026-09-18
b0933,keycloak,POST,/{realm}/identity-provider/instances/{alias}/mappers,,Add a mapper to identity provider,,w,high,ii plain create mapper,buildset-2026-09-18
b0934,keycloak,PUT,/{realm}/clients/{id}/optional-client-scopes/{clientScopeId},,,,w,low,PUT default w no text,buildset-2026-09-18
b0935,keycloak,POST,/{realm}/groups,,create or add a top level realm groupSet or create child.,,w,high,ii plain create group,buildset-2026-09-18
b0936,keycloak,POST,/{realm}/partial-export,,Partial export of existing realm into a JSON file.,,r,high,i POST export read-only no store change,buildset-2026-09-18
b0937,keycloak,PUT,/{realm}/users/{id}/disable-credential-types,,Disable all credentials for a user of a specific type,,w,high,toggle disable has enable,buildset-2026-09-18
b0938,keycloak,DELETE,/{realm}/clients/{id}/scope-mappings/realm,,Remove a set of realm-level roles from the client’s scope,,x,high,DELETE removes role mapping method wins x,buildset-2026-09-18
b0939,keycloak,DELETE,/{realm}/events,,Delete all events,,x,high,a deletes all events no restore,buildset-2026-09-18
b0940,keycloak,DELETE,/{realm}/clients/{id}/roles/{role-name}/composites,,Remove roles from the role’s composite,,x,high,delete method wins removes composites,buildset-2026-09-18
b0941,keycloak,DELETE,/{realm}/sessions/{session},,Remove a specific user session.,,x,high,b DELETE terminates session,buildset-2026-09-18
b0942,keycloak,POST,/{realm}/groups/{id}/role-mappings/clients/{client},,Add client-level roles to the user role mapping,,w,high,ii adds role mapping removable,buildset-2026-09-18
b0943,keycloak,POST,/{realm}/testSMTPConnection,,,,r,high,i test connection read only,buildset-2026-09-18
b0944,keycloak,DELETE,/{realm}/clients/{id}/default-client-scopes/{clientScopeId},,,,x,low,delete method default no text,buildset-2026-09-18
b0945,keycloak,PUT,/{realm}/default-optional-client-scopes/{clientScopeId},,,,w,low,w edits default scope sparse text,buildset-2026-09-18
b0946,keycloak,POST,/{realm}/clients/{id}/certificates/{attr}/generate,,Generate a new certificate with new key pair,,x,high,b rotates certificate key pair,buildset-2026-09-18
b0947,keycloak,POST,/{realm}/users/{id}/federated-identity/{provider},,Add a social login provider to the user,,w,high,ii adds identity settable back,buildset-2026-09-18
b0948,keycloak,PUT,/{realm}/authentication/config/{id},,Update authenticator configuration,,w,high,PUT default w,buildset-2026-09-18
b0949,keycloak,POST,/{realm}/user-storage/{parentId}/mappers/{id}/sync,,"Trigger sync of mapper data related to ldap mapper (roles, groups, …​)   direction is ""fedToKeycloak"" or ""keycloakToFed""",,x,high,e triggers ldap sync job,buildset-2026-09-18
b0950,keycloak,POST,/{realm}/users/{id}/credentials/{credentialId}/moveAfter/{newPreviousCredentialId},,Move a credential to a position behind another credential,,w,high,iii reorders existing item,buildset-2026-09-18
b0951,keycloak,DELETE,/{realm}/attack-detection/brute-force/users/{userId},,Clear any user login failures for the user   This can release temporary disabled user,,x,low,DELETE method wins tension w release,buildset-2026-09-18
b0952,keycloak,POST,/{realm}/users/{id}/role-mappings/clients/{client},,Add client-level roles to the user role mapping,,w,high,ii adds role mapping settable back,buildset-2026-09-18
b0953,keycloak,POST,/{realm}/authentication/required-actions/{alias}/lower-priority,,Lower required action’s priority,,w,high,w changes priority settable back,buildset-2026-09-18
b0954,keycloak,DELETE,/{realm}/groups/{id}/role-mappings/realm,,Delete realm-level role mappings,,x,high,DELETE method wins no trash,buildset-2026-09-18
b0955,keycloak,PUT,/{realm}/users/{id}/credentials/{credentialId}/userLabel,,Update a credential label for a user,,w,high,PUT default edit label,buildset-2026-09-18
b0956,keycloak,POST,/{realm}/identity-provider/import-config,,Import identity provider from uploaded JSON file,,x,high,e imports from outside source,buildset-2026-09-18
b0957,keycloak,POST,/{realm}/user-storage/{id}/remove-imported-users,,Remove imported users,,x,low,a removes imported user records no restore,buildset-2026-09-18
b0958,keycloak,PUT,/{realm}/client-scopes/{id1}/protocol-mappers/models/{id2},,Update the mapper,,w,high,PUT default edit,buildset-2026-09-18
b0959,keycloak,POST,/{realm}/clients/{id}/certificates/{attr}/upload,,Upload certificate and eventually private key,,w,high,ii plain create upload cert,buildset-2026-09-18
b0960,keycloak,DELETE,/{realm}/roles/{role-name}/composites,,Remove roles from the role’s composite,,x,high,delete method wins on composite removal,buildset-2026-09-18
b0961,keycloak,POST,/{realm}/clear-realm-cache,,Clear realm cache,,x,low,clears data matches x verb,buildset-2026-09-18
b0962,keycloak,POST,/{realm}/partialImport,,Partial import from a JSON file to an existing realm.,,x,high,e imports realm data,buildset-2026-09-18
b0963,keycloak,POST,/{realm}/clients/{id}/certificates/{attr}/generate-and-download,,"Generate a new keypair and certificate, and get the private key file   Generates a keypair and certificate and serves the private key in a specified keystore format.",,x,low,b generates cert rotates credential,buildset-2026-09-18
b0964,keycloak,POST,/{realm}/clients/{id}/certificates/{attr}/download,,"Get a keystore file for the client, containing private key and public certificate",,r,high,i POST download read-only,buildset-2026-09-18
b0965,keycloak,POST,/{realm}/users/{id}/credentials/{credentialId}/moveToFirst,,Move a credential to a first position in the credentials list of the user,,w,high,iii reorders existing item,buildset-2026-09-18
b0966,keycloak,DELETE,/{realm}/users/{id}/role-mappings/realm,,Delete realm-level role mappings,,x,high,DELETE method wins no restore named,buildset-2026-09-18
b0967,keycloak,PUT,/{realm}/identity-provider/instances/{alias},,Update the identity provider,,w,high,put default w edits provider,buildset-2026-09-18
b0968,keycloak,DELETE,/{realm}/client-scopes/{id1}/protocol-mappers/models/{id2},,Delete the mapper,,x,high,a deletes mapper no restore,buildset-2026-09-18
b0969,keycloak,PUT,/{realm}/clients/{id}/roles/{role-name}/management/permissions,,Return object stating whether role Authoirzation permissions have been initialized or not and a reference,,w,low,PUT default initializes settable,buildset-2026-09-18
b0970,keycloak,DELETE,/{realm}/admin-events,,Delete all admin events,,x,high,a deletes admin events no restore,buildset-2026-09-18
b0971,keycloak,DELETE,/{realm}/default-optional-client-scopes/{clientScopeId},,,,x,high,DELETE removes scope method wins x,buildset-2026-09-18
b0972,keycloak,POST,/{realm}/authentication/flows/{flowAlias}/executions/execution,,Add new authentication execution to a flow,,w,high,ii plain create execution,buildset-2026-09-18
b0973,keycloak,POST,/{realm}/users/{id}/impersonation,,Impersonate the user,,w,low,ii creates impersonation session settable back,buildset-2026-09-18
b0974,keycloak,POST,/{realm}/client-scopes/{id}/protocol-mappers/add-models,,Create multiple mappers,,w,high,ii plain create mappers,buildset-2026-09-18
b0975,keycloak,PUT,/{realm}/clients/{id1}/protocol-mappers/models/{id2},,Update the mapper,,w,high,PUT default w,buildset-2026-09-18
b0976,keycloak,PUT,/{realm}/identity-provider/instances/{alias}/mappers/{id},,Update a mapper for the identity provider,,w,high,w edits mapper,buildset-2026-09-18
b0977,keycloak,POST,/{realm}/logout-all,,Removes all user sessions.,,x,high,b terminates all sessions,buildset-2026-09-18
b0978,keycloak,DELETE,/{realm}/identity-provider/instances/{alias},,Delete the identity provider,,x,high,a deletes provider no restore,buildset-2026-09-18
b0979,keycloak,POST,/{realm}/clients/{id}/protocol-mappers/models,,Create a mapper,,w,high,ii plain create of mapper,buildset-2026-09-18
b0980,keycloak,POST,/{realm}/authentication/flows,,Create a new authentication flow,,w,high,ii plain create auth flow,buildset-2026-09-18
b0981,keycloak,PUT,/{realm}/clients/{id}/roles/{role-name},,Update a role by name,,w,high,PUT default edits role,buildset-2026-09-18
b0982,keycloak,PUT,/{realm}/users/{id}/execute-actions-email,,Send a update account email to the user   An email contains a link the user can click to perform a set of required actions.,,x,high,c sends email to user,buildset-2026-09-18
b0983,keycloak,POST,/{realm}/users/{id}/logout,,Remove all user sessions associated with the user   Also send notification to all clients that have an admin URL to invalidate the sessions for the particular user.,,x,high,c sends notification invalidate sessions,buildset-2026-09-18
b0984,keycloak,POST,/{realm}/clients/{id}/protocol-mappers/add-models,,Create multiple mappers,,w,high,ii plain create mappers,buildset-2026-09-18
b0985,keycloak,PUT,/{realm}/groups/{id},,"Update group, ignores subgroups.",,w,high,w updates group settable back,buildset-2026-09-18
b0986,keycloak,POST,/{realm}/clients-initial-access,,Create a new initial access token.,,w,high,ii plain create token,buildset-2026-09-18
b0987,keycloak,PUT,/{realm}/clients/{id}/default-client-scopes/{clientScopeId},,,,w,low,PUT default w sets scope,buildset-2026-09-18
b0988,keycloak,PUT,/{realm}/default-groups/{groupId},,,,w,high,PUT default w,buildset-2026-09-18
b0989,keycloak,DELETE,/{realm}/clients/{id}/roles/{role-name},,Delete a role by name,,x,high,a deletes role no restore,buildset-2026-09-18
b0990,keycloak,POST,/{realm}/clients/{id}/client-secret,,Generate a new secret for the client,,x,high,b generates new secret rotates credential,buildset-2026-09-18
b0991,keycloak,POST,/{realm}/authentication/register-required-action,,Register a new required actions,,w,high,ii plain create required action,buildset-2026-09-18
b0992,keycloak,DELETE,/{realm}/client-scopes/{id},,Delete the client scope,,x,high,a deletes client scope no restore,buildset-2026-09-18
b0993,keycloak,DELETE,/{realm}/users/{id}/groups/{groupId},,,,x,high,DELETE method wins removes membership,buildset-2026-09-18
b0994,keycloak,PUT,/{realm}/client-scopes/{id},,Update the client scope,,w,high,PUT default edits scope,buildset-2026-09-18
b0995,keycloak,DELETE,/{realm}/clients/{id}/scope-mappings/clients/{client},,Remove client-level roles from the client’s scope.,,x,high,DELETE method wins no restore named,buildset-2026-09-18
b0996,keycloak,POST,/{realm}/client-scopes/{id}/scope-mappings/clients/{client},,Add client-level roles to the client’s scope,,w,high,ii adds roles settable back,buildset-2026-09-18
b0997,keycloak,DELETE,/{realm},,Delete the realm,,x,high,a deletes realm no restore,buildset-2026-09-18
b0998,keycloak,DELETE,/{realm}/identity-provider/instances/{alias}/mappers/{id},,Delete a mapper for the identity provider,,x,high,delete method no trash,buildset-2026-09-18
b0999,keycloak,DELETE,/{realm}/default-default-client-scopes/{clientScopeId},,,,x,high,DELETE removes default scope method wins,buildset-2026-09-18
b1000,keycloak,POST,/{realm}/clients/{id}/roles,,Create a new role for the realm or client,,w,high,ii plain create role,buildset-2026-09-18
b1001,keycloak,POST,/{realm}/clients/{id}/nodes,,Register a cluster node with the client   Manually register cluster node to this client - usually it’s not needed to call this directly as adapter should handle  by sending registration request to Keycloak,,w,high,ii plain create register node,buildset-2026-09-18
b1002,keycloak,PUT,/{realm}/roles/{role-name}/management/permissions,,Return object stating whether role Authoirzation permissions have been initialized or not and a reference,,w,low,w initializes edits permissions ambiguous text,buildset-2026-09-18
b1003,keycloak,POST,/{realm}/groups/{id}/children,,Set or create child.,,w,high,ii set or create child,buildset-2026-09-18
b1004,keycloak,POST,/{realm}/client-scopes/{id}/scope-mappings/realm,,Add a set of realm-level roles to the client’s scope,,w,high,ii adds role mapping removable,buildset-2026-09-18
b1005,keycloak,PUT,/{realm}/groups/{id}/management/permissions,,Return object stating whether client Authorization permissions have been initialized or not and a reference,,w,low,PUT default w text unclear,buildset-2026-09-18
b1006,keycloak,PUT,/{realm}/users/{id},,Update the user,,w,high,put default update user,buildset-2026-09-18
b1007,keycloak,DELETE,/{realm}/users/{id}/consents/{client},,Revoke consent and offline tokens for particular client from user,,x,high,b revokes consent tokens,buildset-2026-09-18
b1008,keycloak,POST,/{realm}/authentication/flows/{flowAlias}/copy,,Copy existing authentication flow under a new name   The new name is given as 'newName' attribute of the passed JSON object,,w,high,ii plain create copy of flow,buildset-2026-09-18
b1009,keycloak,PUT,/{realm}/authentication/flows/{id},,Update an authentication flow,,w,high,PUT default edits auth flow,buildset-2026-09-18
b1010,keycloak,POST,/{realm}/authentication/executions,,Add new authentication execution,,w,high,ii plain create execution,buildset-2026-09-18
b1011,keycloak,PUT,/{realm}/authentication/flows/{flowAlias}/executions,,Update authentication executions of a flow,,w,high,w updates executions settable back,buildset-2026-09-18
b1012,keycloak,POST,/{realm}/client-scopes,,Create a new client scope   Client Scope’s name must be unique!,,w,high,ii plain create client scope,buildset-2026-09-18
b1013,keycloak,POST,/{realm}/clients/{id}/certificates/{attr}/upload-certificate,,"Upload only certificate, not private key",,w,low,ii sets certificate no rotate text,buildset-2026-09-18
b1014,keycloak,PUT,/{realm}/default-default-client-scopes/{clientScopeId},,,,w,low,put default w no text detail,buildset-2026-09-18
b1015,keycloak,DELETE,/{realm}/clients/{id1}/protocol-mappers/models/{id2},,Delete the mapper,,x,high,DELETE no trash named,buildset-2026-09-18
b1016,keycloak,DELETE,/{realm}/users/{id},,Delete the user,,x,high,a deletes user no restore,buildset-2026-09-18
b1017,keycloak,POST,/{realm}/clients,,Create a new client   Client’s client_id must be unique!,,w,high,ii plain create client,buildset-2026-09-18
b1018,keycloak,DELETE,/{realm}/users/{id}/credentials/{credentialId},,Remove a credential for a user,,x,high,DELETE removes credential,buildset-2026-09-18
b1019,keycloak,PUT,/{realm}/users/{id}/groups/{groupId},,,,w,high,PUT default w method floor,buildset-2026-09-18
b1020,keycloak,DELETE,/{realm}/authentication/flows/{id},,Delete an authentication flow,,x,high,a deletes auth flow no restore,buildset-2026-09-18
b1021,keycloak,POST,/{realm}/clear-keys-cache,,Clear cache of external public keys (Public keys of clients or Identity providers),,x,high,a clears cached data,buildset-2026-09-18
b1022,keycloak,PUT,/{realm}/roles-by-id/{role-id},,Update the role,,w,high,put default update role,buildset-2026-09-18
b1023,keycloak,PUT,/{realm}/users/{id}/send-verify-email,,Send an email-verification email to the user   An email contains a link the user can click to verify their email address.,,x,high,c sends verification email,buildset-2026-09-18
b1024,atlassian,POST,/rest/api/3/issueLink,linkIssues,Create issue link,"Creates a link between two issues. Use this operation to indicate a relationship between two issues and optionally add a comment to the from (outward) issue. To use this resource the site must have [Issue Linking](https://confluence.atlassian.com/x/yoXKM) enabled. This resource returns nothing on the creation of an issue link. To obtain the ID of the issue link, use `https://your-domain.atlassian.net/rest/api/3/issue/[linked issue key]?fields=issuelinks`. If the link request duplicates a link, t",w,high,ii plain create link,buildset-2026-09-18
b1025,atlassian,DELETE,/rest/api/3/field/{fieldKey}/option/{optionId}/issue,replaceIssueFieldOption,Replace issue field option,Deselects an issue-field select-list option from all issues where it is selected. A different option can be selected to replace the deselected option. The update can also be limited to a smaller set of issues by using a JQL query. Connect and Forge app users with *Administer Jira* [global permission](https://confluence.atlassian.com/x/x4dKLg) can override the screen security configuration using `overrideScreenSecurity` and `overrideEditableFlag`. This is an [asynchronous operation](#async). The ,x,high,DELETE method wins deselects option,buildset-2026-09-18
b1026,atlassian,POST,/rest/api/3/dashboard/{dashboardId}/gadget,addGadget,Add gadget to dashboard,Adds a gadget to a dashboard. **[Permissions](#permissions) required:** None.,w,high,ii plain create gadget,buildset-2026-09-18
b1027,atlassian,POST,/rest/api/3/jql/function/computation,updatePrecomputations,Update precomputations,,w,low,iii updates existing computations,buildset-2026-09-18
b1028,atlassian,DELETE,/rest/api/3/project/{projectIdOrKey},deleteProject,Delete project,"Deletes a project. You can't delete a project if it's archived. To delete an archived project, restore the project and then delete it. To restore a project, use the Jira UI. **[Permissions](#permissions) required:** *Administer Jira* [global permission](https://confluence.atlassian.com/x/x4dKLg).",x,high,delete method no trash,buildset-2026-09-18
b1029,atlassian,POST,/rest/api/3/filter,createFilter,Create filter,Creates a filter. The filter is shared according to the [default share scope](#api-rest-api-3-filter-post). The filter is not selected as a favorite. **[Permissions](#permissions) required:** Permission to access Jira.,w,high,ii plain create of filter,buildset-2026-09-18
b1030,atlassian,PUT,/rest/api/3/issue/{issueIdOrKey}/remotelink/{linkId},updateRemoteIssueLink,Update remote issue link by ID,Updates a remote issue link for an issue. Note: Fields without values in the request are set to null. This operation requires [issue linking to be active](https://confluence.atlassian.com/x/yoXKM). This operation can be accessed anonymously. **[Permissions](#permissions) required:**  *  *Browse projects* and *Link issues* [project permission](https://confluence.atlassian.com/x/yodKLg) for the project that the issue is in.  *  If [issue-level security](https://confluence.atlassian.com/x/J4lKLg) i,w,high,PUT default edits remote link,buildset-2026-09-18
b1031,atlassian,POST,/rest/api/3/user,createUser,Create user,"Creates a user. This resource is retained for legacy compatibility. As soon as a more suitable alternative is available this resource will be deprecated. If the user exists and has access to Jira, the operation returns a 201 status. If the user exists but does not have access to Jira, the operation returns a 400 status. **[Permissions](#permissions) required:** *Administer Jira* [global permission](https://confluence.atlassian.com/x/x4dKLg).",w,high,ii plain create user,buildset-2026-09-18
b1032,atlassian,DELETE,/rest/atlassian-connect/1/app/module/dynamic,DynamicModulesResource.removeModules_delete,Remove modules,Remove all or a list of modules registered by the calling app. **[Permissions](#permissions) required:** Only Connect apps can make this request.,x,high,DELETE method wins removes modules,buildset-2026-09-18
b1033,atlassian,PUT,/rest/api/3/priority/{id},updatePriority,Update priority,Updates an issue priority. **[Permissions](#permissions) required:** *Administer Jira* [global permission](https://confluence.atlassian.com/x/x4dKLg).,w,high,put default update priority,buildset-2026-09-18
b1034,atlassian,POST,/rest/api/3/app/field/value,updateMultipleCustomFieldValues,Update custom fields,Updates the value of one or more custom fields on one or more issues. Combinations of custom field and issue should be unique within the request. Custom fields can only be updated by the Forge app that created them. **[Permissions](#permissions) required:** Only the app that created the custom field can update its values with this operation.,w,high,iii updates custom field values,buildset-2026-09-18
b1035,atlassian,POST,/rest/api/3/issue/watching,getIsWatchingIssueBulk,Get is watching issue bulk,"Returns, for the user, details of the watched status of issues from a list. If an issue ID is invalid, the returned watched status is `false`. This operation requires the **Allow users to watch issues** option to be *ON*. This option is set in General configuration for Jira. See [Configuring Jira application options](https://confluence.atlassian.com/x/uYXKM) for details. **[Permissions](#permissions) required:**  *  *Browse projects* [project permission](https://confluence.atlassian.com/x/yodKLg",r,high,i POST that only reads watched status,buildset-2026-09-18
b1036,atlassian,PUT,/rest/api/3/issuetypescheme/{issueTypeSchemeId}/issuetype,addIssueTypesToIssueTypeScheme,Add issue types to issue type scheme,"Adds issue types to an issue type scheme. The added issue types are appended to the issue types list. If any of the issue types exist in the issue type scheme, the operation fails and no issue types are added. **[Permissions](#permissions) required:** *Administer Jira* [global permission](https://confluence.atlassian.com/x/x4dKLg).",w,high,w adds issue types settable back,buildset-2026-09-18
b1037,atlassian,PUT,/rest/api/3/project/{projectId}/email,updateProjectEmail,Set project's sender email,"Sets the [project's sender email address](https://confluence.atlassian.com/x/dolKLg). If `emailAddress` is an empty string, the default email address is restored. **[Permissions](#permissions) required:** *Browse projects* [project permission](https://confluence.atlassian.com/x/yodKLg) for the project.",w,high,put default w sets email,buildset-2026-09-18
b1038,atlassian,PUT,/rest/api/3/filter/defaultShareScope,setDefaultShareScope,Set default share scope,Sets the default sharing for new filters and dashboards for a user. **[Permissions](#permissions) required:** Permission to access Jira.,w,high,w sets default scope settable back,buildset-2026-09-18
b1039,atlassian,POST,/rest/api/3/issue/{issueIdOrKey}/notify,notify,Send notification for issue,"Creates an email notification for an issue and adds it to the mail queue. **[Permissions](#permissions) required:**  *  *Browse Projects* [project permission](https://confluence.atlassian.com/x/yodKLg) for the project that the issue is in.  *  If [issue-level security](https://confluence.atlassian.com/x/J4lKLg) is configured, issue-level security permission to view the issue.",x,high,c sends notification email,buildset-2026-09-18
b1040,atlassian,DELETE,/rest/api/3/permissionscheme/{schemeId},deletePermissionScheme,Delete permission scheme,Deletes a permission scheme. **[Permissions](#permissions) required:** *Administer Jira* [global permission](https://confluence.atlassian.com/x/x4dKLg).,x,high,a deletes scheme no restore,buildset-2026-09-18
b1041,atlassian,PUT,/rest/api/3/field/{fieldId}/context/{contextId}/project,assignProjectsToCustomFieldContext,Assign custom field context to projects,"Assigns a custom field context to projects. If any project in the request is assigned to any context of the custom field, the operation fails. **[Permissions](#permissions) required:** *Administer Jira* [global permission](https://confluence.atlassian.com/x/x4dKLg).",w,high,w assigns field context settable back,buildset-2026-09-18
b1042,atlassian,PUT,/rest/api/3/issue/{issueIdOrKey}/properties/{propertyKey},setIssueProperty,Set issue property,"Sets the value of an issue's property. Use this resource to store custom data against an issue. The value of the request body must be a [valid](http://tools.ietf.org/html/rfc4627), non-empty JSON blob. The maximum length is 32768 characters. This operation can be accessed anonymously. **[Permissions](#permissions) required:**  *  *Browse projects* and *Edit issues* [project permissions](https://confluence.atlassian.com/x/yodKLg) for the project containing the issue.  *  If [issue-level security]",w,high,PUT default sets property,buildset-2026-09-18
b1043,atlassian,POST,/rest/api/3/issueLinkType,createIssueLinkType,Create issue link type,"Creates an issue link type. Use this operation to create descriptions of the reasons why issues are linked. The issue link type consists of a name and descriptions for a link's inward and outward relationships. To use this operation, the site must have [issue linking](https://confluence.atlassian.com/x/yoXKM) enabled. **[Permissions](#permissions) required:** *Administer Jira* [global permission](https://confluence.atlassian.com/x/x4dKLg).",w,high,ii plain create link type,buildset-2026-09-18
b1044,atlassian,DELETE,/rest/api/3/attachment/{id},removeAttachment,Delete attachment,Deletes an attachment from an issue. This operation can be accessed anonymously. **[Permissions](#permissions) required:** For the project holding the issue containing the attachment:  *  *Delete own attachments* [project permission](https://confluence.atlassian.com/x/yodKLg) to delete an attachment created by the calling user.  *  *Delete all attachments* [project permission](https://confluence.atlassian.com/x/yodKLg) to delete an attachment created by any user.,x,high,delete method no trash,buildset-2026-09-18
b1045,atlassian,DELETE,/rest/api/3/issuetypescheme/{issueTypeSchemeId},deleteIssueTypeScheme,Delete issue type scheme,Deletes an issue type scheme. Only issue type schemes used in classic projects can be deleted. Any projects assigned to the scheme are reassigned to the default issue type scheme. **[Permissions](#permissions) required:** *Administer Jira* [global permission](https://confluence.atlassian.com/x/x4dKLg).,x,high,a deletes scheme no restore,buildset-2026-09-18
b1046,atlassian,POST,/rest/api/3/issue/{issueIdOrKey}/remotelink,createOrUpdateRemoteIssueLink,Create or update remote issue link,"Creates or updates a remote issue link for an issue. If a `globalId` is provided and a remote issue link with that global ID is found it is updated. Any fields without values in the request are set to null. Otherwise, the remote issue link is created. This operation requires [issue linking to be active](https://confluence.atlassian.com/x/yoXKM). This operation can be accessed anonymously. **[Permissions](#permissions) required:**  *  *Browse projects* and *Link issues* [project permission](https",w,high,ii create or update link,buildset-2026-09-18
b1047,atlassian,PUT,/rest/api/3/project/{projectIdOrKey}/avatar,updateProjectAvatar,Set project avatar,"Sets the avatar displayed for a project. Use [Load project avatar](#api-rest-api-3-project-projectIdOrKey-avatar2-post) to store avatars against the project, before using this operation to set the displayed avatar. **[Permissions](#permissions) required:** *Administer projects* [project permission](https://confluence.atlassian.com/x/yodKLg).",w,high,w sets avatar settable back,buildset-2026-09-18
b1048,atlassian,DELETE,/rest/api/3/issue/{issueIdOrKey}/properties/{propertyKey},deleteIssueProperty,Delete issue property,"Deletes an issue's property. This operation can be accessed anonymously. **[Permissions](#permissions) required:**  *  *Browse projects* and *Edit issues* [project permissions](https://confluence.atlassian.com/x/yodKLg) for the project containing the issue.  *  If [issue-level security](https://confluence.atlassian.com/x/J4lKLg) is configured, issue-level security permission to view the issue.",x,high,a deletes issue property no restore,buildset-2026-09-18
b1049,atlassian,PUT,/rest/api/3/issuetypescheme/project,assignIssueTypeSchemeToProject,Assign issue type scheme to project,"Assigns an issue type scheme to a project. If any issues in the project are assigned issue types not present in the new scheme, the operation will fail. To complete the assignment those issues must be updated to use issue types in the new scheme. Issue type schemes can only be assigned to classic projects. **[Permissions](#permissions) required:** *Administer Jira* [global permission](https://confluence.atlassian.com/x/x4dKLg).",w,high,w assigns scheme settable back,buildset-2026-09-18
b1050,atlassian,POST,/rest/api/3/jql/pdcleaner,migrateQueries,Convert user identifiers to account IDs in JQL queries,"Converts one or more JQL queries with user identifiers (username or user key) to equivalent JQL queries with account IDs. You may wish to use this operation if your system stores JQL queries and you want to make them GDPR-compliant. For more information about GDPR-related changes, see the [migration guide](https://developer.atlassian.com/cloud/jira/platform/deprecation-notice-user-privacy-api-migration-guide/). **[Permissions](#permissions) required:** Permission to access Jira.",r,high,i POST converts returns result,buildset-2026-09-18
b1051,atlassian,PUT,/rest/api/3/issue/{issueIdOrKey}/comment/{id},updateComment,Update comment,"Updates a comment. This operation can be accessed anonymously. **[Permissions](#permissions) required:**  *  *Browse projects* [project permission](https://confluence.atlassian.com/x/yodKLg) for the project that the issue containing the comment is in.  *  If [issue-level security](https://confluence.atlassian.com/x/J4lKLg) is configured, issue-level security permission to view the issue.  *  *Edit all comments*[ project permission](https://confluence.atlassian.com/x/yodKLg) to update any comment",w,high,put default update comment,buildset-2026-09-18
b1052,atlassian,POST,/rest/api/3/project/{projectIdOrKey}/avatar2,createProjectAvatar,Load project avatar,"Loads an avatar for a project. Specify the avatar's local file location in the body of the request. Also, include the following headers:  *  `X-Atlassian-Token: no-check` To prevent XSRF protection blocking the request, for more information see [Special Headers](#special-request-headers).  *  `Content-Type: image/image type` Valid image types are JPEG, GIF, or PNG. For example:   `curl --request POST ` `--user email@example.com:<api_token> ` `--header 'X-Atlassian-Token: no-check' ` `--header 'C",w,high,iii POST edits sets avatar,buildset-2026-09-18
b1053,atlassian,PUT,/rest/api/3/fieldconfiguration/{id},updateFieldConfiguration,Update field configuration,Updates a field configuration. The name and the description provided in the request override the existing values. This operation can only update configurations used in company-managed (classic) projects. **[Permissions](#permissions) required:** *Administer Jira* [global permission](https://confluence.atlassian.com/x/x4dKLg).,w,high,PUT default edits field config,buildset-2026-09-18
b1054,atlassian,DELETE,/rest/api/3/field/{fieldKey}/option/{optionId},deleteIssueFieldOption,Delete issue field option,"Deletes an option from a select list issue field. Note that this operation **only works for issue field select list options added by Connect apps**, it cannot be used with issue field select list options created in Jira or using operations from the [Issue custom field options](#api-group-Issue-custom-field-options) resource. **[Permissions](#permissions) required:** *Administer Jira* [global permission](https://confluence.atlassian.com/x/x4dKLg). Jira permissions are not required for the app pro",x,high,DELETE no trash named,buildset-2026-09-18
b1055,atlassian,POST,/rest/api/3/field/{fieldId}/context/mapping,getCustomFieldContextsForProjectsAndIssueTypes,Get custom field contexts for projects and issue types,"Returns a [paginated](#pagination) list of project and issue type mappings and, for each mapping, the ID of a [custom field context](https://confluence.atlassian.com/x/k44fOw) that applies to the project and issue type. If there is no custom field context assigned to the project then, if present, the custom field context that applies to all projects is returned if it also applies to the issue type or all issue types. If a custom field context is not found, the returned custom field context ID is",r,high,i post read-only lookup,buildset-2026-09-18
b1056,atlassian,PUT,/rest/api/3/issuetype/{issueTypeId}/properties/{propertyKey},setIssueTypeProperty,Set issue type property,"Creates or updates the value of the [issue type property](https://developer.atlassian.com/cloud/jira/platform/storing-data-without-a-database/#a-id-jira-entity-properties-a-jira-entity-properties). Use this resource to store and update data against an issue type. The value of the request body must be a [valid](http://tools.ietf.org/html/rfc4627), non-empty JSON blob. The maximum length is 32768 characters. **[Permissions](#permissions) required:** *Administer Jira* [global permission](https://co",w,high,put default w sets property,buildset-2026-09-18
b1057,atlassian,POST,/rest/api/3/fieldconfiguration,createFieldConfiguration,Create field configuration,"Creates a field configuration. The field configuration is created with the same field properties as the default configuration, with all the fields being optional. This operation can only create configurations for use in company-managed (classic) projects. **[Permissions](#permissions) required:** *Administer Jira* [global permission](https://confluence.atlassian.com/x/x4dKLg).",w,high,ii plain create field configuration,buildset-2026-09-18
b1058,atlassian,POST,/rest/api/3/issuetypescreenscheme/{issueTypeScreenSchemeId}/mapping/remove,removeMappingsFromIssueTypeScreenScheme,Remove mappings from issue type screen scheme,Removes issue type to screen scheme mappings from an issue type screen scheme. **[Permissions](#permissions) required:** *Administer Jira* [global permission](https://confluence.atlassian.com/x/x4dKLg).,w,high,post removing mapping allowed not delete,buildset-2026-09-18
b1059,atlassian,DELETE,/rest/api/3/field/{fieldId}/context/{contextId},deleteCustomFieldContext,Delete custom field context,Deletes a [ custom field context](https://confluence.atlassian.com/adminjiracloud/what-are-custom-field-contexts-991923859.html). **[Permissions](#permissions) required:** *Administer Jira* [global permission](https://confluence.atlassian.com/x/x4dKLg).,x,high,DELETE method wins no restore named,buildset-2026-09-18
b1060,atlassian,DELETE,/rest/api/3/workflow/{entityId},deleteInactiveWorkflow,Delete inactive workflow,Deletes a workflow. The workflow cannot be deleted if it is:  *  an active workflow.  *  a system workflow.  *  associated with any workflow scheme.  *  associated with any draft workflow scheme. **[Permissions](#permissions) required:** *Administer Jira* [global permission](https://confluence.atlassian.com/x/x4dKLg).,x,high,a deletes workflow no restore,buildset-2026-09-18
b1061,atlassian,PUT,/rest/api/3/settings/columns,setIssueNavigatorDefaultColumns,Set issue navigator default columns,"Sets the default issue navigator columns. The `columns` parameter accepts a navigable field value and is expressed as HTML form data. To specify multiple columns, pass multiple `columns` parameters. For example, in curl: `curl -X PUT -d columns=summary -d columns=description https://your-domain.atlassian.net/rest/api/3/settings/columns` If no column details are sent, then all default columns are removed. A navigable field is one that can be used as a column on the issue navigator. Find details o",w,high,w sets columns settable back,buildset-2026-09-18
b1062,atlassian,POST,/rest/api/3/jql/autocompletedata,getAutoCompletePost,Get field reference data (POST),"Returns reference data for JQL searches. This is a downloadable version of the documentation provided in [Advanced searching - fields reference](https://confluence.atlassian.com/x/gwORLQ) and [Advanced searching - functions reference](https://confluence.atlassian.com/x/hgORLQ), along with a list of JQL-reserved words. Use this information to assist with the programmatic creation of JQL queries or the validation of queries built in a custom query builder. This operation can filter the custom fiel",r,high,i POST read-only query data,buildset-2026-09-18
b1063,atlassian,POST,/rest/api/3/filter/{id}/permission,addSharePermission,Add share permission,Add a share permissions to a filter. If you add a global share permission (one for all logged-in users or the public) it will overwrite all share permissions for the filter. Be aware that this operation uses different objects for updating share permissions compared to [Update filter](#api-rest-api-3-filter-id-put). **[Permissions](#permissions) required:** *Share dashboards and filters* [global permission](https://confluence.atlassian.com/x/x4dKLg) and the user must own the filter.,w,high,ii adds permission removable,buildset-2026-09-18
b1064,atlassian,DELETE,/rest/api/3/user/properties/{propertyKey},deleteUserProperty,Delete user property,"Deletes a property from a user. Note: This operation does not access the [user properties](https://confluence.atlassian.com/x/8YxjL) created and maintained in Jira. **[Permissions](#permissions) required:**  *  *Administer Jira* [global permission](https://confluence.atlassian.com/x/x4dKLg), to delete a property from any user.  *  Access to Jira, to delete a property from the calling user's record.",x,high,DELETE no trash named,buildset-2026-09-18
b1065,atlassian,POST,/rest/api/3/issue/{issueIdOrKey}/changelog/list,getChangeLogsByIds,Get changelogs by IDs,"Returns changelogs for an issue specified by a list of changelog IDs. This operation can be accessed anonymously. **[Permissions](#permissions) required:**  *  *Browse projects* [project permission](https://confluence.atlassian.com/x/yodKLg) for the project that the issue is in.  *  If [issue-level security](https://confluence.atlassian.com/x/J4lKLg) is configured, issue-level security permission to view the issue.",r,high,i POST returns data read-only,buildset-2026-09-18
b1066,atlassian,DELETE,/rest/api/3/issue/{issueIdOrKey}/votes,removeVote,Delete vote,Deletes a user's vote from an issue. This is the equivalent of the user clicking *Unvote* on an issue in Jira. This operation requires the **Allow users to vote on issues** option to be *ON*. This option is set in General configuration for Jira. See [Configuring Jira application options](https://confluence.atlassian.com/x/uYXKM) for details. **[Permissions](#permissions) required:**  *  *Browse projects* [project permission](https://confluence.atlassian.com/x/yodKLg) for the project that the iss,x,high,DELETE method wins no trash named,buildset-2026-09-18
b1067,atlassian,POST,/rest/api/3/jql/match,matchIssues,Check issues against JQL,"Checks whether one or more issues would be returned by one or more JQL queries. **[Permissions](#permissions) required:** None, however, issues are only matched against JQL queries where the user has:  *  *Browse projects* [project permission](https://confluence.atlassian.com/x/yodKLg) for the project that the issue is in.  *  If [issue-level security](https://confluence.atlassian.com/x/J4lKLg) is configured, issue-level security permission to view the issue.",r,high,i check query jql,buildset-2026-09-18
b1068,atlassian,PUT,/rest/api/3/issue/properties/{propertyKey},bulkSetIssueProperty,Bulk set issue property,Sets a property value on multiple issues. The value set can be a constant or determined by a [Jira expression](https://developer.atlassian.com/cloud/jira/platform/jira-expressions/). Expressions must be computable with constant complexity when applied to a set of issues. Expressions must also comply with the [restrictions](https://developer.atlassian.com/cloud/jira/platform/jira-expressions/#restrictions) that apply to all Jira expressions. The issues to be updated can be specified by a filter. ,w,high,w sets property settable back,buildset-2026-09-18
b1069,atlassian,PUT,/rest/api/3/issue/{issueIdOrKey}/worklog/{worklogId}/properties/{propertyKey},setWorklogProperty,Set worklog property,"Sets the value of a worklog property. Use this operation to store custom data against the worklog. The value of the request body must be a [valid](http://tools.ietf.org/html/rfc4627), non-empty JSON blob. The maximum length is 32768 characters. This operation can be accessed anonymously. **[Permissions](#permissions) required:**  *  *Browse projects* [project permission](https://confluence.atlassian.com/x/yodKLg) for the project that the issue is in.  *  If [issue-level security](https://conflue",w,high,w sets property settable back,buildset-2026-09-18
b1070,atlassian,POST,/rest/api/3/projectCategory,createProjectCategory,Create project category,Creates a project category. **[Permissions](#permissions) required:** *Administer Jira* [global permission](https://confluence.atlassian.com/x/x4dKLg).,w,high,ii plain create category,buildset-2026-09-18
b1071,atlassian,POST,/rest/api/3/webhook,registerDynamicWebhooks,Register dynamic webhooks,"Registers webhooks. **NOTE:** for non-public OAuth apps, webhooks are delivered only if there is a match between the app owner and the user who registered a dynamic webhook. **[Permissions](#permissions) required:** Only [Connect](https://developer.atlassian.com/cloud/jira/platform/#connect-apps) and [OAuth 2.0](https://developer.atlassian.com/cloud/jira/platform/oauth-2-3lo-apps) apps can use this operation.",w,high,ii plain create webhook,buildset-2026-09-18
b1072,atlassian,DELETE,/rest/api/3/component/{id},deleteComponent,Delete component,Deletes a component. This operation can be accessed anonymously. **[Permissions](#permissions) required:** *Administer projects* [project permission](https://confluence.atlassian.com/x/yodKLg) for the project containing the component or *Administer Jira* [global permission](https://confluence.atlassian.com/x/x4dKLg).,x,high,a deletes component no restore,buildset-2026-09-18
b1073,atlassian,PUT,/rest/api/3/configuration/timetracking,selectTimeTrackingImplementation,Select time tracking provider,Selects a time tracking provider. **[Permissions](#permissions) required:** *Administer Jira* [global permission](https://confluence.atlassian.com/x/x4dKLg).,w,high,PUT default edits config,buildset-2026-09-18
b1074,atlassian,PUT,/rest/api/3/mypreferences/locale,setLocale,Set locale,"Deprecated, use [ Update a user profile](https://developer.atlassian.com/cloud/admin/user-management/rest/#api-users-account-id-manage-profile-patch) from the user management REST API instead. Sets the locale of the user. The locale must be one supported by the instance of Jira. **[Permissions](#permissions) required:** Permission to access Jira.",w,high,put default w locale setting,buildset-2026-09-18
b1075,atlassian,POST,/rest/api/3/component,createComponent,Create component,Creates a component. Use components to provide containers for issues within a project. This operation can be accessed anonymously. **[Permissions](#permissions) required:** *Administer projects* [project permission](https://confluence.atlassian.com/x/yodKLg) for the project in which the component is created or *Administer Jira* [global permission](https://confluence.atlassian.com/x/x4dKLg).,w,high,ii plain create component,buildset-2026-09-18
b1076,atlassian,DELETE,/rest/api/3/group/user,removeUserFromGroup,Remove user from group,"Removes a user from a group. **[Permissions](#permissions) required:** Site administration (that is, member of the *site-admin* [group](https://confluence.atlassian.com/x/24xjL)).",x,high,DELETE removes user from group method wins x,buildset-2026-09-18
b1077,atlassian,POST,/rest/api/3/dashboard/{id}/copy,copyDashboard,Copy dashboard,Copies a dashboard. Any values provided in the `dashboard` parameter replace those in the copied dashboard. **[Permissions](#permissions) required:** None The dashboard to be copied must be owned by or shared with the user.,w,high,ii plain create copy,buildset-2026-09-18
b1078,atlassian,PUT,/rest/api/3/workflowscheme/project,assignSchemeToProject,Assign workflow scheme to project,Assigns a workflow scheme to a project. This operation is performed only when there are no issues in the project. Workflow schemes can only be assigned to classic projects. **[Permissions](#permissions) required:** *Administer Jira* [global permission](https://confluence.atlassian.com/x/x4dKLg).,w,high,w edits scheme assignment settable back,buildset-2026-09-18
b1079,atlassian,POST,/rest/api/3/permissions/project,getPermittedProjects,Get permitted projects,Returns all the projects where the user is granted a list of project permissions. This operation can be accessed anonymously. **[Permissions](#permissions) required:** None.,r,high,i pure read permitted projects,buildset-2026-09-18
b1080,atlassian,PUT,/rest/api/3/projectCategory/{id},updateProjectCategory,Update project category,Updates a project category. **[Permissions](#permissions) required:** *Administer Jira* [global permission](https://confluence.atlassian.com/x/x4dKLg).,w,high,w edits category,buildset-2026-09-18
b1081,atlassian,PUT,/rest/api/3/user/properties/{propertyKey},setUserProperty,Set user property,"Sets the value of a user's property. Use this resource to store custom data against a user. Note: This operation does not access the [user properties](https://confluence.atlassian.com/x/8YxjL) created and maintained in Jira. **[Permissions](#permissions) required:**  *  *Administer Jira* [global permission](https://confluence.atlassian.com/x/x4dKLg), to set a property on any user.  *  Access to Jira, to set a property on the calling user's record.",w,high,PUT default sets property,buildset-2026-09-18
b1082,atlassian,POST,/rest/api/3/field/{fieldId}/context/{contextId}/project/remove,removeCustomFieldContextFromProjects,Remove custom field context from projects,"Removes a custom field context from projects. A custom field context without any projects applies to all projects. Removing all projects from a custom field context would result in it applying to all projects. If any project in the request is not assigned to the context, or the operation would result in two global contexts for the field, the operation fails. **[Permissions](#permissions) required:** *Administer Jira* [global permission](https://confluence.atlassian.com/x/x4dKLg).",w,high,w removes context assoc via POST settable back,buildset-2026-09-18
b1083,atlassian,POST,/rest/api/3/fieldconfigurationscheme/{id}/mapping/delete,removeIssueTypesFromGlobalFieldConfigurationScheme,Remove issue types from field configuration scheme,Removes issue types from the field configuration scheme. This operation can only modify field configuration schemes used in company-managed (classic) projects. **[Permissions](#permissions) required:** *Administer Jira* [global permission](https://confluence.atlassian.com/x/x4dKLg).,w,high,removes item from list via POST addable back,buildset-2026-09-18
b1084,atlassian,DELETE,/rest/api/3/mypreferences/locale,deleteLocale,Delete locale,"Deprecated, use [ Update a user profile](https://developer.atlassian.com/cloud/admin/user-management/rest/#api-users-account-id-manage-profile-patch) from the user management REST API instead. Deletes the locale of the user, which restores the default setting. **[Permissions](#permissions) required:** Permission to access Jira.",w,low,DELETE restores default setting reversible,buildset-2026-09-18
b1085,atlassian,POST,/rest/api/3/field/{id}/restore,restoreCustomField,Restore custom field from trash,Restores a custom field from trash. See [Edit or delete a custom field](https://confluence.atlassian.com/x/Z44fOw) for more information on trashing and deleting custom fields. **[Permissions](#permissions) required:** *Administer Jira* [global permission](https://confluence.atlassian.com/x/x4dKLg).,w,high,restore explicitly named,buildset-2026-09-18
b1086,atlassian,POST,/rest/api/3/universal_avatar/type/{type}/owner/{entityId},storeAvatar,Load avatar,"Loads a custom avatar for a project or issue type. Specify the avatar's local file location in the body of the request. Also, include the following headers:  *  `X-Atlassian-Token: no-check` To prevent XSRF protection blocking the request, for more information see [Special Headers](#special-request-headers).  *  `Content-Type: image/image type` Valid image types are JPEG, GIF, or PNG. For example:   `curl --request POST ` `--user email@example.com:<api_token> ` `--header 'X-Atlassian-Token: no-c",w,high,ii plain create avatar upload,buildset-2026-09-18
b1087,atlassian,PUT,/rest/api/3/workflowscheme/{id},updateWorkflowScheme,Update workflow scheme,"Updates a workflow scheme, including the name, default workflow, issue type to project mappings, and more. If the workflow scheme is active (that is, being used by at least one project), then a draft workflow scheme is created or updated instead, provided that `updateDraftIfNeeded` is set to `true`. **[Permissions](#permissions) required:** *Administer Jira* [global permission](https://confluence.atlassian.com/x/x4dKLg).",w,high,put default w workflow scheme,buildset-2026-09-18
b1088,atlassian,DELETE,/rest/api/3/issue/{issueIdOrKey}/worklog/{worklogId}/properties/{propertyKey},deleteWorklogProperty,Delete worklog property,"Deletes a worklog property. This operation can be accessed anonymously. **[Permissions](#permissions) required:**  *  *Browse projects* [project permission](https://confluence.atlassian.com/x/yodKLg) for the project that the issue is in.  *  If [issue-level security](https://confluence.atlassian.com/x/J4lKLg) is configured, issue-level security permission to view the issue.  *  If the worklog has visibility restrictions, belongs to the group or has the role visibility is restricted to.",x,high,a deletes property no restore,buildset-2026-09-18
b1089,atlassian,DELETE,/rest/api/3/project/{projectIdOrKey}/avatar/{id},deleteProjectAvatar,Delete project avatar,Deletes a custom avatar from a project. Note that system avatars cannot be deleted. **[Permissions](#permissions) required:** *Administer projects* [project permission](https://confluence.atlassian.com/x/yodKLg).,x,high,a deletes project avatar no restore,buildset-2026-09-18
b1090,atlassian,DELETE,/rest/api/3/screens/{screenId}/tabs/{tabId},deleteScreenTab,Delete screen tab,Deletes a screen tab. **[Permissions](#permissions) required:** *Administer Jira* [global permission](https://confluence.atlassian.com/x/x4dKLg).,x,high,a deletes screen tab,buildset-2026-09-18
b1091,atlassian,PUT,/rest/api/3/component/{id},updateComponent,Update component,"Updates a component. Any fields included in the request are overwritten. If `leadAccountId` is an empty string ("""") the component lead is removed. This operation can be accessed anonymously. **[Permissions](#permissions) required:** *Administer projects* [project permission](https://confluence.atlassian.com/x/yodKLg) for the project containing the component or *Administer Jira* [global permission](https://confluence.atlassian.com/x/x4dKLg).",w,high,PUT default w,buildset-2026-09-18
b1092,atlassian,DELETE,/rest/api/3/screens/{screenId},deleteScreen,Delete screen,"Deletes a screen. A screen cannot be deleted if it is used in a screen scheme, workflow, or workflow draft. Only screens used in classic projects can be deleted.",x,high,a deletes screen no restore,buildset-2026-09-18
b1093,atlassian,PUT,/rest/api/3/priority/move,movePriorities,Move priorities,Changes the order of issue priorities. **[Permissions](#permissions) required:** *Administer Jira* [global permission](https://confluence.atlassian.com/x/x4dKLg).,w,high,w changes order settable back,buildset-2026-09-18
b1094,atlassian,PUT,/rest/api/3/filter/{id}/favourite,setFavouriteForFilter,Add filter as favorite,"Add a filter as a favorite for the user. **[Permissions](#permissions) required:** Permission to access Jira, however, the user can only favorite:  *  filters owned by the user.  *  filters shared with a group that the user is a member of.  *  filters shared with a private project that the user has *Browse projects* [project permission](https://confluence.atlassian.com/x/yodKLg) for.  *  filters shared with a public project.  *  filters shared with the public.",w,high,PUT default toggle favorite settable back,buildset-2026-09-18
b1095,atlassian,DELETE,/rest/api/3/role/{id}/actors,deleteProjectRoleActorsFromRole,Delete default actors from project role,"Deletes the [default actors](#api-rest-api-3-resolution-get) from a project role. You may delete a group or user, but you cannot delete a group and a user in the same request. Changing a project role's default actors does not affect project role members for projects already created. **[Permissions](#permissions) required:** *Administer Jira* [global permission](https://confluence.atlassian.com/x/x4dKLg).",x,high,DELETE method wins no restore named,buildset-2026-09-18
b1096,atlassian,PUT,/rest/api/3/screens/{screenId},updateScreen,Update screen,Updates a screen. Only screens used in classic projects can be updated. **[Permissions](#permissions) required:** *Administer Jira* [global permission](https://confluence.atlassian.com/x/x4dKLg).,w,high,PUT default edits screen,buildset-2026-09-18
b1097,atlassian,POST,/rest/api/3/workflow/transitions/{transitionId}/properties,createWorkflowTransitionProperty,Create workflow transition property,"Adds a property to a workflow transition. Transition properties are used to change the behavior of a transition. For more information, see [Transition properties](https://confluence.atlassian.com/x/zIhKLg#Advancedworkflowconfiguration-transitionproperties) and [Workflow properties](https://confluence.atlassian.com/x/JYlKLg). **[Permissions](#permissions) required:** *Administer Jira* [global permission](https://confluence.atlassian.com/x/x4dKLg).",w,high,ii plain create property,buildset-2026-09-18
b1098,atlassian,DELETE,/rest/api/3/workflowscheme/{id}/draft/default,deleteDraftDefaultWorkflow,Delete draft default workflow,"Resets the default workflow for a workflow scheme's draft. That is, the default workflow is set to Jira's system workflow (the *jira* workflow). **[Permissions](#permissions) required:** *Administer Jira* [global permission](https://confluence.atlassian.com/x/x4dKLg).",x,low,DELETE method default no named restore,buildset-2026-09-18
b1099,atlassian,PUT,/rest/api/3/app/field/{fieldIdOrKey}/value,updateCustomFieldValue,Update custom field value,Updates the value of a custom field on one or more issues. Custom fields can only be updated by the Forge app that created them. **[Permissions](#permissions) required:** Only the app that created the custom field can update its values with this operation.,w,high,PUT default edits field value,buildset-2026-09-18
b1100,atlassian,DELETE,/rest/api/3/dashboard/{dashboardId}/gadget/{gadgetId},removeGadget,Remove gadget from dashboard,"Removes a dashboard gadget from a dashboard. When a gadget is removed from a dashboard, other gadgets in the same column are moved up to fill the emptied position. **[Permissions](#permissions) required:** None.",x,high,DELETE removes gadget method wins,buildset-2026-09-18
b1101,atlassian,DELETE,/rest/api/3/webhook,deleteWebhookById,Delete webhooks by ID,"Removes webhooks by ID. Only webhooks registered by the calling app are removed. If webhooks created by other apps are specified, they are ignored. **[Permissions](#permissions) required:** Only [Connect](https://developer.atlassian.com/cloud/jira/platform/#connect-apps) and [OAuth 2.0](https://developer.atlassian.com/cloud/jira/platform/oauth-2-3lo-apps) apps can use this operation.",x,high,a deletes webhooks no restore,buildset-2026-09-18
b1102,atlassian,POST,/rest/api/3/workflowscheme/{id}/draft/publish,publishDraftWorkflowScheme,Publish draft workflow scheme,"Publishes a draft workflow scheme. Where the draft workflow includes new workflow statuses for an issue type, mappings are provided to update issues with the original workflow status to the new workflow status. This operation is [asynchronous](#async). Follow the `location` link in the response to determine the status of the task and use [Get task](#api-rest-api-3-task-taskId-get) to obtain updates. **[Permissions](#permissions) required:** *Administer Jira* [global permission](https://confluenc",x,high,publishes draft workflow scheme,buildset-2026-09-18
b1103,atlassian,PUT,/rest/api/3/project/{projectIdOrKey}/properties/{propertyKey},setProjectProperty,Set project property,"Sets the value of the [project property](https://developer.atlassian.com/cloud/jira/platform/storing-data-without-a-database/#a-id-jira-entity-properties-a-jira-entity-properties). You can use project properties to store custom data against the project. The value of the request body must be a [valid](http://tools.ietf.org/html/rfc4627), non-empty JSON blob. The maximum length is 32768 characters. This operation can be accessed anonymously. **[Permissions](#permissions) required:** *Administer Ji",w,high,put default w sets property,buildset-2026-09-18
b1104,atlassian,PUT,/rest/api/3/screenscheme/{screenSchemeId},updateScreenScheme,Update screen scheme,Updates a screen scheme. Only screen schemes used in classic projects can be updated. **[Permissions](#permissions) required:** *Administer Jira* [global permission](https://confluence.atlassian.com/x/x4dKLg).,w,high,PUT default w,buildset-2026-09-18
b1105,atlassian,DELETE,/rest/api/3/issueLink/{linkId},deleteIssueLink,Delete issue link,"Deletes an issue link. This operation can be accessed anonymously. **[Permissions](#permissions) required:**  *  Browse project [project permission](https://confluence.atlassian.com/x/yodKLg) for all the projects containing the issues in the link.  *  *Link issues* [project permission](https://confluence.atlassian.com/x/yodKLg) for at least one of the projects containing issues in the link.  *  If [issue-level security](https://confluence.atlassian.com/x/J4lKLg) is configured, permission to view",x,high,delete method no trash,buildset-2026-09-18
b1106,atlassian,DELETE,/rest/api/3/projectCategory/{id},removeProjectCategory,Delete project category,Deletes a project category. **[Permissions](#permissions) required:** *Administer Jira* [global permission](https://confluence.atlassian.com/x/x4dKLg).,x,high,delete method no trash,buildset-2026-09-18
b1107,atlassian,DELETE,/rest/api/3/project/{projectIdOrKey}/role/{id},deleteActor,Delete actors from project role,"Deletes actors from a project role for the project. To remove default actors from the project role, use [Delete default actors from project role](#api-rest-api-3-role-id-actors-delete). This operation can be accessed anonymously. **[Permissions](#permissions) required:** *Administer Projects* [project permission](https://confluence.atlassian.com/x/yodKLg) for the project or *Administer Jira* [global permission](https://confluence.atlassian.com/x/x4dKLg).",x,high,DELETE method wins no trash,buildset-2026-09-18
b1108,atlassian,PUT,/rest/api/3/workflowscheme/{id}/draft,updateWorkflowSchemeDraft,Update draft workflow scheme,"Updates a draft workflow scheme. If a draft workflow scheme does not exist for the active workflow scheme, then a draft is created. Note that an active workflow scheme can only have one draft workflow scheme. **[Permissions](#permissions) required:** *Administer Jira* [global permission](https://confluence.atlassian.com/x/x4dKLg).",w,high,w updates draft settable back,buildset-2026-09-18
b1109,atlassian,DELETE,/rest/api/3/field/{id},deleteCustomField,Delete custom field,Deletes a custom field. The custom field is deleted whether it is in the trash or not. See [Edit or delete a custom field](https://confluence.atlassian.com/x/Z44fOw) for more information on trashing and deleting custom fields. This operation is [asynchronous](#async). Follow the `location` link in the response to determine the status of the task and use [Get task](#api-rest-api-3-task-taskId-get) to obtain subsequent updates. **[Permissions](#permissions) required:** *Administer Jira* [global pe,x,high,a deletes field even from trash,buildset-2026-09-18
b1110,atlassian,POST,/rest/api/3/project/{projectIdOrKey}/delete,deleteProjectAsynchronously,Delete project asynchronously,"Deletes a project asynchronously. This operation is:  *  transactional, that is, if part of the delete fails the project is not deleted.  *  [asynchronous](#async). Follow the `location` link in the response to determine the status of the task and use [Get task](#api-rest-api-3-task-taskId-get) to obtain subsequent updates. **[Permissions](#permissions) required:** *Administer Jira* [global permission](https://confluence.atlassian.com/x/x4dKLg).",x,high,iv post does delete action,buildset-2026-09-18
b1111,atlassian,PUT,/rest/api/3/field/{fieldId}/context/{contextId}/option/move,reorderCustomFieldOptions,Reorder custom field options (context),Changes the order of custom field options or cascading options in a context. This operation works for custom field options created in Jira or the operations from this resource. **To work with issue field select list options created for Connect apps use the [Issue custom field options (apps)](#api-group-issue-custom-field-options--apps-) operations.** **[Permissions](#permissions) required:** *Administer Jira* [global permission](https://confluence.atlassian.com/x/x4dKLg).,w,high,w reorders options settable back,buildset-2026-09-18
b1112,atlassian,DELETE,/rest/api/3/workflowscheme/{id},deleteWorkflowScheme,Delete workflow scheme,"Deletes a workflow scheme. Note that a workflow scheme cannot be deleted if it is active (that is, being used by at least one project). **[Permissions](#permissions) required:** *Administer Jira* [global permission](https://confluence.atlassian.com/x/x4dKLg).",x,high,delete method no trash,buildset-2026-09-18
b1113,atlassian,DELETE,/rest/api/3/role/{id},deleteProjectRole,Delete project role,Deletes a project role. You must specify a replacement project role if you wish to delete a project role that is in use. **[Permissions](#permissions) required:** *Administer Jira* [global permission](https://confluence.atlassian.com/x/x4dKLg).,x,high,delete method no trash,buildset-2026-09-18
b1114,atlassian,POST,/rest/api/3/issue/properties/multi,bulkSetIssuePropertiesByIssue,Bulk set issue properties by issue,"Sets or updates entity property values on issues. Up to 10 entity properties can be specified for each issue and up to 100 issues included in the request. The value of the request body must be a [valid](http://tools.ietf.org/html/rfc4627), non-empty JSON. This operation is:  *  [asynchronous](#async). Follow the `location` link in the response to determine the status of the task and use [Get task](#api-rest-api-3-task-taskId-get) to obtain subsequent updates.  *  non-transactional. Updating some",w,high,iii sets properties settable back,buildset-2026-09-18
b1115,atlassian,POST,/rest/api/3/project/{projectIdOrKey}/role/{id},addActorUsers,Add actors to project role,"Adds actors to a project role for the project. To replace all actors for the project, use [Set actors for project role](#api-rest-api-3-project-projectIdOrKey-role-id-put). This operation can be accessed anonymously. **[Permissions](#permissions) required:** *Administer Projects* [project permission](https://confluence.atlassian.com/x/yodKLg) for the project or *Administer Jira* [global permission](https://confluence.atlassian.com/x/x4dKLg).",w,high,POST adds actors to role settable back,buildset-2026-09-18
b1116,atlassian,DELETE,/rest/api/3/issue/{issueIdOrKey},deleteIssue,Delete issue,"Deletes an issue. An issue cannot be deleted if it has one or more subtasks. To delete an issue with subtasks, set `deleteSubtasks`. This causes the issue's subtasks to be deleted with the issue. This operation can be accessed anonymously. **[Permissions](#permissions) required:**  *  *Browse projects* and *Delete issues* [project permission](https://confluence.atlassian.com/x/yodKLg) for the project containing the issue.  *  If [issue-level security](https://confluence.atlassian.com/x/J4lKLg) i",x,high,a deletes issue no restore,buildset-2026-09-18
b1117,atlassian,PUT,/rest/atlassian-connect/1/addons/{addonKey}/properties/{propertyKey},AddonPropertiesResource.putAddonProperty_put,Set app property,"Sets the value of an app's property. Use this resource to store custom data for your app. The value of the request body must be a [valid](http://tools.ietf.org/html/rfc4627), non-empty JSON blob. The maximum length is 32768 characters. **[Permissions](#permissions) required:** Only a Connect app whose key matches `addonKey` can make this request.",w,high,PUT default w sets property,buildset-2026-09-18
b1118,atlassian,PUT,/rest/api/3/field/{fieldKey}/option/{optionId},updateIssueFieldOption,Update issue field option,"Updates or creates an option for a select list issue field. This operation requires that the option ID is provided when creating an option, therefore, the option ID needs to be specified as a path and body parameter. The option ID provided in the path and body must be identical. Note that this operation **only works for issue field select list options added by Connect apps**, it cannot be used with issue field select list options created in Jira or using operations from the [Issue custom field o",w,high,put default updates or creates option,buildset-2026-09-18
b1119,atlassian,PUT,/rest/api/3/issuetypescreenscheme/project,assignIssueTypeScreenSchemeToProject,Assign issue type screen scheme to project,Assigns an issue type screen scheme to a project. Issue type screen schemes can only be assigned to classic projects. **[Permissions](#permissions) required:** *Administer Jira* [global permission](https://confluence.atlassian.com/x/x4dKLg).,w,high,w assignment settable back,buildset-2026-09-18
b1120,atlassian,POST,/rest/api/3/project,createProject,Create project,"Creates a project based on a project type template, as shown in the following table: | Project Type Key | Project Template Key |   |--|--|   | `business` | `com.atlassian.jira-core-project-templates:jira-core-simplified-content-management`, `com.atlassian.jira-core-project-templates:jira-core-simplified-document-approval`, `com.atlassian.jira-core-project-templates:jira-core-simplified-lead-tracking`, `com.atlassian.jira-core-project-templates:jira-core-simplified-process-control`, `com.atlassia",w,high,ii plain create of project,buildset-2026-09-18
b1121,atlassian,PUT,/rest/api/3/field/{fieldId}/context/defaultValue,setDefaultValues,Set custom field contexts default values,Sets default for contexts of a custom field. Default are defined using these objects:  *  `CustomFieldContextDefaultValueDate` (type `datepicker`) for date fields.  *  `CustomFieldContextDefaultValueDateTime` (type `datetimepicker`) for date-time fields.  *  `CustomFieldContextDefaultValueSingleOption` (type `option.single`) for single choice select lists and radio buttons.  *  `CustomFieldContextDefaultValueMultipleOption` (type `option.multiple`) for multiple choice select lists and checkboxes,w,high,w sets field default settable back,buildset-2026-09-18
b1122,atlassian,PUT,/rest/api/3/workflowscheme/{id}/default,updateDefaultWorkflow,Update default workflow,"Sets the default workflow for a workflow scheme. Note that active workflow schemes cannot be edited. If the workflow scheme is active, set `updateDraftIfNeeded` to `true` in the request object and a draft workflow scheme is created or updated with the new default workflow. The draft workflow scheme can be published in Jira. **[Permissions](#permissions) required:** *Administer Jira* [global permission](https://confluence.atlassian.com/x/x4dKLg).",w,high,w sets default workflow settable back,buildset-2026-09-18
b1123,atlassian,POST,/rest/api/3/permissions/check,getBulkPermissions,Get bulk permissions,"Returns:  *  for a list of global permissions, the global permissions granted to a user.  *  for a list of project permissions and lists of projects and issues, for each project permission a list of the projects and issues a user can access or manipulate. If no account ID is provided, the operation returns details for the logged in user. Note that:  *  Invalid project and issue IDs are ignored.  *  A maximum of 1000 projects and 1000 issues can be checked.  *  Null values in `globalPermissions`,",r,high,i read only permission check,buildset-2026-09-18
b1124,atlassian,POST,/rest/api/3/role/{id},partialUpdateProjectRole,Partial update project role,Updates either the project role's name or its description. You cannot update both the name and description at the same time using this operation. If you send a request with a name and a description only the name is updated. **[Permissions](#permissions) required:** *Administer Jira* [global permission](https://confluence.atlassian.com/x/x4dKLg).,w,high,w updates role name settable back,buildset-2026-09-18
b1125,atlassian,POST,/rest/api/3/group/user,addUserToGroup,Add user to group,"Adds a user to a group. **[Permissions](#permissions) required:** Site administration (that is, member of the *site-admin* [group](https://confluence.atlassian.com/x/24xjL)).",w,high,ii plain create membership add,buildset-2026-09-18
b1126,atlassian,POST,/rest/api/3/screens/addToDefault/{fieldId},addFieldToDefaultScreen,Add field to default screen,Adds a field to the default tab of the default screen. **[Permissions](#permissions) required:** *Administer Jira* [global permission](https://confluence.atlassian.com/x/x4dKLg).,w,high,ii adds field to screen settable back,buildset-2026-09-18
b1127,atlassian,PUT,/rest/api/3/field/{fieldId},updateCustomField,Update custom field,Updates a custom field. **[Permissions](#permissions) required:** *Administer Jira* [global permission](https://confluence.atlassian.com/x/x4dKLg).,w,high,PUT default edit field,buildset-2026-09-18
b1128,atlassian,PUT,/rest/atlassian-connect/1/migration/field,AppIssueFieldValueUpdateResource.updateIssueFields_put,Bulk update custom field value,Updates the value of a custom field added by Connect apps on one or more issues. The values of up to 200 custom fields can be updated. **[Permissions](#permissions) required:** Only Connect apps can make this request.,w,high,PUT default bulk edit values,buildset-2026-09-18
b1129,atlassian,POST,/rest/api/3/field,createCustomField,Create custom field,Creates a custom field. **[Permissions](#permissions) required:** *Administer Jira* [global permission](https://confluence.atlassian.com/x/x4dKLg).,w,high,ii plain create custom field,buildset-2026-09-18
b1130,atlassian,DELETE,/rest/api/3/issuetype/{issueTypeId}/properties/{propertyKey},deleteIssueTypeProperty,Delete issue type property,Deletes the [issue type property](https://developer.atlassian.com/cloud/jira/platform/storing-data-without-a-database/#a-id-jira-entity-properties-a-jira-entity-properties). **[Permissions](#permissions) required:** *Administer Jira* [global permission](https://confluence.atlassian.com/x/x4dKLg).,x,high,a deletes property no restore,buildset-2026-09-18
b1131,atlassian,POST,/rest/api/3/screens/{screenId}/tabs,addScreenTab,Create screen tab,Creates a tab for a screen. **[Permissions](#permissions) required:** *Administer Jira* [global permission](https://confluence.atlassian.com/x/x4dKLg).,w,high,ii plain create screen tab,buildset-2026-09-18
b1132,atlassian,PUT,/rest/api/3/filter/{id}/owner,changeFilterOwner,Change filter owner,"Changes the owner of the filter. **[Permissions](#permissions) required:** Permission to access Jira. However, the user must own the filter or have the *Administer Jira* [global permission](https://confluence.atlassian.com/x/x4dKLg).",w,high,put default change owner settable,buildset-2026-09-18
b1133,atlassian,DELETE,/rest/api/3/user/columns,resetUserColumns,Reset user default columns,"Resets the default [ issue table columns](https://confluence.atlassian.com/x/XYdKLg) for the user to the system default. If `accountId` is not passed, the calling user's default columns are reset. **[Permissions](#permissions) required:**  *  *Administer Jira* [global permission](https://confluence.atlassian.com/x/x4dKLg), to set the columns on any user.  *  Permission to access Jira, to set the calling user's columns.",x,low,DELETE method wins resets columns tighter x,buildset-2026-09-18
b1134,atlassian,PUT,/rest/api/3/mypreferences,setPreference,Set preference,"Creates a preference for the user or updates a preference's value by sending a plain text string. For example, `false`. An arbitrary preference can be created with the value containing up to 255 characters. In addition, the following keys define system preferences that can be set or created:  *  *user.notifications.mimetype* The mime type used in notifications sent to the user. Defaults to `html`.  *  *user.notify.own.changes* Whether the user gets notified of their own changes. Defaults to `fal",w,high,put default creates or updates pref,buildset-2026-09-18
b1135,atlassian,POST,/rest/api/3/issue/{issueIdOrKey}/transitions,doTransition,Transition issue,"Performs an issue transition and, if the transition has a screen, updates the fields from the transition screen. sortByCategory To update the fields on the transition screen, specify the fields in the `fields` or `update` parameters in the request body. Get details about the fields using [ Get transitions](#api-rest-api-3-issue-issueIdOrKey-transitions-get) with the `transitions.fields` expand. This operation can be accessed anonymously. **[Permissions](#permissions) required:**  *  *Browse proj",w,low,w edits issue status settable back,buildset-2026-09-18
b1136,atlassian,POST,/rest/api/3/issue/{issueIdOrKey}/attachments,addAttachment,Add attachment,"Adds one or more attachments to an issue. Attachments are posted as multipart/form-data ([RFC 1867](https://www.ietf.org/rfc/rfc1867.txt)). Note that:  *  The request must have a `X-Atlassian-Token: no-check` header, if not it is blocked. See [Special headers](#special-request-headers) for more information.  *  The name of the multipart/form-data parameter that contains the attachments must be `file`. The following examples upload a file called *myfile.txt* to the issue *TEST-123*: #### curl ###",w,high,ii plain create attachment,buildset-2026-09-18
b1137,atlassian,POST,/rest/atlassian-connect/1/app/module/dynamic,DynamicModulesResource.registerModules_post,Register modules,Registers a list of modules. **[Permissions](#permissions) required:** Only Connect apps can make this request.,w,high,ii plain create register modules,buildset-2026-09-18
b1138,atlassian,DELETE,/rest/api/3/issuetype/{id},deleteIssueType,Delete issue type,"Deletes the issue type. If the issue type is in use, all uses are updated with the alternative issue type (`alternativeIssueTypeId`). A list of alternative issue types are obtained from the [Get alternative issue types](#api-rest-api-3-issuetype-id-alternatives-get) resource. **[Permissions](#permissions) required:** *Administer Jira* [global permission](https://confluence.atlassian.com/x/x4dKLg).",x,high,DELETE method wins no restore named,buildset-2026-09-18
b1139,atlassian,PUT,/rest/api/3/fieldconfiguration/{id}/fields,updateFieldConfigurationItems,Update field configuration items,"Updates fields in a field configuration. The properties of the field configuration fields provided override the existing values. This operation can only update field configurations used in company-managed (classic) projects. The operation can set the renderer for text fields to the default text renderer (`text-renderer`) or wiki style renderer (`wiki-renderer`). However, the renderer cannot be updated for fields using the autocomplete renderer (`autocomplete-renderer`). **[Permissions](#permissi",w,high,PUT default w,buildset-2026-09-18
b1140,atlassian,POST,/rest/api/3/jql/parse,parseJqlQueries,Parse JQL query,Parses and validates JQL queries. Validation is performed in context of the current user. This operation can be accessed anonymously. **[Permissions](#permissions) required:** None.,r,high,i validates jql query,buildset-2026-09-18
b1141,atlassian,POST,/rest/api/3/workflowscheme,createWorkflowScheme,Create workflow scheme,Creates a workflow scheme. **[Permissions](#permissions) required:** *Administer Jira* [global permission](https://confluence.atlassian.com/x/x4dKLg).,w,high,ii plain create workflow scheme,buildset-2026-09-18
b1142,atlassian,DELETE,/rest/api/3/dashboard/{id},deleteDashboard,Delete dashboard,Deletes a dashboard. **[Permissions](#permissions) required:** None The dashboard to be deleted must be owned by the user.,x,high,a deletes own record no restore,buildset-2026-09-18
b1143,atlassian,PUT,/rest/api/3/screens/{screenId}/tabs/{tabId},renameScreenTab,Update screen tab,Updates the name of a screen tab. **[Permissions](#permissions) required:** *Administer Jira* [global permission](https://confluence.atlassian.com/x/x4dKLg).,w,high,PUT default edit tab name,buildset-2026-09-18
b1144,atlassian,DELETE,/rest/api/3/project/{projectIdOrKey}/properties/{propertyKey},deleteProjectProperty,Delete project property,Deletes the [property](https://developer.atlassian.com/cloud/jira/platform/storing-data-without-a-database/#a-id-jira-entity-properties-a-jira-entity-properties) from a project. This operation can be accessed anonymously. **[Permissions](#permissions) required:** *Administer Jira* [global permission](https://confluence.atlassian.com/x/x4dKLg) or *Administer Projects* [project permission](https://confluence.atlassian.com/x/yodKLg) for the project containing the property.,x,high,a deletes project property no restore,buildset-2026-09-18
b1145,atlassian,DELETE,/rest/api/3/uiModifications/{uiModificationId},deleteUiModification,Delete UI modification,Deletes a UI modification. All the contexts that belong to the UI modification are deleted too. UI modification can only be deleted by Forge apps. **[Permissions](#permissions) required:** None.,x,high,a deletes ui modification no restore,buildset-2026-09-18
b1146,atlassian,DELETE,/rest/api/3/screens/{screenId}/tabs/{tabId}/fields/{id},removeScreenTabField,Remove screen tab field,Removes a field from a screen tab. **[Permissions](#permissions) required:** *Administer Jira* [global permission](https://confluence.atlassian.com/x/x4dKLg).,x,high,a removes screen tab field no restore,buildset-2026-09-18
b1147,atlassian,PUT,/rest/api/3/application-properties/{id},setApplicationProperty,Set application property,"Changes the value of an application property. For example, you can change the value of the `jira.clone.prefix` from its default value of *CLONE -* to *Clone -* if you prefer sentence case capitalization. Editable properties are described below along with their default values. #### Advanced settings #### The advanced settings below are also accessible in [Jira](https://confluence.atlassian.com/x/vYXKM). | Key | Description | Default value |   | -- | -- | -- |   | `jira.clone.prefix` | The string ",w,high,PUT default w sets property,buildset-2026-09-18
b1148,atlassian,DELETE,/rest/api/3/workflowscheme/{id}/default,deleteDefaultWorkflow,Delete default workflow,"Resets the default workflow for a workflow scheme. That is, the default workflow is set to Jira's system workflow (the *jira* workflow). Note that active workflow schemes cannot be edited. If the workflow scheme is active, set `updateDraftIfNeeded` to `true` and a draft workflow scheme is created or updated with the default workflow reset. The draft workflow scheme can be published in Jira. **[Permissions](#permissions) required:** *Administer Jira* [global permission](https://confluence.atlassi",x,low,delete method no restore named,buildset-2026-09-18
b1149,atlassian,DELETE,/rest/api/3/issue/{issueIdOrKey}/remotelink/{linkId},deleteRemoteIssueLinkById,Delete remote issue link by ID,"Deletes a remote issue link from an issue. This operation requires [issue linking to be active](https://confluence.atlassian.com/x/yoXKM). This operation can be accessed anonymously. **[Permissions](#permissions) required:**  *  *Browse projects*, *Edit issues*, and *Link issues* [project permission](https://confluence.atlassian.com/x/yodKLg) for the project that the issue is in.  *  If [issue-level security](https://confluence.atlassian.com/x/J4lKLg) is configured, issue-level security permissi",x,high,DELETE method wins no restore named,buildset-2026-09-18
b1150,atlassian,POST,/rest/api/3/resolution,createResolution,Create resolution,Creates an issue resolution. **[Permissions](#permissions) required:** *Administer Jira* [global permission](https://confluence.atlassian.com/x/x4dKLg).,w,high,ii plain create resolution,buildset-2026-09-18
b1151,atlassian,PUT,/rest/api/3/uiModifications/{uiModificationId},updateUiModification,Update UI modification,"Updates a UI modification. UI modification can only be updated by Forge apps. Each UI modification can define up to 1000 contexts. **[Permissions](#permissions) required:**  *  *None* if the UI modification is created without contexts.  *  *Browse projects* [project permission](https://confluence.atlassian.com/x/yodKLg) for one or more projects, if the UI modification is created with contexts.",w,high,put default w edits modification,buildset-2026-09-18
b1152,atlassian,POST,/rest/api/3/permissionscheme/{schemeId}/permission,createPermissionGrant,Create permission grant,Creates a permission grant in a permission scheme. **[Permissions](#permissions) required:** *Administer Jira* [global permission](https://confluence.atlassian.com/x/x4dKLg).,w,high,ii plain create permission grant,buildset-2026-09-18
b1153,atlassian,POST,/rest/api/3/screens/{screenId}/tabs/{tabId}/fields,addScreenTabField,Add screen tab field,Adds a field to a screen tab. **[Permissions](#permissions) required:** *Administer Jira* [global permission](https://confluence.atlassian.com/x/x4dKLg).,w,high,ii plain create field,buildset-2026-09-18
b1154,atlassian,PUT,/rest/api/3/statuses,updateStatuses,Bulk update statuses,Updates statuses by ID. **[Permissions](#permissions) required:**  *  *Administer projects* [project permission.](https://confluence.atlassian.com/x/yodKLg)  *  *Administer Jira* [project permission.](https://confluence.atlassian.com/x/yodKLg),w,high,PUT default bulk edit statuses,buildset-2026-09-18
b1155,atlassian,PUT,/rest/api/3/issuetypescreenscheme/{issueTypeScreenSchemeId}/mapping/default,updateDefaultScreenScheme,Update issue type screen scheme default screen scheme,Updates the default screen scheme of an issue type screen scheme. The default screen scheme is used for all unmapped issue types. **[Permissions](#permissions) required:** *Administer Jira* [global permission](https://confluence.atlassian.com/x/x4dKLg).,w,high,PUT default edits default screen scheme,buildset-2026-09-18
b1156,atlassian,PUT,/rest/api/3/app/field/{fieldIdOrKey}/context/configuration,updateCustomFieldConfiguration,Update custom field configurations,Update the configuration for contexts of a custom field created by a [Forge app](https://developer.atlassian.com/platform/forge/). **[Permissions](#permissions) required:** *Administer Jira* [global permission](https://confluence.atlassian.com/x/x4dKLg). Jira permissions are not required for the Forge app that created the custom field.,w,high,put default w edits config,buildset-2026-09-18
b1157,atlassian,DELETE,/rest/api/3/screenscheme/{screenSchemeId},deleteScreenScheme,Delete screen scheme,Deletes a screen scheme. A screen scheme cannot be deleted if it is used in an issue type screen scheme. Only screens schemes used in classic projects can be deleted. **[Permissions](#permissions) required:** *Administer Jira* [global permission](https://confluence.atlassian.com/x/x4dKLg).,x,high,a deletes screen scheme no restore,buildset-2026-09-18
b1158,atlassian,DELETE,/rest/api/3/mypreferences,removePreference,Delete preference,"Deletes a preference of the user, which restores the default value of system defined settings. Note that these keys are deprecated:  *  *jira.user.locale* The locale of the user. By default, not set. The user takes the instance locale.  *  *jira.user.timezone* The time zone of the user. By default, not set. The user takes the instance timezone. Use [ Update a user profile](https://developer.atlassian.com/cloud/admin/user-management/rest/#api-users-account-id-manage-profile-patch) from the user m",x,low,DELETE method wins no restore named,buildset-2026-09-18
b1159,atlassian,POST,/rest/api/3/jql/sanitize,sanitiseJqlQueries,Sanitize JQL queries,"Sanitizes one or more JQL queries by converting readable details into IDs where a user doesn't have permission to view the entity. For example, if the query contains the clause *project = 'Secret project'*, and a user does not have browse permission for the project ""Secret project"", the sanitized query replaces the clause with *project = 12345""* (where 12345 is the ID of the project). If a user has the required permission, the clause is not sanitized. If the account ID is null, sanitizing is per",r,high,i sanitizes query returns not stored,buildset-2026-09-18
b1160,atlassian,PUT,/rest/api/3/workflow/transitions/{transitionId}/properties,updateWorkflowTransitionProperty,Update workflow transition property,"Updates a workflow transition by changing the property value. Trying to update a property that does not exist results in a new property being added to the transition. Transition properties are used to change the behavior of a transition. For more information, see [Transition properties](https://confluence.atlassian.com/x/zIhKLg#Advancedworkflowconfiguration-transitionproperties) and [Workflow properties](https://confluence.atlassian.com/x/JYlKLg). **[Permissions](#permissions) required:** *Admin",w,high,put default update property,buildset-2026-09-18
b1161,atlassian,DELETE,/rest/api/3/resolution/{id},deleteResolution,Delete resolution,Deletes an issue resolution. This operation is [asynchronous](#async). Follow the `location` link in the response to determine the status of the task and use [Get task](#api-rest-api-3-task-taskId-get) to obtain subsequent updates. **[Permissions](#permissions) required:** *Administer Jira* [global permission](https://confluence.atlassian.com/x/x4dKLg).,x,high,a deletes resolution no restore,buildset-2026-09-18
b1162,atlassian,PUT,/rest/api/3/notificationscheme/{id}/notification,addNotifications,Add notifications to notification scheme,Adds notifications to a notification scheme. You can add up to 1000 notifications per request. **[Permissions](#permissions) required:** *Administer Jira* [global permission](https://confluence.atlassian.com/x/x4dKLg).,w,high,w adds notification config settable back,buildset-2026-09-18
b1163,atlassian,POST,/rest/api/3/comment/list,getCommentsByIds,Get comments by IDs,"Returns a [paginated](#pagination) list of comments specified by a list of comment IDs. This operation can be accessed anonymously. **[Permissions](#permissions) required:** Comments are returned where the user:  *  has *Browse projects* [project permission](https://confluence.atlassian.com/x/yodKLg) for the project containing the comment.  *  If [issue-level security](https://confluence.atlassian.com/x/J4lKLg) is configured, issue-level security permission to view the issue.  *  If the comment ",r,high,i read-only lookup by ids,buildset-2026-09-18
b1164,atlassian,DELETE,/rest/api/3/workflow/transitions/{transitionId}/properties,deleteWorkflowTransitionProperty,Delete workflow transition property,"Deletes a property from a workflow transition. Transition properties are used to change the behavior of a transition. For more information, see [Transition properties](https://confluence.atlassian.com/x/zIhKLg#Advancedworkflowconfiguration-transitionproperties) and [Workflow properties](https://confluence.atlassian.com/x/JYlKLg). **[Permissions](#permissions) required:** *Administer Jira* [global permission](https://confluence.atlassian.com/x/x4dKLg).",x,high,DELETE no trash named,buildset-2026-09-18
b1165,atlassian,PUT,/rest/api/3/dashboard/{id},updateDashboard,Update dashboard,"Updates a dashboard, replacing all the dashboard details with those provided. **[Permissions](#permissions) required:** None The dashboard to be updated must be owned by the user.",w,high,PUT default w,buildset-2026-09-18
b1166,atlassian,DELETE,/rest/api/3/version/{id},deleteVersion,Delete version,"Deletes a project version. Deprecated, use [ Delete and replace version](#api-rest-api-3-version-id-removeAndSwap-post) that supports swapping version values in custom fields, in addition to the swapping for `fixVersion` and `affectedVersion` provided in this resource. Alternative versions can be provided to update issues that use the deleted version in `fixVersion` or `affectedVersion`. If alternatives are not provided, occurrences of `fixVersion` and `affectedVersion` that contain the deleted ",x,high,a deletes version no restore,buildset-2026-09-18
b1167,atlassian,PUT,/rest/api/3/workflowscheme/{id}/draft/issuetype/{issueType},setWorkflowSchemeDraftIssueType,Set workflow for issue type in draft workflow scheme,Sets the workflow for an issue type in a workflow scheme's draft. **[Permissions](#permissions) required:** *Administer Jira* [global permission](https://confluence.atlassian.com/x/x4dKLg).,w,high,put default w workflow config,buildset-2026-09-18
b1168,atlassian,DELETE,/rest/api/3/statuses,deleteStatusesById,Bulk delete Statuses,Deletes statuses by ID. **[Permissions](#permissions) required:**  *  *Administer projects* [project permission.](https://confluence.atlassian.com/x/yodKLg)  *  *Administer Jira* [project permission.](https://confluence.atlassian.com/x/yodKLg),x,high,delete method bulk delete,buildset-2026-09-18
b1169,atlassian,PUT,/rest/api/3/issuetypescreenscheme/{issueTypeScreenSchemeId}/mapping,appendMappingsForIssueTypeScreenScheme,Append mappings to issue type screen scheme,Appends issue type to screen scheme mappings to an issue type screen scheme. **[Permissions](#permissions) required:** *Administer Jira* [global permission](https://confluence.atlassian.com/x/x4dKLg).,w,high,PUT default appends mappings,buildset-2026-09-18
b1170,atlassian,DELETE,/rest/api/3/fieldconfiguration/{id},deleteFieldConfiguration,Delete field configuration,Deletes a field configuration. This operation can only delete configurations used in company-managed (classic) projects. **[Permissions](#permissions) required:** *Administer Jira* [global permission](https://confluence.atlassian.com/x/x4dKLg).,x,high,DELETE no trash named,buildset-2026-09-18
b1171,atlassian,POST,/rest/api/3/project/{projectIdOrKey}/archive,archiveProject,Archive project,"Archives a project. You can't delete a project if it's archived. To delete an archived project, restore the project and then delete it. To restore a project, use the Jira UI. **[Permissions](#permissions) required:** *Administer Jira* [global permission](https://confluence.atlassian.com/x/x4dKLg).",w,high,toggle archive has restore unarchive,buildset-2026-09-18
b1172,atlassian,PUT,/rest/api/3/project/{projectKeyOrId}/permissionscheme,assignPermissionScheme,Assign permission scheme,Assigns a permission scheme with a project. See [Managing project permissions](https://confluence.atlassian.com/x/yodKLg) for more information about permission schemes. **[Permissions](#permissions) required:** *Administer Jira* [global permission](https://confluence.atlassian.com/x/x4dKLg),w,high,put default w assigns scheme,buildset-2026-09-18
b1173,atlassian,PUT,/rest/api/3/workflow/rule/config/delete,deleteWorkflowTransitionRuleConfigurations,Delete workflow transition rule configurations,Deletes workflow transition rules from one or more workflows. These rule types are supported:  *  [post functions](https://developer.atlassian.com/cloud/jira/platform/modules/workflow-post-function/)  *  [conditions](https://developer.atlassian.com/cloud/jira/platform/modules/workflow-condition/)  *  [validators](https://developer.atlassian.com/cloud/jira/platform/modules/workflow-validator/) Only rules created by the calling Connect app can be deleted. **[Permissions](#permissions) required:** ,x,high,a explicitly deletes rules despite PUT,buildset-2026-09-18
b1174,dracoon,POST,/v4/system/config/policies/passwords/enforce_change,enforceLoginPasswordChange,Enforce login password change for all users,<h3 style='padding: 5px; background-color: #F6F7F8; border: 1px solid #AAA; border-radius: 5px; display: table-cell;'>&#128640; Since v4.24.0</h3> ### Description:   Enforce login password change for all users. ### Precondition: Right <span style='padding: 3px; background-color: #F6F7F8; border: 1px solid #000; border-radius: 5px; display: inline;'>&#128275; change global config</span> and role <span style='padding: 3px; background-color: #F6F7F8; border: 1px solid #000; border-radius: 5px; disp,w,low,iii sets policy flag settable back,buildset-2026-09-18
b1175,dracoon,DELETE,/v4/user/oauth/authorizations/{client_id}/{authorization_id},removeOAuthAuthorization,Remove a OAuth authorization,"<h3 style='padding: 5px; background-color: #F6F7F8; border: 1px solid #AAA; border-radius: 5px; display: table-cell;'>&#128640; Since v4.12.0</h3> ### Description: Delete an authorization. ### Precondition: Authenticated user and valid client ID, authorization ID ### Postcondition: Authorization is revoked. ### Further Information: None.",x,high,b revokes authorization,buildset-2026-09-18
b1176,dracoon,DELETE,/v4/settings/keypair,removeSystemRescueKeyPair,Remove system rescue key pair,<h3 style='padding: 5px; background-color: #F6F7F8; border: 1px solid #AAA; border-radius: 5px; display: table-cell;'>&#128640; Since v4.24.0</h3> ### Description:   Remove the system rescue key pair. ### Precondition: * Right <span style='padding: 3px; background-color: #F6F7F8; border: 1px solid #000; border-radius: 5px; display: inline;'>&#128275; change config</span> * Existence of own key pair ### Postcondition: Key pair is removed (cf. further information below). ### Further Information: P,x,high,b removes credential key pair,buildset-2026-09-18
b1177,dracoon,POST,/v4/nodes/rooms/{room_id}/keypair,setRoomRescueKeyPair,Set room's rescue key pair,<h3 style='padding: 5px; background-color: #F6F7F8; border: 1px solid #AAA; border-radius: 5px; display: table-cell;'>&#128640; Since v4.24.0</h3> ### Description:   Set room rescue key pair. ### Precondition: User needs to be a <span style='padding: 3px; background-color: #F6F7F8; border: 1px solid #000; border-radius: 5px; display: inline;'>&#128100; Room Administrator</span>. ### Postcondition: Key pair is set. ### Further Information: Room rescue key pair can be used to upgrade algorithm.,w,low,put default sets key pair,buildset-2026-09-18
b1178,dracoon,PUT,/v4/provisioning/customers/{customer_id}/customerAttributes,updateCustomerAttributes,Add or edit customer attributes,"<h3 style='padding: 5px; background-color: #F6F7F8; border: 1px solid #AAA; border-radius: 5px; display: table-cell;'>&#128640; Since v4.4.0</h3> ### Description:   Add or edit custom customer attributes. <br/><br/><span style=""font-weight: bold; color: red;""> &#128679; **Warning: Please note that the response with HTTP status code 200 (OK) is deprecated and will be replaced with HTTP status code 204 (No content)!**</span><br/> ### Precondition: Right <span style='padding: 3px; background-color:",w,high,iii edits existing attributes,buildset-2026-09-18
b1179,dracoon,PUT,/v4/system/config/policies/classifications,changeClassificationPoliciesConfig,Change classification policies,<h3 style='padding: 5px; background-color: #F6F7F8; border: 1px solid #AAA; border-radius: 5px; display: table-cell;'>&#128640; Since v4.30.0</h3> ### Description: Change current classification policies: * `shareClassificationPolicies` ### Precondition: Right <span style='padding: 3px; background-color: #F6F7F8; border: 1px solid #000; border-radius: 5px; display: inline;'>&#128275; change global config</span> and role <span style='padding: 3px; background-color: #F6F7F8; border: 1px solid #000;,w,high,w edits classification policies,buildset-2026-09-18
b1180,dracoon,POST,/v4/shares/uploads/{share_id}/email,sendUploadShareLinkViaEmail,Send an existing Upload Share link via email,<h3 style='padding: 5px; background-color: #F6F7F8; border: 1px solid #AAA; border-radius: 5px; display: table-cell;'>&#128640; Since v4.11.0</h3> ### Description: Send an email to specific recipients for existing Upload Share. ### Precondition: User with <span style='padding: 3px; background-color: #F6F7F8; border: 1px solid #000; border-radius: 5px; display: inline;'>&#128275; manage upload share</span> permissions on target container. ### Postcondition: Upload Share link successfully sent. ##,x,high,c sends email link,buildset-2026-09-18
b1181,dracoon,DELETE,/v4/users/{user_id}/userAttributes/{key},removeUserAttribute,Remove custom user attribute,### Description: Delete custom user attribute. ### Precondition: Right <span style='padding: 3px; background-color: #F6F7F8; border: 1px solid #000; border-radius: 5px; display: inline;'>&#128275; change users</span> required. ### Postcondition: Custom user attribute is deleted. ### Further Information: * Allowed characters for keys are: `[a-zA-Z0-9_-]`   * Characters are **case-insensitive**.,x,high,delete method no trash,buildset-2026-09-18
b1182,dracoon,POST,/v4/nodes/rooms/{room_id}/keypairs,createAndPreserveRoomRescueKeyPair,Create key pair and preserve copy of old private key,<h3 style='padding: 5px; background-color: #F6F7F8; border: 1px solid #AAA; border-radius: 5px; display: table-cell;'>&#128640; Since v4.24.0</h3> ### Description:   Create room rescue key pair and preserve copy of old private key. ### Precondition: User needs to be a <span style='padding: 3px; background-color: #F6F7F8; border: 1px solid #000; border-radius: 5px; display: inline;'>&#128100; Room Administrator</span>. ### Postcondition: Room rescue key pair is created.   Copy of old private key ,w,high,ii plain create new keypair preserves old,buildset-2026-09-18
b1183,dracoon,PUT,/v4/nodes/files/{file_id},updateFile,Updates a file’s metadata,### Description: Updates a list of file’s metadata. ### Precondition: User has <span style='padding: 3px; background-color: #F6F7F8; border: 1px solid #000; border-radius: 5px; display: inline;'>&#128275; change</span> permissions in parent room. ### Postcondition: File's metadata is changed.,w,high,PUT default edits file metadata,buildset-2026-09-18
b1184,dracoon,DELETE,/v4/user/oauth/approvals/{client_id},removeOAuthApproval,Remove OAuth client approval,<h3 style='padding: 5px; background-color: #F6F7F8; border: 1px solid #AAA; border-radius: 5px; display: table-cell;'>&#128640; Since v4.22.0</h3> ### Functional Description: Delete an OAuth client approval. ### Precondition: Authenticated user and valid client ID ### Postcondition: OAuth Client approval is revoked. ### Further Information: None.,x,high,b revokes oauth approval consent,buildset-2026-09-18
b1185,dracoon,PUT,/v4/uploads/{token},completeFileUploadByToken,Complete file upload,"### Description: Finish uploading a file. ### Precondition: Valid upload token. ### Postcondition: File created. ### Further Information: The provided file name might be changed in accordance with the resolution strategy: * **autorename**: changes the file name and adds a number to avoid conflicts. * **overwrite**: deletes any old file with the same file name. * **fail**: returns an error; in this case, another `PUT` request with a different file name may be sent. Please ensure that all chunks h",w,low,ii plain create file upload complete,buildset-2026-09-18
b1186,dracoon,PUT,/v4/user/subscriptions/upload_shares,subscribeUploadShares,Subscribe or Unsubscribe a List of Upload Shares for notifications,"<h3 style='padding: 5px; background-color: #F6F7F8; border: 1px solid #AAA; border-radius: 5px; display: table-cell;'>&#128640; Since v4.25.0</h3> ### Description:   Subscribe/Unsubscribe upload shares for notifications. ### Precondition: User with _""manage upload share""_ permissions on target node. ### Postcondition: Upload shares are subscribed or unsubscribed. Notifications for these upload shares will be triggered in the future. ### Further Information: Maximum number of subscriptions is 200",w,high,toggle subscribe unsubscribe named,buildset-2026-09-18
b1187,dracoon,DELETE,/v4/users/{user_id},removeUser,Remove user,### Description: Delete a user. ### Precondition: Right <span style='padding: 3px; background-color: #F6F7F8; border: 1px solid #000; border-radius: 5px; display: inline;'>&#128275; delete users</span> required. ### Postcondition: User is deleted. ### Further Information: User **CANNOT** be deleted if he is a last room administrator of any room.,x,high,a deletes user no restore,buildset-2026-09-18
b1188,dracoon,POST,/v4/user/subscriptions/nodes/{node_id},subscribeNode,Subscribe node for notifications,"<h3 style='padding: 5px; background-color: #F6F7F8; border: 1px solid #AAA; border-radius: 5px; display: table-cell;'>&#128640; Since v4.20.0</h3> ### Description: Subscribe node for notifications. ### Precondition: User has _""read""_ permissions in auth parent room. ### Postcondition: Node is subscribed. Notifications for this node will be triggered in the future. ### Further Information: None.",w,high,w subscribes settable back via unsubscribe,buildset-2026-09-18
b1189,dracoon,PUT,/v4/nodes/files/uploads/{upload_id}/s3,completeS3FileUpload,Complete S3 file upload,"<h3 style='padding: 5px; background-color: #F6F7F8; border: 1px solid #AAA; border-radius: 5px; display: table-cell;'>&#128640; Since v4.15.0</h3> ### Description: Finishes a S3 file upload and closes the corresponding upload channel. ### Precondition: An upload channel has been created, data has been transmitted and user has to be the creator of the upload channel ### Postcondition: Upload channel is closed. S3 multipart upload request is completed. ### Further Information: Download share id (i",w,high,iii finalizes upload existing session,buildset-2026-09-18
b1190,dracoon,POST,/v4/provisioning/webhooks/{webhook_id}/reset_lifetime,resetTenantWebhookLifetime,Reset tenant webhook lifetime,<h3 style='padding: 5px; background-color: #F6F7F8; border: 1px solid #AAA; border-radius: 5px; display: table-cell;'>&#128640; Since v4.19.0</h3> ### Description:   Reset the lifetime of a webhook for the tenant scope. ### Precondition: Right <span style='padding: 3px; background-color: #F6F7F8; border: 1px solid #000; border-radius: 5px; display: inline;'>&#128275; manage webhook</span> required. ### Postcondition: Lifetime of the webhook is reset. ### Further Information: None.,x,low,b resets webhook lifetime credential-like,buildset-2026-09-18
b1191,dracoon,DELETE,/v4/nodes/files/uploads/{upload_id},cancelFileUpload,Cancel file upload,### Description: Cancel a (S3) file upload and destroy the upload channel. ### Precondition: An upload channel has been created and user has to be the creator of the upload channel. ### Postcondition: The upload channel is removed and all temporary uploaded data is purged. ### Further Information: It is recommended to notify the API about cancelled uploads if possible.,x,high,a purges temp upload data,buildset-2026-09-18
b1192,dracoon,PUT,/v4/provisioning/webhooks/{webhook_id},updateTenantWebhook,Update tenant webhook,<h3 style='padding: 5px; background-color: #F6F7F8; border: 1px solid #AAA; border-radius: 5px; display: table-cell;'>&#128640; Since v4.19.0</h3> ### Description:   Update an existing webhook for the tenant scope. ### Precondition: Right <span style='padding: 3px; background-color: #F6F7F8; border: 1px solid #000; border-radius: 5px; display: inline;'>&#128275; manage webhook</span> required. ### Postcondition: Webhook is updated. ### Further Information: URL must begin with the `HTTPS` scheme.,w,high,put default update webhook,buildset-2026-09-18
b1193,dracoon,DELETE,/v4/system/config/auth/openid/idps/{idp_id},removeOpenIdIdpConfig,Remove OpenID Connect IDP configuration,### Description: Delete an existing OpenID Connect IDP configuration. ### Precondition: Right <span style='padding: 3px; background-color: #F6F7F8; border: 1px solid #000; border-radius: 5px; display: inline;'>&#128275; change global config</span> and role <span style='padding: 3px; background-color: #F6F7F8; border: 1px solid #000; border-radius: 5px; display: inline;'>&#128100; Config Manager</span> of the Provider Customer required. ### Postcondition: OpenID Connect IDP configuration is remov,x,high,DELETE method wins no restore,buildset-2026-09-18
b1194,dracoon,POST,/v4/public/shares/uploads/{access_key}/{upload_id}/s3_urls,generatePresignedUrlsPublic,Generate presigned URLs for S3 file upload,"<h3 style='padding: 5px; background-color: #F6F7F8; border: 1px solid #AAA; border-radius: 5px; display: table-cell;'>&#128640; Since v4.15.0</h3> ### Description: Generate presigned URLs for S3 file upload. ### Precondition: Valid upload ID ### Postcondition: List of presigned URLs is returned. ### Further Information: The size for each part must be >= 5 MB, except for the last part.   The part number of the first part in S3 is 1 (not 0).   Use HTTP method `PUT` for uploading bytes via presigne",r,high,i url generated and returned not stored,buildset-2026-09-18
b1195,dracoon,POST,/v4/roles/{role_id}/users,addRoleUsers,Assign user(s) to the role,### Description: Assign user(s) to a role. ### Precondition: Right <span style='padding: 3px; background-color: #F6F7F8; border: 1px solid #000; border-radius: 5px; display: inline;'>&#128275; grant permission on desired role</span> required. ### Postcondition: One or more users will be added to a role. ### Further Information: None.,w,high,ii adds users to role settable back,buildset-2026-09-18
b1196,dracoon,DELETE,/v4/user/profileAttributes/{key},removeProfileAttribute,Remove user profile attribute,<h3 style='padding: 5px; background-color: #F6F7F8; border: 1px solid #AAA; border-radius: 5px; display: table-cell;'>&#128640; Since v4.7.0</h3> ### Description:   Delete custom user profile attribute. ### Precondition: None. ### Postcondition: Custom user profile attribute is deleted. ### Further Information: Allowed characters for keys are: `[a-zA-Z0-9_-]`,x,high,a deletes attribute no restore,buildset-2026-09-18
b1197,dracoon,PUT,/v4/public/shares/uploads/{access_key}/{upload_id},completeFileUploadViaShare,Complete file upload,"### Description: Finalize (chunked) upload via Upload Share. ### Precondition: Valid upload ID.   Only returns users that owns one of the following permissions: <span style='padding: 3px; background-color: #F6F7F8; border: 1px solid #000; border-radius: 5px; display: inline;'>&#128275; manage</span>, <span style='padding: 3px; background-color: #F6F7F8; border: 1px solid #000; border-radius: 5px; display: inline;'>&#128275; read</span>, <span style='padding: 3px; background-color: #F6F7F8; borde",w,high,ii upload finalize counts as create,buildset-2026-09-18
b1198,dracoon,POST,/v4/system/config/auth/ads,createAdConfig,Create Active Directory configuration,### Description: Create a new Active Directory configuration. ### Precondition: Right <span style='padding: 3px; background-color: #F6F7F8; border: 1px solid #000; border-radius: 5px; display: inline;'>&#128275; change global config</span> of the Provider Customer required. ### Postcondition: New Active Directory configuration created. ### Further Information: None.,w,high,ii plain create ad config,buildset-2026-09-18
b1199,dracoon,PUT,/v4/user/account/password,changeUserPassword,Change user's password,"### Description: Change the user's password. ### Precondition: Authenticated user. ### Postcondition: User's password is changed. ### Further Information: The password **MUST** comply to configured password policies.   Forbidden characters in passwords: [`&`, `'`, `<`, `>`]",x,high,b resets password credential,buildset-2026-09-18
b1200,dracoon,POST,/v4/user/subscriptions/download_shares/{share_id},subscribeDownloadShare,Subscribe Download Share for notifications,"<h3 style='padding: 5px; background-color: #F6F7F8; border: 1px solid #AAA; border-radius: 5px; display: table-cell;'>&#128640; Since v4.20.0</h3> ### Description:   Subscribe Download Share for notifications. ### Precondition: User with _""manage download share""_ permissions on target node. ### Postcondition: Download Share is subscribed.   Notifications for this Download Share will be triggered in the future. ### Further Information: None.",w,high,ii create of subscription,buildset-2026-09-18
b1201,dracoon,PUT,/v4/provisioning/customers/{customer_id},updateCustomer,Update customer,### Description:   Change selected attributes of a customer. ### Precondition: Authentication with `X-Sds-Service-Token` required. ### Postcondition: Selected attributes of customer are updated. ### Further Information: None.,w,high,w edits customer attrs settable back,buildset-2026-09-18
b1202,dracoon,DELETE,/v4/roles/{role_id}/users,revokeRoleUsers,Revoke granted role from user(s),"### Description:   Revoke granted user(s) from a role. ### Precondition: Right <span style='padding: 3px; background-color: #F6F7F8; border: 1px solid #000; border-radius: 5px; display: inline;'>&#128275; grant permission on desired role</span> required.   For each role, at least one non-expiring user **MUST** remain who may grant the role. ### Postcondition: One or more users will be removed from a role. ### Further Information: None.",x,high,DELETE revokes role method wins x,buildset-2026-09-18
b1203,dracoon,DELETE,/v4/shares/uploads,deleteUploadShares,Remove Upload Shares,"<h3 style='padding: 5px; background-color: #F6F7F8; border: 1px solid #AAA; border-radius: 5px; display: table-cell;'>&#128640; Since v4.21.0</h3> ### Functional Description: Delete multiple Upload Shares (aka Upload Accounts). ### Precondition: User has _""manage upload share""_ permissions on target containers. ### Postcondition: Upload Shares are deleted. ### Further Information: Only the Upload Shares are removed; already uploaded files and the target container persist.",x,high,a deletes upload shares no restore,buildset-2026-09-18
b1204,dracoon,POST,/v4/nodes/{node_id}/copy_to,copyNodes,Copy node(s),"### Description: Copies nodes (folder, file) to another parent. ### Precondition: Authenticated user with <span style='padding: 3px; background-color: #F6F7F8; border: 1px solid #000; border-radius: 5px; display: inline;'>&#128275; read</span> permissions in the source parent and <span style='padding: 3px; background-color: #F6F7F8; border: 1px solid #000; border-radius: 5px; display: inline;'>&#128275; create</span> permissions in the target parent node. ### Postcondition: Nodes are copied to t",w,high,ii plain create copied nodes,buildset-2026-09-18
b1205,dracoon,PUT,/v4/nodes/files/uploads/{upload_id},completeFileUpload,Complete file upload,<h3 style='padding: 5px; background-color: #F6F7F8; border: 1px solid #AAA; border-radius: 5px; display: table-cell;'>&#128679; Deprecated since v4.9.0</h3> ### Use `uploads` API ### Description: Finishes an upload and closes the corresponding upload channel. ### Precondition: An upload channel has been created and data has been transmitted. ### Postcondition: The upload is finished and the temporary file is moved to the productive environment. ### Further Information: The provided file name mig,w,low,ii completes upload creates file,buildset-2026-09-18
b1206,dracoon,POST,/v4/settings/webhooks,createWebhook,Create webhook,<h3 style='padding: 5px; background-color: #F6F7F8; border: 1px solid #AAA; border-radius: 5px; display: table-cell;'>&#128640; Since v4.19.0</h3> ### Description:   Create a new webhook for the customer scope. ### Precondition: Right <span style='padding: 3px; background-color: #F6F7F8; border: 1px solid #000; border-radius: 5px; display: inline;'>&#128275; change config</span> required. ### Postcondition: Webhook is created for given event types. ### Further Information: URL must begin with th,w,high,ii plain create webhook,buildset-2026-09-18
b1207,dracoon,POST,/v4/nodes/{node_id}/favorite,addFavorite,"Mark a node (room, folder or file) as favorite","### Description:   Marks a node (room, folder or file) as favorite. ### Precondition: Authenticated user is allowed to <span style='padding: 3px; background-color: #F6F7F8; border: 1px solid #000; border-radius: 5px; display: inline;'>&#128065; see</span> the node (i.e. `isBrowsable = true`). ### Postcondition: A node gets marked as favorite. ### Further Information: None.",w,high,w marks favorite settable back via unfavorite,buildset-2026-09-18
b1208,dracoon,PUT,/v4/internal/tenant/subscription_plan,internalSetSubscriptionPlan,Set subscription plan,<h3 style='padding: 5px; background-color: #F6F7F8; border: 1px solid #AAA; border-radius: 5px; display: table-cell;'>&#128640; Since v4.36.0</h3> ### Description:  Change the subscription plan id of the current tenant ### Precondition: Valid `X-SDS-Service-Token` Header ### Postcondition: The subscription plan of the current tenant is set to the given value.   Returns SubscriptionPlanResponse model that includes subscription plan id. ### Further Information: None.,w,low,iii sets config value no charge named,buildset-2026-09-18
b1209,dracoon,PUT,/v4/system/config/storage/s3,updateS3Config,Update S3 storage configuration,<h3 style='padding: 5px; background-color: #F6F7F8; border: 1px solid #AAA; border-radius: 5px; display: table-cell;'>&#128640; Since v4.3.0</h3> ### Description:   Update existing S3 configuration. ### Precondition: Right <span style='padding: 3px; background-color: #F6F7F8; border: 1px solid #000; border-radius: 5px; display: inline;'>&#128275; change global config</span> and role <span style='padding: 3px; background-color: #F6F7F8; border: 1px solid #000; border-radius: 5px; display: inline;,w,high,w edits s3 config,buildset-2026-09-18
b1210,dracoon,POST,/v4/system/config/auth/openid/idps,createOpenIdIdpConfig,Create OpenID Connect IDP configuration,### Description: Create new OpenID Connect IDP configuration. ### Precondition: Right <span style='padding: 3px; background-color: #F6F7F8; border: 1px solid #000; border-radius: 5px; display: inline;'>&#128275; change global config</span> and role <span style='padding: 3px; background-color: #F6F7F8; border: 1px solid #000; border-radius: 5px; display: inline;'>&#128100; Config Manager</span> of the Provider Customer required. ### Postcondition: New OpenID Connect IDP configuration is created. ,w,high,ii plain create idp config,buildset-2026-09-18
b1211,dracoon,POST,/v4/provisioning/webhooks,createTenantWebhook,Create tenant webhook,<h3 style='padding: 5px; background-color: #F6F7F8; border: 1px solid #AAA; border-radius: 5px; display: table-cell;'>&#128640; Since v4.19.0</h3> ### Description:   Create a new webhook for the tenant scope. ### Precondition: Right <span style='padding: 3px; background-color: #F6F7F8; border: 1px solid #000; border-radius: 5px; display: inline;'>&#128275; manage webhook</span> required. ### Postcondition: Webhook is created for given event types. ### Further Information: URL must begin with the,w,high,ii plain create webhook,buildset-2026-09-18
b1212,dracoon,DELETE,/v4/system/config/auth/ads/{ad_id},removeAdConfig,Remove Active Directory configuration,### Description: Delete an existing Active Directory configuration. ### Precondition: Right <span style='padding: 3px; background-color: #F6F7F8; border: 1px solid #000; border-radius: 5px; display: inline;'>&#128275; change global config</span> of the Provider Customer required. ### Postcondition: Active Directory configuration is removed. ### Further Information: None.,x,high,a deletes AD config no restore,buildset-2026-09-18
b1213,dracoon,PUT,/v4/settings/webhooks/{webhook_id},updateWebhook,Update webhook,<h3 style='padding: 5px; background-color: #F6F7F8; border: 1px solid #AAA; border-radius: 5px; display: table-cell;'>&#128640; Since v4.19.0</h3> ### Description:   Update an existing webhook for the customer scope. ### Precondition: Right <span style='padding: 3px; background-color: #F6F7F8; border: 1px solid #000; border-radius: 5px; display: inline;'>&#128275; change config</span> required. ### Postcondition: Webhook is updated. ### Further Information: URL must begin with the `HTTPS` scheme,w,high,put default update webhook,buildset-2026-09-18
b1214,dracoon,POST,/v4/auth/login,login,Authenticate user (Login),"<h3 style='padding: 5px; background-color: #F6F7F8; border: 1px solid #AAA; border-radius: 5px; display: table-cell;'>&#128679; Deprecated since v4.13.0</h3> ### Description: Authenticates user and provides an authentication token (`X-Sds-Auth-Token`) that is required for the most operations. ### Precondition: Existing user that is **NOT** locked. ### Postcondition: User is logged in. ### Further Information: The provided token is valid for **two hours**, every usage resets this period to two fu",w,low,ii creates auth session token,buildset-2026-09-18
b1215,dracoon,POST,/v4/nodes/files/uploads,createFileUploadChannel,Create new file upload channel,### Description: This endpoint creates a new upload channel which is the first step in any file upload workflow. ### Precondition: User has <span style='padding: 3px; background-color: #F6F7F8; border: 1px solid #000; border-radius: 5px; display: inline;'>&#128275; create</span> permissions in the parent container (room or folder). ### Postcondition: A new upload channel for a file is created.   Its ID and an upload token are returned. ### Further Information: The upload ID is used for uploads w,w,high,ii plain create upload channel,buildset-2026-09-18
b1216,dracoon,POST,/v4/nodes/files/{file_id}/downloads,generateDownloadUrl,Generate download URL,### Description: Create a download URL to retrieve a file without `X-Sds-Auth-Token` Header. ### Precondition: User with <span style='padding: 3px; background-color: #F6F7F8; border: 1px solid #000; border-radius: 5px; display: inline;'>&#128275; read</span> permissions in parent room. ### Postcondition: Download token is generated and returned. ### Further Information: The token is necessary to access `downloads` ressources.,w,high,ii creates download token url,buildset-2026-09-18
b1217,dracoon,DELETE,/v4/roles/{role_id}/groups,revokeRoleGroups,Revoke granted role from group(s),"### Description:   Revoke granted group(s) from a role. ### Precondition: Right <span style='padding: 3px; background-color: #F6F7F8; border: 1px solid #000; border-radius: 5px; display: inline;'>&#128275; grant permission on desired role</span> required.   For each role, at least one non-expiring user **MUST** remain who may grant the role. ### Postcondition: One or more groups will be removed from a role. ### Further Information: None.",x,high,DELETE method wins removes membership,buildset-2026-09-18
b1218,dracoon,POST,/v4/nodes/rooms,createRoom,Create new room,### Description: Creates a new room at the provided parent node.   Creation of top level rooms provided. ### Precondition: User has <span style='padding: 3px; background-color: #F6F7F8; border: 1px solid #000; border-radius: 5px; display: inline;'>&#128275; manage</span> permissions in the parent room. ### Postcondition: A new room is created. ### Further Information:   Rooms may only have other rooms as parent.   Rooms on top level do **NOT** have any parent.   Rooms may have rooms as children ,w,high,ii plain create room,buildset-2026-09-18
b1219,dracoon,POST,/v4/auth/openid/login,completeOpenIdLogin,Complete OpenID Connect authentication,<h3 style='padding: 5px; background-color: #F6F7F8; border: 1px solid #AAA; border-radius: 5px; display: table-cell;'>&#128679; Deprecated since v4.14.0</h3> ### Description:   This is the second step of the OpenID Connect authentication.   The user hands over the authorization code and is logged in. ### Precondition: Existing user with activated OpenID Connect authentication that is **NOT** locked. ### Postcondition: User is logged in. ### Further Information: None.,w,low,ii create login session settable back logout,buildset-2026-09-18
b1220,dracoon,POST,/v4/roles/{role_id}/groups,addRoleGroups,Assign group(s) to the role,### Description: Assign group(s) to a role. ### Precondition: Right <span style='padding: 3px; background-color: #F6F7F8; border: 1px solid #000; border-radius: 5px; display: inline;'>&#128275; grant permission on desired role</span> required. ### Postcondition: One or more groups will be added to a role. ### Further Information: None.,w,high,ii adds group to role removable,buildset-2026-09-18
b1221,dracoon,PUT,/v4/system/config/policies/guest_users,changeGuestUsersPoliciesConfig,Change guest user policies,<h3 style='padding: 5px; background-color: #F6F7F8; border: 1px solid #AAA; border-radius: 5px; display: table-cell;'>&#128640; Since v4.40.0</h3> ### Description: Change current guest user policies.   ### Precondition: Right <span style='padding: 3px; background-color: #F6F7F8; border: 1px solid #000; border-radius: 5px; display: inline;'>&#128275; change global config</span> and role <span style='padding: 3px; background-color: #F6F7F8; border: 1px solid #000; border-radius: 5px; display: inli,w,high,PUT default edit policy,buildset-2026-09-18
b1222,dracoon,DELETE,/v4/user/account/avatar,resetAvatar,Reset avatar,<h3 style='padding: 5px; background-color: #F6F7F8; border: 1px solid #AAA; border-radius: 5px; display: table-cell;'>&#128640; Since v4.11.0</h3> ### Description:   Reset (custom) avatar to default avatar. ### Precondition: Authenticated user. ### Postcondition: * User's avatar gets deleted.   * Default avatar is set. ### Further Information: None.,x,high,a DELETE removes avatar no restore of original,buildset-2026-09-18
b1223,dracoon,DELETE,/v4/nodes/rooms/{room_id}/users,revokeRoomUsers,Revoke granted user(s) from room,### Description:   Revoke granted users from room. ### Precondition: User needs to be a <span style='padding: 3px; background-color: #F6F7F8; border: 1px solid #000; border-radius: 5px; display: inline;'>&#128100; Room Administrator</span>. ### Postcondition: User's permissions are revoked. ### Further Information: Batch function.,x,high,b revokes access permissions,buildset-2026-09-18
b1224,dracoon,DELETE,/v4/provisioning/webhooks/{webhook_id},removeTenantWebhook,Remove tenant webhook,<h3 style='padding: 5px; background-color: #F6F7F8; border: 1px solid #AAA; border-radius: 5px; display: table-cell;'>&#128640; Since v4.19.0</h3> ### Description:   Delete a webhook for the tenant scope. ### Precondition: Right <span style='padding: 3px; background-color: #F6F7F8; border: 1px solid #000; border-radius: 5px; display: inline;'>&#128275; manage webhook</span> required. ### Postcondition: Webhook is deleted. ### Further Information: None.,x,high,a deletes webhook no restore,buildset-2026-09-18
b1225,dracoon,POST,/v4/users/{user_id}/mfa/emergency_code,requestEmergencyMfaCode,Request emergency MFA code,<h3 style='padding: 5px; background-color: #F6F7F8; border: 1px solid #AAA; border-radius: 5px; display: table-cell;'>&#128640; Since v4.37.0</h3> ### Description:   Request emergency MFA code for a specific user. ### Precondition: Right <span style='padding: 3px; background-color: #F6F7F8; border: 1px solid #000; border-radius: 5px; display: inline;'>&#128275; change users</span> required. ### Postcondition: Emergency MFA code is returned. ### Further Information: Emergency code can be used ins,w,low,ii plain create emergency code returned,buildset-2026-09-18
b1226,dracoon,PUT,/v4/system/config/settings/eventlog,updateEventlogConfig,Update eventlog settings,<h3 style='padding: 5px; background-color: #F6F7F8; border: 1px solid #AAA; border-radius: 5px; display: table-cell;'>&#128640; Since v4.6.0</h3> ### Description:   DRACOON eventlog configuration entry point.   Change configurable eventlog settings. ### Precondition: Right <span style='padding: 3px; background-color: #F6F7F8; border: 1px solid #000; border-radius: 5px; display: inline;'>&#128275; change global config</span> and role <span style='padding: 3px; background-color: #F6F7F8; border: 1,w,high,w edits eventlog settings,buildset-2026-09-18
b1227,dracoon,POST,/v4/public/shares/downloads/{access_key},generateDownloadUrlPublic,Generate download URL,### Description: Generate a download URL to retrieve a shared file. ### Precondition: None. ### Postcondition: Download URL and token are generated and returned. ### Further Information: Use `downloadUrl` the download `token` is deprecated.,r,high,i url generated and returned not stored,buildset-2026-09-18
b1228,dracoon,DELETE,/v4/nodes,removeNodes,Remove nodes,"### Description: Delete nodes (room, folder or file). ### Precondition: Authenticated user with <span style='padding: 3px; background-color: #F6F7F8; border: 1px solid #000; border-radius: 5px; display: inline;'>&#128275; delete</span> permissions on supplied nodes (for folders or files) or on superordinated node (for rooms). ### Postcondition: Nodes are deleted. ### Further Information: Nodes **MUST** be in same parent.",x,high,a deletes nodes no restore,buildset-2026-09-18
b1229,dracoon,PUT,/v4/nodes/folders/{folder_id},updateFolder,Updates folder’s metadata,"### Description:   Updates folder’s metadata. ### Precondition: User has <span style='padding: 3px; background-color: #F6F7F8; border: 1px solid #000; border-radius: 5px; display: inline;'>&#128275; change</span> permissions in parent room. ### Postcondition: Folder's metadata is changed. ### Further Information: Notes are limited to **255** characters. ### Node naming convention: * Node (room, folder, file) names are limited to **150** characters. * Illegal names:   `'CON', 'PRN', 'AUX', 'NUL',",w,high,PUT default w,buildset-2026-09-18
b1230,dracoon,PUT,/v4/nodes/rooms/{room_id}/guest_users,addRoomGuestUsers,Add guest users to a room,"### Description: Add guest users to a room ### Precondition: User needs to be a <span style='padding: 3px; background-color: #F6F7F8; border: 1px solid #000; border-radius: 5px; display: inline;'>&#128100; Room Administrator</span>. To add new members, the user needs the right <span style='padding: 3px; background-color: #F6F7F8; border: 1px solid #000; border-radius: 5px; display: inline;'>&#128275; non-members add</span>, which is included in any role. <span style='padding: 3px; background-col",w,high,PUT adds guests settable back,buildset-2026-09-18
b1231,dracoon,DELETE,/v4/user/subscriptions/upload_shares/{share_id},unsubscribeUploadShare,Unsubscribe Upload Share from notifications,"<h3 style='padding: 5px; background-color: #F6F7F8; border: 1px solid #AAA; border-radius: 5px; display: table-cell;'>&#128640; Since v4.24.0</h3> ### Description:   Unsubscribe Upload Share from notifications. ### Precondition: User with _""manage upload share""_ permissions on target node. ### Postcondition: Upload Share is unsubscribed.   Notifications for this Upload Share are disabled. ### Further Information: None.",x,high,DELETE method wins even for membership removal,buildset-2026-09-18
b1232,dracoon,POST,/v4/user/logout,logout,Invalidate authentication token,<h3 style='padding: 5px; background-color: #F6F7F8; border: 1px solid #AAA; border-radius: 5px; display: table-cell;'>&#128679; Deprecated since v4.12.0</h3> ### Description:   Log out a user. ### Precondition: Authenticated user. ### Postcondition: * User is logged out   * Authentication token gets invalidated. ### Further Information: None.,x,high,b invalidates auth token,buildset-2026-09-18
b1233,dracoon,POST,/v4/settings/keypairs,createAndPreserveKeyPair,Create system rescue key pair and preserve copy of old private key,<h3 style='padding: 5px; background-color: #F6F7F8; border: 1px solid #AAA; border-radius: 5px; display: table-cell;'>&#128640; Since v4.24.0</h3> ### Description:   Create system rescue key pair and preserve copy of old private key. ### Precondition: * Right <span style='padding: 3px; background-color: #F6F7F8; border: 1px solid #000; border-radius: 5px; display: inline;'>&#128275; change config</span> * Existence of own key pair ### Postcondition: System rescue key pair is created.   Copy of o,x,high,b rotates key pair credential,buildset-2026-09-18
b1234,dracoon,PUT,/v4/nodes/rooms/{room_id}/policies,setRoomPolicies,Set room policies,<h3 style='padding: 5px; background-color: #F6F7F8; border: 1px solid #AAA; border-radius: 5px; display: table-cell;'>&#128640; Since v4.32.0</h3> ### Description:   Retrieve the room policies: * `defaultExpirationPeriod` ### Precondition: User needs to be a <span style='padding: 3px; background-color: #F6F7F8; border: 1px solid #000; border-radius: 5px; display: inline;'>&#128100; Room Administrator</span>. ### Postcondition: Room policy is set. ### Further Information: `defaultExpirationPeriod,w,high,put default w sets policies,buildset-2026-09-18
b1235,dracoon,POST,/v4/user/profileAttributes,setProfileAttributes,Set user profile attributes,<h3 style='padding: 5px; background-color: #F6F7F8; border: 1px solid #AAA; border-radius: 5px; display: table-cell;'>&#128679; Deprecated since v4.12.0</h3> ### Description:   Set custom user profile attributes. ### Precondition: None. ### Postcondition: Custom user profile attributes are set. ### Further Information: Batch function.   All existing user profile attributes will be deleted.   * Allowed characters for keys are: `[a-zA-Z0-9_-]`   * Characters are **case-insensitive**   * Maximum ke,w,high,w sets profile attributes settable back,buildset-2026-09-18
b1236,dracoon,PUT,/v4/config/settings,updateSystemSettings,Update system settings,<h3 style='padding: 5px; background-color: #F6F7F8; border: 1px solid #AAA; border-radius: 5px; display: table-cell;'>&#128679; Deprecated since v4.6.0</h3> ### Description: Update configurable settings. ### Precondition: Right <span style='padding: 3px; background-color: #F6F7F8; border: 1px solid #000; border-radius: 5px; display: inline;'>&#128275; change global config</span> and role <span style='padding: 3px; background-color: #F6F7F8; border: 1px solid #000; border-radius: 5px; display: in,w,high,w edits system settings,buildset-2026-09-18
b1237,dracoon,DELETE,/v4/nodes/{node_id}/favorite,removeFavorite,"Unmark a node (room, folder or file) as favorite","### Description: Unmarks a node (room, folder or file) as favorite. ### Precondition: Authenticated user is allowed to <span style='padding: 3px; background-color: #F6F7F8; border: 1px solid #000; border-radius: 5px; display: inline;'>&#128065; see</span> the node (i.e. `isBrowsable = true`). ### Postcondition: A node gets unmarked as favorite. ### Further Information: None.",x,high,DELETE method wins no restore,buildset-2026-09-18
b1238,dracoon,DELETE,/v4/settings/webhooks/{webhook_id},removeWebhook,Remove webhook,<h3 style='padding: 5px; background-color: #F6F7F8; border: 1px solid #AAA; border-radius: 5px; display: table-cell;'>&#128640; Since v4.19.0</h3> ### Description:   Delete a webhook for the customer scope. ### Precondition: Right <span style='padding: 3px; background-color: #F6F7F8; border: 1px solid #000; border-radius: 5px; display: inline;'>&#128275; change config</span> required. ### Postcondition: Webhook is deleted. ### Further Information: None.,x,high,DELETE no trash named,buildset-2026-09-18
b1239,dracoon,POST,/v4/system/config/auth/radius,createRadiusConfig,Create RADIUS configuration,### Description:   Create new RADIUS configuration. ### Precondition: Right <span style='padding: 3px; background-color: #F6F7F8; border: 1px solid #000; border-radius: 5px; display: inline;'>&#128275; change global config</span> and role <span style='padding: 3px; background-color: #F6F7F8; border: 1px solid #000; border-radius: 5px; display: inline;'>&#128100; Config Manager</span> of the Provider Customer required. ### Postcondition: New RADIUS configuration is created. ### Further Informatio,w,high,ii plain create radius config,buildset-2026-09-18
b1240,dracoon,DELETE,/v4/user/subscriptions/download_shares/{share_id},unsubscribeDownloadShare,Unsubscribe Download Share from notifications,"<h3 style='padding: 5px; background-color: #F6F7F8; border: 1px solid #AAA; border-radius: 5px; display: table-cell;'>&#128640; Since v4.20.0</h3> ### Description:   Unsubscribe Download Share from notifications. ### Precondition: User with _""manage download share""_ permissions on target node. ### Postcondition: Download Share is unsubscribed.   Notifications for this Download Share are disabled. ### Further Information: None.",x,high,DELETE method wins no restore named,buildset-2026-09-18
b1241,dracoon,POST,/v4/provisioning/customers,createCustomer,Create customer,"### Description: Create a new customer. ### Precondition: Authentication with `X-Sds-Service-Token` required.   ### Postcondition: A new customer is created. ### Further Information: If no company name is set, first letter of the first name separated by dot followed by last name of the first administrator is used (e.g. `J.Doe`).   Max quota has to be at least `1 MB` (= `1.048.576 B`). If `basic` authentication is enabled, the first administrator will get `basic` authentication by default.   To c",w,high,ii plain create customer,buildset-2026-09-18
b1242,dracoon,POST,/v4/system/config/actions/test/radius,testRadiusConfig,Test RADIUS server availability,### Description:   Test RADIUS configuration. ### Precondition: Right <span style='padding: 3px; background-color: #F6F7F8; border: 1px solid #000; border-radius: 5px; display: inline;'>&#128275; read global config</span> of the Provider Customer required. ### Postcondition: RADIUS configuration is returned if successful. ### Further Information: DRACOON tries to establish a connection with the provided information.,r,high,i test dry-run check,buildset-2026-09-18
b1243,dracoon,POST,/v4/public/shares/uploads/{access_key}/{upload_id},uploadFileAsMultipartPublic_1,Upload file,### Description:   Chunked upload of files via Upload Share. ### Precondition: Valid upload ID. ### Postcondition: Chunk of file is uploaded. ### Further Information: Chunked uploads (range requests) are supported. Following `Content-Types` are supported by this API: * `multipart/form-data` * provided `Content-Type`   For both file upload types set the correct `Content-Type` header and body.   ### Examples:   * `multipart/form-data` ``` POST /api/v4/public/shares/uploads/{access_key}{upload_id} ,w,high,ii upload counts as create,buildset-2026-09-18
b1244,dracoon,PUT,/v4/user/subscriptions/nodes,updateNodeSubscriptions,Subscribe or Unsubscribe a List of nodes for notifications,"<h3 style='padding: 5px; background-color: #F6F7F8; border: 1px solid #AAA; border-radius: 5px; display: table-cell;'>&#128640; Since v4.25.0</h3> ### Description:   Subscribe/Unsubscribe nodes for notifications. ### Precondition: User has _""read""_ permissions in auth parent room. ### Postcondition: Nodes are subscribed or unsubscribed. Notifications for these nodes will be triggered in the future. ### Further Information: Maximum number of subscriptions is 200.",w,high,toggle subscribe unsubscribe,buildset-2026-09-18
b1245,dracoon,PUT,/v4/system/config/policies/mfa,changeMfaPoliciesConfig,Change MFA policies,<h3 style='padding: 5px; background-color: #F6F7F8; border: 1px solid #AAA; border-radius: 5px; display: table-cell;'>&#128640; Since v4.37.0</h3> ### Description: Change current multi-factor authentication policies.   ### Precondition: Right <span style='padding: 3px; background-color: #F6F7F8; border: 1px solid #000; border-radius: 5px; display: inline;'>&#128275; change global config</span> and role <span style='padding: 3px; background-color: #F6F7F8; border: 1px solid #000; border-radius: 5,w,high,put default w changes policies,buildset-2026-09-18
b1246,dracoon,PUT,/v4/nodes/rooms/pending,changePendingAssignments,Handle user-room assignments per group,### Description:   Handles a list of user-room assignments by groups that have **NOT** been approved yet   **WAITING** or **DENIED** assignments can be **ACCEPTED**. ### Precondition: None. ### Postcondition: User-room assignment is approved and the user gets access to the group. ### Further Information: Room administrators should **SHOULD** handle pending assignments to provide access to rooms for other users.,w,high,w edits assignment status settable back,buildset-2026-09-18
b1247,dracoon,PUT,/v4/user/subscriptions/download_shares,subscribeDownloadShares,Subscribe or Unsubscribe a List of Download Shares for notifications,"<h3 style='padding: 5px; background-color: #F6F7F8; border: 1px solid #AAA; border-radius: 5px; display: table-cell;'>&#128640; Since v4.25.0</h3> ### Description:   Subscribe/Unsubscribe download shares for notifications. ### Precondition: User with _""manage download share""_ permissions on target node. ### Postcondition: Download shares are subscribed or unsubscribed. Notifications for these download shares will be triggered in the future. ### Further Information: Maximum number of subscription",w,high,toggle subscribe unsubscribe both offered,buildset-2026-09-18
b1248,dracoon,PUT,/v4/system/config/settings/general,updateGeneralSettings,Update general settings,<h3 style='padding: 5px; background-color: #F6F7F8; border: 1px solid #AAA; border-radius: 5px; display: table-cell;'>&#128640; Since v4.6.0</h3> ### Description:   DRACOON general settings configuration entry point.   Change configurable general settings. ### Precondition: Right <span style='padding: 3px; background-color: #F6F7F8; border: 1px solid #000; border-radius: 5px; display: inline;'>&#128275; change global config</span> and role <span style='padding: 3px; background-color: #F6F7F8; bo,w,high,put default w updates settings,buildset-2026-09-18
b1249,dracoon,PUT,/v4/system/config/settings/syslog,updateSyslogConfig,Update syslog settings,<h3 style='padding: 5px; background-color: #F6F7F8; border: 1px solid #AAA; border-radius: 5px; display: table-cell;'>&#128640; Since v4.6.0</h3> ### Description:   DRACOON syslog configuration entry point.   Change configurable syslog settings. ### Precondition: Right <span style='padding: 3px; background-color: #F6F7F8; border: 1px solid #000; border-radius: 5px; display: inline;'>&#128275; change global config</span> and role <span style='padding: 3px; background-color: #F6F7F8; border: 1px s,w,high,w edits syslog settings,buildset-2026-09-18
b1250,dracoon,PUT,/v4/system/config/policies/passwords,changePasswordPoliciesConfig,Change password policies,<h3 style='padding: 5px; background-color: #F6F7F8; border: 1px solid #AAA; border-radius: 5px; display: table-cell;'>&#128640; Since v4.14.0</h3> ### Description:   Change current password policies for any password types:   * `login` * `shares` * `encryption` ### Precondition: Right <span style='padding: 3px; background-color: #F6F7F8; border: 1px solid #000; border-radius: 5px; display: inline;'>&#128275; change global config</span> and role <span style='padding: 3px; background-color: #F6F7F8,w,high,put default change policy,buildset-2026-09-18
b1251,dracoon,DELETE,/v4/nodes/{node_id},removeNode,Remove node,"### Description: Delete node (room, folder or file). ### Precondition: Authenticated user with <span style='padding: 3px; background-color: #F6F7F8; border: 1px solid #000; border-radius: 5px; display: inline;'>&#128275; delete</span> permissions on supplied nodes (for folders or files) or on superordinated node (for rooms). ### Postcondition: Node gets deleted. ### Further Information: None.",x,high,a deletes node no restore,buildset-2026-09-18
b1252,dracoon,DELETE,/v4/user/account/mfa,useEmergencyCode,Using emergency-code,<h3 style='padding: 5px; background-color: #F6F7F8; border: 1px solid #AAA; border-radius: 5px; display: table-cell;'>&#128640; Since v4.37.0</h3> ### Description: Using emergency code for login ### Precondition: User has MFA enabled and is already logged in with account/pw (aka pre-Auth-Role) ### Postcondition: All MFA-setups for the user are deleted. ### Further Information:,x,high,a deletes MFA setups no restore,buildset-2026-09-18
b1253,dracoon,PUT,/v4/groups/{group_id},updateGroup,Update user group's metadata,"### Description:   Update user group's metadata . ### Precondition: Right <span style='padding: 3px; background-color: #F6F7F8; border: 1px solid #000; border-radius: 5px; display: inline;'>&#128275; change groups</span> required. ### Postcondition:  User group's metadata is changed. ### Further Information: * If a group should **NOT** expire, leave `expireAt` empty. * Group names are limited to **150** characters * **All** characters are allowed.",w,high,put default w edits group,buildset-2026-09-18
b1254,dracoon,DELETE,/v4/nodes/comments/{comment_id},removeNodeComment,Remove node comment,<h3 style='padding: 5px; background-color: #F6F7F8; border: 1px solid #AAA; border-radius: 5px; display: table-cell;'>&#128640; Since v4.10.0</h3> ### Description: Delete an existing comment for a specific node. ### Precondition: User has <span style='padding: 3px; background-color: #F6F7F8; border: 1px solid #000; border-radius: 5px; display: inline;'>&#128275; read</span> permissions on the node and is the creator of the comment **OR** <span style='padding: 3px; background-color: #F6F7F8; bord,x,high,delete method no trash,buildset-2026-09-18
b1255,dracoon,POST,/v4/nodes/zip,generateDownloadUrlForZipArchive,Generate download URL for ZIP download,### Description:   Create a download URL to retrieve several files in one ZIP archive. ### Precondition: User has <span style='padding: 3px; background-color: #F6F7F8; border: 1px solid #000; border-radius: 5px; display: inline;'>&#128275; read</span> permissions in parent room. ### Postcondition: Download URL is generated and returned. ### Further Information: The token is necessary to access `downloads` resources.   ZIP download is only available for files and folders.,w,low,ii plain create of download token,buildset-2026-09-18
b1256,dracoon,POST,/v4/system/config/storage/s3,createS3Config,Create S3 storage configuration,<h3 style='padding: 5px; background-color: #F6F7F8; border: 1px solid #AAA; border-radius: 5px; display: table-cell;'>&#128640; Since v4.3.0</h3> ### Description:   Create new S3 configuration. ### Precondition: Right <span style='padding: 3px; background-color: #F6F7F8; border: 1px solid #000; border-radius: 5px; display: inline;'>&#128275; change global config</span> and role <span style='padding: 3px; background-color: #F6F7F8; border: 1px solid #000; border-radius: 5px; display: inline;'>&#1,w,high,ii plain create s3 config,buildset-2026-09-18
b1257,dracoon,PUT,/v4/nodes/files,updateFiles,Updates a list of  file’s metadata,<h3 style='padding: 5px; background-color: #F6F7F8; border: 1px solid #AAA; border-radius: 5px; display: table-cell;'>&#128640; Since v4.25.0</h3> ### Description:   Updates a list of file’s metadata. ### Precondition: User has <span style='padding: 3px; background-color: #F6F7F8; border: 1px solid #000; border-radius: 5px; display: inline;'>&#128275; change</span> permissions in parent room. ### Postcondition: File's metadata is changed. ### Further Information: Maximum number of files is 200,w,high,put default update metadata,buildset-2026-09-18
b1258,dracoon,DELETE,/v4/nodes/rooms/{room_id}/groups,revokeRoomGroups,Revoke granted group(s) from room,### Description:   Revoke granted groups from room. ### Precondition: User needs to be a <span style='padding: 3px; background-color: #F6F7F8; border: 1px solid #000; border-radius: 5px; display: inline;'>&#128100; Room Administrator</span>. ### Postcondition: Group's permissions are revoked. ### Further Information: Batch function.,x,high,DELETE method wins revokes groups,buildset-2026-09-18
b1259,dracoon,PUT,/v4/user/profileAttributes,updateProfileAttributes,Add or edit user profile attributes,"<h3 style='padding: 5px; background-color: #F6F7F8; border: 1px solid #AAA; border-radius: 5px; display: table-cell;'>&#128640; Since v4.7.0</h3> ### Description:   Add or edit custom user profile attributes. <br/><br/><span style=""font-weight: bold; color: red;""> &#128679; **Warning: Please note that the response with HTTP status code 200 (OK) is deprecated and will be replaced with HTTP status code 204 (No content)!**</span><br/> ### Precondition: None. ### Postcondition: Custom user profile a",w,high,w edits attributes settable back,buildset-2026-09-18
b1260,dracoon,POST,/v4/user/account/keypair,setUserKeyPair,Set user's key pair,### Description:   Set the user key pair. ### Precondition: Authenticated user. ### Postcondition: Key pair is set. ### Further Information: Overwriting an existing key pair is **NOT** possible.   Please delete the existing key pair first.   The private key is password-based encrypted with `AES256` / `PBKDF2`.,w,low,ii plain create key pair first set,buildset-2026-09-18
b1261,dracoon,DELETE,/v4/system/config/auth/radius,removeRadiusConfig,Remove RADIUS configuration,### Description:   Delete existing RADIUS configuration. ### Precondition: Right <span style='padding: 3px; background-color: #F6F7F8; border: 1px solid #000; border-radius: 5px; display: inline;'>&#128275; change global config</span> and role <span style='padding: 3px; background-color: #F6F7F8; border: 1px solid #000; border-radius: 5px; display: inline;'>&#128100; Config Manager</span> of the Provider Customer required. ### Postcondition: RADIUS configuration is deleted. ### Further Informati,x,high,a deletes RADIUS config no restore,buildset-2026-09-18
b1262,dracoon,POST,/v4/auth/recover_username,recoverUserName,Recover username,"<h3 style='padding: 5px; background-color: #F6F7F8; border: 1px solid #AAA; border-radius: 5px; display: table-cell;'>&#128640; Since v4.13.0</h3> ### Description:   Request an email with the user names of all accounts connected to the email. ### Precondition: Valid email address. ### Postcondition: An email is sent to the provided address, with a list of account user names connected to it. ### Further Information: None.",x,high,c sends email to user,buildset-2026-09-18
b1263,dracoon,PUT,/v4/nodes/rooms/{room_id}/encrypt,encryptRoom,Encrypt room,### Description:   Activates the client-side encryption for a room. ### Precondition: User needs to be a <span style='padding: 3px; background-color: #F6F7F8; border: 1px solid #000; border-radius: 5px; display: inline;'>&#128100; Room Administrator</span>. ### Postcondition: Encryption of room is activated. ### Further Information: Only empty rooms at the top level may be encrypted.   This endpoint may also be used to disable encryption of an empty room.,w,high,toggle encrypt has named opposite disable,buildset-2026-09-18
b1264,dracoon,POST,/v4/public/shares/uploads/{access_key},createShareUploadChannel,Create new file upload channel,"### Description:   Create a new upload channel. ### Precondition: None. ### Postcondition: Upload channel is created and corresponding upload URL, token & upload ID are returned. ### Further Information: Use `uploadUrl` the upload `token` is deprecated.   Please provide the size of the intended upload so that the quota can be checked in advanced and no data is transferred unnecessarily. ### Node naming convention: * Node (room, folder, file) names are limited to **150** characters. * Illegal nam",w,high,ii plain create upload channel,buildset-2026-09-18
b1265,dracoon,PUT,/v4/nodes/rooms/{room_id}/config,configureRoom,Configure room,### Description: Configure a room. ### Precondition: User needs to be a <span style='padding: 3px; background-color: #F6F7F8; border: 1px solid #000; border-radius: 5px; display: inline;'>&#128100; Room Administrator</span>. ### Postcondition: Room's configuration is changed. ### Further Information: Provided (or default) classification is taken from room when file gets uploaded without any classification.   To set `adminIds` or `adminGroupIds` the `inheritPermissions` value has to be `false`. O,w,high,put default w configures room,buildset-2026-09-18
b1266,dracoon,PUT,/v4/shares/uploads,updateUploadShares,Update List of Upload Shares,<h3 style='padding: 5px; background-color: #F6F7F8; border: 1px solid #AAA; border-radius: 5px; display: table-cell;'>&#128640; Since v4.25.0</h3> ### Description: Update a list of existing Upload Shares (aka File Request). ### Precondition: User has <span style='padding: 3px; background-color: #F6F7F8; border: 1px solid #000; border-radius: 5px; display: inline;'>&#128275; manage upload share</span> permissions on target container. ### Postcondition: Upload Shares successfully updated. ### Furt,w,high,PUT default w,buildset-2026-09-18
b1267,dracoon,PUT,/v4/users/{user_id}/userAttributes,updateUserAttributes,Add or edit custom user attributes,"### Description:   Add or edit custom user attributes. <br/><br/><span style=""font-weight: bold; color: red;""> &#128679; **Warning: Please note that the response with HTTP status code 200 (OK) is deprecated and will be replaced with HTTP status code 204 (No content)!**</span><br/> ### Precondition: Right <span style='padding: 3px; background-color: #F6F7F8; border: 1px solid #000; border-radius: 5px; display: inline;'>&#128275; change users</span> required. ### Postcondition: Custom user attribu",w,high,iii edits existing attributes,buildset-2026-09-18
b1268,dracoon,DELETE,/v4/nodes/{node_id}/deleted_nodes,emptyDeletedNodes,Empty recycle bin,### Description:   Empty a recycle bin. ### Precondition: User has <span style='padding: 3px; background-color: #F6F7F8; border: 1px solid #000; border-radius: 5px; display: inline;'>&#128275; delete recycle bin</span> permissions in parent room. ### Postcondition: All files in the recycle bin are permanently removed. ### Further Information: Actually removes the previously deleted files from the system.   **This action is irreversible.**,x,high,a empties recycle bin irreversible,buildset-2026-09-18
b1269,dracoon,PUT,/v4/user/notifications/config/{id},updateNotificationConfig,Update notification configuration,<h3 style='padding: 5px; background-color: #F6F7F8; border: 1px solid #AAA; border-radius: 5px; display: table-cell;'>&#128640; Since v4.20.0</h3> ### Description:   Update notification configuration for current user.  ### Precondition: Authenticated user. ### Postcondition: Notification configuration is updated. ### Further Information: Leave `channelIds` empty to disable notifications.,w,high,w updates notif config settable back,buildset-2026-09-18
b1270,dracoon,POST,/v4/user/account/mfa/totp,confirmTotpSetup,Confirm second factor TOTP setup with a generated OTP,<h3 style='padding: 5px; background-color: #F6F7F8; border: 1px solid #AAA; border-radius: 5px; display: table-cell;'>&#128640; Since v4.37.0</h3> ### Description: Confirm second factor TOTP setup with a generated OTP. ### Precondition: Authenticated user   ### Postcondition: Second factor TOTP is enabled. ### Further Information: None.,w,high,toggle enable mfa has disable,buildset-2026-09-18
b1271,dracoon,POST,/v4/nodes/rooms/{room_id}/s3_tags,setRoomS3Tags,Set S3 tags for a room,<h3 style='padding: 5px; background-color: #F6F7F8; border: 1px solid #AAA; border-radius: 5px; display: table-cell;'>&#128640; Since v4.9.0</h3> ### Description:   Set S3 tags to a room. ### Precondition: User needs to be a <span style='padding: 3px; background-color: #F6F7F8; border: 1px solid #000; border-radius: 5px; display: inline;'>&#128100; Room Administrator</span>. ### Postcondition: Provided S3 tags are assigned to a room. ### Further Information: Every request overrides current S3 ta,w,high,iii sets tags settable back,buildset-2026-09-18
b1272,dracoon,DELETE,/v4/nodes/deleted_nodes,removeDeletedNodes,Remove nodes from recycle bin,### Description: Permanently remove a list of nodes from the recycle bin. ### Precondition: User has <span style='padding: 3px; background-color: #F6F7F8; border: 1px solid #000; border-radius: 5px; display: inline;'>&#128275; delete recycle bin</span> permissions in parent room. ### Postcondition: All provided nodes are removed. ### Further Information: The removal of deleted nodes from the recycle bin is irreversible.,x,high,a permanently removes irreversible,buildset-2026-09-18
b1273,dracoon,PUT,/v4/user/account/customer,enableCustomerEncryption,Activate client-side encryption for customer,<h3 style='padding: 5px; background-color: #F6F7F8; border: 1px solid #AAA; border-radius: 5px; display: table-cell;'>&#128679; Deprecated since v4.24.0</h3> ### Use `POST /settings/keypair` API ### Description:   Activate client-side encryption for according customer. ### Precondition: Right <span style='padding: 3px; background-color: #F6F7F8; border: 1px solid #000; border-radius: 5px; display: inline;'>&#128275; change config</span> required. ### Postcondition: Client-side encryption is enab,w,high,toggle activate has deactivate,buildset-2026-09-18
b1274,dracoon,PUT,/v4/nodes/rooms/{room_id}/groups,updateRoomGroups,Add or change room granted group(s),"### Description: All existing group permissions will be overwritten. ### Precondition: User needs to be a <span style='padding: 3px; background-color: #F6F7F8; border: 1px solid #000; border-radius: 5px; display: inline;'>&#128100; Room Administrator</span>. To add new members, the user needs the right <span style='padding: 3px; background-color: #F6F7F8; border: 1px solid #000; border-radius: 5px; display: inline;'>&#128275; non-members add</span>, which is included in any role. ### Postconditi",w,high,w overwrites group permissions settable back,buildset-2026-09-18
b1275,dracoon,POST,/v4/shares/downloads,createDownloadShare,Create new Download Share,### Description: Create a new Download Share. ### Precondition: User with <span style='padding: 3px; background-color: #F6F7F8; border: 1px solid #000; border-radius: 5px; display: inline;'>&#128275; manage download share</span> permissions on target node. ### Postcondition: Download Share is created. ### Further Information: If the target node is a room: subordinary rooms are excluded from a Download Share. * `name` is limited to **150** characters. * `notes` are limited to **255** characters. ,w,high,ii plain create download share,buildset-2026-09-18
b1276,dracoon,PUT,/v4/shares/uploads/{share_id},updateUploadShare,Update Upload Share,<h3 style='padding: 5px; background-color: #F6F7F8; border: 1px solid #AAA; border-radius: 5px; display: table-cell;'>&#128640; Since v4.11.0</h3> ### Description: Update existing Upload Share (aka File Request). ### Precondition: User has <span style='padding: 3px; background-color: #F6F7F8; border: 1px solid #000; border-radius: 5px; display: inline;'>&#128275; manage upload share</span> permissions on target container. ### Postcondition: Upload Share successfully updated. ### Further Informat,w,high,put default update share,buildset-2026-09-18
b1277,dracoon,DELETE,/v4/provisioning/customers/{customer_id}/customerAttributes/{key},removeCustomerAttribute,Remove customer attribute,<h3 style='padding: 5px; background-color: #F6F7F8; border: 1px solid #AAA; border-radius: 5px; display: table-cell;'>&#128640; Since v4.4.0</h3> ### Description: Delete a custom customer attribute. ### Precondition: Right <span style='padding: 3px; background-color: #F6F7F8; border: 1px solid #000; border-radius: 5px; display: inline;'>&#128275; change global config</span> required. ### Postcondition: Custom customer attribute gets deleted. ### Further Information: * Allowed characters for keys,x,high,DELETE method wins no restore,buildset-2026-09-18
b1278,dracoon,PUT,/v4/system/config/settings/auth,updateAuthConfig,Update authentication settings,<h3 style='padding: 5px; background-color: #F6F7F8; border: 1px solid #AAA; border-radius: 5px; display: table-cell;'>&#128640; Since v4.6.0</h3> ### Description:   DRACOON authentication configuration entry point.   Change configurable authentication settings. ### Precondition: Right <span style='padding: 3px; background-color: #F6F7F8; border: 1px solid #000; border-radius: 5px; display: inline;'>&#128275; change global config</span> and role <span style='padding: 3px; background-color: #F6F7F,w,high,PUT default edit settings,buildset-2026-09-18
b1279,dracoon,POST,/v4/groups,createGroup,Create new user group,"### Description: Create a new user group. ### Precondition: Right <span style='padding: 3px; background-color: #F6F7F8; border: 1px solid #000; border-radius: 5px; display: inline;'>&#128275; change groups</span> required. ### Postcondition:  A new user group is created. ### Further Information: * If a group should **NOT** expire, leave `expireAt` empty. * Group names are limited to **150** characters * Forbidden characters in group name: [`<`, `>`]",w,high,ii plain create group,buildset-2026-09-18
b1280,dracoon,PUT,/v4/users/{user_id},updateUser,Update user's metadata,"### Description:   Update user's metadata. ### Precondition: Right <span style='padding: 3px; background-color: #F6F7F8; border: 1px solid #000; border-radius: 5px; display: inline;'>&#128275; change users</span> required. ### Postcondition: User's metadata is updated. ### Further Information: * If a user should **NOT** expire, leave `expireAt` empty. * All input fields are limited to **150** characters * **All** characters are allowed. ### Authentication Method Options: <details style=""padding:",w,high,PUT default w,buildset-2026-09-18
b1281,dracoon,DELETE,/v4/user/account/keypair,removeUserKeyPair,Remove user's key pair,"### Description:   Delete user key pair. ### Precondition: Authenticated user. ### Postcondition: Key pair is deleted. ### Further Information: If parameter `version` is not set and two key versions exist, this API deletes version A.       If two keys with the same version are set, this API deletes the older one. This will also remove all file keys that were encrypted with the user public key. If the user had exclusive access to some files, those are removed as well since decrypting them became ",x,high,b removes key pair unrecoverable,buildset-2026-09-18
b1282,dracoon,POST,/v4/nodes/{node_id}/move_to,moveNodes,Move node(s),"### Description:   Moves nodes (folder, file) to another parent. ### Precondition: Authenticated user with <span style='padding: 3px; background-color: #F6F7F8; border: 1px solid #000; border-radius: 5px; display: inline;'>&#128275; read</span> and <span style='padding: 3px; background-color: #F6F7F8; border: 1px solid #000; border-radius: 5px; display: inline;'>&#128275; delete</span> permissions in the source parent and <span style='padding: 3px; background-color: #F6F7F8; border: 1px solid #0",w,high,iii moves node edit-like,buildset-2026-09-18
b1283,dracoon,DELETE,/v4/shares/uploads/{share_id},removeUploadShare,Remove Upload Share,### Description: Delete an Upload Share (aka File Request). ### Precondition: User has <span style='padding: 3px; background-color: #F6F7F8; border: 1px solid #000; border-radius: 5px; display: inline;'>&#128275; manage upload share</span> permissions on target container. ### Postcondition: Upload Share is deleted. ### Further Information: Only the Upload Share is removed; already uploaded files and the target container persist.,x,high,a deletes share no restore,buildset-2026-09-18
b1284,dracoon,PUT,/v4/nodes/comments/{comment_id},updateNodeComment,Edit node comment,<h3 style='padding: 5px; background-color: #F6F7F8; border: 1px solid #AAA; border-radius: 5px; display: table-cell;'>&#128640; Since v4.10.0</h3> ### Description: Edit the text of an existing comment for a specific node. ### Precondition: User has <span style='padding: 3px; background-color: #F6F7F8; border: 1px solid #000; border-radius: 5px; display: inline;'>&#128275; read</span> permissions on the node and is the creator of the comment. ### Postcondition: Comments text gets changed. ### Fur,w,high,w edits comment text settable back,buildset-2026-09-18
b1285,dracoon,DELETE,/v4/shares/downloads/{share_id},removeDownloadShare,Remove Download Share,### Description: Delete a Download Share. ### Precondition: User with <span style='padding: 3px; background-color: #F6F7F8; border: 1px solid #000; border-radius: 5px; display: inline;'>&#128275; manage download share</span> permissions on target node. ### Postcondition: Download Share is deleted. ### Further Information: Only the Download Share is removed; the referenced file or container persists.,x,high,a deletes share no restore named,buildset-2026-09-18
b1286,dracoon,POST,/v4/settings/keypair,setSystemRescueKeyPair,Activate client-side encryption for customer,<h3 style='padding: 5px; background-color: #F6F7F8; border: 1px solid #AAA; border-radius: 5px; display: table-cell;'>&#128640; Since v4.24.0</h3> ### Description:   Set the system rescue key pair and activate client-side encryption for according customer. ### Precondition: * Right <span style='padding: 3px; background-color: #F6F7F8; border: 1px solid #000; border-radius: 5px; display: inline;'>&#128275; change config</span> * Existence of own key pair ### Postcondition: System rescue key pair ,w,low,w sets rescue keypair config,buildset-2026-09-18
b1287,dracoon,PUT,/v4/public/shares/uploads/{access_key}/{upload_id}/s3,completeS3FileUploadViaShare,Complete S3 file upload,"<h3 style='padding: 5px; background-color: #F6F7F8; border: 1px solid #AAA; border-radius: 5px; display: table-cell;'>&#128640; Since v4.15.0</h3> ### Description: Finishes a S3 file upload and closes the corresponding upload channel. ### Precondition: Valid upload ID.   Only returns users that owns one of the following permissions: <span style='padding: 3px; background-color: #F6F7F8; border: 1px solid #000; border-radius: 5px; display: inline;'>&#128275; manage</span>, <span style='padding: 3p",w,high,iii finalizes upload existing session,buildset-2026-09-18
b1288,dracoon,POST,/v4/nodes/{node_id}/comments,createNodeComment,Create node comment,<h3 style='padding: 5px; background-color: #F6F7F8; border: 1px solid #AAA; border-radius: 5px; display: table-cell;'>&#128640; Since v4.10.0</h3> ### Description: Create a comment for a specific node. ### Precondition: User has <span style='padding: 3px; background-color: #F6F7F8; border: 1px solid #000; border-radius: 5px; display: inline;'>&#128275; read</span> permissions on the node. ### Postcondition: Comment is created. ### Further Information: Maximum allowed text length: **65535** chara,w,high,ii plain create of comment,buildset-2026-09-18
b1289,dracoon,POST,/v4/user/account/keypairs,createAndPreserveUserKeyPair,Create key pair and preserve copy of old private key,"<h3 style='padding: 5px; background-color: #F6F7F8; border: 1px solid #AAA; border-radius: 5px; display: table-cell;'>&#128640; Since v4.24.0</h3> ### Description:   Create user key pair and preserve copy of old private key. ### Precondition: Authenticated user. ### Postcondition: Key pair is created.   Copy of old private key is preserved. ### Further Information: You can submit your old private key, encrypted with your current password.   This allows migrating file keys encrypted with your old",x,low,b creates new keypair rotates credential,buildset-2026-09-18
b1290,dracoon,POST,/v4/nodes/zip/download,downloadZipArchive,Download files / folders as ZIP archive,### Description:   Download multiple files in a ZIP archive. ### Precondition: User has <span style='padding: 3px; background-color: #F6F7F8; border: 1px solid #000; border-radius: 5px; display: inline;'>&#128275; read</span> permissions in auth parent room. ### Postcondition: Stream is returned. ### Further Information: None.,r,high,read-only download stream,buildset-2026-09-18
b1291,dracoon,PUT,/v4/auth/reset_password/{token},resetPassword,Reset password,"### Description:   Resets user's password. ### Precondition: User received a password reset token. ### Postcondition: User's password is reset to the provided password. ### Further Information: Forbidden characters in passwords: [`&`, `'`, `<`, `>`]",x,high,b resets password credential,buildset-2026-09-18
b1292,dracoon,DELETE,/v4/shares/downloads,deleteDownloadShares,Remove Download Shares,"<h3 style='padding: 5px; background-color: #F6F7F8; border: 1px solid #AAA; border-radius: 5px; display: table-cell;'>&#128640; Since v4.21.0</h3> ### Functional Description: Delete multiple Download Shares. ### Precondition: User with _""manage download share""_ permissions on target nodes. ### Postcondition: Download Shares are deleted. ### Further Information: Only the Download Shares are removed; the referenced files or containers persists.",x,high,a deletes download shares no restore,buildset-2026-09-18
b1293,dracoon,POST,/v4/settings/webhooks/{webhook_id}/reset_lifetime,resetWebhookLifetime,Reset webhook lifetime,<h3 style='padding: 5px; background-color: #F6F7F8; border: 1px solid #AAA; border-radius: 5px; display: table-cell;'>&#128640; Since v4.19.0</h3> ### Description:   Reset the lifetime of a webhook for the customer scope. ### Precondition: Right <span style='padding: 3px; background-color: #F6F7F8; border: 1px solid #000; border-radius: 5px; display: inline;'>&#128275; change config</span> required. ### Postcondition: Lifetime of the webhook is reset. ### Further Information: None.,w,low,w resets webhook lifetime setting,buildset-2026-09-18
b1294,dracoon,POST,/v4/auth/reset_password,requestPasswordReset,Request password reset,### Description:   Request an email with a password reset token for a certain user to reset password. ### Precondition: Registered user account. ### Postcondition: Provided user receives email with password reset token. ### Further Information: None.,x,high,c sends password reset email,buildset-2026-09-18
b1295,dracoon,POST,/v4/shares/uploads,createUploadShare,Create new Upload Share,### Description: Create a new Upload Share (aka File Request). ### Precondition: User has <span style='padding: 3px; background-color: #F6F7F8; border: 1px solid #000; border-radius: 5px; display: inline;'>&#128275; manage upload share</span> permissions on target container. ### Postcondition: Upload Share is created. ### Further Information: * `name` is limited to **150** characters. * `notes` are limited to **255** characters. * `password` is limited to **1024** characters. Forbidden character,w,high,ii plain create upload share,buildset-2026-09-18
b1296,dracoon,DELETE,/v4/groups/{group_id}/users,removeGroupMembers,Remove group members,### Description:   Remove group members. ### Precondition: Right <span style='padding: 3px; background-color: #F6F7F8; border: 1px solid #000; border-radius: 5px; display: inline;'>&#128275; change groups</span> required. ### Postcondition:  Provided users are removed from the user group. ### Further Information: Batch function.   The provided users are removed from the user group. Maximum number of users to remove in one request is 200.,x,high,DELETE method wins removes membership,buildset-2026-09-18
b1297,dracoon,DELETE,/v4/system/config/oauth/clients/{client_id},removeOAuthClient,Remove OAuth client,### Description: Delete an existing OAuth client. ### Precondition: Right <span style='padding: 3px; background-color: #F6F7F8; border: 1px solid #000; border-radius: 5px; display: inline;'>&#128275; change global config</span> and role <span style='padding: 3px; background-color: #F6F7F8; border: 1px solid #000; border-radius: 5px; display: inline;'>&#128100; Config Manager</span> of the Provider Customer required. ### Postcondition: OAuth client is removed. ### Further Information: None.,x,high,a deletes oauth client no restore,buildset-2026-09-18
b1298,dracoon,POST,/v4/uploads/{token},uploadFileByTokenAsMultipart_1,Upload file,### Description:   Upload a (chunk of a) file. ### Precondition: Valid upload token. ### Postcondition: Chunk uploaded. ### Further Information: Range requests are supported.   Following `Content-Types` are supported by this API: * `multipart/form-data` * provided `Content-Type` For both file upload types set the correct `Content-Type` header and body.   ### Examples:   * `multipart/form-data` ``` POST /api/v4/uploads/{token} HTTP/1.1 Header: ... Content-Type: multipart/form-data; boundary=----W,w,high,ii plain create upload chunk,buildset-2026-09-18
b1299,dracoon,POST,/v4/nodes/folders,createFolder,Create new folder,"### Description: Create a new folder. ### Precondition: User has <span style='padding: 3px; background-color: #F6F7F8; border: 1px solid #000; border-radius: 5px; display: inline;'>&#128275; create</span> permissions in current room. ### Postcondition: New folder is created. ### Further Information: Folders **CANNOT** be created on top level (without parent element).   Notes are limited to **255** characters. ### Node naming convention: * Node (room, folder, file) names are limited to **150** ch",w,high,ii plain create folder,buildset-2026-09-18
b1300,dracoon,PUT,/v4/shares/downloads,updateDownloadShares,Update a list of Download Shares,<h3 style='padding: 5px; background-color: #F6F7F8; border: 1px solid #AAA; border-radius: 5px; display: table-cell;'>&#128640; Since v4.25.0</h3> ### Description: Update a list of existing Download Shares. ### Precondition: User with <span style='padding: 3px; background-color: #F6F7F8; border: 1px solid #000; border-radius: 5px; display: inline;'>&#128275; manage download share</span> permissions on target node. ### Postcondition: Download Shares are successfully updated. ### Further Informati,w,high,w edits download shares,buildset-2026-09-18
b1301,dracoon,DELETE,/v4/user/account/mfa/totp/{id},deleteMfaTotpSetup,Disable a MFA TOTP setup with generated OTP,<h3 style='padding: 5px; background-color: #F6F7F8; border: 1px solid #AAA; border-radius: 5px; display: table-cell;'>&#128640; Since v4.37.0</h3> ### Description:   Delete multi-factor authentication TOTP setup with a valid OTP code. ### Precondition: Authenticated user   Multi-factor authentication is **NOT** enforced ### Postcondition: Second factor TOTP is disabled. ### Further Information: None.,x,low,DELETE method wins tension w mfa,buildset-2026-09-18
b1302,dracoon,POST,/v4/nodes/files/keys,setUserFileKeys,Set file keys for a list of users and files,"### Description:   Sets symmetric file keys for several users and files. ### Precondition: User has file keys for the files.   Only settable by users that own one of the following permissions: <span style='padding: 3px; background-color: #F6F7F8; border: 1px solid #000; border-radius: 5px; display: inline;'>&#128275; manage</span>, <span style='padding: 3px; background-color: #F6F7F8; border: 1px solid #000; border-radius: 5px; display: inline;'>&#128275; read</span>, <span style='padding: 3px; ",w,high,iii sets existing file keys,buildset-2026-09-18
b1303,dracoon,DELETE,/v4/user/subscriptions/nodes/{node_id},unsubscribeNode,Unsubscribe node from notifications,"<h3 style='padding: 5px; background-color: #F6F7F8; border: 1px solid #AAA; border-radius: 5px; display: table-cell;'>&#128640; Since v4.20.0</h3> ### Description:   Unsubscribe node from notifications. ### Precondition: User has _""read""_ permissions in auth parent room. ### Postcondition: Node is unsubscribed.   Notifications for this node are disabled. ### Further Information: None.",x,high,DELETE method wins unsubscribes,buildset-2026-09-18
b1304,dracoon,POST,/v4/system/config/storage/s3/tags,createS3Tag,Create S3 tag,<h3 style='padding: 5px; background-color: #F6F7F8; border: 1px solid #AAA; border-radius: 5px; display: table-cell;'>&#128640; Since v4.9.0</h3> ### Description:   Create new S3 tag. ### Precondition: Right <span style='padding: 3px; background-color: #F6F7F8; border: 1px solid #000; border-radius: 5px; display: inline;'>&#128275; change global config</span> and role <span style='padding: 3px; background-color: #F6F7F8; border: 1px solid #000; border-radius: 5px; display: inline;'>&#128100; Con,w,high,ii plain create tag,buildset-2026-09-18
b1305,dracoon,PUT,/v4/system/config/auth/openid/idps/{idp_id},updateOpenIdIdpConfig,Update OpenID Connect IDP configuration,### Description:   Update an existing OpenID Connect IDP configuration. ### Precondition: Right <span style='padding: 3px; background-color: #F6F7F8; border: 1px solid #000; border-radius: 5px; display: inline;'>&#128275; change global config</span> and role <span style='padding: 3px; background-color: #F6F7F8; border: 1px solid #000; border-radius: 5px; display: inline;'>&#128100; Config Manager</span> of the Provider Customer required. ### Postcondition: OpenID Connect IDP configuration is upd,w,high,w edits idp config,buildset-2026-09-18
b1306,dracoon,PUT,/v4/shares/downloads/{share_id},updateDownloadShare,Update Download Share,<h3 style='padding: 5px; background-color: #F6F7F8; border: 1px solid #AAA; border-radius: 5px; display: table-cell;'>&#128640; Since v4.11.0</h3> ### Description: Update an existing Download Share. ### Precondition: User with <span style='padding: 3px; background-color: #F6F7F8; border: 1px solid #000; border-radius: 5px; display: inline;'>&#128275; manage download share</span> permissions on target node. ### Postcondition: Download Share is successfully updated. ### Further Information: * `nam,w,high,PUT default w,buildset-2026-09-18
b1307,dracoon,POST,/v4/provisioning/customers/{customer_id}/customerAttributes,setCustomerAttributes,Set customer attributes,<h3 style='padding: 5px; background-color: #F6F7F8; border: 1px solid #AAA; border-radius: 5px; display: table-cell;'>&#128679; Deprecated since v4.28.0</h3> ### Description:   Set custom customer attributes. ### Precondition: Right <span style='padding: 3px; background-color: #F6F7F8; border: 1px solid #000; border-radius: 5px; display: inline;'>&#128275; change global config</span> required. ### Postcondition: Custom customer attributes gets set. ### Further Information: Batch function.   All ,w,high,iii edits existing item,buildset-2026-09-18
b1308,dracoon,DELETE,/v4/user/oauth/authorizations/{client_id},removeOAuthAuthorizations,Remove all OAuth authorizations of a client,### Description: Delete all authorizations of a client. ### Precondition: Authenticated user and valid client ID ### Postcondition: All authorizations for the client are revoked. ### Further Information: None.,x,high,b revokes oauth authorizations,buildset-2026-09-18
b1309,dracoon,PUT,/v4/nodes/rooms/{room_id}/webhooks,handleRoomWebhookAssignments,Assign or unassign webhooks to room,<h3 style='padding: 5px; background-color: #F6F7F8; border: 1px solid #AAA; border-radius: 5px; display: table-cell;'>&#128640; Since v4.19.0</h3> ### Description:   Handle room webhook assignments. ### Precondition: User needs to be a <span style='padding: 3px; background-color: #F6F7F8; border: 1px solid #000; border-radius: 5px; display: inline;'>&#128100; Room Administrator</span>. ### Postcondition: List of webhooks is returned. ### Further Information: None. ### Available event types: <det,w,high,toggle assign unassign webhook,buildset-2026-09-18
b1310,dracoon,DELETE,/v4/uploads/{token},cancelFileUploadByToken,Cancel file upload,"### Description: Cancel file upload. ### Precondition: Valid upload token. ### Postcondition: Upload canceled, token invalidated and all already transfered chunks removed. ### Further Information: It is recommended to notify the API about cancelled uploads if possible.",x,high,f cancels upload progress lost,buildset-2026-09-18
b1311,dracoon,PUT,/v4/system/config/oauth/clients/{client_id},updateOAuthClient,Update OAuth client,### Description:   Update an existing OAuth client. ### Precondition: Right <span style='padding: 3px; background-color: #F6F7F8; border: 1px solid #000; border-radius: 5px; display: inline;'>&#128275; change global config</span> and role <span style='padding: 3px; background-color: #F6F7F8; border: 1px solid #000; border-radius: 5px; display: inline;'>&#128100; Config Manager</span> of the Provider Customer required. ### Postcondition: OAuth client updated. ### Further Information:   Client sec,w,high,w edits oauth client,buildset-2026-09-18
b1312,dracoon,POST,/v4/shares/downloads/{share_id}/email,sendDownloadShareLinkViaEmail,Send an existing Download Share link via email,<h3 style='padding: 5px; background-color: #F6F7F8; border: 1px solid #AAA; border-radius: 5px; display: table-cell;'>&#128640; Since v4.11.0</h3> ### Description: Send an email to specific recipients for existing Download Share. ### Precondition: User with <span style='padding: 3px; background-color: #F6F7F8; border: 1px solid #000; border-radius: 5px; display: inline;'>&#128275; manage download share</span> permissions on target node. ### Postcondition: Download Share link successfully sent. #,x,high,c sends email link,buildset-2026-09-18
b1313,dracoon,PUT,/v4/system/config/auth/ads/{ad_id},updateAdConfig,Update Active Directory configuration,### Description:   Update an existing Active Directory configuration. ### Precondition: Right <span style='padding: 3px; background-color: #F6F7F8; border: 1px solid #000; border-radius: 5px; display: inline;'>&#128275; change global config</span> of the Provider Customer required. ### Postcondition: Active Directory configuration updated. ### Further Information: None.,w,high,put default update config,buildset-2026-09-18
b1314,dracoon,DELETE,/v4/groups/{group_id},removeGroup,Remove user group,### Description: Delete a user group. ### Precondition: Right <span style='padding: 3px; background-color: #F6F7F8; border: 1px solid #000; border-radius: 5px; display: inline;'>&#128275; delete groups</span> required. ### Postcondition:  User group is deleted. ### Further Information: None.,x,high,a deletes group no restore,buildset-2026-09-18
b1315,dracoon,POST,/v4/nodes/files/uploads/{upload_id}/s3_urls,generatePresignedUrlsFiles,Generate presigned URLs for S3 file upload,"<h3 style='padding: 5px; background-color: #F6F7F8; border: 1px solid #AAA; border-radius: 5px; display: table-cell;'>&#128640; Since v4.15.0</h3> ### Description: Generate presigned URLs for S3 file upload. ### Precondition: An upload channel has been created and user has to be the creator of the upload channel. ### Postcondition: List of presigned URLs is returned. ### Further Information: The size for each part must be >= 5 MB, except for the last part.   The part number of the first part in ",r,low,i generates urls not stored,buildset-2026-09-18
b1316,dracoon,PUT,/v4/user/account,updateUserAccount,Update user account,### Description:   Update current user's account. ### Precondition: Authenticated user. ### Postcondition: User's account is updated. ### Further Information: * All input fields are limited to **150** characters.   * **All** characters are allowed.   `customer` (`CustomerData`) attribute in `UserAccount` response model is deprecated. Please use response from `GET /user/account/customer` instead.,w,high,w edits user account,buildset-2026-09-18
b1317,dracoon,POST,/v4/groups/{group_id}/users,addGroupMembers,Add group members,### Description: Add members to a group. ### Precondition: Right <span style='padding: 3px; background-color: #F6F7F8; border: 1px solid #000; border-radius: 5px; display: inline;'>&#128275; change groups</span> required. ### Postcondition:  New members are added to the group. ### Further Information: Batch function.   The newly provided members will be added to the existing ones.,w,high,ii adds members removable,buildset-2026-09-18
b1318,dracoon,PUT,/v4/nodes/rooms/{room_id}/users,updateRoomUsers,Add or change room granted user(s),"### Description: All existing user permissions will be overwritten. ### Precondition: User needs to be a <span style='padding: 3px; background-color: #F6F7F8; border: 1px solid #000; border-radius: 5px; display: inline;'>&#128100; Room Administrator</span>. To add new members, the user needs the right <span style='padding: 3px; background-color: #F6F7F8; border: 1px solid #000; border-radius: 5px; display: inline;'>&#128275; non-members add</span>, which is included in any role. ### Postconditio",w,high,w overwrites permissions settable back,buildset-2026-09-18
b1319,dracoon,POST,/v4/nodes/files/uploads/{upload_id},uploadFileAsMultipart,Upload file,<h3 style='padding: 5px; background-color: #F6F7F8; border: 1px solid #AAA; border-radius: 5px; display: table-cell;'>&#128679; Deprecated since v4.9.0</h3> ### Use `uploads` API ### Description:   Uploads a file or parts of it in an active upload channel. ### Precondition: An upload channel has been created. ### Postcondition: A file or parts of it are uploaded to a temporary location. ### Further Information: This endpoints supports chunked upload.   Following `Content-Types` are supported by ,w,high,ii plain create upload,buildset-2026-09-18
b1320,dracoon,POST,/v4/users,createUser,Create new user,"### Description: Create a new user. ### Precondition: Right <span style='padding: 3px; background-color: #F6F7F8; border: 1px solid #000; border-radius: 5px; display: inline;'>&#128275; change users</span> required. ### Postcondition: New user is created. ### Further Information: * If a user should **NOT** expire, leave `expireAt` empty. * All input fields are limited to **150** characters * Forbidden characters in first or last name: [`<`, `>`] * Forbidden characters in passwords: [`&`, `'`, `<",w,high,ii plain create user,buildset-2026-09-18
b1321,dracoon,PUT,/v4/settings/notifications/channels,toggleNotificationChannels,Toggle notification channels,"<h3 style='padding: 5px; background-color: #F6F7F8; border: 1px solid #AAA; border-radius: 5px; display: table-cell;'>&#128640; Since v4.20.0</h3> ### Description:   Toggle configured notification channels. ### Precondition: Right _""change config""_ required. ### Postcondition: Channel status is switched. ### Further Information: None.",w,high,toggle notification channels has opposite,buildset-2026-09-18
b1322,dracoon,PUT,/v4/nodes/favorites,updateFavorites,"Mark or unmark a list of nodes (room, folder or file) as favorite","<h3 style='padding: 5px; background-color: #F6F7F8; border: 1px solid #AAA; border-radius: 5px; display: table-cell;'>&#128640; Since v4.25.0</h3> ### Description:   Marks or unmarks a list of nodes (room, folder or file) as favorite. ### Precondition: Authenticated user is allowed to <span style='padding: 3px; background-color: #F6F7F8; border: 1px solid #000; border-radius: 5px; display: inline;'>&#128065; see</span> the node (i.e. `isBrowsable = true`). ### Postcondition: Nodes gets marked as",w,high,toggle favorite has opposite,buildset-2026-09-18
b1323,dracoon,DELETE,/v4/nodes/rooms/{room_id}/keypair,removeRoomRescueKeyPair,Remove rooms's rescue key pair,"<h3 style='padding: 5px; background-color: #F6F7F8; border: 1px solid #AAA; border-radius: 5px; display: table-cell;'>&#128640; Since v4.24.0</h3> ### Description:   Delete room rescue key pair. ### Precondition: Authenticated user. ### Postcondition: Key pair is removed (cf. further information below). ### Further Information: Please set a new room rescue key pair first and re-encrypt file keys with it.   If no version is set, deleted key pair with lowest preference value.   Although, `version`",x,high,a deletes keypair no restore,buildset-2026-09-18
b1324,trello,POST,/members/{idMember}/customStickers,addMembersCustomStickersByIdMember,addMembersCustomStickersByIdMember(),,w,high,ii plain create sticker,buildset-2026-09-18
b1325,trello,DELETE,/organizations/{idOrg}/prefs/orgInviteRestrict,deleteOrganizationsPrefsOrgInviteRestrictByIdOrg,deleteOrganizationsPrefsOrgInviteRestrictByIdOrg(),,x,high,DELETE method wins no restore named,buildset-2026-09-18
b1326,trello,PUT,/boards/{idBoard}/prefs/comments,updateBoardsPrefsCommentsByIdBoard,updateBoardsPrefsCommentsByIdBoard(),,w,high,w edits pref settable back,buildset-2026-09-18
b1327,trello,PUT,/boards/{idBoard}/labelNames/green,updateBoardsLabelNamesGreenByIdBoard,updateBoardsLabelNamesGreenByIdBoard(),,w,high,PUT default edits label name,buildset-2026-09-18
b1328,trello,DELETE,/cards/{idCard}/idMembers/{idMember},deleteCardsIdMembersByIdCardByIdMember,deleteCardsIdMembersByIdCardByIdMember(),,x,high,DELETE removes member method wins x,buildset-2026-09-18
b1329,trello,POST,/cards/{idCard}/actions/comments,addCardsActionsCommentsByIdCard,addCardsActionsCommentsByIdCard(),,w,high,ii plain create comment,buildset-2026-09-18
b1330,trello,POST,/notifications/all/read,addNotificationsAllRead,addNotificationsAllRead(),,w,low,mark read settable back unsure,buildset-2026-09-18
b1331,trello,POST,/boards,addBoards,addBoards(),,w,high,ii plain create board,buildset-2026-09-18
b1332,trello,POST,/cards/{idCard}/checklists,addCardsChecklistsByIdCard,addCardsChecklistsByIdCard(),,w,high,ii plain create checklist,buildset-2026-09-18
b1333,trello,PUT,/boards/{idBoard}/prefs/selfJoin,updateBoardsPrefsSelfJoinByIdBoard,updateBoardsPrefsSelfJoinByIdBoard(),,w,high,w edits board pref settable back,buildset-2026-09-18
b1334,trello,PUT,/cards/{idCard}/checklist/{idChecklistCurrent}/checkItem/{idCheckItem},updateCardsChecklistCheckItemByIdCardByIdChecklistCurrentByIdCheckItem,updateCardsChecklistCheckItemByIdCardByIdChecklistCurrentByIdCheckItem(),,w,high,PUT default w toggle check item,buildset-2026-09-18
b1335,trello,PUT,/boards/{idBoard}/desc,updateBoardsDescByIdBoard,updateBoardsDescByIdBoard(),,w,high,w edits board description,buildset-2026-09-18
b1336,trello,PUT,/cards/{idCard}/due,updateCardsDueByIdCard,updateCardsDueByIdCard(),,w,high,PUT default w,buildset-2026-09-18
b1337,trello,DELETE,/webhooks/{idWebhook},deleteWebhooksByIdWebhook,deleteWebhooksByIdWebhook(),,x,high,DELETE method wins no restore named,buildset-2026-09-18
b1338,trello,DELETE,/cards/{idCard}/checklist/{idChecklist}/checkItem/{idCheckItem},deleteCardsChecklistCheckItemByIdCardByIdChecklistByIdCheckItem,deleteCardsChecklistCheckItemByIdCardByIdChecklistByIdCheckItem(),,x,high,DELETE removes checkitem method wins,buildset-2026-09-18
b1339,trello,PUT,/cards/{idCard}/pos,updateCardsPosByIdCard,updateCardsPosByIdCard(),,w,high,PUT default edit position,buildset-2026-09-18
b1340,trello,PUT,/lists/{idList}/idBoard,updateListsIdBoardByIdList,updateListsIdBoardByIdList(),,w,high,w edits idBoard field settable back,buildset-2026-09-18
b1341,trello,POST,/webhooks,addWebhooks,addWebhooks(),,w,high,ii plain create of webhook,buildset-2026-09-18
b1342,trello,PUT,/members/{idMember}/boardBackgrounds/{idBoardBackground},updateMembersBoardBackgroundsByIdMemberByIdBoardBackground,updateMembersBoardBackgroundsByIdMemberByIdBoardBackground(),,w,high,put default w edits background,buildset-2026-09-18
b1343,trello,PUT,/organizations/{idOrg}/members/{idMember},updateOrganizationsMembersByIdOrgByIdMember,updateOrganizationsMembersByIdOrgByIdMember(),,w,high,PUT default w,buildset-2026-09-18
b1344,trello,PUT,/members/{idMember}/boardStars/{idBoardStar}/pos,updateMembersBoardStarsPosByIdMemberByIdBoardStar,updateMembersBoardStarsPosByIdMemberByIdBoardStar(),,w,high,PUT default edit position,buildset-2026-09-18
b1345,trello,DELETE,/members/{idMember}/boardStars/{idBoardStar},deleteMembersBoardStarsByIdMemberByIdBoardStar,deleteMembersBoardStarsByIdMemberByIdBoardStar(),,x,high,DELETE method wins no restore named,buildset-2026-09-18
b1346,trello,PUT,/webhooks/{idWebhook},updateWebhooksByIdWebhook,updateWebhooksByIdWebhook(),,w,high,w updates webhook settable back,buildset-2026-09-18
b1347,trello,PUT,/boards/{idBoard}/labelNames/orange,updateBoardsLabelNamesOrangeByIdBoard,updateBoardsLabelNamesOrangeByIdBoard(),,w,high,put default update label name,buildset-2026-09-18
b1348,trello,PUT,/boards/{idBoard}/name,updateBoardsNameByIdBoard,updateBoardsNameByIdBoard(),,w,high,PUT default edit name,buildset-2026-09-18
b1349,trello,PUT,/boards/{idBoard}/myPrefs/showListGuide,updateBoardsMyPrefsShowListGuideByIdBoard,updateBoardsMyPrefsShowListGuideByIdBoard(),,w,high,PUT default edit pref,buildset-2026-09-18
b1350,trello,PUT,/cards/{idCard}/idBoard,updateCardsIdBoardByIdCard,updateCardsIdBoardByIdCard(),,w,high,w moves card to board settable back,buildset-2026-09-18
b1351,trello,PUT,/members/{idMember}/savedSearches/{idSavedSearch}/query,updateMembersSavedSearchesQueryByIdMemberByIdSavedSearch,updateMembersSavedSearchesQueryByIdMemberByIdSavedSearch(),,w,high,PUT default edits saved search query,buildset-2026-09-18
b1352,trello,PUT,/cards/{idCard}/checklist/{idChecklist}/checkItem/{idCheckItem}/state,updateCardsChecklistCheckItemStateByIdCardByIdChecklistByIdCheckItem,updateCardsChecklistCheckItemStateByIdCardByIdChecklistByIdCheckItem(),,w,high,toggle check item state has opposite,buildset-2026-09-18
b1353,trello,PUT,/boards/{idBoard}/closed,updateBoardsClosedByIdBoard,updateBoardsClosedByIdBoard(),,w,high,toggle closed has opposite,buildset-2026-09-18
b1354,trello,PUT,/lists/{idList}/subscribed,updateListsSubscribedByIdList,updateListsSubscribedByIdList(),,w,high,PUT default toggle subscribed,buildset-2026-09-18
b1355,trello,DELETE,/cards/{idCard}/membersVoted/{idMember},deleteCardsMembersVotedByIdCardByIdMember,deleteCardsMembersVotedByIdCardByIdMember(),,x,high,DELETE removes vote method wins x,buildset-2026-09-18
b1356,trello,PUT,/organizations/{idOrg}/memberships/{idMembership},updateOrganizationsMembershipsByIdOrgByIdMembership,updateOrganizationsMembershipsByIdOrgByIdMembership(),,w,high,PUT default w,buildset-2026-09-18
b1357,trello,PUT,/boards/{idBoard}/prefs/voting,updateBoardsPrefsVotingByIdBoard,updateBoardsPrefsVotingByIdBoard(),,w,high,w edits voting pref,buildset-2026-09-18
b1358,trello,PUT,/labels/{idLabel},updateLabelsByIdLabel,updateLabelsByIdLabel(),,w,high,w edits label,buildset-2026-09-18
b1359,trello,PUT,/members/{idMember}/avatarSource,updateMembersAvatarSourceByIdMember,updateMembersAvatarSourceByIdMember(),,w,high,w edits avatar source,buildset-2026-09-18
b1360,trello,PUT,/boards/{idBoard}/myPrefs/showSidebarMembers,updateBoardsMyPrefsShowSidebarMembersByIdBoard,updateBoardsMyPrefsShowSidebarMembersByIdBoard(),,w,high,PUT default w setting,buildset-2026-09-18
b1361,trello,POST,/lists,addLists,addLists(),,w,high,ii plain create list,buildset-2026-09-18
b1362,trello,PUT,/organizations/{idOrg},updateOrganizationsByIdOrg,updateOrganizationsByIdOrg(),,w,high,PUT default edits organization,buildset-2026-09-18
b1363,trello,PUT,/boards/{idBoard}/memberships/{idMembership},updateBoardsMembershipsByIdBoardByIdMembership,updateBoardsMembershipsByIdBoardByIdMembership(),,w,high,w edits membership settable back,buildset-2026-09-18
b1364,trello,PUT,/members/{idMember}/username,updateMembersUsernameByIdMember,updateMembersUsernameByIdMember(),,w,high,w edits username settable back,buildset-2026-09-18
b1365,trello,PUT,/organizations/{idOrg}/prefs/boardVisibilityRestrict/private,updateOrganizationsPrefsBoardVisibilityRestrictPrivateByIdOrg,updateOrganizationsPrefsBoardVisibilityRestrictPrivateByIdOrg(),,w,high,PUT default edits visibility pref,buildset-2026-09-18
b1366,trello,POST,/members/{idMember}/avatar,addMembersAvatarByIdMember,addMembersAvatarByIdMember(),,w,high,ii plain create avatar,buildset-2026-09-18
b1367,trello,PUT,/boards/{idBoard}/prefs/cardAging,updateBoardsPrefsCardAgingByIdBoard,updateBoardsPrefsCardAgingByIdBoard(),,w,high,put default w edits preference,buildset-2026-09-18
b1368,trello,DELETE,/members/{idMember}/customStickers/{idCustomSticker},deleteMembersCustomStickersByIdMemberByIdCustomSticker,deleteMembersCustomStickersByIdMemberByIdCustomSticker(),,x,high,delete method no trash,buildset-2026-09-18
b1369,trello,PUT,/boards/{idBoard}/myPrefs/showSidebar,updateBoardsMyPrefsShowSidebarByIdBoard,updateBoardsMyPrefsShowSidebarByIdBoard(),,w,high,w edits pref settable back,buildset-2026-09-18
b1370,trello,PUT,/organizations/{idOrg}/prefs/permissionLevel,updateOrganizationsPrefsPermissionLevelByIdOrg,updateOrganizationsPrefsPermissionLevelByIdOrg(),,w,high,w edits permission level setting,buildset-2026-09-18
b1371,trello,PUT,/boards/{idBoard}/prefs/permissionLevel,updateBoardsPrefsPermissionLevelByIdBoard,updateBoardsPrefsPermissionLevelByIdBoard(),,w,high,PUT default w,buildset-2026-09-18
b1372,trello,DELETE,/labels/{idLabel},deleteLabelsByIdLabel,deleteLabelsByIdLabel(),,x,high,delete method wins removes label,buildset-2026-09-18
b1373,trello,PUT,/organizations/{idOrg}/name,updateOrganizationsNameByIdOrg,updateOrganizationsNameByIdOrg(),,w,high,put default update name,buildset-2026-09-18
b1374,trello,POST,/sessions,addSessions,addSessions(),,w,high,ii plain create session token,buildset-2026-09-18
b1375,trello,PUT,/boards/{idBoard}/prefs/background,updateBoardsPrefsBackgroundByIdBoard,updateBoardsPrefsBackgroundByIdBoard(),,w,high,w edits preference,buildset-2026-09-18
b1376,trello,DELETE,/cards/{idCard},deleteCardsByIdCard,deleteCardsByIdCard(),,x,high,a deletes card no restore,buildset-2026-09-18
b1377,trello,PUT,/organizations/{idOrg}/desc,updateOrganizationsDescByIdOrg,updateOrganizationsDescByIdOrg(),,w,high,w edits org description,buildset-2026-09-18
b1378,trello,PUT,/members/{idMember}/customBoardBackgrounds/{idBoardBackground},updateMembersCustomBoardBackgroundsByIdMemberByIdBoardBackground,updateMembersCustomBoardBackgroundsByIdMemberByIdBoardBackground(),,w,high,PUT default edit background,buildset-2026-09-18
b1379,trello,PUT,/webhooks/{idWebhook}/idModel,updateWebhooksIdModelByIdWebhook,updateWebhooksIdModelByIdWebhook(),,w,high,put default update webhook,buildset-2026-09-18
b1380,trello,POST,/cards/{idCard}/attachments,addCardsAttachmentsByIdCard,addCardsAttachmentsByIdCard(),,w,high,ii plain create attachment,buildset-2026-09-18
b1381,trello,POST,/cards/{idCard}/checklist/{idChecklist}/checkItem,addCardsChecklistCheckItemByIdCardByIdChecklist,addCardsChecklistCheckItemByIdCardByIdChecklist(),,w,high,ii plain create checklist item,buildset-2026-09-18
b1382,trello,PUT,/members/{idMember}/savedSearches/{idSavedSearch}/name,updateMembersSavedSearchesNameByIdMemberByIdSavedSearch,updateMembersSavedSearchesNameByIdMemberByIdSavedSearch(),,w,high,PUT default edit name,buildset-2026-09-18
b1383,trello,POST,/cards/{idCard}/idMembers,addCardsIdMembersByIdCard,addCardsIdMembersByIdCard(),,w,high,POST adds member to card settable back,buildset-2026-09-18
b1384,trello,POST,/boards/{idBoard}/markAsViewed,addBoardsMarkAsViewedByIdBoard,addBoardsMarkAsViewedByIdBoard(),,w,low,editing plain settings mark viewed,buildset-2026-09-18
b1385,trello,PUT,/boards/{idBoard}/members,updateBoardsMembersByIdBoard,updateBoardsMembersByIdBoard(),,w,high,PUT default w,buildset-2026-09-18
b1386,trello,PUT,/lists/{idList}/name,updateListsNameByIdList,updateListsNameByIdList(),,w,high,PUT default edit name,buildset-2026-09-18
b1387,trello,POST,/members/{idMember}/savedSearches,addMembersSavedSearchesByIdMember,addMembersSavedSearchesByIdMember(),,w,high,ii plain create saved search,buildset-2026-09-18
b1388,trello,PUT,/tokens/{token}/webhooks,updateTokensWebhooksByToken,updateTokensWebhooksByToken(),,w,high,w edits webhooks,buildset-2026-09-18
b1389,trello,POST,/lists/{idList}/archiveAllCards,addListsArchiveAllCardsByIdList,addListsArchiveAllCardsByIdList(),,w,high,toggle archive has unarchive opposite,buildset-2026-09-18
b1390,trello,DELETE,/organizations/{idOrg},deleteOrganizationsByIdOrg,deleteOrganizationsByIdOrg(),,x,high,a deletes org no restore,buildset-2026-09-18
b1391,trello,DELETE,/cards/{idCard}/labels/{color},deleteCardsLabelsByIdCardByColor,deleteCardsLabelsByIdCardByColor(),,x,high,DELETE removes label method wins x,buildset-2026-09-18
b1392,trello,POST,/members/{idMember}/boardBackgrounds,addMembersBoardBackgroundsByIdMember,addMembersBoardBackgroundsByIdMember(),,w,high,ii plain create board background,buildset-2026-09-18
b1393,trello,PUT,/webhooks/{idWebhook}/callbackURL,updateWebhooksCallbackURLByIdWebhook,updateWebhooksCallbackURLByIdWebhook(),,w,high,PUT default w edits url,buildset-2026-09-18
b1394,trello,PUT,/cards/{idCard}/labels,updateCardsLabelsByIdCard,updateCardsLabelsByIdCard(),,w,high,PUT default w,buildset-2026-09-18
b1395,trello,PUT,/organizations/{idOrg}/prefs/boardVisibilityRestrict/public,updateOrganizationsPrefsBoardVisibilityRestrictPublicByIdOrg,updateOrganizationsPrefsBoardVisibilityRestrictPublicByIdOrg(),,w,high,PUT default w,buildset-2026-09-18
b1396,trello,PUT,/organizations/{idOrg}/prefs/associatedDomain,updateOrganizationsPrefsAssociatedDomainByIdOrg,updateOrganizationsPrefsAssociatedDomainByIdOrg(),,w,high,PUT default w,buildset-2026-09-18
b1397,trello,POST,/boards/{idBoard}/calendarKey/generate,addBoardsCalendarKeyGenerateByIdBoard,addBoardsCalendarKeyGenerateByIdBoard(),,w,high,ii plain create calendar key,buildset-2026-09-18
b1398,trello,PUT,/boards/{idBoard}/subscribed,updateBoardsSubscribedByIdBoard,updateBoardsSubscribedByIdBoard(),,w,high,PUT default toggle subscribed,buildset-2026-09-18
b1399,trello,PUT,/webhooks/{idWebhook}/active,updateWebhooksActiveByIdWebhook,updateWebhooksActiveByIdWebhook(),,w,high,toggle active has inactive,buildset-2026-09-18
b1400,trello,PUT,/cards/{idCard}/stickers/{idSticker},updateCardsStickersByIdCardByIdSticker,updateCardsStickersByIdCardByIdSticker(),,w,high,put default w updates sticker,buildset-2026-09-18
b1401,trello,POST,/cards/{idCard}/idLabels,addCardsIdLabelsByIdCard,addCardsIdLabelsByIdCard(),,w,high,ii create adds label to card,buildset-2026-09-18
b1402,trello,PUT,/cards/{idCard}/actions/{idAction}/comments,updateCardsActionsCommentsByIdCardByIdAction,updateCardsActionsCommentsByIdCardByIdAction(),This can only be done by the original author of the comment.,w,high,PUT default w,buildset-2026-09-18
b1403,trello,POST,/members/{idMember}/oneTimeMessagesDismissed,addMembersOneTimeMessagesDismissedByIdMember,addMembersOneTimeMessagesDismissedByIdMember(),,w,low,iii adds item to list settable back,buildset-2026-09-18
b1404,trello,DELETE,/organizations/{idOrg}/members/{idMember}/all,deleteOrganizationsMembersAllByIdOrgByIdMember,deleteOrganizationsMembersAllByIdOrgByIdMember(),,x,high,delete method no trash,buildset-2026-09-18
b1405,trello,PUT,/organizations/{idOrg}/displayName,updateOrganizationsDisplayNameByIdOrg,updateOrganizationsDisplayNameByIdOrg(),,w,high,w edits display name,buildset-2026-09-18
b1406,trello,POST,/cards/{idCard}/markAssociatedNotificationsRead,addCardsMarkAssociatedNotificationsReadByIdCard,addCardsMarkAssociatedNotificationsReadByIdCard(),,w,low,iii POST edits notification read state,buildset-2026-09-18
b1407,trello,DELETE,/actions/{idAction},deleteActionsByIdAction,deleteActionsByIdAction(),,x,high,a deletes action no restore,buildset-2026-09-18
b1408,trello,PUT,/cards/{idCard}/name,updateCardsNameByIdCard,updateCardsNameByIdCard(),,w,high,PUT default edits card name,buildset-2026-09-18
b1409,trello,PUT,/cards/{idCard}/checklist/{idChecklist}/checkItem/{idCheckItem}/name,updateCardsChecklistCheckItemNameByIdCardByIdChecklistByIdCheckItem,updateCardsChecklistCheckItemNameByIdCardByIdChecklistByIdCheckItem(),,w,high,w edits checkitem name,buildset-2026-09-18
b1410,trello,DELETE,/cards/{idCard}/idLabels/{idLabel},deleteCardsIdLabelsByIdCardByIdLabel,deleteCardsIdLabelsByIdCardByIdLabel(),,x,high,DELETE removes label method wins x,buildset-2026-09-18
b1411,trello,PUT,/labels/{idLabel}/name,updateLabelsNameByIdLabel,updateLabelsNameByIdLabel(),,w,high,PUT default edits label name,buildset-2026-09-18
b1412,trello,PUT,/boards/{idBoard}/myPrefs/idEmailList,updateBoardsMyPrefsIdEmailListByIdBoard,updateBoardsMyPrefsIdEmailListByIdBoard(),,w,high,w edits pref settable back,buildset-2026-09-18
b1413,trello,DELETE,/members/{idMember}/customBoardBackgrounds/{idBoardBackground},deleteMembersCustomBoardBackgroundsByIdMemberByIdBoardBackground,deleteMembersCustomBoardBackgroundsByIdMemberByIdBoardBackground(),,x,high,a deletes background no restore,buildset-2026-09-18
b1414,trello,POST,/lists/{idList}/cards,addListsCardsByIdList,addListsCardsByIdList(),,w,high,ii plain create card,buildset-2026-09-18
b1415,trello,PUT,/organizations/{idOrg}/members/{idMember}/deactivated,updateOrganizationsMembersDeactivatedByIdOrgByIdMember,updateOrganizationsMembersDeactivatedByIdOrgByIdMember(),,w,high,toggle deactivate has activate,buildset-2026-09-18
b1416,trello,PUT,/members/{idMember}/savedSearches/{idSavedSearch},updateMembersSavedSearchesByIdMemberByIdSavedSearch,updateMembersSavedSearchesByIdMemberByIdSavedSearch(),,w,high,w updates saved search settable back,buildset-2026-09-18
b1417,trello,PUT,/checklists/{idChecklist},updateChecklistsByIdChecklist,updateChecklistsByIdChecklist(),,w,high,put default update checklist,buildset-2026-09-18
b1418,trello,PUT,/boards/{idBoard}/labelNames/red,updateBoardsLabelNamesRedByIdBoard,updateBoardsLabelNamesRedByIdBoard(),,w,high,PUT default w edits label,buildset-2026-09-18
b1419,trello,PUT,/checklists/{idChecklist}/idCard,updateChecklistsIdCardByIdChecklist,updateChecklistsIdCardByIdChecklist(),,w,high,PUT default w,buildset-2026-09-18
b1420,trello,PUT,/boards/{idBoard},updateBoardsByIdBoard,updateBoardsByIdBoard(),,w,high,w edits board,buildset-2026-09-18
b1421,trello,POST,/members/{idMember}/customBoardBackgrounds,addMembersCustomBoardBackgroundsByIdMember,addMembersCustomBoardBackgroundsByIdMember(),,w,high,ii plain create background,buildset-2026-09-18
b1422,trello,DELETE,/members/{idMember}/savedSearches/{idSavedSearch},deleteMembersSavedSearchesByIdMemberByIdSavedSearch,deleteMembersSavedSearchesByIdMemberByIdSavedSearch(),,x,high,delete method wins removes search,buildset-2026-09-18
b1423,trello,PUT,/boards/{idBoard}/myPrefs/showSidebarActivity,updateBoardsMyPrefsShowSidebarActivityByIdBoard,updateBoardsMyPrefsShowSidebarActivityByIdBoard(),,w,high,PUT default w setting,buildset-2026-09-18
b1424,trello,PUT,/boards/{idBoard}/labelNames/blue,updateBoardsLabelNamesBlueByIdBoard,updateBoardsLabelNamesBlueByIdBoard(),,w,high,w edits label name setting,buildset-2026-09-18
b1425,trello,PUT,/boards/{idBoard}/labelNames/yellow,updateBoardsLabelNamesYellowByIdBoard,updateBoardsLabelNamesYellowByIdBoard(),,w,high,PUT default w edits label,buildset-2026-09-18
b1426,trello,PUT,/lists/{idList},updateListsByIdList,updateListsByIdList(),,w,high,w edits list,buildset-2026-09-18
b1427,trello,PUT,/checklists/{idChecklist}/pos,updateChecklistsPosByIdChecklist,updateChecklistsPosByIdChecklist(),,w,high,w updates position settable back,buildset-2026-09-18
b1428,trello,POST,/organizations/{idOrg}/logo,addOrganizationsLogoByIdOrg,addOrganizationsLogoByIdOrg(),,w,high,ii plain create update logo,buildset-2026-09-18
b1429,trello,POST,/boards/{idBoard}/emailKey/generate,addBoardsEmailKeyGenerateByIdBoard,addBoardsEmailKeyGenerateByIdBoard(),,x,low,b generates new key rotates secret,buildset-2026-09-18
b1430,trello,DELETE,/checklists/{idChecklist}/checkItems/{idCheckItem},deleteChecklistsCheckItemsByIdChecklistByIdCheckItem,deleteChecklistsCheckItemsByIdChecklistByIdCheckItem(),,x,high,DELETE method wins no restore named,buildset-2026-09-18
b1431,trello,POST,/boards/{idBoard}/lists,addBoardsListsByIdBoard,addBoardsListsByIdBoard(),,w,high,ii plain create list,buildset-2026-09-18
b1432,trello,DELETE,/organizations/{idOrg}/prefs/associatedDomain,deleteOrganizationsPrefsAssociatedDomainByIdOrg,deleteOrganizationsPrefsAssociatedDomainByIdOrg(),,x,high,DELETE method wins no restore named,buildset-2026-09-18
b1433,trello,PUT,/members/{idMember}/prefs/locale,updateMembersPrefsLocaleByIdMember,updateMembersPrefsLocaleByIdMember(),,w,high,PUT default edits pref locale,buildset-2026-09-18
b1434,trello,POST,/members/{idMember}/boardStars,addMembersBoardStarsByIdMember,addMembersBoardStarsByIdMember(),,w,high,ii plain create board star,buildset-2026-09-18
b1435,trello,POST,/cards,addCards,addCards(),,w,high,ii plain create card,buildset-2026-09-18
b1436,trello,PUT,/cards/{idCard}/subscribed,updateCardsSubscribedByIdCard,updateCardsSubscribedByIdCard(),,w,high,toggle subscribe has opposite,buildset-2026-09-18
b1437,trello,PUT,/notifications/{idNotification}/unread,updateNotificationsUnreadByIdNotification,updateNotificationsUnreadByIdNotification(),,w,high,toggle read unread has opposite,buildset-2026-09-18
b1438,trello,POST,/cards/{idCard}/labels,addCardsLabelsByIdCard,addCardsLabelsByIdCard(),,w,high,ii adds label settable back,buildset-2026-09-18
b1439,trello,PUT,/sessions/{idSession},updateSessionsByIdSession,updateSessionsByIdSession(),,w,low,PUT default w session update not revoke,buildset-2026-09-18
b1440,trello,POST,/labels,addLabels,addLabels(),,w,high,ii plain create label,buildset-2026-09-18
b1441,trello,PUT,/boards/{idBoard}/prefs/calendarFeedEnabled,updateBoardsPrefsCalendarFeedEnabledByIdBoard,updateBoardsPrefsCalendarFeedEnabledByIdBoard(),,w,high,PUT default toggle pref enabled,buildset-2026-09-18
b1442,trello,POST,/boards/{idBoard}/checklists,addBoardsChecklistsByIdBoard,addBoardsChecklistsByIdBoard(),,w,high,ii plain create checklist,buildset-2026-09-18
b1443,trello,POST,/tokens/{token}/webhooks,addTokensWebhooksByToken,addTokensWebhooksByToken(),,w,high,ii plain create of webhook,buildset-2026-09-18
b1444,trello,PUT,/members/{idMember}/prefs/colorBlind,updateMembersPrefsColorBlindByIdMember,updateMembersPrefsColorBlindByIdMember(),,w,high,put default update pref,buildset-2026-09-18
b1445,trello,PUT,/organizations/{idOrg}/website,updateOrganizationsWebsiteByIdOrg,updateOrganizationsWebsiteByIdOrg(),,w,high,PUT default edits website field,buildset-2026-09-18
b1446,trello,PUT,/lists/{idList}/pos,updateListsPosByIdList,updateListsPosByIdList(),,w,high,w updates position settable back,buildset-2026-09-18
b1447,trello,PUT,/boards/{idBoard}/members/{idMember},updateBoardsMembersByIdBoardByIdMember,updateBoardsMembersByIdBoardByIdMember(),,w,high,PUT default edit member,buildset-2026-09-18
b1448,trello,DELETE,/cards/{idCard}/checklists/{idChecklist},deleteCardsChecklistsByIdCardByIdChecklist,deleteCardsChecklistsByIdCardByIdChecklist(),,x,high,DELETE no trash named,buildset-2026-09-18
b1449,trello,DELETE,/boards/{idBoard}/members/{idMember},deleteBoardsMembersByIdBoardByIdMember,deleteBoardsMembersByIdBoardByIdMember(),,x,high,DELETE removes board member method wins x,buildset-2026-09-18
b1450,trello,PUT,/lists/{idList}/closed,updateListsClosedByIdList,updateListsClosedByIdList(),,w,low,PUT default toggle closed field settable back,buildset-2026-09-18
b1451,trello,PUT,/organizations/{idOrg}/members,updateOrganizationsMembersByIdOrg,updateOrganizationsMembersByIdOrg(),,w,high,PUT default edits org members settable,buildset-2026-09-18
b1452,trello,PUT,/boards/{idBoard}/myPrefs/emailPosition,updateBoardsMyPrefsEmailPositionByIdBoard,updateBoardsMyPrefsEmailPositionByIdBoard(),,w,high,PUT default edit pref,buildset-2026-09-18
b1453,trello,PUT,/boards/{idBoard}/prefs/cardCovers,updateBoardsPrefsCardCoversByIdBoard,updateBoardsPrefsCardCoversByIdBoard(),,w,high,PUT default edit pref,buildset-2026-09-18
b1454,trello,PUT,/members/{idMember},updateMembersByIdMember,updateMembersByIdMember(),,w,high,PUT default edit member,buildset-2026-09-18
b1455,trello,POST,/organizations,addOrganizations,addOrganizations(),,w,high,ii plain create org,buildset-2026-09-18
b1456,trello,PUT,/organizations/{idOrg}/prefs/orgInviteRestrict,updateOrganizationsPrefsOrgInviteRestrictByIdOrg,updateOrganizationsPrefsOrgInviteRestrictByIdOrg(),,w,high,PUT default w setting,buildset-2026-09-18
b1457,trello,PUT,/cards/{idCard}/closed,updateCardsClosedByIdCard,updateCardsClosedByIdCard(),,w,high,toggle closed has reopen,buildset-2026-09-18
b1458,trello,DELETE,/members/{idMember}/boardBackgrounds/{idBoardBackground},deleteMembersBoardBackgroundsByIdMemberByIdBoardBackground,deleteMembersBoardBackgroundsByIdMemberByIdBoardBackground(),,x,high,a deletes background no restore,buildset-2026-09-18
b1459,trello,DELETE,/cards/{idCard}/actions/{idAction}/comments,deleteCardsActionsCommentsByIdCardByIdAction,deleteCardsActionsCommentsByIdCardByIdAction(),"This can only be done by the original author of the comment, or someone with higher permissions than the original author.",x,high,a deletes comment no restore,buildset-2026-09-18
b1460,trello,PUT,/cards/{idCard}/idMembers,updateCardsIdMembersByIdCard,updateCardsIdMembersByIdCard(),,w,high,w edits card members settable back,buildset-2026-09-18
b1461,trello,DELETE,/organizations/{idOrg}/members/{idMember},deleteOrganizationsMembersByIdOrgByIdMember,deleteOrganizationsMembersByIdOrgByIdMember(),,x,high,DELETE method wins membership,buildset-2026-09-18
b1462,trello,PUT,/members/{idMember}/bio,updateMembersBioByIdMember,updateMembersBioByIdMember(),,w,high,put default w updates bio,buildset-2026-09-18
b1463,trello,POST,/boards/{idBoard}/powerUps,addBoardsPowerUpsByIdBoard,addBoardsPowerUpsByIdBoard(),,w,high,ii plain create add powerup,buildset-2026-09-18
b1464,trello,POST,/cards/{idCard}/checklist/{idChecklist}/checkItem/{idCheckItem}/convertToCard,addCardsChecklistCheckItemConvertToCardByIdCardByIdChecklistByIdCheckItem,addCardsChecklistCheckItemConvertToCardByIdCardByIdChecklistByIdCheckItem(),,w,low,ii creates card from checkitem low confidence,buildset-2026-09-18
b1465,trello,POST,/boards/{idBoard}/labels,addBoardsLabelsByIdBoard,addBoardsLabelsByIdBoard(),,w,high,ii adds label settable back,buildset-2026-09-18
b1466,trello,PUT,/boards/{idBoard}/prefs/invitations,updateBoardsPrefsInvitationsByIdBoard,updateBoardsPrefsInvitationsByIdBoard(),,w,high,put default update pref,buildset-2026-09-18
b1467,trello,PUT,/cards/{idCard}/idList,updateCardsIdListByIdCard,updateCardsIdListByIdCard(),,w,high,w moves card settable back,buildset-2026-09-18
b1468,trello,PUT,/members/{idMember}/boardStars/{idBoardStar}/idBoard,updateMembersBoardStarsIdBoardByIdMemberByIdBoardStar,updateMembersBoardStarsIdBoardByIdMemberByIdBoardStar(),,w,high,w edits idBoard field settable back,buildset-2026-09-18
b1469,trello,DELETE,/organizations/{idOrg}/logo,deleteOrganizationsLogoByIdOrg,deleteOrganizationsLogoByIdOrg(),,x,high,a deletes logo no restore,buildset-2026-09-18
b1470,trello,POST,/lists/{idList}/moveAllCards,addListsMoveAllCardsByIdList,addListsMoveAllCardsByIdList(),,w,high,edit move cards reversible,buildset-2026-09-18
b1471,trello,PUT,/members/{idMember}/boardStars/{idBoardStar},updateMembersBoardStarsByIdMemberByIdBoardStar,updateMembersBoardStarsByIdMemberByIdBoardStar(),,w,high,PUT default w toggle star,buildset-2026-09-18
b1472,trello,PUT,/members/{idMember}/initials,updateMembersInitialsByIdMember,updateMembersInitialsByIdMember(),,w,high,PUT default w,buildset-2026-09-18
b1473,trello,PUT,/organizations/{idOrg}/prefs/externalMembersDisabled,updateOrganizationsPrefsExternalMembersDisabledByIdOrg,updateOrganizationsPrefsExternalMembersDisabledByIdOrg(),,w,high,toggle setting has opposite,buildset-2026-09-18
b1474,box,DELETE,/files/{file_id}/metadata/{scope}/{template_key},delete_files_id_metadata_id_id,Remove metadata instance from file,Deletes a piece of file metadata.,x,high,DELETE method wins no restore named,buildset-2026-09-18
b1475,box,PUT,/metadata_templates/enterprise/securityClassification-6VMVochwUWo/schema#update,put_metadata_templates_enterprise_securityClassification-6VMVochwUWo_schema#update,Update classification,"Updates the labels and descriptions of one or more classifications available to the enterprise. This API can also be called by including the enterprise ID in the URL explicitly, for example `/metadata_templates/enterprise_12345/securityClassification-6VMVochwUWo/schema`.",w,high,w edits classification labels,buildset-2026-09-18
b1476,box,POST,/folder_locks,post_folder_locks,Create folder lock,"Creates a folder lock on a folder, preventing it from being moved and/or deleted. You must be authenticated as the owner or co-owner of the folder to use this endpoint.",w,high,ii plain create of folder lock,buildset-2026-09-18
b1477,box,DELETE,/retention_policies/{retention_policy_id},delete_retention_policies_id,Delete retention policy,Permanently deletes a retention policy.,x,high,a permanently deletes policy,buildset-2026-09-18
b1478,box,DELETE,/webhooks/{webhook_id},delete_webhooks_id,Remove webhook,Deletes a webhook.,x,high,a deletes webhook no restore,buildset-2026-09-18
b1479,box,POST,/oauth2/token,post_oauth2_token,Request access token,Request an Access Token using either a client-side obtained OAuth 2.0 authorization code or a server-side JWT assertion. An Access Token is a string that enables Box to verify that a request belongs to an authorized session. In the normal order of operations you will begin by requesting authentication from the [authorize](#get-authorize) endpoint and Box will send you an authorization code. You will then send this code to this endpoint to exchange it for an Access Token. The returned Access Toke,w,low,ii plain create token,buildset-2026-09-18
b1480,box,PUT,/webhooks/{webhook_id},put_webhooks_id,Update webhook,Updates a webhook.,w,high,put default w updates webhook,buildset-2026-09-18
b1481,box,PUT,/file_requests/{file_request_id},put_file_requests_id,Update file request,Updates a file request. This can be used to activate or deactivate a file request.,w,high,PUT default toggle activate deactivate,buildset-2026-09-18
b1482,box,POST,/metadata_cascade_policies/{metadata_cascade_policy_id}/apply,post_metadata_cascade_policies_id_apply,Force-apply metadata cascade policy to folder,Force the metadata on a folder with a metadata cascade policy to be applied to all of its children. This can be used after creating a new cascade policy to enforce the metadata to be cascaded down to all existing files within that folder.,w,high,cascade of edits stays w,buildset-2026-09-18
b1483,box,DELETE,/task_assignments/{task_assignment_id},delete_task_assignments_id,Unassign task,Deletes a specific task assignment.,x,high,delete method wins on assignment removal,buildset-2026-09-18
b1484,box,POST,/folders/{folder_id}/copy,post_folders_id_copy,Copy folder,Creates a copy of a folder within a destination folder. The original folder will not be changed.,w,high,ii plain create copy,buildset-2026-09-18
b1485,box,POST,/metadata_cascade_policies,post_metadata_cascade_policies,Create metadata cascade policy,Creates a new metadata cascade policy that applies a given metadata template to a given folder and automatically cascades it down to any files within that folder. In order for the policy to be applied a metadata instance must first be applied to the folder the policy is to be applied to.,w,high,ii plain create cascade policy,buildset-2026-09-18
b1486,box,POST,/storage_policy_assignments,post_storage_policy_assignments,Assign storage policy,Creates a storage policy assignment for an enterprise or user.,w,high,ii plain create policy assignment,buildset-2026-09-18
b1487,box,DELETE,/file_requests/{file_request_id},delete_file_requests_id,Delete file request,Deletes a file request permanently.,x,high,a deletes file request permanently,buildset-2026-09-18
b1488,box,POST,/files/upload_sessions,post_files_upload_sessions,Create upload session,Creates an upload session for a new file.,w,high,ii plain create upload session,buildset-2026-09-18
b1489,box,DELETE,/groups/{group_id},delete_groups_id,Remove group,Permanently deletes a group. Only users with admin-level permissions will be able to use this API.,x,high,a permanently deletes group,buildset-2026-09-18
b1490,box,DELETE,/users/{user_id}/avatar,delete_users_id_avatar,Delete user avatar,Removes an existing user avatar. You cannot reverse this operation.,x,high,a cannot reverse explicit,buildset-2026-09-18
b1491,box,POST,/invites,post_invites,Create user invite,"Invites an existing external user to join an enterprise. The existing user can not be part of another enterprise and must already have a Box account. Once invited, the user will receive an email and are prompted to accept the invitation within the Box web application. This method requires the ""Manage An Enterprise"" scope enabled for the application, which can be enabled within the developer console.",x,high,c sends invite email,buildset-2026-09-18
b1492,box,POST,/legal_hold_policy_assignments,post_legal_hold_policy_assignments,Assign legal hold policy,"Assign a legal hold to a file, file version, folder, or user.",w,high,assign settable back,buildset-2026-09-18
b1493,box,DELETE,/legal_hold_policy_assignments/{legal_hold_policy_assignment_id},delete_legal_hold_policy_assignments_id,Unassign legal hold policy,Remove a legal hold from an item. This is an asynchronous process. The policy will not be fully removed yet when the response returns.,x,high,DELETE method wins removes hold,buildset-2026-09-18
b1494,box,POST,/folders/{folder_id}/metadata/{scope}/{template_key},post_folders_id_metadata_id_id,Create metadata instance on folder,"Applies an instance of a metadata template to a folder. In most cases only values that are present in the metadata template will be accepted, except for the `global.properties` template which accepts any key-value pair. To display the metadata template in the Box web app the enterprise needs to be configured to enable **Cascading Folder Level Metadata** for the user in the admin console.",w,high,ii plain create metadata instance,buildset-2026-09-18
b1495,box,DELETE,/files/{file_id}/metadata/global/boxSkillsCards,delete_files_id_metadata_global_boxSkillsCards,Remove Box Skill cards from file,Removes any Box Skills cards metadata from a file.,x,high,DELETE method wins removes metadata,buildset-2026-09-18
b1496,box,DELETE,/collaborations/{collaboration_id},delete_collaborations_id,Remove collaboration,Deletes a single collaboration.,x,high,DELETE no trash membership irrelevant,buildset-2026-09-18
b1497,box,PUT,/folders/{folder_id}#add_shared_link,put_folders_id#add_shared_link,Add shared link to folder,Adds a shared link to a folder.,w,low,ii plain create shared link reversible,buildset-2026-09-18
b1498,box,PUT,/folders/{folder_id}#remove_shared_link,put_folders_id#remove_shared_link,Remove shared link from folder,Removes a shared link from a folder.,w,high,w removes shared link settable back via PUT,buildset-2026-09-18
b1499,box,DELETE,/files/upload_sessions/{upload_session_id},delete_files_upload_sessions_id,Remove upload session,Abort an upload session and discard all data uploaded. This cannot be reversed.,x,high,f abort discards data cannot reverse,buildset-2026-09-18
b1500,box,POST,/file_requests/{file_request_id}/copy,post_file_requests_id_copy,Copy file request,"Copies an existing file request that is already present on one folder, and applies it to another folder.",w,high,ii plain create copied file request,buildset-2026-09-18
b1501,box,DELETE,/storage_policy_assignments/{storage_policy_assignment_id},delete_storage_policy_assignments_id,Unassign storage policy,Delete a storage policy assignment. Deleting a storage policy assignment on a user will have the user inherit the enterprise's default storage policy. There is a rate limit for calling this endpoint of only twice per user in a 24 hour time frame.,x,high,DELETE method wins removes assignment,buildset-2026-09-18
b1502,box,DELETE,/users/{user_id},delete_users_id,Delete user,"Deletes a user. By default this will fail if the user still owns any content. Move their owned content first before proceeding, or use the `force` field to delete the user and their files.",x,high,a deletes user no restore,buildset-2026-09-18
b1503,box,POST,/files/{file_id}/upload_sessions,post_files_id_upload_sessions,Create upload session for existing file,Creates an upload session for an existing file.,w,high,ii plain create upload session,buildset-2026-09-18
b1504,box,POST,/terms_of_service_user_statuses,post_terms_of_service_user_statuses,Create terms of service status for new user,Sets the status for a terms of service for a user.,w,high,ii plain create status,buildset-2026-09-18
b1505,box,POST,/shield_information_barriers/change_status,post_shield_information_barriers_change_status,Add changed status of shield information barrier with specified ID,Change status of shield information barrier with the specified ID.,w,high,iii changes status existing item,buildset-2026-09-18
b1506,box,POST,/collaborations,post_collaborations,Create collaboration,"Adds a collaboration for a single user or a single group to a file or folder. Collaborations can be created using email address, user IDs, or a group IDs. If a collaboration is being created with a group, access to this endpoint is dependent on the group's ability to be invited.",w,high,ii plain create collaboration,buildset-2026-09-18
b1507,box,PUT,/legal_hold_policies/{legal_hold_policy_id},put_legal_hold_policies_id,Update legal hold policy,Update legal hold policy.,w,high,w updates policy settable back,buildset-2026-09-18
b1508,box,DELETE,/metadata_templates/{scope}/{template_key}/schema,delete_metadata_templates_id_id_schema,Remove metadata template,Delete a metadata template and its instances. This deletion is permanent and can not be reversed.,x,high,explicit permanent cannot be reversed,buildset-2026-09-18
b1509,box,POST,/zip_downloads,post_zip_downloads,Create zip download,"Creates a request to download multiple files and folders as a single `zip` archive file. This API does not return the archive but instead performs all the checks to ensure that the user has access to all the items, and then returns a `download_url` and a `status_url` that can be used to download the archive. The limit for an archive is either the Account's upload limit or 10,000 files, whichever is met first",w,low,ii creates zip archive removable,buildset-2026-09-18
b1510,box,DELETE,/metadata_templates/enterprise/securityClassification-6VMVochwUWo/schema,delete_metadata_templates_enterprise_securityClassification-6VMVochwUWo_schema,Delete all classifications,Delete all classifications by deleting the classification metadata template.,x,high,a deletes classification template,buildset-2026-09-18
b1511,box,POST,/retention_policy_assignments,post_retention_policy_assignments,Assign retention policy,Assigns a retention policy to an item.,w,high,ii plain create assignment assign unassign opposite,buildset-2026-09-18
b1512,box,PUT,/web_links/{web_link_id},put_web_links_id,Update web link,Updates a web link object.,w,high,PUT default w,buildset-2026-09-18
b1513,box,PUT,/web_links/{web_link_id}#add_shared_link,put_web_links_id#add_shared_link,Add shared link to web link,Adds a shared link to a web link.,x,low,c creates shared link exposes resource,buildset-2026-09-18
b1514,box,DELETE,/legal_hold_policies/{legal_hold_policy_id},delete_legal_hold_policies_id,Remove legal hold policy,Delete an existing legal hold policy. This is an asynchronous process. The policy will not be fully deleted yet when the response returns.,x,high,a deletes legal hold policy no restore,buildset-2026-09-18
b1515,box,POST,/folders,post_folders,Create folder,Creates a new empty folder within the specified parent folder.,w,high,ii plain create folder,buildset-2026-09-18
b1516,box,PUT,/files/upload_sessions/{upload_session_id},put_files_upload_sessions_id,Upload part of file,Updates a chunk of an upload session for a file.,w,high,PUT default edit chunk,buildset-2026-09-18
b1517,box,DELETE,/files/{file_id},delete_files_id,Delete file,"Deletes a file, either permanently or by moving it to the trash. The the enterprise settings determine whether the item will be permanently deleted from Box or moved to the trash.",x,low,DELETE may be permanent per settings tighter x,buildset-2026-09-18
b1518,box,DELETE,/folders/{folder_id}/trash,delete_folders_id_trash,Permanently remove folder,Permanently deletes a folder that is in the trash. This action cannot be undone.,x,high,explicit cannot be undone,buildset-2026-09-18
b1519,box,POST,/groups,post_groups,Create group,Creates a new group of users in an enterprise. Only users with admin permissions can create new groups.,w,high,ii plain create group,buildset-2026-09-18
b1520,box,POST,/comments,post_comments,Create comment,"Adds a comment by the user to a specific file, or as a reply to an other comment.",w,low,D98 ruling: comment/reaction is w,buildset-2026-09-18
b1521,box,PUT,/users/{user_id},put_users_id,Update user,Updates a managed or app user in an enterprise. This endpoint is only available to users and applications with the right admin permissions.,w,high,put default w edits user,buildset-2026-09-18
b1522,box,POST,/files/{file_id}/metadata/{scope}/{template_key},post_files_id_metadata_id_id,Create metadata instance on file,"Applies an instance of a metadata template to a file. In most cases only values that are present in the metadata template will be accepted, except for the `global.properties` template which accepts any key-value pair.",w,high,ii plain create metadata instance,buildset-2026-09-18
b1523,box,POST,/collaboration_whitelist_entries,post_collaboration_whitelist_entries,Add domain to list of allowed collaboration domains,Creates a new entry in the list of allowed domains to allow collaboration for.,w,high,ii plain create whitelist entry,buildset-2026-09-18
b1524,box,POST,/workflows/{workflow_id}/start,post_workflows_id_start,Starts workflow based on request body,Initiates a flow with a trigger type of `WORKFLOW_MANUAL_START`. You application must be authorized to use the `Manage Box Relay` application scope within the developer console.,x,high,e starts workflow run,buildset-2026-09-18
b1525,box,POST,/files/{file_id},post_files_id,Restore file,Restores a file that has been moved to the trash. An optional new parent ID can be provided to restore the file to in case the original folder has been deleted.,w,high,restores file reversible action,buildset-2026-09-18
b1526,box,POST,/metadata_templates/schema#classifications,post_metadata_templates_schema#classifications,Add initial classifications,"When an enterprise does not yet have any classifications, this API call initializes the classification template with an initial set of classifications. If an enterprise already has a classification, the template will already exist and instead an API call should be made to add additional classifications.",w,high,ii plain create classifications,buildset-2026-09-18
b1527,box,POST,/legal_hold_policies,post_legal_hold_policies,Create legal hold policy,Create a new legal hold policy.,w,high,ii plain create policy,buildset-2026-09-18
b1528,box,PUT,/files/{file_id},put_files_id,Update file,"Updates a file. This can be used to rename or move a file, create a shared link, or lock a file.",w,low,w primary edit rename move lock,buildset-2026-09-18
b1529,box,PUT,/task_assignments/{task_assignment_id},put_task_assignments_id,Update task assignment,Updates a task assignment. This endpoint can be used to update the state of a task assigned to a user.,w,high,PUT default w,buildset-2026-09-18
b1530,box,PUT,/files/{file_id}/versions/{file_version_id},put_files_id_versions_id,Restore file version,"Restores a specific version of a file after it was deleted. Don't use this endpoint to restore Box Notes, as it works with file formats such as PDF, DOC, PPTX or similar.",w,high,restore explicitly named,buildset-2026-09-18
b1531,box,PUT,/metadata_templates/enterprise/securityClassification-6VMVochwUWo/schema#add,put_metadata_templates_enterprise_securityClassification-6VMVochwUWo_schema#add,Add classification,"Adds one or more new classifications to the list of classifications available to the enterprise. This API can also be called by including the enterprise ID in the URL explicitly, for example `/metadata_templates/enterprise_12345/securityClassification-6VMVochwUWo/schema`.",w,high,put default w adds classification,buildset-2026-09-18
b1532,box,PUT,/storage_policy_assignments/{storage_policy_assignment_id},put_storage_policy_assignments_id,Update storage policy assignment,Updates a specific storage policy assignment.,w,high,w edits storage policy assignment,buildset-2026-09-18
b1533,box,PUT,/files/{file_id}#add_shared_link,put_files_id#add_shared_link,Add shared link to file,Adds a shared link to a file.,x,low,c adds shared link exposes file,buildset-2026-09-18
b1534,box,PUT,/terms_of_service_user_statuses/{terms_of_service_user_status_id},put_terms_of_service_user_statuses_id,Update terms of service status for existing user,Updates the status for a terms of service for a user.,w,high,w edits tos status,buildset-2026-09-18
b1535,box,POST,/files/{file_id}/metadata/enterprise/securityClassification-6VMVochwUWo,post_files_id_metadata_enterprise_securityClassification-6VMVochwUWo,Add classification to file,"Adds a classification to a file by specifying the label of the classification to add. This API can also be called by including the enterprise ID in the URL explicitly, for example `/files/:id//enterprise_12345/securityClassification-6VMVochwUWo`.",w,high,ii plain create classification,buildset-2026-09-18
b1536,box,DELETE,/web_links/{web_link_id},delete_web_links_id,Remove web link,Deletes a web link.,x,high,DELETE no trash named,buildset-2026-09-18
b1537,box,PUT,/folders/{folder_id}/metadata/{scope}/{template_key},put_folders_id_metadata_id_id,Update metadata instance on folder,"Updates a piece of metadata on a folder. The metadata instance can only be updated if the template has already been applied to the folder before. When editing metadata, only values that match the metadata template schema will be accepted. The update is applied atomically. If any errors occur during the application of the operations, the metadata instance will not be changed.",w,high,put default w updates metadata,buildset-2026-09-18
b1538,box,POST,/files/content,post_files_content,Upload file,Uploads a small file to Box. For file sizes over 50MB we recommend using the Chunk Upload APIs. # Request body order The `attributes` part of the body must come **before** the `file` part. Requests that do not follow this format when uploading the file will receive a HTTP `400` error with a `metadata_after_file_contents` error code.,w,high,ii plain create file upload,buildset-2026-09-18
b1539,box,POST,/users/terminate_sessions,post_users_terminate_sessions,Create jobs to terminate users session,"Validates the roles and permissions of the user, and creates asynchronous jobs to terminate the user's sessions. Returns the status for the POST request.",x,high,b terminates sessions,buildset-2026-09-18
b1540,box,POST,/shield_information_barrier_segments,post_shield_information_barrier_segments,Create shield information barrier segment,Creates a shield information barrier segment.,w,high,ii plain create segment,buildset-2026-09-18
b1541,box,DELETE,/tasks/{task_id},delete_tasks_id,Remove task,Removes a task from a file.,x,high,DELETE method wins removes task,buildset-2026-09-18
b1542,box,POST,/groups/terminate_sessions,post_groups_terminate_sessions,Create jobs to terminate user group session,"Validates the roles and permissions of the group, and creates asynchronous jobs to terminate the group's sessions. Returns the status for the POST request.",x,high,b terminates sessions,buildset-2026-09-18
b1543,box,POST,/sign_requests/{sign_request_id}/cancel,post_sign_requests_id_cancel,Cancel sign request,Cancels a sign request.,x,low,f cancels sign request cannot reopen,buildset-2026-09-18
b1544,box,DELETE,/collaboration_whitelist_exempt_targets/{collaboration_whitelist_exempt_target_id},delete_collaboration_whitelist_exempt_targets_id,Remove user from list of users exempt from domain restrictions,Removes a user's exemption from the restrictions set out by the allowed list of domains for collaborations.,x,high,DELETE removes exemption method wins x,buildset-2026-09-18
b1545,box,POST,/shield_information_barrier_reports,post_shield_information_barrier_reports,Create shield information barrier report,Creates a shield information barrier report for a given barrier.,w,high,ii plain create report,buildset-2026-09-18
b1546,box,POST,/tasks,post_tasks,Create task,Creates a single task on a file. This task is not assigned to any user and will need to be assigned separately.,w,high,ii plain create task,buildset-2026-09-18
b1547,box,POST,/files/{file_id}/metadata/global/boxSkillsCards,post_files_id_metadata_global_boxSkillsCards,Create Box Skill cards on file,Applies one or more Box Skills metadata cards to a file.,w,high,ii plain create skill cards,buildset-2026-09-18
b1548,box,POST,/folders/{folder_id},post_folders_id,Restore folder,"Restores a folder that has been moved to the trash. An optional new parent ID can be provided to restore the folder to in case the original folder has been deleted. # Folder locking During this operation, part of the file tree will be locked, mainly the source folder and all of its descendants, as well as the destination folder. For the duration of the operation, no other move, copy, delete, or restore operation can performed on any of the locked folders.",w,high,restore action reverses prior delete,buildset-2026-09-18
b1549,box,POST,/files/{file_id}/versions/current,post_files_id_versions_current,Promote file version,"Promote a specific version of a file. If previous versions exist, this method can be used to promote one of the older versions to the top of the version history. This creates a new copy of the old version and puts it at the top of the versions history. The file will have the exact same contents as the older version, with the the same hash digest, `etag`, and name as the original. Other properties such as comments do not get updated to their former values. Don't use this endpoint to restore Box N",w,high,iii edits existing promotes version,buildset-2026-09-18
b1550,box,POST,/folders/{folder_id}/metadata/enterprise/securityClassification-6VMVochwUWo,post_folders_id_metadata_enterprise_securityClassification-6VMVochwUWo,Add classification to folder,"Adds a classification to a folder by specifying the label of the classification to add. This API can also be called by including the enterprise ID in the URL explicitly, for example `/folders/:id//enterprise_12345/securityClassification-6VMVochwUWo`.",w,high,ii plain create classification,buildset-2026-09-18
b1551,box,POST,/sign_requests,post_sign_requests,Create sign request,Creates a sign request. This involves preparing a document for signing and sending the sign request to signers.,x,high,iv create that sends to signers,buildset-2026-09-18
b1552,box,DELETE,/collaboration_whitelist_entries/{collaboration_whitelist_entry_id},delete_collaboration_whitelist_entries_id,Remove domain from list of allowed collaboration domains,Removes a domain from the list of domains that have been deemed safe to create collaborations for within the current enterprise.,x,high,DELETE no trash named,buildset-2026-09-18
b1553,box,DELETE,/web_links/{web_link_id}/trash,delete_web_links_id_trash,Permanently remove web link,Permanently deletes a web link that is in the trash. This action cannot be undone.,x,high,a permanently deletes explicitly cannot be undone,buildset-2026-09-18
b1554,box,DELETE,/folders/{folder_id},delete_folders_id,Delete folder,"Deletes a folder, either permanently or by moving it to the trash.",x,low,ambiguous permanent or trash tighter x,buildset-2026-09-18
b1555,box,POST,/shield_information_barrier_segment_members,post_shield_information_barrier_segment_members,Create shield information barrier segment member,Creates a new shield information barrier segment member.,w,high,ii plain create segment member,buildset-2026-09-18
b1556,box,POST,/web_links,post_web_links,Create web link,Creates a web link object within a folder.,w,high,ii plain create web link,buildset-2026-09-18
b1557,box,POST,/shield_information_barrier_segment_restrictions,post_shield_information_barrier_segment_restrictions,Create shield information barrier segment restriction,Creates a shield information barrier segment restriction object.,w,high,ii plain create restriction,buildset-2026-09-18
b1558,box,DELETE,/files/{file_id}/watermark,delete_files_id_watermark,Remove watermark from file,Removes the watermark from a file.,x,high,DELETE method wins removes watermark,buildset-2026-09-18
b1559,box,POST,/oauth2/token#refresh,post_oauth2_token#refresh,Refresh access token,"Refresh an Access Token using its client ID, secret, and refresh token.",x,low,b rotates token refresh,buildset-2026-09-18
b1560,box,PUT,/terms_of_services/{terms_of_service_id},put_terms_of_services_id,Update terms of service,Updates a specific terms of service.,w,high,PUT default edits terms of service,buildset-2026-09-18
b1561,box,PUT,/metadata_templates/{scope}/{template_key}/schema,put_metadata_templates_id_id_schema,Update metadata template,"Updates a metadata template. The metadata template can only be updated if the template already exists. The update is applied atomically. If any errors occur during the application of the operations, the metadata template will not be changed.",w,high,w edits template schema,buildset-2026-09-18
b1562,box,PUT,/web_links/{web_link_id}#remove_shared_link,put_web_links_id#remove_shared_link,Remove shared link from web link,Removes a shared link from a web link.,w,high,put default w removes shared link settable back,buildset-2026-09-18
b1563,box,PUT,/group_memberships/{group_membership_id},put_group_memberships_id,Update group membership,Updates a user's group membership. Only admins of this group or users with admin-level permissions will be able to use this API.,w,high,PUT default edits membership settable back,buildset-2026-09-18
b1564,box,POST,/collaboration_whitelist_exempt_targets,post_collaboration_whitelist_exempt_targets,Create user exemption from collaboration domain restrictions,Exempts a user from the restrictions set out by the allowed list of domains for collaborations.,w,high,ii plain create exemption,buildset-2026-09-18
b1565,box,DELETE,/metadata_cascade_policies/{metadata_cascade_policy_id},delete_metadata_cascade_policies_id,Remove metadata cascade policy,Deletes a metadata cascade policy.,x,high,DELETE no trash named,buildset-2026-09-18
b1566,box,PUT,/skill_invocations/{skill_id},put_skill_invocations_id,Update all Box Skill cards on file,An alternative method that can be used to overwrite and update all Box Skill metadata cards on a file.,w,high,put default w updates cards,buildset-2026-09-18
b1567,box,DELETE,/comments/{comment_id},delete_comments_id,Remove comment,Permanently deletes a comment.,x,high,a permanently deletes comment,buildset-2026-09-18
b1568,box,DELETE,/shield_information_barrier_segment_restrictions/{shield_information_barrier_segment_restriction_id},delete_shield_information_barrier_segment_restrictions_id,Delete shield information barrier segment restriction by ID,Delete shield information barrier segment restriction based on provided ID.,x,high,a deletes restriction no restore,buildset-2026-09-18
b1569,box,PUT,/folders/{folder_id}#update_shared_link,put_folders_id#update_shared_link,Update shared link on folder,Updates a shared link on a folder.,w,high,PUT default edits shared link,buildset-2026-09-18
b1570,box,PUT,/folders/{folder_id}/metadata/enterprise/securityClassification-6VMVochwUWo,put_folders_id_metadata_enterprise_securityClassification-6VMVochwUWo,Update classification on folder,"Updates a classification on a folder. The classification can only be updated if a classification has already been applied to the folder before. When editing classifications, only values are defined for the enterprise will be accepted.",w,high,PUT default w,buildset-2026-09-18
b1571,box,POST,/metadata_queries/execute_read,post_metadata_queries_execute_read,Query files/folders by metadata,"Create a search using SQL-like syntax to return items that match specific metadata. By default, this endpoint returns only the most basic info about the items for which the query matches. To get additional fields for each item, including any of the metadata, use the `fields` attribute in the query.",r,high,i POST search read-only,buildset-2026-09-18
b1572,box,PUT,/tasks/{task_id},put_tasks_id,Update task,"Updates a task. This can be used to update a task's configuration, or to update its completion state.",w,high,PUT default w,buildset-2026-09-18
b1573,box,DELETE,/folder_locks/{folder_lock_id},delete_folder_locks_id,Delete folder lock,Deletes a folder lock on a given folder. You must be authenticated as the owner or co-owner of the folder to use this endpoint.,x,high,a deletes folder lock no restore,buildset-2026-09-18
b1574,box,DELETE,/retention_policy_assignments/{retention_policy_assignment_id},delete_retention_policy_assignments_id,Remove retention policy assignment,Removes a retention policy assignment applied to content.,x,high,DELETE method wins no trash,buildset-2026-09-18
b1575,box,DELETE,/device_pinners/{device_pinner_id},delete_device_pinners_id,Remove device pin,Deletes an individual device pin.,x,high,DELETE no trash named,buildset-2026-09-18
b1576,box,PUT,/metadata_templates/enterprise/securityClassification-6VMVochwUWo/schema#delete,put_metadata_templates_enterprise_securityClassification-6VMVochwUWo_schema#delete,Delete classification,"Removes a classification from the list of classifications available to the enterprise. This API can also be called by including the enterprise ID in the URL explicitly, for example `/metadata_templates/enterprise_12345/securityClassification-6VMVochwUWo/schema`.",w,low,removes list item on PUT settable back,buildset-2026-09-18
b1577,box,DELETE,/folders/{folder_id}/metadata/enterprise/securityClassification-6VMVochwUWo,delete_folders_id_metadata_enterprise_securityClassification-6VMVochwUWo,Remove classification from folder,"Removes any classifications from a folder. This API can also be called by including the enterprise ID in the URL explicitly, for example `/folders/:id//enterprise_12345/securityClassification-6VMVochwUWo`.",x,high,DELETE method wins no trash,buildset-2026-09-18
b1578,box,POST,/task_assignments,post_task_assignments,Assign task,Assigns a task to a user. A task can be assigned to more than one user by creating multiple assignments.,w,high,ii create task assignment assign has unassign,buildset-2026-09-18
b1579,box,PUT,/shield_information_barrier_segments/{shield_information_barrier_segment_id},put_shield_information_barrier_segments_id,Update shield information barrier segment with specified ID,Updates the shield information barrier segment based on provided ID..,w,high,w edits segment,buildset-2026-09-18
b1580,box,POST,/terms_of_services,post_terms_of_services,Create terms of service,Creates a terms of service for a given enterprise and type of user.,w,high,ii plain create of terms of service,buildset-2026-09-18
b1581,box,PUT,/comments/{comment_id},put_comments_id,Update comment,Update the message of a comment.,w,high,w edits comment,buildset-2026-09-18
b1582,box,POST,/web_links/{web_link_id},post_web_links_id,Restore web link,Restores a web link that has been moved to the trash. An optional new parent ID can be provided to restore the  web link to in case the original folder has been deleted.,w,high,restores from trash explicit,buildset-2026-09-18
b1583,box,DELETE,/shield_information_barrier_segment_members/{shield_information_barrier_segment_member_id},delete_shield_information_barrier_segment_members_id,Delete shield information barrier segment member by ID,Deletes a shield information barrier segment member based on provided ID.,x,high,DELETE removes member no restore,buildset-2026-09-18
b1584,box,DELETE,/folders/{folder_id}/watermark,delete_folders_id_watermark,Remove watermark from folder,Removes the watermark from a folder.,x,high,DELETE method wins no restore named,buildset-2026-09-18
b1585,box,POST,/sign_requests/{sign_request_id}/resend,post_sign_requests_id_resend,Resend sign request,Resends a sign request email to all outstanding signers.,x,high,c resends sign request email,buildset-2026-09-18
b1586,box,PUT,/groups/{group_id},put_groups_id,Update group,Updates a specific group. Only admins of this group or users with admin-level permissions will be able to use this API.,w,high,PUT default w,buildset-2026-09-18
b1587,box,POST,/users,post_users,Create user,Creates a new managed user in an enterprise. This endpoint is only available to users and applications with the right admin permissions.,w,high,ii plain create of user,buildset-2026-09-18
b1588,box,POST,/users/{user_id}/avatar,post_users_id_avatar,Add or update user avatar,Adds or updates a user avatar.,w,high,ii plain create update avatar,buildset-2026-09-18
b1589,box,POST,/shield_information_barriers,post_shield_information_barriers,Create shield information barrier,Creates a shield information barrier to separate individuals/groups within the same firm and prevents confidential information passing between them.,w,high,ii plain create barrier,buildset-2026-09-18
b1590,box,POST,/oauth2/revoke,post_oauth2_revoke,Revoke access token,"Revoke an active Access Token, effectively logging a user out that has been previously authenticated.",x,high,b revokes access token credential,buildset-2026-09-18
b1591,box,DELETE,/group_memberships/{group_membership_id},delete_group_memberships_id,Remove user from group,Deletes a specific group membership. Only admins of this group or users with admin-level permissions will be able to use this API.,x,high,DELETE method wins no restore named,buildset-2026-09-18
b1592,box,DELETE,/shield_information_barrier_segments/{shield_information_barrier_segment_id},delete_shield_information_barrier_segments_id,Delete shield information barrier segment,Deletes the shield information barrier segment based on provided ID.,x,high,a deletes no restore named,buildset-2026-09-18
b1593,box,PUT,/files/{file_id}/metadata/enterprise/securityClassification-6VMVochwUWo,put_files_id_metadata_enterprise_securityClassification-6VMVochwUWo,Update classification on file,"Updates a classification on a file. The classification can only be updated if a classification has already been applied to the file before. When editing classifications, only values are defined for the enterprise will be accepted.",w,high,PUT default w,buildset-2026-09-18
b1594,box,POST,/files/upload_sessions/{upload_session_id}/commit,post_files_upload_sessions_id_commit,Commit upload session,Close an upload session and create a file from the uploaded chunks.,w,low,ii creates file from session,buildset-2026-09-18
b1595,box,DELETE,/files/{file_id}/trash,delete_files_id_trash,Permanently remove file,Permanently deletes a file that is in the trash. This action cannot be undone.,x,high,a cannot be undone stated,buildset-2026-09-18
b1596,box,PUT,/files/{file_id}#remove_shared_link,put_files_id#remove_shared_link,Remove shared link from file,Removes a shared link from a file.,w,low,removing shared link settable back,buildset-2026-09-18
b1597,box,PUT,/files/{file_id}/watermark,put_files_id_watermark,Apply watermark to file,Applies or update a watermark on a file.,w,high,w applies watermark settable back,buildset-2026-09-18
b1598,box,POST,/group_memberships,post_group_memberships,Add user to group,Creates a group membership. Only users with admin-level permissions will be able to use this API.,w,high,ii plain create membership,buildset-2026-09-18
b1599,box,DELETE,/users/{user_id}/email_aliases/{email_alias_id},delete_users_id_email_aliases_id,Remove email alias,Removes an email alias from a user.,x,high,a deletes email alias no restore,buildset-2026-09-18
b1600,box,PUT,/files/{file_id}/metadata/global/boxSkillsCards,put_files_id_metadata_global_boxSkillsCards,Update Box Skill cards on file,Updates one or more Box Skills metadata cards to a file.,w,high,w edits metadata cards,buildset-2026-09-18
b1601,box,POST,/metadata_templates/schema,post_metadata_templates_schema,Create metadata template,Creates a new metadata template that can be applied to files and folders.,w,high,ii plain create metadata template,buildset-2026-09-18
b1602,box,POST,/files/{file_id}/content,post_files_id_content,Upload file version,Update a file's content. For file sizes over 50MB we recommend using the Chunk Upload APIs. # Request body order The `attributes` part of the body must come **before** the `file` part. Requests that do not follow this format when uploading the file will receive a HTTP `400` error with a `metadata_after_file_contents` error code.,w,high,ii plain create file version,buildset-2026-09-18
b1603,box,DELETE,/files/{file_id}/metadata/enterprise/securityClassification-6VMVochwUWo,delete_files_id_metadata_enterprise_securityClassification-6VMVochwUWo,Remove classification from file,"Removes any classifications from a file. This API can also be called by including the enterprise ID in the URL explicitly, for example `/files/:id//enterprise_12345/securityClassification-6VMVochwUWo`.",x,high,a deletes classification no restore,buildset-2026-09-18
b1604,box,PUT,/folders/{folder_id},put_folders_id,Update folder,"Updates a folder. This can be also be used to move the folder, create shared links, update collaborations, and more.",w,high,PUT default edit folder,buildset-2026-09-18
b1605,box,POST,/users/{user_id}/email_aliases,post_users_id_email_aliases,Create email alias,Adds a new email alias to a user account..,w,high,ii plain create alias,buildset-2026-09-18
b1606,box,PUT,/files/{file_id}/metadata/{scope}/{template_key},put_files_id_metadata_id_id,Update metadata instance on file,"Updates a piece of metadata on a file. The metadata instance can only be updated if the template has already been applied to the file before. When editing metadata, only values that match the metadata template schema will be accepted. The update is applied atomically. If any errors occur during the application of the operations, the metadata instance will not be changed.",w,high,PUT default w edits metadata,buildset-2026-09-18
b1607,box,PUT,/retention_policies/{retention_policy_id},put_retention_policies_id,Update retention policy,Updates a retention policy.,w,high,PUT default w,buildset-2026-09-18
b1608,box,POST,/files/{file_id}/copy,post_files_id_copy,Copy file,Creates a copy of a file.,w,high,ii plain create copy,buildset-2026-09-18
b1609,box,PUT,/folders/{folder_id}/watermark,put_folders_id_watermark,Apply watermark to folder,Applies or update a watermark on a folder.,w,high,PUT default w apply setting,buildset-2026-09-18
b1610,box,POST,/webhooks,post_webhooks,Create webhook,Creates a webhook.,w,high,ii plain create webhook,buildset-2026-09-18
b1611,box,PUT,/collaborations/{collaboration_id},put_collaborations_id,Update collaboration,"Updates a collaboration. Can be used to change the owner of an item, or to accept collaboration invites.",w,high,w updates collaboration settable back,buildset-2026-09-18
b1612,box,DELETE,/folders/{folder_id}/metadata/{scope}/{template_key},delete_folders_id_metadata_id_id,Remove metadata instance from folder,Deletes a piece of folder metadata.,x,high,a deletes metadata no restore,buildset-2026-09-18
b1613,box,PUT,/web_links/{web_link_id}#update_shared_link,put_web_links_id#update_shared_link,Update shared link on web link,Updates a shared link on a web link.,w,high,PUT default edits shared link,buildset-2026-09-18
b1614,box,DELETE,/files/{file_id}/versions/{file_version_id},delete_files_id_versions_id,Remove file version,Move a file version to the trash. Versions are only tracked for Box users with premium accounts.,w,high,DELETE goes to trash named,buildset-2026-09-18
b1615,box,PUT,/files/{file_id}#update_shared_link,put_files_id#update_shared_link,Update shared link on file,Updates a shared link on a file.,w,high,w edits shared link settable back,buildset-2026-09-18
b1616,box,PUT,/users/{user_id}/folders/0,put_users_id_folders_0,Transfer owned folders,"Move all of the items (files, folders and workflows) owned by a user into another user's account Only the root folder (`0`) can be transferred. Folders can only be moved across users by users with administrative permissions. All existing shared links and folder-level collaborations are transferred during the operation. Please note that while collaborations at the individual file-level are transferred during the operation, the collaborations are deleted when the original user is deleted. This cal",w,low,PUT default transfers ownership settable back,buildset-2026-09-18
b1617,box,POST,/retention_policies,post_retention_policies,Create retention policy,Creates a retention policy.,w,high,ii plain create retention policy,buildset-2026-09-18
b1618,gitlab,PUT,/v3/projects/{id}/services/assembla,putV3ProjectsIdServicesAssembla,Set assembla service for project,Set assembla service for project,w,high,w sets assembla service settable back,buildset-2026-09-18
b1619,gitlab,PUT,/v3/projects/{id}/services/pipelines-email,putV3ProjectsIdServicesPipelinesEmail,Set pipelines-email service for project,Set pipelines-email service for project,w,high,put default set service,buildset-2026-09-18
b1620,gitlab,PUT,/v3/projects/{id}/snippets/{snippet_id},putV3ProjectsIdSnippetsSnippetId,Update an existing project snippet,Update an existing project snippet,w,high,w edits snippet,buildset-2026-09-18
b1621,gitlab,DELETE,/v3/users/{id}/emails/{email_id},deleteV3UsersIdEmailsEmailId,Delete an email address of a specified user. Available only for admins.,Delete an email address of a specified user. Available only for admins.,x,high,a deletes email no restore,buildset-2026-09-18
b1622,gitlab,DELETE,/v3/projects/{id}/keys/{key_id},deleteV3ProjectsIdKeysKeyId,Delete deploy key for a project,Delete deploy key for a project,x,high,a deletes key no restore,buildset-2026-09-18
b1623,gitlab,PUT,/v3/projects/{id}/services/bamboo,putV3ProjectsIdServicesBamboo,Set bamboo service for project,Set bamboo service for project,w,high,w sets service config,buildset-2026-09-18
b1624,gitlab,DELETE,/v3/projects/{id}/snippets/{snippet_id},deleteV3ProjectsIdSnippetsSnippetId,Delete a project snippet,Delete a project snippet,x,high,a deletes snippet no restore,buildset-2026-09-18
b1625,gitlab,PUT,/v3/projects/{id}/services/buildkite,putV3ProjectsIdServicesBuildkite,Set buildkite service for project,Set buildkite service for project,w,high,PUT default w,buildset-2026-09-18
b1626,gitlab,PUT,/v3/projects/{id}/environments/{environment_id},putV3ProjectsIdEnvironmentsEnvironmentId,Updates an existing environment,This feature was introduced in GitLab 8.11.,w,high,w updates environment settable back,buildset-2026-09-18
b1627,gitlab,POST,/v3/projects/{id}/merge_requests/{subscribable_id}/subscription,postV3ProjectsIdMergeRequestsSubscribableIdSubscription,Subscribe to a resource,Subscribe to a resource,w,high,ii plain create subscription settable back,buildset-2026-09-18
b1628,gitlab,POST,/v3/projects/{id}/issues,postV3ProjectsIdIssues,Create a new project issue,Create a new project issue,w,high,ii plain create issue,buildset-2026-09-18
b1629,gitlab,POST,/v3/projects/{id}/statuses/{sha},postV3ProjectsIdStatusesSha,Post status to a commit,Post status to a commit,w,high,ii plain create status,buildset-2026-09-18
b1630,gitlab,POST,/v3/groups/{id}/members,postV3GroupsIdMembers,Adds a member to a group or project.,Adds a member to a group or project.,w,high,ii plain create add member,buildset-2026-09-18
b1631,gitlab,DELETE,/v3/projects/{id}/variables/{key},deleteV3ProjectsIdVariablesKey,Delete an existing variable from a project,Delete an existing variable from a project,x,high,DELETE method wins removes variable,buildset-2026-09-18
b1632,gitlab,POST,/v3/projects/{id}/services/slack_slash_commands/trigger,postV3ProjectsIdServicesSlackSlashCommandsTrigger,Trigger a slash command for slack-slash-commands,Added in GitLab 8.13,x,high,e triggers slack command executes,buildset-2026-09-18
b1633,gitlab,PUT,/v3/projects/{id}/services/irker,putV3ProjectsIdServicesIrker,Set irker service for project,Set irker service for project,w,high,put default set service,buildset-2026-09-18
b1634,gitlab,PUT,/v3/projects/{id}/repository/files,putV3ProjectsIdRepositoryFiles,Update existing file in repository,Update existing file in repository,w,high,put default w update file,buildset-2026-09-18
b1635,gitlab,DELETE,/v3/hooks/{id},deleteV3HooksId,Delete a hook,Delete a hook,x,high,a deletes hook no restore,buildset-2026-09-18
b1636,gitlab,DELETE,/v3/groups/{id}/access_requests/{user_id},deleteV3GroupsIdAccessRequestsUserId,Denies an access request for the given user.,This feature was introduced in GitLab 8.11.,x,high,DELETE method wins no restore named,buildset-2026-09-18
b1637,gitlab,PUT,/v3/projects/{id}/issues/{issue_id},putV3ProjectsIdIssuesIssueId,Update an existing issue,Update an existing issue,w,high,w edits issue,buildset-2026-09-18
b1638,gitlab,POST,/v3/projects/{id}/repository/tags/{tag_name}/release,postV3ProjectsIdRepositoryTagsTagNameRelease,Add a release note to a tag,Add a release note to a tag,w,high,ii plain create release note,buildset-2026-09-18
b1639,gitlab,DELETE,/v3/runners/{id},deleteV3RunnersId,Remove a runner,Remove a runner,x,high,a deletes runner no restore,buildset-2026-09-18
b1640,gitlab,POST,/v3/projects/{id}/keys/{key_id}/enable,postV3ProjectsIdKeysKeyIdEnable,Enable a deploy key for a project,This feature was added in GitLab 8.11,w,high,toggle enable has disable,buildset-2026-09-18
b1641,gitlab,POST,/v3/groups,postV3Groups,Create a group. Available only for users who can create groups.,Create a group. Available only for users who can create groups.,w,high,ii plain create group,buildset-2026-09-18
b1642,gitlab,POST,/v3/projects/{id}/merge_requests/{merge_request_id}/add_spent_time,postV3ProjectsIdMergeRequestsMergeRequestIdAddSpentTime,Add spent time for a project merge_request,Add spent time for a project merge_request,w,high,iii adds spent time existing item,buildset-2026-09-18
b1643,gitlab,DELETE,/v3/groups/{id},deleteV3GroupsId,Remove a group.,Remove a group.,x,high,a deletes group no restore,buildset-2026-09-18
b1644,gitlab,DELETE,/v3/projects/{id}/hooks/{hook_id},deleteV3ProjectsIdHooksHookId,Deletes project hook,Deletes project hook,x,high,a deletes project hook no restore,buildset-2026-09-18
b1645,gitlab,POST,/v3/projects/{id}/merge_requests/{noteable_id}/notes,postV3ProjectsIdMergeRequestsNoteableIdNotes,Create a new +noteable+ note,Create a new +noteable+ note,w,high,ii plain create of note,buildset-2026-09-18
b1646,gitlab,PUT,/v3/users/{id}/unblock,putV3UsersIdUnblock,Unblock a user. Available only for admins.,Unblock a user. Available only for admins.,w,high,toggle unblock has block,buildset-2026-09-18
b1647,gitlab,POST,/v3/projects/{id}/snippets/{snippet_id}/award_emoji,postV3ProjectsIdSnippetsSnippetIdAwardEmoji,Award a new Emoji,This feature was introduced in 8.9,w,high,ii plain create emoji award,buildset-2026-09-18
b1648,gitlab,DELETE,/v3/projects/{id}/merge_requests/{noteable_id}/notes/{note_id},deleteV3ProjectsIdMergeRequestsNoteableIdNotesNoteId,Delete a +noteable+ note,Delete a +noteable+ note,x,high,DELETE method wins removes note,buildset-2026-09-18
b1649,gitlab,DELETE,/v3/projects/{id}/issues/{issue_id}/award_emoji/{award_id},deleteV3ProjectsIdIssuesIssueIdAwardEmojiAwardId,Delete a +awardables+ award emoji,This feature was introduced in 8.9,x,high,delete method no trash,buildset-2026-09-18
b1650,gitlab,POST,/v3/projects/{id}/pipelines/{pipeline_id}/retry,postV3ProjectsIdPipelinesPipelineIdRetry,Retry failed builds in the pipeline,This feature was introduced in GitLab 8.11.,x,high,e retries pipeline triggers run,buildset-2026-09-18
b1651,gitlab,POST,/v3/projects/{id}/issues/{issue_id}/time_estimate,postV3ProjectsIdIssuesIssueIdTimeEstimate,Set a time estimate for a project issue,Set a time estimate for a project issue,w,high,w sets time estimate settable back,buildset-2026-09-18
b1652,gitlab,POST,/v3/users,postV3Users,Create a user. Available only for admins.,Create a user. Available only for admins.,w,high,ii plain create user,buildset-2026-09-18
b1653,gitlab,PUT,/v3/projects/{id}/services/slack-slash-commands,putV3ProjectsIdServicesSlackSlashCommands,Set slack-slash-commands service for project,Set slack-slash-commands service for project,w,high,w sets service config,buildset-2026-09-18
b1654,gitlab,PUT,/v3/projects/{id}/services/teamcity,putV3ProjectsIdServicesTeamcity,Set teamcity service for project,Set teamcity service for project,w,high,w sets service config,buildset-2026-09-18
b1655,gitlab,POST,/v3/projects/{id}/repository/tags,postV3ProjectsIdRepositoryTags,Create a new repository tag,Create a new repository tag,w,high,ii plain create tag,buildset-2026-09-18
b1656,gitlab,PUT,/v3/groups/{id},putV3GroupsId,Update a group. Available only for users who can administrate groups.,Update a group. Available only for users who can administrate groups.,w,high,put default update group,buildset-2026-09-18
b1657,gitlab,PUT,/v3/projects/{id}/notification_settings,putV3ProjectsIdNotificationSettings,"Update project level notification level settings, defaults to Global",This feature was introduced in GitLab 8.12,w,high,PUT default w,buildset-2026-09-18
b1658,gitlab,PUT,/v3/snippets/{id},putV3SnippetsId,Update an existing snippet,This feature was introduced in GitLab 8.15.,w,high,w edits snippet,buildset-2026-09-18
b1659,gitlab,PUT,/v3/projects/{id}/services/jira,putV3ProjectsIdServicesJira,Set jira service for project,Set jira service for project,w,high,w sets jira service config,buildset-2026-09-18
b1660,gitlab,PUT,/v3/projects/{id}/merge_request/{merge_request_id},putV3ProjectsIdMergeRequestMergeRequestId,Update a merge request,Update a merge request,w,high,w edits merge request,buildset-2026-09-18
b1661,gitlab,PUT,/v3/projects/{id}/services/redmine,putV3ProjectsIdServicesRedmine,Set redmine service for project,Set redmine service for project,w,high,PUT default w,buildset-2026-09-18
b1662,gitlab,PUT,/v3/projects/{id}/services/hipchat,putV3ProjectsIdServicesHipchat,Set hipchat service for project,Set hipchat service for project,w,high,PUT default sets service,buildset-2026-09-18
b1663,gitlab,DELETE,/v3/projects/{id}/merge_requests/{subscribable_id}/subscription,deleteV3ProjectsIdMergeRequestsSubscribableIdSubscription,Unsubscribe from a resource,Unsubscribe from a resource,x,high,DELETE method wins unsubscribe,buildset-2026-09-18
b1664,gitlab,PUT,/v3/users/{id},putV3UsersId,Update a user. Available only for admins.,Update a user. Available only for admins.,w,high,w edits user,buildset-2026-09-18
b1665,gitlab,DELETE,/v3/projects/{id}/deploy_keys/{key_id}/disable,deleteV3ProjectsIdDeployKeysKeyIdDisable,Disable a deploy key for a project,This feature was added in GitLab 8.11,x,low,delete method wins despite disable wording,buildset-2026-09-18
b1666,gitlab,PUT,/v3/projects/{id}/variables/{key},putV3ProjectsIdVariablesKey,Update an existing variable from a project,Update an existing variable from a project,w,high,w updates variable settable back,buildset-2026-09-18
b1667,gitlab,POST,/v3/projects/{id}/star,postV3ProjectsIdStar,Star a project,Star a project,w,high,ii plain create star relation,buildset-2026-09-18
b1668,gitlab,PUT,/v3/runners/{id},putV3RunnersId,Update runner's details,Update runner's details,w,high,w edits runner details,buildset-2026-09-18
b1669,gitlab,DELETE,/v3/projects/{id}/labels/{subscribable_id}/subscription,deleteV3ProjectsIdLabelsSubscribableIdSubscription,Unsubscribe from a resource,Unsubscribe from a resource,x,high,DELETE method wins membership,buildset-2026-09-18
b1670,gitlab,DELETE,/v3/projects/{id}/issues/{issue_id}/notes/{note_id}/award_emoji/{award_id},deleteV3ProjectsIdIssuesIssueIdNotesNoteIdAwardEmojiAwardId,Delete a +awardables+ award emoji,This feature was introduced in 8.9,x,high,DELETE method wins no restore named,buildset-2026-09-18
b1671,gitlab,DELETE,/v3/snippets/{id},deleteV3SnippetsId,Remove snippet,This feature was introduced in GitLab 8.15.,x,high,delete method no trash,buildset-2026-09-18
b1672,gitlab,POST,/v3/projects/{id}/merge_requests/{merge_request_id}/reset_spent_time,postV3ProjectsIdMergeRequestsMergeRequestIdResetSpentTime,Reset spent time for a project merge_request,Reset spent time for a project merge_request,w,high,w resets field settable back,buildset-2026-09-18
b1673,gitlab,DELETE,/v3/projects/{id}/issues/{subscribable_id}/subscription,deleteV3ProjectsIdIssuesSubscribableIdSubscription,Unsubscribe from a resource,Unsubscribe from a resource,x,high,DELETE method wins removes subscription,buildset-2026-09-18
b1674,gitlab,DELETE,/v3/projects/{id}/merge_requests/{merge_request_id}/notes/{note_id}/award_emoji/{award_id},deleteV3ProjectsIdMergeRequestsMergeRequestIdNotesNoteIdAwardEmojiAwardId,Delete a +awardables+ award emoji,This feature was introduced in 8.9,x,high,a deletes emoji no restore,buildset-2026-09-18
b1675,gitlab,POST,/v3/projects/{id}/snippets,postV3ProjectsIdSnippets,Create a new project snippet,Create a new project snippet,w,high,ii plain create snippet,buildset-2026-09-18
b1676,gitlab,DELETE,/v3/todos,deleteV3Todos,Mark all todos as done,Mark all todos as done,x,low,DELETE method default no restore named,buildset-2026-09-18
b1677,gitlab,POST,/v3/projects/{id}/runners,postV3ProjectsIdRunners,Enable a runner for a project,Enable a runner for a project,w,high,toggle enable has opposite disable,buildset-2026-09-18
b1678,gitlab,POST,/v3/projects/{id}/repository/branches,postV3ProjectsIdRepositoryBranches,Create branch,Create branch,w,high,ii plain create branch,buildset-2026-09-18
b1679,gitlab,POST,/v3/projects/{id}/keys,postV3ProjectsIdKeys,Add new deploy key to currently authenticated user,Add new deploy key to currently authenticated user,w,high,ii plain create deploy key,buildset-2026-09-18
b1680,gitlab,POST,/v3/projects/{id}/merge_request/{subscribable_id}/subscription,postV3ProjectsIdMergeRequestSubscribableIdSubscription,Subscribe to a resource,Subscribe to a resource,w,high,ii plain create subscription,buildset-2026-09-18
b1681,gitlab,PUT,/v3/projects/{id}/services/external-wiki,putV3ProjectsIdServicesExternalWiki,Set external-wiki service for project,Set external-wiki service for project,w,high,PUT default sets service config,buildset-2026-09-18
b1682,gitlab,PUT,/v3/projects/{id}/services/flowdock,putV3ProjectsIdServicesFlowdock,Set flowdock service for project,Set flowdock service for project,w,high,PUT default sets service config,buildset-2026-09-18
b1683,gitlab,POST,/v3/projects/{id}/merge_requests,postV3ProjectsIdMergeRequests,Create a merge request,Create a merge request,w,high,ii plain create merge request,buildset-2026-09-18
b1684,gitlab,DELETE,/v3/projects/{id}/repository/merged_branches,deleteV3ProjectsIdRepositoryMergedBranches,,,x,high,DELETE default deletes branches,buildset-2026-09-18
b1685,gitlab,DELETE,/v3/projects/{id},deleteV3ProjectsId,Remove a project,Remove a project,x,high,a deletes project no restore,buildset-2026-09-18
b1686,gitlab,PUT,/v3/projects/{id}/services/pushover,putV3ProjectsIdServicesPushover,Set pushover service for project,Set pushover service for project,w,high,PUT default w,buildset-2026-09-18
b1687,gitlab,PUT,/v3/projects/{id}/services/mattermost,putV3ProjectsIdServicesMattermost,Set mattermost service for project,Set mattermost service for project,w,high,w sets mattermost service settable back,buildset-2026-09-18
b1688,gitlab,POST,/v3/internal/lfs_authenticate,postV3InternalLfsAuthenticate,,,w,low,w authenticate creates session sparse text,buildset-2026-09-18
b1689,gitlab,DELETE,/v3/user/keys/{key_id},deleteV3UserKeysKeyId,Delete an SSH key from the currently authenticated user,Delete an SSH key from the currently authenticated user,x,high,DELETE method wins no restore named,buildset-2026-09-18
b1690,gitlab,DELETE,/v3/projects/{id}/snippets/{noteable_id}/notes/{note_id},deleteV3ProjectsIdSnippetsNoteableIdNotesNoteId,Delete a +noteable+ note,Delete a +noteable+ note,x,high,a deletes note no restore,buildset-2026-09-18
b1691,gitlab,POST,/v3/projects/{id}/labels/{subscribable_id}/subscription,postV3ProjectsIdLabelsSubscribableIdSubscription,Subscribe to a resource,Subscribe to a resource,w,high,ii plain create subscription,buildset-2026-09-18
b1692,gitlab,PUT,/v3/groups/{id}/access_requests/{user_id}/approve,putV3GroupsIdAccessRequestsUserIdApprove,Approves an access request for the given user.,This feature was introduced in GitLab 8.11.,w,high,PUT default approves access request settable back,buildset-2026-09-18
b1693,gitlab,POST,/v3/users/{id}/keys,postV3UsersIdKeys,Add an SSH key to a specified user. Available only for admins.,Add an SSH key to a specified user. Available only for admins.,w,high,ii plain create key,buildset-2026-09-18
b1694,gitlab,POST,/v3/projects,postV3Projects,Create new project,Create new project,w,high,ii plain create project,buildset-2026-09-18
b1695,gitlab,POST,/v3/user/emails,postV3UserEmails,Add new email address to the currently authenticated user,Add new email address to the currently authenticated user,w,high,ii plain create email,buildset-2026-09-18
b1696,gitlab,PUT,/v3/projects/{id}/merge_requests/{noteable_id}/notes/{note_id},putV3ProjectsIdMergeRequestsNoteableIdNotesNoteId,Update an existing +noteable+ note,Update an existing +noteable+ note,w,high,PUT default edits note,buildset-2026-09-18
b1697,gitlab,POST,/v3/projects/{id}/pipeline,postV3ProjectsIdPipeline,Create a new pipeline,This feature was introduced in GitLab 8.14,x,high,e creates pipeline runs job,buildset-2026-09-18
b1698,gitlab,PUT,/v3/notification_settings,putV3NotificationSettings,"Update global notification level settings and email, defaults to Participate",This feature was introduced in GitLab 8.12,w,high,w edits notification settings,buildset-2026-09-18
b1699,gitlab,POST,/v3/groups/{id}/projects/{project_id},postV3GroupsIdProjectsProjectId,Transfer a project to the group namespace. Available only for admin.,Transfer a project to the group namespace. Available only for admin.,w,low,w transfers project settable back via transfer,buildset-2026-09-18
b1700,gitlab,PUT,/v3/projects/{id}/services/mattermost-slash-commands,putV3ProjectsIdServicesMattermostSlashCommands,Set mattermost-slash-commands service for project,Set mattermost-slash-commands service for project,w,high,put default w sets service,buildset-2026-09-18
b1701,gitlab,PUT,/v3/projects/{id}/merge_requests/{merge_request_id},putV3ProjectsIdMergeRequestsMergeRequestId,Update a merge request,Update a merge request,w,high,PUT default w,buildset-2026-09-18
b1702,gitlab,DELETE,/v3/projects/{id}/merge_request/{subscribable_id}/subscription,deleteV3ProjectsIdMergeRequestSubscribableIdSubscription,Unsubscribe from a resource,Unsubscribe from a resource,x,high,DELETE removes subscription method wins x,buildset-2026-09-18
b1703,gitlab,DELETE,/v3/projects/{id}/repository/files,deleteV3ProjectsIdRepositoryFiles,Delete an existing file in repository,Delete an existing file in repository,x,high,a deletes repo file no restore,buildset-2026-09-18
b1704,gitlab,PUT,/v3/projects/{id}/repository/branches/{branch}/unprotect,putV3ProjectsIdRepositoryBranchesBranchUnprotect,Unprotect a single branch,Unprotect a single branch,w,high,toggle unprotect has protect opposite,buildset-2026-09-18
b1705,gitlab,POST,/v3/projects/{id}/merge_request/{merge_request_id}/cancel_merge_when_build_succeeds,postV3ProjectsIdMergeRequestMergeRequestIdCancelMergeWhenBuildSucceeds,"Cancel merge if ""Merge When Pipeline Succeeds"" is enabled","Cancel merge if ""Merge When Pipeline Succeeds"" is enabled",w,high,w stops something restartable,buildset-2026-09-18
b1706,gitlab,POST,/v3/projects/{id}/merge_requests/{merge_request_id}/todo,postV3ProjectsIdMergeRequestsMergeRequestIdTodo,Create a todo on an issuable,Create a todo on an issuable,w,high,ii plain create todo,buildset-2026-09-18
b1707,gitlab,PUT,/v3/projects/{id}/members/{user_id},putV3ProjectsIdMembersUserId,Updates a member of a group or project.,Updates a member of a group or project.,w,high,PUT default edit member,buildset-2026-09-18
b1708,gitlab,PUT,/v3/projects/{id}/services/asana,putV3ProjectsIdServicesAsana,Set asana service for project,Set asana service for project,w,high,w sets service config,buildset-2026-09-18
b1709,gitlab,PUT,/v3/projects/{id}/boards/{board_id}/lists/{list_id},putV3ProjectsIdBoardsBoardIdListsListId,Moves a board list to a new position,This feature was introduced in 8.13,w,high,iii moves board list edit,buildset-2026-09-18
b1710,gitlab,POST,/v3/users/{id}/emails,postV3UsersIdEmails,Add an email address to a specified user. Available only for admins.,Add an email address to a specified user. Available only for admins.,w,high,ii adds email removable,buildset-2026-09-18
b1711,gitlab,POST,/v3/internal/allowed,postV3InternalAllowed,,,r,low,i internal check no summary,buildset-2026-09-18
b1712,gitlab,DELETE,/v3/user/emails/{email_id},deleteV3UserEmailsEmailId,Delete an email address from the currently authenticated user,Delete an email address from the currently authenticated user,x,high,a deletes email no restore,buildset-2026-09-18
b1713,gitlab,DELETE,/v3/projects/{id}/labels,deleteV3ProjectsIdLabels,Delete an existing label,Delete an existing label,x,high,DELETE no trash named,buildset-2026-09-18
b1714,gitlab,POST,/v3/user/keys,postV3UserKeys,Add a new SSH key to the currently authenticated user,Add a new SSH key to the currently authenticated user,w,high,ii plain create ssh key,buildset-2026-09-18
b1715,gitlab,POST,/v3/projects/{id}/issues/{noteable_id}/notes,postV3ProjectsIdIssuesNoteableIdNotes,Create a new +noteable+ note,Create a new +noteable+ note,w,high,ii plain create of note,buildset-2026-09-18
b1716,gitlab,POST,/v3/ci/lint,postV3CiLint,Validation of .gitlab-ci.yml content,Validation of .gitlab-ci.yml content,r,high,i validation read only,buildset-2026-09-18
b1717,gitlab,POST,/v3/projects/{id}/deploy_keys,postV3ProjectsIdDeployKeys,Add new deploy key to currently authenticated user,Add new deploy key to currently authenticated user,w,high,ii plain create deploy key,buildset-2026-09-18
b1718,gitlab,POST,/v3/projects/{id}/repository/commits,postV3ProjectsIdRepositoryCommits,Commit multiple file changes as one commit,This feature was introduced in GitLab 8.13,w,low,ii plain create commit,buildset-2026-09-18
b1719,gitlab,DELETE,/v3/projects/{id}/fork,deleteV3ProjectsIdFork,Remove a forked_from relationship,Remove a forked_from relationship,x,high,DELETE removes fork relationship method wins,buildset-2026-09-18
b1720,gitlab,POST,/v3/projects/{id}/issues/{subscribable_id}/subscription,postV3ProjectsIdIssuesSubscribableIdSubscription,Subscribe to a resource,Subscribe to a resource,w,high,ii plain create subscription,buildset-2026-09-18
b1721,gitlab,POST,/v3/projects/{id}/repository/files,postV3ProjectsIdRepositoryFiles,Create new file in repository,Create new file in repository,w,high,ii plain create of file,buildset-2026-09-18
b1722,gitlab,PUT,/v3/projects/{id}/services/pivotaltracker,putV3ProjectsIdServicesPivotaltracker,Set pivotaltracker service for project,Set pivotaltracker service for project,w,high,PUT default w,buildset-2026-09-18
b1723,gitlab,PUT,/v3/projects/{id}/labels,putV3ProjectsIdLabels,Update an existing label. At least one optional parameter is required.,Update an existing label. At least one optional parameter is required.,w,high,w updates label settable back,buildset-2026-09-18
b1724,gitlab,DELETE,/v3/projects/{id}/runners/{runner_id},deleteV3ProjectsIdRunnersRunnerId,Disable project's runner,Disable project's runner,x,low,DELETE disables unlinks runner method wins,buildset-2026-09-18
b1725,gitlab,POST,/v3/projects/fork/{id},postV3ProjectsForkId,Fork new project for the current user or provided namespace.,Fork new project for the current user or provided namespace.,w,low,ii plain create fork project,buildset-2026-09-18
b1726,gitlab,POST,/v3/projects/{id}/uploads,postV3ProjectsIdUploads,Upload a file,Upload a file,w,high,ii plain create upload,buildset-2026-09-18
b1727,gitlab,POST,/v3/projects/{id}/builds/{build_id}/play,postV3ProjectsIdBuildsBuildIdPlay,Trigger a manual build,This feature was added in GitLab 8.11,x,high,e triggers manual build run,buildset-2026-09-18
b1728,gitlab,PUT,/v3/projects/{id}/milestones/{milestone_id},putV3ProjectsIdMilestonesMilestoneId,Update an existing project milestone,Update an existing project milestone,w,high,w edits milestone,buildset-2026-09-18
b1729,gitlab,POST,/v3/projects/{id}/services/mattermost_slash_commands/trigger,postV3ProjectsIdServicesMattermostSlashCommandsTrigger,Trigger a slash command for mattermost-slash-commands,Added in GitLab 8.13,x,high,e triggers mattermost command executes,buildset-2026-09-18
b1730,gitlab,POST,/v3/hooks,postV3Hooks,Create a new system hook,Create a new system hook,w,high,ii plain create hook,buildset-2026-09-18
b1731,gitlab,POST,/v3/projects/{id}/issues/{issue_id}/move,postV3ProjectsIdIssuesIssueIdMove,Move an existing issue,Move an existing issue,w,high,iii moves item settable back,buildset-2026-09-18
b1732,gitlab,POST,/v3/projects/{id}/variables,postV3ProjectsIdVariables,Create a new variable in a project,Create a new variable in a project,w,high,ii plain create variable,buildset-2026-09-18
b1733,gitlab,POST,/v3/projects/{id}/merge_request/{merge_request_id}/comments,postV3ProjectsIdMergeRequestMergeRequestIdComments,Post a comment to a merge request,Duplicate. DEPRECATED and WILL BE REMOVED in 9.0,w,low,ii plain create comment,buildset-2026-09-18
b1734,gitlab,DELETE,/v3/users/{id}/keys/{key_id},deleteV3UsersIdKeysKeyId,Delete an existing SSH key from a specified user. Available only for admins.,Delete an existing SSH key from a specified user. Available only for admins.,x,high,a deletes ssh key no restore,buildset-2026-09-18
b1735,gitlab,POST,/v3/projects/{id}/deploy_keys/{key_id}/enable,postV3ProjectsIdDeployKeysKeyIdEnable,Enable a deploy key for a project,This feature was added in GitLab 8.11,w,high,toggle enable has disable opposite,buildset-2026-09-18
b1736,gitlab,DELETE,/v3/projects/{id}/issues/{noteable_id}/notes/{note_id},deleteV3ProjectsIdIssuesNoteableIdNotesNoteId,Delete a +noteable+ note,Delete a +noteable+ note,x,high,a deletes note no restore,buildset-2026-09-18
b1737,gitlab,POST,/v3/projects/{id}/hooks,postV3ProjectsIdHooks,Add hook to project,Add hook to project,w,high,ii plain create of hook,buildset-2026-09-18
b1738,gitlab,DELETE,/v3/projects/{id}/repository/tags/{tag_name},deleteV3ProjectsIdRepositoryTagsTagName,Delete a repository tag,Delete a repository tag,x,high,delete method no trash,buildset-2026-09-18
b1739,gitlab,POST,/v3/snippets,postV3Snippets,Create new snippet,This feature was introduced in GitLab 8.15.,w,high,ii plain create snippet,buildset-2026-09-18
b1740,gitlab,POST,/v3/projects/{id}/builds/{build_id}/retry,postV3ProjectsIdBuildsBuildIdRetry,Retry a specific build of a project,Retry a specific build of a project,x,high,e re-runs build job,buildset-2026-09-18
b1741,gitlab,POST,/v3/projects/{id}/issues/{issue_id}/award_emoji,postV3ProjectsIdIssuesIssueIdAwardEmoji,Award a new Emoji,This feature was introduced in 8.9,w,high,ii plain create emoji award,buildset-2026-09-18
b1742,gitlab,PUT,/v3/groups/{id}/notification_settings,putV3GroupsIdNotificationSettings,"Update group level notification level settings, defaults to Global",This feature was introduced in GitLab 8.12,w,high,PUT default w,buildset-2026-09-18
b1743,gitlab,POST,/v3/projects/{id}/boards/{board_id}/lists,postV3ProjectsIdBoardsBoardIdLists,Create a new board list,This feature was introduced in 8.13,w,high,ii plain create board list,buildset-2026-09-18
b1744,gitlab,DELETE,/v3/projects/{id}/snippets/{snippet_id}/notes/{note_id}/award_emoji/{award_id},deleteV3ProjectsIdSnippetsSnippetIdNotesNoteIdAwardEmojiAwardId,Delete a +awardables+ award emoji,This feature was introduced in 8.9,x,high,DELETE method wins removes emoji,buildset-2026-09-18
b1745,gitlab,POST,/v3/projects/{id}/repository/commits/{sha}/cherry_pick,postV3ProjectsIdRepositoryCommitsShaCherryPick,Cherry pick commit into a branch,This feature was introduced in GitLab 8.15,w,low,ii create-like commit revertible,buildset-2026-09-18
b1746,gitlab,POST,/v3/projects/{id}/merge_requests/{merge_request_id}/reset_time_estimate,postV3ProjectsIdMergeRequestsMergeRequestIdResetTimeEstimate,Reset the time estimate for a project merge_request,Reset the time estimate for a project merge_request,w,high,iii resets field settable back,buildset-2026-09-18
b1747,gitlab,POST,/v3/projects/{id}/issues/{issue_id}/notes/{note_id}/award_emoji,postV3ProjectsIdIssuesIssueIdNotesNoteIdAwardEmoji,Award a new Emoji,This feature was introduced in 8.9,w,high,ii plain create emoji reaction,buildset-2026-09-18
b1748,gitlab,DELETE,/v3/projects/{id}/snippets/{snippet_id}/award_emoji/{award_id},deleteV3ProjectsIdSnippetsSnippetIdAwardEmojiAwardId,Delete a +awardables+ award emoji,This feature was introduced in 8.9,x,high,delete method no trash,buildset-2026-09-18
b1749,gitlab,POST,/v3/projects/{id}/issues/{issue_id}/reset_spent_time,postV3ProjectsIdIssuesIssueIdResetSpentTime,Reset spent time for a project issue,Reset spent time for a project issue,w,low,iii resets field value settable back,buildset-2026-09-18
b1750,gitlab,POST,/v3/projects/{id}/labels,postV3ProjectsIdLabels,Create a new label,Create a new label,w,high,ii plain create of label,buildset-2026-09-18
b1751,gitlab,PUT,/v3/projects/{id}/merge_request/{merge_request_id}/merge,putV3ProjectsIdMergeRequestMergeRequestIdMerge,Merge a merge request,Merge a merge request,x,low,e merge executes cannot be undone,buildset-2026-09-18
b1752,gitlab,PUT,/v3/projects/{id},putV3ProjectsId,Update an existing project,Update an existing project,w,high,put default update project,buildset-2026-09-18
b1753,gitlab,PUT,/v3/projects/{id}/services/emails-on-push,putV3ProjectsIdServicesEmailsOnPush,Set emails-on-push service for project,Set emails-on-push service for project,w,high,PUT default sets service config,buildset-2026-09-18
b1754,gitlab,DELETE,/v3/projects/{id}/deploy_keys/{key_id},deleteV3ProjectsIdDeployKeysKeyId,Delete deploy key for a project,Delete deploy key for a project,x,high,DELETE method wins no restore named,buildset-2026-09-18
b1755,gitlab,POST,/v3/projects/{id}/pipelines/{pipeline_id}/cancel,postV3ProjectsIdPipelinesPipelineIdCancel,Cancel all builds in the pipeline,This feature was introduced in GitLab 8.11.,x,high,f cancel loses running progress,buildset-2026-09-18
b1756,gitlab,POST,/v3/projects/{id}/share,postV3ProjectsIdShare,Share the project with a group,Share the project with a group,w,low,w grants access settable back,buildset-2026-09-18
b1757,gitlab,POST,/v3/groups/{id}/access_requests,postV3GroupsIdAccessRequests,Requests access for the authenticated user to a group.,This feature was introduced in GitLab 8.11.,w,high,ii plain create access request,buildset-2026-09-18
b1758,gitlab,POST,/v3/projects/{id}/merge_requests/{merge_request_id}/cancel_merge_when_build_succeeds,postV3ProjectsIdMergeRequestsMergeRequestIdCancelMergeWhenBuildSucceeds,"Cancel merge if ""Merge When Pipeline Succeeds"" is enabled","Cancel merge if ""Merge When Pipeline Succeeds"" is enabled",w,high,w stops something restartable,buildset-2026-09-18
b1759,gitlab,POST,/v3/projects/{id}/builds/{build_id}/cancel,postV3ProjectsIdBuildsBuildIdCancel,Cancel a specific build of a project,Cancel a specific build of a project,x,high,f cancels build progress lost,buildset-2026-09-18
b1760,gitlab,DELETE,/v3/projects/{id}/environments/{environment_id},deleteV3ProjectsIdEnvironmentsEnvironmentId,Deletes an existing environment,This feature was introduced in GitLab 8.11.,x,high,a deletes environment no restore,buildset-2026-09-18
b1761,gitlab,POST,/v3/projects/{id}/merge_requests/{merge_request_id}/time_estimate,postV3ProjectsIdMergeRequestsMergeRequestIdTimeEstimate,Set a time estimate for a project merge_request,Set a time estimate for a project merge_request,w,high,iii sets time estimate existing item,buildset-2026-09-18
b1762,gitlab,POST,/v3/projects/{id}/builds/{build_id}/artifacts/keep,postV3ProjectsIdBuildsBuildIdArtifactsKeep,Keep the artifacts to prevent them from being deleted,Keep the artifacts to prevent them from being deleted,w,high,editing plain flag settable,buildset-2026-09-18
b1763,gitlab,POST,/v3/projects/{id}/environments,postV3ProjectsIdEnvironments,Creates a new environment,This feature was introduced in GitLab 8.11.,w,high,ii plain create environment,buildset-2026-09-18
b1764,gitlab,PUT,/v3/projects/{id}/services/builds-email,putV3ProjectsIdServicesBuildsEmail,Set builds-email service for project,Set builds-email service for project,w,high,w sets service config,buildset-2026-09-18
b1765,gitlab,PUT,/v3/users/{id}/block,putV3UsersIdBlock,Block a user. Available only for admins.,Block a user. Available only for admins.,w,high,toggle block has unblock opposite,buildset-2026-09-18
b1766,gitlab,POST,/v3/projects/{id}/merge_requests/{merge_request_id}/notes/{note_id}/award_emoji,postV3ProjectsIdMergeRequestsMergeRequestIdNotesNoteIdAwardEmoji,Award a new Emoji,This feature was introduced in 8.9,w,high,ii plain create of emoji award,buildset-2026-09-18
b1767,gitlab,PUT,/v3/projects/{id}/services/custom-issue-tracker,putV3ProjectsIdServicesCustomIssueTracker,Set custom-issue-tracker service for project,Set custom-issue-tracker service for project,w,high,w sets service config,buildset-2026-09-18
b1768,launchdarkly,PATCH,/integrations/{integrationKey}/{integrationId},patchIntegrationSubscription,Modify an integration subscription by ID.,,w,high,w modifies subscription settable back,buildset-2026-09-18
b1769,launchdarkly,POST,/projects/{projectKey}/flags/{featureFlagKey}/environments/{environmentKey}/approval-requests/{approvalRequestId}/apply,postApplyApprovalRequest,Apply approval request for a feature flag config,,x,low,e applies approval request runs change,buildset-2026-09-18
b1770,launchdarkly,PATCH,/members/{memberId},patchMember,Modify a team member by ID.,,w,high,w edits member,buildset-2026-09-18
b1771,launchdarkly,PATCH,/projects/{projectKey}/flags/{featureFlagKey}/environments/{environmentKey}/scheduled-changes/{scheduledChangeId},patchFlagConfigScheduledChange,Updates an existing scheduled-change on a feature flag in an environment.,,w,high,w updates scheduled change settable back,buildset-2026-09-18
b1772,launchdarkly,PATCH,/projects/{projectKey},patchProject,Modify a project by ID.,,w,high,PATCH default edit project,buildset-2026-09-18
b1773,launchdarkly,DELETE,/webhooks/{resourceId},deleteWebhook,Delete a webhook by ID.,,x,high,a deletes webhook no restore,buildset-2026-09-18
b1774,launchdarkly,DELETE,/users/{projectKey}/{environmentKey}/{userKey},deleteUser,Delete a user by ID.,,x,high,a deletes user no restore,buildset-2026-09-18
b1775,launchdarkly,POST,/integrations/{integrationKey},postIntegrationSubscription,Create a new integration subscription of a given kind.,,w,high,ii plain create subscription,buildset-2026-09-18
b1776,launchdarkly,PATCH,/flags/{projectKey}/{featureFlagKey}/expiring-user-targets/{environmentKey},patchExpiringUserTargets,"Update, add, or delete expiring user targets on feature flag",,w,low,w PATCH default configures targets,buildset-2026-09-18
b1777,launchdarkly,PATCH,/segments/{projectKey}/{userSegmentKey}/expiring-user-targets/{environmentKey},patchExpiringUserTargetsOnSegment,"Update, add, or delete expiring user targets on user segment",,w,high,PATCH default edits list targets,buildset-2026-09-18
b1778,launchdarkly,DELETE,/roles/{customRoleKey},deleteCustomRole,Delete a custom role by key.,,x,high,a deletes custom role no restore,buildset-2026-09-18
b1779,launchdarkly,DELETE,/projects/{projectKey},deleteProject,Delete a project by key. Caution-- deleting a project will delete all associated environments and feature flags. You cannot delete the last project in an account.,,x,high,a deletes cascade no restore,buildset-2026-09-18
b1780,launchdarkly,POST,/projects,postProject,Create a new project with the given key and name.,,w,high,ii plain create project,buildset-2026-09-18
b1781,launchdarkly,POST,/flags/{projectKey},postFeatureFlag,Creates a new feature flag.,,w,high,ii plain create feature flag,buildset-2026-09-18
b1782,launchdarkly,DELETE,/projects/{projectKey}/environments/{environmentKey},deleteEnvironment,Delete an environment in a specific project.,,x,high,DELETE no trash named,buildset-2026-09-18
b1783,launchdarkly,PATCH,/users/{projectKey}/{userKey}/expiring-user-targets/{environmentKey},patchExpiringUserTargetsForFlags,"Update, add, or delete expiring user targets for a single user on all flags",,w,high,PATCH default w mixed update,buildset-2026-09-18
b1784,launchdarkly,POST,/projects/{projectKey}/flags/{featureFlagKey}/environments/{environmentKey}/scheduled-changes-conflicts,getFlagConfigScheduledChangesConflicts,"Lists conflicts between the given instructions and any existing scheduled changes for the feature flag. The actual HTTP verb should be REPORT, not POST.",,r,high,i list query conflicts read,buildset-2026-09-18
b1785,launchdarkly,POST,/segments/{projectKey}/{environmentKey}/{userSegmentKey}/users,updateBigSegmentTargets,Update targets included or excluded in a big segment,,w,high,w updates segment targets settable back,buildset-2026-09-18
b1786,launchdarkly,POST,/projects/{projectKey}/environments,postEnvironment,"Create a new environment in a specified project with a given name, key, and swatch color.",,w,high,ii plain create of environment,buildset-2026-09-18
b1787,launchdarkly,POST,/roles,postCustomRole,Create a new custom role.,,w,high,ii plain create custom role,buildset-2026-09-18
b1788,launchdarkly,PATCH,/roles/{customRoleKey},patchCustomRole,Modify a custom role by key.,,w,high,PATCH default edit role,buildset-2026-09-18
b1789,launchdarkly,POST,/members,postMembers,Invite new members.,,x,high,c invites new members sends,buildset-2026-09-18
b1790,launchdarkly,POST,/webhooks,postWebhook,Create a webhook.,,w,high,ii plain create webhook,buildset-2026-09-18
b1791,launchdarkly,POST,/flags/{projectKey}/{featureFlagKey}/copy,copyFeatureFlag,Copies the feature flag configuration from one environment to the same feature flag in another environment.,,w,low,w copies flag config settable back,buildset-2026-09-18
b1792,launchdarkly,POST,/segments/{projectKey}/{environmentKey},postUserSegment,Creates a new user segment.,,w,high,ii plain create segment,buildset-2026-09-18
b1793,launchdarkly,POST,/account/relay-auto-configs,postRelayAutoConfig,Create a new relay proxy config.,,w,high,ii plain create of relay config,buildset-2026-09-18
b1794,launchdarkly,POST,/projects/{projectKey}/environments/{environmentKey}/mobileKey,resetEnvironmentMobileKey,"Reset an environment's mobile key. The optional expiry for the old key is deprecated for this endpoint, so the old key will always expire immediately.",,x,high,b resets key expires old key,buildset-2026-09-18
b1795,launchdarkly,POST,/destinations/{projectKey}/{environmentKey},postDestination,Create a new data export destination,,w,high,ii plain create destination,buildset-2026-09-18
b1796,launchdarkly,POST,/projects/{projectKey}/flags/{featureFlagKey}/environments/{environmentKey}/approval-requests/{approvalRequestId}/review,postReviewApprovalRequest,Review approval request for a feature flag config,,x,low,unsure review approval request defaults tighter x,buildset-2026-09-18
b1797,launchdarkly,DELETE,/tokens/{tokenId},deleteToken,Delete an access token by ID.,,x,high,b delete token credential,buildset-2026-09-18
b1798,launchdarkly,DELETE,/members/{memberId},deleteMember,Delete a team member by ID.,,x,high,DELETE no trash named,buildset-2026-09-18
b1799,launchdarkly,POST,/projects/{projectKey}/environments/{environmentKey}/apiKey,resetEnvironmentSDKKey,Reset an environment's SDK key with an optional expiry time for the old key.,,x,high,b rotates credential key,buildset-2026-09-18
b1800,launchdarkly,DELETE,/flags/{projectKey}/{featureFlagKey},deleteFeatureFlag,Delete a feature flag in all environments. Be careful-- only delete feature flags that are no longer being used by your application.,,x,high,a deletes feature flag no restore,buildset-2026-09-18
b1801,launchdarkly,DELETE,/account/relay-auto-configs/{id},deleteRelayProxyConfig,Delete a relay proxy configuration by ID.,,x,high,delete method no trash,buildset-2026-09-18
b1802,launchdarkly,DELETE,/projects/{projectKey}/flags/{featureFlagKey}/environments/{environmentKey}/approval-requests/{approvalRequestId},deleteApprovalRequest,Delete an approval request for a feature flag config,,x,high,a deletes approval request,buildset-2026-09-18
b1803,launchdarkly,DELETE,/segments/{projectKey}/{environmentKey}/{userSegmentKey},deleteUserSegment,Delete a user segment.,,x,high,a deletes segment no restore,buildset-2026-09-18
b1804,launchdarkly,PUT,/users/{projectKey}/{environmentKey}/{userKey}/flags/{featureFlagKey},putFlagSetting,Specifically enable or disable a feature flag for a user based on their key.,,w,high,toggle enable disable flag,buildset-2026-09-18
b1805,launchdarkly,PATCH,/account/relay-auto-configs/{id},patchRelayProxyConfig,Modify a relay proxy configuration by ID.,,w,high,PATCH default edits relay config,buildset-2026-09-18
b1806,launchdarkly,PATCH,/tokens/{tokenId},patchToken,Modify an access token by ID.,,w,low,w edits token settings unsure rotate,buildset-2026-09-18
b1807,launchdarkly,POST,/tokens/{tokenId}/reset,resetToken,Reset an access token's secret key with an optional expiry time for the old key.,,x,high,b resets credential secret key,buildset-2026-09-18
b1808,launchdarkly,DELETE,/destinations/{projectKey}/{environmentKey}/{destinationId},deleteDestination,Get a single data export destination by ID,,x,high,a deletes destination no restore opId confirms,buildset-2026-09-18
b1809,launchdarkly,DELETE,/projects/{projectKey}/flags/{featureFlagKey}/environments/{environmentKey}/scheduled-changes/{scheduledChangeId},deleteFlagConfigScheduledChanges,Delete a scheduled change on a feature flag in an environment.,,x,high,a deletes scheduled change no restore,buildset-2026-09-18
b1810,launchdarkly,POST,/projects/{projectKey}/flags/{featureFlagKey}/environments/{environmentKey}/approval-requests/{approvalRequestId},postApprovalRequest,Create an approval request for a feature flag config,,w,high,ii plain create approval request,buildset-2026-09-18
b1811,launchdarkly,PATCH,/destinations/{projectKey}/{environmentKey}/{destinationId},patchDestination,Perform a partial update to a data export destination.,,w,high,PATCH default w,buildset-2026-09-18
b1812,launchdarkly,PATCH,/webhooks/{resourceId},patchWebhook,Modify a webhook by ID.,,w,high,patch default w modifies webhook,buildset-2026-09-18
b1813,launchdarkly,POST,/projects/{projectKey}/flags/{featureFlagKey}/environments/{environmentKey}/scheduled-changes,postFlagConfigScheduledChanges,Creates a new scheduled change for a feature flag.,,w,high,ii plain create scheduled change,buildset-2026-09-18
b1814,launchdarkly,POST,/tokens,postToken,Create a new token.,,w,high,ii plain create of token,buildset-2026-09-18
b1815,launchdarkly,PATCH,/flags/{projectKey}/{featureFlagKey},patchFeatureFlag,Perform a partial update to a feature.,,w,high,PATCH default partial update,buildset-2026-09-18
b1816,launchdarkly,POST,/account/relay-auto-configs/{id}/reset,resetRelayProxyConfig,Reset a relay proxy configuration's secret key with an optional expiry time for the old key.,,x,high,b resets secret key credential,buildset-2026-09-18
b1817,launchdarkly,DELETE,/integrations/{integrationKey}/{integrationId},deleteIntegrationSubscription,Delete an integration subscription by ID.,,x,high,a deletes integration subscription no restore,buildset-2026-09-18
b1818,launchdarkly,PATCH,/segments/{projectKey}/{environmentKey}/{userSegmentKey},patchUserSegment,Perform a partial update to a user segment.,,w,high,patch default w partial update segment,buildset-2026-09-18
b1819,launchdarkly,PATCH,/projects/{projectKey}/environments/{environmentKey},patchEnvironment,"Modify an environment by ID. If you try to patch the environment by setting both required and requiredApprovalTags, it will result in an error. Users can specify either required approvals for all flags in an environment or those with specific tags, but not both. Only customers on an Enterprise plan can require approval for flag updates with either mechanism.",,w,high,PATCH default w,buildset-2026-09-18
