row_id,part,provider,method,path,operationId
e0001,1,okta,GET,/.well-known/app-authenticator-configuration,getWellKnownAppAuthenticatorConfiguration
e0002,3,okta,GET,/.well-known/apple-app-site-association,getAppleAppSiteAssociationWellKnownURI
e0003,3,okta,GET,/.well-known/assetlinks.json,getAssetLinksWellKnownURI
e0004,1,okta,GET,/.well-known/okta-organization,getWellknownOrgMetadata
e0005,6,okta,GET,/.well-known/ssf-configuration,getWellknownSsfMetadata
e0006,1,okta,GET,/.well-known/webauthn,getWebAuthnWellKnownURI
e0007,3,okta,GET,/api/v1/agentPools,listAgentPools
e0008,6,okta,GET,/api/v1/agentPools/{poolId}/updates,listAgentPoolsUpdates
e0009,7,okta,POST,/api/v1/agentPools/{poolId}/updates,createAgentPoolsUpdate
e0010,5,okta,GET,/api/v1/agentPools/{poolId}/updates/settings,getAgentPoolsUpdateSettings
e0011,2,okta,POST,/api/v1/agentPools/{poolId}/updates/settings,updateAgentPoolsUpdateSettings
e0012,7,okta,GET,/api/v1/agentPools/{poolId}/updates/{updateId},getAgentPoolsUpdateInstance
e0013,6,okta,POST,/api/v1/agentPools/{poolId}/updates/{updateId},updateAgentPoolsUpdate
e0014,7,okta,DELETE,/api/v1/agentPools/{poolId}/updates/{updateId},deleteAgentPoolsUpdate
e0015,1,okta,POST,/api/v1/agentPools/{poolId}/updates/{updateId}/activate,activateAgentPoolsUpdate
e0016,3,okta,POST,/api/v1/agentPools/{poolId}/updates/{updateId}/deactivate,deactivateAgentPoolsUpdate
e0017,7,okta,POST,/api/v1/agentPools/{poolId}/updates/{updateId}/pause,pauseAgentPoolsUpdate
e0018,1,okta,POST,/api/v1/agentPools/{poolId}/updates/{updateId}/resume,resumeAgentPoolsUpdate
e0019,6,okta,POST,/api/v1/agentPools/{poolId}/updates/{updateId}/retry,retryAgentPoolsUpdate
e0020,3,okta,POST,/api/v1/agentPools/{poolId}/updates/{updateId}/stop,stopAgentPoolsUpdate
e0021,1,okta,GET,/api/v1/api-tokens,listApiTokens
e0022,6,okta,DELETE,/api/v1/api-tokens/current,revokeCurrentApiToken
e0023,7,okta,GET,/api/v1/api-tokens/{apiTokenId},getApiToken
e0024,4,okta,PUT,/api/v1/api-tokens/{apiTokenId},upsertApiToken
e0025,5,okta,DELETE,/api/v1/api-tokens/{apiTokenId},revokeApiToken
e0026,2,okta,GET,/api/v1/apps,listApplications
e0027,3,okta,POST,/api/v1/apps,createApplication
e0028,5,okta,GET,/api/v1/apps/{appId},getApplication
e0029,5,okta,PUT,/api/v1/apps/{appId},replaceApplication
e0030,2,okta,DELETE,/api/v1/apps/{appId},deleteApplication
e0031,2,okta,GET,/api/v1/apps/{appId}/connections/default,getDefaultProvisioningConnectionForApplication
e0032,1,okta,POST,/api/v1/apps/{appId}/connections/default,updateDefaultProvisioningConnectionForApplication
e0033,6,okta,GET,/api/v1/apps/{appId}/connections/default/jwks,getUserProvisioningConnectionJWKS
e0034,7,okta,POST,/api/v1/apps/{appId}/connections/default/lifecycle/activate,activateDefaultProvisioningConnectionForApplication
e0035,5,okta,POST,/api/v1/apps/{appId}/connections/default/lifecycle/deactivate,deactivateDefaultProvisioningConnectionForApplication
e0036,2,okta,GET,/api/v1/apps/{appId}/credentials/csrs,listCsrsForApplication
e0037,5,okta,POST,/api/v1/apps/{appId}/credentials/csrs,generateCsrForApplication
e0038,3,okta,GET,/api/v1/apps/{appId}/credentials/csrs/{csrId},getCsrForApplication
e0039,2,okta,DELETE,/api/v1/apps/{appId}/credentials/csrs/{csrId},revokeCsrFromApplication
e0040,3,okta,POST,/api/v1/apps/{appId}/credentials/csrs/{csrId}/lifecycle/publish,publishCsrFromApplication
e0041,6,okta,GET,/api/v1/apps/{appId}/credentials/jwks,listJwk
e0042,1,okta,POST,/api/v1/apps/{appId}/credentials/jwks,addJwk
e0043,2,okta,GET,/api/v1/apps/{appId}/credentials/jwks/{keyId},getJwk
e0044,6,okta,DELETE,/api/v1/apps/{appId}/credentials/jwks/{keyId},deletejwk
e0045,2,okta,POST,/api/v1/apps/{appId}/credentials/jwks/{keyId}/lifecycle/activate,activateOAuth2ClientJsonWebKey
e0046,3,okta,POST,/api/v1/apps/{appId}/credentials/jwks/{keyId}/lifecycle/deactivate,deactivateOAuth2ClientJsonWebKey
e0047,4,okta,GET,/api/v1/apps/{appId}/credentials/keys,listApplicationKeys
e0048,3,okta,POST,/api/v1/apps/{appId}/credentials/keys/generate,generateApplicationKey
e0049,2,okta,GET,/api/v1/apps/{appId}/credentials/keys/{keyId},getApplicationKey
e0050,6,okta,POST,/api/v1/apps/{appId}/credentials/keys/{keyId}/clone,cloneApplicationKey
e0051,3,okta,GET,/api/v1/apps/{appId}/credentials/secrets,listOAuth2ClientSecrets
e0052,5,okta,POST,/api/v1/apps/{appId}/credentials/secrets,createOAuth2ClientSecret
e0053,5,okta,GET,/api/v1/apps/{appId}/credentials/secrets/{secretId},getOAuth2ClientSecret
e0054,7,okta,DELETE,/api/v1/apps/{appId}/credentials/secrets/{secretId},deleteOAuth2ClientSecret
e0055,7,okta,POST,/api/v1/apps/{appId}/credentials/secrets/{secretId}/lifecycle/activate,activateOAuth2ClientSecret
e0056,3,okta,POST,/api/v1/apps/{appId}/credentials/secrets/{secretId}/lifecycle/deactivate,deactivateOAuth2ClientSecret
e0057,6,okta,GET,/api/v1/apps/{appId}/cwo/connections,getAllCrossAppAccessConnections
e0058,2,okta,POST,/api/v1/apps/{appId}/cwo/connections,createCrossAppAccessConnection
e0059,7,okta,GET,/api/v1/apps/{appId}/cwo/connections/{connectionId},getCrossAppAccessConnection
e0060,6,okta,DELETE,/api/v1/apps/{appId}/cwo/connections/{connectionId},deleteCrossAppAccessConnection
e0061,5,okta,PATCH,/api/v1/apps/{appId}/cwo/connections/{connectionId},updateCrossAppAccessConnection
e0062,7,okta,GET,/api/v1/apps/{appId}/features,listFeaturesForApplication
e0063,7,okta,GET,/api/v1/apps/{appId}/features/{featureName},getFeatureForApplication
e0064,7,okta,PUT,/api/v1/apps/{appId}/features/{featureName},updateFeatureForApplication
e0065,5,okta,GET,/api/v1/apps/{appId}/federated-claims,listFederatedClaims
e0066,4,okta,POST,/api/v1/apps/{appId}/federated-claims,createFederatedClaim
e0067,2,okta,GET,/api/v1/apps/{appId}/federated-claims/{claimId},getFederatedClaim
e0068,6,okta,PUT,/api/v1/apps/{appId}/federated-claims/{claimId},replaceFederatedClaim
e0069,6,okta,DELETE,/api/v1/apps/{appId}/federated-claims/{claimId},deleteFederatedClaim
e0070,7,okta,GET,/api/v1/apps/{appId}/grants,listScopeConsentGrants
e0071,3,okta,POST,/api/v1/apps/{appId}/grants,grantConsentToScope
e0072,2,okta,GET,/api/v1/apps/{appId}/grants/{grantId},getScopeConsentGrant
e0073,4,okta,DELETE,/api/v1/apps/{appId}/grants/{grantId},revokeScopeConsentGrant
e0074,2,okta,GET,/api/v1/apps/{appId}/group-push/mappings,listGroupPushMappings
e0075,1,okta,POST,/api/v1/apps/{appId}/group-push/mappings,createGroupPushMapping
e0076,6,okta,GET,/api/v1/apps/{appId}/group-push/mappings/{mappingId},getGroupPushMapping
e0077,2,okta,DELETE,/api/v1/apps/{appId}/group-push/mappings/{mappingId},deleteGroupPushMapping
e0078,7,okta,PATCH,/api/v1/apps/{appId}/group-push/mappings/{mappingId},updateGroupPushMapping
e0079,6,okta,GET,/api/v1/apps/{appId}/groups,listApplicationGroupAssignments
e0080,1,okta,GET,/api/v1/apps/{appId}/groups/{groupId},getApplicationGroupAssignment
e0081,3,okta,PUT,/api/v1/apps/{appId}/groups/{groupId},assignGroupToApplication
e0082,7,okta,DELETE,/api/v1/apps/{appId}/groups/{groupId},unassignApplicationFromGroup
e0083,5,okta,PATCH,/api/v1/apps/{appId}/groups/{groupId},updateGroupAssignmentToApplication
e0084,3,okta,GET,/api/v1/apps/{appId}/interclient-allowed-apps,listInterclientAllowedApplications
e0085,6,okta,POST,/api/v1/apps/{appId}/interclient-allowed-apps,createInterclientTrustMapping
e0086,7,okta,DELETE,/api/v1/apps/{appId}/interclient-allowed-apps/{allowedAppId},deleteInterclientTrustMapping
e0087,5,okta,GET,/api/v1/apps/{appId}/interclient-target-apps,listInterclientTargetApplications
e0088,4,okta,POST,/api/v1/apps/{appId}/lifecycle/activate,activateApplication
e0089,6,okta,POST,/api/v1/apps/{appId}/lifecycle/deactivate,deactivateApplication
e0090,1,okta,POST,/api/v1/apps/{appId}/logo,uploadApplicationLogo
e0091,2,okta,PUT,/api/v1/apps/{appId}/policies/{policyId},assignApplicationPolicy
e0092,5,okta,GET,/api/v1/apps/{appId}/sso/saml/metadata,previewSAMLmetadataForApplication
e0093,2,okta,GET,/api/v1/apps/{appId}/tokens,listOAuth2TokensForApplication
e0094,3,okta,DELETE,/api/v1/apps/{appId}/tokens,revokeOAuth2TokensForApplication
e0095,7,okta,GET,/api/v1/apps/{appId}/tokens/{tokenId},getOAuth2TokenForApplication
e0096,2,okta,DELETE,/api/v1/apps/{appId}/tokens/{tokenId},revokeOAuth2TokenForApplication
e0097,2,okta,GET,/api/v1/apps/{appId}/users,listApplicationUsers
e0098,5,okta,POST,/api/v1/apps/{appId}/users,assignUserToApplication
e0099,4,okta,GET,/api/v1/apps/{appId}/users/{userId},getApplicationUser
e0100,4,okta,POST,/api/v1/apps/{appId}/users/{userId},updateApplicationUser
e0101,5,okta,DELETE,/api/v1/apps/{appId}/users/{userId},unassignUserFromApplication
e0102,4,okta,POST,/api/v1/apps/{appName}/{appId}/oauth2/callback,verifyProvisioningConnectionForApplication
e0103,4,okta,GET,/api/v1/authenticators,listAuthenticators
e0104,3,okta,POST,/api/v1/authenticators,createAuthenticator
e0105,1,okta,GET,/api/v1/authenticators/{authenticatorId},getAuthenticator
e0106,5,okta,PUT,/api/v1/authenticators/{authenticatorId},replaceAuthenticator
e0107,4,okta,GET,/api/v1/authenticators/{authenticatorId}/aaguids,listAllCustomAAGUIDs
e0108,1,okta,POST,/api/v1/authenticators/{authenticatorId}/aaguids,createCustomAAGUID
e0109,6,okta,GET,/api/v1/authenticators/{authenticatorId}/aaguids/{aaguid},getCustomAAGUID
e0110,4,okta,PUT,/api/v1/authenticators/{authenticatorId}/aaguids/{aaguid},replaceCustomAAGUID
e0111,7,okta,DELETE,/api/v1/authenticators/{authenticatorId}/aaguids/{aaguid},deleteCustomAAGUID
e0112,7,okta,PATCH,/api/v1/authenticators/{authenticatorId}/aaguids/{aaguid},updateCustomAAGUID
e0113,1,okta,POST,/api/v1/authenticators/{authenticatorId}/lifecycle/activate,activateAuthenticator
e0114,5,okta,POST,/api/v1/authenticators/{authenticatorId}/lifecycle/deactivate,deactivateAuthenticator
e0115,3,okta,GET,/api/v1/authenticators/{authenticatorId}/methods,listAuthenticatorMethods
e0116,4,okta,GET,/api/v1/authenticators/{authenticatorId}/methods/{methodType},getAuthenticatorMethod
e0117,4,okta,PUT,/api/v1/authenticators/{authenticatorId}/methods/{methodType},replaceAuthenticatorMethod
e0118,3,okta,POST,/api/v1/authenticators/{authenticatorId}/methods/{methodType}/lifecycle/activate,activateAuthenticatorMethod
e0119,4,okta,POST,/api/v1/authenticators/{authenticatorId}/methods/{methodType}/lifecycle/deactivate,deactivateAuthenticatorMethod
e0120,6,okta,POST,/api/v1/authenticators/{authenticatorId}/methods/{webAuthnMethodType}/verify-rp-id-domain,verifyRpIdDomain
e0121,7,okta,GET,/api/v1/authorizationServers,listAuthorizationServers
e0122,7,okta,POST,/api/v1/authorizationServers,createAuthorizationServer
e0123,5,okta,GET,/api/v1/authorizationServers/{authServerId},getAuthorizationServer
e0124,4,okta,PUT,/api/v1/authorizationServers/{authServerId},replaceAuthorizationServer
e0125,4,okta,DELETE,/api/v1/authorizationServers/{authServerId},deleteAuthorizationServer
e0126,3,okta,GET,/api/v1/authorizationServers/{authServerId}/associatedServers,listAssociatedServersByTrustedType
e0127,6,okta,POST,/api/v1/authorizationServers/{authServerId}/associatedServers,createAssociatedServers
e0128,4,okta,DELETE,/api/v1/authorizationServers/{authServerId}/associatedServers/{associatedServerId},deleteAssociatedServer
e0129,1,okta,GET,/api/v1/authorizationServers/{authServerId}/claims,listOAuth2Claims
e0130,1,okta,POST,/api/v1/authorizationServers/{authServerId}/claims,createOAuth2Claim
e0131,4,okta,GET,/api/v1/authorizationServers/{authServerId}/claims/{claimId},getOAuth2Claim
e0132,5,okta,PUT,/api/v1/authorizationServers/{authServerId}/claims/{claimId},replaceOAuth2Claim
e0133,2,okta,DELETE,/api/v1/authorizationServers/{authServerId}/claims/{claimId},deleteOAuth2Claim
e0134,6,okta,GET,/api/v1/authorizationServers/{authServerId}/clients,listOAuth2ClientsForAuthorizationServer
e0135,1,okta,GET,/api/v1/authorizationServers/{authServerId}/clients/{clientId}/tokens,listRefreshTokensForAuthorizationServerAndClient
e0136,3,okta,DELETE,/api/v1/authorizationServers/{authServerId}/clients/{clientId}/tokens,revokeRefreshTokensForAuthorizationServerAndClient
e0137,6,okta,GET,/api/v1/authorizationServers/{authServerId}/clients/{clientId}/tokens/{tokenId},getRefreshTokenForAuthorizationServerAndClient
e0138,4,okta,DELETE,/api/v1/authorizationServers/{authServerId}/clients/{clientId}/tokens/{tokenId},revokeRefreshTokenForAuthorizationServerAndClient
e0139,2,okta,GET,/api/v1/authorizationServers/{authServerId}/credentials/keys,listAuthorizationServerKeys
e0140,3,okta,GET,/api/v1/authorizationServers/{authServerId}/credentials/keys/{keyId},getAuthorizationServerKey
e0141,6,okta,POST,/api/v1/authorizationServers/{authServerId}/credentials/lifecycle/keyRotate,rotateAuthorizationServerKeys
e0142,2,okta,POST,/api/v1/authorizationServers/{authServerId}/lifecycle/activate,activateAuthorizationServer
e0143,2,okta,POST,/api/v1/authorizationServers/{authServerId}/lifecycle/deactivate,deactivateAuthorizationServer
e0144,5,okta,GET,/api/v1/authorizationServers/{authServerId}/policies,listAuthorizationServerPolicies
e0145,6,okta,POST,/api/v1/authorizationServers/{authServerId}/policies,createAuthorizationServerPolicy
e0146,4,okta,GET,/api/v1/authorizationServers/{authServerId}/policies/{policyId},getAuthorizationServerPolicy
e0147,2,okta,PUT,/api/v1/authorizationServers/{authServerId}/policies/{policyId},replaceAuthorizationServerPolicy
e0148,3,okta,DELETE,/api/v1/authorizationServers/{authServerId}/policies/{policyId},deleteAuthorizationServerPolicy
e0149,3,okta,POST,/api/v1/authorizationServers/{authServerId}/policies/{policyId}/lifecycle/activate,activateAuthorizationServerPolicy
e0150,1,okta,POST,/api/v1/authorizationServers/{authServerId}/policies/{policyId}/lifecycle/deactivate,deactivateAuthorizationServerPolicy
e0151,4,okta,GET,/api/v1/authorizationServers/{authServerId}/policies/{policyId}/rules,listAuthorizationServerPolicyRules
e0152,2,okta,POST,/api/v1/authorizationServers/{authServerId}/policies/{policyId}/rules,createAuthorizationServerPolicyRule
e0153,2,okta,GET,/api/v1/authorizationServers/{authServerId}/policies/{policyId}/rules/{ruleId},getAuthorizationServerPolicyRule
e0154,1,okta,PUT,/api/v1/authorizationServers/{authServerId}/policies/{policyId}/rules/{ruleId},replaceAuthorizationServerPolicyRule
e0155,2,okta,DELETE,/api/v1/authorizationServers/{authServerId}/policies/{policyId}/rules/{ruleId},deleteAuthorizationServerPolicyRule
e0156,2,okta,POST,/api/v1/authorizationServers/{authServerId}/policies/{policyId}/rules/{ruleId}/lifecycle/activate,activateAuthorizationServerPolicyRule
e0157,6,okta,POST,/api/v1/authorizationServers/{authServerId}/policies/{policyId}/rules/{ruleId}/lifecycle/deactivate,deactivateAuthorizationServerPolicyRule
e0158,7,okta,GET,/api/v1/authorizationServers/{authServerId}/resourceservercredentials/keys,listOAuth2ResourceServerJsonWebKeys
e0159,5,okta,POST,/api/v1/authorizationServers/{authServerId}/resourceservercredentials/keys,addOAuth2ResourceServerJsonWebKey
e0160,2,okta,GET,/api/v1/authorizationServers/{authServerId}/resourceservercredentials/keys/{keyId},getOAuth2ResourceServerJsonWebKey
e0161,3,okta,DELETE,/api/v1/authorizationServers/{authServerId}/resourceservercredentials/keys/{keyId},deleteOAuth2ResourceServerJsonWebKey
e0162,5,okta,POST,/api/v1/authorizationServers/{authServerId}/resourceservercredentials/keys/{keyId}/lifecycle/activate,activateOAuth2ResourceServerJsonWebKey
e0163,7,okta,POST,/api/v1/authorizationServers/{authServerId}/resourceservercredentials/keys/{keyId}/lifecycle/deactivate,deactivateOAuth2ResourceServerJsonWebKey
e0164,4,okta,GET,/api/v1/authorizationServers/{authServerId}/scopes,listOAuth2Scopes
e0165,2,okta,POST,/api/v1/authorizationServers/{authServerId}/scopes,createOAuth2Scope
e0166,6,okta,GET,/api/v1/authorizationServers/{authServerId}/scopes/{scopeId},getOAuth2Scope
e0167,2,okta,PUT,/api/v1/authorizationServers/{authServerId}/scopes/{scopeId},replaceOAuth2Scope
e0168,3,okta,DELETE,/api/v1/authorizationServers/{authServerId}/scopes/{scopeId},deleteOAuth2Scope
e0169,1,okta,GET,/api/v1/behaviors,listBehaviorDetectionRules
e0170,5,okta,POST,/api/v1/behaviors,createBehaviorDetectionRule
e0171,1,okta,GET,/api/v1/behaviors/{behaviorId},getBehaviorDetectionRule
e0172,2,okta,PUT,/api/v1/behaviors/{behaviorId},replaceBehaviorDetectionRule
e0173,5,okta,DELETE,/api/v1/behaviors/{behaviorId},deleteBehaviorDetectionRule
e0174,5,okta,POST,/api/v1/behaviors/{behaviorId}/lifecycle/activate,activateBehaviorDetectionRule
e0175,5,okta,POST,/api/v1/behaviors/{behaviorId}/lifecycle/deactivate,deactivateBehaviorDetectionRule
e0176,4,okta,GET,/api/v1/bot-protection/configuration,getBotProtectionConfiguration
e0177,2,okta,POST,/api/v1/bot-protection/configuration,updateBotProtectionConfiguration
e0178,2,okta,GET,/api/v1/brands,listBrands
e0179,2,okta,POST,/api/v1/brands,createBrand
e0180,2,okta,GET,/api/v1/brands/{brandId},getBrand
e0181,3,okta,PUT,/api/v1/brands/{brandId},replaceBrand
e0182,7,okta,DELETE,/api/v1/brands/{brandId},deleteBrand
e0183,6,okta,GET,/api/v1/brands/{brandId}/domains,listBrandDomains
e0184,4,okta,GET,/api/v1/brands/{brandId}/pages/error,getErrorPage
e0185,4,okta,GET,/api/v1/brands/{brandId}/pages/error/customized,getCustomizedErrorPage
e0186,5,okta,PUT,/api/v1/brands/{brandId}/pages/error/customized,replaceCustomizedErrorPage
e0187,1,okta,DELETE,/api/v1/brands/{brandId}/pages/error/customized,deleteCustomizedErrorPage
e0188,6,okta,GET,/api/v1/brands/{brandId}/pages/error/default,getDefaultErrorPage
e0189,7,okta,GET,/api/v1/brands/{brandId}/pages/error/preview,getPreviewErrorPage
e0190,7,okta,PUT,/api/v1/brands/{brandId}/pages/error/preview,replacePreviewErrorPage
e0191,1,okta,DELETE,/api/v1/brands/{brandId}/pages/error/preview,deletePreviewErrorPage
e0192,6,okta,GET,/api/v1/brands/{brandId}/pages/sign-in,getSignInPage
e0193,2,okta,GET,/api/v1/brands/{brandId}/pages/sign-in/customized,getCustomizedSignInPage
e0194,3,okta,PUT,/api/v1/brands/{brandId}/pages/sign-in/customized,replaceCustomizedSignInPage
e0195,4,okta,DELETE,/api/v1/brands/{brandId}/pages/sign-in/customized,deleteCustomizedSignInPage
e0196,6,okta,GET,/api/v1/brands/{brandId}/pages/sign-in/default,getDefaultSignInPage
e0197,3,okta,GET,/api/v1/brands/{brandId}/pages/sign-in/preview,getPreviewSignInPage
e0198,3,okta,PUT,/api/v1/brands/{brandId}/pages/sign-in/preview,replacePreviewSignInPage
e0199,7,okta,DELETE,/api/v1/brands/{brandId}/pages/sign-in/preview,deletePreviewSignInPage
e0200,2,okta,GET,/api/v1/brands/{brandId}/pages/sign-in/widget-versions,listAllSignInWidgetVersions
e0201,5,okta,GET,/api/v1/brands/{brandId}/pages/sign-out/customized,getSignOutPageSettings
e0202,2,okta,PUT,/api/v1/brands/{brandId}/pages/sign-out/customized,replaceSignOutPageSettings
e0203,1,okta,GET,/api/v1/brands/{brandId}/templates/email,listEmailTemplates
e0204,4,okta,GET,/api/v1/brands/{brandId}/templates/email/{templateName},getEmailTemplate
e0205,3,okta,GET,/api/v1/brands/{brandId}/templates/email/{templateName}/customizations,listEmailCustomizations
e0206,7,okta,POST,/api/v1/brands/{brandId}/templates/email/{templateName}/customizations,createEmailCustomization
e0207,6,okta,DELETE,/api/v1/brands/{brandId}/templates/email/{templateName}/customizations,deleteAllCustomizations
e0208,3,okta,GET,/api/v1/brands/{brandId}/templates/email/{templateName}/customizations/{customizationId},getEmailCustomization
e0209,4,okta,PUT,/api/v1/brands/{brandId}/templates/email/{templateName}/customizations/{customizationId},replaceEmailCustomization
e0210,1,okta,DELETE,/api/v1/brands/{brandId}/templates/email/{templateName}/customizations/{customizationId},deleteEmailCustomization
e0211,2,okta,GET,/api/v1/brands/{brandId}/templates/email/{templateName}/customizations/{customizationId}/preview,getCustomizationPreview
e0212,4,okta,GET,/api/v1/brands/{brandId}/templates/email/{templateName}/default-content,getEmailDefaultContent
e0213,1,okta,GET,/api/v1/brands/{brandId}/templates/email/{templateName}/default-content/preview,getEmailDefaultPreview
e0214,5,okta,GET,/api/v1/brands/{brandId}/templates/email/{templateName}/settings,getEmailSettings
e0215,7,okta,PUT,/api/v1/brands/{brandId}/templates/email/{templateName}/settings,replaceEmailSettings
e0216,2,okta,POST,/api/v1/brands/{brandId}/templates/email/{templateName}/test,sendTestEmail
e0217,3,okta,GET,/api/v1/brands/{brandId}/themes,listBrandThemes
e0218,4,okta,GET,/api/v1/brands/{brandId}/themes/{themeId},getBrandTheme
e0219,4,okta,PUT,/api/v1/brands/{brandId}/themes/{themeId},replaceBrandTheme
e0220,7,okta,POST,/api/v1/brands/{brandId}/themes/{themeId}/background-image,uploadBrandThemeBackgroundImage
e0221,6,okta,DELETE,/api/v1/brands/{brandId}/themes/{themeId}/background-image,deleteBrandThemeBackgroundImage
e0222,7,okta,POST,/api/v1/brands/{brandId}/themes/{themeId}/favicon,uploadBrandThemeFavicon
e0223,5,okta,DELETE,/api/v1/brands/{brandId}/themes/{themeId}/favicon,deleteBrandThemeFavicon
e0224,7,okta,POST,/api/v1/brands/{brandId}/themes/{themeId}/logo,uploadBrandThemeLogo
e0225,3,okta,DELETE,/api/v1/brands/{brandId}/themes/{themeId}/logo,deleteBrandThemeLogo
e0226,1,okta,GET,/api/v1/brands/{brandId}/well-known-uris,getAllWellKnownURIs
e0227,7,okta,GET,/api/v1/brands/{brandId}/well-known-uris/{path},getRootBrandWellKnownURI
e0228,4,okta,GET,/api/v1/brands/{brandId}/well-known-uris/{path}/customized,getBrandWellKnownURI
e0229,1,okta,PUT,/api/v1/brands/{brandId}/well-known-uris/{path}/customized,replaceBrandWellKnownURI
e0230,7,okta,GET,/api/v1/captchas,listCaptchaInstances
e0231,6,okta,POST,/api/v1/captchas,createCaptchaInstance
e0232,2,okta,GET,/api/v1/captchas/{captchaId},getCaptchaInstance
e0233,2,okta,PUT,/api/v1/captchas/{captchaId},replaceCaptchaInstance
e0234,5,okta,POST,/api/v1/captchas/{captchaId},updateCaptchaInstance
e0235,1,okta,DELETE,/api/v1/captchas/{captchaId},deleteCaptchaInstance
e0236,7,okta,GET,/api/v1/device-assurances,listDeviceAssurancePolicies
e0237,4,okta,POST,/api/v1/device-assurances,createDeviceAssurancePolicy
e0238,2,okta,GET,/api/v1/device-assurances/{deviceAssuranceId},getDeviceAssurancePolicy
e0239,3,okta,PUT,/api/v1/device-assurances/{deviceAssuranceId},replaceDeviceAssurancePolicy
e0240,5,okta,DELETE,/api/v1/device-assurances/{deviceAssuranceId},deleteDeviceAssurancePolicy
e0241,6,okta,GET,/api/v1/device-integrations,listDeviceIntegrations
e0242,6,okta,GET,/api/v1/device-integrations/{deviceIntegrationId},getDeviceIntegration
e0243,4,okta,POST,/api/v1/device-integrations/{deviceIntegrationId}/lifecycle/activate,activateDeviceIntegration
e0244,4,okta,POST,/api/v1/device-integrations/{deviceIntegrationId}/lifecycle/deactivate,deactivateDeviceIntegration
e0245,4,okta,GET,/api/v1/device-posture-checks,listDevicePostureChecks
e0246,6,okta,POST,/api/v1/device-posture-checks,createDevicePostureCheck
e0247,2,okta,GET,/api/v1/device-posture-checks/default,listDefaultDevicePostureChecks
e0248,5,okta,GET,/api/v1/device-posture-checks/{postureCheckId},getDevicePostureCheck
e0249,7,okta,PUT,/api/v1/device-posture-checks/{postureCheckId},replaceDevicePostureCheck
e0250,3,okta,DELETE,/api/v1/device-posture-checks/{postureCheckId},deleteDevicePostureCheck
e0251,4,okta,GET,/api/v1/devices,listDevices
e0252,4,okta,GET,/api/v1/devices/{deviceId},getDevice
e0253,3,okta,DELETE,/api/v1/devices/{deviceId},deleteDevice
e0254,6,okta,POST,/api/v1/devices/{deviceId}/lifecycle/activate,activateDevice
e0255,6,okta,POST,/api/v1/devices/{deviceId}/lifecycle/deactivate,deactivateDevice
e0256,3,okta,POST,/api/v1/devices/{deviceId}/lifecycle/suspend,suspendDevice
e0257,4,okta,POST,/api/v1/devices/{deviceId}/lifecycle/unsuspend,unsuspendDevice
e0258,3,okta,GET,/api/v1/devices/{deviceId}/os-accounts,listDeviceOSAccounts
e0259,4,okta,GET,/api/v1/devices/{deviceId}/os-accounts/{osAccountId},getDeviceOSAccount
e0260,3,okta,GET,/api/v1/devices/{deviceId}/users,listDeviceUsers
e0261,7,okta,POST,/api/v1/directories/{appInstanceId}/groups/modify,updateGroupMembership
e0262,1,okta,POST,/api/v1/directories/{appInstanceId}/groups/{groupId}/query,submitGroupAttributeQuery
e0263,1,okta,GET,/api/v1/directories/{appInstanceId}/groups/{groupId}/query/{resultId},getGroupAttributeQueryResult
e0264,5,okta,GET,/api/v1/domains,listCustomDomains
e0265,6,okta,POST,/api/v1/domains,createCustomDomain
e0266,3,okta,GET,/api/v1/domains/{domainId},getCustomDomain
e0267,2,okta,PUT,/api/v1/domains/{domainId},replaceCustomDomain
e0268,6,okta,DELETE,/api/v1/domains/{domainId},deleteCustomDomain
e0269,6,okta,PUT,/api/v1/domains/{domainId}/certificate,upsertCertificate
e0270,2,okta,POST,/api/v1/domains/{domainId}/verify,verifyDomain
e0271,4,okta,POST,/api/v1/dr/failback,startOrgFailback
e0272,5,okta,POST,/api/v1/dr/failover,startOrgFailover
e0273,2,okta,GET,/api/v1/dr/status,getDRStatus
e0274,4,okta,GET,/api/v1/dr/status/{domain},getDRStatusForDomain
e0275,2,okta,GET,/api/v1/email-domains,listEmailDomains
e0276,2,okta,POST,/api/v1/email-domains,createEmailDomain
e0277,5,okta,GET,/api/v1/email-domains/{emailDomainId},getEmailDomain
e0278,4,okta,PUT,/api/v1/email-domains/{emailDomainId},replaceEmailDomain
e0279,5,okta,DELETE,/api/v1/email-domains/{emailDomainId},deleteEmailDomain
e0280,4,okta,POST,/api/v1/email-domains/{emailDomainId}/verify,verifyEmailDomain
e0281,5,okta,GET,/api/v1/email-servers,listEmailServers
e0282,1,okta,POST,/api/v1/email-servers,createEmailServer
e0283,1,okta,GET,/api/v1/email-servers/{emailServerId},getEmailServer
e0284,3,okta,DELETE,/api/v1/email-servers/{emailServerId},deleteEmailServer
e0285,5,okta,PATCH,/api/v1/email-servers/{emailServerId},updateEmailServer
e0286,6,okta,POST,/api/v1/email-servers/{emailServerId}/test,testEmailServer
e0287,2,okta,GET,/api/v1/eventHooks,listEventHooks
e0288,4,okta,POST,/api/v1/eventHooks,createEventHook
e0289,3,okta,GET,/api/v1/eventHooks/{eventHookId},getEventHook
e0290,1,okta,PUT,/api/v1/eventHooks/{eventHookId},replaceEventHook
e0291,5,okta,DELETE,/api/v1/eventHooks/{eventHookId},deleteEventHook
e0292,6,okta,POST,/api/v1/eventHooks/{eventHookId}/lifecycle/activate,activateEventHook
e0293,6,okta,POST,/api/v1/eventHooks/{eventHookId}/lifecycle/deactivate,deactivateEventHook
e0294,4,okta,POST,/api/v1/eventHooks/{eventHookId}/lifecycle/verify,verifyEventHook
e0295,1,okta,GET,/api/v1/features,listFeatures
e0296,5,okta,GET,/api/v1/features/{featureId},getFeature
e0297,4,okta,GET,/api/v1/features/{featureId}/dependencies,listFeatureDependencies
e0298,2,okta,GET,/api/v1/features/{featureId}/dependents,listFeatureDependents
e0299,5,okta,POST,/api/v1/features/{featureId}/{lifecycle},updateFeatureLifecycle
e0300,7,okta,GET,/api/v1/first-party-app-settings/{appName},getFirstPartyAppSettings
e0301,1,okta,PUT,/api/v1/first-party-app-settings/{appName},replaceFirstPartyAppSettings
e0302,2,okta,GET,/api/v1/groups,listGroups
e0303,4,okta,POST,/api/v1/groups,addGroup
e0304,5,okta,GET,/api/v1/groups/rules,listGroupRules
e0305,7,okta,POST,/api/v1/groups/rules,createGroupRule
e0306,1,okta,GET,/api/v1/groups/rules/{groupRuleId},getGroupRule
e0307,3,okta,PUT,/api/v1/groups/rules/{groupRuleId},replaceGroupRule
e0308,5,okta,DELETE,/api/v1/groups/rules/{groupRuleId},deleteGroupRule
e0309,6,okta,POST,/api/v1/groups/rules/{groupRuleId}/lifecycle/activate,activateGroupRule
e0310,7,okta,POST,/api/v1/groups/rules/{groupRuleId}/lifecycle/deactivate,deactivateGroupRule
e0311,2,okta,GET,/api/v1/groups/{groupId},getGroup
e0312,7,okta,PUT,/api/v1/groups/{groupId},replaceGroup
e0313,3,okta,DELETE,/api/v1/groups/{groupId},deleteGroup
e0314,1,okta,GET,/api/v1/groups/{groupId}/apps,listAssignedApplicationsForGroup
e0315,7,okta,GET,/api/v1/groups/{groupId}/owners,listGroupOwners
e0316,5,okta,POST,/api/v1/groups/{groupId}/owners,assignGroupOwner
e0317,7,okta,DELETE,/api/v1/groups/{groupId}/owners/{ownerId},deleteGroupOwner
e0318,4,okta,GET,/api/v1/groups/{groupId}/roles,listGroupAssignedRoles
e0319,1,okta,POST,/api/v1/groups/{groupId}/roles,assignRoleToGroup
e0320,5,okta,GET,/api/v1/groups/{groupId}/roles/{roleAssignmentId},getGroupAssignedRole
e0321,7,okta,DELETE,/api/v1/groups/{groupId}/roles/{roleAssignmentId},unassignRoleFromGroup
e0322,3,okta,GET,/api/v1/groups/{groupId}/roles/{roleAssignmentId}/targets/catalog/apps,listApplicationTargetsForApplicationAdministratorRoleForGroup
e0323,2,okta,PUT,/api/v1/groups/{groupId}/roles/{roleAssignmentId}/targets/catalog/apps/{appName},assignAppTargetToAdminRoleForGroup
e0324,7,okta,DELETE,/api/v1/groups/{groupId}/roles/{roleAssignmentId}/targets/catalog/apps/{appName},unassignAppTargetToAdminRoleForGroup
e0325,3,okta,PUT,/api/v1/groups/{groupId}/roles/{roleAssignmentId}/targets/catalog/apps/{appName}/{appId},assignAppInstanceTargetToAppAdminRoleForGroup
e0326,3,okta,DELETE,/api/v1/groups/{groupId}/roles/{roleAssignmentId}/targets/catalog/apps/{appName}/{appId},unassignAppInstanceTargetToAppAdminRoleForGroup
e0327,7,okta,GET,/api/v1/groups/{groupId}/roles/{roleAssignmentId}/targets/groups,listGroupTargetsForGroupRole
e0328,7,okta,PUT,/api/v1/groups/{groupId}/roles/{roleAssignmentId}/targets/groups/{targetGroupId},assignGroupTargetToGroupAdminRole
e0329,6,okta,DELETE,/api/v1/groups/{groupId}/roles/{roleAssignmentId}/targets/groups/{targetGroupId},unassignGroupTargetFromGroupAdminRole
e0330,2,okta,GET,/api/v1/groups/{groupId}/users,listGroupUsers
e0331,2,okta,PUT,/api/v1/groups/{groupId}/users/{userId},assignUserToGroup
e0332,2,okta,DELETE,/api/v1/groups/{groupId}/users/{userId},unassignUserFromGroup
e0333,6,okta,GET,/api/v1/hook-keys,listHookKeys
e0334,7,okta,POST,/api/v1/hook-keys,createHookKey
e0335,5,okta,GET,/api/v1/hook-keys/public/{keyId},getPublicKey
e0336,3,okta,GET,/api/v1/hook-keys/{id},getHookKey
e0337,7,okta,PUT,/api/v1/hook-keys/{id},replaceHookKey
e0338,7,okta,DELETE,/api/v1/hook-keys/{id},deleteHookKey
e0339,7,okta,GET,/api/v1/iam/assignees/users,listUsersWithRoleAssignments
e0340,3,okta,GET,/api/v1/iam/governance/bundles,listGovernanceBundles
e0341,7,okta,POST,/api/v1/iam/governance/bundles,createGovernanceBundle
e0342,2,okta,GET,/api/v1/iam/governance/bundles/{bundleId},getGovernanceBundle
e0343,5,okta,PUT,/api/v1/iam/governance/bundles/{bundleId},replaceGovernanceBundle
e0344,3,okta,DELETE,/api/v1/iam/governance/bundles/{bundleId},deleteGovernanceBundle
e0345,3,okta,GET,/api/v1/iam/governance/bundles/{bundleId}/entitlements,listBundleEntitlements
e0346,7,okta,GET,/api/v1/iam/governance/bundles/{bundleId}/entitlements/{entitlementId}/values,listBundleEntitlementValues
e0347,1,okta,GET,/api/v1/iam/governance/optIn,getOptInStatus
e0348,7,okta,POST,/api/v1/iam/governance/optIn,optIn
e0349,2,okta,POST,/api/v1/iam/governance/optOut,optOut
e0350,2,okta,GET,/api/v1/iam/resource-sets,listResourceSets
e0351,6,okta,POST,/api/v1/iam/resource-sets,createResourceSet
e0352,4,okta,GET,/api/v1/iam/resource-sets/{resourceSetIdOrLabel},getResourceSet
e0353,7,okta,PUT,/api/v1/iam/resource-sets/{resourceSetIdOrLabel},replaceResourceSet
e0354,3,okta,DELETE,/api/v1/iam/resource-sets/{resourceSetIdOrLabel},deleteResourceSet
e0355,2,okta,GET,/api/v1/iam/resource-sets/{resourceSetIdOrLabel}/bindings,listBindings
e0356,1,okta,POST,/api/v1/iam/resource-sets/{resourceSetIdOrLabel}/bindings,createResourceSetBinding
e0357,1,okta,GET,/api/v1/iam/resource-sets/{resourceSetIdOrLabel}/bindings/{roleIdOrLabel},getBinding
e0358,3,okta,DELETE,/api/v1/iam/resource-sets/{resourceSetIdOrLabel}/bindings/{roleIdOrLabel},deleteBinding
e0359,5,okta,GET,/api/v1/iam/resource-sets/{resourceSetIdOrLabel}/bindings/{roleIdOrLabel}/members,listMembersOfBinding
e0360,7,okta,PATCH,/api/v1/iam/resource-sets/{resourceSetIdOrLabel}/bindings/{roleIdOrLabel}/members,addMembersToBinding
e0361,4,okta,GET,/api/v1/iam/resource-sets/{resourceSetIdOrLabel}/bindings/{roleIdOrLabel}/members/{memberId},getMemberOfBinding
e0362,6,okta,DELETE,/api/v1/iam/resource-sets/{resourceSetIdOrLabel}/bindings/{roleIdOrLabel}/members/{memberId},unassignMemberFromBinding
e0363,6,okta,GET,/api/v1/iam/resource-sets/{resourceSetIdOrLabel}/resources,listResourceSetResources
e0364,2,okta,POST,/api/v1/iam/resource-sets/{resourceSetIdOrLabel}/resources,addResourceSetResource
e0365,7,okta,PATCH,/api/v1/iam/resource-sets/{resourceSetIdOrLabel}/resources,addResourceSetResources
e0366,4,okta,GET,/api/v1/iam/resource-sets/{resourceSetIdOrLabel}/resources/{resourceId},getResourceSetResource
e0367,7,okta,PUT,/api/v1/iam/resource-sets/{resourceSetIdOrLabel}/resources/{resourceId},replaceResourceSetResource
e0368,2,okta,DELETE,/api/v1/iam/resource-sets/{resourceSetIdOrLabel}/resources/{resourceId},deleteResourceSetResource
e0369,3,okta,GET,/api/v1/iam/roles,listRoles
e0370,3,okta,POST,/api/v1/iam/roles,createRole
e0371,3,okta,GET,/api/v1/iam/roles/{roleIdOrLabel},getRole
e0372,3,okta,PUT,/api/v1/iam/roles/{roleIdOrLabel},replaceRole
e0373,1,okta,DELETE,/api/v1/iam/roles/{roleIdOrLabel},deleteRole
e0374,3,okta,GET,/api/v1/iam/roles/{roleIdOrLabel}/permissions,listRolePermissions
e0375,5,okta,GET,/api/v1/iam/roles/{roleIdOrLabel}/permissions/{permissionType},getRolePermission
e0376,6,okta,PUT,/api/v1/iam/roles/{roleIdOrLabel}/permissions/{permissionType},replaceRolePermission
e0377,7,okta,POST,/api/v1/iam/roles/{roleIdOrLabel}/permissions/{permissionType},createRolePermission
e0378,3,okta,DELETE,/api/v1/iam/roles/{roleIdOrLabel}/permissions/{permissionType},deleteRolePermission
e0379,4,okta,POST,/api/v1/identity-sources/{identitySourceId}/groups,createIdentitySourceGroups
e0380,1,okta,GET,/api/v1/identity-sources/{identitySourceId}/groups/{groupOrExternalId},getIdentitySourceGroup
e0381,7,okta,POST,/api/v1/identity-sources/{identitySourceId}/groups/{groupOrExternalId},updateIdentitySourceGroups
e0382,6,okta,DELETE,/api/v1/identity-sources/{identitySourceId}/groups/{groupOrExternalId},deleteIdentitySourceGroup
e0383,1,okta,GET,/api/v1/identity-sources/{identitySourceId}/groups/{groupOrExternalId}/membership,getIdentitySourceGroupMemberships
e0384,7,okta,POST,/api/v1/identity-sources/{identitySourceId}/groups/{groupOrExternalId}/membership,createIdentitySourceGroupsMemberships
e0385,1,okta,DELETE,/api/v1/identity-sources/{identitySourceId}/groups/{groupOrExternalId}/membership/{memberExternalId},deleteIdentitySourceGroupMemberships
e0386,4,okta,GET,/api/v1/identity-sources/{identitySourceId}/sessions,listIdentitySourceSessions
e0387,2,okta,POST,/api/v1/identity-sources/{identitySourceId}/sessions,createIdentitySourceSession
e0388,6,okta,GET,/api/v1/identity-sources/{identitySourceId}/sessions/{sessionId},getIdentitySourceSession
e0389,5,okta,DELETE,/api/v1/identity-sources/{identitySourceId}/sessions/{sessionId},deleteIdentitySourceSession
e0390,1,okta,POST,/api/v1/identity-sources/{identitySourceId}/sessions/{sessionId}/bulk-delete,uploadIdentitySourceDataForDelete
e0391,2,okta,POST,/api/v1/identity-sources/{identitySourceId}/sessions/{sessionId}/bulk-group-memberships-delete,uploadIdentitySourceGroupMembershipsForDelete
e0392,1,okta,POST,/api/v1/identity-sources/{identitySourceId}/sessions/{sessionId}/bulk-group-memberships-upsert,uploadIdentitySourceGroupMembershipsForUpsert
e0393,2,okta,POST,/api/v1/identity-sources/{identitySourceId}/sessions/{sessionId}/bulk-groups-delete,uploadIdentitySourceGroupsDataForDelete
e0394,3,okta,POST,/api/v1/identity-sources/{identitySourceId}/sessions/{sessionId}/bulk-groups-upsert,uploadIdentitySourceGroupsForUpsert
e0395,4,okta,POST,/api/v1/identity-sources/{identitySourceId}/sessions/{sessionId}/bulk-upsert,uploadIdentitySourceDataForUpsert
e0396,5,okta,POST,/api/v1/identity-sources/{identitySourceId}/sessions/{sessionId}/start-import,startImportFromIdentitySource
e0397,5,okta,POST,/api/v1/identity-sources/{identitySourceId}/users,createIdentitySourceUser
e0398,5,okta,GET,/api/v1/identity-sources/{identitySourceId}/users/{externalId},getIdentitySourceUser
e0399,1,okta,PUT,/api/v1/identity-sources/{identitySourceId}/users/{externalId},replaceExistingIdentitySourceUser
e0400,4,okta,DELETE,/api/v1/identity-sources/{identitySourceId}/users/{externalId},deleteIdentitySourceUser
e0401,5,okta,PATCH,/api/v1/identity-sources/{identitySourceId}/users/{externalId},updateIdentitySourceUsers
e0402,7,okta,GET,/api/v1/idps,listIdentityProviders
e0403,6,okta,POST,/api/v1/idps,createIdentityProvider
e0404,4,okta,GET,/api/v1/idps/credentials/keys,listIdentityProviderKeys
e0405,2,okta,POST,/api/v1/idps/credentials/keys,createIdentityProviderKey
e0406,5,okta,GET,/api/v1/idps/credentials/keys/{kid},getIdentityProviderKey
e0407,2,okta,PUT,/api/v1/idps/credentials/keys/{kid},replaceIdentityProviderKey
e0408,1,okta,DELETE,/api/v1/idps/credentials/keys/{kid},deleteIdentityProviderKey
e0409,7,okta,GET,/api/v1/idps/{idpId},getIdentityProvider
e0410,7,okta,PUT,/api/v1/idps/{idpId},replaceIdentityProvider
e0411,1,okta,DELETE,/api/v1/idps/{idpId},deleteIdentityProvider
e0412,6,okta,GET,/api/v1/idps/{idpId}/credentials/csrs,listCsrsForIdentityProvider
e0413,5,okta,POST,/api/v1/idps/{idpId}/credentials/csrs,generateCsrForIdentityProvider
e0414,1,okta,GET,/api/v1/idps/{idpId}/credentials/csrs/{idpCsrId},getCsrForIdentityProvider
e0415,5,okta,DELETE,/api/v1/idps/{idpId}/credentials/csrs/{idpCsrId},revokeCsrForIdentityProvider
e0416,6,okta,POST,/api/v1/idps/{idpId}/credentials/csrs/{idpCsrId}/lifecycle/publish,publishCsrForIdentityProvider
e0417,5,okta,GET,/api/v1/idps/{idpId}/credentials/keys,listIdentityProviderSigningKeys
e0418,1,okta,GET,/api/v1/idps/{idpId}/credentials/keys/active,listActiveIdentityProviderSigningKey
e0419,1,okta,POST,/api/v1/idps/{idpId}/credentials/keys/generate,generateIdentityProviderSigningKey
e0420,5,okta,GET,/api/v1/idps/{idpId}/credentials/keys/{kid},getIdentityProviderSigningKey
e0421,7,okta,POST,/api/v1/idps/{idpId}/credentials/keys/{kid}/clone,cloneIdentityProviderKey
e0422,3,okta,POST,/api/v1/idps/{idpId}/lifecycle/activate,activateIdentityProvider
e0423,6,okta,POST,/api/v1/idps/{idpId}/lifecycle/deactivate,deactivateIdentityProvider
e0424,1,okta,GET,/api/v1/idps/{idpId}/users,listIdentityProviderApplicationUsers
e0425,5,okta,GET,/api/v1/idps/{idpId}/users/{userId},getIdentityProviderApplicationUser
e0426,3,okta,POST,/api/v1/idps/{idpId}/users/{userId},linkUserToIdentityProvider
e0427,7,okta,DELETE,/api/v1/idps/{idpId}/users/{userId},unlinkUserFromIdentityProvider
e0428,7,okta,GET,/api/v1/idps/{idpId}/users/{userId}/credentials/tokens,listSocialAuthTokens
e0429,6,okta,GET,/api/v1/inlineHooks,listInlineHooks
e0430,6,okta,POST,/api/v1/inlineHooks,createInlineHook
e0431,2,okta,GET,/api/v1/inlineHooks/{inlineHookId},getInlineHook
e0432,5,okta,PUT,/api/v1/inlineHooks/{inlineHookId},replaceInlineHook
e0433,4,okta,POST,/api/v1/inlineHooks/{inlineHookId},updateInlineHook
e0434,1,okta,DELETE,/api/v1/inlineHooks/{inlineHookId},deleteInlineHook
e0435,4,okta,POST,/api/v1/inlineHooks/{inlineHookId}/execute,executeInlineHook
e0436,5,okta,POST,/api/v1/inlineHooks/{inlineHookId}/lifecycle/activate,activateInlineHook
e0437,4,okta,POST,/api/v1/inlineHooks/{inlineHookId}/lifecycle/deactivate,deactivateInlineHook
e0438,2,okta,GET,/api/v1/logStreams,listLogStreams
e0439,4,okta,POST,/api/v1/logStreams,createLogStream
e0440,5,okta,GET,/api/v1/logStreams/{logStreamId},getLogStream
e0441,6,okta,PUT,/api/v1/logStreams/{logStreamId},replaceLogStream
e0442,4,okta,DELETE,/api/v1/logStreams/{logStreamId},deleteLogStream
e0443,5,okta,POST,/api/v1/logStreams/{logStreamId}/lifecycle/activate,activateLogStream
e0444,1,okta,POST,/api/v1/logStreams/{logStreamId}/lifecycle/deactivate,deactivateLogStream
e0445,2,okta,GET,/api/v1/logs,listLogEvents
e0446,5,okta,GET,/api/v1/mappings,listProfileMappings
e0447,4,okta,GET,/api/v1/mappings/{mappingId},getProfileMapping
e0448,4,okta,POST,/api/v1/mappings/{mappingId},updateProfileMapping
e0449,1,okta,GET,/api/v1/meta/schemas/apps/{appId}/default,getApplicationUserSchema
e0450,4,okta,POST,/api/v1/meta/schemas/apps/{appId}/default,updateApplicationUserProfile
e0451,5,okta,GET,/api/v1/meta/schemas/group/default,getGroupSchema
e0452,1,okta,POST,/api/v1/meta/schemas/group/default,updateGroupSchema
e0453,6,okta,GET,/api/v1/meta/schemas/logStream,listLogStreamSchemas
e0454,1,okta,GET,/api/v1/meta/schemas/logStream/{logStreamType},getLogStreamSchema
e0455,4,okta,GET,/api/v1/meta/schemas/user/linkedObjects,listLinkedObjectDefinitions
e0456,2,okta,POST,/api/v1/meta/schemas/user/linkedObjects,createLinkedObjectDefinition
e0457,5,okta,GET,/api/v1/meta/schemas/user/linkedObjects/{linkedObjectName},getLinkedObjectDefinition
e0458,5,okta,DELETE,/api/v1/meta/schemas/user/linkedObjects/{linkedObjectName},deleteLinkedObjectDefinition
e0459,5,okta,GET,/api/v1/meta/schemas/user/{schemaId},getUserSchema
e0460,7,okta,POST,/api/v1/meta/schemas/user/{schemaId},updateUserProfile
e0461,5,okta,GET,/api/v1/meta/types/user,listUserTypes
e0462,1,okta,POST,/api/v1/meta/types/user,createUserType
e0463,6,okta,GET,/api/v1/meta/types/user/{typeId},getUserType
e0464,1,okta,PUT,/api/v1/meta/types/user/{typeId},replaceUserType
e0465,5,okta,POST,/api/v1/meta/types/user/{typeId},updateUserType
e0466,7,okta,DELETE,/api/v1/meta/types/user/{typeId},deleteUserType
e0467,6,okta,GET,/api/v1/meta/uischemas,listUISchemas
e0468,6,okta,POST,/api/v1/meta/uischemas,createUISchema
e0469,4,okta,GET,/api/v1/meta/uischemas/{id},getUISchema
e0470,3,okta,PUT,/api/v1/meta/uischemas/{id},replaceUISchemas
e0471,2,okta,DELETE,/api/v1/meta/uischemas/{id},deleteUISchemas
e0472,2,okta,GET,/api/v1/org,getOrgSettings
e0473,7,okta,PUT,/api/v1/org,replaceOrgSettings
e0474,4,okta,POST,/api/v1/org,updateOrgSettings
e0475,6,okta,GET,/api/v1/org/captcha,getOrgCaptchaSettings
e0476,3,okta,PUT,/api/v1/org/captcha,replacesOrgCaptchaSettings
e0477,5,okta,DELETE,/api/v1/org/captcha,deleteOrgCaptchaSettings
e0478,4,okta,GET,/api/v1/org/contacts,listOrgContactTypes
e0479,5,okta,GET,/api/v1/org/contacts/{contactType},getOrgContactUser
e0480,1,okta,PUT,/api/v1/org/contacts/{contactType},replaceOrgContactUser
e0481,5,okta,POST,/api/v1/org/email/bounces/remove-list,bulkRemoveEmailAddressBounces
e0482,5,okta,GET,/api/v1/org/factors/yubikey_token/tokens,listYubikeyOtpTokens
e0483,1,okta,POST,/api/v1/org/factors/yubikey_token/tokens,uploadYubikeyOtpTokenSeed
e0484,3,okta,GET,/api/v1/org/factors/yubikey_token/tokens/{tokenId},getYubikeyOtpTokenById
e0485,6,okta,GET,/api/v1/org/orgSettings/thirdPartyAdminSetting,getThirdPartyAdminSetting
e0486,4,okta,POST,/api/v1/org/orgSettings/thirdPartyAdminSetting,updateThirdPartyAdminSetting
e0487,2,okta,GET,/api/v1/org/preferences,getOrgPreferences
e0488,2,okta,POST,/api/v1/org/preferences/hideEndUserFooter,setOrgHideOktaUIFooter
e0489,1,okta,POST,/api/v1/org/preferences/showEndUserFooter,setOrgShowOktaUIFooter
e0490,3,okta,GET,/api/v1/org/privacy/aerial,getAerialConsent
e0491,4,okta,POST,/api/v1/org/privacy/aerial/grant,grantAerialConsent
e0492,6,okta,POST,/api/v1/org/privacy/aerial/revoke,revokeAerialConsent
e0493,5,okta,GET,/api/v1/org/privacy/oktaCommunication,getOktaCommunicationSettings
e0494,5,okta,POST,/api/v1/org/privacy/oktaCommunication/optIn,optInUsersToOktaCommunicationEmails
e0495,4,okta,POST,/api/v1/org/privacy/oktaCommunication/optOut,optOutUsersFromOktaCommunicationEmails
e0496,4,okta,GET,/api/v1/org/privacy/oktaSupport,getOrgOktaSupportSettings
e0497,7,okta,GET,/api/v1/org/privacy/oktaSupport/cases,listOktaSupportCases
e0498,1,okta,PATCH,/api/v1/org/privacy/oktaSupport/cases/{caseNumber},updateOktaSupportCase
e0499,3,okta,POST,/api/v1/org/privacy/oktaSupport/extend,extendOktaSupport
e0500,5,okta,POST,/api/v1/org/privacy/oktaSupport/grant,grantOktaSupport
e0501,7,okta,POST,/api/v1/org/privacy/oktaSupport/revoke,revokeOktaSupport
e0502,6,okta,GET,/api/v1/org/settings/autoAssignAdminAppSetting,getAutoAssignAdminAppSetting
e0503,3,okta,POST,/api/v1/org/settings/autoAssignAdminAppSetting,updateAutoAssignAdminAppSetting
e0504,6,okta,GET,/api/v1/org/settings/clientPrivilegesSetting,getClientPrivilegesSetting
e0505,3,okta,PUT,/api/v1/org/settings/clientPrivilegesSetting,assignClientPrivilegesSetting
e0506,5,okta,POST,/api/v1/orgs,createChildOrg
e0507,1,okta,GET,/api/v1/policies,listPolicies
e0508,1,okta,POST,/api/v1/policies,createPolicy
e0509,6,okta,POST,/api/v1/policies/simulate,createPolicySimulation
e0510,4,okta,GET,/api/v1/policies/{policyId},getPolicy
e0511,2,okta,PUT,/api/v1/policies/{policyId},replacePolicy
e0512,5,okta,DELETE,/api/v1/policies/{policyId},deletePolicy
e0513,5,okta,GET,/api/v1/policies/{policyId}/app,listPolicyApps
e0514,5,okta,POST,/api/v1/policies/{policyId}/clone,clonePolicy
e0515,6,okta,POST,/api/v1/policies/{policyId}/lifecycle/activate,activatePolicy
e0516,6,okta,POST,/api/v1/policies/{policyId}/lifecycle/deactivate,deactivatePolicy
e0517,5,okta,GET,/api/v1/policies/{policyId}/mappings,listPolicyMappings
e0518,1,okta,POST,/api/v1/policies/{policyId}/mappings,mapResourceToPolicy
e0519,6,okta,GET,/api/v1/policies/{policyId}/mappings/{mappingId},getPolicyMapping
e0520,3,okta,DELETE,/api/v1/policies/{policyId}/mappings/{mappingId},deletePolicyResourceMapping
e0521,2,okta,GET,/api/v1/policies/{policyId}/rules,listPolicyRules
e0522,6,okta,POST,/api/v1/policies/{policyId}/rules,createPolicyRule
e0523,2,okta,GET,/api/v1/policies/{policyId}/rules/{ruleId},getPolicyRule
e0524,5,okta,PUT,/api/v1/policies/{policyId}/rules/{ruleId},replacePolicyRule
e0525,2,okta,DELETE,/api/v1/policies/{policyId}/rules/{ruleId},deletePolicyRule
e0526,1,okta,POST,/api/v1/policies/{policyId}/rules/{ruleId}/lifecycle/activate,activatePolicyRule
e0527,2,okta,POST,/api/v1/policies/{policyId}/rules/{ruleId}/lifecycle/deactivate,deactivatePolicyRule
e0528,2,okta,GET,/api/v1/principal-rate-limits,listPrincipalRateLimitEntities
e0529,6,okta,POST,/api/v1/principal-rate-limits,createPrincipalRateLimitEntity
e0530,3,okta,GET,/api/v1/principal-rate-limits/{principalRateLimitId},getPrincipalRateLimitEntity
e0531,1,okta,PUT,/api/v1/principal-rate-limits/{principalRateLimitId},replacePrincipalRateLimitEntity
e0532,1,okta,GET,/api/v1/push-providers,listPushProviders
e0533,7,okta,POST,/api/v1/push-providers,createPushProvider
e0534,2,okta,GET,/api/v1/push-providers/{pushProviderId},getPushProvider
e0535,7,okta,PUT,/api/v1/push-providers/{pushProviderId},replacePushProvider
e0536,5,okta,DELETE,/api/v1/push-providers/{pushProviderId},deletePushProvider
e0537,7,okta,GET,/api/v1/rate-limit-settings/admin-notifications,getRateLimitSettingsAdminNotifications
e0538,1,okta,PUT,/api/v1/rate-limit-settings/admin-notifications,replaceRateLimitSettingsAdminNotifications
e0539,2,okta,GET,/api/v1/rate-limit-settings/per-client,getRateLimitSettingsPerClient
e0540,6,okta,PUT,/api/v1/rate-limit-settings/per-client,replaceRateLimitSettingsPerClient
e0541,5,okta,GET,/api/v1/rate-limit-settings/warning-threshold,getRateLimitSettingsWarningThreshold
e0542,6,okta,PUT,/api/v1/rate-limit-settings/warning-threshold,replaceRateLimitSettingsWarningThreshold
e0543,5,okta,GET,/api/v1/realm-assignments,listRealmAssignments
e0544,7,okta,POST,/api/v1/realm-assignments,createRealmAssignment
e0545,1,okta,GET,/api/v1/realm-assignments/operations,listRealmAssignmentOperations
e0546,2,okta,POST,/api/v1/realm-assignments/operations,executeRealmAssignment
e0547,4,okta,GET,/api/v1/realm-assignments/{assignmentId},getRealmAssignment
e0548,4,okta,PUT,/api/v1/realm-assignments/{assignmentId},replaceRealmAssignment
e0549,2,okta,DELETE,/api/v1/realm-assignments/{assignmentId},deleteRealmAssignment
e0550,2,okta,POST,/api/v1/realm-assignments/{assignmentId}/lifecycle/activate,activateRealmAssignment
e0551,2,okta,POST,/api/v1/realm-assignments/{assignmentId}/lifecycle/deactivate,deactivateRealmAssignment
e0552,6,okta,GET,/api/v1/realms,listRealms
e0553,2,okta,POST,/api/v1/realms,createRealm
e0554,1,okta,GET,/api/v1/realms/{realmId},getRealm
e0555,1,okta,PUT,/api/v1/realms/{realmId},replaceRealm
e0556,4,okta,DELETE,/api/v1/realms/{realmId},deleteRealm
e0557,5,okta,GET,/api/v1/roles/{roleRef}/subscriptions,listSubscriptionsRole
e0558,4,okta,GET,/api/v1/roles/{roleRef}/subscriptions/{notificationType},getSubscriptionsNotificationTypeRole
e0559,1,okta,POST,/api/v1/roles/{roleRef}/subscriptions/{notificationType}/subscribe,subscribeByNotificationTypeRole
e0560,4,okta,POST,/api/v1/roles/{roleRef}/subscriptions/{notificationType}/unsubscribe,unsubscribeByNotificationTypeRole
e0561,4,okta,GET,/api/v1/security-events-providers,listSecurityEventsProviderInstances
e0562,1,okta,POST,/api/v1/security-events-providers,createSecurityEventsProviderInstance
e0563,4,okta,GET,/api/v1/security-events-providers/{securityEventProviderId},getSecurityEventsProviderInstance
e0564,7,okta,PUT,/api/v1/security-events-providers/{securityEventProviderId},replaceSecurityEventsProviderInstance
e0565,1,okta,DELETE,/api/v1/security-events-providers/{securityEventProviderId},deleteSecurityEventsProviderInstance
e0566,5,okta,POST,/api/v1/security-events-providers/{securityEventProviderId}/lifecycle/activate,activateSecurityEventsProviderInstance
e0567,6,okta,POST,/api/v1/security-events-providers/{securityEventProviderId}/lifecycle/deactivate,deactivateSecurityEventsProviderInstance
e0568,5,okta,GET,/api/v1/sessions/{sessionId},getSession
e0569,7,okta,DELETE,/api/v1/sessions/{sessionId},revokeSession
e0570,4,okta,POST,/api/v1/sessions/{sessionId}/lifecycle/refresh,refreshSession
e0571,1,okta,GET,/api/v1/ssf/stream,getSsfStreams
e0572,4,okta,PUT,/api/v1/ssf/stream,replaceSsfStream
e0573,3,okta,POST,/api/v1/ssf/stream,createSsfStream
e0574,3,okta,DELETE,/api/v1/ssf/stream,deleteSsfStream
e0575,4,okta,PATCH,/api/v1/ssf/stream,updateSsfStream
e0576,2,okta,GET,/api/v1/ssf/stream/status,getSsfStreamStatus
e0577,7,okta,POST,/api/v1/ssf/stream/verification,verifySsfStream
e0578,6,okta,GET,/api/v1/telephony-providers,listAllCustomTelephonyProviderCredentials
e0579,7,okta,POST,/api/v1/telephony-providers,createCustomTelephonyProviderCredentials
e0580,5,okta,GET,/api/v1/telephony-providers/{customTelephonyProviderId},getCustomTelephonyProviderCredential
e0581,4,okta,DELETE,/api/v1/telephony-providers/{customTelephonyProviderId},deleteCustomTelephonyProviderCredential
e0582,3,okta,PATCH,/api/v1/telephony-providers/{customTelephonyProviderId},updateCustomTelephonyProviderCredential
e0583,7,okta,POST,/api/v1/telephony-providers/{customTelephonyProviderId}/lifecycle/activate,activateCustomTelephonyCredential
e0584,7,okta,POST,/api/v1/telephony-providers/{customTelephonyProviderId}/lifecycle/deactivate,deactivateCustomTelephonyCredential
e0585,1,okta,POST,/api/v1/telephony-providers/{customTelephonyProviderId}/setAsPrimary,setAsPrimaryCustomTelephonyCredential
e0586,1,okta,POST,/api/v1/telephony-providers/{customTelephonyProviderId}/test,sendTestCustomTelephonyProviderCredential
e0587,4,okta,GET,/api/v1/templates/sms,listSmsTemplates
e0588,6,okta,POST,/api/v1/templates/sms,createSmsTemplate
e0589,6,okta,GET,/api/v1/templates/sms/{templateId},getSmsTemplate
e0590,3,okta,PUT,/api/v1/templates/sms/{templateId},replaceSmsTemplate
e0591,4,okta,POST,/api/v1/templates/sms/{templateId},updateSmsTemplate
e0592,1,okta,DELETE,/api/v1/templates/sms/{templateId},deleteSmsTemplate
e0593,2,okta,GET,/api/v1/threats/configuration,getCurrentConfiguration
e0594,7,okta,POST,/api/v1/threats/configuration,updateConfiguration
e0595,3,okta,GET,/api/v1/trustedOrigins,listTrustedOrigins
e0596,4,okta,POST,/api/v1/trustedOrigins,createTrustedOrigin
e0597,7,okta,GET,/api/v1/trustedOrigins/{trustedOriginId},getTrustedOrigin
e0598,6,okta,PUT,/api/v1/trustedOrigins/{trustedOriginId},replaceTrustedOrigin
e0599,7,okta,DELETE,/api/v1/trustedOrigins/{trustedOriginId},deleteTrustedOrigin
e0600,6,okta,POST,/api/v1/trustedOrigins/{trustedOriginId}/lifecycle/activate,activateTrustedOrigin
e0601,7,okta,POST,/api/v1/trustedOrigins/{trustedOriginId}/lifecycle/deactivate,deactivateTrustedOrigin
e0602,6,okta,GET,/api/v1/users,listUsers
e0603,3,okta,POST,/api/v1/users,createUser
e0604,4,okta,GET,/api/v1/users/{id},getUser
e0605,2,okta,PUT,/api/v1/users/{id},replaceUser
e0606,2,okta,POST,/api/v1/users/{id},updateUser
e0607,6,okta,DELETE,/api/v1/users/{id},deleteUser
e0608,3,okta,GET,/api/v1/users/{id}/appLinks,listAppLinks
e0609,1,okta,GET,/api/v1/users/{id}/blocks,listUserBlocks
e0610,4,okta,GET,/api/v1/users/{id}/groups,listUserGroups
e0611,1,okta,GET,/api/v1/users/{id}/idps,listUserIdentityProviders
e0612,4,okta,POST,/api/v1/users/{id}/lifecycle/activate,activateUser
e0613,6,okta,POST,/api/v1/users/{id}/lifecycle/deactivate,deactivateUser
e0614,4,okta,POST,/api/v1/users/{id}/lifecycle/expire_password,expirePassword
e0615,7,okta,POST,/api/v1/users/{id}/lifecycle/expire_password_with_temp_password,expirePasswordWithTempPassword
e0616,2,okta,POST,/api/v1/users/{id}/lifecycle/reactivate,reactivateUser
e0617,1,okta,POST,/api/v1/users/{id}/lifecycle/reset_factors,resetFactors
e0618,6,okta,POST,/api/v1/users/{id}/lifecycle/reset_password,resetPassword
e0619,7,okta,POST,/api/v1/users/{id}/lifecycle/suspend,suspendUser
e0620,1,okta,POST,/api/v1/users/{id}/lifecycle/unlock,unlockUser
e0621,6,okta,POST,/api/v1/users/{id}/lifecycle/unsuspend,unsuspendUser
e0622,1,okta,PUT,/api/v1/users/{userIdOrLogin}/linkedObjects/{primaryRelationshipName}/{primaryUserId},assignLinkedObjectValueForPrimary
e0623,2,okta,GET,/api/v1/users/{userIdOrLogin}/linkedObjects/{relationshipName},listLinkedObjectsForUser
e0624,1,okta,DELETE,/api/v1/users/{userIdOrLogin}/linkedObjects/{relationshipName},deleteLinkedObjectForUser
e0625,6,okta,GET,/api/v1/users/{userId}/authenticator-enrollments,listAuthenticatorEnrollments
e0626,2,okta,POST,/api/v1/users/{userId}/authenticator-enrollments/phone,createAuthenticatorEnrollment
e0627,4,okta,POST,/api/v1/users/{userId}/authenticator-enrollments/tac,createTacAuthenticatorEnrollment
e0628,2,okta,GET,/api/v1/users/{userId}/authenticator-enrollments/{enrollmentId},getAuthenticatorEnrollment
e0629,7,okta,DELETE,/api/v1/users/{userId}/authenticator-enrollments/{enrollmentId},deleteAuthenticatorEnrollment
e0630,5,okta,GET,/api/v1/users/{userId}/classification,getUserClassification
e0631,1,okta,PUT,/api/v1/users/{userId}/classification,replaceUserClassification
e0632,1,okta,GET,/api/v1/users/{userId}/clients,listUserClients
e0633,2,okta,GET,/api/v1/users/{userId}/clients/{clientId}/grants,listGrantsForUserAndClient
e0634,6,okta,DELETE,/api/v1/users/{userId}/clients/{clientId}/grants,revokeGrantsForUserAndClient
e0635,4,okta,GET,/api/v1/users/{userId}/clients/{clientId}/tokens,listRefreshTokensForUserAndClient
e0636,2,okta,DELETE,/api/v1/users/{userId}/clients/{clientId}/tokens,revokeTokensForUserAndClient
e0637,3,okta,GET,/api/v1/users/{userId}/clients/{clientId}/tokens/{tokenId},getRefreshTokenForUserAndClient
e0638,1,okta,DELETE,/api/v1/users/{userId}/clients/{clientId}/tokens/{tokenId},revokeTokenForUserAndClient
e0639,1,okta,POST,/api/v1/users/{userId}/credentials/change_password,changePassword
e0640,3,okta,POST,/api/v1/users/{userId}/credentials/change_recovery_question,changeRecoveryQuestion
e0641,6,okta,POST,/api/v1/users/{userId}/credentials/forgot_password,forgotPassword
e0642,7,okta,POST,/api/v1/users/{userId}/credentials/forgot_password_recovery_question,forgotPasswordSetNewPassword
e0643,5,okta,GET,/api/v1/users/{userId}/devices,listUserDevices
e0644,4,okta,GET,/api/v1/users/{userId}/factors,listFactors
e0645,6,okta,POST,/api/v1/users/{userId}/factors,enrollFactor
e0646,1,okta,GET,/api/v1/users/{userId}/factors/catalog,listSupportedFactors
e0647,1,okta,GET,/api/v1/users/{userId}/factors/questions,listSupportedSecurityQuestions
e0648,5,okta,GET,/api/v1/users/{userId}/factors/{factorId},getFactor
e0649,3,okta,DELETE,/api/v1/users/{userId}/factors/{factorId},unenrollFactor
e0650,2,okta,POST,/api/v1/users/{userId}/factors/{factorId}/lifecycle/activate,activateFactor
e0651,7,okta,POST,/api/v1/users/{userId}/factors/{factorId}/resend,resendEnrollFactor
e0652,5,okta,GET,/api/v1/users/{userId}/factors/{factorId}/transactions/{transactionId},getFactorTransactionStatus
e0653,4,okta,POST,/api/v1/users/{userId}/factors/{factorId}/verify,verifyFactor
e0654,3,okta,GET,/api/v1/users/{userId}/grants,listUserGrants
e0655,6,okta,DELETE,/api/v1/users/{userId}/grants,revokeUserGrants
e0656,4,okta,GET,/api/v1/users/{userId}/grants/{grantId},getUserGrant
e0657,5,okta,DELETE,/api/v1/users/{userId}/grants/{grantId},revokeUserGrant
e0658,6,okta,GET,/api/v1/users/{userId}/risk,getUserRisk
e0659,7,okta,PUT,/api/v1/users/{userId}/risk,upsertUserRisk
e0660,4,okta,GET,/api/v1/users/{userId}/roles,listAssignedRolesForUser
e0661,5,okta,POST,/api/v1/users/{userId}/roles,assignRoleToUser
e0662,6,okta,GET,/api/v1/users/{userId}/roles/{roleAssignmentId},getUserAssignedRole
e0663,2,okta,DELETE,/api/v1/users/{userId}/roles/{roleAssignmentId},unassignRoleFromUser
e0664,1,okta,GET,/api/v1/users/{userId}/roles/{roleAssignmentId}/governance,getUserAssignedRoleGovernance
e0665,7,okta,GET,/api/v1/users/{userId}/roles/{roleAssignmentId}/governance/{grantId},getRoleAssignmentGovernanceGrant
e0666,7,okta,GET,/api/v1/users/{userId}/roles/{roleAssignmentId}/governance/{grantId}/resources,getRoleAssignmentGovernanceGrantResources
e0667,7,okta,GET,/api/v1/users/{userId}/roles/{roleAssignmentId}/targets/catalog/apps,listApplicationTargetsForApplicationAdministratorRoleForUser
e0668,4,okta,PUT,/api/v1/users/{userId}/roles/{roleAssignmentId}/targets/catalog/apps,assignAllAppsAsTargetToRoleForUser
e0669,3,okta,PUT,/api/v1/users/{userId}/roles/{roleAssignmentId}/targets/catalog/apps/{appName},assignAppTargetToAdminRoleForUser
e0670,3,okta,DELETE,/api/v1/users/{userId}/roles/{roleAssignmentId}/targets/catalog/apps/{appName},unassignAppTargetFromAppAdminRoleForUser
e0671,6,okta,PUT,/api/v1/users/{userId}/roles/{roleAssignmentId}/targets/catalog/apps/{appName}/{appId},assignAppInstanceTargetToAppAdminRoleForUser
e0672,3,okta,DELETE,/api/v1/users/{userId}/roles/{roleAssignmentId}/targets/catalog/apps/{appName}/{appId},unassignAppInstanceTargetFromAdminRoleForUser
e0673,4,okta,GET,/api/v1/users/{userId}/roles/{roleAssignmentId}/targets/groups,listGroupTargetsForRole
e0674,3,okta,PUT,/api/v1/users/{userId}/roles/{roleAssignmentId}/targets/groups/{groupId},assignGroupTargetToUserRole
e0675,5,okta,DELETE,/api/v1/users/{userId}/roles/{roleAssignmentId}/targets/groups/{groupId},unassignGroupTargetFromUserAdminRole
e0676,6,okta,GET,/api/v1/users/{userId}/roles/{roleIdOrEncodedRoleId}/targets,getRoleTargetsByUserIdAndRoleId
e0677,7,okta,DELETE,/api/v1/users/{userId}/sessions,revokeUserSessions
e0678,5,okta,GET,/api/v1/users/{userId}/subscriptions,listSubscriptionsUser
e0679,7,okta,GET,/api/v1/users/{userId}/subscriptions/{notificationType},getSubscriptionsNotificationTypeUser
e0680,3,okta,POST,/api/v1/users/{userId}/subscriptions/{notificationType}/subscribe,subscribeByNotificationTypeUser
e0681,2,okta,POST,/api/v1/users/{userId}/subscriptions/{notificationType}/unsubscribe,unsubscribeByNotificationTypeUser
e0682,2,okta,GET,/api/v1/zones,listNetworkZones
e0683,7,okta,POST,/api/v1/zones,createNetworkZone
e0684,7,okta,GET,/api/v1/zones/{zoneId},getNetworkZone
e0685,7,okta,PUT,/api/v1/zones/{zoneId},replaceNetworkZone
e0686,4,okta,DELETE,/api/v1/zones/{zoneId},deleteNetworkZone
e0687,6,okta,POST,/api/v1/zones/{zoneId}/lifecycle/activate,activateNetworkZone
e0688,5,okta,POST,/api/v1/zones/{zoneId}/lifecycle/deactivate,deactivateNetworkZone
e0689,2,okta,GET,/attack-protection/api/v1/authenticator-settings,getAuthenticatorSettings
e0690,1,okta,PUT,/attack-protection/api/v1/authenticator-settings,replaceAuthenticatorSettings
e0691,5,okta,GET,/attack-protection/api/v1/user-lockout-settings,getUserLockoutSettings
e0692,1,okta,PUT,/attack-protection/api/v1/user-lockout-settings,replaceUserLockoutSettings
e0693,1,okta,GET,/integrations/api/v1/api-services,listApiServiceIntegrationInstances
e0694,3,okta,POST,/integrations/api/v1/api-services,createApiServiceIntegrationInstance
e0695,7,okta,GET,/integrations/api/v1/api-services/{apiServiceId},getApiServiceIntegrationInstance
e0696,1,okta,DELETE,/integrations/api/v1/api-services/{apiServiceId},deleteApiServiceIntegrationInstance
e0697,7,okta,GET,/integrations/api/v1/api-services/{apiServiceId}/credentials/secrets,listApiServiceIntegrationInstanceSecrets
e0698,5,okta,POST,/integrations/api/v1/api-services/{apiServiceId}/credentials/secrets,createApiServiceIntegrationInstanceSecret
e0699,4,okta,DELETE,/integrations/api/v1/api-services/{apiServiceId}/credentials/secrets/{secretId},deleteApiServiceIntegrationInstanceSecret
e0700,2,okta,POST,/integrations/api/v1/api-services/{apiServiceId}/credentials/secrets/{secretId}/lifecycle/activate,activateApiServiceIntegrationInstanceSecret
e0701,6,okta,POST,/integrations/api/v1/api-services/{apiServiceId}/credentials/secrets/{secretId}/lifecycle/deactivate,deactivateApiServiceIntegrationInstanceSecret
e0702,7,okta,GET,/oauth2/v1/clients/{clientId}/roles,listRolesForClient
e0703,7,okta,POST,/oauth2/v1/clients/{clientId}/roles,assignRoleToClient
e0704,2,okta,GET,/oauth2/v1/clients/{clientId}/roles/{roleAssignmentId},retrieveClientRole
e0705,6,okta,DELETE,/oauth2/v1/clients/{clientId}/roles/{roleAssignmentId},deleteRoleFromClient
e0706,5,okta,GET,/oauth2/v1/clients/{clientId}/roles/{roleAssignmentId}/targets/catalog/apps,listAppTargetRoleToClient
e0707,7,okta,PUT,/oauth2/v1/clients/{clientId}/roles/{roleAssignmentId}/targets/catalog/apps/{appName},assignAppTargetRoleToClient
e0708,2,okta,DELETE,/oauth2/v1/clients/{clientId}/roles/{roleAssignmentId}/targets/catalog/apps/{appName},removeAppTargetRoleFromClient
e0709,6,okta,PUT,/oauth2/v1/clients/{clientId}/roles/{roleAssignmentId}/targets/catalog/apps/{appName}/{appId},assignAppTargetInstanceRoleForClient
e0710,5,okta,DELETE,/oauth2/v1/clients/{clientId}/roles/{roleAssignmentId}/targets/catalog/apps/{appName}/{appId},removeAppTargetInstanceRoleForClient
e0711,3,okta,GET,/oauth2/v1/clients/{clientId}/roles/{roleAssignmentId}/targets/groups,listGroupTargetRoleForClient
e0712,4,okta,PUT,/oauth2/v1/clients/{clientId}/roles/{roleAssignmentId}/targets/groups/{groupId},assignGroupTargetRoleForClient
e0713,5,okta,DELETE,/oauth2/v1/clients/{clientId}/roles/{roleAssignmentId}/targets/groups/{groupId},removeGroupTargetRoleFromClient
e0714,7,okta,PUT,/okta-personal-settings/api/v1/edit-feature,replaceOktaPersonalAdminSettings
e0715,5,okta,GET,/okta-personal-settings/api/v1/export-blocklists,listPersonalAppsExportBlockList
e0716,5,okta,PUT,/okta-personal-settings/api/v1/export-blocklists,replaceBlockedEmailDomains
e0717,7,okta,GET,/privileged-access/api/v1/okta-service-accounts,listOktaManagedUserAccounts
e0718,4,okta,POST,/privileged-access/api/v1/okta-service-accounts,createOktaManagedUserAccount
e0719,7,okta,GET,/privileged-access/api/v1/okta-service-accounts/{id},getOktaManagedUserAccount
e0720,5,okta,DELETE,/privileged-access/api/v1/okta-service-accounts/{id},deleteOktaManagedUserAccount
e0721,6,okta,PATCH,/privileged-access/api/v1/okta-service-accounts/{id},updateOktaManagedUserAccount
e0722,6,okta,GET,/privileged-access/api/v1/service-accounts,listAppServiceAccounts
e0723,1,okta,POST,/privileged-access/api/v1/service-accounts,createAppServiceAccount
e0724,3,okta,GET,/privileged-access/api/v1/service-accounts/{id},getAppServiceAccount
e0725,5,okta,DELETE,/privileged-access/api/v1/service-accounts/{id},deleteAppServiceAccount
e0726,7,okta,PATCH,/privileged-access/api/v1/service-accounts/{id},updateAppServiceAccount
e0727,5,okta,POST,/security/api/v1/security-events,publishSecurityEventTokens
e0728,6,okta,POST,/webauthn-registration/api/v1/activate,activatePreregistrationEnrollment
e0729,2,okta,POST,/webauthn-registration/api/v1/enroll,enrollPreregistrationEnrollment
e0730,1,okta,POST,/webauthn-registration/api/v1/initiate-fulfillment-request,generateFulfillmentRequest
e0731,7,okta,POST,/webauthn-registration/api/v1/send-pin,sendPin
e0732,2,okta,GET,/webauthn-registration/api/v1/users/{userId}/enrollments,listWebAuthnPreregistrationFactors
e0733,3,okta,DELETE,/webauthn-registration/api/v1/users/{userId}/enrollments/{authenticatorEnrollmentId},deleteWebAuthnPreregistrationFactor
e0734,2,okta,POST,/webauthn-registration/api/v1/users/{userId}/enrollments/{authenticatorEnrollmentId}/mark-error,assignFulfillmentErrorWebAuthnPreregistrationFactor
e0735,6,docusign,GET,/service_information,ServiceInformation_GetServiceInformation
e0736,5,docusign,GET,/v2.1,ServiceInformation_GetResourceInformation
e0737,7,docusign,POST,/v2.1/accounts,Accounts_PostAccounts
e0738,5,docusign,GET,/v2.1/accounts/{accountId},Accounts_GetAccount
e0739,7,docusign,DELETE,/v2.1/accounts/{accountId},Accounts_DeleteAccount
e0740,7,docusign,GET,/v2.1/accounts/{accountId}/billing_charges,BillingCharges_GetAccountBillingCharges
e0741,7,docusign,GET,/v2.1/accounts/{accountId}/billing_invoices,BillingInvoices_GetBillingInvoices
e0742,3,docusign,GET,/v2.1/accounts/{accountId}/billing_invoices/{invoiceId},BillingInvoices_GetBillingInvoice
e0743,3,docusign,GET,/v2.1/accounts/{accountId}/billing_invoices_past_due,BillingInvoices_GetBillingInvoicesPastDue
e0744,1,docusign,GET,/v2.1/accounts/{accountId}/billing_payments,BillingPayments_GetPaymentList
e0745,6,docusign,POST,/v2.1/accounts/{accountId}/billing_payments,BillingPayments_PostPayment
e0746,6,docusign,GET,/v2.1/accounts/{accountId}/billing_payments/{paymentId},BillingPayments_GetPayment
e0747,7,docusign,GET,/v2.1/accounts/{accountId}/billing_plan,BillingPlan_GetBillingPlan
e0748,6,docusign,PUT,/v2.1/accounts/{accountId}/billing_plan,BillingPlan_PutBillingPlan
e0749,4,docusign,GET,/v2.1/accounts/{accountId}/billing_plan/credit_card,BillingPlan_GetCreditCardInfo
e0750,7,docusign,GET,/v2.1/accounts/{accountId}/billing_plan/downgrade,BillingPlan_GetDowngradeRequestBillingInfo
e0751,1,docusign,PUT,/v2.1/accounts/{accountId}/billing_plan/downgrade,BillingPlan_PutDowngradeAccountBillingPlan
e0752,1,docusign,PUT,/v2.1/accounts/{accountId}/billing_plan/purchased_envelopes,PurchasedEnvelopes_PutPurchasedEnvelopes
e0753,4,docusign,GET,/v2.1/accounts/{accountId}/brands,Brands_GetBrands
e0754,3,docusign,POST,/v2.1/accounts/{accountId}/brands,Brands_PostBrands
e0755,3,docusign,DELETE,/v2.1/accounts/{accountId}/brands,Brands_DeleteBrands
e0756,1,docusign,GET,/v2.1/accounts/{accountId}/brands/{brandId},Brand_GetBrand
e0757,6,docusign,PUT,/v2.1/accounts/{accountId}/brands/{brandId},Brand_PutBrand
e0758,6,docusign,DELETE,/v2.1/accounts/{accountId}/brands/{brandId},Brand_DeleteBrand
e0759,2,docusign,GET,/v2.1/accounts/{accountId}/brands/{brandId}/file,BrandExport_GetBrandExportFile
e0760,4,docusign,GET,/v2.1/accounts/{accountId}/brands/{brandId}/logos/{logoType},BrandLogo_GetBrandLogo
e0761,3,docusign,PUT,/v2.1/accounts/{accountId}/brands/{brandId}/logos/{logoType},BrandLogo_PutBrandLogo
e0762,2,docusign,DELETE,/v2.1/accounts/{accountId}/brands/{brandId}/logos/{logoType},BrandLogo_DeleteBrandLogo
e0763,2,docusign,GET,/v2.1/accounts/{accountId}/brands/{brandId}/resources,BrandResources_GetBrandResourcesList
e0764,3,docusign,GET,/v2.1/accounts/{accountId}/brands/{brandId}/resources/{resourceContentType},BrandResources_GetBrandResources
e0765,6,docusign,PUT,/v2.1/accounts/{accountId}/brands/{brandId}/resources/{resourceContentType},BrandResources_PutBrandResources
e0766,3,docusign,GET,/v2.1/accounts/{accountId}/bulk_send_batch,BulkSendV2Batch_GetBulkSendBatches
e0767,2,docusign,GET,/v2.1/accounts/{accountId}/bulk_send_batch/{bulkSendBatchId},BulkSendV2Batch_GetBulkSendBatchStatus
e0768,1,docusign,PUT,/v2.1/accounts/{accountId}/bulk_send_batch/{bulkSendBatchId},BulkSendV2Batch_PutBulkSendBatchStatus
e0769,1,docusign,PUT,/v2.1/accounts/{accountId}/bulk_send_batch/{bulkSendBatchId}/{bulkAction},BulkSendV2Batch_PutBulkSendBatchAction
e0770,7,docusign,GET,/v2.1/accounts/{accountId}/bulk_send_batch/{bulkSendBatchId}/envelopes,BulkSendV2Envelopes_GetBulkSendBatchEnvelopes
e0771,4,docusign,GET,/v2.1/accounts/{accountId}/bulk_send_lists,BulkSendV2CRUD_GetBulkSendLists
e0772,1,docusign,POST,/v2.1/accounts/{accountId}/bulk_send_lists,BulkSendV2CRUD_PostBulkSendList
e0773,2,docusign,GET,/v2.1/accounts/{accountId}/bulk_send_lists/{bulkSendListId},BulkSendV2CRUD_GetBulkSendList
e0774,1,docusign,PUT,/v2.1/accounts/{accountId}/bulk_send_lists/{bulkSendListId},BulkSendV2CRUD_PutBulkSendList
e0775,5,docusign,DELETE,/v2.1/accounts/{accountId}/bulk_send_lists/{bulkSendListId},BulkSendV2CRUD_DeleteBulkSendList
e0776,1,docusign,POST,/v2.1/accounts/{accountId}/bulk_send_lists/{bulkSendListId}/send,BulkSendV2Send_PostBulkSendRequest
e0777,4,docusign,POST,/v2.1/accounts/{accountId}/bulk_send_lists/{bulkSendListId}/test,BulkSendV2Test_PostBulkSendTestRequest
e0778,3,docusign,DELETE,/v2.1/accounts/{accountId}/captive_recipients/{recipientPart},CaptiveRecipients_DeleteCaptiveRecipientsPart
e0779,5,docusign,POST,/v2.1/accounts/{accountId}/chunked_uploads,ChunkedUploads_PostChunkedUploads
e0780,5,docusign,GET,/v2.1/accounts/{accountId}/chunked_uploads/{chunkedUploadId},ChunkedUploads_GetChunkedUpload
e0781,1,docusign,PUT,/v2.1/accounts/{accountId}/chunked_uploads/{chunkedUploadId},ChunkedUploads_PutChunkedUploads
e0782,2,docusign,DELETE,/v2.1/accounts/{accountId}/chunked_uploads/{chunkedUploadId},ChunkedUploads_DeleteChunkedUpload
e0783,5,docusign,PUT,/v2.1/accounts/{accountId}/chunked_uploads/{chunkedUploadId}/{chunkedUploadPartSeq},ChunkedUploads_PutChunkedUploadPart
e0784,7,docusign,GET,/v2.1/accounts/{accountId}/connect,Connect_GetConnectConfigs
e0785,2,docusign,PUT,/v2.1/accounts/{accountId}/connect,Connect_PutConnectConfiguration
e0786,6,docusign,POST,/v2.1/accounts/{accountId}/connect,Connect_PostConnectConfiguration
e0787,2,docusign,GET,/v2.1/accounts/{accountId}/connect/{connectId},Connect_GetConnectConfig
e0788,7,docusign,DELETE,/v2.1/accounts/{accountId}/connect/{connectId},Connect_DeleteConnectConfig
e0789,3,docusign,GET,/v2.1/accounts/{accountId}/connect/{connectId}/all/users,Connect_GetConnectAllUsers
e0790,7,docusign,GET,/v2.1/accounts/{accountId}/connect/{connectId}/users,Connect_GetConnectUsers
e0791,1,docusign,PUT,/v2.1/accounts/{accountId}/connect/envelopes/{envelopeId}/retry_queue,ConnectPublish_PutConnectRetryByEnvelope
e0792,5,docusign,POST,/v2.1/accounts/{accountId}/connect/envelopes/publish/historical,HistoricalEnvelopePublish_PostHistoricalEnvelopePublishTransaction
e0793,4,docusign,PUT,/v2.1/accounts/{accountId}/connect/envelopes/retry_queue,ConnectPublish_PutConnectRetry
e0794,3,docusign,GET,/v2.1/accounts/{accountId}/connect/failures,ConnectFailures_GetConnectLogs
e0795,7,docusign,DELETE,/v2.1/accounts/{accountId}/connect/failures/{failureId},ConnectFailures_DeleteConnectFailureLog
e0796,3,docusign,GET,/v2.1/accounts/{accountId}/connect/logs,ConnectLog_GetConnectLogs
e0797,1,docusign,DELETE,/v2.1/accounts/{accountId}/connect/logs,ConnectLog_DeleteConnectLogs
e0798,4,docusign,GET,/v2.1/accounts/{accountId}/connect/logs/{logId},ConnectLog_GetConnectLog
e0799,5,docusign,DELETE,/v2.1/accounts/{accountId}/connect/logs/{logId},ConnectLog_DeleteConnectLog
e0800,5,docusign,GET,/v2.1/accounts/{accountId}/connect/oauth,ConnectOAuthConfig_GetConnectOAuthConfig
e0801,3,docusign,PUT,/v2.1/accounts/{accountId}/connect/oauth,ConnectOAuthConfig_PutConnectOAuthConfig
e0802,7,docusign,POST,/v2.1/accounts/{accountId}/connect/oauth,ConnectOAuthConfig_PostConnectOAuthConfig
e0803,5,docusign,DELETE,/v2.1/accounts/{accountId}/connect/oauth,ConnectOAuthConfig_DeleteConnectOAuthConfig
e0804,7,docusign,GET,/v2.1/accounts/{accountId}/connect/secret,ConnectHMAC_GetConnectSecret
e0805,1,docusign,POST,/v2.1/accounts/{accountId}/connect/secret,ConnectHMAC_CreateConnectSecret
e0806,4,docusign,DELETE,/v2.1/accounts/{accountId}/connect/secret/{keyId},ConnectHMAC_DeleteConnectSecret
e0807,1,docusign,GET,/v2.1/accounts/{accountId}/consumer_disclosure,ConsumerDisclosure_GetConsumerDisclosure
e0808,3,docusign,GET,/v2.1/accounts/{accountId}/consumer_disclosure/{langCode},ConsumerDisclosure_GetConsumerDisclosureLangCode
e0809,4,docusign,PUT,/v2.1/accounts/{accountId}/consumer_disclosure/{langCode},ConsumerDisclosure_PutConsumerDisclosure
e0810,4,docusign,PUT,/v2.1/accounts/{accountId}/contacts,Contacts_PutContacts
e0811,5,docusign,POST,/v2.1/accounts/{accountId}/contacts,Contacts_PostContacts
e0812,4,docusign,DELETE,/v2.1/accounts/{accountId}/contacts,Contacts_DeleteContacts
e0813,7,docusign,GET,/v2.1/accounts/{accountId}/contacts/{contactId},Contacts_GetContactById
e0814,1,docusign,DELETE,/v2.1/accounts/{accountId}/contacts/{contactId},Contacts_DeleteContactWithId
e0815,6,docusign,GET,/v2.1/accounts/{accountId}/custom_fields,AccountCustomFields_GetAccountCustomFields
e0816,4,docusign,POST,/v2.1/accounts/{accountId}/custom_fields,AccountCustomFields_PostAccountCustomFields
e0817,6,docusign,PUT,/v2.1/accounts/{accountId}/custom_fields/{customFieldId},AccountCustomFields_PutAccountCustomFields
e0818,6,docusign,DELETE,/v2.1/accounts/{accountId}/custom_fields/{customFieldId},AccountCustomFields_DeleteAccountCustomFields
e0819,1,docusign,GET,/v2.1/accounts/{accountId}/envelopes,Envelopes_GetEnvelopes
e0820,2,docusign,POST,/v2.1/accounts/{accountId}/envelopes,Envelopes_PostEnvelopes
e0821,6,docusign,GET,/v2.1/accounts/{accountId}/envelopes/{envelopeId},Envelopes_GetEnvelope
e0822,3,docusign,PUT,/v2.1/accounts/{accountId}/envelopes/{envelopeId},Envelopes_PutEnvelope
e0823,6,docusign,GET,/v2.1/accounts/{accountId}/envelopes/{envelopeId}/attachments,Attachments_GetAttachments
e0824,4,docusign,PUT,/v2.1/accounts/{accountId}/envelopes/{envelopeId}/attachments,Attachments_PutAttachments
e0825,6,docusign,DELETE,/v2.1/accounts/{accountId}/envelopes/{envelopeId}/attachments,Attachments_DeleteAttachments
e0826,6,docusign,GET,/v2.1/accounts/{accountId}/envelopes/{envelopeId}/attachments/{attachmentId},Attachments_GetAttachment
e0827,1,docusign,PUT,/v2.1/accounts/{accountId}/envelopes/{envelopeId}/attachments/{attachmentId},Attachments_PutAttachment
e0828,4,docusign,GET,/v2.1/accounts/{accountId}/envelopes/{envelopeId}/audit_events,AuditEvents_GetAuditEvents
e0829,5,docusign,GET,/v2.1/accounts/{accountId}/envelopes/{envelopeId}/comments/transcript,Comments_GetCommentsTranscript
e0830,7,docusign,GET,/v2.1/accounts/{accountId}/envelopes/{envelopeId}/custom_fields,CustomFields_GetCustomFields
e0831,5,docusign,PUT,/v2.1/accounts/{accountId}/envelopes/{envelopeId}/custom_fields,CustomFields_PutCustomFields
e0832,3,docusign,POST,/v2.1/accounts/{accountId}/envelopes/{envelopeId}/custom_fields,CustomFields_PostCustomFields
e0833,2,docusign,DELETE,/v2.1/accounts/{accountId}/envelopes/{envelopeId}/custom_fields,CustomFields_DeleteCustomFields
e0834,1,docusign,GET,/v2.1/accounts/{accountId}/envelopes/{envelopeId}/docGenFormFields,DocGenFormFields_GetEnvelopeDocGenFormFields
e0835,7,docusign,PUT,/v2.1/accounts/{accountId}/envelopes/{envelopeId}/docGenFormFields,DocGenFormFields_PutEnvelopeDocGenFormFields
e0836,3,docusign,GET,/v2.1/accounts/{accountId}/envelopes/{envelopeId}/documents,Documents_GetDocuments
e0837,3,docusign,PUT,/v2.1/accounts/{accountId}/envelopes/{envelopeId}/documents,Documents_PutDocuments
e0838,5,docusign,DELETE,/v2.1/accounts/{accountId}/envelopes/{envelopeId}/documents,Documents_DeleteDocuments
e0839,5,docusign,GET,/v2.1/accounts/{accountId}/envelopes/{envelopeId}/documents/{documentId},Documents_GetDocument
e0840,6,docusign,PUT,/v2.1/accounts/{accountId}/envelopes/{envelopeId}/documents/{documentId},Documents_PutDocument
e0841,5,docusign,GET,/v2.1/accounts/{accountId}/envelopes/{envelopeId}/documents/{documentId}/fields,DocumentFields_GetDocumentFields
e0842,1,docusign,PUT,/v2.1/accounts/{accountId}/envelopes/{envelopeId}/documents/{documentId}/fields,DocumentFields_PutDocumentFields
e0843,6,docusign,POST,/v2.1/accounts/{accountId}/envelopes/{envelopeId}/documents/{documentId}/fields,DocumentFields_PostDocumentFields
e0844,5,docusign,DELETE,/v2.1/accounts/{accountId}/envelopes/{envelopeId}/documents/{documentId}/fields,DocumentFields_DeleteDocumentFields
e0845,4,docusign,GET,/v2.1/accounts/{accountId}/envelopes/{envelopeId}/documents/{documentId}/html_definitions,ResponsiveHtml_GetEnvelopeDocumentHtmlDefinitions
e0846,2,docusign,GET,/v2.1/accounts/{accountId}/envelopes/{envelopeId}/documents/{documentId}/pages,Pages_GetPageImages
e0847,5,docusign,DELETE,/v2.1/accounts/{accountId}/envelopes/{envelopeId}/documents/{documentId}/pages/{pageNumber},Pages_DeletePage
e0848,2,docusign,GET,/v2.1/accounts/{accountId}/envelopes/{envelopeId}/documents/{documentId}/pages/{pageNumber}/page_image,Pages_GetPageImage
e0849,3,docusign,PUT,/v2.1/accounts/{accountId}/envelopes/{envelopeId}/documents/{documentId}/pages/{pageNumber}/page_image,Pages_PutPageImage
e0850,6,docusign,GET,/v2.1/accounts/{accountId}/envelopes/{envelopeId}/documents/{documentId}/pages/{pageNumber}/tabs,Tabs_GetPageTabs
e0851,1,docusign,POST,/v2.1/accounts/{accountId}/envelopes/{envelopeId}/documents/{documentId}/responsive_html_preview,ResponsiveHtml_PostDocumentResponsiveHtmlPreview
e0852,4,docusign,GET,/v2.1/accounts/{accountId}/envelopes/{envelopeId}/documents/{documentId}/tabs,Tabs_GetDocumentTabs
e0853,7,docusign,PUT,/v2.1/accounts/{accountId}/envelopes/{envelopeId}/documents/{documentId}/tabs,Tabs_PutDocumentTabs
e0854,3,docusign,POST,/v2.1/accounts/{accountId}/envelopes/{envelopeId}/documents/{documentId}/tabs,Tabs_PostDocumentTabs
e0855,2,docusign,DELETE,/v2.1/accounts/{accountId}/envelopes/{envelopeId}/documents/{documentId}/tabs,Tabs_DeleteDocumentTabs
e0856,6,docusign,GET,/v2.1/accounts/{accountId}/envelopes/{envelopeId}/documents/{documentId}/templates,Templates_GetDocumentTemplates
e0857,1,docusign,POST,/v2.1/accounts/{accountId}/envelopes/{envelopeId}/documents/{documentId}/templates,Templates_PostDocumentTemplates
e0858,4,docusign,DELETE,/v2.1/accounts/{accountId}/envelopes/{envelopeId}/documents/{documentId}/templates/{templateId},Templates_DeleteDocumentTemplates
e0859,2,docusign,GET,/v2.1/accounts/{accountId}/envelopes/{envelopeId}/email_settings,EmailSettings_GetEmailSettings
e0860,7,docusign,PUT,/v2.1/accounts/{accountId}/envelopes/{envelopeId}/email_settings,EmailSettings_PutEmailSettings
e0861,7,docusign,POST,/v2.1/accounts/{accountId}/envelopes/{envelopeId}/email_settings,EmailSettings_PostEmailSettings
e0862,6,docusign,DELETE,/v2.1/accounts/{accountId}/envelopes/{envelopeId}/email_settings,EmailSettings_DeleteEmailSettings
e0863,2,docusign,GET,/v2.1/accounts/{accountId}/envelopes/{envelopeId}/form_data,FormData_GetFormData
e0864,4,docusign,GET,/v2.1/accounts/{accountId}/envelopes/{envelopeId}/html_definitions,ResponsiveHtml_GetEnvelopeHtmlDefinitions
e0865,2,docusign,GET,/v2.1/accounts/{accountId}/envelopes/{envelopeId}/lock,Lock_GetEnvelopeLock
e0866,6,docusign,PUT,/v2.1/accounts/{accountId}/envelopes/{envelopeId}/lock,Lock_PutEnvelopeLock
e0867,6,docusign,POST,/v2.1/accounts/{accountId}/envelopes/{envelopeId}/lock,Lock_PostEnvelopeLock
e0868,1,docusign,DELETE,/v2.1/accounts/{accountId}/envelopes/{envelopeId}/lock,Lock_DeleteEnvelopeLock
e0869,5,docusign,GET,/v2.1/accounts/{accountId}/envelopes/{envelopeId}/notification,Notification_GetEnvelopesEnvelopeIdNotification
e0870,2,docusign,PUT,/v2.1/accounts/{accountId}/envelopes/{envelopeId}/notification,Notification_PutEnvelopesEnvelopeIdNotification
e0871,2,docusign,GET,/v2.1/accounts/{accountId}/envelopes/{envelopeId}/recipients,Recipients_GetRecipients
e0872,4,docusign,PUT,/v2.1/accounts/{accountId}/envelopes/{envelopeId}/recipients,Recipients_PutRecipients
e0873,7,docusign,POST,/v2.1/accounts/{accountId}/envelopes/{envelopeId}/recipients,Recipients_PostRecipients
e0874,6,docusign,DELETE,/v2.1/accounts/{accountId}/envelopes/{envelopeId}/recipients,Recipients_DeleteRecipients
e0875,2,docusign,DELETE,/v2.1/accounts/{accountId}/envelopes/{envelopeId}/recipients/{recipientId},Recipients_DeleteRecipient
e0876,5,docusign,GET,/v2.1/accounts/{accountId}/envelopes/{envelopeId}/recipients/{recipientId}/consumer_disclosure,ConsumerDisclosure_GetConsumerDisclosureEnvelopeIdRecipientId
e0877,7,docusign,GET,/v2.1/accounts/{accountId}/envelopes/{envelopeId}/recipients/{recipientId}/consumer_disclosure/{langCode},ConsumerDisclosure_GetConsumerDisclosureEnvelopeIdRecipientIdLangCode
e0878,4,docusign,GET,/v2.1/accounts/{accountId}/envelopes/{envelopeId}/recipients/{recipientId}/document_visibility,Recipients_GetRecipientDocumentVisibility
e0879,5,docusign,PUT,/v2.1/accounts/{accountId}/envelopes/{envelopeId}/recipients/{recipientId}/document_visibility,Recipients_PutRecipientDocumentVisibility
e0880,6,docusign,POST,/v2.1/accounts/{accountId}/envelopes/{envelopeId}/recipients/{recipientId}/identity_proof_token,Recipients_PostRecipientProofFileResourceToken
e0881,1,docusign,GET,/v2.1/accounts/{accountId}/envelopes/{envelopeId}/recipients/{recipientId}/initials_image,Recipients_GetRecipientInitialsImage
e0882,1,docusign,PUT,/v2.1/accounts/{accountId}/envelopes/{envelopeId}/recipients/{recipientId}/initials_image,Recipients_PutRecipientInitialsImage
e0883,3,docusign,GET,/v2.1/accounts/{accountId}/envelopes/{envelopeId}/recipients/{recipientId}/signature,Recipients_GetRecipientSignature
e0884,7,docusign,GET,/v2.1/accounts/{accountId}/envelopes/{envelopeId}/recipients/{recipientId}/signature_image,Recipients_GetRecipientSignatureImage
e0885,1,docusign,PUT,/v2.1/accounts/{accountId}/envelopes/{envelopeId}/recipients/{recipientId}/signature_image,Recipients_PutRecipientSignatureImage
e0886,7,docusign,GET,/v2.1/accounts/{accountId}/envelopes/{envelopeId}/recipients/{recipientId}/tabs,Recipients_GetRecipientTabs
e0887,1,docusign,PUT,/v2.1/accounts/{accountId}/envelopes/{envelopeId}/recipients/{recipientId}/tabs,Recipients_PutRecipientTabs
e0888,5,docusign,POST,/v2.1/accounts/{accountId}/envelopes/{envelopeId}/recipients/{recipientId}/tabs,Recipients_PostRecipientTabs
e0889,3,docusign,DELETE,/v2.1/accounts/{accountId}/envelopes/{envelopeId}/recipients/{recipientId}/tabs,Recipients_DeleteRecipientTabs
e0890,3,docusign,POST,/v2.1/accounts/{accountId}/envelopes/{envelopeId}/recipients/{recipientId}/views/identity_manual_review,Views_PostRecipientManualReviewView
e0891,6,docusign,PUT,/v2.1/accounts/{accountId}/envelopes/{envelopeId}/recipients/document_visibility,Recipients_PutRecipientsDocumentVisibility
e0892,3,docusign,POST,/v2.1/accounts/{accountId}/envelopes/{envelopeId}/responsive_html_preview,ResponsiveHtml_PostResponsiveHtmlPreview
e0893,3,docusign,GET,/v2.1/accounts/{accountId}/envelopes/{envelopeId}/shares,EnvelopesShares_GetEnvelopesShares
e0894,2,docusign,PUT,/v2.1/accounts/{accountId}/envelopes/{envelopeId}/shares,EnvelopesShares_PutEnvelopesShares
e0895,1,docusign,POST,/v2.1/accounts/{accountId}/envelopes/{envelopeId}/shares,EnvelopesShares_PostEnvelopesShares
e0896,5,docusign,DELETE,/v2.1/accounts/{accountId}/envelopes/{envelopeId}/shares,EnvelopesShares_DeleteEnvelopesShares
e0897,2,docusign,GET,/v2.1/accounts/{accountId}/envelopes/{envelopeId}/shares/{shareId},EnvelopesShares_GetEnvelopesShare
e0898,4,docusign,PUT,/v2.1/accounts/{accountId}/envelopes/{envelopeId}/shares/{shareId},EnvelopesShares_PutEnvelopesShare
e0899,5,docusign,DELETE,/v2.1/accounts/{accountId}/envelopes/{envelopeId}/shares/{shareId},EnvelopesShares_DeleteEnvelopesShare
e0900,3,docusign,GET,/v2.1/accounts/{accountId}/envelopes/{envelopeId}/tabs_blob,TabsBlob_GetTabsBlob
e0901,3,docusign,PUT,/v2.1/accounts/{accountId}/envelopes/{envelopeId}/tabs_blob,TabsBlob_PutTabsBlob
e0902,1,docusign,GET,/v2.1/accounts/{accountId}/envelopes/{envelopeId}/templates,Templates_GetEnvelopeTemplates
e0903,6,docusign,POST,/v2.1/accounts/{accountId}/envelopes/{envelopeId}/templates,Templates_PostEnvelopeTemplates
e0904,2,docusign,POST,/v2.1/accounts/{accountId}/envelopes/{envelopeId}/views/correct,Views_PostEnvelopeCorrectView
e0905,4,docusign,DELETE,/v2.1/accounts/{accountId}/envelopes/{envelopeId}/views/correct,Views_DeleteEnvelopeCorrectView
e0906,7,docusign,POST,/v2.1/accounts/{accountId}/envelopes/{envelopeId}/views/edit,Views_PostEnvelopeEditView
e0907,5,docusign,POST,/v2.1/accounts/{accountId}/envelopes/{envelopeId}/views/recipient,Views_PostEnvelopeRecipientView
e0908,5,docusign,POST,/v2.1/accounts/{accountId}/envelopes/{envelopeId}/views/recipient_preview,Views_PostEnvelopeRecipientPreview
e0909,1,docusign,POST,/v2.1/accounts/{accountId}/envelopes/{envelopeId}/views/sender,Views_PostEnvelopeSenderView
e0910,6,docusign,POST,/v2.1/accounts/{accountId}/envelopes/{envelopeId}/views/shared,Views_PostEnvelopeRecipientSharedView
e0911,2,docusign,GET,/v2.1/accounts/{accountId}/envelopes/{envelopeId}/workflow,EnvelopeWorkflowDefinitionV2_GetEnvelopeWorkflowDefinition
e0912,3,docusign,PUT,/v2.1/accounts/{accountId}/envelopes/{envelopeId}/workflow,EnvelopeWorkflowDefinitionV2_PutEnvelopeWorkflowDefinition
e0913,1,docusign,DELETE,/v2.1/accounts/{accountId}/envelopes/{envelopeId}/workflow,EnvelopeWorkflowDefinitionV2_DeleteEnvelopeWorkflowDefinition
e0914,3,docusign,GET,/v2.1/accounts/{accountId}/envelopes/{envelopeId}/workflow/scheduledSending,EnvelopeWorkflowScheduledSending_GetEnvelopeScheduledSendingDefinition
e0915,6,docusign,PUT,/v2.1/accounts/{accountId}/envelopes/{envelopeId}/workflow/scheduledSending,EnvelopeWorkflowScheduledSending_PutEnvelopeScheduledSendingDefinition
e0916,7,docusign,DELETE,/v2.1/accounts/{accountId}/envelopes/{envelopeId}/workflow/scheduledSending,EnvelopeWorkflowScheduledSending_DeleteEnvelopeScheduledSendingDefinition
e0917,1,docusign,POST,/v2.1/accounts/{accountId}/envelopes/{envelopeId}/workflow/steps,EnvelopeWorkflowStep_PostEnvelopeWorkflowStepDefinition
e0918,3,docusign,GET,/v2.1/accounts/{accountId}/envelopes/{envelopeId}/workflow/steps/{workflowStepId},EnvelopeWorkflowStep_GetEnvelopeWorkflowStepDefinition
e0919,4,docusign,PUT,/v2.1/accounts/{accountId}/envelopes/{envelopeId}/workflow/steps/{workflowStepId},EnvelopeWorkflowStep_PutEnvelopeWorkflowStepDefinition
e0920,1,docusign,DELETE,/v2.1/accounts/{accountId}/envelopes/{envelopeId}/workflow/steps/{workflowStepId},EnvelopeWorkflowStep_DeleteEnvelopeWorkflowStepDefinition
e0921,6,docusign,GET,/v2.1/accounts/{accountId}/envelopes/{envelopeId}/workflow/steps/{workflowStepId}/delayedRouting,EnvelopeWorkflowDelayedRouting_GetEnvelopeDelayedRoutingDefinition
e0922,2,docusign,PUT,/v2.1/accounts/{accountId}/envelopes/{envelopeId}/workflow/steps/{workflowStepId}/delayedRouting,EnvelopeWorkflowDelayedRouting_PutEnvelopeDelayedRoutingDefinition
e0923,6,docusign,DELETE,/v2.1/accounts/{accountId}/envelopes/{envelopeId}/workflow/steps/{workflowStepId}/delayedRouting,EnvelopeWorkflowDelayedRouting_DeleteEnvelopeDelayedRoutingDefinition
e0924,7,docusign,GET,/v2.1/accounts/{accountId}/envelopes/shared,SharedEnvelopesList_GetSharedEnvelopes
e0925,7,docusign,PUT,/v2.1/accounts/{accountId}/envelopes/status,Envelopes_PutStatus
e0926,2,docusign,GET,/v2.1/accounts/{accountId}/envelopes/transfer_rules,EnvelopeTransferRules_GetEnvelopeTransferRules
e0927,7,docusign,PUT,/v2.1/accounts/{accountId}/envelopes/transfer_rules,EnvelopeTransferRules_PutEnvelopeTransferRules
e0928,1,docusign,POST,/v2.1/accounts/{accountId}/envelopes/transfer_rules,EnvelopeTransferRules_PostEnvelopeTransferRules
e0929,1,docusign,PUT,/v2.1/accounts/{accountId}/envelopes/transfer_rules/{envelopeTransferRuleId},EnvelopeTransferRules_PutEnvelopeTransferRule
e0930,6,docusign,DELETE,/v2.1/accounts/{accountId}/envelopes/transfer_rules/{envelopeTransferRuleId},EnvelopeTransferRules_DeleteEnvelopeTransferRules
e0931,1,docusign,GET,/v2.1/accounts/{accountId}/favorite_templates,FavoriteTemplates_GetFavoriteTemplates
e0932,1,docusign,PUT,/v2.1/accounts/{accountId}/favorite_templates,FavoriteTemplates_PutFavoriteTemplate
e0933,6,docusign,DELETE,/v2.1/accounts/{accountId}/favorite_templates,FavoriteTemplates_UnFavoriteTemplate
e0934,7,docusign,GET,/v2.1/accounts/{accountId}/folders,Folders_GetFolders
e0935,3,docusign,GET,/v2.1/accounts/{accountId}/folders/{folderId},Folders_GetFolderItems
e0936,5,docusign,PUT,/v2.1/accounts/{accountId}/folders/{folderId},Folders_PutFolderById
e0937,2,docusign,GET,/v2.1/accounts/{accountId}/groups,Groups_GetGroups
e0938,5,docusign,PUT,/v2.1/accounts/{accountId}/groups,Groups_PutGroups
e0939,7,docusign,POST,/v2.1/accounts/{accountId}/groups,Groups_PostGroups
e0940,7,docusign,DELETE,/v2.1/accounts/{accountId}/groups,Groups_DeleteGroups
e0941,5,docusign,GET,/v2.1/accounts/{accountId}/groups/{groupId}/brands,Brands_GetGroupBrands
e0942,5,docusign,PUT,/v2.1/accounts/{accountId}/groups/{groupId}/brands,Brands_PutGroupBrands
e0943,6,docusign,DELETE,/v2.1/accounts/{accountId}/groups/{groupId}/brands,Brands_DeleteGroupBrands
e0944,7,docusign,GET,/v2.1/accounts/{accountId}/groups/{groupId}/users,Groups_GetGroupUsers
e0945,1,docusign,PUT,/v2.1/accounts/{accountId}/groups/{groupId}/users,Groups_PutGroupUsers
e0946,6,docusign,DELETE,/v2.1/accounts/{accountId}/groups/{groupId}/users,Groups_DeleteGroupUsers
e0947,7,docusign,GET,/v2.1/accounts/{accountId}/identity_verification,AccountIdentityVerification_GetAccountIdentityVerification
e0948,6,docusign,GET,/v2.1/accounts/{accountId}/payment_gateway_accounts,PaymentGatewayAccounts_GetAllPaymentGatewayAccounts
e0949,4,docusign,GET,/v2.1/accounts/{accountId}/permission_profiles,PermissionProfiles_GetPermissionProfiles
e0950,6,docusign,POST,/v2.1/accounts/{accountId}/permission_profiles,PermissionProfiles_PostPermissionProfiles
e0951,5,docusign,GET,/v2.1/accounts/{accountId}/permission_profiles/{permissionProfileId},PermissionProfiles_GetPermissionProfile
e0952,4,docusign,PUT,/v2.1/accounts/{accountId}/permission_profiles/{permissionProfileId},PermissionProfiles_PutPermissionProfiles
e0953,4,docusign,DELETE,/v2.1/accounts/{accountId}/permission_profiles/{permissionProfileId},PermissionProfiles_DeletePermissionProfiles
e0954,3,docusign,GET,/v2.1/accounts/{accountId}/powerforms,PowerForms_GetPowerFormsList
e0955,7,docusign,POST,/v2.1/accounts/{accountId}/powerforms,PowerForms_PostPowerForm
e0956,6,docusign,DELETE,/v2.1/accounts/{accountId}/powerforms,PowerForms_DeletePowerFormsList
e0957,1,docusign,GET,/v2.1/accounts/{accountId}/powerforms/{powerFormId},PowerForms_GetPowerForm
e0958,2,docusign,PUT,/v2.1/accounts/{accountId}/powerforms/{powerFormId},PowerForms_PutPowerForm
e0959,7,docusign,DELETE,/v2.1/accounts/{accountId}/powerforms/{powerFormId},PowerForms_DeletePowerForm
e0960,1,docusign,GET,/v2.1/accounts/{accountId}/powerforms/{powerFormId}/form_data,PowerForms_GetPowerFormFormData
e0961,5,docusign,GET,/v2.1/accounts/{accountId}/powerforms/senders,PowerForms_GetPowerFormsSenders
e0962,4,docusign,GET,/v2.1/accounts/{accountId}/seals,AccountSignatureProviders_GetSealProviders
e0963,7,docusign,GET,/v2.1/accounts/{accountId}/search_folders/{searchFolderId},SearchFolders_GetSearchFolderContents
e0964,4,docusign,GET,/v2.1/accounts/{accountId}/settings,Settings_GetSettings
e0965,5,docusign,PUT,/v2.1/accounts/{accountId}/settings,Settings_PutSettings
e0966,5,docusign,GET,/v2.1/accounts/{accountId}/settings/bcc_email_archives,BCCEmailArchive_GetBCCEmailArchiveList
e0967,2,docusign,POST,/v2.1/accounts/{accountId}/settings/bcc_email_archives,BCCEmailArchive_PostBCCEmailArchive
e0968,5,docusign,GET,/v2.1/accounts/{accountId}/settings/bcc_email_archives/{bccEmailArchiveId},BCCEmailArchive_GetBCCEmailArchiveHistoryList
e0969,1,docusign,DELETE,/v2.1/accounts/{accountId}/settings/bcc_email_archives/{bccEmailArchiveId},BCCEmailArchive_DeleteBCCEmailArchive
e0970,5,docusign,GET,/v2.1/accounts/{accountId}/settings/enote_configuration,ENoteConfiguration_GetENoteConfiguration
e0971,2,docusign,PUT,/v2.1/accounts/{accountId}/settings/enote_configuration,ENoteConfiguration_PutENoteConfiguration
e0972,3,docusign,DELETE,/v2.1/accounts/{accountId}/settings/enote_configuration,ENoteConfiguration_DeleteENoteConfiguration
e0973,3,docusign,GET,/v2.1/accounts/{accountId}/settings/envelope_purge_configuration,EnvelopePurgeConfiguration_GetEnvelopePurgeConfiguration
e0974,4,docusign,PUT,/v2.1/accounts/{accountId}/settings/envelope_purge_configuration,EnvelopePurgeConfiguration_PutEnvelopePurgeConfiguration
e0975,4,docusign,GET,/v2.1/accounts/{accountId}/settings/notification_defaults,NotificationDefaults_GetNotificationDefaults
e0976,2,docusign,PUT,/v2.1/accounts/{accountId}/settings/notification_defaults,NotificationDefaults_PutNotificationDefaults
e0977,6,docusign,GET,/v2.1/accounts/{accountId}/settings/password_rules,AccountPasswordRules_GetAccountPasswordRules
e0978,6,docusign,PUT,/v2.1/accounts/{accountId}/settings/password_rules,AccountPasswordRules_PutAccountPasswordRules
e0979,4,docusign,GET,/v2.1/accounts/{accountId}/settings/tabs,TabSettings_GetTabSettings
e0980,4,docusign,PUT,/v2.1/accounts/{accountId}/settings/tabs,TabSettings_PutSettings
e0981,4,docusign,GET,/v2.1/accounts/{accountId}/shared_access,SharedAccess_GetSharedAccess
e0982,2,docusign,PUT,/v2.1/accounts/{accountId}/shared_access,SharedAccess_PutSharedAccess
e0983,3,docusign,GET,/v2.1/accounts/{accountId}/signatureProviders,AccountSignatureProviders_GetSignatureProviders
e0984,5,docusign,GET,/v2.1/accounts/{accountId}/signatures,AccountSignatures_GetAccountSignatures
e0985,3,docusign,PUT,/v2.1/accounts/{accountId}/signatures,AccountSignatures_PutAccountSignature
e0986,1,docusign,POST,/v2.1/accounts/{accountId}/signatures,AccountSignatures_PostAccountSignatures
e0987,4,docusign,GET,/v2.1/accounts/{accountId}/signatures/{signatureId},AccountSignatures_GetAccountSignature
e0988,5,docusign,PUT,/v2.1/accounts/{accountId}/signatures/{signatureId},AccountSignatures_PutAccountSignatureById
e0989,3,docusign,DELETE,/v2.1/accounts/{accountId}/signatures/{signatureId},AccountSignatures_DeleteAccountSignature
e0990,7,docusign,GET,/v2.1/accounts/{accountId}/signatures/{signatureId}/{imageType},AccountSignatures_GetAccountSignatureImage
e0991,3,docusign,PUT,/v2.1/accounts/{accountId}/signatures/{signatureId}/{imageType},AccountSignatures_PutAccountSignatureImage
e0992,7,docusign,DELETE,/v2.1/accounts/{accountId}/signatures/{signatureId}/{imageType},AccountSignatures_DeleteAccountSignatureImage
e0993,3,docusign,GET,/v2.1/accounts/{accountId}/signing_groups,SigningGroups_GetSigningGroups
e0994,4,docusign,PUT,/v2.1/accounts/{accountId}/signing_groups,SigningGroups_PutSigningGroups
e0995,1,docusign,POST,/v2.1/accounts/{accountId}/signing_groups,SigningGroups_PostSigningGroups
e0996,3,docusign,DELETE,/v2.1/accounts/{accountId}/signing_groups,SigningGroups_DeleteSigningGroups
e0997,3,docusign,GET,/v2.1/accounts/{accountId}/signing_groups/{signingGroupId},SigningGroups_GetSigningGroup
e0998,2,docusign,PUT,/v2.1/accounts/{accountId}/signing_groups/{signingGroupId},SigningGroups_PutSigningGroup
e0999,1,docusign,GET,/v2.1/accounts/{accountId}/signing_groups/{signingGroupId}/users,SigningGroups_GetSigningGroupUsers
e1000,2,docusign,PUT,/v2.1/accounts/{accountId}/signing_groups/{signingGroupId}/users,SigningGroups_PutSigningGroupUsers
e1001,4,docusign,DELETE,/v2.1/accounts/{accountId}/signing_groups/{signingGroupId}/users,SigningGroups_DeleteSigningGroupUsers
e1002,2,docusign,GET,/v2.1/accounts/{accountId}/supported_languages,SupportedLanguages_GetSupportedLanguages
e1003,4,docusign,GET,/v2.1/accounts/{accountId}/tab_definitions,Tabs_GetTabDefinitions
e1004,6,docusign,POST,/v2.1/accounts/{accountId}/tab_definitions,Tabs_PostTabDefinitions
e1005,3,docusign,GET,/v2.1/accounts/{accountId}/tab_definitions/{customTabId},Tab_GetCustomTab
e1006,3,docusign,PUT,/v2.1/accounts/{accountId}/tab_definitions/{customTabId},Tab_PutCustomTab
e1007,3,docusign,DELETE,/v2.1/accounts/{accountId}/tab_definitions/{customTabId},Tab_DeleteCustomTab
e1008,6,docusign,GET,/v2.1/accounts/{accountId}/templates,Templates_GetTemplates
e1009,1,docusign,PUT,/v2.1/accounts/{accountId}/templates,Templates_PutTemplates
e1010,4,docusign,POST,/v2.1/accounts/{accountId}/templates,Templates_PostTemplates
e1011,4,docusign,GET,/v2.1/accounts/{accountId}/templates/{templateId},Templates_GetTemplate
e1012,5,docusign,PUT,/v2.1/accounts/{accountId}/templates/{templateId},Templates_PutTemplate
e1013,3,docusign,PUT,/v2.1/accounts/{accountId}/templates/{templateId}/{templatePart},Templates_PutTemplatePart
e1014,7,docusign,DELETE,/v2.1/accounts/{accountId}/templates/{templateId}/{templatePart},Templates_DeleteTemplatePart
e1015,6,docusign,GET,/v2.1/accounts/{accountId}/templates/{templateId}/custom_fields,CustomFields_GetTemplateCustomFields
e1016,3,docusign,PUT,/v2.1/accounts/{accountId}/templates/{templateId}/custom_fields,CustomFields_PutTemplateCustomFields
e1017,7,docusign,POST,/v2.1/accounts/{accountId}/templates/{templateId}/custom_fields,CustomFields_PostTemplateCustomFields
e1018,3,docusign,DELETE,/v2.1/accounts/{accountId}/templates/{templateId}/custom_fields,CustomFields_DeleteTemplateCustomFields
e1019,3,docusign,GET,/v2.1/accounts/{accountId}/templates/{templateId}/documents,Documents_GetTemplateDocuments
e1020,1,docusign,PUT,/v2.1/accounts/{accountId}/templates/{templateId}/documents,Documents_PutTemplateDocuments
e1021,6,docusign,DELETE,/v2.1/accounts/{accountId}/templates/{templateId}/documents,Documents_DeleteTemplateDocuments
e1022,3,docusign,GET,/v2.1/accounts/{accountId}/templates/{templateId}/documents/{documentId},Documents_GetTemplateDocument
e1023,4,docusign,PUT,/v2.1/accounts/{accountId}/templates/{templateId}/documents/{documentId},Documents_PutTemplateDocument
e1024,4,docusign,GET,/v2.1/accounts/{accountId}/templates/{templateId}/documents/{documentId}/fields,DocumentFields_GetTemplateDocumentFields
e1025,1,docusign,PUT,/v2.1/accounts/{accountId}/templates/{templateId}/documents/{documentId}/fields,DocumentFields_PutTemplateDocumentFields
e1026,6,docusign,POST,/v2.1/accounts/{accountId}/templates/{templateId}/documents/{documentId}/fields,DocumentFields_PostTemplateDocumentFields
e1027,4,docusign,DELETE,/v2.1/accounts/{accountId}/templates/{templateId}/documents/{documentId}/fields,DocumentFields_DeleteTemplateDocumentFields
e1028,4,docusign,GET,/v2.1/accounts/{accountId}/templates/{templateId}/documents/{documentId}/html_definitions,ResponsiveHtml_GetTemplateDocumentHtmlDefinitions
e1029,7,docusign,GET,/v2.1/accounts/{accountId}/templates/{templateId}/documents/{documentId}/pages,Pages_GetTemplatePageImages
e1030,7,docusign,DELETE,/v2.1/accounts/{accountId}/templates/{templateId}/documents/{documentId}/pages/{pageNumber},Pages_DeleteTemplatePage
e1031,1,docusign,GET,/v2.1/accounts/{accountId}/templates/{templateId}/documents/{documentId}/pages/{pageNumber}/page_image,Pages_GetTemplatePageImage
e1032,5,docusign,PUT,/v2.1/accounts/{accountId}/templates/{templateId}/documents/{documentId}/pages/{pageNumber}/page_image,Pages_PutTemplatePageImage
e1033,3,docusign,GET,/v2.1/accounts/{accountId}/templates/{templateId}/documents/{documentId}/pages/{pageNumber}/tabs,Tabs_GetTemplatePageTabs
e1034,3,docusign,POST,/v2.1/accounts/{accountId}/templates/{templateId}/documents/{documentId}/responsive_html_preview,ResponsiveHtml_PostTemplateDocumentResponsiveHtmlPreview
e1035,5,docusign,GET,/v2.1/accounts/{accountId}/templates/{templateId}/documents/{documentId}/tabs,Tabs_GetTemplateDocumentTabs
e1036,4,docusign,PUT,/v2.1/accounts/{accountId}/templates/{templateId}/documents/{documentId}/tabs,Tabs_PutTemplateDocumentTabs
e1037,4,docusign,POST,/v2.1/accounts/{accountId}/templates/{templateId}/documents/{documentId}/tabs,Tabs_PostTemplateDocumentTabs
e1038,7,docusign,DELETE,/v2.1/accounts/{accountId}/templates/{templateId}/documents/{documentId}/tabs,Tabs_DeleteTemplateDocumentTabs
e1039,1,docusign,GET,/v2.1/accounts/{accountId}/templates/{templateId}/html_definitions,ResponsiveHtml_GetTemplateHtmlDefinitions
e1040,1,docusign,GET,/v2.1/accounts/{accountId}/templates/{templateId}/lock,Lock_GetTemplateLock
e1041,4,docusign,PUT,/v2.1/accounts/{accountId}/templates/{templateId}/lock,Lock_PutTemplateLock
e1042,1,docusign,POST,/v2.1/accounts/{accountId}/templates/{templateId}/lock,Lock_PostTemplateLock
e1043,3,docusign,DELETE,/v2.1/accounts/{accountId}/templates/{templateId}/lock,Lock_DeleteTemplateLock
e1044,2,docusign,GET,/v2.1/accounts/{accountId}/templates/{templateId}/notification,Notification_GetTemplatesTemplateIdNotification
e1045,1,docusign,PUT,/v2.1/accounts/{accountId}/templates/{templateId}/notification,Notification_PutTemplatesTemplateIdNotification
e1046,7,docusign,GET,/v2.1/accounts/{accountId}/templates/{templateId}/recipients,Recipients_GetTemplateRecipients
e1047,3,docusign,PUT,/v2.1/accounts/{accountId}/templates/{templateId}/recipients,Recipients_PutTemplateRecipients
e1048,4,docusign,POST,/v2.1/accounts/{accountId}/templates/{templateId}/recipients,Recipients_PostTemplateRecipients
e1049,1,docusign,DELETE,/v2.1/accounts/{accountId}/templates/{templateId}/recipients,Recipients_DeleteTemplateRecipients
e1050,1,docusign,DELETE,/v2.1/accounts/{accountId}/templates/{templateId}/recipients/{recipientId},Recipients_DeleteTemplateRecipient
e1051,2,docusign,GET,/v2.1/accounts/{accountId}/templates/{templateId}/recipients/{recipientId}/document_visibility,Recipients_GetTemplateRecipientDocumentVisibility
e1052,2,docusign,PUT,/v2.1/accounts/{accountId}/templates/{templateId}/recipients/{recipientId}/document_visibility,Recipients_PutTemplateRecipientDocumentVisibility
e1053,3,docusign,GET,/v2.1/accounts/{accountId}/templates/{templateId}/recipients/{recipientId}/tabs,Recipients_GetTemplateRecipientTabs
e1054,2,docusign,PUT,/v2.1/accounts/{accountId}/templates/{templateId}/recipients/{recipientId}/tabs,Recipients_PutTemplateRecipientTabs
e1055,6,docusign,POST,/v2.1/accounts/{accountId}/templates/{templateId}/recipients/{recipientId}/tabs,Recipients_PostTemplateRecipientTabs
e1056,4,docusign,DELETE,/v2.1/accounts/{accountId}/templates/{templateId}/recipients/{recipientId}/tabs,Recipients_DeleteTemplateRecipientTabs
e1057,1,docusign,PUT,/v2.1/accounts/{accountId}/templates/{templateId}/recipients/document_visibility,Recipients_PutTemplateRecipientsDocumentVisibility
e1058,3,docusign,POST,/v2.1/accounts/{accountId}/templates/{templateId}/responsive_html_preview,ResponsiveHtml_PostTemplateResponsiveHtmlPreview
e1059,4,docusign,POST,/v2.1/accounts/{accountId}/templates/{templateId}/views/edit,Views_PostTemplateEditView
e1060,4,docusign,POST,/v2.1/accounts/{accountId}/templates/{templateId}/views/recipient_preview,Views_PostTemplateRecipientPreview
e1061,5,docusign,GET,/v2.1/accounts/{accountId}/templates/{templateId}/workflow,TemplateWorkflowDefinition_GetTemplateWorkflowDefinition
e1062,2,docusign,PUT,/v2.1/accounts/{accountId}/templates/{templateId}/workflow,TemplateWorkflowDefinition_PutTemplateWorkflowDefinition
e1063,6,docusign,DELETE,/v2.1/accounts/{accountId}/templates/{templateId}/workflow,TemplateWorkflowDefinition_DeleteTemplateWorkflowDefinition
e1064,3,docusign,GET,/v2.1/accounts/{accountId}/templates/{templateId}/workflow/scheduledSending,TemplateWorkflowScheduledSending_GetTemplateScheduledSendingDefinition
e1065,1,docusign,PUT,/v2.1/accounts/{accountId}/templates/{templateId}/workflow/scheduledSending,TemplateWorkflowScheduledSending_PutTemplateScheduledSendingDefinition
e1066,7,docusign,DELETE,/v2.1/accounts/{accountId}/templates/{templateId}/workflow/scheduledSending,TemplateWorkflowScheduledSending_DeleteTemplateScheduledSendingDefinition
e1067,7,docusign,POST,/v2.1/accounts/{accountId}/templates/{templateId}/workflow/steps,TemplateWorkflowStep_PostTemplateWorkflowStepDefinition
e1068,2,docusign,GET,/v2.1/accounts/{accountId}/templates/{templateId}/workflow/steps/{workflowStepId},TemplateWorkflowStep_GetTemplateWorkflowStepDefinition
e1069,1,docusign,PUT,/v2.1/accounts/{accountId}/templates/{templateId}/workflow/steps/{workflowStepId},TemplateWorkflowStep_PutTemplateWorkflowStepDefinition
e1070,4,docusign,DELETE,/v2.1/accounts/{accountId}/templates/{templateId}/workflow/steps/{workflowStepId},TemplateWorkflowStep_DeleteTemplateWorkflowStepDefinition
e1071,4,docusign,GET,/v2.1/accounts/{accountId}/templates/{templateId}/workflow/steps/{workflowStepId}/delayedRouting,TemplateWorkflowDelayedRouting_GetTemplateDelayedRoutingDefinition
e1072,6,docusign,PUT,/v2.1/accounts/{accountId}/templates/{templateId}/workflow/steps/{workflowStepId}/delayedRouting,TemplateWorkflowDelayedRouting_PutTemplateDelayedRoutingDefinition
e1073,3,docusign,DELETE,/v2.1/accounts/{accountId}/templates/{templateId}/workflow/steps/{workflowStepId}/delayedRouting,TemplateWorkflowDelayedRouting_DeleteTemplateDelayedRoutingDefinition
e1074,5,docusign,PUT,/v2.1/accounts/{accountId}/templates/auto_match,TemplatesAutoMatch_PutTemplates
e1075,6,docusign,GET,/v2.1/accounts/{accountId}/unsupported_file_types,UnsupportedFileTypes_GetUnsupportedFileTypes
e1076,1,docusign,GET,/v2.1/accounts/{accountId}/users,Users_GetUsers
e1077,1,docusign,PUT,/v2.1/accounts/{accountId}/users,Users_PutUsers
e1078,4,docusign,POST,/v2.1/accounts/{accountId}/users,Users_PostUsers
e1079,5,docusign,DELETE,/v2.1/accounts/{accountId}/users,Users_DeleteUsers
e1080,2,docusign,GET,/v2.1/accounts/{accountId}/users/{userId},User_GetUser
e1081,2,docusign,PUT,/v2.1/accounts/{accountId}/users/{userId},User_PutUser
e1082,1,docusign,POST,/v2.1/accounts/{accountId}/users/{userId}/authorization,UserAuthorization_CreateUserAuthorization
e1083,6,docusign,GET,/v2.1/accounts/{accountId}/users/{userId}/authorization/{authorizationId},UserAuthorization_GetUserAuthorization
e1084,3,docusign,PUT,/v2.1/accounts/{accountId}/users/{userId}/authorization/{authorizationId},UserAuthorization_UpdateUserAuthorization
e1085,6,docusign,DELETE,/v2.1/accounts/{accountId}/users/{userId}/authorization/{authorizationId},UserAuthorization_DeleteUserAuthorization
e1086,5,docusign,GET,/v2.1/accounts/{accountId}/users/{userId}/authorizations,UserAuthorizations_GetPrincipalUserAuthorizations
e1087,3,docusign,POST,/v2.1/accounts/{accountId}/users/{userId}/authorizations,UserAuthorizations_PostUserAuthorizations
e1088,1,docusign,DELETE,/v2.1/accounts/{accountId}/users/{userId}/authorizations,UserAuthorizations_DeleteUserAuthorizations
e1089,5,docusign,GET,/v2.1/accounts/{accountId}/users/{userId}/authorizations/agent,UserAgentAuthorizations_GetAgentUserAuthorizations
e1090,7,docusign,GET,/v2.1/accounts/{accountId}/users/{userId}/cloud_storage,CloudStorage_GetCloudStorageProviders
e1091,5,docusign,POST,/v2.1/accounts/{accountId}/users/{userId}/cloud_storage,CloudStorage_PostCloudStorage
e1092,5,docusign,DELETE,/v2.1/accounts/{accountId}/users/{userId}/cloud_storage,CloudStorage_DeleteCloudStorageProviders
e1093,2,docusign,GET,/v2.1/accounts/{accountId}/users/{userId}/cloud_storage/{serviceId},CloudStorage_GetCloudStorage
e1094,2,docusign,DELETE,/v2.1/accounts/{accountId}/users/{userId}/cloud_storage/{serviceId},CloudStorage_DeleteCloudStorage
e1095,6,docusign,GET,/v2.1/accounts/{accountId}/users/{userId}/cloud_storage/{serviceId}/folders,CloudStorageFolder_GetCloudStorageFolderAll
e1096,6,docusign,GET,/v2.1/accounts/{accountId}/users/{userId}/cloud_storage/{serviceId}/folders/{folderId},CloudStorageFolder_GetCloudStorageFolder
e1097,1,docusign,GET,/v2.1/accounts/{accountId}/users/{userId}/custom_settings,UserCustomSettings_GetCustomSettings
e1098,7,docusign,PUT,/v2.1/accounts/{accountId}/users/{userId}/custom_settings,UserCustomSettings_PutCustomSettings
e1099,7,docusign,DELETE,/v2.1/accounts/{accountId}/users/{userId}/custom_settings,UserCustomSettings_DeleteCustomSettings
e1100,6,docusign,GET,/v2.1/accounts/{accountId}/users/{userId}/profile,UserProfile_GetProfile
e1101,7,docusign,PUT,/v2.1/accounts/{accountId}/users/{userId}/profile,UserProfile_PutProfile
e1102,1,docusign,GET,/v2.1/accounts/{accountId}/users/{userId}/profile/image,UserProfileImage_GetUserProfileImage
e1103,6,docusign,PUT,/v2.1/accounts/{accountId}/users/{userId}/profile/image,UserProfileImage_PutUserProfileImage
e1104,3,docusign,DELETE,/v2.1/accounts/{accountId}/users/{userId}/profile/image,UserProfileImage_DeleteUserProfileImage
e1105,7,docusign,GET,/v2.1/accounts/{accountId}/users/{userId}/settings,UserSettings_GetUserSettings
e1106,6,docusign,PUT,/v2.1/accounts/{accountId}/users/{userId}/settings,UserSettings_PutUserSettings
e1107,1,docusign,GET,/v2.1/accounts/{accountId}/users/{userId}/signatures,UserSignatures_GetUserSignatures
e1108,1,docusign,PUT,/v2.1/accounts/{accountId}/users/{userId}/signatures,UserSignatures_PutUserSignature
e1109,6,docusign,POST,/v2.1/accounts/{accountId}/users/{userId}/signatures,UserSignatures_PostUserSignatures
e1110,4,docusign,GET,/v2.1/accounts/{accountId}/users/{userId}/signatures/{signatureId},UserSignatures_GetUserSignature
e1111,5,docusign,PUT,/v2.1/accounts/{accountId}/users/{userId}/signatures/{signatureId},UserSignatures_PutUserSignatureById
e1112,3,docusign,DELETE,/v2.1/accounts/{accountId}/users/{userId}/signatures/{signatureId},UserSignatures_DeleteUserSignature
e1113,5,docusign,GET,/v2.1/accounts/{accountId}/users/{userId}/signatures/{signatureId}/{imageType},UserSignatures_GetUserSignatureImage
e1114,4,docusign,PUT,/v2.1/accounts/{accountId}/users/{userId}/signatures/{signatureId}/{imageType},UserSignatures_PutUserSignatureImage
e1115,5,docusign,DELETE,/v2.1/accounts/{accountId}/users/{userId}/signatures/{signatureId}/{imageType},UserSignatures_DeleteUserSignatureImage
e1116,6,docusign,POST,/v2.1/accounts/{accountId}/views/console,Views_PostAccountConsoleView
e1117,3,docusign,GET,/v2.1/accounts/{accountId}/watermark,Watermark_GetWatermark
e1118,3,docusign,PUT,/v2.1/accounts/{accountId}/watermark,Watermark_PutWatermark
e1119,4,docusign,PUT,/v2.1/accounts/{accountId}/watermark/preview,WatermarkPreview_PutWatermarkPreview
e1120,7,docusign,GET,/v2.1/accounts/{accountId}/workspaces,Workspace_GetWorkspaces
e1121,2,docusign,POST,/v2.1/accounts/{accountId}/workspaces,Workspace_PostWorkspace
e1122,2,docusign,GET,/v2.1/accounts/{accountId}/workspaces/{workspaceId},Workspace_GetWorkspace
e1123,2,docusign,PUT,/v2.1/accounts/{accountId}/workspaces/{workspaceId},Workspace_PutWorkspace
e1124,5,docusign,DELETE,/v2.1/accounts/{accountId}/workspaces/{workspaceId},Workspace_DeleteWorkspace
e1125,2,docusign,GET,/v2.1/accounts/{accountId}/workspaces/{workspaceId}/folders/{folderId},WorkspaceFolder_GetWorkspaceFolder
e1126,4,docusign,DELETE,/v2.1/accounts/{accountId}/workspaces/{workspaceId}/folders/{folderId},WorkspaceFolder_DeleteWorkspaceItems
e1127,2,docusign,POST,/v2.1/accounts/{accountId}/workspaces/{workspaceId}/folders/{folderId}/files,WorkspaceFile_PostWorkspaceFiles
e1128,7,docusign,GET,/v2.1/accounts/{accountId}/workspaces/{workspaceId}/folders/{folderId}/files/{fileId},WorkspaceFile_GetWorkspaceFile
e1129,7,docusign,PUT,/v2.1/accounts/{accountId}/workspaces/{workspaceId}/folders/{folderId}/files/{fileId},WorkspaceFile_PutWorkspaceFile
e1130,1,docusign,GET,/v2.1/accounts/{accountId}/workspaces/{workspaceId}/folders/{folderId}/files/{fileId}/pages,WorkspaceFilePages_GetWorkspaceFilePages
e1131,5,docusign,GET,/v2.1/accounts/provisioning,Accounts_GetProvisioning
e1132,3,docusign,GET,/v2.1/billing_plans,BillingPlans_GetBillingPlans
e1133,3,docusign,GET,/v2.1/billing_plans/{billingPlanId},BillingPlans_GetBillingPlan
e1134,6,docusign,GET,/v2.1/current_user/notary,Notary_GetNotary
e1135,6,docusign,PUT,/v2.1/current_user/notary,Notary_PutNotary
e1136,1,docusign,POST,/v2.1/current_user/notary,Notary_PostNotary
e1137,2,docusign,GET,/v2.1/current_user/notary/journals,NotaryJournals_GetNotaryJournals
e1138,4,docusign,GET,/v2.1/current_user/notary/jurisdictions,NotaryJurisdictions_GetNotaryJurisdictions
e1139,7,docusign,POST,/v2.1/current_user/notary/jurisdictions,NotaryJurisdictions_PostNotaryJurisdictions
e1140,7,docusign,GET,/v2.1/current_user/notary/jurisdictions/{jurisdictionId},NotaryJurisdictions_GetNotaryJurisdiction
e1141,5,docusign,PUT,/v2.1/current_user/notary/jurisdictions/{jurisdictionId},NotaryJurisdictions_PutNotaryJurisdiction
e1142,5,docusign,DELETE,/v2.1/current_user/notary/jurisdictions/{jurisdictionId},NotaryJurisdictions_DeleteNotaryJurisdiction
e1143,3,docusign,GET,/v2.1/current_user/password_rules,PasswordRules_GetPasswordRules
e1144,6,docusign,GET,/v2.1/diagnostics/request_logs,APIRequestLog_GetRequestLogs
e1145,4,docusign,DELETE,/v2.1/diagnostics/request_logs,APIRequestLog_DeleteRequestLogs
e1146,4,docusign,GET,/v2.1/diagnostics/request_logs/{requestLogId},APIRequestLog_GetRequestLog
e1147,5,docusign,GET,/v2.1/diagnostics/settings,APIRequestLog_GetRequestLogSettings
e1148,1,docusign,PUT,/v2.1/diagnostics/settings,APIRequestLog_PutRequestLogSettings
e1149,4,xero,GET,/Accounts,getAccounts
e1150,6,xero,PUT,/Accounts,createAccount
e1151,3,xero,GET,/Accounts/{AccountID},getAccount
e1152,2,xero,POST,/Accounts/{AccountID},updateAccount
e1153,1,xero,DELETE,/Accounts/{AccountID},deleteAccount
e1154,1,xero,GET,/Accounts/{AccountID}/Attachments,getAccountAttachments
e1155,7,xero,GET,/Accounts/{AccountID}/Attachments/{AttachmentID},getAccountAttachmentById
e1156,3,xero,GET,/Accounts/{AccountID}/Attachments/{FileName},getAccountAttachmentByFileName
e1157,5,xero,PUT,/Accounts/{AccountID}/Attachments/{FileName},createAccountAttachmentByFileName
e1158,1,xero,POST,/Accounts/{AccountID}/Attachments/{FileName},updateAccountAttachmentByFileName
e1159,4,xero,GET,/BatchPayments,getBatchPayments
e1160,2,xero,PUT,/BatchPayments,createBatchPayment
e1161,2,xero,POST,/BatchPayments,deleteBatchPayment
e1162,4,xero,GET,/BatchPayments/{BatchPaymentID},getBatchPayment
e1163,2,xero,POST,/BatchPayments/{BatchPaymentID},deleteBatchPaymentByUrlParam
e1164,6,xero,GET,/BatchPayments/{BatchPaymentID}/History,getBatchPaymentHistory
e1165,2,xero,PUT,/BatchPayments/{BatchPaymentID}/History,createBatchPaymentHistoryRecord
e1166,5,xero,GET,/BankTransactions,getBankTransactions
e1167,4,xero,PUT,/BankTransactions,createBankTransactions
e1168,7,xero,POST,/BankTransactions,updateOrCreateBankTransactions
e1169,7,xero,GET,/BankTransactions/{BankTransactionID},getBankTransaction
e1170,3,xero,POST,/BankTransactions/{BankTransactionID},updateBankTransaction
e1171,1,xero,GET,/BankTransactions/{BankTransactionID}/Attachments,getBankTransactionAttachments
e1172,1,xero,GET,/BankTransactions/{BankTransactionID}/Attachments/{AttachmentID},getBankTransactionAttachmentById
e1173,7,xero,GET,/BankTransactions/{BankTransactionID}/Attachments/{FileName},getBankTransactionAttachmentByFileName
e1174,6,xero,PUT,/BankTransactions/{BankTransactionID}/Attachments/{FileName},createBankTransactionAttachmentByFileName
e1175,5,xero,POST,/BankTransactions/{BankTransactionID}/Attachments/{FileName},updateBankTransactionAttachmentByFileName
e1176,4,xero,GET,/BankTransactions/{BankTransactionID}/History,getBankTransactionsHistory
e1177,4,xero,PUT,/BankTransactions/{BankTransactionID}/History,createBankTransactionHistoryRecord
e1178,6,xero,GET,/BankTransfers,getBankTransfers
e1179,5,xero,PUT,/BankTransfers,createBankTransfer
e1180,6,xero,POST,/BankTransfers,deleteBankTransfers
e1181,1,xero,GET,/BankTransfers/{BankTransferID},getBankTransfer
e1182,7,xero,POST,/BankTransfers/{BankTransferID},deleteBankTransfer
e1183,3,xero,GET,/BankTransfers/{BankTransferID}/Attachments,getBankTransferAttachments
e1184,7,xero,GET,/BankTransfers/{BankTransferID}/Attachments/{AttachmentID},getBankTransferAttachmentById
e1185,6,xero,GET,/BankTransfers/{BankTransferID}/Attachments/{FileName},getBankTransferAttachmentByFileName
e1186,3,xero,PUT,/BankTransfers/{BankTransferID}/Attachments/{FileName},createBankTransferAttachmentByFileName
e1187,3,xero,POST,/BankTransfers/{BankTransferID}/Attachments/{FileName},updateBankTransferAttachmentByFileName
e1188,4,xero,GET,/BankTransfers/{BankTransferID}/History,getBankTransferHistory
e1189,6,xero,PUT,/BankTransfers/{BankTransferID}/History,createBankTransferHistoryRecord
e1190,4,xero,GET,/BrandingThemes,getBrandingThemes
e1191,2,xero,GET,/BrandingThemes/{BrandingThemeID},getBrandingTheme
e1192,2,xero,GET,/BrandingThemes/{BrandingThemeID}/PaymentServices,getBrandingThemePaymentServices
e1193,3,xero,POST,/BrandingThemes/{BrandingThemeID}/PaymentServices,createBrandingThemePaymentServices
e1194,5,xero,GET,/Budgets,getBudgets
e1195,5,xero,GET,/Budgets/{BudgetID},getBudget
e1196,2,xero,GET,/Contacts,getContacts
e1197,4,xero,PUT,/Contacts,createContacts
e1198,6,xero,POST,/Contacts,updateOrCreateContacts
e1199,7,xero,GET,/Contacts/{ContactNumber},getContactByContactNumber
e1200,3,xero,GET,/Contacts/{ContactID},getContact
e1201,1,xero,POST,/Contacts/{ContactID},updateContact
e1202,3,xero,GET,/Contacts/{ContactID}/Attachments,getContactAttachments
e1203,6,xero,GET,/Contacts/{ContactID}/Attachments/{AttachmentID},getContactAttachmentById
e1204,4,xero,GET,/Contacts/{ContactID}/Attachments/{FileName},getContactAttachmentByFileName
e1205,5,xero,PUT,/Contacts/{ContactID}/Attachments/{FileName},createContactAttachmentByFileName
e1206,2,xero,POST,/Contacts/{ContactID}/Attachments/{FileName},updateContactAttachmentByFileName
e1207,1,xero,GET,/Contacts/{ContactID}/CISSettings,getContactCISSettings
e1208,5,xero,GET,/Contacts/{ContactID}/History,getContactHistory
e1209,2,xero,PUT,/Contacts/{ContactID}/History,createContactHistory
e1210,2,xero,GET,/ContactGroups,getContactGroups
e1211,3,xero,PUT,/ContactGroups,createContactGroup
e1212,5,xero,GET,/ContactGroups/{ContactGroupID},getContactGroup
e1213,3,xero,POST,/ContactGroups/{ContactGroupID},updateContactGroup
e1214,4,xero,PUT,/ContactGroups/{ContactGroupID}/Contacts,createContactGroupContacts
e1215,7,xero,DELETE,/ContactGroups/{ContactGroupID}/Contacts,deleteContactGroupContacts
e1216,6,xero,DELETE,/ContactGroups/{ContactGroupID}/Contacts/{ContactID},deleteContactGroupContact
e1217,3,xero,GET,/CreditNotes,getCreditNotes
e1218,2,xero,PUT,/CreditNotes,createCreditNotes
e1219,5,xero,POST,/CreditNotes,updateOrCreateCreditNotes
e1220,4,xero,GET,/CreditNotes/{CreditNoteID},getCreditNote
e1221,4,xero,POST,/CreditNotes/{CreditNoteID},updateCreditNote
e1222,7,xero,GET,/CreditNotes/{CreditNoteID}/Attachments,getCreditNoteAttachments
e1223,4,xero,GET,/CreditNotes/{CreditNoteID}/Attachments/{AttachmentID},getCreditNoteAttachmentById
e1224,2,xero,GET,/CreditNotes/{CreditNoteID}/Attachments/{FileName},getCreditNoteAttachmentByFileName
e1225,1,xero,PUT,/CreditNotes/{CreditNoteID}/Attachments/{FileName},createCreditNoteAttachmentByFileName
e1226,2,xero,POST,/CreditNotes/{CreditNoteID}/Attachments/{FileName},updateCreditNoteAttachmentByFileName
e1227,4,xero,GET,/CreditNotes/{CreditNoteID}/pdf,getCreditNoteAsPdf
e1228,1,xero,PUT,/CreditNotes/{CreditNoteID}/Allocations,createCreditNoteAllocation
e1229,3,xero,DELETE,/CreditNotes/{CreditNoteID}/Allocations/{AllocationID},deleteCreditNoteAllocations
e1230,2,xero,GET,/CreditNotes/{CreditNoteID}/History,getCreditNoteHistory
e1231,4,xero,PUT,/CreditNotes/{CreditNoteID}/History,createCreditNoteHistory
e1232,4,xero,GET,/Currencies,getCurrencies
e1233,7,xero,PUT,/Currencies,createCurrency
e1234,2,xero,GET,/ExpenseClaims,getExpenseClaims
e1235,2,xero,PUT,/ExpenseClaims,createExpenseClaims
e1236,7,xero,GET,/ExpenseClaims/{ExpenseClaimID},getExpenseClaim
e1237,3,xero,POST,/ExpenseClaims/{ExpenseClaimID},updateExpenseClaim
e1238,6,xero,GET,/ExpenseClaims/{ExpenseClaimID}/History,getExpenseClaimHistory
e1239,1,xero,PUT,/ExpenseClaims/{ExpenseClaimID}/History,createExpenseClaimHistory
e1240,2,xero,GET,/Invoices,getInvoices
e1241,2,xero,PUT,/Invoices,createInvoices
e1242,4,xero,POST,/Invoices,updateOrCreateInvoices
e1243,2,xero,GET,/Invoices/{InvoiceID},getInvoice
e1244,5,xero,POST,/Invoices/{InvoiceID},updateInvoice
e1245,5,xero,GET,/Invoices/{InvoiceID}/pdf,getInvoiceAsPdf
e1246,4,xero,GET,/Invoices/{InvoiceID}/Attachments,getInvoiceAttachments
e1247,1,xero,GET,/Invoices/{InvoiceID}/Attachments/{AttachmentID},getInvoiceAttachmentById
e1248,5,xero,GET,/Invoices/{InvoiceID}/Attachments/{FileName},getInvoiceAttachmentByFileName
e1249,4,xero,PUT,/Invoices/{InvoiceID}/Attachments/{FileName},createInvoiceAttachmentByFileName
e1250,5,xero,POST,/Invoices/{InvoiceID}/Attachments/{FileName},updateInvoiceAttachmentByFileName
e1251,2,xero,GET,/Invoices/{InvoiceID}/OnlineInvoice,getOnlineInvoice
e1252,2,xero,POST,/Invoices/{InvoiceID}/Email,emailInvoice
e1253,7,xero,GET,/Invoices/{InvoiceID}/History,getInvoiceHistory
e1254,7,xero,PUT,/Invoices/{InvoiceID}/History,createInvoiceHistory
e1255,4,xero,GET,/InvoiceReminders/Settings,getInvoiceReminders
e1256,4,xero,GET,/Items,getItems
e1257,5,xero,PUT,/Items,createItems
e1258,6,xero,POST,/Items,updateOrCreateItems
e1259,2,xero,GET,/Items/{ItemID},getItem
e1260,7,xero,POST,/Items/{ItemID},updateItem
e1261,6,xero,DELETE,/Items/{ItemID},deleteItem
e1262,7,xero,GET,/Items/{ItemID}/History,getItemHistory
e1263,2,xero,PUT,/Items/{ItemID}/History,createItemHistory
e1264,7,xero,GET,/Journals,getJournals
e1265,1,xero,GET,/Journals/{JournalID},getJournal
e1266,1,xero,GET,/Journals/{JournalNumber},getJournalByNumber
e1267,1,xero,GET,/LinkedTransactions,getLinkedTransactions
e1268,3,xero,PUT,/LinkedTransactions,createLinkedTransaction
e1269,7,xero,GET,/LinkedTransactions/{LinkedTransactionID},getLinkedTransaction
e1270,7,xero,POST,/LinkedTransactions/{LinkedTransactionID},updateLinkedTransaction
e1271,4,xero,DELETE,/LinkedTransactions/{LinkedTransactionID},deleteLinkedTransaction
e1272,6,xero,GET,/ManualJournals,getManualJournals
e1273,7,xero,PUT,/ManualJournals,createManualJournals
e1274,2,xero,POST,/ManualJournals,updateOrCreateManualJournals
e1275,6,xero,GET,/ManualJournals/{ManualJournalID},getManualJournal
e1276,1,xero,POST,/ManualJournals/{ManualJournalID},updateManualJournal
e1277,2,xero,GET,/ManualJournals/{ManualJournalID}/Attachments,getManualJournalAttachments
e1278,2,xero,GET,/ManualJournals/{ManualJournalID}/Attachments/{AttachmentID},getManualJournalAttachmentById
e1279,3,xero,GET,/ManualJournals/{ManualJournalID}/Attachments/{FileName},getManualJournalAttachmentByFileName
e1280,5,xero,PUT,/ManualJournals/{ManualJournalID}/Attachments/{FileName},createManualJournalAttachmentByFileName
e1281,5,xero,POST,/ManualJournals/{ManualJournalID}/Attachments/{FileName},updateManualJournalAttachmentByFileName
e1282,6,xero,GET,/ManualJournals/{ManualJournalID}/History,getManualJournalsHistory
e1283,4,xero,PUT,/ManualJournals/{ManualJournalID}/History,createManualJournalHistoryRecord
e1284,6,xero,GET,/Organisation,getOrganisations
e1285,3,xero,GET,/Organisation/Actions,getOrganisationActions
e1286,3,xero,GET,/Organisation/{OrganisationID}/CISSettings,getOrganisationCISSettings
e1287,6,xero,GET,/Overpayments,getOverpayments
e1288,6,xero,GET,/Overpayments/{OverpaymentID},getOverpayment
e1289,6,xero,PUT,/Overpayments/{OverpaymentID}/Allocations,createOverpaymentAllocations
e1290,1,xero,DELETE,/Overpayments/{OverpaymentID}/Allocations/{AllocationID},deleteOverpaymentAllocations
e1291,5,xero,GET,/Overpayments/{OverpaymentID}/History,getOverpaymentHistory
e1292,5,xero,PUT,/Overpayments/{OverpaymentID}/History,createOverpaymentHistory
e1293,2,xero,GET,/Payments,getPayments
e1294,3,xero,PUT,/Payments,createPayments
e1295,6,xero,POST,/Payments,createPayment
e1296,7,xero,GET,/Payments/{PaymentID},getPayment
e1297,6,xero,POST,/Payments/{PaymentID},deletePayment
e1298,3,xero,GET,/Payments/{PaymentID}/History,getPaymentHistory
e1299,1,xero,PUT,/Payments/{PaymentID}/History,createPaymentHistory
e1300,5,xero,GET,/PaymentServices,getPaymentServices
e1301,6,xero,PUT,/PaymentServices,createPaymentService
e1302,4,xero,GET,/Prepayments,getPrepayments
e1303,2,xero,GET,/Prepayments/{PrepaymentID},getPrepayment
e1304,3,xero,PUT,/Prepayments/{PrepaymentID}/Allocations,createPrepaymentAllocations
e1305,6,xero,DELETE,/Prepayments/{PrepaymentID}/Allocations/{AllocationID},deletePrepaymentAllocations
e1306,3,xero,GET,/Prepayments/{PrepaymentID}/History,getPrepaymentHistory
e1307,7,xero,PUT,/Prepayments/{PrepaymentID}/History,createPrepaymentHistory
e1308,3,xero,GET,/PurchaseOrders,getPurchaseOrders
e1309,7,xero,PUT,/PurchaseOrders,createPurchaseOrders
e1310,6,xero,POST,/PurchaseOrders,updateOrCreatePurchaseOrders
e1311,1,xero,GET,/PurchaseOrders/{PurchaseOrderID}/pdf,getPurchaseOrderAsPdf
e1312,6,xero,GET,/PurchaseOrders/{PurchaseOrderID},getPurchaseOrder
e1313,6,xero,POST,/PurchaseOrders/{PurchaseOrderID},updatePurchaseOrder
e1314,5,xero,GET,/PurchaseOrders/{PurchaseOrderNumber},getPurchaseOrderByNumber
e1315,4,xero,GET,/PurchaseOrders/{PurchaseOrderID}/History,getPurchaseOrderHistory
e1316,3,xero,PUT,/PurchaseOrders/{PurchaseOrderID}/History,createPurchaseOrderHistory
e1317,3,xero,GET,/PurchaseOrders/{PurchaseOrderID}/Attachments,getPurchaseOrderAttachments
e1318,4,xero,GET,/PurchaseOrders/{PurchaseOrderID}/Attachments/{AttachmentID},getPurchaseOrderAttachmentById
e1319,7,xero,GET,/PurchaseOrders/{PurchaseOrderID}/Attachments/{FileName},getPurchaseOrderAttachmentByFileName
e1320,3,xero,PUT,/PurchaseOrders/{PurchaseOrderID}/Attachments/{FileName},createPurchaseOrderAttachmentByFileName
e1321,1,xero,POST,/PurchaseOrders/{PurchaseOrderID}/Attachments/{FileName},updatePurchaseOrderAttachmentByFileName
e1322,2,xero,GET,/Quotes,getQuotes
e1323,3,xero,PUT,/Quotes,createQuotes
e1324,1,xero,POST,/Quotes,updateOrCreateQuotes
e1325,4,xero,GET,/Quotes/{QuoteID},getQuote
e1326,2,xero,POST,/Quotes/{QuoteID},updateQuote
e1327,3,xero,GET,/Quotes/{QuoteID}/History,getQuoteHistory
e1328,6,xero,PUT,/Quotes/{QuoteID}/History,createQuoteHistory
e1329,2,xero,GET,/Quotes/{QuoteID}/pdf,getQuoteAsPdf
e1330,6,xero,GET,/Quotes/{QuoteID}/Attachments,getQuoteAttachments
e1331,3,xero,GET,/Quotes/{QuoteID}/Attachments/{AttachmentID},getQuoteAttachmentById
e1332,7,xero,GET,/Quotes/{QuoteID}/Attachments/{FileName},getQuoteAttachmentByFileName
e1333,3,xero,PUT,/Quotes/{QuoteID}/Attachments/{FileName},createQuoteAttachmentByFileName
e1334,6,xero,POST,/Quotes/{QuoteID}/Attachments/{FileName},updateQuoteAttachmentByFileName
e1335,3,xero,GET,/Receipts,getReceipts
e1336,1,xero,PUT,/Receipts,createReceipt
e1337,3,xero,GET,/Receipts/{ReceiptID},getReceipt
e1338,5,xero,POST,/Receipts/{ReceiptID},updateReceipt
e1339,4,xero,GET,/Receipts/{ReceiptID}/Attachments,getReceiptAttachments
e1340,5,xero,GET,/Receipts/{ReceiptID}/Attachments/{AttachmentID},getReceiptAttachmentById
e1341,1,xero,GET,/Receipts/{ReceiptID}/Attachments/{FileName},getReceiptAttachmentByFileName
e1342,1,xero,PUT,/Receipts/{ReceiptID}/Attachments/{FileName},createReceiptAttachmentByFileName
e1343,2,xero,POST,/Receipts/{ReceiptID}/Attachments/{FileName},updateReceiptAttachmentByFileName
e1344,5,xero,GET,/Receipts/{ReceiptID}/History,getReceiptHistory
e1345,5,xero,PUT,/Receipts/{ReceiptID}/History,createReceiptHistory
e1346,5,xero,GET,/RepeatingInvoices,getRepeatingInvoices
e1347,3,xero,PUT,/RepeatingInvoices,createRepeatingInvoices
e1348,2,xero,POST,/RepeatingInvoices,updateOrCreateRepeatingInvoices
e1349,5,xero,GET,/RepeatingInvoices/{RepeatingInvoiceID},getRepeatingInvoice
e1350,5,xero,POST,/RepeatingInvoices/{RepeatingInvoiceID},updateRepeatingInvoice
e1351,4,xero,GET,/RepeatingInvoices/{RepeatingInvoiceID}/Attachments,getRepeatingInvoiceAttachments
e1352,5,xero,GET,/RepeatingInvoices/{RepeatingInvoiceID}/Attachments/{AttachmentID},getRepeatingInvoiceAttachmentById
e1353,2,xero,GET,/RepeatingInvoices/{RepeatingInvoiceID}/Attachments/{FileName},getRepeatingInvoiceAttachmentByFileName
e1354,7,xero,PUT,/RepeatingInvoices/{RepeatingInvoiceID}/Attachments/{FileName},createRepeatingInvoiceAttachmentByFileName
e1355,1,xero,POST,/RepeatingInvoices/{RepeatingInvoiceID}/Attachments/{FileName},updateRepeatingInvoiceAttachmentByFileName
e1356,3,xero,GET,/RepeatingInvoices/{RepeatingInvoiceID}/History,getRepeatingInvoiceHistory
e1357,6,xero,PUT,/RepeatingInvoices/{RepeatingInvoiceID}/History,createRepeatingInvoiceHistory
e1358,3,xero,GET,/Reports/TenNinetyNine,getReportTenNinetyNine
e1359,1,xero,GET,/Reports/AgedPayablesByContact,getReportAgedPayablesByContact
e1360,1,xero,GET,/Reports/AgedReceivablesByContact,getReportAgedReceivablesByContact
e1361,7,xero,GET,/Reports/BalanceSheet,getReportBalanceSheet
e1362,1,xero,GET,/Reports/BankSummary,getReportBankSummary
e1363,3,xero,GET,/Reports/{ReportID},getReportFromId
e1364,5,xero,GET,/Reports/BudgetSummary,getReportBudgetSummary
e1365,1,xero,GET,/Reports/ExecutiveSummary,getReportExecutiveSummary
e1366,6,xero,GET,/Reports,getReportsList
e1367,3,xero,GET,/Reports/ProfitAndLoss,getReportProfitAndLoss
e1368,4,xero,GET,/Reports/TrialBalance,getReportTrialBalance
e1369,2,xero,POST,/Setup,postSetup
e1370,7,xero,GET,/TaxRates,getTaxRates
e1371,3,xero,PUT,/TaxRates,createTaxRates
e1372,7,xero,POST,/TaxRates,updateTaxRate
e1373,2,xero,GET,/TaxRates/{TaxType},getTaxRateByTaxType
e1374,3,xero,GET,/TrackingCategories,getTrackingCategories
e1375,4,xero,PUT,/TrackingCategories,createTrackingCategory
e1376,2,xero,GET,/TrackingCategories/{TrackingCategoryID},getTrackingCategory
e1377,3,xero,POST,/TrackingCategories/{TrackingCategoryID},updateTrackingCategory
e1378,5,xero,DELETE,/TrackingCategories/{TrackingCategoryID},deleteTrackingCategory
e1379,3,xero,PUT,/TrackingCategories/{TrackingCategoryID}/Options,createTrackingOptions
e1380,6,xero,POST,/TrackingCategories/{TrackingCategoryID}/Options/{TrackingOptionID},updateTrackingOptions
e1381,4,xero,DELETE,/TrackingCategories/{TrackingCategoryID}/Options/{TrackingOptionID},deleteTrackingOptions
e1382,7,xero,GET,/Users,getUsers
e1383,4,xero,GET,/Users/{UserID},getUser
