row_id,stratum,provider,corpus_vendor,method,path,operationId,summary,truth,confidence,truth_reason,step,class,rule,flag,verdict
1,W,adafruit.com,adafruit.com,DELETE,/{username}/{type}/{type_id}/acl/{id},destroyPermission,Delete an existing Permission,x,high,rule4 acl permission bundle,3,x,other-noun,,ok
2,W,adyen.com,adyen,DELETE,/companies/{companyId}/apiCredentials/{apiCredentialId}/allowedOrigins/{originId},delete-companies-companyId-apiCredentials-apiCredentialId-allowedOrigins-originId,Delete an allowed origin,w,high,rule6 own credential config,3,x,other-noun,,FALSE-ALARM
3,W,adyen.com,adyen,DELETE,/companies/{companyId}/webhooks/{webhookId},delete-companies-companyId-webhooks-webhookId,Remove a webhook,w,high,rule5 own webhook config,2,w,yours-noun,evidence,ok
4,W,adyen.com,adyen,DELETE,/documents/{id},delete-documents-id,Delete a document,w,high,rule1 own document record,2,w,yours-noun,evidence,ok
5,W,adyen.com,adyen,DELETE,/merchants/{merchantId}/payoutSettings/{payoutSettingsId},delete-merchants-merchantId-payoutSettings-payoutSettingsId,Delete a payout setting,w,high,rule5 own payout config,2,w,floor,x-pile,ok
6,W,adyen.com,adyen,DELETE,/storedPaymentMethods/{recurringId},delete-storedPaymentMethods-recurringId,Delete a token for stored payment details,w,high,rule10 own stored payment token no charge,3,x,other-noun,,FALSE-ALARM
7,W,adyen.com,adyen,DELETE,/transactionRules/{transactionRuleId},delete-transactionRules-transactionRuleId,Delete a transaction rule,w,high,rule5 own transaction rule config,2,w,yours-noun,evidence,ok
8,W,adyen.com,adyen,PATCH,/balanceAccounts/{balanceAccountId}/sweeps/{sweepId},patch-balanceAccounts-balanceAccountId-sweeps-sweepId,Update a sweep,w,high,rule5 own sweep config,2,w,floor,x-pile,ok
9,W,adyen.com,adyen,PATCH,/businessLines/{id},patch-businessLines-id,Update a business line,w,high,rule1 own business line record,2,w,floor,x-pile,ok
10,W,adyen.com,adyen,PATCH,/companies/{companyId}/terminalLogos,patch-companies-companyId-terminalLogos,Update the terminal logo,w,high,rule5 own terminal logo config,2,w,yours-noun,evidence,ok
11,W,adyen.com,adyen,PATCH,/companies/{companyId}/terminalOrders/{orderId},patch-companies-companyId-terminalOrders-orderId,Update an order,x,low,road1c order with outside vendor,3,x,other-noun,,ok
12,W,adyen.com,adyen,PATCH,/companies/{companyId}/webhooks/{webhookId},patch-companies-companyId-webhooks-webhookId,Update a webhook,w,high,rule5 own webhook config,2,w,yours-noun,evidence,ok
13,W,adyen.com,adyen,PATCH,/legalEntities/{id},patch-legalEntities-id,Update a legal entity,w,high,rule1 own legal entity record,2,w,floor,x-pile,ok
14,W,adyen.com,adyen,PATCH,/legalEntities/{id}/termsOfService/{termsofservicedocumentid},patch-legalEntities-id-termsOfService-termsofservicedocumentid,Accept Terms of Service,w,low,rule6 caller own consent acceptance,3,x,live-verb,,FALSE-ALARM
15,W,adyen.com,adyen,PATCH,/merchants/{merchantId}/apiCredentials/{apiCredentialId},patch-merchants-merchantId-apiCredentials-apiCredentialId,Update an API credential,w,low,rule6 own api credential scope,2,w,floor,x-pile,ok
16,W,adyen.com,adyen,PATCH,/merchants/{merchantId}/payoutSettings/{payoutSettingsId},patch-merchants-merchantId-payoutSettings-payoutSettingsId,Update a payout setting,w,high,rule5 own payout config,2,w,floor,x-pile,ok
17,W,adyen.com,adyen,PATCH,/merchants/{merchantId}/stores/{reference}/terminalLogos,patch-merchants-merchantId-stores-reference-terminalLogos,Update the terminal logo,w,high,rule5 own terminal logo config,2,w,floor,x-pile,ok
18,W,adyen.com,adyen,PATCH,/merchants/{merchantId}/terminalOrders/{orderId},patch-merchants-merchantId-terminalOrders-orderId,Update an order,x,low,road1c order with outside vendor,3,x,other-noun,,ok
19,W,adyen.com,adyen,PATCH,/merchants/{merchantId}/users/{userId},patch-merchants-merchantId-users-userId,Update a user,w,high,rule2 own account plain details,3,x,other-noun,,FALSE-ALARM
20,W,adyen.com,adyen,PATCH,/paymentInstruments/{id},patch-paymentInstruments-id,Update a payment instrument,w,high,rule10 payment instrument status no charge,3,x,other-noun,,FALSE-ALARM
21,W,adyen.com,adyen,PATCH,/stores/{storeId},patch-stores-storeId,Update a store,w,high,rule5 own store config,2,w,floor,x-pile,ok
22,W,adyen.com,adyen,PATCH,/stores/{storeId}/terminalSettings,patch-stores-storeId-terminalSettings,Update terminal settings,w,high,rule5 own terminal config,2,w,floor,x-pile,ok
23,W,adyen.com,adyen,PATCH,/terminals/{terminalId}/terminalLogos,patch-terminals-terminalId-terminalLogos,Update the logo,w,high,rule5 own terminal logo config,2,w,yours-noun,evidence,ok
24,W,adyen.com,adyen,PATCH,/transactionRules/{transactionRuleId},patch-transactionRules-transactionRuleId,Update a transaction rule,w,high,rule5 own transaction rule config,2,w,yours-noun,evidence,ok
25,W,agco-ats.com,agco-ats.com,DELETE,/api/v2/activities/{activityID},Activities_DeleteActivity,Mark the delete flag for the Activity,w,high,rule1 own activity record,2,w,yours-noun,evidence,ok
26,W,agco-ats.com,agco-ats.com,DELETE,/api/v2/AuthorizationCodes/{id},AuthorizationCodes_DeleteAuthorizationCode,Hide an authorization code.,w,low,no evidence of reach default w,3,x,other-noun,,FALSE-ALARM
27,W,agco-ats.com,agco-ats.com,DELETE,/api/v2/ContentDefinitionAttributes/{contentDefinitionAttributeID},ContentDefinitions_DeleteContentDefinitionAttribute,Remove an Attribute from a ContentDefinition,w,high,rule4 own definition attribute,2,w,yours-noun,evidence,ok
28,W,agco-ats.com,agco-ats.com,DELETE,/api/v2/ContentReleases/{ContentReleaseId},ContentRelease_DeleteContentReleaseVersionn,Delete a ContentReleaseVersion,w,high,rule4 own content release,2,w,floor,x-pile,ok
29,W,agco-ats.com,agco-ats.com,DELETE,/api/v2/jobRuns/{jobRunID},JobRuns_DeleteJobRun,Delete a JobRun,w,high,rule1 own job run record,3,x,live-verb,,FALSE-ALARM
30,W,agco-ats.com,agco-ats.com,DELETE,/api/v2/jobs/{jobID},Jobs_DeleteJob,Mark the delete flag for the Job,w,high,rule1 own job record,2,w,floor,x-pile,ok
31,W,agco-ats.com,agco-ats.com,DELETE,/api/v2/PackageTypes/{id}/Users/{userID},PackageTypes_RemovePackageTypeUser,Deletes a package type a user could see.,x,high,rule4 changes what user can see,3,x,other-noun,,ok
32,W,agco-ats.com,agco-ats.com,DELETE,/api/v2/TranslationSetAttributes/{ID},TranslationSets_DeleteTranslationSetAttribute,Delete a set of TranslationSetAttribute object,w,high,rule4 own definition attribute,2,w,floor,x-pile,ok
33,W,agco-ats.com,agco-ats.com,DELETE,/api/v2/UserContentDefinitions/{userContentDefinitionID},UserContentDefinitions_DeleteUserContentDefinition,Delete a UserContentDefinition,w,high,rule1 own content definition record,3,x,other-noun,,FALSE-ALARM
34,W,agco-ats.com,agco-ats.com,DELETE,/api/v2/Users/{id},Users_Delete,Delete a user,x,low,rule2 delete user account,3,x,other-noun,,ok
35,W,agco-ats.com,agco-ats.com,PUT,/api/v2/AuthenticatedUsers/{UserID}/Tokens,Authentication_PutManageTokens,Manage API tokens.,x,low,rule2 account token another user,3,x,other-noun,,ok
36,W,agco-ats.com,agco-ats.com,PUT,/api/v2/AuthorizationCategories/{id},AuthorizationCategories_Put,Update an authorization category.,w,high,rule5 own definition config,3,x,other-noun,,FALSE-ALARM
37,W,agco-ats.com,agco-ats.com,PUT,/api/v2/Bundles/{ID},Bundles_PutBundle,Modify a Bundle in the Update System.,w,high,rule4 own bundle definition,2,w,yours-noun,evidence,ok
38,W,agco-ats.com,agco-ats.com,PUT,/api/v2/Clients/{ClientID}/PackageReports/Batch,PackageReports_Batch,Submit a batch of package reports,w,low,own data submission not third party,3,x,live-verb,,FALSE-ALARM
39,W,agco-ats.com,agco-ats.com,PUT,/api/v2/ContentDefinitionAttributes/Batch,ContentDefinitions_PutContentDefinitionAttributes,No Documentation Found.,w,low,default PUT own definition,2,w,floor,x-pile,ok
40,W,agco-ats.com,agco-ats.com,PUT,/api/v2/ContentReleases/{ContentReleaseId},ContentRelease_PutContentDefinition,Update a ContentReleaseVersion,w,high,rule4 own content release,2,w,floor,x-pile,ok
41,W,agco-ats.com,agco-ats.com,PUT,/api/v2/jobRuns/{jobRunID},JobRuns_PutJobRun,Update a JobRun,w,high,rule1 own job run record,3,x,live-verb,,FALSE-ALARM
42,W,agco-ats.com,agco-ats.com,PUT,/api/v2/Packages/{ID},Packages_PutPackage,Modify a Packge to the Update System.,w,high,rule4 own package definition,2,w,floor,x-pile,ok
43,W,agco-ats.com,agco-ats.com,PUT,/api/v2/TranslationSetAttributes/{ID},TranslationSets_UpdateTranslationSetAttribute,Update a TranslationSetAttribute object,w,high,rule4 own definition attribute,2,w,floor,x-pile,ok
44,W,agco-ats.com,agco-ats.com,PUT,/api/v2/TranslationSets/{ID},TranslationSets_UpdateTranslationSet,Update a Translation Set. Accepts a TranslationSet object. Only the state property may be updated.,w,high,rule4 own definition state,2,w,floor,x-pile,ok
45,W,agco-ats.com,agco-ats.com,PUT,/api/v2/UpdateGroupSubscriptions/{UpdateGroupSubscriptionID},UpdateGroupSubscriptions_PutUpdateGroupSubscription,Update an Update Group Subscription,w,high,rule5 own subscription config,3,x,other-noun,,FALSE-ALARM
46,W,agco-ats.com,agco-ats.com,PUT,/api/v2/Users/Current,Users_PutCurrentUser,Update a user,w,high,rule2 own account update,3,x,other-noun,,FALSE-ALARM
47,W,agco-ats.com,agco-ats.com,PUT,/api/v2/Vouchers/{VoucherCode},Vouchers_Put,Update a voucher,w,low,default PUT own voucher record,2,w,floor,x-pile,ok
48,POST,aiception.com,,POST,/face,,Find all faces in the image [ image_url -> id ],r,high,read face detection no change,3,x,floor,,OVER-TIGHT
49,POST,airbyte.local,,POST,/v1/connections/create,createConnection,Create a connection between a source and a destination,w,high,creates own connection resource,3,x,floor,,FALSE-ALARM
50,POST,airbyte.local,,POST,/v1/destination_definitions/list_for_workspace,listDestinationDefinitionsForWorkspace,List all the destinationDefinitions the given workspace is configured to use,r,high,list own definitions,1,r,read-verb,,ok
51,POST,airbyte.local,,POST,/v1/logs/get,getLogs,Get logs,r,high,read logs,1,r,read-verb,,ok
52,POST,airbyte.local,,POST,/v1/source_definitions/get_for_workspace,getSourceDefinitionForWorkspace,Get a sourceDefinition that is configured for the given workspace,r,high,read own definition,1,r,read-verb,,ok
53,POST,airbyte.local,,POST,/v1/source_definitions/list_for_workspace,listSourceDefinitionsForWorkspace,List all the sourceDefinitions the given workspace is configured to use,r,high,list own definitions,1,r,read-verb,,ok
54,POST,airbyte.local,,POST,/v1/source_definitions/list_private,listPrivateSourceDefinitions,"List all private, non-custom sourceDefinitions, and for each indicate whether the given workspace has a grant for using the definition. Used by admins to view and modify a given workspace's grants.",r,high,list definitions view only,1,r,read-verb,,ok
55,POST,airbyte.local,,POST,/v1/sources/discover_schema,discoverSchemaForSource,Discover the schema catalog of the source,r,high,read schema discovery,3,x,floor,,OVER-TIGHT
56,POST,airbyte.local,,POST,/v1/sources/update,updateSource,Update a source,w,high,update own source config,3,x,floor,,FALSE-ALARM
57,POST,airbyte.local,,POST,/v1/state/create_or_update,createOrUpdateState,Create or update the state for a connection.,w,high,own connection state update,3,x,floor,,FALSE-ALARM
58,POST,airbyte.local,,POST,/v1/state/get,getState,Fetch the current state for a connection.,r,high,read connection state,1,r,read-verb,,ok
59,POST,airbyte.local,,POST,/v1/workspaces/tag_feedback_status_as_done,updateWorkspaceFeedback,Update workspace feedback state,w,high,own workspace feedback state,3,x,floor,,FALSE-ALARM
60,POST,airbyte.local,,POST,/v1/workspaces/update_name,updateWorkspaceName,Update workspace name,w,high,own workspace name update,3,x,floor,,FALSE-ALARM
61,W,akeneo.com,akeneo.com,DELETE,/api/rest/v1/catalogs/{id},delete_app_catalog,Delete a catalog,w,high,rule4 own catalog definition,2,w,yours-noun,evidence,ok
62,W,akeneo.com,akeneo.com,DELETE,/api/rest/v1/products-uuid/{uuid},delete_products_uuid__uuid_,Delete a product,w,high,rule1 own product record,2,w,yours-noun,evidence,ok
63,W,akeneo.com,akeneo.com,PATCH,/api/rest/v1/attributes,patch_attributes,Update/create several attributes,w,high,rule4 own attribute definitions,2,w,yours-noun,evidence,ok
64,W,akeneo.com,akeneo.com,PATCH,/api/rest/v1/attributes/{attribute_code}/options,patch_attributes__attribute_code__options,Update/create several attribute options,w,high,rule4 own attribute options,2,w,floor,x-pile,ok
65,W,akeneo.com,akeneo.com,PATCH,/api/rest/v1/attributes/{code},patch_attributes__code_,Update/create an attribute,w,high,rule4 own attribute definition,2,w,yours-noun,evidence,ok
66,W,akeneo.com,akeneo.com,PATCH,/api/rest/v1/catalogs/{id},patch_app_catalog,Update a catalog,w,high,rule4 own catalog definition,2,w,yours-noun,evidence,ok
67,W,akeneo.com,akeneo.com,PATCH,/api/rest/v1/channels/{code},channels_patch,Update/create a channel,w,high,rule4 own channel definition,2,w,floor,x-pile,ok
68,W,akeneo.com,akeneo.com,PATCH,/api/rest/v1/families/{family_code}/variants,patch_families__family_code__variants,Update/create several family variants,w,high,rule4 own family variant definition,2,w,floor,x-pile,ok
69,W,akeneo.com,akeneo.com,PATCH,/api/rest/v1/reference-entities/{code},patch_reference_entity__code_,Update/create a reference entity,w,high,rule4 own reference entity definition,2,w,floor,x-pile,ok
70,W,alertersystem.com,alertersystem.com,DELETE,/api/alert-service/{id},api_alert-service_id_delete,Removes the AlertService resource.,w,high,own alert service config,2,w,floor,x-pile,ok
71,W,alertersystem.com,alertersystem.com,DELETE,/api/monitor/{id},api_monitor_id_delete,Removes the Monitor resource.,w,high,own monitor config,2,w,yours-noun,evidence,ok
72,W,alertersystem.com,alertersystem.com,DELETE,/api/transport-amazon-sns/{id},api_transport-amazon-sns_id_delete,Removes the TransportAmazonSns resource.,w,high,own transport config,2,w,floor,x-pile,ok
73,W,alertersystem.com,alertersystem.com,DELETE,/api/transport-freshdesk/{id},api_transport-freshdesk_id_delete,Removes the TransportFreshdesk resource.,w,high,own transport config,2,w,floor,x-pile,ok
74,W,alertersystem.com,alertersystem.com,DELETE,/api/transport-opsgenie/{id},api_transport-opsgenie_id_delete,Removes the TransportOpsgenie resource.,w,high,own transport config,2,w,floor,x-pile,ok
75,W,alertersystem.com,alertersystem.com,DELETE,/api/transport-ovh-cloud/{id},api_transport-ovh-cloud_id_delete,Removes the TransportOvhCloud resource.,w,high,own transport config,2,w,floor,x-pile,ok
76,W,alertersystem.com,alertersystem.com,DELETE,/api/transport-pushover/{id},api_transport-pushover_id_delete,Removes the TransportPushover resource.,w,high,own transport config,2,w,floor,x-pile,ok
77,W,alertersystem.com,alertersystem.com,DELETE,/api/transport-sendinblue/{id},api_transport-sendinblue_id_delete,Removes the TransportSendinblue resource.,w,high,own transport config,2,w,floor,x-pile,ok
78,W,alertersystem.com,alertersystem.com,DELETE,/api/transport-sms-factor/{id},api_transport-sms-factor_id_delete,Removes the TransportSmsFactor resource.,w,high,own transport config,2,w,floor,x-pile,ok
79,W,alertersystem.com,alertersystem.com,DELETE,/api/transport-smsc/{id},api_transport-smsc_id_delete,Removes the TransportSmsc resource.,w,high,own transport config,2,w,floor,x-pile,ok
80,W,alertersystem.com,alertersystem.com,DELETE,/api/transport-termii/{id},api_transport-termii_id_delete,Removes the TransportTermii resource.,w,high,own transport config,2,w,floor,x-pile,ok
81,W,alertersystem.com,alertersystem.com,DELETE,/api/transport-zendesk/{id},api_transport-zendesk_id_delete,Removes the TransportZendesk resource.,w,high,own transport config,2,w,floor,x-pile,ok
82,W,alertersystem.com,alertersystem.com,DELETE,/api/transport-zulip/{id},api_transport-zulip_id_delete,Removes the TransportZulip resource.,w,high,own transport config,2,w,floor,x-pile,ok
83,W,alertersystem.com,alertersystem.com,PUT,/api/transport-esendex/{id},api_transport-esendex_id_put,Replaces the TransportEsendex resource.,w,high,own transport config replace,2,w,floor,x-pile,ok
84,W,alertersystem.com,alertersystem.com,PUT,/api/transport-gateway-api/{id},api_transport-gateway-api_id_put,Replaces the TransportGatewayApi resource.,w,high,own transport config replace,2,w,floor,x-pile,ok
85,W,alertersystem.com,alertersystem.com,PUT,/api/transport-mattermost/{id},api_transport-mattermost_id_put,Replaces the TransportMattermost resource.,w,high,own transport config replace,2,w,floor,x-pile,ok
86,W,alertersystem.com,alertersystem.com,PUT,/api/transport-message-bird/{id},api_transport-message-bird_id_put,Replaces the TransportMessageBird resource.,w,high,own transport config replace,3,x,other-noun,,FALSE-ALARM
87,W,alertersystem.com,alertersystem.com,PUT,/api/transport-pager-tree/{id},api_transport-pager-tree_id_put,Replaces the TransportPagerTree resource.,w,high,own transport config replace,2,w,floor,x-pile,ok
88,W,alertersystem.com,alertersystem.com,PUT,/api/transport-rocket-chat/{id},api_transport-rocket-chat_id_put,Replaces the TransportRocketChat resource.,w,high,own transport config replace,3,x,other-noun,,FALSE-ALARM
89,W,alertersystem.com,alertersystem.com,PUT,/api/transport-sendberry/{id},api_transport-sendberry_id_put,Replaces the TransportSendberry resource.,w,high,own transport config replace,2,w,floor,x-pile,ok
90,W,alertersystem.com,alertersystem.com,PUT,/api/transport-sinch/{id},api_transport-sinch_id_put,Replaces the TransportSinch resource.,w,high,own transport config replace,2,w,floor,x-pile,ok
91,W,alertersystem.com,alertersystem.com,PUT,/api/transport-trello/{id},api_transport-trello_id_put,Replaces the TransportTrello resource.,w,high,own transport config replace,2,w,floor,x-pile,ok
92,W,alertersystem.com,alertersystem.com,PUT,/api/user-account/{id},api_user-account_id_put,Replaces the UserAccount resource.,w,low,rule2 account replace no credential evidence,3,x,other-noun,,FALSE-ALARM
93,W,amazonaws.com,amazon,DELETE,/2017-08-29/jobs/{id},CancelJob,,w,high,rule9 cancel own job,3,x,live-verb,,FALSE-ALARM
94,W,amazonaws.com,amazon,DELETE,/accessors/{AccessorId},DeleteAccessor,,w,high,rule6 own infra accessor,2,w,floor,x-pile,ok
95,W,amazonaws.com,amazon,DELETE,/environment/{environmentId},DeleteEnvironment,,w,high,own environment resource,2,w,yours-noun,evidence,ok
96,W,amazonaws.com,amazon,DELETE,/maps/v0/maps/{MapName},DeleteMap,,w,high,own map resource,2,w,yours-noun,evidence,ok
97,W,amazonaws.com,amazon,DELETE,/outposts/{OutpostId},DeleteOutpost,,w,high,own outpost resource,2,w,floor,x-pile,ok
98,W,amazonaws.com,amazon,DELETE,/tags/{resourceARN}#tagKeys,UntagResource,,w,high,own resource tags,2,w,yours-noun,evidence,ok
99,W,amazonaws.com,amazon,DELETE,/v20180820/jobs/{id}/tagging#x-amz-account-id,DeleteJobTagging,,w,high,own job tags,2,w,floor,x-pile,ok
100,W,amazonaws.com,amazon,DELETE,/v20190125/meshes/{meshName}/virtualRouters/{virtualRouterName},DeleteVirtualRouter,,w,high,rule6 own network router,2,w,floor,x-pile,ok
101,W,amazonaws.com,amazon,PUT,/2015-03-31/functions/{FunctionName}/code,UpdateFunctionCode,,w,high,own function code,2,w,yours-noun,evidence,ok
102,W,amazonaws.com,amazon,PUT,/access-preview,CreateAccessPreview,,r,high,preview dry run no deploy,2,w,floor,x-pile,OVER-TIGHT
103,W,amazonaws.com,amazon,PUT,/accounts/{accountId}/settings,UpdateAccountSettings,,w,high,own account settings,2,w,floor,x-pile,ok
104,W,amazonaws.com,amazon,PUT,/amazonclouddirectory/2017-01-11/schema/update#x-amz-data-partition,UpdateSchema,,w,high,own schema rename,2,w,yours-noun,evidence,ok
105,W,amazonaws.com,amazon,PUT,/amazonclouddirectory/2017-01-11/schema#x-amz-data-partition,DeleteSchema,,w,high,own schema delete,2,w,yours-noun,evidence,ok
106,W,amazonaws.com,amazon,PUT,/assessments/{assessmentId}/batchDisassociateFromAssessmentReport,BatchDisassociateAssessmentReportEvidence,,w,high,own assessment evidence link,2,w,floor,x-pile,ok
107,W,amazonaws.com,amazon,PUT,/assessments/{assessmentId}/delegations,BatchDeleteDelegationByAssessment,,x,low,rule4 removes delegate assigned access,2,w,floor,x-pile,LEAK
108,W,amazonaws.com,amazon,PUT,/backup-vaults/{backupVaultName}/vault-lock,PutBackupVaultLockConfiguration,,w,high,own backup vault config,3,x,other-noun,,FALSE-ALARM
109,W,amazonaws.com,amazon,PUT,/classification-export-configuration,PutClassificationExportConfiguration,,w,high,own classification config,2,w,yours-noun,evidence,ok
110,W,amazonaws.com,amazon,PUT,/quick-connects/{InstanceId},CreateQuickConnect,,w,high,own quick connect resource,2,w,floor,x-pile,ok
111,W,amazonaws.com,amazon,PUT,/reveal-configuration,UpdateRevealConfiguration,,w,high,own reveal config,2,w,floor,x-pile,ok
112,W,amazonaws.com,amazon,PUT,/v1/bridges/{bridgeArn},UpdateBridge,,w,high,own bridge resource,2,w,floor,x-pile,ok
113,W,amazonaws.com,amazon,PUT,/v20180820/storagelens/{storagelensid}/tagging#x-amz-account-id,PutStorageLensConfigurationTagging,,w,high,own storage lens tags,2,w,floor,x-pile,ok
114,W,amazonaws.com,amazon,PUT,/v20190125/meshes/{meshName}/virtualGateways,CreateVirtualGateway,,w,high,rule6 own network gateway resource,2,w,floor,x-pile,ok
115,W,amazonaws.com,amazon,PUT,/workspaces/{workspaceId}/alertmanager/definition,PutAlertManagerDefinition,,w,high,own alert manager definition,3,x,other-noun,,FALSE-ALARM
116,GET,amentum.space,,GET,/egm2008/gravity_anomaly,app.api_egm2008.endpoints.EGM2008.calculate_anomaly,Calculate gravity anomaly values,r,high,calculation read only,1,r,method,,ok
117,GET,amentum.space,,GET,/wam-ipe,app.api_wfs.endpoints.WFS.get_values,"Forecast winds, ion and molecular densities, and temperatures in the atmosphere",r,high,forecast read only,1,r,method,,ok
118,W,apache.org,apache.org,DELETE,/queues/{queueName}/messages/{queueMessageId},ackMessage,Acknowledge that Queue Message has been processed.,w,high,rule11 acknowledge own queue message,3,x,other-noun,,FALSE-ALARM
119,W,apache.org,apache.org,PATCH,/users/{username},patch_user,Update a user,w,high,rule2 own account plain details,3,x,other-noun,,FALSE-ALARM
120,W,apacta.com,apacta.com,DELETE,/contacts/bulkDelete,bulkDeleteContacts,Bulk delete contacts,w,high,rule1 own contact records,2,w,yours-noun,evidence,ok
121,W,apacta.com,apacta.com,DELETE,/driving_types/{driving_type_id},delete-driving_types-driving_type_id,Delete driving type,w,high,rule4 own definition type,2,w,floor,x-pile,ok
122,W,apacta.com,apacta.com,DELETE,/expenses/{expense_id},,Delete expense,w,high,rule1 own expense record,2,w,yours-noun,evidence,ok
123,W,apacta.com,apacta.com,DELETE,/invoice_line_text_template/{invoice_line_text_template_id},,Delete an invoice line text template,w,high,rule4 own template definition,2,w,floor,x-pile,ok
124,W,apacta.com,apacta.com,DELETE,/invoice_lines/{invoice_line_id},,Delete invoice line,w,high,rule1 own invoice line record,2,w,floor,x-pile,ok
125,W,apacta.com,apacta.com,DELETE,/invoices/{invoice_id},,Delete invoice,w,high,rule10 own invoice no charge,2,w,floor,x-pile,ok
126,W,apacta.com,apacta.com,DELETE,/materials/{material_id},,Delete material,w,high,rule1 own material record,2,w,floor,x-pile,ok
127,W,apacta.com,apacta.com,DELETE,/offer_statuses/{offer_status_id},,Delete a offer status,w,high,rule4 own status definition,2,w,floor,x-pile,ok
128,W,apacta.com,apacta.com,DELETE,/time_entry_types/{time_entry_type_id},,Delete time entry type,w,high,rule4 own definition type,3,x,other-noun,,FALSE-ALARM
129,W,apacta.com,apacta.com,PUT,/activities/{activity_id},,Edit an activity,w,high,rule1 own activity record,2,w,yours-noun,evidence,ok
130,W,apacta.com,apacta.com,PUT,/clocking_records/{clocking_record_id},,Edit a clocking record,w,high,rule1 own record,2,w,floor,x-pile,ok
131,W,apacta.com,apacta.com,PUT,/companies/{company_id}/integration_settings/{companies_integration_setting_id},,Edit a company integration setting,w,high,own integration config,2,w,yours-noun,evidence,ok
132,W,apacta.com,apacta.com,PUT,/contacts/{contact_id}/contact_persons/{contact_person_id},editContactPerson,Edit a contact person,w,high,rule1 own contact person record,2,w,yours-noun,evidence,ok
133,W,apacta.com,apacta.com,PUT,/expense_lines/{expense_line_id},,Edit expense line,w,high,rule1 own record,2,w,floor,x-pile,ok
134,W,apacta.com,apacta.com,PUT,/materials/{material_id},,Edit material,w,high,rule1 own material record,2,w,floor,x-pile,ok
135,W,apacta.com,apacta.com,PUT,/offers/{offer_id},,Edit an offer,w,high,rule1 own offer record,2,w,floor,x-pile,ok
136,W,apacta.com,apacta.com,PUT,/products/{product_id},,Edit a product,w,high,rule1 own product record,2,w,yours-noun,evidence,ok
137,W,apacta.com,apacta.com,PUT,/project_statuses/{project_status_id},,Edit a project status,w,high,rule4 own status definition,2,w,yours-noun,evidence,ok
138,W,apacta.com,apacta.com,PUT,/projects/{project_id},,Edit a project,w,high,rule1 own project record,2,w,yours-noun,evidence,ok
139,W,apacta.com,apacta.com,PUT,/projects/{project_id}/project_files/{project_file_id}/,,Edit project file,w,high,rule1 own project file record,2,w,yours-noun,evidence,ok
140,W,apacta.com,apacta.com,PUT,/time_entries/{time_entry_id},,Edit time entry,w,high,rule1 own time entry record,2,w,floor,x-pile,ok
141,W,apacta.com,apacta.com,PUT,/time_entry_types/{time_entry_type_id},,Edit time entry type,w,high,rule4 own definition type,3,x,other-noun,,FALSE-ALARM
142,W,apacta.com,apacta.com,PUT,/users/{user_id},,Edit user,w,high,rule2 own account plain details,3,x,other-noun,,FALSE-ALARM
143,W,api2cart.com,api2cart.com,DELETE,/attribute.delete.json,AttributeDelete,,w,high,rule4 own attribute definition,2,w,yours-noun,evidence,ok
144,POST,api2pdf.com,,POST,/chrome/url,chromeFromUrlPost,Convert URL to PDF,r,high,stateless url to pdf conversion,3,x,floor,,OVER-TIGHT
145,W,apicurio.local,apicurio.local,DELETE,/admin/roleMappings/{principalId},deleteRoleMapping,Delete a role mapping,x,high,rule4 denies access to user,3,x,other-noun,,ok
146,W,apideck.com,apideck.com,DELETE,/crm/contacts/{id},contactsDelete,Delete contact,w,high,rule1 own contact record,2,w,yours-noun,evidence,ok
147,W,apideck.com,apideck.com,DELETE,/crm/notes/{id},notesDelete,Delete note,w,high,rule1 own note record,2,w,yours-noun,evidence,ok
148,W,apideck.com,apideck.com,DELETE,/crm/pipelines/{id},pipelinesDelete,Delete pipeline,w,high,rule4 own pipeline definition,2,w,floor,x-pile,ok
149,W,apideck.com,apideck.com,DELETE,/crm/users/{id},usersDelete,Delete user,x,high,rule2 delete user account,3,x,other-noun,,ok
150,W,apideck.com,apideck.com,DELETE,/file-storage/shared-links/{id},sharedLinksDelete,Delete Shared Link,x,low,rule8 revokes shared visibility,2,w,floor,x-pile,LEAK
151,W,apideck.com,apideck.com,DELETE,/pos/items/{id},itemsDelete,Delete Item,w,high,rule4 own item definition,2,w,yours-noun,evidence,ok
152,W,apideck.com,apideck.com,DELETE,/sms/messages/{id},messagesDelete,Delete Message,w,high,rule1 own message record,3,x,other-noun,,FALSE-ALARM
153,W,apideck.com,apideck.com,DELETE,/vault/consumers/{consumer_id},consumersDelete,Delete consumer,w,high,rule1 own consumer record cascade,2,w,floor,x-pile,ok
154,W,apideck.com,apideck.com,PATCH,/accounting/customers/{id},customersUpdate,Update Customer,w,high,rule1 own customer record,2,w,yours-noun,evidence,ok
155,W,apideck.com,apideck.com,PATCH,/accounting/suppliers/{id},suppliersUpdate,Update Supplier,w,high,rule1 own supplier record,2,w,floor,x-pile,ok
156,W,apideck.com,apideck.com,PATCH,/accounting/tax-rates/{id},taxRatesUpdate,Update Tax Rate,w,high,rule4 own tax rate definition,2,w,yours-noun,evidence,ok
157,W,apideck.com,apideck.com,PATCH,/crm/opportunities/{id},opportunitiesUpdate,Update opportunity,w,high,rule1 own opportunity record,2,w,floor,x-pile,ok
158,W,apideck.com,apideck.com,PATCH,/customer-support/customers/{id},customersUpdate,Update Customer Support Customer,w,high,rule1 own customer record,2,w,yours-noun,evidence,ok
159,W,apideck.com,apideck.com,PATCH,/file-storage/drive-groups/{id},driveGroupsUpdate,Update DriveGroup,w,high,rule4 own drive group definition,3,x,other-noun,,FALSE-ALARM
160,W,apideck.com,apideck.com,PATCH,/file-storage/drives/{id},drivesUpdate,Update Drive,w,high,rule4 own drive definition,2,w,floor,x-pile,ok
161,W,apideck.com,apideck.com,PATCH,/file-storage/folders/{id},foldersUpdate,Rename or move Folder,w,high,rule1 own folder record,2,w,yours-noun,evidence,ok
162,W,apideck.com,apideck.com,PATCH,/hris/companies/{id},companiesUpdate,Update Company,w,high,rule1 own company record,2,w,yours-noun,evidence,ok
163,W,apideck.com,apideck.com,PATCH,/hris/employees/{id},employeesUpdate,Update Employee,w,high,rule1 own employee record,2,w,yours-noun,evidence,ok
164,W,apideck.com,apideck.com,PATCH,/issue-tracking/collections/{collection_id}/tickets/{ticket_id}/comments/{id},collectionTicketCommentsUpdate,Update Comment,w,high,rule1 own comment record,2,w,yours-noun,evidence,ok
165,W,apideck.com,apideck.com,PATCH,/pos/items/{id},itemsUpdate,Update Item,w,high,rule4 own item definition,2,w,yours-noun,evidence,ok
166,W,apideck.com,apideck.com,PATCH,/pos/modifier-groups/{id},modifierGroupsUpdate,Update Modifier Group,w,high,rule4 own modifier group definition,3,x,other-noun,,FALSE-ALARM
167,W,apideck.com,apideck.com,PATCH,/pos/tenders/{id},tendersUpdate,Update Tender,w,high,rule10 own tender config no charge,2,w,floor,x-pile,ok
168,W,apideck.com,apideck.com,PATCH,/webhook/webhooks/{id},webhooksUpdate,Update webhook subscription,w,high,own webhook config,2,w,floor,x-pile,ok
169,POST,apisetu.gov.in,,POST,/alsfc/certificate,alsfc,Application/ License for Factory,r,high,verification check no change,3,x,floor,,OVER-TIGHT
170,POST,apisetu.gov.in,,POST,/dipcr/certificate,dipcr,Diploma Certificate,r,high,verification check no change,3,x,floor,,OVER-TIGHT
171,POST,apisetu.gov.in,,POST,/dpcer/certificate,dpcer,Dependency Certificate,r,high,verification check no change,3,x,floor,,OVER-TIGHT
172,POST,apisetu.gov.in,,POST,/ffcer/certificate,ffcer,Freedom Fighter Certificate,r,high,verification check no change,3,x,floor,,OVER-TIGHT
173,POST,apisetu.gov.in,,POST,/miipc/certificate,miipc,Insurance Policy - Miscellaneous,r,high,verification check no change,3,x,floor,,OVER-TIGHT
174,POST,apisetu.gov.in,,POST,/pecer/certificate,pecer,Pension Certificate,r,high,verification check no change,3,x,floor,,OVER-TIGHT
175,POST,apisetu.gov.in,,POST,/pripc/certificate,pripc,Insurance Policy - Property,r,high,verification check no change,3,x,floor,,OVER-TIGHT
176,POST,apisetu.gov.in,,POST,/pscer/certificate,pscer,Possession Certificate,r,high,verification check no change,3,x,floor,,OVER-TIGHT
177,POST,apisetu.gov.in,,POST,/skhsc/certificate,skhsc,Skill Certificate (X),r,high,verification check no change,3,x,floor,,OVER-TIGHT
178,POST,apisetu.gov.in,,POST,/skmst/certificate,skmst,Skill Marksheet/ Score Card,r,high,verification check no change,3,x,floor,,OVER-TIGHT
179,POST,apisetu.gov.in,,POST,/tapcn/certificate,tapcn,New Tap Connection,r,high,verification check no change,3,x,floor,,OVER-TIGHT
180,POST,apisetu.gov.in,,POST,/ugdcn/certificate,ugdcn,Jalanidhi - New UGD Connection,r,high,verification check no change,3,x,floor,,OVER-TIGHT
181,W,appcenter.ms,appcenter.ms,DELETE,/v0.1/api_tokens/{api_token_id},userApiTokens_delete,,w,high,rule6 own api token,3,x,other-noun,,FALSE-ALARM
182,W,appcenter.ms,appcenter.ms,DELETE,/v0.1/apps/{owner_name}/{app_name}/analytics/audiences/{audience_name},Analytics_DeleteAudience,,w,high,rule4 own audience definition,2,w,floor,x-pile,ok
183,W,appcenter.ms,appcenter.ms,DELETE,/v0.1/apps/{owner_name}/{app_name}/apple_mapping,appleMapping_delete,,w,high,own mapping config,2,w,floor,x-pile,ok
184,W,appcenter.ms,appcenter.ms,DELETE,/v0.1/apps/{owner_name}/{app_name}/distribution_stores/{store_name},stores_delete,,w,high,rule4 own distribution store definition,2,w,floor,x-pile,ok
185,W,appcenter.ms,appcenter.ms,DELETE,/v0.1/apps/{owner_name}/{app_name}/releases/{release_id}/stores/{store_id},releases_deleteDistributionStore,,w,high,rule4 own distribution store definition,2,w,yours-noun,evidence,ok
186,W,appcenter.ms,appcenter.ms,DELETE,/v0.1/apps/{owner_name}/{app_name}/symbol_uploads/{symbol_upload_id},symbolUploads_delete,,w,high,own symbol upload record,2,w,floor,x-pile,ok
187,W,appcenter.ms,appcenter.ms,DELETE,/v0.1/apps/{owner_name}/{app_name}/users/{user_email},apps_removeUser,,x,high,rule4 removes users app access,3,x,other-noun,,ok
188,W,appcenter.ms,appcenter.ms,DELETE,/v0.1/orgs/{org_name}/distribution_groups/{distribution_group_name},distributionGroups_deleteForOrg,,w,high,rule4 own group definition delete,3,x,other-noun,,FALSE-ALARM
189,W,appcenter.ms,appcenter.ms,DELETE,/v0.1/orgs/{org_name}/invitations,orgInvitations_delete,,x,high,road1b revokes pending invitation,3,x,other-noun,,ok
190,W,appcenter.ms,appcenter.ms,DELETE,/v0.1/orgs/{org_name}/teams/{team_name}/apps/{app_name},teams_removeApp,,x,high,rule4 changes team app access,3,x,other-noun,,ok
191,W,appcenter.ms,appcenter.ms,DELETE,/v0.1/orgs/{org_name}/teams/{team_name}/users/{user_name},teams_removeUser,,x,high,rule4 remove user from team,3,x,other-noun,,ok
192,W,appcenter.ms,appcenter.ms,PATCH,/v0.1/apps/{owner_name}/{app_name},apps_update,,w,high,own app update,2,w,yours-noun,evidence,ok
193,W,appcenter.ms,appcenter.ms,PATCH,/v0.1/apps/{owner_name}/{app_name}/deployments/{deployment_name},codePushDeployments_update,,w,low,default PATCH own deployment config,2,w,floor,x-pile,ok
194,W,appcenter.ms,appcenter.ms,PATCH,/v0.1/apps/{owner_name}/{app_name}/invitations/{user_email},appInvitations_updatePermissions,,x,high,rule4 updates invitation permission,3,x,other-noun,,ok
195,W,appcenter.ms,appcenter.ms,PATCH,/v0.1/apps/{owner_name}/{app_name}/releases/{release_id},releases_update,,w,high,own release update,2,w,yours-noun,evidence,ok
196,W,appcenter.ms,appcenter.ms,PATCH,/v0.1/orgs/{org_name}/teams/{team_name}/apps/{app_name},teams_updatePermissions,,x,high,rule4 team permissions on app,3,x,other-noun,,ok
197,W,appcenter.ms,appcenter.ms,PATCH,/v0.1/user,users_update,,w,high,rule2 own account profile,3,x,other-noun,,FALSE-ALARM
198,W,appcenter.ms,appcenter.ms,PUT,/v0.1/apps/{owner_name}/{app_name}/analytics/audiences/{audience_name},Analytics_CreateOrUpdateAudience,,w,high,own audience definition,2,w,floor,x-pile,ok
199,W,appcenter.ms,appcenter.ms,PUT,/v0.1/apps/{owner_name}/{app_name}/branches/{branch}/config,branchConfigurations_update,,w,high,own branch build config,2,w,yours-noun,evidence,ok
200,W,appcenter.ms,appcenter.ms,PUT,/v0.1/apps/{owner_name}/{app_name}/devices/block_logs,App_BlockLogs,,w,high,rule9 disable own app logging,2,w,yours-noun,evidence,ok
201,W,appcenter.ms,appcenter.ms,PUT,/v0.1/apps/{owner_name}/{app_name}/devices/block_logs/{install_id},Devices_BlockLogs,,w,high,irreversibility not the test own device stop,2,w,yours-noun,evidence,ok
202,W,appcenter.ms,appcenter.ms,PUT,/v0.1/apps/{owner_name}/{app_name}/releases/{release_id}/groups/{group_id},releases_putDistributionGroup,,w,high,rule 4 own distribution group definition update,3,x,other-noun,,FALSE-ALARM
203,W,appcenter.ms,appcenter.ms,PUT,/v0.1/apps/{owner_name}/{app_name}/user/device_sets/{id},test_updateDeviceSetOfUser,,w,high,own device set belonging to caller user,3,x,other-noun,,FALSE-ALARM
204,W,apple.com,apple.com,DELETE,/v1/appPreviewSets/{id},appPreviewSets-delete_instance,,w,low,own app asset no text minimal info,2,w,floor,x-pile,ok
205,W,apple.com,apple.com,DELETE,/v1/appScreenshots/{id},appScreenshots-delete_instance,,w,low,own app asset no text minimal info,2,w,floor,x-pile,ok
206,W,apple.com,apple.com,DELETE,/v1/appStoreReviewAttachments/{id},appStoreReviewAttachments-delete_instance,,w,low,own app asset no text minimal info,3,x,other-noun,,FALSE-ALARM
207,W,apple.com,apple.com,DELETE,/v1/betaTesters/{id}/relationships/builds,betaTesters-builds-delete_to_many_relationship,,x,low,road 1b removes testers build access,2,w,floor,x-pile,LEAK
208,W,apple.com,apple.com,DELETE,/v1/builds/{id}/relationships/individualTesters,builds-individualTesters-delete_to_many_relationship,,x,low,road 1b removes tester from build,2,w,floor,x-pile,LEAK
209,W,apple.com,apple.com,DELETE,/v1/idfaDeclarations/{id},idfaDeclarations-delete_instance,,w,low,own app declaration no text minimal info,2,w,floor,x-pile,ok
210,W,apple.com,apple.com,DELETE,/v1/profiles/{id},profiles-delete_instance,,w,low,own app profile no text minimal info,2,w,floor,x-pile,ok
211,W,apple.com,apple.com,DELETE,/v1/routingAppCoverages/{id},routingAppCoverages-delete_instance,,w,low,own app coverage no text minimal info,2,w,floor,x-pile,ok
212,W,apple.com,apple.com,DELETE,/v1/users/{id}/relationships/visibleApps,users-visibleApps-delete_to_many_relationship,,x,low,road 1b removes users visible apps,3,x,other-noun,,ok
213,W,apple.com,apple.com,PATCH,/v1/ageRatingDeclarations/{id},ageRatingDeclarations-update_instance,,w,low,own app record no text minimal info,2,w,floor,x-pile,ok
214,W,apple.com,apple.com,PATCH,/v1/appInfos/{id},appInfos-update_instance,,w,low,own app record no text minimal info,2,w,floor,x-pile,ok
215,W,apple.com,apple.com,PATCH,/v1/appPreviews/{id},appPreviews-update_instance,,w,low,own app asset no text minimal info,2,w,floor,x-pile,ok
216,W,apple.com,apple.com,PATCH,/v1/appPreviewSets/{id}/relationships/appPreviews,appPreviewSets-appPreviews-replace_to_many_relationship,,w,low,rule 4 own container content list,2,w,floor,x-pile,ok
217,W,apple.com,apple.com,PATCH,/v1/apps/{id},apps-update_instance,,w,low,own app record no text minimal info,2,w,floor,x-pile,ok
218,W,apple.com,apple.com,PATCH,/v1/appScreenshots/{id},appScreenshots-update_instance,,w,low,own app asset no text minimal info,2,w,floor,x-pile,ok
219,W,apple.com,apple.com,PATCH,/v1/appScreenshotSets/{id}/relationships/appScreenshots,appScreenshotSets-appScreenshots-replace_to_many_relationship,,w,low,rule 4 own container content list,2,w,floor,x-pile,ok
220,W,apple.com,apple.com,PATCH,/v1/appStoreReviewAttachments/{id},appStoreReviewAttachments-update_instance,,w,low,own app asset no text minimal info,3,x,other-noun,,FALSE-ALARM
221,W,apple.com,apple.com,PATCH,/v1/appStoreVersions/{id}/relationships/build,appStoreVersions-build-update_to_one_relationship,,w,low,own app version build reference,3,x,other-noun,,FALSE-ALARM
222,W,apple.com,apple.com,PATCH,/v1/betaAppLocalizations/{id},betaAppLocalizations-update_instance,,w,low,own app localization no text minimal info,2,w,floor,x-pile,ok
223,W,apple.com,apple.com,PATCH,/v1/betaBuildLocalizations/{id},betaBuildLocalizations-update_instance,,w,low,own app localization no text minimal info,2,w,floor,x-pile,ok
224,W,apple.com,apple.com,PATCH,/v1/betaLicenseAgreements/{id},betaLicenseAgreements-update_instance,,w,low,own app license agreement text,2,w,floor,x-pile,ok
225,W,apple.com,apple.com,PATCH,/v1/idfaDeclarations/{id},idfaDeclarations-update_instance,,w,low,own app declaration no text minimal info,2,w,floor,x-pile,ok
226,W,apple.com,apple.com,PATCH,/v1/users/{id}/relationships/visibleApps,users-visibleApps-replace_to_many_relationship,,x,low,road 1b replaces users visible apps,3,x,other-noun,,ok
227,POST,apptigent.com,,POST,/CalculateMinMax,CalculateMinMax,Math - Calculate minimum or maximum,r,high,computes value no state change,3,x,floor,,OVER-TIGHT
228,POST,apptigent.com,,POST,/CalculateMultiplication,CalculateMultiplication,Math - Calculate Multiplication,r,high,computes product no state change,3,x,floor,,OVER-TIGHT
229,POST,apptigent.com,,POST,/CollectionToJSON,CollectionToJSON,Collections - Collection to JSON,r,high,converts collection no state change,3,x,floor,,OVER-TIGHT
230,POST,apptigent.com,,POST,/ConvertDistance,ConvertDistance,Math - Convert distance,r,high,converts units no state change,3,x,floor,,OVER-TIGHT
231,POST,apptigent.com,,POST,/ConvertPower,ConvertPower,Math - Convert power,r,high,converts units no state change,3,x,floor,,OVER-TIGHT
232,POST,apptigent.com,,POST,/CountCollection,CountCollection,Collections - Count collection,r,high,counts items no state change,1,r,read-verb,,ok
233,POST,apptigent.com,,POST,/FlipImage,FlipImage,Files - Flip Image,r,high,transforms image returns result,3,x,floor,,OVER-TIGHT
234,POST,apptigent.com,,POST,/ReplaceString,ReplaceString,Text - Replace string,r,high,replaces text returns result,3,x,floor,,OVER-TIGHT
235,POST,apptigent.com,,POST,/SortCollection,SortCollection,Collections - Sort collection,r,high,sorts items returns result,3,x,floor,,OVER-TIGHT
236,POST,apptigent.com,,POST,/TextToSpeech,TextToSpeech,Text - Text to Speech,r,high,converts text to audio output,3,x,floor,,OVER-TIGHT
237,POST,apptigent.com,,POST,/ValidateEmail,ValidateEmail,Text - Validate email,r,high,validates email no state change,3,x,floor,,OVER-TIGHT
238,POST,apptigent.com,,POST,/XMLtoJSON,XmlToJson,Data - XML to JSON,r,high,converts data no state change,3,x,floor,,OVER-TIGHT
239,W,appwrite.io,appwrite.io,DELETE,/functions/{functionId}/tags/{tagId},functionsDeleteTag,Delete Tag,w,high,rule 4 deletes own function tag,2,w,yours-noun,evidence,ok
240,W,appwrite.io,appwrite.io,DELETE,/users/{userId}/sessions,usersDeleteSessions,Delete User Sessions,x,high,road 1b ends another users sessions,3,x,other-noun,,ok
241,W,appwrite.io,appwrite.io,PUT,/teams/{teamId},teamsUpdate,Update Team,w,high,rule 4 own team definition update,3,x,other-noun,,FALSE-ALARM
242,GET,art19.com,,GET,/credits,,Get a list of credits,r,high,GET default read,1,r,method,,ok
243,W,asana.com,asana.com,PUT,/stories/{story_gid},updateStory,Update a story,w,high,own workspace record no reach stated,3,x,other-noun,,FALSE-ALARM
244,W,asana.com,asana.com,PUT,/tags/{tag_gid},updateTag,Update a tag,w,high,rule 4 own tag definition update,2,w,yours-noun,evidence,ok
245,W,atlassian.com,atlassian.com,DELETE,/rest/api/3/comment/{commentId}/properties/{propertyKey},deleteCommentProperty,Delete comment property,w,high,own comment property deletion,2,w,yours-noun,evidence,ok
246,W,atlassian.com,atlassian.com,DELETE,/rest/api/3/fieldconfigurationscheme/{id},deleteFieldConfigurationScheme,Delete field configuration scheme,w,high,rule 4 own scheme definition deletion,3,x,other-noun,,FALSE-ALARM
247,W,atlassian.com,atlassian.com,DELETE,/rest/api/3/group,removeGroup,Remove group,w,high,rule 4 deletes group definition not members,3,x,other-noun,,FALSE-ALARM
248,W,atlassian.com,atlassian.com,DELETE,/rest/api/3/issue/{issueIdOrKey}/remotelink/{linkId},deleteRemoteIssueLinkById,Delete remote issue link by ID,w,high,own issue link deletion,2,w,floor,x-pile,ok
249,W,atlassian.com,atlassian.com,DELETE,/rest/api/3/issueLinkType/{issueLinkTypeId},deleteIssueLinkType,Delete issue link type,w,high,rule 4 own link type definition deletion,2,w,floor,x-pile,ok
250,W,atlassian.com,atlassian.com,DELETE,/rest/api/3/screenscheme/{screenSchemeId},deleteScreenScheme,Delete screen scheme,w,high,rule 4 own scheme definition deletion,3,x,other-noun,,FALSE-ALARM
251,W,atlassian.com,atlassian.com,DELETE,/rest/api/3/workflow/transitions/{transitionId}/properties,deleteWorkflowTransitionProperty,Delete workflow transition property,w,high,own workflow property deletion,2,w,floor,x-pile,ok
252,W,atlassian.com,atlassian.com,DELETE,/rest/api/3/workflowscheme/{id}/draft,deleteWorkflowSchemeDraft,Delete draft workflow scheme,w,high,rule 4 own draft scheme deletion,3,x,other-noun,,FALSE-ALARM
253,W,atlassian.com,atlassian.com,DELETE,/rest/api/3/workflowscheme/{id}/draft/issuetype/{issueType},deleteWorkflowSchemeDraftIssueType,Delete workflow for issue type in draft workflow scheme,w,high,rule 4 own draft mapping deletion,3,x,other-noun,,FALSE-ALARM
254,W,atlassian.com,atlassian.com,DELETE,/rest/api/3/workflowscheme/{id}/issuetype/{issueType},deleteWorkflowSchemeIssueType,Delete workflow for issue type in workflow scheme,w,high,rule 4 own mapping deletion,3,x,other-noun,,FALSE-ALARM
255,W,atlassian.com,atlassian.com,PUT,/rest/api/3/announcementBanner,setBanner,Update announcement banner configuration,w,low,rule 5 own instance banner config,2,w,floor,x-pile,ok
256,W,atlassian.com,atlassian.com,PUT,/rest/api/3/configuration/timetracking/options,setSharedTimeTrackingConfiguration,Set time tracking settings,w,high,rule 5 own instance config,2,w,floor,x-pile,ok
257,W,atlassian.com,atlassian.com,PUT,/rest/api/3/field/{fieldId}/context/{contextId}/option/move,reorderCustomFieldOptions,Reorder custom field options (context),w,high,rule 5 own config reorder,2,w,yours-noun,evidence,ok
258,W,atlassian.com,atlassian.com,PUT,/rest/api/3/field/{fieldId}/context/defaultValue,setDefaultValues,Set custom field contexts default values,w,high,rule 5 own config default values,2,w,floor,x-pile,ok
259,W,atlassian.com,atlassian.com,PUT,/rest/api/3/filter/defaultShareScope,setDefaultShareScope,Set default share scope,w,high,sets default scope not actual share,3,x,other-noun,,FALSE-ALARM
260,W,atlassian.com,atlassian.com,PUT,/rest/api/3/issuetype/{issueTypeId}/properties/{propertyKey},setIssueTypeProperty,Set issue type property,w,high,rule 5 own config property,2,w,floor,x-pile,ok
261,W,atlassian.com,atlassian.com,PUT,/rest/api/3/issuetypescheme/{issueTypeSchemeId}/issuetype/move,reorderIssueTypesInIssueTypeScheme,Change order of issue types,w,high,rule 5 own config reorder,3,x,other-noun,,FALSE-ALARM
262,W,atlassian.com,atlassian.com,PUT,/rest/api/3/priority/move,movePriorities,Move priorities,w,high,rule 5 own config reorder,3,x,other-noun,,FALSE-ALARM
263,W,atlassian.com,atlassian.com,PUT,/rest/api/3/webhook/refresh,refreshWebhooks,Extend webhook life,x,high,rule 12 refresh starts job each call,2,w,floor,x-pile,LEAK
264,W,atlassian.com,atlassian.com,PUT,/rest/api/3/workflow/rule/config,updateWorkflowTransitionRuleConfigurations,Update workflow transition rule configurations,w,high,rule 4 own workflow rule config,2,w,floor,x-pile,ok
265,W,atlassian.com,atlassian.com,PUT,/rest/api/3/workflowscheme/{id}/draft/issuetype/{issueType},setWorkflowSchemeDraftIssueType,Set workflow for issue type in draft workflow scheme,w,high,rule 5 own draft config mapping,3,x,other-noun,,FALSE-ALARM
266,W,atlassian.com,atlassian.com,PUT,/rest/api/3/workflowscheme/{id}/issuetype/{issueType},setWorkflowSchemeIssueType,Set workflow for issue type in workflow scheme,w,high,rule 5 own config mapping,3,x,other-noun,,FALSE-ALARM
267,W,atlassian.com,atlassian.com,PUT,/rest/atlassian-connect/1/addons/{addonKey}/properties/{propertyKey},AddonPropertiesResource.putAddonProperty_put,Set app property,w,high,own app property storage,2,w,yours-noun,evidence,ok
268,W,autotask.net,autotask.net,DELETE,/V1.0/ChecklistLibraries/{parentId}/ChecklistItems/{id},ChecklistLibraryChecklistItemsChild_DeleteEntity,,w,low,own record deletion no text minimal info,2,w,floor,x-pile,ok
269,W,autotask.net,autotask.net,DELETE,/V1.0/Documents/{parentId}/ArticleAssociations/{id},DocumentToArticleAssociationsChild_DeleteEntity,,w,low,own record deletion no text minimal info,2,w,floor,x-pile,ok
270,W,autotask.net,autotask.net,DELETE,/V1.0/KnowledgeBaseArticles/{parentId}/Attachments/{id},ArticleAttachmentsChild_DeleteEntity,,w,low,own record deletion no text minimal info,2,w,floor,x-pile,ok
271,W,autotask.net,autotask.net,DELETE,/V1.0/KnowledgeBaseCategories/{parentId}/KnowledgeBaseArticles/{id},KnowledgeBaseArticlesChild_DeleteEntity,,w,low,own record deletion no text minimal info,2,w,floor,x-pile,ok
272,W,autotask.net,autotask.net,DELETE,/V1.0/Tasks/{parentId}/Predecessors/{id},TaskPredecessorsChild_DeleteEntity,,w,low,own record deletion no text minimal info,2,w,floor,x-pile,ok
273,W,autotask.net,autotask.net,PATCH,/V1.0/ActionTypes,ActionTypes_PatchEntity,,w,low,own definition patch no text minimal info,2,w,yours-noun,evidence,ok
274,W,autotask.net,autotask.net,PATCH,/V1.0/ClientPortalUsers,ClientPortalUsers_PatchEntity,,w,low,own portal user record no text minimal info,3,x,other-noun,,FALSE-ALARM
275,W,autotask.net,autotask.net,PATCH,/V1.0/Companies/{parentId}/Notes,CompanyNotesChild_PatchEntity,,w,low,own record patch no text minimal info,2,w,floor,x-pile,ok
276,W,autotask.net,autotask.net,PATCH,/V1.0/CompanyWebhooks,CompanyWebhooks_PatchEntity,,w,low,own config patch no text minimal info,2,w,yours-noun,evidence,ok
277,W,autotask.net,autotask.net,PATCH,/V1.0/Contacts/{parentId}/BillingProductAssociations,ContactBillingProductAssociationsChild_PatchEntity,,w,low,own record patch no text minimal info,2,w,floor,x-pile,ok
278,W,autotask.net,autotask.net,PATCH,/V1.0/ContactWebhooks,ContactWebhooks_PatchEntity,,w,low,own config patch no text minimal info,2,w,yours-noun,evidence,ok
279,W,autotask.net,autotask.net,PATCH,/V1.0/InternalLocationWithBusinessHours,InternalLocationWithBusinessHours_PatchEntity,,w,low,own record patch no text minimal info,2,w,floor,x-pile,ok
280,W,autotask.net,autotask.net,PATCH,/V1.0/PriceListProductTiers,PriceListProductTiers_PatchEntity,,w,low,own record patch no text minimal info,2,w,floor,x-pile,ok
281,W,autotask.net,autotask.net,PATCH,/V1.0/Resources,Resources_PatchEntity,,w,low,rule 1 own employee record patch,2,w,yours-noun,evidence,ok
282,W,autotask.net,autotask.net,PATCH,/V1.0/Tags,Tags_PatchEntity,,w,low,own record patch no text minimal info,2,w,yours-noun,evidence,ok
283,W,autotask.net,autotask.net,PATCH,/V1.0/Tasks/{parentId}/Predecessors,TaskPredecessorsChild_PatchEntity,,w,low,own record patch no text minimal info,2,w,floor,x-pile,ok
284,W,autotask.net,autotask.net,PATCH,/V1.0/Tickets/{parentId}/RmaCredits,TicketRmaCreditsChild_PatchEntity,,w,low,own record patch no text minimal info,2,w,floor,x-pile,ok
285,W,autotask.net,autotask.net,PUT,/V1.0/ChecklistLibraries/{parentId}/ChecklistItems,ChecklistLibraryChecklistItemsChild_UpdateEntity,,w,low,own record update no text minimal info,2,w,floor,x-pile,ok
286,W,autotask.net,autotask.net,PUT,/V1.0/ConfigurationItems,ConfigurationItems_UpdateEntity,,w,low,own record update no text minimal info,2,w,yours-noun,evidence,ok
287,W,autotask.net,autotask.net,PUT,/V1.0/ContractExclusionSets,ContractExclusionSets_UpdateEntity,,w,low,own record update no text minimal info,2,w,floor,x-pile,ok
288,W,autotask.net,autotask.net,PUT,/V1.0/OpportunityCategories,OpportunityCategories_UpdateEntity,,w,low,own record update no text minimal info,2,w,yours-noun,evidence,ok
289,W,autotask.net,autotask.net,PUT,/V1.0/PriceListMaterialCodes,PriceListMaterialCodes_UpdateEntity,,w,low,own record update no text minimal info,2,w,floor,x-pile,ok
290,W,autotask.net,autotask.net,PUT,/V1.0/TaskNotes,TaskNotes_UpdateEntity,,w,low,own record update no text minimal info,2,w,yours-noun,evidence,ok
291,W,azure.com,azure.com,DELETE,/history/v1.0/subscriptions/{subscriptionId}/resourceGroups/{resourceGroupName}/providers/Microsoft.MachineLearningServices/workspaces/{workspaceName}/experiments/{experimentName}/runs/{runId}/tags,Runs_DeleteTags,Delete list of Tags in a Run.,w,high,own ml run tags deletion,3,x,live-verb,,FALSE-ALARM
292,W,azure.com,azure.com,DELETE,/subscriptions/{subscriptionId}/resourceGroups/{resourceGroupName}/providers/microsoft.insights/actionGroups/{actionGroupName},ActionGroups_Delete,,w,high,rule 4 deletes group definition not members,3,x,other-noun,,FALSE-ALARM
293,W,azure.com,azure.com,DELETE,/subscriptions/{subscriptionId}/resourceGroups/{resourceGroupName}/providers/Microsoft.Network/ddosCustomPolicies/{ddosCustomPolicyName},DdosCustomPolicies_Delete,,w,high,rule 6 own network infra deletion,2,w,floor,x-pile,ok
294,W,azure.com,azure.com,DELETE,/subscriptions/{subscriptionId}/resourceGroups/{resourceGroupName}/providers/Microsoft.ServiceFabric/clusters/{clusterName}/applications/{applicationName},Applications_Delete,Deletes a Service Fabric application resource.,w,high,own service fabric app deletion,2,w,yours-noun,evidence,ok
295,W,azure.com,azure.com,DELETE,/subscriptions/{subscriptionId}/resourceGroups/{resourceGroupName}/providers/Microsoft.Sql/servers/{serverName}/administrators/{administratorName},ServerAzureADAdministrators_Delete,,x,high,road 1b removes another admins access,2,w,floor,x-pile,LEAK
296,W,azure.com,azure.com,DELETE,/subscriptions/{subscriptionId}/resourceGroups/{resourceGroupName}/providers/Microsoft.Sql/servers/{serverName}/databases/{databaseName}/replicationLinks/{linkId},ReplicationLinks_Delete,,w,high,own database link deletion,2,w,floor,x-pile,ok
297,W,azure.com,azure.com,PATCH,/subscriptions/{subscriptionId}/resourceGroups/{resourceGroupName}/providers/Microsoft.ApiManagement/service/{serviceName}/apis/{apiId}/operations/{operationId},ApiOperation_Update,,w,high,own api operation config patch,2,w,floor,x-pile,ok
298,W,azure.com,azure.com,PATCH,/subscriptions/{subscriptionId}/resourceGroups/{resourceGroupName}/providers/Microsoft.NetApp/netAppAccounts/{accountName}/capacityPools/{poolName}/volumes/{volumeName},Volumes_Update,Update a volume,w,high,own storage volume patch,2,w,floor,x-pile,ok
299,W,azure.com,azure.com,PATCH,/subscriptions/{subscriptionId}/resourceGroups/{resourceGroupName}/providers/Microsoft.Web/sites/{name}/slots/{slot},WebApps_UpdateSlot,"Creates a new web, mobile, or API app in an existing resource group, or updates an existing app.",w,high,own web app slot update,2,w,floor,x-pile,ok
300,W,azure.com,azure.com,PUT,/{resourceUri}/providers/microsoft.insights/guestDiagnosticSettingsAssociation/{associationName},GuestDiagnosticsSettingsAssociation_CreateOrUpdate,,w,high,own infra diagnostics association update,3,x,other-noun,,FALSE-ALARM
301,W,azure.com,azure.com,PUT,/providers/{managementGroupsNamespace}/managementGroups/{managementGroupId}/providers/Microsoft.PolicyInsights/remediations/{remediationName},Remediations_CreateOrUpdateAtManagementGroup,,w,low,rule 5 own management group config,3,x,other-noun,,FALSE-ALARM
302,W,azure.com,azure.com,PUT,/providers/Microsoft.Capacity/reservationOrders/{reservationOrderId},ReservationOrder_Purchase,Purchase `ReservationOrder`,x,high,road 1c purchase moves money,3,x,other-noun,,ok
303,W,azure.com,azure.com,PUT,/providers/Microsoft.Marketplace/privateStores/{PrivateStoreId}/offers/{OfferId},PrivateStoreOffer_CreateOrUpdate,,w,low,own private store collection offer,2,w,floor,x-pile,ok
304,W,azure.com,azure.com,PUT,/subscriptions/{subscriptionId}/providers/Microsoft.Authorization/locks/{lockName},ManagementLocks_CreateOrUpdateAtSubscriptionLevel,Creates or updates a management lock at the subscription level.,w,high,own subscription lock not access grant,2,w,floor,x-pile,ok
305,W,azure.com,azure.com,PUT,/subscriptions/{subscriptionId}/resourceGroups/{resourceGroupName}/providers/Microsoft.Automation/automationAccounts/{automationAccountName}/variables/{variableName},Variable_CreateOrUpdate,,w,high,own automation variable create,2,w,floor,x-pile,ok
306,W,azure.com,azure.com,PUT,/subscriptions/{subscriptionId}/resourceGroups/{resourceGroupName}/providers/Microsoft.Batch/batchAccounts/{accountName},BatchAccount_Create,,w,high,own batch account creation,2,w,floor,x-pile,ok
307,W,azure.com,azure.com,PUT,/subscriptions/{subscriptionId}/resourceGroups/{resourceGroupName}/providers/Microsoft.BotService/botServices/{resourceName}/Connections/{connectionName},BotConnection_Create,,w,high,own bot service connection creation,2,w,floor,x-pile,ok
308,W,azure.com,azure.com,PUT,/subscriptions/{subscriptionId}/resourceGroups/{resourceGroupName}/providers/Microsoft.CustomerInsights/hubs/{hubName}/authorizationPolicies/{authorizationPolicyName},AuthorizationPolicies_CreateOrUpdate,,x,low,rule 4 authorization policy is access,3,x,other-noun,,ok
309,W,azure.com,azure.com,PUT,/subscriptions/{subscriptionId}/resourceGroups/{resourceGroupName}/providers/Microsoft.CustomerInsights/hubs/{hubName}/profiles/{profileName},Profiles_CreateOrUpdate,,w,high,rule 1 own customer profile record,2,w,floor,x-pile,ok
310,W,azure.com,azure.com,PUT,/subscriptions/{subscriptionId}/resourceGroups/{resourceGroupName}/providers/Microsoft.EventGrid/domains/{domainName},Domains_CreateOrUpdate,Create or update a domain.,w,high,own event grid domain create,2,w,floor,x-pile,ok
311,W,azure.com,azure.com,PUT,/subscriptions/{subscriptionId}/resourceGroups/{resourceGroupName}/providers/Microsoft.Logic/integrationAccounts/{integrationAccountName}/sessions/{sessionName},IntegrationAccountSessions_CreateOrUpdate,,w,high,own integration account session create,3,x,other-noun,,FALSE-ALARM
312,W,azure.com,azure.com,PUT,/subscriptions/{subscriptionId}/resourceGroups/{resourceGroupName}/providers/Microsoft.Sql/servers/{serverName}/databases/{databaseName}/connectionPolicies/{connectionPolicyName},DatabaseConnectionPolicies_CreateOrUpdate,,w,high,own database connection policy update,2,w,floor,x-pile,ok
313,W,azure.com,azure.com,PUT,/v2/{name}/manifests/{reference},Manifests_Create,,w,high,own registry manifest push,2,w,floor,x-pile,ok
314,GET,bbci.co.uk,,GET,/clips/{pid},Get_Clips_,Get Clips,r,high,GET default read,1,r,method,,ok
316,GET,bhagavadgita.io,,GET,/api/v1/chapters/{chapter_number},,Get a specific chapter from the Bhagavad Gita.,r,high,GET default read,1,r,method,,ok
317,W,biapi.pro,biapi.pro,DELETE,/connections/{id_connection}/sources/{id_source},,Disable a connection source,w,high,own connection sync setting disabled,2,w,yours-noun,evidence,ok
318,W,biapi.pro,biapi.pro,DELETE,/connectors/{id_connector}/logos/{id_logo},,Delete a single Logo object.,w,high,own connector logo deletion,2,w,yours-noun,evidence,ok
319,W,biapi.pro,biapi.pro,DELETE,/users/{id_user}/connections/{id_connection}/accounts/{id_account}/transactions/{id_transaction}/informations/{id_information},,Delete a particular key-value pair on a transaction.,w,high,rule 3 path param own record deletion,2,w,floor,x-pile,ok
320,W,biapi.pro,biapi.pro,DELETE,/webhooks/auth,,Deletes all webhook authentication types,w,high,own webhook auth config deletion,2,w,floor,x-pile,ok
321,W,biapi.pro,biapi.pro,PUT,/connectors,,Enable/disable several connectors,w,high,own connectors config bulk update,2,w,yours-noun,evidence,ok
322,W,biapi.pro,biapi.pro,PUT,/connectors/{id_connector}/logos,,Create or Update a connector Logo,w,high,own connector logo create update,2,w,yours-noun,evidence,ok
323,W,biapi.pro,biapi.pro,PUT,/connectors/{id_connector}/logos/{id_logo},,Create or Update a connector Logo.,w,high,own connector logo create update,2,w,yours-noun,evidence,ok
324,W,biapi.pro,biapi.pro,PUT,/users/{id_user}/categories/full/{id_full},,Modify a user-created category,w,high,rule 3 own user category update,2,w,floor,x-pile,ok
325,W,biapi.pro,biapi.pro,PUT,/users/{id_user}/connections/{id_connection}/accounts,,Update many accounts at once,w,high,own accounts bulk update,2,w,floor,x-pile,ok
326,W,biapi.pro,biapi.pro,PUT,/users/{id_user}/connections/{id_connection}/accounts/{id_account},,Update an account,w,high,own account update,2,w,floor,x-pile,ok
327,W,biapi.pro,biapi.pro,PUT,/users/{id_user}/connections/{id_connection}/accounts/{id_account}/transactions/{id_transaction}/informations,,Add or edit transaction arbitrary key-value pairs,w,high,own transaction data update,2,w,floor,x-pile,ok
328,W,biapi.pro,biapi.pro,PUT,/users/{id_user}/connections/{id_connection}/accounts/{id_account}/transactionsclusters/{id_transactionscluster},,Edit a clustered transaction,w,high,own transaction cluster edit,2,w,floor,x-pile,ok
329,GET,bigdatacloud.net,,GET,/data/ip-geolocation-with-confidence,ipGeolocationWithConfidenceAreaApi,IP Geolocation with Confidence Area API,r,high,GET default read,1,r,method,,ok
330,W,bigredcloud.com,bigredcloud.com,DELETE,/v1/salesCreditNotes/{id},SalesCreditNotes_Delete,Removes an existing Sales Credit Note.,w,high,own credit note deletion no charge stated,2,w,yours-noun,evidence,ok
331,W,bigredcloud.com,bigredcloud.com,PUT,/v1/payments/{id},Payments_Put,Updates an existing Payment.,w,high,rule 10 edits payment without charging,3,x,other-noun,,FALSE-ALARM
332,W,bigredcloud.com,bigredcloud.com,PUT,/v1/purchases/{id},Purchases_Put,Updates an existing Purchase.,w,high,own purchase record update,2,w,floor,x-pile,ok
333,W,bigredcloud.com,bigredcloud.com,PUT,/v1/salesInvoices/batch,SalesInvoices_ProcessBatch,Processes a batch of Sales Invoices.,w,low,ambiguous process verb no reach stated,3,x,other-noun,,FALSE-ALARM
334,W,bigredcloud.com,bigredcloud.com,PUT,/v1/salesReps/batch,SalesRep_ProcessBatch,Processes a batch of Sale Rep.,w,low,rule 1 own staff record ambiguous process,3,x,other-noun,,FALSE-ALARM
335,W,bigredcloud.com,bigredcloud.com,PUT,/v1/suppliers/batch,Suppliers_ProcessBatch,Processes a batch of Suppliers.,w,low,rule 1 own supplier record ambiguous process,3,x,other-noun,,FALSE-ALARM
336,W,bitbucket.org,bitbucket.org,DELETE,/addon,,Delete an app,w,high,own app installation deletion,2,w,yours-noun,evidence,ok
337,W,bitbucket.org,bitbucket.org,DELETE,/repositories/{workspace}/{repo_slug}/branch-restrictions/{id},,Delete a branch restriction rule,w,high,own repo config deletion,2,w,floor,x-pile,ok
338,W,bitbucket.org,bitbucket.org,DELETE,/repositories/{workspace}/{repo_slug}/environments/{environment_uuid},deleteEnvironmentForRepository,Delete an environment,w,high,own repo environment deletion,2,w,yours-noun,evidence,ok
339,W,bitbucket.org,bitbucket.org,DELETE,/repositories/{workspace}/{repo_slug}/issues/{issue_id},,Delete an issue,w,high,own issue deletion,2,w,floor,x-pile,ok
340,W,bitbucket.org,bitbucket.org,DELETE,/repositories/{workspace}/{repo_slug}/issues/{issue_id}/comments/{comment_id},,Delete a comment on an issue,w,high,own comment deletion,2,w,yours-noun,evidence,ok
341,W,bitbucket.org,bitbucket.org,DELETE,/repositories/{workspace}/{repo_slug}/issues/{issue_id}/watch,,Stop watching an issue,w,high,rule 7 own watch relation removal,2,w,floor,x-pile,ok
342,W,bitbucket.org,bitbucket.org,DELETE,/repositories/{workspace}/{repo_slug}/permissions-config/users/{selected_user_id},,Delete an explicit user permission for a repository,x,high,road 1b deletes another users permission,3,x,other-noun,,ok
343,W,bitbucket.org,bitbucket.org,DELETE,/repositories/{workspace}/{repo_slug}/pullrequests/{pull_request_id}/approve,,Unapprove a pull request,w,high,rule 7 own approval redaction,3,x,live-verb,,FALSE-ALARM
344,W,bitbucket.org,bitbucket.org,PUT,/repositories/{workspace}/{repo_slug},,Update a repository,w,high,own repository update,2,w,yours-noun,evidence,ok
345,W,bitbucket.org,bitbucket.org,PUT,/repositories/{workspace}/{repo_slug}/branch-restrictions/{id},,Update a branch restriction rule,w,high,own repo config update,2,w,floor,x-pile,ok
346,W,bitbucket.org,bitbucket.org,PUT,/repositories/{workspace}/{repo_slug}/commit/{commit}/reports/{reportId},createOrUpdateReport,Create or update a report,w,high,own commit report update,2,w,floor,x-pile,ok
347,W,bitbucket.org,bitbucket.org,PUT,/repositories/{workspace}/{repo_slug}/commit/{commit}/statuses/build/{key},,Update a build status for a commit,w,high,own build status update,2,w,yours-noun,evidence,ok
348,W,bitbucket.org,bitbucket.org,PUT,/repositories/{workspace}/{repo_slug}/hooks/{uid},,Update a webhook for a repository,w,high,own webhook config update,2,w,yours-noun,evidence,ok
349,W,bitbucket.org,bitbucket.org,PUT,/repositories/{workspace}/{repo_slug}/issues/{issue_id},,Update an issue,w,high,own issue fields update,2,w,floor,x-pile,ok
350,W,bitbucket.org,bitbucket.org,PUT,/repositories/{workspace}/{repo_slug}/issues/{issue_id}/watch,,Watch an issue,w,high,rule 7 own watch relation start,2,w,floor,x-pile,ok
351,W,bitbucket.org,bitbucket.org,PUT,/repositories/{workspace}/{repo_slug}/permissions-config/users/{selected_user_id},,Update an explicit user permission for a repository,x,high,road 1b updates another users permission,3,x,other-noun,,ok
352,W,bitbucket.org,bitbucket.org,PUT,/repositories/{workspace}/{repo_slug}/pipelines_config,updateRepositoryPipelineConfig,Update configuration,w,high,own pipelines config update,2,w,floor,x-pile,ok
353,W,bitbucket.org,bitbucket.org,PUT,/repositories/{workspace}/{repo_slug}/pipelines_config/schedules/{schedule_uuid},updateRepositoryPipelineSchedule,Update a schedule,w,high,own pipeline schedule update,2,w,floor,x-pile,ok
354,W,bitbucket.org,bitbucket.org,PUT,/repositories/{workspace}/{repo_slug}/pipelines_config/ssh/key_pair,updateRepositoryPipelineKeyPair,Update SSH key pair,w,high,rule 6 own ssh key pair update,2,w,floor,x-pile,ok
355,W,bitbucket.org,bitbucket.org,PUT,/repositories/{workspace}/{repo_slug}/pipelines_config/variables/{variable_uuid},updateRepositoryPipelineVariable,Update a variable for a repository,w,high,own pipeline variable update,2,w,floor,x-pile,ok
356,W,bitbucket.org,bitbucket.org,PUT,/repositories/{workspace}/{repo_slug}/pullrequests/{pullrequest_id}/properties/{app_key}/{property_name},updatePullRequestHostedPropertyValue,Update a pull request application property,w,high,own pull request app property,3,x,other-noun,,FALSE-ALARM
357,W,bitbucket.org,bitbucket.org,PUT,/users/{selected_user}/properties/{app_key}/{property_name},updateUserHostedPropertyValue,Update a user application property,w,high,rule 3 own user app property,3,x,other-noun,,FALSE-ALARM
358,W,bitbucket.org,bitbucket.org,PUT,/workspaces/{workspace}/hooks/{uid},,Update a webhook for a workspace,w,high,own workspace webhook update,2,w,yours-noun,evidence,ok
359,GET,botify.com,,GET,/projects/{username}/{project_slug}/filters/{identifier},getSavedFilter,"Retrieves a specific saved filter's name, ID and filter value",r,high,GET default read,1,r,method,,ok
360,POST,botify.com,,POST,/analyses/{username}/{project_slug}/{analysis_slug}/urls/aggs,getUrlsAggs,Query aggregator,r,high,POST query aggregator reads data,1,r,read-verb,,ok
361,GET,botschaft.local,,GET,/sns,sns_get_sns_get,Sns Get,r,high,GET default read,1,r,method,,ok
362,POST,botschaft.local,,POST,/sns,sns_post_sns_post,Sns Post,w,low,no text stating external send default own,3,x,floor,,FALSE-ALARM
363,W,box.com,box,DELETE,/collaboration_whitelist_entries/{collaboration_whitelist_entry_id},delete_collaboration_whitelist_entries_id,Remove domain from list of allowed collaboration domains,w,high,own enterprise domain allowlist removal,2,w,floor,x-pile,ok
364,W,box.com,box,DELETE,/collaboration_whitelist_exempt_targets/{collaboration_whitelist_exempt_target_id},delete_collaboration_whitelist_exempt_targets_id,Remove user from list of users exempt from domain restrictions,x,low,road 1b removes users access exemption,3,x,other-noun,,ok
365,W,box.com,box,DELETE,/device_pinners/{device_pinner_id},delete_device_pinners_id,Remove device pin,w,low,own device pin no reach stated,3,x,other-noun,,FALSE-ALARM
366,W,box.com,box,DELETE,/files/{file_id}/trash,delete_files_id_trash,Permanently remove file,w,high,own file deletion irreversibility not the test,2,w,floor,x-pile,ok
367,W,box.com,box,DELETE,/folders/{folder_id}/metadata/enterprise/securityClassification-6VMVochwUWo,delete_folders_id_metadata_enterprise_securityClassification-6VMVochwUWo,Remove classification from folder,w,high,own folder metadata removal,3,x,other-noun,,FALSE-ALARM
368,W,box.com,box,DELETE,/legal_hold_policies/{legal_hold_policy_id},delete_legal_hold_policies_id,Remove legal hold policy,w,high,own enterprise policy deletion,2,w,floor,x-pile,ok
369,W,box.com,box,DELETE,/metadata_templates/{scope}/{template_key}/schema,delete_metadata_templates_id_id_schema,Remove metadata template,w,high,own metadata template deletion,2,w,yours-noun,evidence,ok
370,W,box.com,box,DELETE,/metadata_templates/enterprise/securityClassification-6VMVochwUWo/schema,delete_metadata_templates_enterprise_securityClassification-6VMVochwUWo_schema,Delete all classifications,w,high,own classification template deletion,3,x,other-noun,,FALSE-ALARM
371,W,box.com,box,DELETE,/tasks/{task_id},delete_tasks_id,Remove task,w,high,own file task removal,2,w,yours-noun,evidence,ok
372,W,box.com,box,DELETE,/users/{user_id}/avatar,delete_users_id_avatar,Delete user avatar,w,high,rule 2 own avatar plain detail delete,3,x,other-noun,,FALSE-ALARM
373,W,box.com,box,DELETE,/web_links/{web_link_id}/trash,delete_web_links_id_trash,Permanently remove web link,w,high,own web link deletion irreversibility not the test,2,w,floor,x-pile,ok
374,W,box.com,box,DELETE,/webhooks/{webhook_id},delete_webhooks_id,Remove webhook,w,high,own webhook deletion,2,w,yours-noun,evidence,ok
375,W,box.com,box,PUT,/collaborations/{collaboration_id},put_collaborations_id,Update collaboration,x,high,rule 4 update collaborator explicit example,2,w,floor,x-pile,LEAK
376,W,box.com,box,PUT,/file_requests/{file_request_id},put_file_requests_id,Update file request,x,low,road 1a toggles external upload link,3,x,other-noun,,ok
377,W,box.com,box,PUT,/files/{file_id}/metadata/{scope}/{template_key},put_files_id_metadata_id_id,Update metadata instance on file,w,high,own file metadata update,2,w,floor,x-pile,ok
378,W,box.com,box,PUT,/files/{file_id}#add_shared_link,put_files_id#add_shared_link,Add shared link to file,x,high,road 1a adds shared link to file,2,w,floor,x-pile,LEAK
379,W,box.com,box,PUT,/folders/{folder_id}#update_shared_link,put_folders_id#update_shared_link,Update shared link on folder,x,low,road 1a updates shared link exposure,2,w,floor,x-pile,LEAK
380,W,box.com,box,PUT,/groups/{group_id},put_groups_id,Update group,w,high,rule 4 own group definition update,3,x,other-noun,,FALSE-ALARM
381,W,box.com,box,PUT,/legal_hold_policies/{legal_hold_policy_id},put_legal_hold_policies_id,Update legal hold policy,w,high,own legal hold policy update,2,w,floor,x-pile,ok
382,W,box.com,box,PUT,/metadata_templates/enterprise/securityClassification-6VMVochwUWo/schema#add,put_metadata_templates_enterprise_securityClassification-6VMVochwUWo_schema#add,Add classification,w,high,own classification definition add,3,x,other-noun,,FALSE-ALARM
383,W,box.com,box,PUT,/metadata_templates/enterprise/securityClassification-6VMVochwUWo/schema#update,put_metadata_templates_enterprise_securityClassification-6VMVochwUWo_schema#update,Update classification,w,high,own classification definition update,3,x,other-noun,,FALSE-ALARM
384,W,box.com,box,PUT,/retention_policies/{retention_policy_id},put_retention_policies_id,Update retention policy,w,high,own retention policy update,2,w,floor,x-pile,ok
385,W,box.com,box,PUT,/skill_invocations/{skill_id},put_skill_invocations_id,Update all Box Skill cards on file,w,high,own skill metadata cards update,2,w,floor,x-pile,ok
386,GET,braze.com,,GET,/events/data_series,customEventsAnalytics,Custom Events Analytics,r,high,GET default read,1,r,method,,ok
387,GET,braze.com,,GET,/kpi/new_users/data_series,dailyNewUsersByDate,Daily New Users by Date,r,high,GET default read,1,r,method,,ok
388,POST,brex.io,,POST,/api/v1/company/deepsearch/isin,CompanyDeepsearchISIN,Retrieves a list of stock exchange listings,r,high,POST lookup search no state change,3,x,floor,,OVER-TIGHT
389,POST,brex.io,,POST,/api/v1/pepsanction/monitor/unregister/{id},PepMonitorUnregister,Deactive a pep sanction monitor,x,low,road 1e cancels third party monitor order,3,x,floor,,ok
390,POST,brex.io,,POST,/api/v1/pepsanction/order/{type}/{search},PepOrder,Orders a new Pep Sanction Check Report,x,high,road 1c orders a paid check report,3,x,floor,,ok
391,POST,brex.io,,POST,/api/v1/vat-verification/leveltwo-check/{country},VatLevelTwo,Returns a level two verification result,x,low,optional order confirmation report commits outside party,3,x,floor,,ok
392,GET,bridgedb.org,,GET,/{organism}/search/{query},,,r,high,GET default read,1,r,method,,ok
393,GET,bridgedb.org,,GET,/{organism}/xrefExists/{systemCode}/{identifier},,,r,high,GET default read,1,r,method,,ok
394,POST,bufferapp.com,,POST,/updates/{id}/update{mediaTypeExtension},,,x,low,road 1a buffer posts publish content publicly,3,x,floor,,ok
395,POST,bufferapp.com,,POST,/updates/create{mediaTypeExtension},,,x,low,road 1a buffer posts publish content publicly,3,x,floor,,ok
396,GET,bungie.net,,GET,/App/FirstParty/,App.GetBungieApplications,,r,high,GET default read,1,r,method,,ok
397,GET,bungie.net,,GET,/Destiny2/{membershipType}/Account/{destinyMembershipId}/Character/{characterId}/Stats/Activities/,Destiny2.GetActivityHistory,,r,high,GET default read,1,r,method,,ok
398,GET,bungie.net,,GET,/Destiny2/{membershipType}/Profile/{destinyMembershipId}/Character/{characterId}/Vendors/,Destiny2.GetVendors,,r,high,GET default read,1,r,method,,ok
399,GET,bungie.net,,GET,/Forum/GetForumTagSuggestions/,Forum.GetForumTagSuggestions,,r,high,GET default read,1,r,method,,ok
400,GET,bungie.net,,GET,/Forum/GetPostsThreadedPagedFromChild/{childPostId}/{page}/{pageSize}/{replySize}/{rootThreadMode}/{sortMode}/,Forum.GetPostsThreadedPagedFromChild,,r,high,GET default read,1,r,method,,ok
401,POST,bungie.net,,POST,/Destiny2/Actions/Items/EquipItem/,Destiny2.EquipItem,,w,high,equips own item own account,3,x,floor,,FALSE-ALARM
402,POST,bungie.net,,POST,/Destiny2/Actions/Items/SetTrackedState/,Destiny2.SetQuestTrackedState,,w,high,tracks own item state own account,3,x,floor,,FALSE-ALARM
403,POST,bungie.net,,POST,/Destiny2/Awa/Initialize/,Destiny2.AwaInitializeRequest,,w,low,initializes own request no reach stated,3,x,floor,,FALSE-ALARM
404,POST,bungie.net,,POST,/Forum/Recruit/Summaries/,Forum.GetRecruitmentThreadSummaries,,r,high,reads thread summaries,3,x,floor,,OVER-TIGHT
405,POST,bungie.net,,POST,/GroupV2/{groupId}/Members/{membershipType}/{membershipId}/Unban/,GroupV2.UnbanMember,,x,high,road 1b unbans allows rejoin,3,x,floor,,ok
406,POST,bungie.net,,POST,/GroupV2/{groupId}/Members/Approve/{membershipType}/{membershipId}/,GroupV2.ApprovePending,,x,high,road 1b approves membership grants access,3,x,floor,,ok
407,POST,bungie.net,,POST,/GroupV2/{groupId}/OptionalConversations/Add/,GroupV2.AddOptionalConversation,,w,high,rule 4 container conversation channel add,3,x,floor,,FALSE-ALARM
408,POST,bungie.net,,POST,/GroupV2/NameV2/,GroupV2.GetGroupByNameV2,,r,high,reads group info via POST,3,x,floor,,OVER-TIGHT
409,POST,bungie.net,,POST,/Social/Friends/Requests/Decline/{membershipId}/,Social.DeclineFriendRequest,,w,high,rule 7 own relation decline request,3,x,floor,,FALSE-ALARM
410,POST,bungie.net,,POST,/Social/Friends/Requests/Remove/{membershipId}/,Social.RemoveFriendRequest,,w,high,rule 7 own relation remove request,3,x,floor,,FALSE-ALARM
411,POST,bungie.net,,POST,/Tokens/Partner/ClaimOffer/,Tokens.ClaimPartnerOffer,,w,low,claims own reward no reach stated,3,x,floor,,FALSE-ALARM
412,POST,bungie.net,,POST,/User/Search/GlobalName/{page}/,User.SearchByGlobalNamePost,,r,high,searches users by name,3,x,floor,,OVER-TIGHT
413,W,bunq.com,bunq.com,DELETE,/user/{userID}/monetary-account/{monetary-accountID}/draft-payment/{draft-paymentID}/note-text/{itemId},DELETE_NoteText_for_User_MonetaryAccount_DraftPayment,,w,high,deletes own note text,3,x,other-noun,,FALSE-ALARM
414,W,bunq.com,bunq.com,DELETE,/user/{userID}/monetary-account/{monetary-accountID}/ideal-merchant-transaction/{ideal-merchant-transactionID}/note-attachment/{itemId},DELETE_NoteAttachment_for_User_MonetaryAccount_IdealMerchantTransaction,,w,high,deletes own note attachment,3,x,other-noun,,FALSE-ALARM
415,W,bunq.com,bunq.com,DELETE,/user/{userID}/monetary-account/{monetary-accountID}/payment/{paymentID}/note-attachment/{itemId},DELETE_NoteAttachment_for_User_MonetaryAccount_Payment,,w,high,deletes own note attachment,3,x,other-noun,,FALSE-ALARM
416,W,bunq.com,bunq.com,DELETE,/user/{userID}/monetary-account/{monetary-accountID}/request-inquiry-batch/{request-inquiry-batchID}/note-text/{itemId},DELETE_NoteText_for_User_MonetaryAccount_RequestInquiryBatch,,w,high,deletes own note text,3,x,other-noun,,FALSE-ALARM
417,W,bunq.com,bunq.com,DELETE,/user/{userID}/monetary-account/{monetary-accountID}/schedule-payment/{itemId},DELETE_SchedulePayment_for_User_MonetaryAccount,,w,high,rule 9 cancels own scheduled payment,3,x,other-noun,,FALSE-ALARM
418,W,bunq.com,bunq.com,DELETE,/user/{userID}/monetary-account/{monetary-accountID}/schedule-payment/{schedule-paymentID}/note-attachment/{itemId},DELETE_NoteAttachment_for_User_MonetaryAccount_SchedulePayment,,w,high,deletes own note attachment,3,x,other-noun,,FALSE-ALARM
419,W,bunq.com,bunq.com,DELETE,/user/{userID}/monetary-account/{monetary-accountID}/schedule/{scheduleID}/schedule-instance/{schedule-instanceID}/note-attachment/{itemId},DELETE_NoteAttachment_for_User_MonetaryAccount_Schedule_ScheduleInstance,,w,high,deletes own note attachment,3,x,other-noun,,FALSE-ALARM
420,W,bunq.com,bunq.com,DELETE,/user/{userID}/monetary-account/{monetary-accountID}/whitelist/{whitelistID}/whitelist-result/{whitelist-resultID}/note-text/{itemId},DELETE_NoteText_for_User_MonetaryAccount_Whitelist_WhitelistResult,,w,high,deletes own note text,3,x,other-noun,,FALSE-ALARM
421,W,bunq.com,bunq.com,PUT,/user-company/{itemId},UPDATE_UserCompany,,w,high,modifies own company data,3,x,other-noun,,FALSE-ALARM
422,W,bunq.com,bunq.com,PUT,/user-person/{itemId},UPDATE_UserPerson,,w,high,modifies own person data,3,x,other-noun,,FALSE-ALARM
423,W,bunq.com,bunq.com,PUT,/user/{userID}/challenge-request/{itemId},UPDATE_ChallengeRequest_for_User,,w,low,PUT default no reach stated,3,x,other-noun,,FALSE-ALARM
424,W,bunq.com,bunq.com,PUT,/user/{userID}/company/{itemId},UPDATE_Company_for_User,,w,high,manages own company,3,x,other-noun,,FALSE-ALARM
425,W,bunq.com,bunq.com,PUT,/user/{userID}/monetary-account-joint/{itemId},UPDATE_MonetaryAccountJoint_for_User,,w,high,rule 3 path param own joint account,3,x,other-noun,,FALSE-ALARM
426,W,bunq.com,bunq.com,PUT,/user/{userID}/monetary-account/{monetary-accountID}/mastercard-action/{mastercard-actionID}/note-attachment/{itemId},UPDATE_NoteAttachment_for_User_MonetaryAccount_MastercardAction,,w,high,updates own note attachment,3,x,other-noun,,FALSE-ALARM
427,W,bunq.com,bunq.com,PUT,/user/{userID}/monetary-account/{monetary-accountID}/payment-batch/{payment-batchID}/note-attachment/{itemId},UPDATE_NoteAttachment_for_User_MonetaryAccount_PaymentBatch,,w,high,updates own note attachment,3,x,other-noun,,FALSE-ALARM
428,W,bunq.com,bunq.com,PUT,/user/{userID}/monetary-account/{monetary-accountID}/request-inquiry/{itemId},UPDATE_RequestInquiry_for_User_MonetaryAccount,,w,low,rule 9 revokes own pending request,3,x,other-noun,,FALSE-ALARM
429,W,bunq.com,bunq.com,PUT,/user/{userID}/monetary-account/{monetary-accountID}/request-inquiry/{request-inquiryID}/note-text/{itemId},UPDATE_NoteText_for_User_MonetaryAccount_RequestInquiry,,w,high,updates own note text,3,x,other-noun,,FALSE-ALARM
430,W,bunq.com,bunq.com,PUT,/user/{userID}/monetary-account/{monetary-accountID}/request-response/{itemId},UPDATE_RequestResponse_for_User_MonetaryAccount,,x,high,road 1c confirms payment to party,3,x,other-noun,,ok
431,W,bunq.com,bunq.com,PUT,/user/{userID}/monetary-account/{monetary-accountID}/request-response/{request-responseID}/note-text/{itemId},UPDATE_NoteText_for_User_MonetaryAccount_RequestResponse,,w,high,updates own note text,3,x,other-noun,,FALSE-ALARM
432,W,bunq.com,bunq.com,PUT,/user/{userID}/monetary-account/{monetary-accountID}/schedule-payment-batch/{schedule-payment-batchID}/note-attachment/{itemId},UPDATE_NoteAttachment_for_User_MonetaryAccount_SchedulePaymentBatch,,w,high,updates own note attachment,3,x,other-noun,,FALSE-ALARM
433,W,bunq.com,bunq.com,PUT,/user/{userID}/monetary-account/{monetary-accountID}/switch-service-payment/{switch-service-paymentID}/note-text/{itemId},UPDATE_NoteText_for_User_MonetaryAccount_SwitchServicePayment,,w,high,updates own note text,3,x,other-noun,,FALSE-ALARM
434,W,bunq.com,bunq.com,PUT,/user/{userID}/oauth-client/{itemId},UPDATE_OauthClient_for_User,,w,high,rule 6 manages own oauth client,3,x,other-noun,,FALSE-ALARM
435,W,bunq.com,bunq.com,PUT,/user/{userID}/whitelist-sdd-one-off/{itemId},UPDATE_WhitelistSddOneOff_for_User,,w,high,rule 10 sets own auto accept config,3,x,other-noun,,FALSE-ALARM
436,POST,chaingateway.io,,POST,/getBlock,getBlock,getBlock,r,high,reads block info,1,r,read-verb,,ok
437,POST,chaingateway.io,,POST,/getEthereumBalance,getEthereumBalance,getEthereumBalance,r,high,reads balance,1,r,read-verb,,ok
438,POST,chaingateway.io,,POST,/getLastBlockNumber,getLastBlockNumber,getLastBlockNumber,r,high,reads block number,1,r,read-verb,,ok
439,POST,chaingateway.io,,POST,/getToken,getToken,getToken,r,high,reads token info,1,r,read-verb,,ok
440,POST,chaingateway.io,,POST,/newAddress,newAddress,newAddress,w,high,generates own new address,3,x,floor,,FALSE-ALARM
441,GET,channel4.com,,GET,/4od/recently-added/videos.atom,4oD_Clips_Catch_Up_Feed,4oD Clips Catch Up Feed,r,high,reads feed,1,r,method,,ok
442,POST,circl.lu,,POST,/bulk/md5,post_bulkmd5,,r,high,bulk hash search,3,x,floor,,OVER-TIGHT
443,POST,circl.lu,,POST,/bulk/sha1,post_bulksha1,,r,high,bulk hash search,3,x,floor,,OVER-TIGHT
444,W,circuitsandbox.net,circuitsandbox.net,DELETE,/conversations/community/{convId}/participants,removeParticipantCommunity,Removes participants from a community,x,high,road 1b removes community members,3,x,other-noun,,ok
445,W,circuitsandbox.net,circuitsandbox.net,PUT,/conversations/{convId}/messages/{itemId},updateTextItem,Updates a message,w,high,rule 1 updates own message,3,x,other-noun,,FALSE-ALARM
446,W,circuitsandbox.net,circuitsandbox.net,PUT,/conversations/community/{convId},updateConversationCommunity,Updates the information of a community,w,high,rule 4 updates container community info,2,w,floor,x-pile,ok
447,W,circuitsandbox.net,circuitsandbox.net,PUT,/spaces/flag/{itemId},flagSpaceItem,flag a space item,w,low,PUT default no reach stated,3,x,other-noun,,FALSE-ALARM
448,W,circuitsandbox.net,circuitsandbox.net,PUT,/users/profile,updateProfile,Updates the user profile,w,high,updates own profile,2,w,floor,x-pile,ok
449,W,circuitsandbox.net,circuitsandbox.net,PUT,/webhooks/{id},updateWebHook,Updates a WebHook registration,w,high,updates own webhook config,2,w,floor,x-pile,ok
450,W,circuitsandbox.net,circuitsandbox.net,PUT,/webhooks/presence/{id},updatePresenceWebHook,Updates a Presence WebHook registration,w,high,updates own webhook config,2,w,floor,x-pile,ok
451,GET,cisco.com,,GET,/security/advisories/cvrf/severity/{severity}/lastpublished,,,r,high,reads advisories,1,r,method,,ok
452,GET,cisco.com,,GET,/security/advisories/oval/advisory/{advisory_id},,,r,high,reads OVAL definitions,1,r,method,,ok
453,W,clearblade.com,clearblade.com,DELETE,/admin/devices/{systemKey}/{name},DeleteSystemDevice,DEVELOPER - Delete device,w,high,deletes own device,2,w,floor,x-pile,ok
454,W,clearblade.com,clearblade.com,DELETE,/admin/settings/sms-service,DeleteSMSSettings,2FA - Delete SMS settings,w,high,rule 5 deletes own instance settings,2,w,floor,x-pile,ok
455,W,clearblade.com,clearblade.com,DELETE,/admin/triggers/handlers/{systemKey}/{name},DeleteTriggerHandler,DEVELOPER - Delete trigger handler,w,high,deletes own trigger handler,3,x,live-verb,,FALSE-ALARM
456,W,clearblade.com,clearblade.com,DELETE,/admin/triggers/timers/{systemKey}/{name},DeleteTimerHandler,DEVELOPER - Delete trigger handler,w,high,deletes own timer handler,2,w,floor,x-pile,ok
457,W,clearblade.com,clearblade.com,DELETE,/admin/v/4/session/{systemKey}/device,DeleteDeviceSession,SESSION  - Delete device session,w,high,deletes own device session,3,x,other-noun,,FALSE-ALARM
458,W,clearblade.com,clearblade.com,DELETE,/api/v/1/collection/{systemKey}/{collectionName},DeleteCollectionData,DATA(name) - Delete items,w,high,deletes own collection data,2,w,floor,x-pile,ok
459,W,clearblade.com,clearblade.com,DELETE,/api/v/1/data/{collectionID},DeleteCollectionDataAlt,DATA(id) - Delete items,w,high,deletes own collection data,2,w,floor,x-pile,ok
460,W,clearblade.com,clearblade.com,DELETE,/api/v/1/user/info,DeleteUserAsUser,Allows an user with adequate permissions to delete another user,x,high,road 1b deletes another users account,3,x,other-noun,,ok
461,W,clearblade.com,clearblade.com,DELETE,/api/v/3/{systemKey}/deployments/{deploymentName},DeleteDeployment,DEPLOYMENT - Delete a deployment,w,high,deletes own deployment,2,w,yours-noun,evidence,ok
462,W,clearblade.com,clearblade.com,DELETE,/api/v/3/code/{systemKey}/timer/{name},DeleteTimerByName,HANDLERS - Delete trigger handler,w,high,deletes own timer,2,w,floor,x-pile,ok
463,W,clearblade.com,clearblade.com,DELETE,/api/v/3/collectionmanagement,DeleteCollection,DATA - Delete collection,w,high,rule 4 deletes own collection container,2,w,yours-noun,evidence,ok
464,W,clearblade.com,clearblade.com,DELETE,/api/v/3/edges/{systemKey}/{name},DeleteEdgeByName,Edge - Delete edge,w,high,rule 6 deletes own edge infra,2,w,floor,x-pile,ok
465,W,clearblade.com,clearblade.com,DELETE,/api/v/4/{SystemKey}/adapters/{AdapterName},DeleteAdapter,ADAPTERS - Delete adapter,w,high,deletes own adapter,2,w,floor,x-pile,ok
466,W,clearblade.com,clearblade.com,DELETE,/codeadmin/failed/{systemKey},DeleteFailedService,DEVELOPER - Delete failed service run,w,high,deletes own failed run log,2,w,floor,x-pile,ok
467,W,clearblade.com,clearblade.com,PUT,/admin/triggers/timers/{systemKey}/{name},UpdateTimerHandler,DEVELOPER - Update timer handler,w,high,updates own timer handler,2,w,floor,x-pile,ok
468,W,clearblade.com,clearblade.com,PUT,/admin/v/4/systemmanagement,UpdateSystem,DEVELOPER - Update system info,w,high,rule 5 updates own system metadata,2,w,yours-noun,evidence,ok
469,W,clearblade.com,clearblade.com,PUT,/api/v/1/user/info,UpdateUserInfo,USERS - Update user info,w,high,updates own user info,3,x,other-noun,,FALSE-ALARM
470,W,clearblade.com,clearblade.com,PUT,/api/v/2/devices/{SystemKey},UpdateDevices,DEVICES - Update devices using a query,w,high,updates own devices via query,2,w,floor,x-pile,ok
471,W,clearblade.com,clearblade.com,PUT,/api/v/3/{systemKey}/deployments/{deploymentName},UpdateDeployment,DEPLOYMENT - Update deployment,w,high,updates own deployment,2,w,yours-noun,evidence,ok
472,W,clearblade.com,clearblade.com,PUT,/api/v/3/edges/{systemKey}/{name},UpdateEdgeByName,EDGE - Update edge,w,high,updates own edge info,2,w,floor,x-pile,ok
473,W,clearblade.com,clearblade.com,PUT,/api/v/4/external-db/{systemKey}/{name},UpdateDatabaseCredentials,DATABASES - Update external database credentials,w,high,rule 6 updates own db credentials,2,w,floor,x-pile,ok
474,W,clearblade.com,clearblade.com,PUT,/codeadmin/v/2/{systemKey}/{serviceName},UpdateService,DEVELOPER - Update code service,w,high,updates own code service,2,w,yours-noun,evidence,ok
475,W,clearblade.com,clearblade.com,PUT,/codeadmin/v/2/library/{systemKey}/{libName},UpdateLibrary,DEVELOPER - Update library,w,high,updates own library,2,w,floor,x-pile,ok
476,W,clever-cloud.com,clever-cloud.com,DELETE,/github/link,deleteGithubLink,,w,high,unlinks own github integration,2,w,floor,x-pile,ok
477,W,clever-cloud.com,clever-cloud.com,DELETE,/organisations/{id}/addonproviders/{providerId}/features/{featureId},deleteOrganisationsIdAddonprovidersProviderIdFeaturesFeatureId,,w,high,rule 4 deletes own addon feature,2,w,floor,x-pile,ok
478,W,clever-cloud.com,clever-cloud.com,DELETE,/organisations/{id}/addons/{addonId}/tags/{tag},deleteOrganisationsIdAddonsAddonIdTagsTag,,w,high,deletes own addon tag,2,w,floor,x-pile,ok
479,W,clever-cloud.com,clever-cloud.com,DELETE,/organisations/{id}/applications/{appId}/addons/{addonId},deleteOrganisationsIdApplicationsAppIdAddonsAddonId,,w,high,deletes own application addon,2,w,floor,x-pile,ok
480,W,clever-cloud.com,clever-cloud.com,DELETE,/self/applications/{appId}/addons/{addonId},deleteSelfApplicationsAppIdAddonsAddonId,,w,high,deletes own application addon,2,w,floor,x-pile,ok
481,W,clever-cloud.com,clever-cloud.com,DELETE,/self/applications/{appId}/dependencies/{dependencyId},deleteSelfApplicationsAppIdDependenciesDependencyId,,w,high,deletes own dependency,2,w,floor,x-pile,ok
482,W,clever-cloud.com,clever-cloud.com,DELETE,/self/applications/{appId}/env/{envName},deleteSelfApplicationsAppIdEnvEnvName,,w,high,deletes own env var,2,w,floor,x-pile,ok
483,W,clever-cloud.com,clever-cloud.com,DELETE,/v2/providers/addon-matomo/resources/{matomoId},deleteMatomo,Delete Matomo addon,w,high,deletes own addon,2,w,floor,x-pile,ok
484,W,clever-cloud.com,clever-cloud.com,PUT,/application/{appId}/environment,,,w,low,PUT default own env no reach stated,2,w,yours-noun,evidence,ok
485,W,clever-cloud.com,clever-cloud.com,PUT,/logs/drains/{drainId},,,w,low,PUT default no reach stated,2,w,yours-noun,evidence,ok
486,W,clever-cloud.com,clever-cloud.com,PUT,/organisations/{id}/addonproviders/{providerId},putOrganisationsIdAddonprovidersProviderId,,w,low,PUT default own addon provider,2,w,floor,x-pile,ok
487,W,clever-cloud.com,clever-cloud.com,PUT,/organisations/{id}/addonproviders/{providerId}/plans/{planId},putOrganisationsIdAddonprovidersProviderIdPlansPlanId,,w,low,PUT default own addon plan,2,w,floor,x-pile,ok
488,W,clever-cloud.com,clever-cloud.com,PUT,/organisations/{id}/addonproviders/{providerId}/plans/{planId}/features/{featureName},putOrganisationsIdAddonprovidersProviderIdPlansPlanIdFeaturesFeatureName,,w,low,PUT default own plan feature,2,w,floor,x-pile,ok
489,W,clever-cloud.com,clever-cloud.com,PUT,/organisations/{id}/addons/{addonId}/tags/{tag},putOrganisationsIdAddonsAddonIdTagsTag,,w,low,PUT default own addon tag,2,w,floor,x-pile,ok
490,W,clever-cloud.com,clever-cloud.com,PUT,/organisations/{id}/consumers/{key},putOrganisationsIdConsumersKey,,w,low,PUT default own consumer key,2,w,floor,x-pile,ok
491,W,clever-cloud.com,clever-cloud.com,PUT,/self,putSelf,,w,high,updates own account self,2,w,floor,x-pile,ok
492,W,clever-cloud.com,clever-cloud.com,PUT,/self/applications/{appId}/buildflavor,,,w,low,PUT default own build flavor,2,w,floor,x-pile,ok
493,W,clever-cloud.com,clever-cloud.com,PUT,/self/applications/{appId}/env/{envName},putSelfApplicationsAppIdEnvEnvName,,w,high,updates own env var,2,w,floor,x-pile,ok
494,W,clever-cloud.com,clever-cloud.com,PUT,/self/applications/{appId}/vhosts/{domain},putSelfApplicationsAppIdVhostsDomain,,w,high,updates own vhost,2,w,floor,x-pile,ok
495,W,clever-cloud.com,clever-cloud.com,PUT,/self/applications/{appId}/vhosts/favourite,putSelfApplicationsAppIdVhostsFavourite,,w,high,updates own favourite vhost,2,w,floor,x-pile,ok
496,W,clever-cloud.com,clever-cloud.com,PUT,/self/emails/{email},putSelfEmailsEmail,,w,high,updates own email,2,w,floor,x-pile,ok
497,W,clever-cloud.com,clever-cloud.com,PUT,/self/keys/{key},putSelfKeysKey,,w,high,rule 6 updates own key,2,w,floor,x-pile,ok
498,W,clever-cloud.com,clever-cloud.com,PUT,/vendor/apps/{addonId}/migration_callback,,,w,low,PUT default no reach stated,2,w,floor,x-pile,ok
499,GET,clever.com,,GET,/teachers/{id}/students,getStudentsForTeacher,,r,high,reads students for teacher,1,r,method,,ok
500,W,clicksend.com,clicksend.com,DELETE,/automations/email/receipt/{rule_id},,Delete a Rule,w,high,deletes own automation rule,2,w,yours-noun,evidence,ok
501,W,clicksend.com,clicksend.com,DELETE,/automations/sms/inbound/{inbound_rule_id},Delete a rule,Delete a rule,w,high,deletes own automation rule,2,w,yours-noun,evidence,ok
502,W,clicksend.com,clicksend.com,DELETE,/automations/sms/receipts/{receipt_rule_id},,Delete a rule,w,high,deletes own automation rule,2,w,yours-noun,evidence,ok
503,W,clicksend.com,clicksend.com,DELETE,/email/addresses/{email_address_id},Delete Allowed Email Address,Delete Allowed Email Address,w,high,deletes own allowed address,3,x,other-noun,,FALSE-ALARM
504,W,clicksend.com,clicksend.com,DELETE,/lists/{list_id},Delete a specific contact list,Delete a specific contact list,w,high,rule 1 deletes own contact list,2,w,floor,x-pile,ok
505,W,clicksend.com,clicksend.com,DELETE,/subaccounts/{subaccount_id},Delete a specific subaccount,Delete a specific subaccount,x,high,road 1b deletes subaccount access,2,w,floor,x-pile,LEAK
506,W,clicksend.com,clicksend.com,PUT,/automations/fax/receipts/{rule_id},Update a Rule,Update a Rule,w,high,updates own automation rule,2,w,yours-noun,evidence,ok
507,W,clicksend.com,clicksend.com,PUT,/automations/sms/inbound/{inbound_rule_id},Update a rule,Update a rule,w,high,updates own automation rule,2,w,yours-noun,evidence,ok
508,W,clicksend.com,clicksend.com,PUT,/automations/voice/receipts/{receipt_rule_id},,Update a rule,w,high,updates own automation rule,2,w,yours-noun,evidence,ok
509,W,clicksend.com,clicksend.com,PUT,/email-campaigns/{email_campaign_id}/cancel,Cancel Email Campaign,Cancel Email Campaign,w,high,rule 9 cancels own unsent campaign,3,x,live-verb,,FALSE-ALARM
510,W,clicksend.com,clicksend.com,PUT,/email/address-verify/{email_address_id}/verify/{activation_token},Verify Allowed Email Address,Verify Allowed Email Address,w,high,verifies own allowed address state,3,x,other-noun,,FALSE-ALARM
511,W,clicksend.com,clicksend.com,PUT,/forgot-password,Forgot Password,Forgot Password,x,low,rule 2 resets password road 1b,2,w,floor,x-pile,LEAK
512,W,clicksend.com,clicksend.com,PUT,/lists/{list_id},Update a specific contact list,Update a specific contact list,w,high,updates own contact list,2,w,floor,x-pile,ok
513,W,clicksend.com,clicksend.com,PUT,/mms/{message_id}/cancel,Cancel MMS,Cancel MMS,w,high,rule 9 cancels own unsent mms,3,x,live-verb,,FALSE-ALARM
514,W,clicksend.com,clicksend.com,PUT,/mms/cancel-all,Cancel All MMS,Cancel All MMS,w,high,rule 9 cancels own unsent mms,3,x,live-verb,,FALSE-ALARM
515,W,clicksend.com,clicksend.com,PUT,/recharge/purchase/{package_id},Purchase a Package,Purchase a Package,x,high,road 1c purchases package charges,2,w,yours-noun,evidence,LEAK
516,W,clicksend.com,clicksend.com,PUT,/reseller,Update Reseller Setting,Update Reseller Setting,w,high,updates own reseller setting,2,w,floor,x-pile,ok
517,W,clicksend.com,clicksend.com,PUT,/reseller/accounts/{client_user_id},Update Reseller Account,Update Reseller Account,w,low,rule 2 edits account plain details,2,w,floor,x-pile,ok
518,W,clicksend.com,clicksend.com,PUT,/sms-campaigns/{sms_campaign_id}/cancel,Cancel an SMS Campaign,Cancel an SMS Campaign,w,high,rule 9 cancels own unsent campaign,3,x,live-verb,,FALSE-ALARM
519,W,clicksend.com,clicksend.com,PUT,/sms/email-sms/{email_address_id},Update Email-to-SMS Allowed Address,Update Email-to-SMS Allowed Address,w,high,updates own allowed address,3,x,other-noun,,FALSE-ALARM
520,W,clicksend.com,clicksend.com,PUT,/sms/inbound-read,Mark all Inbound SMS as read,Mark all Inbound SMS as read,w,high,rule 11 marks own messages read,3,x,other-noun,,FALSE-ALARM
521,W,clicksend.com,clicksend.com,PUT,/sms/inbound-read/{message_id},Mark a specific Inbound SMS as read,Mark a specific Inbound SMS as read,w,high,rule 11 marks own message read,3,x,other-noun,,FALSE-ALARM
522,W,clicksend.com,clicksend.com,PUT,/subaccounts/{subaccount_id},Update a specific subaccount,Update a specific subaccount,w,low,rule 2 edits subaccount plain details,2,w,floor,x-pile,ok
523,POST,clickup.com,,POST,/questions,Create a New Question,Create a New Question,w,high,creates own question,3,x,floor,,FALSE-ALARM
524,POST,cloudmersive.com,,POST,/ocr/image/to/words-with-location,ImageOcr_ImageWordsWithLocation,Convert a scanned image into words with location,r,high,OCR conversion returns text,3,x,floor,,OVER-TIGHT
525,POST,cloudmersive.com,,POST,/ocr/pdf/to/lines-with-location,PdfOcr_PdfToLinesWithLocation,Convert a PDF into text lines with location,r,high,OCR conversion returns text,3,x,floor,,OVER-TIGHT
526,POST,cloudmersive.com,,POST,/ocr/photo/recognize/form/advanced,ImageOcr_PhotoRecognizeFormAdvanced,"Recognize a photo of a form, extract key fields using stored templates",r,high,OCR analysis returns fields,3,x,floor,,OVER-TIGHT
527,POST,cloudmersive.com,,POST,/ocr/photo/recognize/receipt,ImageOcr_PhotoRecognizeReceipt,"Recognize a photo of a receipt, extract key business information",r,high,OCR analysis returns fields,3,x,floor,,OVER-TIGHT
528,POST,cloudmersive.com,,POST,/ocr/photo/to/words-with-location,ImageOcr_PhotoWordsWithLocation,Convert a photo of a document or receipt into words with location,r,high,OCR conversion returns text,3,x,floor,,OVER-TIGHT
529,POST,cloudmersive.com,,POST,/ocr/preprocessing/image/binarize,Preprocessing_Binarize,Convert an image of text into a binarized (light and dark) view,r,high,image preprocessing returns image,3,x,floor,,OVER-TIGHT
530,POST,cloudmersive.com,,POST,/ocr/preprocessing/image/get-page-angle,Preprocessing_GetPageAngle,Get the angle of the page / document / receipt,r,high,detects page angle,3,x,floor,,OVER-TIGHT
531,POST,cloudmersive.com,,POST,/ocr/preprocessing/image/unrotate,Preprocessing_Unrotate,Detect and unrotate a document image,r,high,unrotates image returns result,3,x,floor,,OVER-TIGHT
532,POST,cloudrf.com,,POST,/path,path,Point-to-point path profile analysis (Tx to Rx),r,high,path profile calculation,3,x,floor,,OVER-TIGHT
533,POST,clubhouseapi.com,,POST,/get_release_notes,,gets release notes.,r,high,gets release notes,1,r,read-verb,,ok
534,POST,clubhouseapi.com,,POST,/get_topic,,looks up topic by ID.,r,high,looks up topic,1,r,read-verb,,ok
535,POST,clubhouseapi.com,,POST,/invite_from_waitlist,,wave to another user on the waitlist to give them access,x,high,road 1b grants waitlist access,3,x,floor,,ok
536,POST,clubhouseapi.com,,POST,/invite_to_app,,"invite a user to the app, using one of your invites",x,high,road 1b invites grants app access,3,x,floor,,ok
537,POST,clubhouseapi.com,,POST,/leave_channel,,leave a channel.,w,high,rule 7 own membership leave,3,x,floor,,FALSE-ALARM
538,POST,clubhouseapi.com,,POST,/record_action_trails,,analytics,w,low,records own analytics data,3,x,floor,,FALSE-ALARM
539,POST,clubhouseapi.com,,POST,/search_clubs,,search clubs.,r,high,search clubs,1,r,read-verb,,ok
540,POST,cnab-online.herokuapp.com,,POST,/file,,Faz o upload de um arquivo,w,low,uploads own file returns temp id,3,x,floor,,FALSE-ALARM
541,GET,collegefootballdata.com,,GET,/game/box/advanced,getAdvancedBoxScore,Advanced box scores,r,high,reads box score,1,r,method,,ok
542,GET,collegefootballdata.com,,GET,/live/plays,getLivePlays,Live metrics and PBP (Patreon only),r,high,reads live plays,1,r,method,,ok
543,GET,collegefootballdata.com,,GET,/recruiting/teams,getRecruitingTeams,Team recruiting rankings and ratings,r,high,reads recruiting rankings,1,r,method,,ok
544,GET,collegefootballdata.com,,GET,/teams,getTeams,Team information,r,high,reads team info,1,r,method,,ok
545,W,combell.com,combell.com,PUT,/domains/{domainName}/renew,ConfigureDomain,Edit domain name renew state,w,high,rule 10 toggles own renew setting,2,w,yours-noun,evidence,ok
546,W,contract-p.fit,contract-p.fit,DELETE,/connections/{connection_id},delete_connection_resource,Delete a connection,w,high,deletes own connection,2,w,floor,x-pile,ok
547,W,contract-p.fit,contract-p.fit,DELETE,/inboxes/{inbox_id}/documents,delete_inbox_document_resource,Delete documents,w,high,deletes own documents,2,w,floor,x-pile,ok
548,W,contract-p.fit,contract-p.fit,DELETE,/reports/{report_id},delete_report_resource,Delete a report,w,high,deletes own report,2,w,floor,x-pile,ok
549,W,contract-p.fit,contract-p.fit,DELETE,/tenant,delete_tenant_resource,,x,low,cascade deletes tenant and its users,2,w,floor,x-pile,LEAK
550,W,contract-p.fit,contract-p.fit,PATCH,/integrations/{integration_id},patch_integration_resource,Update integration,w,high,updates own integration,2,w,floor,x-pile,ok
551,W,contract-p.fit,contract-p.fit,PATCH,/roles/{role_id},patch_role_resource,Update role,w,high,rule 4 updates role no access text,3,x,other-noun,,FALSE-ALARM
552,W,contract-p.fit,contract-p.fit,PATCH,/users/{user_id},patch_user_resource,Update user,w,high,rule 1 updates own user record,3,x,other-noun,,FALSE-ALARM
553,POST,core.ac.uk,,POST,/journals/search,,Batch operation for search through journals,r,high,batch search journals,1,r,read-verb,,ok
554,GET,corrently.io,,GET,/alternative/easee/lastSessions,easeeSessions,Returns lastSession info for all easee wallboxes (chargers) given user has access to.,r,high,reads sessions for own chargers,1,r,method,,ok
555,GET,corrently.io,,GET,/alternative/openmeter/meters,omMeters,Public shared smart meters installed in Germany and available for subservices and exploration.,r,high,reads public shared meters,1,r,method,,ok
556,GET,corrently.io,,GET,/metering/reading,meteringGet,Meter Reading,r,high,reads own metered reading,1,r,method,,ok
557,POST,corrently.io,,POST,/quittung/prepare,quittungPrepare,Allows to collect data with several requests (or a single) for a receipt.,w,high,prepares own receipt data,3,x,floor,,FALSE-ALARM
558,POST,corrently.io,,POST,/quittung/tsesignature,quittungTSEsignature,Retrieve TSE (Technische Sicherheitseinrichtung) Signature only for a given receipt (Strom-Quittung).,r,high,retrieves own receipt signature,3,x,floor,,OVER-TIGHT
559,POST,corrently.io,,POST,/stromkonto/prepareTransaction,prepareTransaction,Prepare Transaction,w,low,prepares transaction not yet confirmed,3,x,floor,,FALSE-ALARM
560,W,cpy.re,cpy.re,DELETE,/api/v1/abuses/{abuseId}/messages/{abuseMessageId},,Delete an abuse message,w,high,deletes own moderation message,3,x,other-noun,,FALSE-ALARM
561,W,cpy.re,cpy.re,DELETE,/api/v1/config/custom,delCustomConfig,Delete instance runtime configuration,w,high,rule 5 deletes own instance config,2,w,yours-noun,evidence,ok
562,W,cpy.re,cpy.re,DELETE,/api/v1/server/followers/{nameWithHost},,Remove or reject a follower to your server,w,high,rule 7 own follower list change,2,w,floor,x-pile,ok
563,W,cpy.re,cpy.re,DELETE,/api/v1/server/following/{hostOrHandle},,"Unfollow an actor (PeerTube instance, channel or account)",w,high,rule 7 own unfollow action,2,w,floor,x-pile,ok
564,W,cpy.re,cpy.re,DELETE,/api/v1/users/me/subscriptions/{subscriptionHandle},,Delete subscription of my user,w,high,deletes own subscription,2,w,floor,x-pile,ok
565,W,cpy.re,cpy.re,DELETE,/api/v1/videos/imports/{id},,Delete video import,w,high,deletes own video import,2,w,yours-noun,evidence,ok
566,W,cpy.re,cpy.re,PUT,/api/v1/custom-pages/homepage/instance,,Set instance custom homepage,w,high,rule 5 sets own instance homepage,2,w,floor,x-pile,ok
567,W,cpy.re,cpy.re,PUT,/api/v1/plugins/{npmName}/settings,,Set a plugin's settings,w,high,sets own plugin settings,2,w,yours-noun,evidence,ok
568,W,cpy.re,cpy.re,PUT,/api/v1/server/redundancy/{host},,Update a server redundancy policy,w,high,updates own redundancy policy,2,w,floor,x-pile,ok
569,W,cpy.re,cpy.re,PUT,/api/v1/videos/live/{id},updateLiveId,Update information about a live,w,high,updates own live metadata,2,w,floor,x-pile,ok
570,GET,crossbrowsertesting.com,,GET,/screenshots/{target_screenshot_test_id}/{target_version_id}/{target_result_id}/comparison/{base_result_id},,Compare Single Screenshot,r,high,reads screenshot comparison,1,r,method,,ok
571,GET,crossbrowsertesting.com,,GET,/screenshots/{target_screenshot_test_id}/{target_version_id}/comparison/parallel/{base_version_id},,Compare Screenshot Test Versions,r,high,reads screenshot comparison,1,r,method,,ok
572,GET,cycat.org,,GET,/child/{uuid},get_child,,r,high,reads child uuids,1,r,method,,ok
573,GET,cycat.org,,GET,/relationships/{uuid},get_relationships,,r,high,reads relationships,1,r,method,,ok
574,POST,cycat.org,,POST,/propose,post_propose,,w,low,proposes own resource not yet public,3,x,floor,,FALSE-ALARM
575,W,data2crm.com,data2crm.com,DELETE,/application/entity/account/{account_id},deleteAccountEntity,DELETE for account,w,high,rule 1 deletes own account record,2,w,floor,x-pile,ok
576,W,data2crm.com,data2crm.com,DELETE,/application/entity/campaign/bulk,deleteCampaignCollectionBulk,DELETE bulk  for campaign,w,high,deletes own campaign records,2,w,floor,x-pile,ok
577,W,data2crm.com,data2crm.com,DELETE,/application/entity/comment/{comment_id},deleteCommentEntity,DELETE for comment,w,high,deletes own comment record,2,w,yours-noun,evidence,ok
578,W,data2crm.com,data2crm.com,DELETE,/application/entity/invoice/bulk,deleteInvoiceCollectionBulk,DELETE bulk  for invoice,w,high,rule 10 deletes own invoice record,2,w,floor,x-pile,ok
579,W,data2crm.com,data2crm.com,DELETE,/application/entity/lead/bulk,deleteLeadCollectionBulk,DELETE bulk  for lead,w,high,deletes own lead records,2,w,yours-noun,evidence,ok
580,W,data2crm.com,data2crm.com,DELETE,/application/entity/note/{note_id},deleteNoteEntity,DELETE for note,w,high,deletes own note record,2,w,yours-noun,evidence,ok
581,W,data2crm.com,data2crm.com,DELETE,/application/entity/post/{post_id},deletePostEntity,DELETE for post,w,high,deletes own post record,2,w,floor,x-pile,ok
582,W,data2crm.com,data2crm.com,DELETE,/application/entity/product/{product_id},deleteProductEntity,DELETE for product,w,high,deletes own product record,2,w,yours-noun,evidence,ok
583,W,data2crm.com,data2crm.com,DELETE,/application/entity/project/{project_id},deleteProjectEntity,DELETE for project,w,high,deletes own project record,2,w,yours-noun,evidence,ok
584,W,data2crm.com,data2crm.com,DELETE,/application/entity/quoteItem/bulk,deleteQuoteItemCollectionBulk,DELETE bulk  for quoteItem,w,high,deletes own quote item record,2,w,yours-noun,evidence,ok
585,W,data2crm.com,data2crm.com,DELETE,/application/entity/user/{user_id},deleteUserEntity,DELETE for user,w,high,rule 1 deletes own crm user record,3,x,other-noun,,FALSE-ALARM
586,W,data2crm.com,data2crm.com,DELETE,/user/{internal_user_id},deleteInternalUserEntity,DELETE for internalUser,x,low,road 1b deletes internal user account,3,x,other-noun,,ok
587,W,data2crm.com,data2crm.com,PUT,/application/{key},updateApplicationEntity,PUT for application,w,high,updates own application info,2,w,yours-noun,evidence,ok
588,W,data2crm.com,data2crm.com,PUT,/application/entity/{entity_id}/bulk,updateEntityItemEntityBulk,PUT bulk  for entityItem,w,high,updates own entity item record,2,w,yours-noun,evidence,ok
589,W,data2crm.com,data2crm.com,PUT,/application/entity/case/bulk,updateCaseEntityBulk,PUT bulk  for case,w,high,updates own case record,2,w,floor,x-pile,ok
590,W,data2crm.com,data2crm.com,PUT,/application/entity/contact/bulk,updateContactEntityBulk,PUT bulk  for contact,w,high,rule 1 updates own contact record,2,w,yours-noun,evidence,ok
591,W,data2crm.com,data2crm.com,PUT,/application/entity/email/bulk,updateEmailEntityBulk,PUT bulk  for email,w,high,updates own email record,2,w,floor,x-pile,ok
592,W,data2crm.com,data2crm.com,PUT,/application/entity/invoiceItem/bulk,updateInvoiceItemEntityBulk,PUT bulk  for invoiceItem,w,high,updates own invoice item record,2,w,floor,x-pile,ok
593,W,data2crm.com,data2crm.com,PUT,/application/entity/lead/bulk,updateLeadEntityBulk,PUT bulk  for lead,w,high,updates own lead record,2,w,yours-noun,evidence,ok
594,W,data2crm.com,data2crm.com,PUT,/application/entity/opportunityProduct/bulk,updateOpportunityProductEntityBulk,PUT bulk  for opportunityProduct,w,high,updates own opportunity product record,2,w,floor,x-pile,ok
595,W,data2crm.com,data2crm.com,PUT,/application/entity/priceBook/{priceBook_id},updatePriceBookEntity,PUT for priceBook,w,high,rule 4 updates own pricebook definition,2,w,floor,x-pile,ok
596,W,data2crm.com,data2crm.com,PUT,/application/entity/quote/{quote_id},updateQuoteEntity,PUT for quote,w,high,rule 10 updates own quote record,2,w,yours-noun,evidence,ok
597,W,data2crm.com,data2crm.com,PUT,/application/entity/ticket/bulk,updateTicketEntityBulk,PUT bulk  for ticket,w,high,updates own ticket record,2,w,yours-noun,evidence,ok
598,GET,dataatwork.org,,GET,/jobs/{id}/related_skills,,Skills Associated with a Job,r,high,reads related skills,1,r,method,,ok
599,GET,dataatwork.org,,GET,/jobs/autocomplete,,Job Title Autocomplete,r,high,autocomplete job titles,1,r,method,,ok
600,GET,dataatwork.org,,GET,/jobs/normalize,,Job Title Normalization,r,high,normalizes job title,1,r,method,,ok
601,GET,datasette.local,,GET,/content.json,query,Execute a SQLite SQL query against the content database,r,high,GET read only query no writes,1,r,method,,ok
602,POST,datumbox.com,,POST,/1.0/AdultContentDetection.json,AdultContentDetection,Classifies the Document as adult or noadult,r,high,POST classification no state change,3,x,floor,,OVER-TIGHT
603,POST,datumbox.com,,POST,/1.0/EducationalDetection.json,EducationalDetection,Classifies the Document as educational or noeducational,r,high,POST classification no state change,3,x,floor,,OVER-TIGHT
604,POST,datumbox.com,,POST,/1.0/SentimentAnalysis.json,SentimentAnalysis,Identifies the Sentiment of the Document,r,high,POST classification no state change,3,x,floor,,OVER-TIGHT
605,POST,datumbox.com,,POST,/1.0/TopicClassification.json,TopicClassification,Identifies the Topic of the Document,r,high,POST classification no state change,3,x,floor,,OVER-TIGHT
606,POST,deeparteffects.com,,POST,/noauth/upload,,,w,low,no text default own file upload,3,x,floor,,FALSE-ALARM
607,GET,deutschebahn.com,,GET,/stations/{id},,This operation provides the master data for a german railway station selected by its station-id.,r,high,GET reads station master data,1,r,method,,ok
608,GET,digitallocker.gov.in,,GET,/oauth2/2/xml/eaadhaar,Get e-Aadhaar Data in XML Format id,Get e-Aadhaar Data in XML Format,r,high,GET reads own eAadhaar data,1,r,method,,ok
609,POST,digitallocker.gov.in,,POST,/oauth2/1/file/upload,Upload File to Locker id,Upload file to locker,w,high,POST own file upload to locker,3,x,floor,,FALSE-ALARM
610,GET,digitalnz.org,,GET,/records/{record_id}/more_like_this.{format},,"The ""More Like This"" call returns similar records to the specified ID.",r,high,GET read similar records search,1,r,method,,ok
611,W,digitalocean.com,digitalocean.com,DELETE,/v2/apps/{id},apps_delete,Delete an App,w,high,rule deletes caller own app,2,w,yours-noun,evidence,ok
612,W,digitalocean.com,digitalocean.com,DELETE,/v2/cdn/endpoints/{cdn_id},cdn_delete_endpoint,Delete a CDN Endpoint,w,high,rule deletes caller own cdn endpoint,2,w,floor,x-pile,ok
613,W,digitalocean.com,digitalocean.com,DELETE,/v2/cdn/endpoints/{cdn_id}/cache,cdn_purge_cache,Purge the Cache for an Existing CDN Endpoint,w,high,rule purges own cdn cache,2,w,floor,x-pile,ok
614,W,digitalocean.com,digitalocean.com,DELETE,/v2/certificates/{certificate_id},certificates_delete,Delete a Certificate,w,high,rule 6 own certificate delete,3,x,other-noun,,FALSE-ALARM
615,W,digitalocean.com,digitalocean.com,DELETE,/v2/firewalls/{firewall_id}/droplets,firewalls_delete_droplets,Remove Droplets from a Firewall,w,high,rule own firewall infrastructure change,2,w,floor,x-pile,ok
616,W,digitalocean.com,digitalocean.com,DELETE,/v2/firewalls/{firewall_id}/tags,firewalls_delete_tags,Remove Tags from a Firewall,w,high,rule own firewall infrastructure change,2,w,yours-noun,evidence,ok
617,W,digitalocean.com,digitalocean.com,DELETE,/v2/functions/namespaces/{namespace_id},functions_delete_namespace,Delete Namespace,w,high,rule cascade own namespace deletion,2,w,yours-noun,evidence,ok
618,W,digitalocean.com,digitalocean.com,DELETE,/v2/functions/namespaces/{namespace_id}/triggers/{trigger_name},functions_delete_trigger,Delete Trigger,w,high,rule deletes own function trigger,3,x,live-verb,,FALSE-ALARM
619,W,digitalocean.com,digitalocean.com,DELETE,/v2/kubernetes/clusters/{cluster_id},kubernetes_delete_cluster,Delete a Kubernetes Cluster,w,high,rule deletes own cluster cascade,2,w,floor,x-pile,ok
620,W,digitalocean.com,digitalocean.com,DELETE,/v2/kubernetes/clusters/{cluster_id}/destroy_with_associated_resources/selective,kubernetes_destroy_associatedResourcesSelective,Selectively Delete a Cluster and its Associated Resources,w,high,rule deletes own cluster cascade,2,w,floor,x-pile,ok
621,W,digitalocean.com,digitalocean.com,DELETE,/v2/registry/{registry_name}/{repository_name}/tags/{repository_tag},registry_delete_repositoryTag,Delete Container Registry Repository Tag,w,high,rule deletes own registry tag,2,w,yours-noun,evidence,ok
622,W,digitalocean.com,digitalocean.com,DELETE,/v2/reserved_ips/{reserved_ip},reservedIPs_delete,Delete a Reserved IP,w,high,rule deletes own reserved ip,2,w,floor,x-pile,ok
623,W,digitalocean.com,digitalocean.com,DELETE,/v2/snapshots/{snapshot_id},snapshots_delete,Delete a Snapshot,w,high,rule deletes own snapshot,2,w,floor,x-pile,ok
624,W,digitalocean.com,digitalocean.com,DELETE,/v2/uptime/checks/{check_id}/alerts/{alert_id},uptime_alert_delete,Delete an Alert,w,high,rule deletes own uptime alert,2,w,floor,x-pile,ok
625,W,digitalocean.com,digitalocean.com,DELETE,/v2/volumes,volumes_delete_byName,Delete a Block Storage Volume by Name,w,high,rule deletes own volume,2,w,floor,x-pile,ok
626,W,digitalocean.com,digitalocean.com,PATCH,/v2/projects/default,projects_patch_default,Patch the Default Project,w,high,rule patches own default project,2,w,yours-noun,evidence,ok
627,W,digitalocean.com,digitalocean.com,PATCH,/v2/vpcs/{vpc_id},vpcs_patch,Partially Update a VPC,w,high,rule patches own vpc,2,w,floor,x-pile,ok
628,W,digitalocean.com,digitalocean.com,PUT,/v2/cdn/endpoints/{cdn_id},cdn_update_endpoints,Update a CDN Endpoint,w,high,rule updates own cdn endpoint,2,w,floor,x-pile,ok
629,W,digitalocean.com,digitalocean.com,PUT,/v2/databases/{database_cluster_uuid}/online-migration,databases_update_onlineMigration,Start an Online Migration,x,low,road 2 triggers replication migration run,3,x,live-verb,,ok
630,W,digitalocean.com,digitalocean.com,PUT,/v2/kubernetes/clusters/{cluster_id}/node_pools/{node_pool_id},kubernetes_update_nodePool,Update a Node Pool in a Kubernetes Cluster,w,high,rule updates own node pool,2,w,floor,x-pile,ok
631,W,digitalocean.com,digitalocean.com,PUT,/v2/projects/{project_id},projects_update,Update a Project,w,high,rule updates own project,2,w,yours-noun,evidence,ok
632,W,digitalocean.com,digitalocean.com,PUT,/v2/registry/{registry_name}/garbage-collection/{garbage_collection_uuid},registry_update_garbageCollection,Update Garbage Collection,w,high,rule 9 cancels own gc job,2,w,floor,x-pile,ok
633,W,digitalocean.com,digitalocean.com,PUT,/v2/uptime/checks/{check_id},uptime_check_update,Update a Check,w,high,rule updates own uptime check,2,w,floor,x-pile,ok
634,GET,dnd5eapi.co,,GET,/api/magic-schools/{index},,Get a magic school by index.,r,high,GET reads magic school data,1,r,method,,ok
635,W,docusign.net,docusign.net,DELETE,/v2.1/accounts/{accountId}/brands/{brandId},Brand_DeleteBrand,Deletes a brand.,w,high,rule deletes own account brand,2,w,floor,x-pile,ok
636,W,docusign.net,docusign.net,DELETE,/v2.1/accounts/{accountId}/envelopes/{envelopeId}/documents/{documentId}/templates/{templateId},Templates_DeleteDocumentTemplates,Deletes a template from a document in an existing envelope.,w,high,rule deletes template in own envelope,2,w,yours-noun,evidence,ok
637,W,docusign.net,docusign.net,DELETE,/v2.1/accounts/{accountId}/groups,Groups_DeleteGroups,Deletes an existing user group.,w,high,rule 4 deletes group no access text,3,x,other-noun,,FALSE-ALARM
638,W,docusign.net,docusign.net,DELETE,/v2.1/accounts/{accountId}/groups/{groupId}/brands,Brands_DeleteGroupBrands,Deletes brand information from a group.,w,high,rule deletes own brand from group,3,x,other-noun,,FALSE-ALARM
639,W,docusign.net,docusign.net,DELETE,/v2.1/accounts/{accountId}/templates/{templateId}/recipients/{recipientId}/bulk_recipients,Recipients_DeleteTemplateBulkRecipientsFile,Deletes the bulk recipient list on a template.,w,high,rule deletes own bulk recipient list,2,w,floor,x-pile,ok
640,W,docusign.net,docusign.net,DELETE,/v2.1/accounts/{accountId}/users/{userId}/signatures/{signatureId}/{imageType},UserSignatures_DeleteUserSignatureImage,Deletes the user initials image or the  user signature image for the specified user.,w,high,rule deletes own signature image,3,x,other-noun,,FALSE-ALARM
641,W,docusign.net,docusign.net,DELETE,/v2.1/diagnostics/request_logs,APIRequestLog_DeleteRequestLogs,Deletes the request log files.,w,high,rule deletes own request logs,3,x,other-noun,,FALSE-ALARM
642,W,docusign.net,docusign.net,PUT,/v2.1/accounts/{accountId}/billing_plan/downgrade,BillingPlan_PutDowngradeAccountBillingPlan,Queues downgrade billing plan request for an account.,x,low,rule 10 switches paid billing plan,3,x,other-noun,,ok
643,W,docusign.net,docusign.net,PUT,/v2.1/accounts/{accountId}/envelopes/{envelopeId}/documents/{documentId},Documents_PutDocument,Adds or replaces a document in an existing envelope.,w,high,rule replaces document in own envelope,2,w,yours-noun,evidence,ok
644,W,docusign.net,docusign.net,PUT,/v2.1/accounts/{accountId}/envelopes/{envelopeId}/notification,Notification_PutEnvelopesEnvelopeIdNotification,Sets envelope notifications for an existing envelope.,w,high,text states no email sent,2,w,floor,x-pile,ok
645,W,docusign.net,docusign.net,PUT,/v2.1/accounts/{accountId}/envelopes/{envelopeId}/recipients,Recipients_PutRecipients,Updates recipients in a draft envelope or corrects recipient information for an in-process envelope.,x,high,road 1a resend envelope to recipient,2,w,floor,x-pile,LEAK
646,W,docusign.net,docusign.net,PUT,/v2.1/accounts/{accountId}/envelopes/{envelopeId}/recipients/{recipientId}/initials_image,Recipients_PutRecipientInitialsImage,Sets the initials image for an accountless signer.,w,low,sets image for envelope signer own draft,2,w,floor,x-pile,ok
647,W,docusign.net,docusign.net,PUT,/v2.1/accounts/{accountId}/envelopes/status,Envelopes_PutStatus,Gets envelope statuses for a set of envelopes.,r,low,text says retrieves statuses no change,2,w,floor,x-pile,OVER-TIGHT
648,W,docusign.net,docusign.net,PUT,/v2.1/accounts/{accountId}/envelopes/transfer_rules,EnvelopeTransferRules_PutEnvelopeTransferRules,Changes the status of multiple envelope transfer rules.,w,low,toggles own transfer rule status,3,x,live-verb,,FALSE-ALARM
649,W,docusign.net,docusign.net,PUT,/v2.1/accounts/{accountId}/envelopes/transfer_rules/{envelopeTransferRuleId},EnvelopeTransferRules_PutEnvelopeTransferRule,Changes the status of an envelope transfer rule.,w,low,toggles own transfer rule status,3,x,live-verb,,FALSE-ALARM
650,W,docusign.net,docusign.net,PUT,/v2.1/accounts/{accountId}/settings/envelope_purge_configuration,EnvelopePurgeConfiguration_PutEnvelopePurgeConfiguration,Sets the envelope purge configuration for an account.,w,high,rule 5 own admin purge config,2,w,floor,x-pile,ok
651,W,docusign.net,docusign.net,PUT,/v2.1/accounts/{accountId}/shared_access,SharedAccess_PutSharedAccess,Reserved: Sets the shared access information for users.,x,high,road 1b sets shared access for users,2,w,floor,x-pile,LEAK
652,W,docusign.net,docusign.net,PUT,/v2.1/accounts/{accountId}/templates/{templateId}/{templatePart},Templates_PutTemplatePart,Shares a template with a group.,x,high,road 1b shares template with group,3,x,other-noun,,ok
653,W,docusign.net,docusign.net,PUT,/v2.1/accounts/{accountId}/templates/{templateId}/documents/{documentId},Documents_PutTemplateDocument,Updates a template document.,w,high,rule updates own template document,2,w,yours-noun,evidence,ok
654,W,docusign.net,docusign.net,PUT,/v2.1/accounts/{accountId}/templates/{templateId}/documents/{documentId}/tabs,Tabs_PutTemplateDocumentTabs,Updates the tabs for a template.,w,high,rule updates own template tabs,2,w,floor,x-pile,ok
655,W,docusign.net,docusign.net,PUT,/v2.1/accounts/{accountId}/templates/{templateId}/recipients/document_visibility,Recipients_PutTemplateRecipientsDocumentVisibility,Updates document visibility for template recipients,x,low,road 1b changes recipient document visibility,3,x,other-noun,,ok
656,W,docusign.net,docusign.net,PUT,/v2.1/accounts/{accountId}/users/{userId}/profile,UserProfile_PutProfile,Updates the user profile information for the specified user.,w,high,rule 2 edits account plain details,3,x,other-noun,,FALSE-ALARM
657,W,docusign.net,docusign.net,PUT,/v2.1/accounts/{accountId}/users/{userId}/settings,UserSettings_PutUserSettings,Updates the user account settings for a specified user.,w,high,rule 2 edits account settings,3,x,other-noun,,FALSE-ALARM
658,GET,dodo.ac,,GET,/nh/fossils/all/{fossil},,Single New Horizons fossil group with individual fossils,r,high,GET reads fossil group data,1,r,method,,ok
659,W,dracoon.team,dracoon.team,DELETE,/v4/groups/{group_id}/users,removeGroupMembers,Remove group members,x,high,rule 4 removes user from group,3,x,other-noun,,ok
660,W,dracoon.team,dracoon.team,DELETE,/v4/nodes/{node_id}/favorite,removeFavorite,"Unmark a node (room, folder or file) as favorite",w,high,rule 7 own favorite relation,3,x,other-noun,,FALSE-ALARM
661,W,dracoon.team,dracoon.team,DELETE,/v4/nodes/rooms/{room_id}/users,revokeRoomUsers,Revoke granted user(s) from room,x,high,road 1b revokes users from room,3,x,live-verb,,ok
662,W,dracoon.team,dracoon.team,DELETE,/v4/settings/keypair,removeSystemRescueKeyPair,Remove system rescue key pair,w,high,rule 6 own key pair delete,3,x,other-noun,,FALSE-ALARM
663,W,dracoon.team,dracoon.team,DELETE,/v4/settings/webhooks/{webhook_id},removeWebhook,Remove webhook,w,high,rule deletes own webhook,3,x,other-noun,,FALSE-ALARM
664,W,dracoon.team,dracoon.team,DELETE,/v4/shares/downloads,deleteDownloadShares,Remove Download Shares,x,low,road 1b revokes others download access,2,w,floor,x-pile,LEAK
665,W,dracoon.team,dracoon.team,DELETE,/v4/shares/uploads,deleteUploadShares,Remove Upload Shares,x,low,road 1b revokes others upload access,2,w,floor,x-pile,LEAK
666,W,dracoon.team,dracoon.team,DELETE,/v4/system/config/auth/openid/idps/{idp_id},removeOpenIdIdpConfig,Remove OpenID Connect IDP configuration,w,low,rule 5 own instance auth config,3,x,other-noun,,FALSE-ALARM
667,W,dracoon.team,dracoon.team,DELETE,/v4/uploads/{token},cancelFileUploadByToken,Cancel file upload,w,high,rule 9 cancels own upload,3,x,live-verb,,FALSE-ALARM
668,W,dracoon.team,dracoon.team,DELETE,/v4/user/account/mfa/totp/{id},deleteMfaTotpSetup,Disable a MFA TOTP setup with generated OTP,w,high,rule 2 disables own mfa setup,3,x,other-noun,,FALSE-ALARM
669,W,dracoon.team,dracoon.team,DELETE,/v4/user/oauth/authorizations/{client_id}/{authorization_id},removeOAuthAuthorization,Remove a OAuth authorization,w,high,rule 6 own oauth authorization,3,x,other-noun,,FALSE-ALARM
670,W,dracoon.team,dracoon.team,DELETE,/v4/user/subscriptions/upload_shares/{share_id},unsubscribeUploadShare,Unsubscribe Upload Share from notifications,w,high,own notification subscription preference,3,x,other-noun,,FALSE-ALARM
671,W,dracoon.team,dracoon.team,DELETE,/v4/users/{user_id},removeUser,Remove user,x,high,rule 2 deletes another user account,3,x,other-noun,,ok
672,W,dracoon.team,dracoon.team,PUT,/v4/config/settings,updateSystemSettings,Update system settings,w,high,rule 5 updates own system settings,2,w,yours-noun,evidence,ok
673,W,dracoon.team,dracoon.team,PUT,/v4/nodes/files/uploads/{upload_id}/s3,completeS3FileUpload,Complete S3 file upload,w,high,completes own s3 upload,2,w,floor,x-pile,ok
674,W,dracoon.team,dracoon.team,PUT,/v4/nodes/rooms/{room_id}/config,configureRoom,Configure room,x,low,rule 4 sets room admin assignment,2,w,floor,x-pile,LEAK
675,W,dracoon.team,dracoon.team,PUT,/v4/nodes/rooms/pending,changePendingAssignments,Handle user-room assignments per group,x,high,road 1b user gets room access,3,x,other-noun,,ok
676,W,dracoon.team,dracoon.team,PUT,/v4/system/config/auth/radius,updateRadiusConfig,Update RADIUS configuration,w,high,rule 5 own instance auth config,2,w,floor,x-pile,ok
677,W,dracoon.team,dracoon.team,PUT,/v4/system/config/policies/mfa,changeMfaPoliciesConfig,Change MFA policies,w,high,rule 5 own instance mfa policy,3,x,other-noun,,FALSE-ALARM
678,W,dracoon.team,dracoon.team,PUT,/v4/system/config/settings/syslog,updateSyslogConfig,Update syslog settings,w,high,rule 5 own instance syslog config,2,w,floor,x-pile,ok
679,W,dracoon.team,dracoon.team,PUT,/v4/uploads/{token},completeFileUploadByToken,Complete file upload,w,high,completes own file upload,2,w,floor,x-pile,ok
680,W,dracoon.team,dracoon.team,PUT,/v4/user/account/password,changeUserPassword,Change user's password,w,high,rule 2 changes own password,3,x,other-noun,,FALSE-ALARM
681,W,dracoon.team,dracoon.team,PUT,/v4/user/subscriptions/upload_shares,subscribeUploadShares,Subscribe or Unsubscribe a List of Upload Shares for notifications,w,high,own notification subscription preference,2,w,floor,x-pile,ok
682,W,drchrono.com,drchrono.com,DELETE,/api/patients/{id},patients_delete,,w,high,rule 1 patient record own system,2,w,yours-noun,evidence,ok
683,W,drchrono.com,drchrono.com,DELETE,/api/patients/{id}/onpatient_access,patients_onpatient_access_delete,,x,high,road 1b revokes sent invites,2,w,floor,x-pile,LEAK
684,W,drchrono.com,drchrono.com,DELETE,/api/reminder_profiles/{id},reminder_profiles_delete,,w,high,rule deletes own reminder profile,2,w,floor,x-pile,ok
685,W,drchrono.com,drchrono.com,DELETE,/api/sublabs/{id},sublabs_delete,,w,high,rule deletes own sub vendor record,2,w,floor,x-pile,ok
686,W,drchrono.com,drchrono.com,PATCH,/api/appointment_profiles/{id},appointment_profiles_partial_update,,w,high,rule updates own appointment profile,3,x,other-noun,,FALSE-ALARM
687,W,drchrono.com,drchrono.com,PATCH,/api/clinical_note_field_values/{id},clinical_note_field_values_partial_update,,w,high,rule updates own clinical field value,2,w,floor,x-pile,ok
688,W,drchrono.com,drchrono.com,PATCH,/api/comm_logs/{id},comm_logs_partial_update,,w,high,rule updates own comm log,2,w,floor,x-pile,ok
689,W,drchrono.com,drchrono.com,PATCH,/api/lab_orders/{id},lab_orders_partial_update,,w,high,rule updates own lab order,3,x,other-noun,,FALSE-ALARM
690,W,drchrono.com,drchrono.com,PATCH,/api/medications/{id},medications_partial_update,,w,high,rule 1 patient record own system,2,w,floor,x-pile,ok
691,W,drchrono.com,drchrono.com,PATCH,/api/messages/{id},messages_partial_update,,w,high,rule updates own message,2,w,yours-noun,evidence,ok
692,W,drchrono.com,drchrono.com,PATCH,/api/offices/{id},offices_partial_update,,w,high,rule updates own office record,2,w,floor,x-pile,ok
693,W,drchrono.com,drchrono.com,PATCH,/api/patient_risk_assessments/{id},patient_risk_assessments_partial_update,,w,low,no text patient record pattern,2,w,floor,x-pile,ok
694,W,drchrono.com,drchrono.com,PATCH,/api/patient_vaccine_records/{id},patient_vaccine_records_partial_update,,w,high,rule 1 patient record own system,2,w,floor,x-pile,ok
695,W,drchrono.com,drchrono.com,PATCH,/api/problems/{id},problems_partial_update,,w,high,rule 1 patient record own system,2,w,floor,x-pile,ok
696,W,drchrono.com,drchrono.com,PATCH,/api/reminder_profiles/{id},reminder_profiles_partial_update,,w,high,rule updates own reminder profile,2,w,floor,x-pile,ok
697,W,drchrono.com,drchrono.com,PATCH,/api/task_templates/{id},task_templates_partial_update,,w,high,rule updates own task template,2,w,yours-noun,evidence,ok
698,W,drchrono.com,drchrono.com,PUT,/api/appointment_templates/{id},appointment_templates_update,,w,high,rule updates own appointment template,3,x,other-noun,,FALSE-ALARM
699,W,drchrono.com,drchrono.com,PUT,/api/appointments/{id},appointments_update,,w,high,rule updates own appointment record,3,x,other-noun,,FALSE-ALARM
700,W,drchrono.com,drchrono.com,PUT,/api/medications/{id},medications_update,,w,high,rule updates own medication record,2,w,floor,x-pile,ok
701,W,drchrono.com,drchrono.com,PUT,/api/offices/{id},offices_update,,w,high,rule updates own office record,2,w,floor,x-pile,ok
702,W,drchrono.com,drchrono.com,PUT,/api/patient_physical_exams/{id},patient_physical_exams_update,,w,high,rule updates own patient exam record,2,w,floor,x-pile,ok
703,W,drchrono.com,drchrono.com,PUT,/api/task_categories/{id},task_categories_update,,w,high,rule updates own task category,2,w,yours-noun,evidence,ok
704,W,drchrono.com,drchrono.com,PUT,/api/task_notes/{id},task_notes_update,,w,high,rule updates own task note,2,w,yours-noun,evidence,ok
705,GET,dropx.io,,GET,/products/,,Get product details by providing the product IDs,r,high,GET reads product details,1,r,method,,ok
706,GET,dweet.io,,GET,/get/stored/alerts/for/{thing},getStoredAlerts,Read all the saved alerts for a thing from long term storage.  You can query a maximum of 1 day per request and a granularly of 1 hour.,r,high,GET reads stored alerts,1,r,method,,ok
707,GET,dweet.io,,GET,/lock/{thing},lockThing,Reserve and lock a thing.,w,low,GET locks thing state change,1,r,method,,LEAK
708,GET,envoice.in,,GET,/api/general/dateformats,GeneralApi_DateFormats,Return all of the platform supported Date Formats,r,high,GET reads date formats,1,r,method,,ok
709,POST,envoice.in,,POST,/api/invoice/deletecategory,,Delete an existing invoice category,w,high,rule deletes own invoice category,3,x,floor,,FALSE-ALARM
710,POST,envoice.in,,POST,/api/invoice/newcategory,,Create an invoice category,w,high,rule creates own invoice category,3,x,floor,,FALSE-ALARM
711,POST,envoice.in,,POST,/api/invoice/sendtoaccountant,InvoiceApi_SendToAccountant,Send the provided invoice to the accountant,x,high,road 1a sends invoice to accountant,3,x,floor,,ok
712,POST,envoice.in,,POST,/api/order/delete,OrderApi_Delete,Delete an existing order,w,low,deletes own order record,3,x,floor,,FALSE-ALARM
713,POST,envoice.in,,POST,/api/paymentlink/new,PaymentLinkApi_New,Create a payment link,w,high,rule 10 stores payment link no charge,3,x,floor,,FALSE-ALARM
714,POST,envoice.in,,POST,/api/product/delete,ProductApi_Delete,Delete an existing product,w,high,rule deletes own product,3,x,floor,,FALSE-ALARM
715,POST,envoice.in,,POST,/api/tax/new,TaxApi_New,Create a tax,w,high,rule creates own tax definition,3,x,floor,,FALSE-ALARM
716,POST,envoice.in,,POST,/api/worktype/update,WorkTypeApi_Update,Update an existing work type,w,high,rule updates own work type,3,x,floor,,FALSE-ALARM
717,POST,eos.local,,POST,/net/connections,connections,connections,r,high,POST returns connection statuses only,3,x,floor,,OVER-TIGHT
718,GET,epa.gov,,GET,/dfr_rest_services.get_aws_docs,,Placeholder,r,high,GET placeholder read only,1,r,method,,ok
719,GET,epa.gov,,GET,/dfr_rest_services.get_cwa_rnc_compliance,,Detailed Facility Report CWA RNC Compliance Service,r,high,GET reads compliance report data,1,r,method,,ok
720,GET,epa.gov,,GET,/rcra_rest_services.get_info_clusters,,Resource Conservation and Recovery Act (RCRA) Info Clusters Service,r,high,GET downloads cluster facility data,1,r,method,,ok
721,POST,epa.gov,,POST,/dfr_rest_services.cwa_3_yr_sepscs_download,,"Downloads NPDES Compliance Schedule, Permit Schedule and Single Event Violation Information by month and quarter.",r,high,POST downloads report data,3,x,floor,,OVER-TIGHT
722,POST,epa.gov,,POST,/dfr_rest_services.get_cwa_eff_alr,,Detailed Facility Report CWA Effluent ALR Service,r,high,POST reads effluent report data,3,x,floor,,OVER-TIGHT
723,POST,epa.gov,,POST,/dfr_rest_services.get_cwa_eff_compliance,,Detailed Facility Report CWA Effluent Compliance Service,r,high,POST reads compliance report data,3,x,floor,,OVER-TIGHT
724,POST,epa.gov,,POST,/dfr_rest_services.get_cwa_ps_compliance,,Detailed Facility Report CWA PSV Compliance Service,r,high,POST reads compliance report data,3,x,floor,,OVER-TIGHT
725,POST,epa.gov,,POST,/dfr_rest_services.get_d80d90s_details,,Display detailed D80/D90 information for the facility for a given quarter or month,r,high,POST reads detail report data,3,x,floor,,OVER-TIGHT
726,POST,epa.gov,,POST,/dfr_rest_services.get_dfr,,Detailed Facility Report Service,r,high,POST reads full facility report,3,x,floor,,OVER-TIGHT
727,POST,epa.gov,,POST,/dfr_rest_services.get_enforcement_summary,,Detailed Facility Report Enforcement Summary Service,r,high,POST reads enforcement summary data,3,x,floor,,OVER-TIGHT
728,POST,epa.gov,,POST,/dfr_rest_services.get_map,,Detailed Facility Report Map Service,r,high,POST returns facility coordinates,3,x,floor,,OVER-TIGHT
729,POST,epa.gov,,POST,/dfr_rest_services.get_tri_history,,Detailed Facility Report TRI History Service,r,high,POST reads history report data,3,x,floor,,OVER-TIGHT
730,POST,epa.gov,,POST,/dfr_rest_services.get_water_quality_details,,Displays detailed Water Quality information from EPA's Office of Water Systems,r,high,POST reads water quality data,3,x,floor,,OVER-TIGHT
731,POST,epa.gov,,POST,/echo_rest_services.get_facilities,,Combined ECHO Facility Search Service,r,high,POST validates search returns query id,3,x,floor,,OVER-TIGHT
732,POST,epa.gov,,POST,/rcra_rest_services.get_facility_info,,Resource Conservation and Recovery Act (RCRA) Facility Enhanced Search Service,r,high,POST search returns facility list,3,x,floor,,OVER-TIGHT
733,GET,etherpad.local,,GET,/getHTML,getHTMLUsingGET,returns the text of a pad formatted as HTML,r,high,GET reads pad html,1,r,method,,ok
734,GET,etherpad.local,,GET,/getSavedRevisionsCount,getSavedRevisionsCountUsingGET,,r,high,GET reads revision count,1,r,method,,ok
735,GET,etherpad.local,,GET,/listSavedRevisions,listSavedRevisionsUsingGET,,r,high,GET lists saved revisions,1,r,method,,ok
736,POST,etherpad.local,,POST,/copyPadWithoutHistory,copyPadWithoutHistoryUsingPOST,,w,low,no text copies own pad,3,x,floor,,FALSE-ALARM
737,POST,etherpad.local,,POST,/createGroupPad,createGroupPadUsingPOST,creates a new pad in this group,w,high,creates own group pad,3,x,floor,,FALSE-ALARM
738,POST,etherpad.local,,POST,/getAttributePool,getAttributePoolUsingPOST,,r,high,POST reads attribute pool,1,r,read-verb,,ok
739,POST,etherpad.local,,POST,/getChatHead,getChatHeadUsingPOST,returns the chatHead (chat-message) of the pad,r,high,POST reads chat head,1,r,read-verb,,ok
740,POST,etherpad.local,,POST,/getRevisionsCount,getRevisionsCountUsingPOST,returns the number of revisions of this pad,r,high,POST reads revision count,1,r,read-verb,,ok
741,POST,etherpad.local,,POST,/getStats,getStatsUsingPOST,,r,high,POST reads stats,1,r,read-verb,,ok
742,POST,etherpad.local,,POST,/listAllPads,listAllPadsUsingPOST,list all the pads,r,high,POST lists own pads,1,r,read-verb,,ok
743,POST,etherpad.local,,POST,/restoreRevision,restoreRevisionUsingPOST,,w,low,no text restores own pad,3,x,floor,,FALSE-ALARM
744,POST,europeana.eu,,POST,/record/v2/search.json,searchRecordsPost,search for records post,r,high,POST search records,1,r,read-verb,,ok
745,POST,exude-api.herokuapp.com,,POST,/exude/{type}/file,filterFileDataStoppings,Filter the stopping words from the provided input file,r,low,filters input file no storage,3,x,floor,,OVER-TIGHT
746,POST,facecheck.id,,POST,/api/info,,"Returns remaining search credits, search engine online status, and number of indexed faces",r,high,POST returns account info only,3,x,floor,,OVER-TIGHT
747,POST,faceidentity-beta.azurewebsites.net,,POST,/authentication/customer/token,authenticateUser,Get Token,w,low,obtains own auth token,3,x,floor,,FALSE-ALARM
748,GET,fec.gov,,GET,/calendar-dates/,,,r,high,GET reads calendar dates,1,r,method,,ok
749,GET,fec.gov,,GET,/committee/{committee_id}/candidates/,,,r,high,GET reads candidate info,1,r,method,,ok
750,GET,fec.gov,,GET,/electioneering/totals/by_candidate/,,,r,high,GET reads totals data,1,r,method,,ok
751,GET,fec.gov,,GET,/names/audit_committees/,,,r,high,GET searches committee names,1,r,method,,ok
752,GET,fec.gov,,GET,/schedules/schedule_b/{sub_id}/,,,r,high,GET reads disbursement filings,1,r,method,,ok
753,GET,fec.gov,,GET,/schedules/schedule_b/by_purpose/,,,r,high,GET reads aggregated disbursements,1,r,method,,ok
754,GET,fec.gov,,GET,/totals/{entity_type}/,,,r,high,GET reads committee totals,1,r,method,,ok
755,W,fecru.local,fecru.local,DELETE,/rest-service-fecru/admin/permission-schemes/{name}/anonymous-users,deletePermissionSchemeAnonymousUsers,,x,high,rule 4 removes scheme access permission,3,x,other-noun,,ok
756,W,fecru.local,fecru.local,DELETE,/rest-service-fecru/admin/projects/{key},,,w,high,rule deletes own project cascade,2,w,yours-noun,evidence,ok
757,W,fecru.local,fecru.local,DELETE,/rest-service-fecru/admin/users/{name}/groups,,,x,high,rule 4 removes user from group,3,x,other-noun,,ok
758,W,fecru.local,fecru.local,PUT,/rest-service-fecru/admin/groups/{name},,,w,high,rule 4 updates group no access text,3,x,other-noun,,FALSE-ALARM
759,W,fecru.local,fecru.local,PUT,/rest-service-fecru/admin/permission-schemes/{name}/anonymous-users,addPermissionSchemeAnonymousUsers,,x,high,rule 4 adds scheme access permission,3,x,other-noun,,ok
760,W,fecru.local,fecru.local,PUT,/rest-service-fecru/admin/permission-schemes/{name}/logged-in-users,addPermissionSchemeLoggedUsers,,x,high,rule 4 adds scheme access permission,3,x,other-noun,,ok
761,W,fecru.local,fecru.local,PUT,/rest-service-fecru/admin/projects/{key}/default-reviewer-groups,addDefaultReviewerGroup,,w,low,adds default reviewer group config,3,x,other-noun,,FALSE-ALARM
762,W,fecru.local,fecru.local,PUT,/rest-service-fecru/admin/repositories/{repository}/full-incremental-index,fullIncrementalIndex,,x,high,rule 12 triggers full index run,2,w,floor,x-pile,LEAK
763,W,fecru.local,fecru.local,PUT,/rest-service-fecru/admin/repositories/{repository}/reindex-search,reindexSearch,,x,high,rule 12 rebuilds search index,2,w,floor,x-pile,LEAK
764,W,fecru.local,fecru.local,PUT,/rest-service-fecru/admin/repositories/~defaults/permissions,updateDefaultPermissions,,x,high,rule 4 updates default access permissions,3,x,other-noun,,ok
765,W,figshare.com,figshare.com,DELETE,/account/articles/{article_id}/private_links/{link_id},private_article_private_link_delete,Disable private link,x,low,revokes others private link access,2,w,yours-noun,evidence,LEAK
766,W,figshare.com,figshare.com,PUT,/account/collections/{collection_id}/articles,private_collection_articles_replace,Replace collection articles,w,high,rule replaces own collection articles,2,w,floor,x-pile,ok
767,W,figshare.com,figshare.com,PUT,/account/collections/{collection_id}/categories,private_collection_categories_replace,Replace collection categories,w,high,rule replaces own collection categories,2,w,yours-noun,evidence,ok
768,W,files.com,files.com,DELETE,/api_key,ApiKeyDeleteCurrent,Delete current API key.  (Requires current API connection to be using an API key.),w,high,rule 6 own api key delete,2,w,yours-noun,evidence,ok
769,W,files.com,files.com,DELETE,/as2_stations/{id},DeleteAs2StationsId,Delete As2 Station,w,high,rule deletes own as2 station,2,w,floor,x-pile,ok
770,W,files.com,files.com,DELETE,/automations/{id},DeleteAutomationsId,Delete Automation,w,high,rule deletes own automation,2,w,floor,x-pile,ok
771,W,files.com,files.com,DELETE,/file_comment_reactions/{id},DeleteFileCommentReactionsId,Delete File Comment Reaction,w,high,rule deletes own comment reaction,2,w,floor,x-pile,ok
772,W,files.com,files.com,DELETE,/file_comments/{id},DeleteFileCommentsId,Delete File Comment,w,high,rule deletes own file comment,2,w,yours-noun,evidence,ok
773,W,files.com,files.com,DELETE,/groups/{group_id}/memberships/{user_id},DeleteGroupsGroupIdMembershipsUserId,Delete Group User,x,high,rule 4 deletes group user membership,3,x,other-noun,,ok
774,W,files.com,files.com,DELETE,/message_comments/{id},DeleteMessageCommentsId,Delete Message Comment,w,high,rule deletes own message comment,3,x,other-noun,,FALSE-ALARM
775,W,files.com,files.com,DELETE,/public_keys/{id},DeletePublicKeysId,Delete Public Key,w,high,rule 6 own public key delete,2,w,floor,x-pile,ok
776,W,files.com,files.com,DELETE,/remote_servers/{id},DeleteRemoteServersId,Delete Remote Server,w,high,rule deletes own remote server,2,w,yours-noun,evidence,ok
777,W,files.com,files.com,DELETE,/users/{id},DeleteUsersId,Delete User,x,high,rule 2 deletes user account,3,x,other-noun,,ok
778,W,files.com,files.com,PATCH,/automations/{id},PatchAutomationsId,Update Automation,w,high,rule updates own automation,2,w,floor,x-pile,ok
779,W,files.com,files.com,PATCH,/files/{path},PatchFilesPath,Update file/folder metadata,w,high,rule updates own file metadata,2,w,yours-noun,evidence,ok
780,W,files.com,files.com,PATCH,/groups/{group_id}/memberships/{user_id},PatchGroupsGroupIdMembershipsUserId,Update Group User,x,low,updates group user membership role,3,x,other-noun,,ok
781,W,files.com,files.com,PATCH,/groups/{id},PatchGroupsId,Update Group,w,high,rule 4 updates group no access text,3,x,other-noun,,FALSE-ALARM
782,W,files.com,files.com,PATCH,/message_comments/{id},PatchMessageCommentsId,Update Message Comment,w,high,rule updates own message comment,3,x,other-noun,,FALSE-ALARM
783,W,files.com,files.com,PATCH,/site,PatchSite,Update site settings.,w,high,rule 5 updates own site settings,2,w,yours-noun,evidence,ok
784,W,files.com,files.com,PATCH,/user,PatchUser,Update User,w,high,rule 2 updates own account,3,x,other-noun,,FALSE-ALARM
785,W,files.com,files.com,PATCH,/users/{id},PatchUsersId,Update User,w,high,rule 2 updates account plain details,3,x,other-noun,,FALSE-ALARM
786,GET,firebrowse.org,,GET,/Samples/Clinical,Clinical,"Retrieve TCGA CDEs verbatim, i.e. not normalized by Firehose.",r,high,GET reads clinical data,1,r,method,,ok
787,GET,firmalyzer.com,,GET,/firmware/{firmware_hash}/weak-keys,get_weak_keys,Get weak crypto keys with short length,r,high,GET reads weak keys report,1,r,method,,ok
788,POST,fisheye.local,,POST,/rest-service-fe/search-v1/reviewsForChangesets/{repository},getReviewsForChangesets,,r,high,POST retrieves review list,1,r,read-verb,,ok
789,W,flat.io,flat.io,DELETE,/classes/{class}/archive,unarchiveClass,Unarchive the class,w,low,unarchive marks own class active,2,w,yours-noun,evidence,ok
790,GET,funtranslations.com,,GET,/translate/us2uk,,,r,high,GET translates text,1,r,method,,ok
791,W,gambitcomm.local,gambitcomm.local,PUT,/mimic/agent/{agentNum}/ipalias/start/{IP}/{port},start_ipalias,Starts an existing ipalias for the agent.,w,low,starts own agent ip alias,3,x,live-verb,,FALSE-ALARM
792,W,gambitcomm.local,gambitcomm.local,PUT,/mimic/agent/{agentNum}/protocol/msg/dhcp/set/config/{argument}/{value},protocol_dhcp_set_config,Set the agent's DHCP configuration,w,high,sets own agent dhcp config,2,w,floor,x-pile,ok
793,W,gambitcomm.local,gambitcomm.local,PUT,/mimic/agent/{agentNum}/protocol/msg/mqtt/client/resubscribe/{subNum},protocol_mqtt_client_resubscribe,Restart receiving messages from a subcription of the agent,x,low,rule 12 restarts own subscription,2,w,floor,x-pile,LEAK
794,W,gambitcomm.local,gambitcomm.local,PUT,/mimic/agent/{agentNum}/protocol/msg/mqtt/client/set/username/{username},protocol_mqtt_client_set_username,Set the agent's MQTT client username,w,high,sets own agent mqtt username,3,x,other-noun,,FALSE-ALARM
795,W,gambitcomm.local,gambitcomm.local,PUT,/mimic/agent/{agentNum}/protocol/msg/proxy/port/stop/{port},protocol_proxy_port_stop,Stop additional target,w,high,rule 9 stops own target,2,w,floor,x-pile,ok
796,W,gambitcomm.local,gambitcomm.local,PUT,/mimic/agent/{agentNum}/protocol/msg/sflow/set/trace/{enableOrNot},protocol_sflow_set_trace,Set the agent's SFLOW traffic tracing,w,high,sets own agent trace config,2,w,floor,x-pile,ok
797,W,gambitcomm.local,gambitcomm.local,PUT,/mimic/agent/{agentNum}/protocol/msg/snmptcp/ipalias/disable/{ipaddress}/{port},protocol_snmptcp_ipalias_disable,Disable individual IP aliases on the agent and the simulator host,w,high,disables own agent ip alias,2,w,floor,x-pile,ok
798,W,gambitcomm.local,gambitcomm.local,PUT,/mimic/agent/{agentNum}/protocol/msg/snmptcp/ipalias/enable/{ipaddress}/{port},protocol_snmptcp_ipalias_enable,Enable individual IP aliases on the agent and the simulator host,w,high,enables own agent ip alias,2,w,floor,x-pile,ok
799,W,gambitcomm.local,gambitcomm.local,PUT,/mimic/agent/{agentNum}/protocol/msg/snmpv3/vacm/save,protocol_snmpv3_vacm_save,"Saves current group, access, view settings in the currently loaded VACM config file.",w,high,saves own agent vacm config,3,x,other-noun,,FALSE-ALARM
800,W,gambitcomm.local,gambitcomm.local,PUT,/mimic/agent/{agentNum}/protocol/msg/ssh/ipalias/disable/{ipaddress}/{port},protocol_ssh_ipalias_disable,Disable individual IP aliases on the agent and the simulator host,w,high,disables own agent ip alias,2,w,floor,x-pile,ok
801,W,gambitcomm.local,gambitcomm.local,PUT,/mimic/agent/{agentNum}/protocol/msg/ssh/set/trace/{enableOrNot},protocol_ssh_set_trace,Set the agent's SSH traffic tracing,w,high,rule5 own agent config tracing,2,w,floor,x-pile,ok
802,W,gambitcomm.local,gambitcomm.local,PUT,/mimic/agent/{agentNum}/protocol/msg/syslog/set/trace/{enableOrNot},protocol_syslog_set_trace,Set the agent's SYSLOG traffic tracing,w,high,rule5 own agent config tracing,2,w,floor,x-pile,ok
803,W,gambitcomm.local,gambitcomm.local,PUT,/mimic/agent/{agentNum}/protocol/msg/telnet/connection/request/{connectionID}/{command},protocol_telnet_connection_request,Executes the command asynchronously .,x,high,rule12 triggers async job each call,3,x,live-verb,,ok
804,W,gambitcomm.local,gambitcomm.local,PUT,/mimic/agent/{agentNum}/protocol/msg/telnet/connection/signal/{connectionID}/{signalName},protocol_telnet_connection_signal,Triggers the asynchronous signal event with the specified signal name,x,high,rule12 triggers async job each call,3,x,live-verb,,ok
805,W,gambitcomm.local,gambitcomm.local,PUT,/mimic/agent/{agentNum}/protocol/msg/telnet/ipalias/disable/{ipaddress}/{port},protocol_telnet_ipalias_disable,Disable individual IP aliases on the agent and the simulator host,w,high,rule5 own agent config,2,w,floor,x-pile,ok
806,W,gambitcomm.local,gambitcomm.local,PUT,/mimic/agent/{agentNum}/protocol/msg/telnet/set/trace/{enableOrNot},protocol_telnet_set_trace,Set the agent's TELNET traffic tracing,w,high,rule5 own agent config tracing,2,w,floor,x-pile,ok
807,W,gambitcomm.local,gambitcomm.local,PUT,/mimic/agent/{agentNum}/protocol/msg/tod/set/trace/{enableOrNot},protocol_tod_set_trace,Set the agent's TOD traffic tracing,w,high,rule5 own agent config tracing,2,w,floor,x-pile,ok
808,W,gambitcomm.local,gambitcomm.local,PUT,/mimic/agent/{agentNum}/protocol/msg/web/port/stop/{port},protocol_web_port_stop,Stop the agent's WEB port,w,high,rule9 stop own port no outside party,2,w,floor,x-pile,ok
809,W,gambitcomm.local,gambitcomm.local,PUT,/mimic/agent/{agentNum}/protocol/msg/web/set/config/{argument}/{value},protocol_web_set_config,Set the agent's WEB configuration,w,high,rule5 own agent configuration,2,w,floor,x-pile,ok
810,W,gambitcomm.local,gambitcomm.local,PUT,/mimic/agent/{agentNum}/set/privdir/{privdir},set_privdir,private directory of the agent.,w,high,rule5 own agent config,2,w,floor,x-pile,ok
811,W,gambitcomm.local,gambitcomm.local,PUT,/mimic/agent/{agentNum}/store/set/{var}/{persist},agent_store_set,"These commands allow the creation of a new variable, or changing an existing value.",w,low,own store set variable ambiguous append,2,w,floor,x-pile,ok
812,W,gambitcomm.local,gambitcomm.local,PUT,/mimic/agent/{agentNum}/value/state/set/{object}/{state},set_state,Set the state of a MIB object object,w,high,rule5 own MIB config,2,w,floor,x-pile,ok
813,W,gambitcomm.local,gambitcomm.local,PUT,/mimic/set/persistent,store_save,This operation flushes all global objects which need to be made persistent to disk.,w,low,own cache flush to disk,2,w,floor,x-pile,ok
814,GET,geneea.com,,GET,/s1/entities,entitiesGet,Performs named-entity recognition on the given document,r,high,read named entity recognition,1,r,method,,ok
815,POST,geneea.com,,POST,/s1/sentiment,sentimentPost,Performs sentiment analysis on the given document,r,high,read sentiment analysis no change,3,x,floor,,OVER-TIGHT
816,GET,geodesystems.com,,GET,/repository/search/type/bio_dicom,search_bio_dicom,Search API for 'DICOM File' entry type,r,high,search own repository entries,1,r,method,,ok
817,GET,geodesystems.com,,GET,/repository/search/type/campaign_expenditures,search_campaign_expenditures,Search API for 'Campaign Expenditures' entry type,r,high,search own repository entries,1,r,method,,ok
818,GET,geodesystems.com,,GET,/repository/search/type/feccandidates,search_feccandidates,Search API for 'Candidates' entry type,r,high,search own repository entries,1,r,method,,ok
819,GET,geodesystems.com,,GET,/repository/search/type/media_photoalbum,search_media_photoalbum,Search API for 'Photo Album' entry type,r,high,search own repository entries,1,r,method,,ok
820,GET,geodesystems.com,,GET,/repository/search/type/notes_notebook,search_notes_notebook,Search API for 'Notebook' entry type,r,high,search own repository entries,1,r,method,,ok
821,GET,geodesystems.com,,GET,/repository/search/type/opendaplink,search_opendaplink,Search API for 'OPeNDAP Link' entry type,r,high,search own repository entries,1,r,method,,ok
822,GET,geodesystems.com,,GET,/repository/search/type/project_organization,search_project_organization,Search API for 'Organization' entry type,r,high,search own repository entries,1,r,method,,ok
823,GET,geodesystems.com,,GET,/repository/search/type/trip_report,search_trip_report,Search API for 'Trip Report' entry type,r,high,search own repository entries,1,r,method,,ok
824,GET,geodesystems.com,,GET,/repository/search/type/type_eia_series,search_type_eia_series,Search API for 'EIA Series' entry type,r,high,search own repository entries,1,r,method,,ok
825,GET,geodesystems.com,,GET,/repository/search/type/type_point_icebridge_atm_qfit,search_type_point_icebridge_atm_qfit,Search API for 'ATM QFIT Data' entry type,r,high,search own repository entries,1,r,method,,ok
826,GET,geodesystems.com,,GET,/repository/search/type/type_point_icebridge_mccords_irmcr3,search_type_point_icebridge_mccords_irmcr3,Search API for 'McCords Irmcr3 Data' entry type,r,high,search own repository entries,1,r,method,,ok
827,GET,geodesystems.com,,GET,/repository/search/type/type_usgs_gauge,search_type_usgs_gauge,Search API for 'USGS Stream Gauge' entry type,r,high,search own repository entries,1,r,method,,ok
828,W,gerermesaffaires.com,gerermesaffaires.com,DELETE,/business-groups/{id}/spaces/{spaceId},,,w,high,rule4 delete own container space,2,w,floor,x-pile,ok
829,W,gerermesaffaires.com,gerermesaffaires.com,DELETE,/spaces/{id}/groups/{groupId}/folders/{folderId},,,x,high,rule4 delete access to folder for group,2,w,yours-noun,evidence,LEAK
830,W,gerermesaffaires.com,gerermesaffaires.com,DELETE,/spaces/{spaceId}/folders/{folderId}/expense-reports/{documentId},,,w,high,rule1 own record expense report,2,w,yours-noun,evidence,ok
831,W,gerermesaffaires.com,gerermesaffaires.com,DELETE,/spaces/{spaceId}/folders/{id}/{documentClass},,,w,high,rule1 own class document,2,w,yours-noun,evidence,ok
832,W,gerermesaffaires.com,gerermesaffaires.com,DELETE,/spaces/{spaceId}/folders/{id}/accounting-year,,,w,high,rule4 own container accounting year,2,w,floor,x-pile,ok
833,W,gerermesaffaires.com,gerermesaffaires.com,DELETE,/spaces/{spaceId}/folders/{id}/employee,,,w,high,rule1 employee record in own system,2,w,yours-noun,evidence,ok
834,W,gerermesaffaires.com,gerermesaffaires.com,DELETE,/spaces/{spaceId}/folders/{id}/professional-vehicle,,,w,high,rule1 own vehicle record,2,w,floor,x-pile,ok
835,W,gerermesaffaires.com,gerermesaffaires.com,DELETE,/spaces/{spaceId}/folders/{id}/required-documents/{requireddocumentid}/documents/{documentId},,,w,high,rule1 own document record,2,w,yours-noun,evidence,ok
836,W,gerermesaffaires.com,gerermesaffaires.com,DELETE,/spaces/{spaceId}/folders/{id}/social-regimes,,,w,high,rule4 own container social regime,2,w,floor,x-pile,ok
837,W,gerermesaffaires.com,gerermesaffaires.com,DELETE,/spaces/{spaceId}/persons/{id}/guest-in-space,,,x,high,road1b delete invitation revokes access,3,x,other-noun,,ok
838,W,gerermesaffaires.com,gerermesaffaires.com,PATCH,/profile/email,,,w,high,rule2 edit own account email,2,w,floor,x-pile,ok
839,W,gerermesaffaires.com,gerermesaffaires.com,PATCH,/spaces/{id},,,w,high,rule4 modify own space container,2,w,floor,x-pile,ok
840,W,gerermesaffaires.com,gerermesaffaires.com,PATCH,/spaces/{id}/folders/{folderId}/persons/{memberId}/unactiveaccess,,,x,high,rule2 close access removes login,2,w,floor,x-pile,LEAK
841,W,gerermesaffaires.com,gerermesaffaires.com,PATCH,/spaces/{id}/persons/{memberId}/player,,,x,high,road1b modify role assignment of person,2,w,yours-noun,evidence,LEAK
842,W,gerermesaffaires.com,gerermesaffaires.com,PATCH,/spaces/{id}/persons/{personId},,,w,high,rule1 own person record,2,w,yours-noun,evidence,ok
843,W,gerermesaffaires.com,gerermesaffaires.com,PATCH,/spaces/{spaceId}/folders/{folderId}/expense-proofs/{documentId},,,w,high,rule1 own expense report record,2,w,floor,x-pile,ok
844,W,gerermesaffaires.com,gerermesaffaires.com,PATCH,/spaces/{spaceId}/folders/{folderId}/other-taxes/{documentId},,,w,high,rule1 own tax declaration record,2,w,yours-noun,evidence,ok
845,W,gerermesaffaires.com,gerermesaffaires.com,PATCH,/spaces/{spaceId}/folders/{folderId}/vat-declarations/{documentId},,,w,high,rule1 own vat declaration record,2,w,floor,x-pile,ok
846,W,gerermesaffaires.com,gerermesaffaires.com,PATCH,/spaces/{spaceId}/folders/{id}/employee,,,w,high,rule1 employee record in own system,2,w,yours-noun,evidence,ok
847,W,gerermesaffaires.com,gerermesaffaires.com,PATCH,/spaces/{spaceId}/folders/{id}/loan,,,w,high,rule1 own loan record,2,w,floor,x-pile,ok
848,W,gerermesaffaires.com,gerermesaffaires.com,PATCH,/spaces/{spaceId}/folders/{id}/passwords/{passwordId},,,w,low,stored password record ambiguous credential,2,w,floor,x-pile,ok
849,W,gerermesaffaires.com,gerermesaffaires.com,PATCH,/spaces/{spaceId}/folders/{id}/social-regimes,,,w,high,rule1 own social regime record,2,w,floor,x-pile,ok
850,W,gerermesaffaires.com,gerermesaffaires.com,PATCH,/spaces/{spaceId}/persons/{memberId}/folders/{id},,,x,high,road1b modify access for member,2,w,yours-noun,evidence,LEAK
851,GET,giphy.com,,GET,/gifs/search,searchGifs,Search GIFs,r,high,search gifs no change,1,r,method,,ok
852,W,gitea.io,gitea.io,DELETE,/admin/users/{username}/keys/{id},adminDeleteUserPublicKey,Delete a user's public key,x,high,rule6 revokes key another party holds,3,x,other-noun,,ok
853,W,gitea.io,gitea.io,DELETE,/orgs/{org}/hooks/{id},orgDeleteHook,Delete a hook,w,high,rule5 own hook config,2,w,floor,x-pile,ok
854,W,gitea.io,gitea.io,DELETE,/orgs/{org}/members/{username},orgDeleteMember,Remove a member from an organization,x,high,road1b remove member from org,3,x,other-noun,,ok
855,W,gitea.io,gitea.io,DELETE,/orgs/{org}/public_members/{username},orgConcealMember,Conceal a user's membership,x,high,rule8 conceal public visibility switch,3,x,other-noun,,ok
856,W,gitea.io,gitea.io,DELETE,/repos/{owner}/{repo}/branches/{branch},repoDeleteBranch,Delete a specific branch from a repository,w,high,rule4 own repo branch delete,2,w,yours-noun,evidence,ok
857,W,gitea.io,gitea.io,DELETE,/repos/{owner}/{repo}/contents/{filepath},repoDeleteFile,Delete a file in a repository,w,high,rule1 own repo file delete,2,w,yours-noun,evidence,ok
858,W,gitea.io,gitea.io,DELETE,/repos/{owner}/{repo}/hooks/{id},repoDeleteHook,Delete a hook in a repository,w,high,rule5 own repo hook config,2,w,yours-noun,evidence,ok
859,W,gitea.io,gitea.io,DELETE,/repos/{owner}/{repo}/issues/{index}/assets/{attachment_id},issueDeleteIssueAttachment,Delete an issue attachment,w,high,rule1 own issue attachment delete,2,w,floor,x-pile,ok
860,W,gitea.io,gitea.io,DELETE,/repos/{owner}/{repo}/issues/{index}/labels,issueClearLabels,Remove all labels from an issue,w,high,rule4 own issue labels delete,2,w,floor,x-pile,ok
861,W,gitea.io,gitea.io,DELETE,/repos/{owner}/{repo}/issues/{index}/subscriptions/{user},issueDeleteSubscription,Unsubscribe user from issue,w,high,rule3 path param own tenant unsubscribe,3,x,other-noun,,FALSE-ALARM
862,W,gitea.io,gitea.io,DELETE,/repos/{owner}/{repo}/issues/{index}/times/{id},issueDeleteTime,Delete specific tracked time,w,high,rule1 own tracked time delete,2,w,floor,x-pile,ok
863,W,gitea.io,gitea.io,DELETE,/repos/{owner}/{repo}/labels/{id},issueDeleteLabel,Delete a label,w,high,rule4 own label delete,2,w,floor,x-pile,ok
864,W,gitea.io,gitea.io,DELETE,/repos/{owner}/{repo}/pulls/{index}/requested_reviewers,repoDeletePullReviewRequests,cancel review requests for a pull request,x,low,road1b cancels reviewer task assignment,3,x,live-verb,,ok
865,W,gitea.io,gitea.io,DELETE,/repos/{owner}/{repo}/pulls/{index}/reviews/{id},repoDeletePullReview,Delete a specific review from a pull request,w,high,no evidence of reach default w,2,w,floor,x-pile,ok
866,W,gitea.io,gitea.io,DELETE,/repos/{owner}/{repo}/push_mirrors/{name},repoDeletePushMirror,deletes a push mirror from a repository by remoteName,w,high,rule6 own infra push mirror,2,w,floor,x-pile,ok
867,W,gitea.io,gitea.io,DELETE,/repos/{owner}/{repo}/teams/{team},repoDeleteTeam,Delete a team from a repository,x,high,rule4 delete team removes repo access,3,x,other-noun,,ok
868,W,gitea.io,gitea.io,DELETE,/teams/{id}/members/{username},orgRemoveTeamMember,Remove a team member,x,high,road1b remove team member,3,x,other-noun,,ok
869,W,gitea.io,gitea.io,DELETE,/user/following/{username},userCurrentDeleteFollow,Unfollow a user,w,high,rule7 own social relation unfollow,3,x,other-noun,,FALSE-ALARM
870,W,gitea.io,gitea.io,DELETE,/user/keys/{id},userCurrentDeleteKey,Delete a public key,w,high,rule6 own key delete,3,x,other-noun,,FALSE-ALARM
871,W,gitea.io,gitea.io,PATCH,/repos/{owner}/{repo},repoEdit,Edit a repository's properties. Only fields that are set will be changed.,w,high,rule4 edit own repo properties,2,w,floor,x-pile,ok
872,W,gitea.io,gitea.io,PATCH,/repos/{owner}/{repo}/issues/{index},issueEditIssue,"Edit an issue. If using deadline only the date will be taken into account, and time of day ignored.",w,high,rule1 edit own issue record,2,w,floor,x-pile,ok
873,W,gitea.io,gitea.io,PUT,/user/following/{username},userCurrentPutFollow,Follow a user,w,high,rule7 own social relation follow,3,x,other-noun,,FALSE-ALARM
874,W,gitea.io,gitea.io,PUT,/user/starred/{owner}/{repo},userCurrentPutStar,Star the given repo,w,high,rule7 own social relation star,3,x,other-noun,,FALSE-ALARM
875,W,github.com,github,DELETE,/admin/pre-receive-hooks/{pre_receive_hook_id},enterprise-admin/delete-pre-receive-hook,Delete a pre-receive hook,w,high,rule5 admin instance hook config,3,x,other-noun,,FALSE-ALARM
876,W,github.com,github,DELETE,/enterprises/{enterprise}/actions/permissions/organizations/{org_id},enterprise-admin/disable-selected-organization-github-actions-enterprise,Disable a selected organization for GitHub Actions in an enterprise,x,high,road1b disables org actions access,3,x,other-noun,,ok
877,W,github.com,github,DELETE,/notifications/threads/{thread_id}/subscription,activity/delete-thread-subscription,Delete a thread subscription,w,high,rule11 own subscription delete,2,w,floor,x-pile,ok
878,W,github.com,github,DELETE,/orgs/{org}/teams/{team_slug}/projects/{project_id},teams/remove-project-in-org,Remove a project from a team,x,high,rule4 removes team access to project,3,x,other-noun,,ok
879,W,github.com,github,DELETE,/repos/{owner}/{repo}/actions/runners/{runner_id}/labels,actions/remove-all-custom-labels-from-self-hosted-runner-for-repo,Remove all custom labels from a self-hosted runner for a repository,w,high,rule5 own runner label config,2,w,floor,x-pile,ok
880,W,github.com,github,DELETE,/repos/{owner}/{repo}/issues/comments/{comment_id},issues/delete-comment,Delete an issue comment,w,high,rule1 own comment delete,2,w,yours-noun,evidence,ok
881,W,github.com,github,DELETE,/user/codespaces/{codespace_name},codespaces/delete-for-authenticated-user,Delete a codespace for the authenticated user,w,high,rule1 own codespace delete,3,x,other-noun,,FALSE-ALARM
882,W,github.com,github,DELETE,/user/interaction-limits,interactions/remove-restrictions-for-authenticated-user,Remove interaction restrictions from your public repositories,x,high,rule4 removes access policy restrictions,3,x,other-noun,,ok
883,W,github.com,github,DELETE,/users/{username}/site_admin,enterprise-admin/demote-site-administrator,Demote a site administrator,x,high,rule2 demote removes admin permission,3,x,other-noun,,ok
884,W,github.com,github,PATCH,/admin/ldap/users/{username}/mapping,enterprise-admin/update-ldap-mapping-for-user,Update LDAP mapping for a user,w,low,edit ldap mapping own admin record,3,x,other-noun,,FALSE-ALARM
885,W,github.com,github,PATCH,/enterprises/{enterprise}/announcement,announcement-banners/set-announcement-banner-for-enterprise,Set announcement banner for enterprise,x,high,road1a banner displayed to others,2,w,floor,x-pile,LEAK
886,W,github.com,github,PATCH,/orgs/{org}/custom_roles/{role_id},orgs/update-custom-role,Update a custom role,x,high,rule4 custom role controls member access,3,x,other-noun,,ok
887,W,github.com,github,PATCH,/repos/{owner}/{repo}/hooks/{hook_id},repos/update-webhook,Update a repository webhook,w,high,rule5 own webhook config,2,w,yours-noun,evidence,ok
888,W,github.com,github,PATCH,/repos/{owner}/{repo}/pre-receive-hooks/{pre_receive_hook_id},enterprise-admin/update-pre-receive-hook-enforcement-for-repo,Update pre-receive hook enforcement for a repository,w,high,rule5 own hook enforcement config,3,x,other-noun,,FALSE-ALARM
889,W,github.com,github,PATCH,/teams/{team_id}/discussions/{discussion_number},teams/update-discussion-legacy,Update a discussion (Legacy),w,high,rule1 edit own discussion post,3,x,other-noun,,FALSE-ALARM
890,W,github.com,github,PUT,/app/installations/{installation_id}/suspended,apps/suspend-installation,Suspend an app installation,x,high,road1b suspends app access to account,3,x,other-noun,,ok
891,W,github.com,github,PUT,/enterprises/{enterprise}/actions/runners/{runner_id}/labels,enterprise-admin/set-custom-labels-for-self-hosted-runner-for-enterprise,Set custom labels for a self-hosted runner for an enterprise,w,high,rule5 own runner label config,3,x,other-noun,,FALSE-ALARM
892,W,github.com,github,PUT,/orgs/{org}/actions/oidc/customization/sub,oidc/update-oidc-custom-sub-template-for-org,Set the customization template for an OIDC subject claim for an organization,w,high,rule5 own oidc config,3,x,other-noun,,FALSE-ALARM
893,W,github.com,github,PUT,/orgs/{org}/actions/permissions/selected-actions,actions/set-allowed-actions-organization,Set allowed actions and reusable workflows for an organization,w,high,rule5 own org actions config,3,x,other-noun,,FALSE-ALARM
894,W,github.com,github,PUT,/orgs/{org}/actions/runners/{runner_id}/labels,actions/set-custom-labels-for-self-hosted-runner-for-org,Set custom labels for a self-hosted runner for an organization,w,high,rule5 own runner label config,3,x,other-noun,,FALSE-ALARM
895,W,github.com,github,PUT,/orgs/{org}/codespaces/secrets/{secret_name},codespaces/create-or-update-org-secret,Create or update an organization secret,w,high,rule6 own org secret store,3,x,other-noun,,FALSE-ALARM
896,W,github.com,github,PUT,/orgs/{org}/memberships/{username},orgs/set-membership-for-user,Set organization membership for a user,x,high,road1a invites and road1b membership role,3,x,other-noun,,ok
897,W,github.com,github,PUT,/user/codespaces/secrets/{secret_name},codespaces/create-or-update-secret-for-authenticated-user,Create or update a secret for the authenticated user,w,high,rule6 own secret store,3,x,other-noun,,FALSE-ALARM
898,W,gitlab.com,gitlab.com,DELETE,/v3/hooks/{id},deleteV3HooksId,Delete a hook,w,high,rule5 own hook delete,2,w,yours-noun,evidence,ok
899,W,gitlab.com,gitlab.com,DELETE,/v3/projects/{id},deleteV3ProjectsId,Remove a project,w,high,rule4 own project container delete,2,w,yours-noun,evidence,ok
900,W,gitlab.com,gitlab.com,DELETE,/v3/projects/{id}/issues/{issue_id},deleteV3ProjectsIdIssuesIssueId,Delete a project issue,w,high,rule1 own project issue delete,2,w,floor,x-pile,ok
901,W,gitlab.com,gitlab.com,DELETE,/v3/projects/{id}/merge_requests/{merge_request_id}/notes/{note_id}/award_emoji/{award_id},deleteV3ProjectsIdMergeRequestsMergeRequestIdNotesNoteIdAwardEmojiAwardId,Delete a +awardables+ award emoji,w,high,rule7 own reaction delete,3,x,live-verb,,FALSE-ALARM
902,W,gitlab.com,gitlab.com,DELETE,/v3/projects/{id}/repository/merged_branches,deleteV3ProjectsIdRepositoryMergedBranches,,w,low,delete own merged branches no text,3,x,live-verb,,FALSE-ALARM
903,W,gitlab.com,gitlab.com,DELETE,/v3/projects/{id}/repository/tags/{tag_name},deleteV3ProjectsIdRepositoryTagsTagName,Delete a repository tag,w,high,rule4 own repo tag delete,2,w,yours-noun,evidence,ok
904,W,gitlab.com,gitlab.com,DELETE,/v3/projects/{id}/snippets/{noteable_id}/notes/{note_id},deleteV3ProjectsIdSnippetsNoteableIdNotesNoteId,Delete a +noteable+ note,w,high,rule1 own note delete,2,w,floor,x-pile,ok
905,W,gitlab.com,gitlab.com,DELETE,/v3/projects/{id}/snippets/{snippet_id},deleteV3ProjectsIdSnippetsSnippetId,Delete a project snippet,w,high,rule4 own snippet delete,2,w,yours-noun,evidence,ok
906,W,gitlab.com,gitlab.com,DELETE,/v3/projects/{id}/snippets/{snippet_id}/notes/{note_id}/award_emoji/{award_id},deleteV3ProjectsIdSnippetsSnippetIdNotesNoteIdAwardEmojiAwardId,Delete a +awardables+ award emoji,w,high,rule7 own reaction delete,2,w,floor,x-pile,ok
907,W,gitlab.com,gitlab.com,DELETE,/v3/snippets/{id},deleteV3SnippetsId,Remove snippet,w,high,rule4 own snippet delete,2,w,yours-noun,evidence,ok
908,W,gitlab.com,gitlab.com,DELETE,/v3/user/keys/{key_id},deleteV3UserKeysKeyId,Delete an SSH key from the currently authenticated user,w,high,rule6 own key delete,3,x,other-noun,,FALSE-ALARM
909,W,gitlab.com,gitlab.com,DELETE,/v3/users/{id},deleteV3UsersId,Delete a user. Available only for admins.,x,high,rule2 delete another users account,3,x,other-noun,,ok
910,W,gitlab.com,gitlab.com,PUT,/v3/notification_settings,putV3NotificationSettings,"Update global notification level settings and email, defaults to Participate",w,high,rule5 own notification settings,2,w,floor,x-pile,ok
911,W,gitlab.com,gitlab.com,PUT,/v3/projects/{id}/labels,putV3ProjectsIdLabels,Update an existing label. At least one optional parameter is required.,w,high,rule4 own label update,2,w,floor,x-pile,ok
912,W,gitlab.com,gitlab.com,PUT,/v3/projects/{id}/merge_request/{merge_request_id},putV3ProjectsIdMergeRequestMergeRequestId,Update a merge request,w,high,rule1 own merge request update,3,x,live-verb,,FALSE-ALARM
913,W,gitlab.com,gitlab.com,PUT,/v3/projects/{id}/merge_request/{merge_request_id}/merge,putV3ProjectsIdMergeRequestMergeRequestIdMerge,Merge a merge request,w,high,own project merge no outside notice,3,x,live-verb,,FALSE-ALARM
914,W,gitlab.com,gitlab.com,PUT,/v3/projects/{id}/notification_settings,putV3ProjectsIdNotificationSettings,"Update project level notification level settings, defaults to Global",w,high,rule5 own project settings,2,w,yours-noun,evidence,ok
915,W,gitlab.com,gitlab.com,PUT,/v3/projects/{id}/repository/branches/{branch}/protect,putV3ProjectsIdRepositoryBranchesBranchProtect,Protect a single branch,w,high,rule4 own branch protection config,2,w,floor,x-pile,ok
916,W,gitlab.com,gitlab.com,PUT,/v3/projects/{id}/repository/branches/{branch}/unprotect,putV3ProjectsIdRepositoryBranchesBranchUnprotect,Unprotect a single branch,w,high,rule4 own branch protection config,2,w,floor,x-pile,ok
917,W,gitlab.com,gitlab.com,PUT,/v3/projects/{id}/services/flowdock,putV3ProjectsIdServicesFlowdock,Set flowdock service for project,w,high,rule5 own service config,2,w,floor,x-pile,ok
918,W,gitlab.com,gitlab.com,PUT,/v3/projects/{id}/services/gemnasium,putV3ProjectsIdServicesGemnasium,Set gemnasium service for project,w,high,rule5 own service config,2,w,floor,x-pile,ok
919,W,gitlab.com,gitlab.com,PUT,/v3/projects/{id}/services/pipelines-email,putV3ProjectsIdServicesPipelinesEmail,Set pipelines-email service for project,w,high,rule5 own service config,2,w,floor,x-pile,ok
920,W,gitlab.com,gitlab.com,PUT,/v3/projects/{id}/services/slack-slash-commands,putV3ProjectsIdServicesSlackSlashCommands,Set slack-slash-commands service for project,w,high,rule5 own service config,3,x,other-noun,,FALSE-ALARM
921,GET,globalwinescore.com,,GET,/globalwinescores/,listHistoricalGWS,List all historical GWS,r,high,list read historical data,1,r,method,,ok
922,GET,goog.io,,GET,/,Get the status of the API service,Status,r,high,read status of service,1,r,method,,ok
923,W,googleapis.com,googleapis.com,DELETE,/files/{fileId}/revisions/{revisionId},drive.revisions.delete,,w,high,rule1 own file revision delete,2,w,floor,x-pile,ok
924,W,googleapis.com,googleapis.com,DELETE,/games/v1management/applications/{applicationId}/players/hidden/{playerId},gamesManagement.players.unhide,,x,high,rule8 unhides visibility on leaderboard,2,w,floor,x-pile,LEAK
925,W,googleapis.com,googleapis.com,DELETE,/projects/{project}/global/httpHealthChecks/{httpHealthCheck},compute.httpHealthChecks.delete,,w,high,rule5 own infra health check delete,2,w,floor,x-pile,ok
926,W,googleapis.com,googleapis.com,DELETE,/sql/v1beta4/projects/{project}/instances/{instance}/sslCerts/{sha1Fingerprint},sql.sslCerts.delete,,w,high,rule6 own certificate delete,3,x,other-noun,,FALSE-ALARM
927,W,googleapis.com,googleapis.com,DELETE,/v1/{parent}/resourcefiles/{type}/{name},apigee.organizations.environments.resourcefiles.delete,,w,high,rule1 own resource file delete,3,x,other-noun,,FALSE-ALARM
928,W,googleapis.com,googleapis.com,DELETE,/v1/projects/{projectId}/regions/{region}/clusters/{clusterName},dataproc.projects.regions.clusters.delete,,w,high,rule1 own cluster delete,2,w,floor,x-pile,ok
929,W,googleapis.com,googleapis.com,DELETE,/v1beta/apps/{appsId}/firewall/ingressRules/{ingressRulesId},appengine.apps.firewall.ingressRules.delete,,w,high,rule5 own firewall rule delete,2,w,floor,x-pile,ok
930,W,googleapis.com,googleapis.com,DELETE,/youtube/v3/channelSections,youtube.channelSections.delete,,w,high,rule1 own channel section delete,2,w,floor,x-pile,ok
931,W,googleapis.com,googleapis.com,PATCH,/{merchantId}/repricingrules/{ruleId},content.repricingrules.patch,,w,high,rule1 own repricing rule update,2,w,floor,x-pile,ok
932,W,googleapis.com,googleapis.com,PATCH,/billinginfo/{accountId}/{billingId},adexchangebuyer.budget.patch,,w,high,rule10 edit budget without charging,2,w,floor,x-pile,ok
933,W,googleapis.com,googleapis.com,PATCH,/management/accounts/{accountId}/webproperties/{webPropertyId}/profiles/{profileId}/experiments/{experimentId},analytics.management.experiments.patch,,w,high,rule1 own experiment update,2,w,floor,x-pile,ok
934,W,googleapis.com,googleapis.com,PATCH,/projects/{project}/global/backendServices/{backendService},compute.backendServices.patch,,w,high,rule5 own backend service update,2,w,floor,x-pile,ok
935,W,googleapis.com,googleapis.com,PATCH,/projects/{project}/regions/{region}/routers/{router},compute.routers.patch,,w,high,rule5 own router update,2,w,floor,x-pile,ok
936,W,googleapis.com,googleapis.com,PATCH,/sql/v1beta4/projects/{project}/instances/{instance}/databases/{database},sql.databases.patch,,w,high,rule1 own database update,2,w,yours-noun,evidence,ok
937,W,googleapis.com,googleapis.com,PATCH,/tasks/v1/lists/{tasklist}/tasks/{task},tasks.tasks.patch,,w,high,rule1 own task update,2,w,yours-noun,evidence,ok
938,W,googleapis.com,googleapis.com,PATCH,/userprofiles/{profileId}/advertisers,dfareporting.advertisers.patch,,w,high,rule1 own advertiser record update,2,w,floor,x-pile,ok
939,W,googleapis.com,googleapis.com,PATCH,/v1/projects/{projectId}/regions/{region}/clusters/{clusterName},dataproc.projects.regions.clusters.patch,,w,high,rule1 own cluster update,2,w,floor,x-pile,ok
940,W,googleapis.com,googleapis.com,PATCH,/v1/settings/customer,cloudsearch.settings.updateCustomer,,w,high,rule5 own customer settings admin,2,w,floor,x-pile,ok
941,W,googleapis.com,googleapis.com,PATCH,/v2beta/{parent}/permissions,drivelabels.labels.revisions.updatePermissions,,x,high,rule4 permissions bundle controls principals,3,x,other-noun,,ok
942,W,googleapis.com,googleapis.com,PUT,/v1/projects/{project}/instances/{instance}/databases/{database},sql.databases.update,,w,high,rule1 own database update,2,w,yours-noun,evidence,ok
943,W,googleapis.com,googleapis.com,PUT,/webmasters/v3/sites/{siteUrl},webmasters.sites.add,,w,high,rule1 own site added to account,2,w,floor,x-pile,ok
944,W,googleapis.com,googleapis.com,PUT,/youtube/v3/channels,youtube.channels.update,,w,high,rule1 own channel update,2,w,floor,x-pile,ok
945,W,googleapis.com,googleapis.com,PUT,/youtube/v3/commentThreads,youtube.youtube.v3.updateCommentThreads,,w,low,comment thread update ambiguous scope,3,x,other-noun,,FALSE-ALARM
946,GET,gov.bc.ca,,GET,/action/package_activity_list_html,,"Get the activity stream of a package (dataset), HTML format",r,high,read activity stream html,1,r,method,,ok
947,GET,gov.bc.ca,,GET,/aquifer-codes/quality-concerns/,aquifer-codes_quality-concerns_list,,r,high,read list of codes,1,r,method,,ok
948,GET,gov.bc.ca,,GET,/aquifer-codes/water-use/,aquifer-codes_water-use_list,,r,high,read list of codes,1,r,method,,ok
949,GET,gov.bc.ca,,GET,/config,config_list,,r,high,read general configuration,1,r,method,,ok
950,GET,gov.bc.ca,,GET,/geomarks/{geomarkId}/boundingBox.{fileFormatExtension},,Gets the bounding box of the geomark,r,high,read bounding box computation,1,r,method,,ok
951,GET,gov.bc.ca,,GET,/occupants/addresses.{outputFormat},,Geocode an address and identify site occupants,r,high,read geocode lookup,1,r,method,,ok
952,POST,gov.bc.ca,,POST,/directions.{outputFormat},,"Get the directions, path, distance and travel time between a series of geographic points",r,high,read directions computation no change,3,x,floor,,OVER-TIGHT
953,POST,gov.bc.ca,,POST,/distance/betweenPairs.{outputFormat},,Get distance and travel time between each pair of geographic points,r,high,read distance computation no change,3,x,floor,,OVER-TIGHT
954,POST,gov.bc.ca,,POST,/geomarks/new,,Create a new geomark,w,high,rule1 create own geomark record,3,x,floor,,FALSE-ALARM
955,POST,gov.bc.ca,,POST,/truck/optimalRoute.{outputFormat},,"Get the path, distance and travel time between a start point and a series of end points which are reordered to minimize total distance or time.",r,high,read route computation no change,3,x,floor,,OVER-TIGHT
956,POST,gov.bc.ca,,POST,/truck/route.{outputFormat},,"Get the path, distance and travel time between a series of geographic points",r,high,read route computation no change,3,x,floor,,OVER-TIGHT
957,POST,graphhopper.com,,POST,/cluster,solveClusteringProblem,POST Cluster Endpoint,r,high,read clustering solution computation,3,x,floor,,OVER-TIGHT
958,W,gsmtasks.com,gsmtasks.com,DELETE,/exports/{id}/,exports_destroy,,w,low,delete own export no text,2,w,yours-noun,evidence,ok
959,W,gsmtasks.com,gsmtasks.com,DELETE,/formrules/{id}/,formrules_destroy,,w,low,delete own form rule no text,2,w,floor,x-pile,ok
960,W,gsmtasks.com,gsmtasks.com,DELETE,/notification_templates/{id}/,notification_templates_destroy,,w,low,delete own template no text,2,w,yours-noun,evidence,ok
961,W,gsmtasks.com,gsmtasks.com,DELETE,/push_notifications/{id}/,push_notifications_destroy,,w,low,delete own notification template no text,2,w,yours-noun,evidence,ok
962,W,gsmtasks.com,gsmtasks.com,DELETE,/routes/{id}/,routes_destroy,,w,low,delete own route no text,2,w,floor,x-pile,ok
963,W,gsmtasks.com,gsmtasks.com,PATCH,/account_roles/{id}/,account_roles_partial_update,,w,low,edit own account role no text,2,w,floor,x-pile,ok
964,W,gsmtasks.com,gsmtasks.com,PATCH,/billing/customers/{id}/,billing_customers_partial_update,,w,low,edit own customer record no text,2,w,yours-noun,evidence,ok
965,W,gsmtasks.com,gsmtasks.com,PATCH,/client_roles/{id}/,client_roles_partial_update,,w,low,edit own client role no text,2,w,yours-noun,evidence,ok
966,W,gsmtasks.com,gsmtasks.com,PATCH,/clients/{id}/,clients_partial_update,,w,low,edit own client record no text,2,w,yours-noun,evidence,ok
967,W,gsmtasks.com,gsmtasks.com,PATCH,/emails/{id}/,emails_partial_update,,w,low,edit own email record no text,2,w,floor,x-pile,ok
968,W,gsmtasks.com,gsmtasks.com,PATCH,/orders/{id}/,orders_partial_update,,w,low,edit own order record no text,3,x,other-noun,,FALSE-ALARM
969,W,gsmtasks.com,gsmtasks.com,PATCH,/sms/{id}/,sms_partial_update,,w,low,edit own sms record no text,3,x,other-noun,,FALSE-ALARM
970,W,gsmtasks.com,gsmtasks.com,PUT,/accounts/{id}/stripe_attach_payment_method/,accounts_stripe_attach_payment_method_update,,w,high,rule10 set payment method no charge,3,x,other-noun,,FALSE-ALARM
971,W,gsmtasks.com,gsmtasks.com,PUT,/clients/{id}/,clients_update,,w,low,update own client record no text,2,w,yours-noun,evidence,ok
972,W,gsmtasks.com,gsmtasks.com,PUT,/contact_addresses/{id}/,contact_addresses_update,,w,low,update own contact address no text,2,w,floor,x-pile,ok
973,W,gsmtasks.com,gsmtasks.com,PUT,/notification_templates/{id}/,notification_templates_update,,w,low,update own notification template no text,2,w,yours-noun,evidence,ok
974,W,gsmtasks.com,gsmtasks.com,PUT,/orders/{id}/,orders_update,,w,low,update own order record no text,3,x,other-noun,,FALSE-ALARM
975,W,gsmtasks.com,gsmtasks.com,PUT,/push_notifications/{id}/,push_notifications_update,,w,low,update own push notification no text,2,w,yours-noun,evidence,ok
976,W,gsmtasks.com,gsmtasks.com,PUT,/routes/{id}/,routes_update,,w,low,update own route no text,2,w,floor,x-pile,ok
977,W,gsmtasks.com,gsmtasks.com,PUT,/sms/{id}/,sms_update,,w,low,update own sms record no text,3,x,other-noun,,FALSE-ALARM
978,W,gsmtasks.com,gsmtasks.com,PUT,/task_forms/{id}/,task_forms_update,,w,low,update own task form no text,2,w,yours-noun,evidence,ok
979,W,gsmtasks.com,gsmtasks.com,PUT,/tasks/{id}/,tasks_update,,w,low,update own task no text,2,w,yours-noun,evidence,ok
980,W,gsmtasks.com,gsmtasks.com,PUT,/time_location_features/{id}/,time_location_features_update,,w,low,update own time location feature no text,2,w,floor,x-pile,ok
981,GET,hackathonwatch.com,,GET,/swagger_doc/{name}.json,GET-swagger_doc--name---format-,Swagger compatible API description for specific API,r,high,read swagger doc,1,r,method,,ok
982,GET,haloapi.com,,GET,/h5/metadata/enemies,Halo-5-Enemies,Halo 5 - Enemies,r,high,read game metadata,1,r,method,,ok
983,GET,haloapi.com,,GET,/h5/servicerecords/customlocal,Halo-5-Player-Service-Records-Custom-Local,Halo 5 - Player Service Records - Custom Local,r,high,read service records,1,r,method,,ok
984,GET,haloapi.com,,GET,/hw2/cards,Halo-Wars-2-Cards,Halo Wars 2 - Cards,r,high,read game cards data,1,r,method,,ok
985,GET,haloapi.com,,GET,/hw2/player-leaderboards/csr/{seasonId}/{playlistId},Halo-Wars-2-Leaderboard-Player-CSR,Halo Wars 2 - Leaderboard - Player CSR,r,high,read leaderboard data,1,r,method,,ok
986,GET,handwrytten.com,,GET,/templateCategories/list,getTemplateCategories,List template categories,r,high,read list template categories,1,r,method,,ok
987,POST,handwrytten.com,,POST,/cards/uploadCustomLogo,uploadCustomLogo,upload logo or cover image for card,w,low,upload own asset no description text,3,x,floor,,FALSE-ALARM
988,POST,handwrytten.com,,POST,/giftCards/view,giftCardDetails,Lists information on gift cards,r,high,read gift card information,3,x,floor,,OVER-TIGHT
989,POST,handwrytten.com,,POST,/profile/deleteRecipient,deleteRecipient,deletes an existing recipient address,w,high,rule1 delete own recipient record,3,x,floor,,FALSE-ALARM
990,POST,handwrytten.com,,POST,/profile/recipientsList,recipientsList,list the addresses in the user's account,r,high,read list own addresses,3,x,floor,,OVER-TIGHT
991,POST,handwrytten.com,,POST,/templateCategories/list,getTemplateCategoriesAuthorized,List template categories,r,high,read list template categories,1,r,read-verb,,ok
992,POST,handwrytten.com,,POST,/templates/delete,deleteTemplate,Deletes a users template,w,high,rule1 delete own template record,3,x,floor,,FALSE-ALARM
993,GET,healthcare.gov,,GET,/api/states{mediaTypeExtension},,,r,high,read page content,1,r,method,,ok
994,GET,healthcare.gov,,GET,/api/topics{mediaTypeExtension},,,r,high,read page content,1,r,method,,ok
995,W,here.com,here.com,DELETE,/associations/v3/{trackingId}/rules/{ruleId},,Disassociates a device and a rule,w,high,rule1 own device rule disassociate,2,w,yours-noun,evidence,ok
996,W,here.com,here.com,DELETE,/c2c/v4/connectors/{connectorId},,Deletes a connector,w,high,rule6 own connector delete,2,w,yours-noun,evidence,ok
997,W,here.com,here.com,DELETE,/c2c/v4/connectors/{connectorId}/ext-devices-batch,,Removes a batch of external devices from a connector,w,high,rule1 own devices batch remove,2,w,floor,x-pile,ok
998,W,here.com,here.com,DELETE,/c2c/v4/connectors/{connectorId}/ext-devices/{externalDeviceId},,Removes an external device from a connector,w,high,rule1 own device remove,2,w,floor,x-pile,ok
999,W,here.com,here.com,DELETE,/geofence-associations/v2/{geofenceId}/{trackingId},,Disassociates a device and a geofence,w,high,rule1 own device geofence disassociate,2,w,yours-noun,evidence,ok
1000,W,here.com,here.com,DELETE,/geofences/v2,,Deletes all geofences,w,high,cascade inside own system stays w,2,w,yours-noun,evidence,ok
1001,W,here.com,here.com,DELETE,/labels/v4/{resourceType}/{resourceId}/{key},,Deletes all labels of a resource by a label key,w,high,rule4 own label definition deleted,2,w,floor,x-pile,ok
1002,W,here.com,here.com,DELETE,/labels/v4/{resourceType}/{resourceId}/{key}/{value},,Deletes a label of a resource,w,high,rule4 own label deleted,2,w,floor,x-pile,ok
1003,W,here.com,here.com,DELETE,/largedata/v4/{dataId},,Deletes large data,w,high,own data object deleted,2,w,floor,x-pile,ok
1004,W,here.com,here.com,DELETE,/notifications/v3/registration/{channelId},,Unregisters from notifications,w,high,own notification channel unregistered,2,w,floor,x-pile,ok
1005,W,here.com,here.com,DELETE,/rules/v4,,Deletes all rules,w,high,own rules deleted rule5,2,w,floor,x-pile,ok
1006,W,here.com,here.com,DELETE,/sensors/v3/{sensorRuleId},,Deletes a sensor rule,w,high,own sensor rule deleted,2,w,yours-noun,evidence,ok
1007,W,here.com,here.com,DELETE,/shipments/v4/{shipmentId},,Deletes a shipment,w,high,own shipment record deleted rule1,2,w,floor,x-pile,ok
1008,W,here.com,here.com,DELETE,/shipments/v4/plans,,Deletes all shipment plans,w,high,own shipment plans deleted,2,w,yours-noun,evidence,ok
1009,W,here.com,here.com,PATCH,/shipments/v4/{shipmentId},,Updates a shipment details,w,high,partial update of own shipment,2,w,floor,x-pile,ok
1010,W,here.com,here.com,PUT,/labels/v4/{resourceType}/{resourceId}/{key}/{value},,Creates a label for a resource,w,high,creates own label rule4,2,w,floor,x-pile,ok
1011,W,here.com,here.com,PUT,/registry/v2/devices/{deviceOrExternalId},,Claims a device,w,high,claims device into own account,2,w,floor,x-pile,ok
1012,W,here.com,here.com,PUT,/rules/v4/{ruleId},,Updates a single rule,w,high,updates own rule fields,2,w,yours-noun,evidence,ok
1013,W,here.com,here.com,PUT,/shadows/v2/{trackingId},,Updates a device shadow,w,high,updates own device shadow,2,w,floor,x-pile,ok
1014,GET,highwaysengland.co.uk,,GET,/v{version}/sites,Sites_Index,Get a list of sites,r,high,get list of sites,1,r,method,,ok
1015,GET,hillbillysoftware.com,,GET,/Music/Albums/MusicBrainzID/{AccessToken}/{MBID},MusicByMusicBrainz_Get,Get Artist / Band information on MusicBrainzID,r,high,get artist info lookup,1,r,method,,ok
1016,GET,hillbillysoftware.com,,GET,/Music/Artist/Extended/{AccessToken}/{Name},musicArtistExtended_Get,"Provides extended information, which includes all known albums and music videos of artist / band",r,high,get extended artist info,1,r,method,,ok
1017,GET,hsbc.com,,GET,/x-open-banking/v2.2/business-current-accounts/segment/{segment},,,r,high,returns account product data,1,r,method,,ok
1018,GET,hubhopper.com,,GET,/podcasts,,,r,high,list all podcasts,1,r,method,,ok
1019,GET,icons8.com,,GET,/api/iconsets/v3/total?since={since},Totals,Totals,r,high,totals lookup,1,r,method,,ok
1020,W,id4i.de,id4i.de,DELETE,/api/v1/organizations/{organizationId}/addresses/billing,deleteOrganizationBillingAddress,Remove billing address,w,high,rule10 remove own billing address,3,x,other-noun,,FALSE-ALARM
1021,W,id4i.de,id4i.de,PUT,/api/v1/organizations/{organizationId}/partner,addPartnerOrganization,Add partner,w,low,add partner unclear access grant,3,x,other-noun,,FALSE-ALARM
1022,POST,ideaconsult.net,,POST,/select,solrquery_post,Apache Solr powered search,r,high,solr search query,3,x,floor,,OVER-TIGHT
1023,GET,idtbeyond.com,,GET,/iatu/topups/reports/all.csv,,List of account topups in CSV,r,high,csv report of own topups,1,r,method,,ok
1024,POST,idtbeyond.com,,POST,/iatu/topups/reports,,Search topups transactions,r,high,search own topups transactions,3,x,floor,,OVER-TIGHT
1025,W,illumidesk.com,illumidesk.com,DELETE,/v1/{namespace}/oauth/applications/{application}/,oauth_application_delete,Delete an application by id,w,high,delete own oauth application,2,w,yours-noun,evidence,ok
1026,W,illumidesk.com,illumidesk.com,DELETE,/v1/users/{user}/emails/{email_id}/,users_emails_delete,Delete an email address,w,high,rule1 delete own email record,3,x,other-noun,,FALSE-ALARM
1027,W,illumidesk.com,illumidesk.com,DELETE,/v1/users/profiles/{user}/,users_delete,Delete a user,x,high,rule2 delete user account removes access,3,x,other-noun,,ok
1028,W,illumidesk.com,illumidesk.com,PATCH,/v1/{namespace}/notifications/,notifications_update_list,Mark a list of notifications as either read or unread.,w,high,rule11 mark notifications read,2,w,yours-noun,evidence,ok
1029,W,illumidesk.com,illumidesk.com,PATCH,/v1/{namespace}/notifications/{notification_id},notification_update,Mark a specific notification as either read or unread.,w,high,rule11 mark notification read,2,w,floor,x-pile,ok
1030,W,illumidesk.com,illumidesk.com,PATCH,/v1/{namespace}/notifications/entity/{entity},notifications_update_entity_list,Mark a list of notifications as either read or unread.,w,high,rule11 mark notifications read,2,w,yours-noun,evidence,ok
1031,W,illumidesk.com,illumidesk.com,PATCH,/v1/{namespace}/projects/{project}/collaborators/{collaborator}/,projects_collaborators_update,Update project collaborator,x,high,rule4 update collaborator changes access,3,x,other-noun,,ok
1032,W,illumidesk.com,illumidesk.com,PATCH,/v1/{namespace}/projects/{project}/project_files/{id}/,projects_project_files_update,Update a project file,w,high,update own project file,2,w,yours-noun,evidence,ok
1033,W,illumidesk.com,illumidesk.com,PATCH,/v1/teams/{team}/,teams_update,Update a team,w,high,rule4 update team definition,3,x,other-noun,,FALSE-ALARM
1034,W,illumidesk.com,illumidesk.com,PATCH,/v1/users/{user}/avatar/,user_avatar_update,Update a project file,w,high,rule2 edit own avatar detail,3,x,other-noun,,FALSE-ALARM
1035,W,illumidesk.com,illumidesk.com,PATCH,/v1/users/{user}/emails/{email_id}/,users_emails_update,Update an email address,w,high,rule2 edit email plain detail,3,x,other-noun,,FALSE-ALARM
1036,W,illumidesk.com,illumidesk.com,PUT,/v1/{namespace}/oauth/applications/{application}/,oauth_application_replace,Replace an application by id,w,high,replace own oauth application,2,w,yours-noun,evidence,ok
1037,W,illumidesk.com,illumidesk.com,PUT,/v1/teams/{team}/,teams_replace,Replace a team,w,high,rule4 replace team definition,3,x,other-noun,,FALSE-ALARM
1038,W,influxdata.com,influxdata.com,DELETE,/dashboards/{dashboardID}/labels/{labelID},DeleteDashboardsIDLabelsID,Delete a label from a dashboard,w,high,delete label from own dashboard,2,w,floor,x-pile,ok
1039,W,influxdata.com,influxdata.com,DELETE,/dashboards/{dashboardID}/members/{userID},DeleteDashboardsIDMembersID,Remove a member from a dashboard,x,high,rule4 remove member changes access,3,x,other-noun,,ok
1040,W,influxdata.com,influxdata.com,DELETE,/dbrps/{dbrpID},DeleteDBRPID,Delete a database retention policy,w,high,delete own retention policy,2,w,floor,x-pile,ok
1041,W,influxdata.com,influxdata.com,DELETE,/labels/{labelID},DeleteLabelsID,Delete a label,w,high,delete own label,2,w,floor,x-pile,ok
1042,W,influxdata.com,influxdata.com,DELETE,/notificationRules/{ruleID},DeleteNotificationRulesID,Delete a notification rule,w,high,delete own notification rule,2,w,yours-noun,evidence,ok
1043,W,influxdata.com,influxdata.com,DELETE,/orgs/{orgID}/owners/{userID},DeleteOrgsIDOwnersID,Remove an owner from an organization,x,high,rule4 remove owner changes access,3,x,other-noun,,ok
1044,W,influxdata.com,influxdata.com,DELETE,/scrapers/{scraperTargetID}/members/{userID},DeleteScrapersIDMembersID,Remove a member from a scraper target,x,high,rule4 remove member changes access,3,x,other-noun,,ok
1045,W,influxdata.com,influxdata.com,DELETE,/sources/{sourceID},DeleteSourcesID,Delete a source,w,high,delete own source,2,w,yours-noun,evidence,ok
1046,W,influxdata.com,influxdata.com,DELETE,/stacks/{stack_id},DeleteStack,Delete a stack and associated resources,w,high,delete own stack cascade,2,w,floor,x-pile,ok
1047,W,influxdata.com,influxdata.com,DELETE,/tasks/{taskID}/labels/{labelID},DeleteTasksIDLabelsID,Delete a label from a task,w,high,delete label from own task,2,w,floor,x-pile,ok
1048,W,influxdata.com,influxdata.com,DELETE,/tasks/{taskID}/members/{userID},DeleteTasksIDMembersID,Remove a member from a task,x,high,rule4 remove member changes access,3,x,other-noun,,ok
1049,W,influxdata.com,influxdata.com,DELETE,/variables/{variableID}/labels/{labelID},DeleteVariablesIDLabelsID,Delete a label from a variable,w,high,delete label from own variable,2,w,floor,x-pile,ok
1050,W,influxdata.com,influxdata.com,PATCH,/buckets/{bucketID},PatchBucketsID,Update a bucket,w,high,update own bucket,2,w,yours-noun,evidence,ok
1051,W,influxdata.com,influxdata.com,PATCH,/checks/{checkID},PatchChecksID,Update a check,w,high,update own check,2,w,floor,x-pile,ok
1052,W,influxdata.com,influxdata.com,PATCH,/dbrps/{dbrpID},PatchDBRPID,Update a database retention policy mapping,w,high,update own retention policy,2,w,floor,x-pile,ok
1053,W,influxdata.com,influxdata.com,PATCH,/labels/{labelID},PatchLabelsID,Update a label,w,high,update own label,2,w,floor,x-pile,ok
1054,W,influxdata.com,influxdata.com,PATCH,/notificationRules/{ruleID},PatchNotificationRulesID,Update a notification rule,w,high,update own notification rule,2,w,yours-noun,evidence,ok
1055,W,influxdata.com,influxdata.com,PATCH,/orgs/{orgID},PatchOrgsID,Update an organization,w,high,rule4 update org definition,3,x,other-noun,,FALSE-ALARM
1056,W,influxdata.com,influxdata.com,PATCH,/sources/{sourceID},PatchSourcesID,Update a Source,w,high,update own source,2,w,yours-noun,evidence,ok
1057,W,influxdata.com,influxdata.com,PATCH,/stacks/{stack_id},UpdateStack,Update an InfluxDB Stack,w,high,update own stack,2,w,floor,x-pile,ok
1058,W,influxdata.com,influxdata.com,PUT,/documents/templates/{templateID},PutDocumentsTemplatesID,Update a template,w,high,update own template,2,w,yours-noun,evidence,ok
1059,W,influxdata.com,influxdata.com,PUT,/notificationEndpoints/{endpointID},PutNotificationEndpointsID,Update a notification endpoint,w,high,update own notification endpoint,2,w,yours-noun,evidence,ok
1060,W,influxdata.com,influxdata.com,PUT,/telegrafs/{telegrafID},PutTelegrafsID,Update a Telegraf configuration,w,high,update own telegraf config,2,w,floor,x-pile,ok
1061,GET,interzoid.com,,GET,/getstateabbreviation,getstateabbreviation,Gets a two-letter abbreviation for a state or province name data,r,high,stateless abbreviation lookup,1,r,method,,ok
1062,W,jellyfin.local,jellyfin.local,DELETE,/Plugins/{pluginId}/{version},UninstallPluginByVersion,Uninstalls a plugin by version.,w,high,rule5 uninstall own plugin,2,w,floor,x-pile,ok
1063,W,jira.local,jira.local,DELETE,/api/2/component/{id},,,w,high,delete own project component,2,w,floor,x-pile,ok
1064,W,jira.local,jira.local,DELETE,/api/2/dashboard/{dashboardId}/items/{itemId}/properties/{propertyKey},,,w,high,remove own item property,2,w,yours-noun,evidence,ok
1065,W,jira.local,jira.local,DELETE,/api/2/issue/{issueIdOrKey}/votes,removeVote,,w,high,rule7 own vote removed,3,x,other-noun,,FALSE-ALARM
1066,W,jira.local,jira.local,DELETE,/api/2/issuetype/{id},,,w,high,rule4 delete issue type definition,2,w,floor,x-pile,ok
1067,W,jira.local,jira.local,DELETE,/api/2/issuetype/{issueTypeId}/properties/{propertyKey},,,w,high,remove own issue type property,2,w,yours-noun,evidence,ok
1068,W,jira.local,jira.local,DELETE,/api/2/project/{projectIdOrKey}/role/{id},deleteActor,,x,high,rule4 remove actor from role,2,w,floor,x-pile,LEAK
1069,W,jira.local,jira.local,DELETE,/api/2/universal_avatar/type/{type}/owner/{owningObjectId}/avatar/{id},,,w,high,rule2 delete plain avatar detail,2,w,yours-noun,evidence,ok
1070,W,jira.local,jira.local,DELETE,/api/2/user/properties/{propertyKey},,,w,high,rule1 remove own user property,2,w,yours-noun,evidence,ok
1071,W,jira.local,jira.local,DELETE,/api/2/workflowscheme/{id}/issuetype/{issueType},,,w,high,remove mapping from own scheme,2,w,floor,x-pile,ok
1072,W,jira.local,jira.local,DELETE,/auth/1/session,logout,,w,high,rule11 own session logout,2,w,yours-noun,evidence,ok
1073,W,jira.local,jira.local,PUT,/api/2/filter/{id}/columns,,,w,high,set own filter columns,2,w,yours-noun,evidence,ok
1074,W,jira.local,jira.local,PUT,/api/2/issue/{issueIdOrKey}/comment/{id},updateComment,,w,high,update comment content,2,w,yours-noun,evidence,ok
1075,W,jira.local,jira.local,PUT,/api/2/project/{projectIdOrKey}/role/{id},setActors,,x,high,rule4 update role actors,2,w,floor,x-pile,LEAK
1076,W,jira.local,jira.local,PUT,/api/2/project/{projectKeyOrId}/permissionscheme,assignPermissionScheme,,x,high,rule4 assign permission scheme,3,x,other-noun,,ok
1077,W,jira.local,jira.local,PUT,/api/2/role/{id},fullyUpdateProjectRole,,w,high,rule4 role rename no access text,3,x,other-noun,,FALSE-ALARM
1078,W,jira.local,jira.local,PUT,/api/2/screens/{screenId}/tabs/{tabId},renameTab,,w,high,rename own screen tab,3,x,other-noun,,FALSE-ALARM
1079,W,jira.local,jira.local,PUT,/api/2/settings/baseUrl,setBaseURL,,w,high,rule5 set instance base url,2,w,floor,x-pile,ok
1080,W,jira.local,jira.local,PUT,/api/2/user/password,changeUserPassword,,w,low,rule2 own password change unclear scope,3,x,other-noun,,FALSE-ALARM
1081,W,jira.local,jira.local,PUT,/api/2/workflow/api/2/transitions/{id}/properties,updateProperty,,w,high,update own transition property,2,w,yours-noun,evidence,ok
1082,W,jira.local,jira.local,PUT,/api/2/workflowscheme/{id},update,,w,high,update own workflow scheme,2,w,yours-noun,evidence,ok
1083,W,jira.local,jira.local,PUT,/api/2/workflowscheme/{id}/draft,updateDraft,,w,high,update own draft scheme,2,w,yours-noun,evidence,ok
1084,W,jira.local,jira.local,PUT,/api/2/workflowscheme/{id}/draft/default,updateDraftDefault,,w,high,set own draft default,2,w,yours-noun,evidence,ok
1085,W,jira.local,jira.local,PUT,/api/2/workflowscheme/{id}/draft/issuetype/{issueType},setDraftIssueType,,w,high,set own draft issuetype,2,w,floor,x-pile,ok
1086,POST,jirafe.com,,POST,/{siteId}/product,postProduct,Send a product for the given site,w,low,send product unclear if public,3,x,floor,,FALSE-ALARM
1087,W,jumpseller.com,jumpseller.com,DELETE,/customer_categories/{id}/customers.json,,Delete Customers from an existing CustomerCategory.,w,high,remove customers from own category,2,w,yours-noun,evidence,ok
1088,W,jumpseller.com,jumpseller.com,DELETE,/customers/{id}/fields/{field_id},,Delete a Customer Additional Field.,w,high,delete own customer field,2,w,yours-noun,evidence,ok
1089,W,jumpseller.com,jumpseller.com,PUT,/customers/{id}/fields/{field_id},,Update a Customer Additional Field.,w,high,update own customer field,2,w,yours-noun,evidence,ok
1090,W,jumpseller.com,jumpseller.com,PUT,/orders/{id}.json,,Modify an existing Order.,x,high,road1a email sent on change,3,x,other-noun,,ok
1091,W,jumpseller.com,jumpseller.com,PUT,/products/{id}.json,,Modify an existing Product.,w,high,update own product details,2,w,yours-noun,evidence,ok
1092,W,jumpseller.com,jumpseller.com,PUT,/products/{product_id}/fields/{field_id}.json,,Update value of Product Custom Field,w,high,update own product field,2,w,yours-noun,evidence,ok
1093,W,jumpseller.com,jumpseller.com,PUT,/promotions/{id}.json,,Update a Promotion.,w,high,update own promotion,2,w,yours-noun,evidence,ok
1094,W,just-eat.co.uk,just-eat.co.uk,PATCH,/checkout/{tenant}/{checkoutId},,Update Checkout,w,high,update own checkout details,2,w,floor,x-pile,ok
1095,W,just-eat.co.uk,just-eat.co.uk,PUT,/orders/{orderId}/cancel,,Cancel order,x,low,cancel affects live order parties,3,x,live-verb,,ok
1096,W,just-eat.co.uk,just-eat.co.uk,PUT,/orders/{orderId}/deliverystate/atrestauranteta,,Update the driver's estimated time to arrive at the Restaurant,x,high,road1a eta informs restaurant,2,w,floor,x-pile,LEAK
1097,W,just-eat.co.uk,just-eat.co.uk,PUT,/orders/{orderId}/deliverystate/driverlocation,,Update the driver's current location,x,high,road1a location informs restaurant,2,w,floor,x-pile,LEAK
1098,W,just-eat.co.uk,just-eat.co.uk,PUT,/orders/{orderId}/deliverystate/onitsway,,Update order with driver on its way details,x,high,road1a onitsway informs customer,3,x,other-noun,,ok
1099,W,just-eat.co.uk,just-eat.co.uk,PUT,/orders/{orderId}/duedate,,Update order ETA,x,high,road1a eta informs customer,2,w,floor,x-pile,LEAK
1100,W,just-eat.co.uk,just-eat.co.uk,PUT,/orders/{orderId}/ignore,,Ignore order,x,high,road2 one time ignore transition,3,x,other-noun,,ok
1101,W,just-eat.co.uk,just-eat.co.uk,PUT,/restaurant-online-status,,Restaurant Online Status,x,high,rule8 restaurant visibility switch,2,w,floor,x-pile,LEAK
1102,W,keycloak.local,keycloak.local,DELETE,/{realm}/attack-detection/brute-force/users/{userId},,Clear any user login failures for the user   This can release temporary disabled user,x,low,road1b clears user login lockout,3,x,other-noun,,ok
1103,W,keycloak.local,keycloak.local,DELETE,/{realm}/authentication/flows/{id},,Delete an authentication flow,w,high,rule5 delete own auth flow,2,w,yours-noun,evidence,ok
1104,W,keycloak.local,keycloak.local,DELETE,/{realm}/authentication/required-actions/{alias},,Delete required action,w,high,delete own required action,2,w,floor,x-pile,ok
1105,W,keycloak.local,keycloak.local,DELETE,/{realm}/client-scopes/{id},,Delete the client scope,w,high,delete own client scope,2,w,floor,x-pile,ok
1106,W,keycloak.local,keycloak.local,DELETE,/{realm}/clients/{id}/roles/{role-name},,Delete a role by name,w,high,rule4 delete role no access text,3,x,other-noun,,FALSE-ALARM
1107,W,keycloak.local,keycloak.local,DELETE,/{realm}/components/{id},,,w,low,delete own component config,2,w,floor,x-pile,ok
1108,W,keycloak.local,keycloak.local,DELETE,/{realm}/default-default-client-scopes/{clientScopeId},,,w,low,remove default client scope entry,2,w,floor,x-pile,ok
1109,W,keycloak.local,keycloak.local,DELETE,/{realm}/events,,Delete all events,w,high,delete own realm events,2,w,yours-noun,evidence,ok
1110,W,keycloak.local,keycloak.local,DELETE,/{realm}/identity-provider/instances/{alias}/mappers/{id},,Delete a mapper for the identity provider,w,high,delete own identity mapper,2,w,floor,x-pile,ok
1111,W,keycloak.local,keycloak.local,DELETE,/{realm}/users/{id}/groups/{groupId},,,x,high,rule4 remove user from group,3,x,other-noun,,ok
1112,W,keycloak.local,keycloak.local,PUT,/{realm},,"Update the top-level information of the realm   Any user, roles or client information in the representation  will be ignored.",w,high,rule5 update realm settings only,2,w,yours-noun,evidence,ok
1113,W,keycloak.local,keycloak.local,PUT,/{realm}/authentication/config/{id},,Update authenticator configuration,w,high,update own authenticator config,2,w,yours-noun,evidence,ok
1114,W,keycloak.local,keycloak.local,PUT,/{realm}/client-scopes/{id},,Update the client scope,w,high,update own client scope,2,w,floor,x-pile,ok
1115,W,keycloak.local,keycloak.local,PUT,/{realm}/clients/{id},,Update the client,w,high,update own client,2,w,floor,x-pile,ok
1116,W,keycloak.local,keycloak.local,PUT,/{realm}/clients/{id}/optional-client-scopes/{clientScopeId},,,w,low,add optional client scope,2,w,floor,x-pile,ok
1117,W,keycloak.local,keycloak.local,PUT,/{realm}/clients/{id1}/protocol-mappers/models/{id2},,Update the mapper,w,high,update own protocol mapper,2,w,floor,x-pile,ok
1118,W,keycloak.local,keycloak.local,PUT,/{realm}/default-groups/{groupId},,,w,low,configure default groups container,3,x,other-noun,,FALSE-ALARM
1119,W,keycloak.local,keycloak.local,PUT,/{realm}/default-optional-client-scopes/{clientScopeId},,,w,low,configure default optional scopes,2,w,floor,x-pile,ok
1120,W,keycloak.local,keycloak.local,PUT,/{realm}/groups/{id},,"Update group, ignores subgroups.",w,high,rule4 update group definition,3,x,other-noun,,FALSE-ALARM
1121,W,keycloak.local,keycloak.local,PUT,/{realm}/groups/{id}/management/permissions,,Return object stating whether client Authorization permissions have been initialized or not and a reference,x,low,rule4 initializes permission bundle,3,x,other-noun,,ok
1122,W,keycloak.local,keycloak.local,PUT,/{realm}/identity-provider/instances/{alias}/management/permissions,,Return object stating whether client Authorization permissions have been initialized or not and a reference,x,low,rule4 initializes permission bundle,3,x,other-noun,,ok
1123,W,keycloak.local,keycloak.local,PUT,/{realm}/users/{id},,Update the user,w,high,rule2 update user plain details,3,x,other-noun,,FALSE-ALARM
1124,W,keycloak.local,keycloak.local,PUT,/{realm}/users/{id}/credentials/{credentialId}/userLabel,,Update a credential label for a user,w,high,rule2 credential label plain detail,3,x,other-noun,,FALSE-ALARM
1125,W,kubernetes.io,kubernetes.io,DELETE,/api/v1/namespaces/{namespace}/configmaps/{name},deleteCoreV1NamespacedConfigMap,,w,high,delete own configmap,2,w,floor,x-pile,ok
1126,W,kubernetes.io,kubernetes.io,DELETE,/api/v1/namespaces/{namespace}/secrets,deleteCoreV1CollectionNamespacedSecret,,w,high,rule6 delete own secrets,2,w,floor,x-pile,ok
1127,W,kubernetes.io,kubernetes.io,DELETE,/apis/admissionregistration.k8s.io/v1alpha1/validatingadmissionpolicybindings/{name},deleteAdmissionregistrationV1alpha1ValidatingAdmissionPolicyBinding,,w,high,delete own policy binding,2,w,floor,x-pile,ok
1128,W,kubernetes.io,kubernetes.io,DELETE,/apis/apiregistration.k8s.io/v1/apiservices,deleteApiregistrationV1CollectionAPIService,,w,high,delete own apiservices,2,w,floor,x-pile,ok
1129,W,kubernetes.io,kubernetes.io,DELETE,/apis/apps/v1/namespaces/{namespace}/controllerrevisions,deleteAppsV1CollectionNamespacedControllerRevision,,w,high,delete own controllerrevisions,2,w,floor,x-pile,ok
1130,W,kubernetes.io,kubernetes.io,DELETE,/apis/apps/v1/namespaces/{namespace}/daemonsets/{name},deleteAppsV1NamespacedDaemonSet,,w,high,delete own daemonset,2,w,floor,x-pile,ok
1131,W,kubernetes.io,kubernetes.io,DELETE,/apis/events.k8s.io/v1/namespaces/{namespace}/events/{name},deleteEventsV1NamespacedEvent,,w,high,delete own event,2,w,floor,x-pile,ok
1132,W,kubernetes.io,kubernetes.io,DELETE,/apis/internal.apiserver.k8s.io/v1alpha1/storageversions/{name},deleteInternalApiserverV1alpha1StorageVersion,,w,high,delete own storageversion,2,w,floor,x-pile,ok
1133,W,kubernetes.io,kubernetes.io,DELETE,/apis/rbac.authorization.k8s.io/v1/namespaces/{namespace}/roles,deleteRbacAuthorizationV1CollectionNamespacedRole,,w,high,rule4 delete roles no access text,3,x,other-noun,,FALSE-ALARM
1134,W,kubernetes.io,kubernetes.io,DELETE,/apis/storage.k8s.io/v1/namespaces/{namespace}/csistoragecapacities,deleteStorageV1CollectionNamespacedCSIStorageCapacity,,w,high,delete own storage capacities,2,w,floor,x-pile,ok
1135,W,kubernetes.io,kubernetes.io,DELETE,/apis/storage.k8s.io/v1/volumeattachments/{name},deleteStorageV1VolumeAttachment,,w,high,delete own volumeattachment,2,w,floor,x-pile,ok
1136,W,kubernetes.io,kubernetes.io,PATCH,/api/v1/namespaces/{namespace}/pods/{name}/proxy,connectCoreV1PatchNamespacedPodProxy,,w,low,proxy connect to own pod,2,w,floor,x-pile,ok
1137,W,kubernetes.io,kubernetes.io,PATCH,/apis/apps/v1/namespaces/{namespace}/statefulsets/{name}/status,patchAppsV1NamespacedStatefulSetStatus,,w,high,update own statefulset status,2,w,floor,x-pile,ok
1138,W,kubernetes.io,kubernetes.io,PATCH,/apis/flowcontrol.apiserver.k8s.io/v1beta2/flowschemas/{name}/status,patchFlowcontrolApiserverV1beta2FlowSchemaStatus,,w,high,update own flowschema status,2,w,floor,x-pile,ok
1139,W,kubernetes.io,kubernetes.io,PATCH,/apis/networking.k8s.io/v1/namespaces/{namespace}/ingresses/{name},patchNetworkingV1NamespacedIngress,,w,high,update own ingress,2,w,floor,x-pile,ok
1140,W,kubernetes.io,kubernetes.io,PUT,/api/v1/namespaces/{namespace}/persistentvolumeclaims/{name},replaceCoreV1NamespacedPersistentVolumeClaim,,w,high,replace own pvc,2,w,floor,x-pile,ok
1141,W,kubernetes.io,kubernetes.io,PUT,/api/v1/namespaces/{namespace}/pods/{name},replaceCoreV1NamespacedPod,,w,high,replace own pod,2,w,floor,x-pile,ok
1142,W,kubernetes.io,kubernetes.io,PUT,/api/v1/namespaces/{namespace}/secrets/{name},replaceCoreV1NamespacedSecret,,w,high,rule6 replace own secret,2,w,floor,x-pile,ok
1143,W,kubernetes.io,kubernetes.io,PUT,/api/v1/namespaces/{namespace}/services/{name},replaceCoreV1NamespacedService,,w,high,replace own service,2,w,floor,x-pile,ok
1144,W,kubernetes.io,kubernetes.io,PUT,/apis/apiregistration.k8s.io/v1/apiservices/{name},replaceApiregistrationV1APIService,,w,high,replace own apiservice,2,w,floor,x-pile,ok
1145,W,kubernetes.io,kubernetes.io,PUT,/apis/certificates.k8s.io/v1/certificatesigningrequests/{name}/approval,replaceCertificatesV1CertificateSigningRequestApproval,,x,low,road1b csr approval grants cert,3,x,other-noun,,ok
1146,W,kubernetes.io,kubernetes.io,PUT,/apis/flowcontrol.apiserver.k8s.io/v1beta3/flowschemas/{name}/status,replaceFlowcontrolApiserverV1beta3FlowSchemaStatus,,w,high,replace own flowschema status,2,w,floor,x-pile,ok
1147,W,kubernetes.io,kubernetes.io,PUT,/apis/networking.k8s.io/v1/namespaces/{namespace}/networkpolicies/{name}/status,replaceNetworkingV1NamespacedNetworkPolicyStatus,,w,high,replace own networkpolicy status,2,w,floor,x-pile,ok
1148,W,launchdarkly.com,launchdarkly.com,DELETE,/flags/{projectKey}/{featureFlagKey},deleteFeatureFlag,Delete a feature flag in all environments. Be careful-- only delete feature flags that are no longer being used by your application.,w,high,delete own feature flag,2,w,yours-noun,evidence,ok
1149,W,launchdarkly.com,launchdarkly.com,PATCH,/roles/{customRoleKey},patchCustomRole,Modify a custom role by key.,w,high,rule4 modify role no access text,3,x,other-noun,,FALSE-ALARM
1150,POST,libretranslate.local,,POST,/translate,,Translate text from a language to another,r,high,translate text no state change,3,x,floor,,OVER-TIGHT
1151,POST,libretranslate.local,,POST,/translate_file,,Translate file from a language to another,r,high,translate file no state change,3,x,floor,,OVER-TIGHT
1152,W,linode.com,linode,DELETE,/account/payment-methods/{paymentMethodId},deletePaymentMethod,Payment Method Delete,w,high,rule10 deactivate own payment method,3,x,other-noun,,FALSE-ALARM
1153,W,linode.com,linode,DELETE,/databases/mongodb/instances/{instanceId}/backups/{backupId},deleteDatabaseMongoDBInstanceBackup,Managed MongoDB Database Backup Delete,w,high,delete own database backup,3,x,other-noun,,FALSE-ALARM
1154,W,linode.com,linode,DELETE,/databases/mysql/instances/{instanceId}/backups/{backupId},deleteDatabaseMySQLInstanceBackup,Managed MySQL Database Backup Delete,w,high,delete own database backup,3,x,other-noun,,FALSE-ALARM
1155,W,linode.com,linode,DELETE,/domains/{domainId},deleteDomain,Domain Delete,w,high,rule6 delete own dns domain,2,w,yours-noun,evidence,ok
1156,W,linode.com,linode,DELETE,/linode/instances/{linodeId},deleteLinodeInstance,Linode Delete,w,high,rule6 delete own server severity not test,2,w,floor,x-pile,ok
1157,W,linode.com,linode,DELETE,/lke/clusters/{clusterId}/kubeconfig,deleteLKEClusterKubeconfig,Kubeconfig Delete,w,high,rule6 regenerate own kubeconfig,2,w,floor,x-pile,ok
1158,W,linode.com,linode,DELETE,/lke/clusters/{clusterId}/nodes/{nodeId},deleteLKEClusterNode,Node Delete,w,high,delete own cluster node,2,w,floor,x-pile,ok
1159,W,linode.com,linode,DELETE,/lke/clusters/{clusterId}/pools/{poolId},deleteLKENodePool,Node Pool Delete,w,high,delete own node pool,2,w,floor,x-pile,ok
1160,W,linode.com,linode,DELETE,/nodebalancers/{nodeBalancerId},deleteNodeBalancer,NodeBalancer Delete,w,high,delete own nodebalancer,2,w,yours-noun,evidence,ok
1161,W,linode.com,linode,DELETE,/nodebalancers/{nodeBalancerId}/configs/{configId},deleteNodeBalancerConfig,Config Delete,w,high,delete own nodebalancer config,2,w,yours-noun,evidence,ok
1162,W,linode.com,linode,DELETE,/profile/sshkeys/{sshKeyId},deleteSSHKey,SSH Key Delete,w,high,rule6 delete own ssh key,2,w,floor,x-pile,ok
1163,W,linode.com,linode,DELETE,/profile/tokens/{tokenId},deletePersonalAccessToken,Personal Access Token Revoke,w,high,rule6 revoke own access token,2,w,floor,x-pile,ok
1164,W,linode.com,linode,PUT,/account/users/{username},updateUser,User Update,x,high,road1b restricted status changes access,3,x,other-noun,,ok
1165,W,linode.com,linode,PUT,/databases/mysql/instances/{instanceId},putDatabasesMySQLInstance,Managed MySQL Database Update,w,high,update own database config,2,w,floor,x-pile,ok
1166,W,linode.com,linode,PUT,/domains/{domainId},updateDomain,Domain Update,w,high,rule6 update own dns domain,2,w,yours-noun,evidence,ok
1167,W,linode.com,linode,PUT,/linode/stackscripts/{stackscriptId},updateStackScript,StackScript Update,x,low,rule8 possible public visibility switch,2,w,floor,x-pile,LEAK
1168,W,linode.com,linode,PUT,/managed/credentials/{credentialId},updateManagedCredential,Managed Credential Update,w,high,relabel own credential only,2,w,floor,x-pile,ok
1169,W,linode.com,linode,PUT,/managed/services/{serviceId},updateManagedService,Managed Service Update,w,high,update own managed service,2,w,floor,x-pile,ok
1170,W,linode.com,linode,PUT,/networking/firewalls/{firewallId}/rules,updateFirewallRules,Firewall Rules Update,w,high,update own firewall rules,2,w,yours-noun,evidence,ok
1171,W,linode.com,linode,PUT,/nodebalancers/{nodeBalancerId},updateNodeBalancer,NodeBalancer Update,w,high,update own nodebalancer,2,w,yours-noun,evidence,ok
1172,W,linode.com,linode,PUT,/nodebalancers/{nodeBalancerId}/configs/{configId}/nodes/{nodeId},updateNodeBalancerNode,Node Update,w,high,update own nodebalancer node,2,w,yours-noun,evidence,ok
1173,W,linode.com,linode,PUT,/profile,updateProfile,Profile Update,w,high,rule2 update own profile,2,w,floor,x-pile,ok
1174,W,linode.com,linode,PUT,/profile/tokens/{tokenId},updatePersonalAccessToken,Personal Access Token Update,w,high,rule6 update own access token,2,w,floor,x-pile,ok
1175,POST,ljaero.com,,POST,/us/v1/aerodromes/route-query,aerodromes_by_route_us_v1_aerodromes_route_query_post,Retrieve aerodromes found along a route.,r,high,route query no state change,3,x,floor,,OVER-TIGHT
1176,POST,ljaero.com,,POST,/us/v1/airspace/polygon-query,asp_by_poly_us_v1_airspace_polygon_query_post,Retrieve all requested types of airspace located within given GeoJSON Polygon.,r,high,polygon query no state change,3,x,floor,,OVER-TIGHT
1177,POST,ljaero.com,,POST,/us/v1/obstacles/distance-query,obstacles_by_distance_us_v1_obstacles_distance_query_post,Retrieve obstacles within given distance of location.,r,high,distance query no state change,3,x,floor,,OVER-TIGHT
1178,POST,ljaero.com,,POST,/us/v1/obstacles/polygon-query,obstacles_by_poly_us_v1_obstacles_polygon_query_post,Retrieve obstacles located within given area.,r,high,polygon query no state change,3,x,floor,,OVER-TIGHT
1179,POST,ljaero.com,,POST,/us/v1/restrictions/distance-query,tfr_by_distance_us_v1_restrictions_distance_query_post,Retrieve flight restrictions applicable within given distance of location.,r,high,distance query no state change,3,x,floor,,OVER-TIGHT
1180,POST,ljaero.com,,POST,/us/v1/restrictions/route-query,tfr_by_route_us_v1_restrictions_route_query_post,Retrieve flight restrictions applicable along route.,r,high,route query no state change,3,x,floor,,OVER-TIGHT
1181,POST,ljaero.com,,POST,/us/v1/ssa/route-query,ssa_by_route_us_v1_ssa_route_query_post,Retrieve all special security areas traversed by route.,r,high,route query no state change,3,x,floor,,OVER-TIGHT
1182,POST,ljaero.com,,POST,/us/v1/wx-forecast/polygon-query,wx_by_poly_us_v1_wx_forecast_polygon_query_post,Retrieve forecast values within given GeoJSON polygon for all requested weather elements and time periods.,r,high,polygon query no state change,3,x,floor,,OVER-TIGHT
1183,W,loket.nl,loket.nl,DELETE,/providers/employers/contractcodes/{contractCodeId},DeleteContractCodeByContractCodeId,Delete a contract code record,w,high,delete own contract code,2,w,yours-noun,evidence,ok
1184,W,loket.nl,loket.nl,DELETE,/providers/employers/employees/children/{childId},DeleteChildByChildId,Delete a specific child record,w,high,rule1 delete own child record,2,w,yours-noun,evidence,ok
1185,W,loket.nl,loket.nl,DELETE,/providers/employers/employees/employments/{employmentId}/documents/{documentId}/signature,DeleteSignatureByEmploymentIdAndDocumentId,Delete signature - Employment,w,high,delete own signature process,2,w,floor,x-pile,ok
1186,W,loket.nl,loket.nl,DELETE,/providers/employers/employees/employments/basesforemploymentfundcalculation/{baseforemploymentfundcalculationId},DeleteBaseForEmploymentFundCalculationByBaseForEmploymentFundCalculationId,Delete a specific record,w,high,delete own calculation record,3,x,other-noun,,FALSE-ALARM
1187,W,loket.nl,loket.nl,DELETE,/providers/employers/employees/employments/pensionbenefits/{pensionBenefitId},DeletePensionBenefitByPensionBenefitId,Delete a pension benefit record,w,high,rule1 delete own benefit record,3,x,other-noun,,FALSE-ALARM
1188,W,loket.nl,loket.nl,DELETE,/providers/employers/users/{userId},DeleteEmployerUserByUserId,Delete a specific user record,x,high,rule2 delete user account removes access,3,x,other-noun,,ok
1189,W,loket.nl,loket.nl,DELETE,/providers/employers/users/{userId}/integrations/{applicationId},DeleteEmployerUserIntegrationByUserIdAndApplicationId,Delete an integration,w,high,delete own integration,3,x,other-noun,,FALSE-ALARM
1190,W,loket.nl,loket.nl,PATCH,/providers/employers/{employerId}/employees/selfservice,PatchEmployeeSelfServiceAccessByEmployerId,Change the ESS access for several employees,x,high,explicit ess access changed rule,2,w,floor,x-pile,LEAK
1191,W,loket.nl,loket.nl,PATCH,/providers/employers/employees/{employeeId}/revokeEmployeeSelfServiceAccess,PatchRevokeEmployeeSelfServiceAccessByEmployeeId,Set the date on which to revoke ESS access,x,high,explicit revoke ess access,3,x,live-verb,,ok
1192,W,loket.nl,loket.nl,PATCH,/providers/employers/employees/employments/{employmentId}/employeeprofile,PatchEmployeeProfileByEmploymentId,Activate employee profile for the employment,w,high,own profile calculation activation,2,w,floor,x-pile,ok
1193,W,loket.nl,loket.nl,PATCH,/providers/employers/employees/employments/{employmentId}/leavepolicies,PatchLeavePoliciesByEmploymentId,Link or unlink leave policies for the employment,w,high,link own leave policies,2,w,floor,x-pile,ok
1194,W,loket.nl,loket.nl,PATCH,/providers/employers/employees/selfservice,PatchEmployeeSelfServiceAccessByEmployeeId,Change the employee's self service (ESS) access,x,high,explicit ess access changed,2,w,floor,x-pile,LEAK
1195,W,loket.nl,loket.nl,PATCH,/providers/employers/payrollAdministrations/{payrollAdministrationId}/mdvNotifications,PatchMdvNotificationsByPayrollAdministrationId,MDV notifications,w,low,mdv notification setting unclear,2,w,floor,x-pile,ok
1196,W,loket.nl,loket.nl,PATCH,/providers/employers/payrolladministrations/payrolltaxreturns/{messageReference},PatchPayrollTaxReturnByMessageReference,Change the status of payroll tax returns,x,low,tax return status may notify authority,3,x,other-noun,,ok
1197,W,loket.nl,loket.nl,PUT,/providers/employers/{employerId}/documents/authorizations,PutDossierAuthorizationsByEmployerId,Edit the authorization matrix,x,high,rule4 authorization matrix is access bundle,3,x,other-noun,,ok
1198,W,loket.nl,loket.nl,PUT,/providers/employers/employees/contacts/{contactId},PutContactByContactId,Edit a contact,w,high,edit own contact record,2,w,yours-noun,evidence,ok
1199,W,loket.nl,loket.nl,PUT,/providers/employers/employees/customfields/{employeeCustomFieldId},PutEmployeeCustomFieldByEmployeeCustomFieldId,Edit an employee custom field record,w,high,edit own custom field,2,w,yours-noun,evidence,ok
1200,W,loket.nl,loket.nl,PUT,/providers/employers/employees/employments/{employmentId},PutEmploymentByEmploymentId,Edit the details of an employment,w,high,edit own employment details,2,w,floor,x-pile,ok
1201,W,loket.nl,loket.nl,PUT,/providers/employers/employees/employments/basesforcalculation/{baseforcalculationId},PutBaseForCalculationByBaseForCalculationId,Change the properties of a base for calculation,w,high,rule4 own definition base for calculation,2,w,floor,x-pile,ok
1202,W,loket.nl,loket.nl,PUT,/providers/employers/employees/employments/benefitsAndDeductions/{benefitsanddeductionsId},PutBenefitsAndDeductionsByBenefitsAndDeductionsId,Edit the details of a benefit or deduction record,w,high,rule4 own definition benefit record,3,x,other-noun,,FALSE-ALARM
1203,W,loket.nl,loket.nl,PUT,/providers/employers/employees/employments/socialsecurityconfigurations/{socialSecurityConfigurationId},PutSocialSecurityConfigurationBySocialSecurityConfigurationId,Edit the details of a social security record,w,high,rule4 own definition social security config,3,x,other-noun,,FALSE-ALARM
1204,W,loket.nl,loket.nl,PUT,/providers/employers/functions/{functionId},PutFunctionByFunctionId,Edit the details of a function,w,high,rule4 own definition function,2,w,yours-noun,evidence,ok
1205,W,loket.nl,loket.nl,PUT,/providers/employers/workflows/{workflowId},PutWorkflowByWorkflowId,Change the workflow,w,high,rule4 own definition workflow,2,w,yours-noun,evidence,ok
1206,POST,lumminary.com,,POST,/products/{productId}/authorizations/{authorizationId}/credentials,post_authorization_result_credentials,Provide a result for the authorization,w,low,unclear reach provide authorization credentials,3,x,floor,,FALSE-ALARM
1207,W,magento.com,magento.com,DELETE,/V1/bundle-products/{sku}/options/{optionId},bundleProductOptionRepositoryV1DeleteByIdDelete,bundle-products/{sku}/options/{optionId},w,high,own catalog record bundle option,2,w,floor,x-pile,ok
1208,W,magento.com,magento.com,DELETE,/V1/carts/{cartId}/giftCards/{giftCardCode},,carts/{cartId}/giftCards/{giftCardCode},w,high,own cart giftcard removal,2,w,floor,x-pile,ok
1209,W,magento.com,magento.com,DELETE,/V1/carts/mine/coupons,quoteCouponManagementV1RemoveDelete,carts/mine/coupons,w,high,own cart coupon removal,3,x,other-noun,,FALSE-ALARM
1210,W,magento.com,magento.com,DELETE,/V1/categories/{categoryId}/products/{sku},catalogCategoryLinkRepositoryV1DeleteByIdsDelete,categories/{categoryId}/products/{sku},w,high,own catalog category assignment removal,2,w,yours-noun,evidence,ok
1211,W,magento.com,magento.com,DELETE,/V1/guest-carts/{cartId}/coupons,quoteGuestCouponManagementV1RemoveDelete,guest-carts/{cartId}/coupons,w,high,own guest cart coupon removal,3,x,other-noun,,FALSE-ALARM
1212,W,magento.com,magento.com,DELETE,/V1/products/{sku}/group-prices/{customerGroupId}/tiers/{qty},catalogProductTierPriceManagementV1RemoveDelete,products/{sku}/group-prices/{customerGroupId}/tiers/{qty},w,high,own product tier price removal,3,x,other-noun,,FALSE-ALARM
1213,W,magento.com,magento.com,DELETE,/V1/products/{sku}/options/{optionId},catalogProductCustomOptionRepositoryV1DeleteByIdentifierDelete,products/{sku}/options/{optionId},w,high,own product option removal,2,w,floor,x-pile,ok
1214,W,magento.com,magento.com,DELETE,/V1/products/{sku}/websites/{websiteId},catalogProductWebsiteLinkRepositoryV1DeleteByIdDelete,products/{sku}/websites/{websiteId},w,high,own product website link removal,2,w,floor,x-pile,ok
1215,W,magento.com,magento.com,DELETE,/V1/products/attributes/{attributeCode},catalogProductAttributeRepositoryV1DeleteByIdDelete,products/attributes/{attributeCode},w,high,own product attribute deletion,2,w,floor,x-pile,ok
1216,W,magento.com,magento.com,DELETE,/V1/taxRules/{ruleId},taxTaxRuleRepositoryV1DeleteByIdDelete,taxRules/{ruleId},w,high,own tax rule deletion,2,w,floor,x-pile,ok
1217,W,magento.com,magento.com,DELETE,/V1/team/{teamId},companyTeamRepositoryV1DeleteByIdDelete,team/{teamId},w,high,rule4 own team definition deletion,3,x,other-noun,,FALSE-ALARM
1218,W,magento.com,magento.com,PUT,/V1/carts/{cartId}/giftCards,giftCardAccountGiftCardAccountManagementV1SaveByQuoteIdPut,carts/{cartId}/giftCards,w,high,own cart giftcards update,2,w,floor,x-pile,ok
1219,W,magento.com,magento.com,PUT,/V1/carts/{cartId}/selected-payment-method,,carts/{cartId}/selected-payment-method,w,high,rule10 store payment method no charge,3,x,other-noun,,FALSE-ALARM
1220,W,magento.com,magento.com,PUT,/V1/carts/mine,quoteCartRepositoryV1SavePut,carts/mine,w,high,own cart quote save,2,w,floor,x-pile,ok
1221,W,magento.com,magento.com,PUT,/V1/company/role/{id},companyRoleRepositoryV1SavePut,company/role/{id},w,high,rule4 own role definition,3,x,other-noun,,FALSE-ALARM
1222,W,magento.com,magento.com,PUT,/V1/customerGroups/{id},customerGroupRepositoryV1SavePut,customerGroups/{id},w,high,own customer group definition,3,x,other-noun,,FALSE-ALARM
1223,W,magento.com,magento.com,PUT,/V1/customerGroups/default/{id},customerCustomerGroupConfigV1SetDefaultCustomerGroupPut,customerGroups/default/{id},w,high,rule5 admin default config,3,x,other-noun,,FALSE-ALARM
1224,W,magento.com,magento.com,PUT,/V1/customers/{customerId},,customers/{customerId},w,high,rule1 customer record own system,2,w,floor,x-pile,ok
1225,W,magento.com,magento.com,PUT,/V1/customers/me/activate,customerAccountManagementV1ActivateByIdPut,customers/me/activate,w,high,rule2 activate own customer account,2,w,floor,x-pile,ok
1226,W,magento.com,magento.com,PUT,/V1/customers/validate,customerAccountManagementV1ValidatePut,customers/validate,r,high,validate customer data no change,2,w,floor,x-pile,OVER-TIGHT
1227,W,magento.com,magento.com,PUT,/V1/guest-carts/{cartId}/selected-payment-method,quoteGuestPaymentMethodManagementV1SetPut,guest-carts/{cartId}/selected-payment-method,w,high,rule10 store payment method no charge,3,x,other-noun,,FALSE-ALARM
1228,W,magento.com,magento.com,PUT,/V1/orders/create,salesOrderRepositoryV1SavePut,orders/create,w,low,persist order no charge stated,3,x,other-noun,,FALSE-ALARM
1229,W,magento.com,magento.com,PUT,/V1/products/{sku}/media/{entryId},catalogProductAttributeMediaGalleryManagementV1UpdatePut,products/{sku}/media/{entryId},w,high,own product media gallery update,2,w,floor,x-pile,ok
1230,W,maif.local,maif.local,DELETE,/api/services/{serviceId},deleteService,Delete a service descriptor,w,high,own service descriptor deletion,2,w,floor,x-pile,ok
1231,W,maif.local,maif.local,DELETE,/api/services/{serviceId}/apikeys/{clientId}/quotas,resetApiKeyQuotas,Reset the quota state of an api key,w,high,own api key quota reset,2,w,floor,x-pile,ok
1232,W,maif.local,maif.local,PATCH,/api/client-validators/{id},patchClientValidator,Update one validation authorities by id,w,high,rule4 own validator definition,2,w,floor,x-pile,ok
1233,W,maif.local,maif.local,PUT,/api/auths/{id},updateGlobalAuthModule,Update one global auth. module config,w,high,rule5 admin instance auth config,2,w,floor,x-pile,ok
1234,W,maif.local,maif.local,PUT,/api/data-exporter-configs/_bulk,updateBulkDataExporterConfig,Update a data exporter configs,w,high,own exporter config bulk update,2,w,floor,x-pile,ok
1235,W,maif.local,maif.local,PUT,/api/groups/{serviceGroupId},updateGroup,Update a service group,w,high,rule4 own service group definition,3,x,other-noun,,FALSE-ALARM
1236,POST,mandrillapp.com,,POST,/exports/whitelist.json,,,x,high,rule12 triggers export job each call,3,x,floor,,ok
1237,POST,mandrillapp.com,,POST,/ips/check-custom-dns.json,,,r,high,dns validation test,1,r,read-verb,,ok
1238,POST,mandrillapp.com,,POST,/ips/start-warmup.json,,,x,low,rule12 triggers warmup process each call,3,x,floor,,ok
1239,POST,mandrillapp.com,,POST,/messages/cancel-scheduled.json,,,w,high,rule9 cancel own scheduled email,3,x,floor,,FALSE-ALARM
1240,POST,mandrillapp.com,,POST,/messages/list-scheduled.json,,,r,high,query own scheduled emails,1,r,read-verb,,ok
1241,POST,mandrillapp.com,,POST,/metadata/delete.json,,,w,high,delete own custom metadata field,3,x,floor,,FALSE-ALARM
1242,POST,mandrillapp.com,,POST,/rejects/add.json,,,w,high,add to own rejection blacklist,3,x,floor,,FALSE-ALARM
1243,POST,mandrillapp.com,,POST,/senders/check-domain.json,,,w,low,checks and auto adds own domain,1,r,read-verb,,LEAK
1244,POST,mandrillapp.com,,POST,/subaccounts/delete.json,,,w,high,delete own subaccount,3,x,floor,,FALSE-ALARM
1245,POST,mandrillapp.com,,POST,/subaccounts/pause.json,,,w,high,pause own subaccount sending,3,x,floor,,FALSE-ALARM
1246,POST,mandrillapp.com,,POST,/templates/add.json,,,w,high,add own template,3,x,floor,,FALSE-ALARM
1247,POST,mandrillapp.com,,POST,/templates/render.json,,,r,high,render template returns html no change,3,x,floor,,OVER-TIGHT
1248,GET,mbus.local,,GET,/mbus/hat,hat,,r,high,get device hat info,1,r,method,,ok
1249,POST,mbus.local,,POST,/mbus/get/{device}/{baudrate}/{address},get,,r,high,gets data from slave despite post,1,r,read-verb,,ok
1250,GET,mcw.edu,,GET,/agr/affectedGenomicModels/{taxonId},getAffectedGenomicModelsUsingGET,Get affected genomic models (rat strains with gene alleles) submitted by RGD to AGR by taxonId,r,high,get genomic models,1,r,method,,ok
1251,GET,mcw.edu,,GET,/genes/alias/{aliasSymbol}/{speciesTypeKey},getGenesByAliasSymbolUsingGET,Return a list of genes for an alias and species,r,high,get genes by alias,1,r,method,,ok
1252,GET,mcw.edu,,GET,/stats/diff/geneType/{speciesTypeKey}/{dateFromYYYYMMDD}/{dateToYYYYMMDD},getGeneTypeDiffUsingGET,"Count difference of gene types, for specified species and date range",r,high,get gene type stat diff,1,r,method,,ok
1253,GET,mcw.edu,,GET,/strains/{rgdId},getStrainByRgdIdUsingGET,Return a strain by RGD ID,r,high,get strain by rgd id,1,r,method,,ok
1254,POST,mcw.edu,,POST,/annotations/,getAnnotationsUsingPOST,Return a list of genes annotated to an ontology term,r,high,post query returns gene list,1,r,read-verb,,ok
1255,POST,mcw.edu,,POST,/enrichment/annotatedGenes,getEnrichmentDataUsingPOST,Return a list of genes annotated to the term.Genes are rgdids separated by comma.Species type is an integer value.term is the ontology,r,high,post query returns gene list,1,r,read-verb,,ok
1256,POST,mcw.edu,,POST,/enrichment/data,getEnrichmentDataUsingPOST_1,Return a chart of ontology terms annotated to the genes.Genes are rgdids separated by comma.Species type is an integer value.Aspect is the Ontology group,r,high,post query returns chart,1,r,read-verb,,ok
1257,POST,mcw.edu,,POST,/lookup/id/map/GenBankProtein,getGenBankProteinMappingUsingPOST,Translate RGD IDs to GenBank Protein IDs,r,high,translate ids lookup,1,r,read-verb,,ok
1258,POST,mcw.edu,,POST,/lookup/id/map/MGI,getMGIMappingUsingPOST,Translate RGD IDs to MGI IDs,r,high,translate ids lookup,1,r,read-verb,,ok
1259,GET,medium.com,,GET,/article/{article_id}/content,,Get Article's Content,r,high,get article content,1,r,method,,ok
1260,GET,medium.com,,GET,/user/{user_id}/followers,,Get User Followers,r,high,get user followers,1,r,method,,ok
1261,W,meilisearch.com,meilisearch.com,DELETE,/indexes/books/settings/faceting,resetFaceting,Reset faceting,w,high,reset own index facet setting,3,x,other-noun,,FALSE-ALARM
1262,W,meilisearch.com,meilisearch.com,DELETE,/tasks,deleteTasks,Delete tasks,w,high,delete own tasks queue,2,w,yours-noun,evidence,ok
1263,W,meilisearch.com,meilisearch.com,PATCH,/indexes/books/settings,updateSettings,Update settings,w,high,update own index settings,2,w,yours-noun,evidence,ok
1264,W,meilisearch.com,meilisearch.com,PUT,/indexes/books/settings/sortable-attributes,updateSortableAttributes,Update sortable attributes,w,high,update own sortable attributes,2,w,floor,x-pile,ok
1265,W,meraki.com,meraki.com,DELETE,/networks/{networkId}/floorPlans/{floorPlanId},deleteNetworkFloorPlan,Destroy a floor plan,w,high,delete own floor plan,2,w,floor,x-pile,ok
1266,W,meraki.com,meraki.com,DELETE,/networks/{networkId}/pii/requests/{requestId},deleteNetworkPiiRequest,Delete a restrict processing PII request,w,low,delete own pii request record,3,x,other-noun,,FALSE-ALARM
1267,W,meraki.com,meraki.com,DELETE,/networks/{networkId}/sm/targetGroups/{targetGroupId},deleteNetworkSmTargetGroup,Delete a target group from a network,w,high,rule4 own target group container,3,x,other-noun,,FALSE-ALARM
1268,W,meraki.com,meraki.com,DELETE,/networks/{networkId}/switch/settings/qosRules/{qosRuleId},deleteNetworkSwitchSettingsQosRule,Delete a quality of service rule,w,high,delete own qos rule,2,w,floor,x-pile,ok
1269,W,meraki.com,meraki.com,DELETE,/networks/{networkId}/switchStacks/{switchStackId},deleteNetworkSwitchStack,Delete a stack,w,high,delete own switch stack,2,w,floor,x-pile,ok
1270,W,meraki.com,meraki.com,DELETE,/organizations/{organizationId}/admins/{adminId},deleteOrganizationAdmin,Revoke all access for a dashboard administrator within this organization,x,high,road1b revokes administrator access,3,x,live-verb,,ok
1271,W,meraki.com,meraki.com,PUT,/devices/{serial}/cellularGateway/settings/portForwardingRules,updateDeviceCellularGatewaySettingsPortForwardingRules,Updates the port forwarding rules for a single MG.,w,high,update own port forwarding rules,2,w,floor,x-pile,ok
1272,W,meraki.com,meraki.com,PUT,/networks/{network_id}/sm/devices/lock,lockNetworkSmDevices,Lock a set of devices,x,high,road1d locks physical devices in field,3,x,other-noun,,ok
1273,W,meraki.com,meraki.com,PUT,/networks/{networkId}/appliance/firewall/inboundFirewallRules,updateNetworkApplianceFirewallInboundFirewallRules,Update the inbound firewall rules of an MX network,w,high,update own firewall rules,3,x,other-noun,,FALSE-ALARM
1274,W,meraki.com,meraki.com,PUT,/networks/{networkId}/clients/{clientId}/splashAuthorizationStatus,updateNetworkClientSplashAuthorizationStatus,Update a client's splash authorization,x,high,road1b changes client network authorization,3,x,other-noun,,ok
1275,W,meraki.com,meraki.com,PUT,/networks/{networkId}/contentFiltering,updateNetworkContentFiltering,Update the content filtering settings for an MX network,w,high,update own content filtering,2,w,floor,x-pile,ok
1276,W,meraki.com,meraki.com,PUT,/networks/{networkId}/l3FirewallRules,updateNetworkL3FirewallRules,Update the L3 firewall rules of an MX network,w,high,update own l3 firewall rules,2,w,floor,x-pile,ok
1277,W,meraki.com,meraki.com,PUT,/networks/{networkId}/oneToOneNatRules,updateNetworkOneToOneNatRules,Set the 1:1 NAT mapping rules for an MX network,w,high,update own nat mapping rules,2,w,floor,x-pile,ok
1278,W,meraki.com,meraki.com,PUT,/networks/{networkId}/security/malwareSettings,updateNetworkSecurityMalwareSettings,Set the supported malware settings for an MX network,w,high,update own malware settings,3,x,other-noun,,FALSE-ALARM
1279,W,meraki.com,meraki.com,PUT,/networks/{networkId}/siteToSiteVpn,updateNetworkSiteToSiteVpn,Update the site-to-site VPN settings of a network,w,high,update own vpn settings,2,w,floor,x-pile,ok
1280,W,meraki.com,meraki.com,PUT,/networks/{networkId}/sm/device/fields,updateNetworkSmDeviceFields,Modify the fields of a device,w,high,modify own device fields,3,x,other-noun,,FALSE-ALARM
1281,W,meraki.com,meraki.com,PUT,/networks/{networkId}/sm/devices/tags,updateNetworkSmDevicesTags,"Add, delete, or update the tags of a set of devices",w,high,update own device tags,3,x,other-noun,,FALSE-ALARM
1282,W,meraki.com,meraki.com,PUT,/networks/{networkId}/switch/linkAggregations/{linkAggregationId},updateNetworkSwitchLinkAggregation,Update a link aggregation group,w,high,update own link aggregation,3,x,other-noun,,FALSE-ALARM
1283,W,meraki.com,meraki.com,PUT,/networks/{networkId}/vlans/{vlanId},updateNetworkVlan,Update a VLAN,w,high,update own vlan,2,w,floor,x-pile,ok
1284,W,meraki.com,meraki.com,PUT,/organizations/{organizationId}/admins/{adminId},updateOrganizationAdmin,Update an administrator,w,low,update administrator scope unstated,3,x,other-noun,,FALSE-ALARM
1285,W,meraki.com,meraki.com,PUT,/organizations/{organizationId}/insight/monitoredMediaServers/{monitoredMediaServerId},updateOrganizationInsightMonitoredMediaServer,Update a monitored media server for this organization,w,high,update own monitored media server,3,x,other-noun,,FALSE-ALARM
1286,W,meraki.com,meraki.com,PUT,/organizations/{organizationId}/samlRoles/{samlRoleId},updateOrganizationSamlRole,Update a SAML role,w,high,rule4 role definition no access text,3,x,other-noun,,FALSE-ALARM
1287,W,meraki.com,meraki.com,PUT,/organizations/{organizationId}/vpnFirewallRules,updateOrganizationVpnFirewallRules,Update the firewall rules of an organization's site-to-site VPN,w,high,update own vpn firewall rules,3,x,other-noun,,FALSE-ALARM
1288,GET,mercedes-benz.com,,GET,/markets/{marketId}/models/{modelId}/configurations/{configurationId}/images/components/engine,imageComponentsEngineGET,,r,high,get engine image url,1,r,method,,ok
1289,POST,mercedes-benz.com,,POST,/vehicles/{vehicleId}/dtcReadouts,getDtcDataListByEcuUsingPOST,View the List of DTCs for specific vehicleId.,x,high,rule12 creates readout job each call,1,r,read-verb,,LEAK
1290,POST,mercure.local,,POST,/.well-known/mercure,,Publish an update,x,high,road1a publish update,3,x,floor,,ok
1291,POST,mermade.org.uk,,POST,/validate,validate,Validate an OpenAPI 3.0.x definition supplied in the body of the request,r,high,validate openapi definition,3,x,floor,,OVER-TIGHT
1292,POST,miataru.com,,POST,/GetVisitorHistory,getVisitorHistory,,r,high,read stored visitor history,1,r,read-verb,,ok
1293,POST,miataru.com,,POST,/UpdateLocation,updateLocation,,w,high,update own device location record,3,x,floor,,FALSE-ALARM
1294,W,microsoft.com,microsoft.com,DELETE,/deviceManagement/userExperienceAnalyticsDeviceScope,deviceManagement.DeleteUserExperienceAnalyticsDeviceScope,Delete navigation property userExperienceAnalyticsDeviceScope for deviceManagement,w,high,delete own nav property scope,3,x,other-noun,,FALSE-ALARM
1295,W,microsoft.com,microsoft.com,DELETE,/deviceManagement/virtualEndpoint/organizationSettings,deviceManagement.virtualEndpoint.DeleteOrganizationSettings,Delete navigation property organizationSettings for deviceManagement,w,high,delete own org settings,3,x,other-noun,,FALSE-ALARM
1296,W,microsoft.com,microsoft.com,DELETE,/groups/{group-id}/calendarView/{event-id}/instances/{event-id1}/exceptionOccurrences/{event-id2}/attachments/{attachment-id},groups.calendarView.instances.exceptionOccurrences.DeleteAttachments,Delete navigation property attachments for groups,w,high,delete own attachment cascade own event,3,x,other-noun,,FALSE-ALARM
1297,W,microsoft.com,microsoft.com,DELETE,/groups/{group-id}/onenote/sections/{onenoteSection-id},groups.onenote.DeleteSections,Delete navigation property sections for groups,w,high,delete own onenote section,3,x,other-noun,,FALSE-ALARM
1298,W,microsoft.com,microsoft.com,DELETE,/groups/{group-id}/team/schedule/offerShiftRequests/{offerShiftRequest-id},groups.team.schedule.DeleteOfferShiftRequests,Delete navigation property offerShiftRequests for groups,w,high,delete own shift request record,3,x,other-noun,,FALSE-ALARM
1299,W,microsoft.com,microsoft.com,DELETE,/groups/{group-id}/team/schedule/openShifts/{openShift-id},groups.team.schedule.DeleteOpenShifts,Delete navigation property openShifts for groups,w,high,delete own open shift definition,3,x,other-noun,,FALSE-ALARM
1300,W,microsoft.com,microsoft.com,DELETE,/identityGovernance/accessReviews/decisions/{accessReviewInstanceDecisionItem-id}/instance,identityGovernance.accessReviews.decisions.DeleteInstance,Delete navigation property instance for identityGovernance,w,low,delete own review decision instance record,3,x,other-noun,,FALSE-ALARM
1301,W,microsoft.com,microsoft.com,DELETE,/onPremisesPublishingProfiles/{onPremisesPublishingProfile-id}/agentGroups/{onPremisesAgentGroup-id}/agents/{onPremisesAgent-id}/agentGroups/{onPremisesAgentGroup-id1}/$ref,onPremisesPublishingProfiles.agentGroups.agents.DeleteRefAgentGroups,Delete ref of navigation property agentGroups for onPremisesPublishingProfiles,w,high,delete own agent group ref,3,x,live-verb,,FALSE-ALARM
1302,W,microsoft.com,microsoft.com,DELETE,/roleManagement/entitlementManagement/roleDefinitions/{unifiedRoleDefinition-id},roleManagement.entitlementManagement.DeleteRoleDefinitions,Delete navigation property roleDefinitions for roleManagement,w,low,delete role definition no access text,3,x,other-noun,,FALSE-ALARM
1303,W,microsoft.com,microsoft.com,DELETE,/sites/{site-id}/termStores/{store-id}/sets/{set-id}/parentGroup/sets/{set-id1}/children/{term-id}/children/{term-id1},sites.termStores.sets.parentGroup.sets.children.DeleteChildren,Delete navigation property children for sites,w,high,delete own taxonomy term,3,x,other-noun,,FALSE-ALARM
1304,W,microsoft.com,microsoft.com,DELETE,/teamwork/teamTemplates/{teamTemplate-id}/definitions/{teamTemplateDefinition-id}/teamDefinition/members/{conversationMember-id},teamwork.teamTemplates.definitions.teamDefinition.DeleteMembers,Delete navigation property members for teamwork,x,low,rule4 remove member from team,3,x,other-noun,,ok
1305,W,microsoft.com,microsoft.com,DELETE,/users/{user-id}/calendar/events/{event-id}/instances/{event-id1}/exceptionOccurrences/{event-id2}/singleValueExtendedProperties/{singleValueLegacyExtendedProperty-id},users.calendar.events.instances.exceptionOccurrences.DeleteSingleValueExtendedProperties,Delete navigation property singleValueExtendedProperties for users,w,high,delete own extended property,3,x,other-noun,,FALSE-ALARM
1306,W,microsoft.com,microsoft.com,DELETE,/users/{user-id}/contacts/{contact-id}/singleValueExtendedProperties/{singleValueLegacyExtendedProperty-id},users.contacts.DeleteSingleValueExtendedProperties,Delete navigation property singleValueExtendedProperties for users,w,high,delete own contact property,3,x,other-noun,,FALSE-ALARM
1307,W,microsoft.com,microsoft.com,PATCH,/communications/onlineMeetings/{onlineMeeting-id}/transcripts/{callTranscript-id},communications.onlineMeetings.UpdateTranscripts,Update the navigation property transcripts in communications,w,high,update own meeting transcript,3,x,other-noun,,FALSE-ALARM
1308,W,microsoft.com,microsoft.com,PATCH,/deviceManagement/userExperienceAnalyticsDeviceStartupProcesses/{userExperienceAnalyticsDeviceStartupProcess-id},deviceManagement.UpdateUserExperienceAnalyticsDeviceStartupProcesses,Update the navigation property userExperienceAnalyticsDeviceStartupProcesses in deviceManagement,w,high,update own analytics data,3,x,other-noun,,FALSE-ALARM
1309,W,microsoft.com,microsoft.com,PATCH,/groups/{group-id}/sites/{site-id}/termStores/{store-id}/groups/{group-id1}/sets/{set-id}/parentGroup,groups.sites.termStores.groups.sets.UpdateParentGroup,Update the navigation property parentGroup in groups,w,high,update own taxonomy parent group,3,x,other-noun,,FALSE-ALARM
1310,W,microsoft.com,microsoft.com,PATCH,/me/contactFolders/{contactFolder-id}/contacts/{contact-id}/multiValueExtendedProperties/{multiValueLegacyExtendedProperty-id},me.contactFolders.contacts.UpdateMultiValueExtendedProperties,Update the navigation property multiValueExtendedProperties in me,w,high,update own contact property,2,w,floor,x-pile,ok
1311,W,microsoft.com,microsoft.com,PATCH,/me/planner/plans/{plannerPlan-id}/tasks/{plannerTask-id},me.planner.plans.UpdateTasks,Update the navigation property tasks in me,w,high,update own planner task,2,w,floor,x-pile,ok
1312,W,microsoft.com,microsoft.com,PATCH,/organization/{organization-id}/settings/microsoftApplicationDataAccess,organization.settings.UpdateMicrosoftApplicationDataAccess,Update microsoftApplicationDataAccessSettings,w,low,admin instance wide data access policy,3,x,other-noun,,FALSE-ALARM
1313,W,microsoft.com,microsoft.com,PATCH,/security/threatSubmission/fileThreats/{fileThreatSubmission-id},security.threatSubmission.UpdateFileThreats,Update the navigation property fileThreats in security,w,high,update own threat submission,3,x,other-noun,,FALSE-ALARM
1314,W,microsoft.com,microsoft.com,PATCH,/teamTemplateDefinition/{teamTemplateDefinition-id}/teamDefinition/primaryChannel/messages/{chatMessage-id}/hostedContents/{chatMessageHostedContent-id},teamTemplateDefinition.teamDefinition.primaryChannel.messages.UpdateHostedContents,Update the navigation property hostedContents in teamTemplateDefinition,w,high,edit existing hosted content no send,3,x,other-noun,,FALSE-ALARM
1315,W,microsoft.com,microsoft.com,PATCH,/termStore/groups/{group-id},termStore.UpdateGroups,Update the navigation property groups in termStore,w,high,update own taxonomy group,3,x,other-noun,,FALSE-ALARM
1316,W,microsoft.com,microsoft.com,PATCH,/users/{user-id}/appConsentRequestsForApproval/{appConsentRequest-id}/userConsentRequests/{userConsentRequest-id},users.appConsentRequestsForApproval.UpdateUserConsentRequests,Update the navigation property userConsentRequests in users,x,low,approve another users app consent request,3,x,other-noun,,ok
1317,W,mist.com,mist.com,DELETE,/api/v1/orgs/{org_id}/aptemplates/{aptemplate_id},deleteOrgAptemplate,deleteOrgAptemplate,w,high,delete own ap template,3,x,other-noun,,FALSE-ALARM
1318,W,mist.com,mist.com,DELETE,/api/v1/orgs/{org_id}/deviceprofiles/{deviceprofile_id},deleteOrgDeviceProfile,deleteOrgDeviceProfile,w,high,delete own device profile,3,x,other-noun,,FALSE-ALARM
1319,W,mist.com,mist.com,DELETE,/api/v1/orgs/{org_id}/gatewaytemplates/{gatewaytemplate_id},deleteOrgGatewayTemplate,deleteOrgGatewayTemplate,w,high,delete own gateway template,3,x,other-noun,,FALSE-ALARM
1320,W,mist.com,mist.com,DELETE,/api/v1/orgs/{org_id}/secpolicies/{secpolicy_id},deleteOrgSecPolicy,deleteOrgSecPolicy,w,high,delete own security policy,3,x,other-noun,,FALSE-ALARM
1321,W,mist.com,mist.com,DELETE,/api/v1/orgs/{org_id}/setting/blacklist,deleteOrgClientsBlocklist,deleteOrgClientsBlocklist,w,high,delete own blocklist,3,x,other-noun,,FALSE-ALARM
1322,W,mist.com,mist.com,DELETE,/api/v1/orgs/{org_id}/sitetemplates/{sitetemplate_id},deleteOrgSiteTemplate,deleteOrgSiteTemplate,w,high,delete own site template,3,x,other-noun,,FALSE-ALARM
1323,W,mist.com,mist.com,DELETE,/api/v1/orgs/{org_id}/vpns/{vpn_id},deleteOrgVpn,deleteOrgVpn,w,high,delete own vpn,3,x,other-noun,,FALSE-ALARM
1324,W,mist.com,mist.com,DELETE,/api/v1/sites/{site_id}/beacons/{beacon_id},deleteSiteBeacons,deleteSiteBeacons,w,high,delete own beacon,2,w,floor,x-pile,ok
1325,W,mist.com,mist.com,DELETE,/api/v1/sites/{site_id}/devices/{device_id},deleteSiteDevice,deleteSiteDevice,w,high,delete own device,2,w,floor,x-pile,ok
1326,W,mist.com,mist.com,DELETE,/api/v1/sites/{site_id}/maps/{map_id}/auto_orient,deleteSiteApAutoOrientation,deleteSiteApAutoOrientation,w,high,rule9 stop own auto placement,2,w,floor,x-pile,ok
1327,W,mist.com,mist.com,DELETE,/api/v1/sites/{site_id}/maps/{map_id}/image,deleteSiteMapImage,deleteSiteMapImage,w,high,delete own map image,2,w,yours-noun,evidence,ok
1328,W,mist.com,mist.com,DELETE,/api/v1/sites/{site_id}/rfdiags/{rfdiag_id},deleteSiteRfdiagRecording,deleteSiteRfdiagRecording,w,high,delete own recording,2,w,floor,x-pile,ok
1329,W,mist.com,mist.com,DELETE,/api/v1/sites/{site_id}/setting/whitelist,deleteSiteClientsAllowlist,deleteSiteClientsAllowlist,w,high,delete own allowlist,2,w,yours-noun,evidence,ok
1330,W,mist.com,mist.com,DELETE,/api/v1/sites/{site_id}/uisettings/{uisetting_id},deleteSiteCurdSetting,deleteSiteCurdSetting,w,high,delete own ui setting,2,w,floor,x-pile,ok
1331,W,mist.com,mist.com,DELETE,/api/v1/sites/{site_id}/wlans/{wlan_id},deleteSiteWlan,deleteSiteWlan,w,high,delete own wlan,2,w,floor,x-pile,ok
1332,W,mist.com,mist.com,PUT,/api/v1/installer/orgs/{org_id}/devices/{device_mac},provisionInstallerDevices,provisionInstallerDevices,w,high,provision own inventory device,3,x,other-noun,,FALSE-ALARM
1333,W,mist.com,mist.com,PUT,/api/v1/msps/{msp_id}/invites/{invite_id},updateMspAdminInvite,updateMspAdminInvite,x,low,road1b update invite another relies on,3,x,live-verb,,ok
1334,W,mist.com,mist.com,PUT,/api/v1/msps/{msp_id}/ssos/{sso_id},updateMspSso,updateMspSso,w,high,rule5 admin instance sso config,2,w,floor,x-pile,ok
1335,W,mist.com,mist.com,PUT,/api/v1/orgs/{org_id}/servicepolicies/{servicepolicy_id},updateOrgServicePolicy,updateOrgServicePolicy,w,high,update own service policy,3,x,other-noun,,FALSE-ALARM
1336,W,mist.com,mist.com,PUT,/api/v1/orgs/{org_id}/setting,updateOrgSettings,updateOrgSettings,w,high,update own org settings,3,x,other-noun,,FALSE-ALARM
1337,W,mist.com,mist.com,PUT,/api/v1/orgs/{org_id}/webhooks/{webhook_id},updateOrgWebhook,updateOrgWebhook,w,high,update own webhook,3,x,other-noun,,FALSE-ALARM
1338,W,mist.com,mist.com,PUT,/api/v1/orgs/{org_id}/wlans/{wlan_id}/portal_template,updateOrgWlanPortalTemplate,updateOrgWlanPortalTemplate,w,high,update own portal template,3,x,other-noun,,FALSE-ALARM
1339,W,mist.com,mist.com,PUT,/api/v1/self,updateSelf,updateSelf,w,high,update own account info,2,w,yours-noun,evidence,ok
1340,GET,moderatecontent.com,,GET,/,,Blocks images with nudity,r,low,sparse text likely image classification,1,r,method,,ok
1341,GET,musixmatch.com,,GET,/matcher.track.get,,,r,high,get track match data,1,r,method,,ok
1342,GET,musixmatch.com,,GET,/track.snippet.get,,,r,high,get track snippet data,1,r,method,,ok
1343,GET,namsor.com,,GET,/api2/json/genderJapaneseNameFull/{japaneseName},genderJapaneseNameFull,Infer the likely gender of a Japanese full name ex. 王晓明,r,high,infer gender computation,1,r,method,,ok
1344,GET,namsor.com,,GET,/api2/json/learnable/{source}/{learnable}/{token},learnable,Activate/deactivate learning from a source.,w,high,get toggles own learning setting,1,r,method,,LEAK
1345,POST,namsor.com,,POST,/api2/json/chineseNameCandidatesBatch,chineseNameCandidatesBatch,"Identify Chinese name candidates, based on the romanized name (firstName = chineseGivenName; lastName=chineseSurname), ex. Wang Xiaoming",r,high,compute name candidates,3,x,floor,,OVER-TIGHT
1346,POST,namsor.com,,POST,/api2/json/chineseNameCandidatesGenderBatch,chineseNameCandidatesGenderBatch,"Identify Chinese name candidates, based on the romanized name (firstName = chineseGivenName; lastName=chineseSurname) ex. Wang Xiaoming.",r,high,compute name candidates,3,x,floor,,OVER-TIGHT
1347,POST,namsor.com,,POST,/api2/json/countryBatch,countryBatch,"[USES 10 UNITS PER NAME] Infer the likely country of residence of up to 100 personal full names, or surnames. Assumes names as they are in the country of residence OR the country of origin.",r,high,compute country inference,3,x,floor,,OVER-TIGHT
1348,POST,namsor.com,,POST,/api2/json/genderChineseNameBatch,genderChineseNameBatch,Infer the likely gender of up to 100 full names ex. 王晓明,r,high,compute gender inference,3,x,floor,,OVER-TIGHT
1349,POST,namsor.com,,POST,/api2/json/genderFullBatch,genderFullBatch,"Infer the likely gender of up to 100 full names, detecting automatically the cultural context.",r,high,compute gender inference,3,x,floor,,OVER-TIGHT
1350,POST,namsor.com,,POST,/api2/json/genderJapaneseNameBatch,genderJapaneseNamePinyinBatch,Infer the likely gender of up to 100 Japanese names in LATIN (Pinyin).,r,high,compute gender inference,3,x,floor,,OVER-TIGHT
1351,POST,namsor.com,,POST,/api2/json/japaneseNameGenderKanjiCandidatesBatch,japaneseNameGenderKanjiCandidatesBatch,"Identify japanese name candidates in KANJI, based on the romanized name (firstName = japaneseGivenName; lastName=japaneseSurname) with KNOWN gender, ex. Yamamoto Sanae",r,high,compute name candidates,3,x,floor,,OVER-TIGHT
1352,POST,namsor.com,,POST,/api2/json/japaneseNameKanjiCandidatesBatch,japaneseNameKanjiCandidatesBatch,"Identify japanese name candidates in KANJI, based on the romanized name (firstName = japaneseGivenName; lastName=japaneseSurname), ex. Yamamoto Sanae",r,high,compute name candidates,3,x,floor,,OVER-TIGHT
1353,POST,namsor.com,,POST,/api2/json/parseChineseNameBatch,parseChineseNameBatch,"Infer the likely first/last name structure of a name, ex. 王晓明 -> 王(surname) 晓明(given name).",r,high,parse name structure,3,x,floor,,OVER-TIGHT
1354,POST,namsor.com,,POST,/api2/json/parseJapaneseNameBatch,parseJapaneseNameBatch,"Infer the likely first/last name structure of a name, ex. 山本 早苗 or Yamamoto Sanae",r,high,parse name structure,3,x,floor,,OVER-TIGHT
1355,POST,namsor.com,,POST,/api2/json/phoneCodeGeoBatch,phoneCodeGeoBatch,"[USES 11 UNITS PER NAME] Infer the likely country and phone prefix, of up to 100 personal names, with a local context (ISO2 country of residence).",r,high,compute phone code inference,3,x,floor,,OVER-TIGHT
1356,POST,namsor.com,,POST,/api2/json/pinyinChineseNameBatch,pinyinChineseNameBatch,"Romanize a list of Chinese name to Pinyin, ex. 王晓明 -> Wang (surname) Xiaoming (given name).",r,high,romanize name computation,3,x,floor,,OVER-TIGHT
1357,W,naviplancentral.com,naviplancentral.com,DELETE,/api/CriticalIllnessInsurancePolicies/{id},CriticalIllnessInsurancePolicies_DeleteById,,w,high,rule1 delete own fact finder record,3,x,other-noun,,FALSE-ALARM
1358,W,naviplancentral.com,naviplancentral.com,DELETE,/api/DisabilityInsurancePolicies/{id},DisabilityInsurancePolicies_DeleteById,,w,high,rule1 delete own fact finder record,3,x,other-noun,,FALSE-ALARM
1359,W,naviplancentral.com,naviplancentral.com,DELETE,/api/Liabilities/{id},Liabilities_DeleteById,,w,high,delete own liability record,2,w,floor,x-pile,ok
1360,W,naviplancentral.com,naviplancentral.com,DELETE,/api/LifeInsurancePolicies/{lifeInsurancePolicyId}/Subaccounts/{id},LifeInsurancePolicies_DeleteSubaccountByLifeinsurancepolicyidId,,w,high,delete own subaccount record,3,x,other-noun,,FALSE-ALARM
1361,W,naviplancentral.com,naviplancentral.com,DELETE,/api/MajorPurchaseGoals/{id},MajorPurchaseGoals_DeleteById,,w,high,delete own goal record,2,w,floor,x-pile,ok
1362,W,naviplancentral.com,naviplancentral.com,PUT,/api/Accounts/{accountId}/Holdings/{id},Accounts_PutByAccountidIdHolding,,w,high,update own holding record,2,w,floor,x-pile,ok
1363,W,naviplancentral.com,naviplancentral.com,PUT,/api/Demographics/{id},Demographics_PutByIdModel,,w,high,update own demographic record,2,w,floor,x-pile,ok
1364,W,naviplancentral.com,naviplancentral.com,PUT,/api/Incomes/{id},Incomes_PutByIdModel,,w,high,update own income record,2,w,floor,x-pile,ok
1365,W,naviplancentral.com,naviplancentral.com,PUT,/api/LifestyleAssets/{id},LifestyleAssets_PutByIdModel,,w,high,update own asset record,2,w,floor,x-pile,ok
1366,W,naviplancentral.com,naviplancentral.com,PUT,/api/RetirementGoals/{id},RetirementGoals_PutByIdModel,,w,high,update own goal record,2,w,floor,x-pile,ok
1367,GET,nba.com,,GET,/draftcombinenonstationaryshooting,,,r,high,get league stats,1,r,method,,ok
1368,GET,nba.com,,GET,/leaguedashlineups,,,r,high,get league stats,1,r,method,,ok
1369,GET,nba.com,,GET,/leaguedashptteamdefend,,,r,high,get league stats,1,r,method,,ok
1370,GET,nebl.io,,GET,/ins/tx/{txid},getTx,Returns transaction object,r,high,get transaction object,1,r,method,,ok
1371,GET,nebl.io,,GET,/ntp1/tokenmetadata/{tokenid},getTokenMetadata,Get Metadata of Token,r,high,get token metadata,1,r,method,,ok
1372,POST,nebl.io,,POST,/,json_rpc,Send a JSON-RPC call to a localhost neblio-Qt or nebliod node,x,low,road2 generic rpc could broadcast tx,3,x,floor,,ok
1373,POST,nebl.io,,POST,/ntp1/broadcast,broadcastTx,Broadcasts a signed raw transaction to the network,x,high,road1a broadcasts to network,3,x,floor,,ok
1374,POST,nebl.io,,POST,/testnet/ins/tx/send,testnet_sendTx,Broadcasts a signed raw transaction to the network (not NTP1 specific),x,high,road1a broadcasts to network,3,x,floor,,ok
1375,POST,nebl.io,,POST,/testnet/ntp1/burntoken,testnet_burnToken,Builds a transaction that burns an NTP1 Token,r,high,builds unsigned tx no broadcast,3,x,floor,,OVER-TIGHT
1376,GET,neowsapp.com,,GET,/rest/v1/feed,retrieveNearEarthObjectFeed,Find Near Earth Objects by date,r,high,get near earth objects feed,1,r,method,,ok
1377,GET,netatmo.net,,GET,/addwebhook,addwebhook,,w,high,get changes own webhook link,1,r,method,,LEAK
1378,GET,netatmo.net,,GET,/getthermstate,getthermstate,,r,high,get thermostat state,1,r,method,,ok
1379,POST,netatmo.net,,POST,/setpersonshome,setpersonshome,,w,high,sets own presence status,3,x,floor,,FALSE-ALARM
1380,POST,netatmo.net,,POST,/setthermpoint,setthermpoint,,w,high,sets own thermostat setpoint,3,x,floor,,FALSE-ALARM
1381,W,netbox.dev,netbox.dev,DELETE,/circuits/circuit-terminations/,circuits_circuit-terminations_bulk_delete,,w,high,bulk delete own circuit terminations,2,w,floor,x-pile,ok
1382,W,netbox.dev,netbox.dev,DELETE,/dcim/device-bays/{id}/,dcim_device-bays_delete,,w,high,delete own device bay,2,w,floor,x-pile,ok
1383,W,netbox.dev,netbox.dev,DELETE,/dcim/module-bays/,dcim_module-bays_bulk_delete,,w,high,bulk delete own module bays,2,w,yours-noun,evidence,ok
1384,W,netbox.dev,netbox.dev,DELETE,/dcim/rear-port-templates/,dcim_rear-port-templates_bulk_delete,,w,high,bulk delete own rear port templates,2,w,yours-noun,evidence,ok
1385,W,netbox.dev,netbox.dev,DELETE,/dcim/sites/{id}/,dcim_sites_delete,,w,high,delete own site,2,w,yours-noun,evidence,ok
1386,W,netbox.dev,netbox.dev,DELETE,/extras/custom-links/,extras_custom-links_bulk_delete,,w,high,bulk delete own custom links,2,w,yours-noun,evidence,ok
1387,W,netbox.dev,netbox.dev,DELETE,/tenancy/tenant-groups/,tenancy_tenant-groups_bulk_delete,,w,high,bulk delete own tenant groups,3,x,other-noun,,FALSE-ALARM
1388,W,netbox.dev,netbox.dev,PATCH,/circuits/circuit-terminations/,circuits_circuit-terminations_bulk_partial_update,,w,high,bulk patch own circuit terminations,2,w,floor,x-pile,ok
1389,W,netbox.dev,netbox.dev,PATCH,/circuits/circuit-terminations/{id}/,circuits_circuit-terminations_partial_update,,w,high,patch own circuit termination,2,w,floor,x-pile,ok
1390,W,netbox.dev,netbox.dev,PATCH,/dcim/inventory-items/,dcim_inventory-items_bulk_partial_update,,w,high,bulk patch own inventory items,2,w,yours-noun,evidence,ok
1391,W,netbox.dev,netbox.dev,PATCH,/dcim/locations/{id}/,dcim_locations_partial_update,,w,high,patch own location,2,w,yours-noun,evidence,ok
1392,W,netbox.dev,netbox.dev,PATCH,/dcim/module-types/,dcim_module-types_bulk_partial_update,,w,high,bulk patch own module types,2,w,yours-noun,evidence,ok
1393,W,netbox.dev,netbox.dev,PATCH,/ipam/fhrp-group-assignments/{id}/,ipam_fhrp-group-assignments_partial_update,,w,high,patch own fhrp assignment,3,x,other-noun,,FALSE-ALARM
1394,W,netbox.dev,netbox.dev,PATCH,/ipam/l2vpn-terminations/,ipam_l2vpn-terminations_bulk_partial_update,,w,high,bulk patch own l2vpn termination,2,w,floor,x-pile,ok
1395,W,netbox.dev,netbox.dev,PATCH,/ipam/vlans/,ipam_vlans_bulk_partial_update,,w,high,bulk patch own vlans,2,w,floor,x-pile,ok
1396,W,netbox.dev,netbox.dev,PUT,/dcim/device-types/{id}/,dcim_device-types_update,,w,high,update own device type,2,w,floor,x-pile,ok
1397,W,netbox.dev,netbox.dev,PUT,/dcim/rear-port-templates/{id}/,dcim_rear-port-templates_update,,w,high,update own rear port template,2,w,yours-noun,evidence,ok
1398,W,netbox.dev,netbox.dev,PUT,/extras/image-attachments/,extras_image-attachments_bulk_update,,w,high,bulk update own image attachments,2,w,yours-noun,evidence,ok
1399,W,netbox.dev,netbox.dev,PUT,/extras/saved-filters/{id}/,extras_saved-filters_update,,w,high,update own saved filter,2,w,yours-noun,evidence,ok
1400,W,netbox.dev,netbox.dev,PUT,/ipam/service-templates/,ipam_service-templates_bulk_update,,w,high,bulk update own service templates,2,w,yours-noun,evidence,ok
1401,W,netbox.dev,netbox.dev,PUT,/ipam/services/,ipam_services_bulk_update,,w,low,bulk update own definitions no text rule5,2,w,yours-noun,evidence,ok
1402,W,netbox.dev,netbox.dev,PUT,/users/tokens/{id}/,users_tokens_update,,x,low,rule2 credential token possibly another users account,3,x,other-noun,,ok
1403,W,netbox.dev,netbox.dev,PUT,/virtualization/cluster-types/,virtualization_cluster-types_bulk_update,,w,low,bulk update own definitions no text,2,w,yours-noun,evidence,ok
1404,W,netboxdemo.com,netboxdemo.com,DELETE,/circuits/circuits/{id}/,circuits_circuits_delete,,w,high,delete own circuit record rule1,2,w,floor,x-pile,ok
1405,W,netboxdemo.com,netboxdemo.com,DELETE,/dcim/console-ports/{id}/,dcim_console-ports_delete,,w,high,delete own console port rule3,2,w,floor,x-pile,ok
1406,W,netboxdemo.com,netboxdemo.com,DELETE,/dcim/console-server-port-templates/{id}/,dcim_console-server-port-templates_delete,,w,high,delete own template rule4,2,w,floor,x-pile,ok
1407,W,netboxdemo.com,netboxdemo.com,DELETE,/dcim/devices/{id}/,dcim_devices_delete,,w,high,delete own device record,2,w,yours-noun,evidence,ok
1408,W,netboxdemo.com,netboxdemo.com,DELETE,/dcim/power-outlet-templates/{id}/,dcim_power-outlet-templates_delete,,w,high,delete own template rule4,2,w,floor,x-pile,ok
1409,W,netboxdemo.com,netboxdemo.com,DELETE,/dcim/virtual-chassis/{id}/,dcim_virtual-chassis_delete,,w,high,delete own virtual chassis record,2,w,floor,x-pile,ok
1410,W,netboxdemo.com,netboxdemo.com,DELETE,/ipam/prefixes/{id}/,ipam_prefixes_delete,,w,high,delete own prefix record,2,w,floor,x-pile,ok
1411,W,netboxdemo.com,netboxdemo.com,DELETE,/ipam/roles/{id}/,ipam_roles_delete,,w,high,delete role no access text rule4,2,w,yours-noun,evidence,ok
1412,W,netboxdemo.com,netboxdemo.com,PATCH,/circuits/circuit-terminations/{id}/,circuits_circuit-terminations_partial_update,,w,high,update own circuit termination,2,w,floor,x-pile,ok
1413,W,netboxdemo.com,netboxdemo.com,PATCH,/dcim/cables/{id}/,dcim_cables_partial_update,,w,high,update own cable record,2,w,floor,x-pile,ok
1414,W,netboxdemo.com,netboxdemo.com,PATCH,/dcim/power-port-templates/{id}/,dcim_power-port-templates_partial_update,,w,high,update own template rule4,2,w,floor,x-pile,ok
1415,W,netboxdemo.com,netboxdemo.com,PATCH,/dcim/rack-reservations/{id}/,dcim_rack-reservations_partial_update,,w,high,update own rack reservation,3,x,other-noun,,FALSE-ALARM
1416,W,netboxdemo.com,netboxdemo.com,PATCH,/dcim/racks/{id}/,dcim_racks_partial_update,,w,high,update own rack record,2,w,floor,x-pile,ok
1417,W,netboxdemo.com,netboxdemo.com,PATCH,/extras/image-attachments/{id}/,extras_image-attachments_partial_update,,w,high,update own image attachment,2,w,yours-noun,evidence,ok
1418,W,netboxdemo.com,netboxdemo.com,PATCH,/ipam/prefixes/{id}/,ipam_prefixes_partial_update,,w,high,update own prefix record,2,w,floor,x-pile,ok
1419,W,netboxdemo.com,netboxdemo.com,PATCH,/tenancy/tenant-groups/{id}/,tenancy_tenant-groups_partial_update,,w,high,update own container rule4,3,x,other-noun,,FALSE-ALARM
1420,W,netboxdemo.com,netboxdemo.com,PATCH,/virtualization/cluster-types/{id}/,virtualization_cluster-types_partial_update,,w,high,update own definition rule4,2,w,floor,x-pile,ok
1421,W,netboxdemo.com,netboxdemo.com,PUT,/dcim/front-port-templates/{id}/,dcim_front-port-templates_update,,w,high,update own template rule4,2,w,yours-noun,evidence,ok
1422,W,netboxdemo.com,netboxdemo.com,PUT,/dcim/inventory-items/{id}/,dcim_inventory-items_update,,w,high,update own inventory item,2,w,yours-noun,evidence,ok
1423,W,netboxdemo.com,netboxdemo.com,PUT,/extras/config-contexts/{id}/,extras_config-contexts_update,,w,high,update own instance config rule5,2,w,floor,x-pile,ok
1424,W,netboxdemo.com,netboxdemo.com,PUT,/extras/tags/{id}/,extras_tags_update,,w,high,update own tag definition rule4,2,w,yours-noun,evidence,ok
1425,W,netboxdemo.com,netboxdemo.com,PUT,/ipam/rirs/{id}/,ipam_rirs_update,,w,high,update own rir record,2,w,floor,x-pile,ok
1426,W,netboxdemo.com,netboxdemo.com,PUT,/virtualization/clusters/{id}/,virtualization_clusters_update,,w,high,update own cluster record,2,w,floor,x-pile,ok
1427,W,netlify.com,netlify.com,PUT,/sites/{site_id}/services/{addon}/instances/{instance_id},updateServiceInstance,,w,low,update own service instance no text,2,w,floor,x-pile,ok
1428,W,netlify.com,netlify.com,PUT,/sites/{site_id}/unlink_repo,unlinkSiteRepo,,w,high,unlinks repo deletes own keys and webhooks,2,w,floor,x-pile,ok
1429,GET,neutrinoapi.net,,GET,/email-validate,EmailValidate,Email Validate,r,high,validates email nothing changes,1,r,method,,ok
1430,GET,neutrinoapi.net,,GET,/hlr-lookup,HLRLookup,HLR Lookup,r,high,lookup device status read only,1,r,method,,ok
1431,POST,neutrinoapi.net,,POST,/phone-playback,PhonePlayback,Phone Playback,x,high,road1d places automated call plays message,3,x,floor,,ok
1432,POST,neutrinoapi.net,,POST,/qr-code,QRCode,QR Code,r,high,generates qr code no state change,3,x,floor,,OVER-TIGHT
1433,GET,nfusionsolutions.biz,,GET,/api/v1/Currencies/rate/supported,Currencies_SupportedCurrencies_Rate_GET,Get list of currencies supported by the rate endpoint,r,high,list supported currencies read only,1,r,method,,ok
1434,GET,nic.at,,GET,/api/v1/suggest,,Get .at domain name suggestions,r,high,list domain suggestions read only,1,r,method,,ok
1435,W,notion.com,notion,DELETE,/v1/blocks/{id},deleteABlock,Delete a block,w,high,delete own block content rule1,2,w,floor,x-pile,ok
1436,W,notion.com,notion,PATCH,/v1/blocks/{id},updateABlock,Update a block,w,high,update own block content,2,w,floor,x-pile,ok
1437,W,notion.com,notion,PATCH,/v1/blocks/{id}/children,appendBlockChildren,Append block children,w,high,append own block children,2,w,floor,x-pile,ok
1438,W,notion.com,notion,PATCH,/v1/databases/{id},updateADatabase,Update a database,w,high,update own database definition rule4,2,w,floor,x-pile,ok
1439,W,notion.com,notion,PATCH,/v1/pages/{id},updatePageProperties,Update Page properties,w,high,update own page properties,2,w,yours-noun,evidence,ok
1440,GET,nrel.gov,,GET,/v1/{id}.{output_format},transportation_incentives_laws_id,Fetch the details of a specific law given the law's ID.,r,high,fetch law details read only,1,r,method,,ok
1441,POST,nrm.se,,POST,/upload,uploadFile,Batch upload,r,low,uploads then returns search results road r,3,x,floor,,OVER-TIGHT
1442,GET,nytimes.com,,GET,/{year}/{month}.json,,Archive API,r,high,read archive listing,1,r,method,,ok
1443,W,onsched.com,onsched.com,DELETE,/consumer/v1/appointments/{id},,Delete Appointment,w,high,delete own appointment record rule1,2,w,floor,x-pile,ok
1444,W,onsched.com,onsched.com,DELETE,/setup/v1/calendars/block/{id},,Delete Calendar Block,w,high,delete own calendar block config,2,w,yours-noun,evidence,ok
1445,W,onsched.com,onsched.com,DELETE,/setup/v1/companies/email/templates/master,,Delete Master Template Settings,w,high,delete own template settings config,2,w,floor,x-pile,ok
1446,W,onsched.com,onsched.com,DELETE,/setup/v1/companies/regions/{id},,Delete Region,w,high,delete own region config rule5,2,w,yours-noun,evidence,ok
1447,W,onsched.com,onsched.com,DELETE,/setup/v1/locations/{id},,Delete Location,w,high,delete own business location config,2,w,yours-noun,evidence,ok
1448,W,onsched.com,onsched.com,DELETE,/setup/v1/locations/services/{id},,Unlink Service,w,high,unlink own location service,2,w,yours-noun,evidence,ok
1449,W,onsched.com,onsched.com,DELETE,/setup/v1/resources/{id}/services,,Delete Linked Services,w,high,delete own linked services,2,w,floor,x-pile,ok
1450,W,onsched.com,onsched.com,DELETE,/setup/v1/servicegroups/{id},,Delete Service Group,w,high,delete own service group definition rule4,3,x,other-noun,,FALSE-ALARM
1451,W,onsched.com,onsched.com,DELETE,/setup/v1/services/{id}/deleteimage,,Delete Service Image,w,high,delete own uploaded image,2,w,floor,x-pile,ok
1452,W,onsched.com,onsched.com,PUT,/setup/v1/calendars/block/{id},,Update Calendar Block,w,high,update own calendar block,2,w,yours-noun,evidence,ok
1453,W,onsched.com,onsched.com,PUT,/setup/v1/companies/domains/{id},,Update Company Domain,w,high,update own company domain config,2,w,floor,x-pile,ok
1454,W,onsched.com,onsched.com,PUT,/setup/v1/locations/{id},,Update Location,w,high,update own business location,2,w,yours-noun,evidence,ok
1455,W,onsched.com,onsched.com,PUT,/setup/v1/resourcegroups/{id}/recover,,Recover Resource Group,w,high,recover own deleted resource group,3,x,other-noun,,FALSE-ALARM
1456,W,onsched.com,onsched.com,PUT,/setup/v1/resources/{id}/availability,,Update Weekly Availability,w,high,update own resource availability,2,w,floor,x-pile,ok
1457,W,onsched.com,onsched.com,PUT,/setup/v1/resources/{id}/recover,,Recover Resource,w,high,recover own deleted resource,2,w,floor,x-pile,ok
1458,W,onsched.com,onsched.com,PUT,/setup/v1/resources/block/{id},,Update Block,w,high,update own resource block,2,w,yours-noun,evidence,ok
1459,W,onsched.com,onsched.com,PUT,/setup/v1/resources/bulk,,Update Resources Bulk,w,high,bulk update own resources,2,w,yours-noun,evidence,ok
1460,W,onsched.com,onsched.com,PUT,/setup/v1/services/{id}/recover,,Recover Service,w,high,recover own deleted service,2,w,floor,x-pile,ok
1461,W,onsched.com,onsched.com,PUT,/setup/v1/services/allocations/{id},,Update Allocation,w,high,update own service allocation,2,w,floor,x-pile,ok
1462,W,onsched.com,onsched.com,PUT,/setup/v1/services/block/{id},,Update Block,w,high,update own service block,2,w,yours-noun,evidence,ok
1463,GET,openaq.local,,GET,/v1/measurements,measurements_get_v1_v1_measurements_get,Measurements Get V1,r,high,read measurements data,1,r,method,,ok
1464,GET,openaq.local,,GET,/v2/locations/tiles/mobile/{z}/{x}/{y}.pbf,get_mobiletile_v2_locations_tiles_mobile__z___x___y__pbf_get,Get Mobiletile,r,high,read map tile data,1,r,method,,ok
1465,GET,opendatanetwork.com,,GET,/data/v1/map/new,Create a map,Create a map,w,low,get creates own map resource despite method,1,r,method,,LEAK
1466,GET,openstates.org,,GET,/jurisdictions,jurisdiction_list_jurisdictions_get,Jurisdiction List,r,high,list jurisdictions read only,1,r,method,,ok
1467,GET,optimade.local,,GET,/references,get_references_references_get,Get References,r,high,list references read only,1,r,method,,ok
1468,GET,opto22.com,,GET,/device/strategy/ios/analogOutputs,readAnalogOutputs,,r,high,read analog output values,1,r,method,,ok
1469,GET,opto22.com,,GET,/device/strategy/ios/digitalOutputs/{ioName}/state,readDigitalOutputState,,r,high,read digital output state,1,r,method,,ok
1470,GET,opto22.com,,GET,/device/strategy/tables/int64s/{tableName}/{index}/_string,readInt64TableElementAsString,,r,high,read table element value,1,r,method,,ok
1471,GET,opto22.com,,GET,/device/strategy/vars/int32s/{int32Name},readInt32Var,,r,high,read integer variable value,1,r,method,,ok
1472,POST,opto22.com,,POST,/device/strategy/tables/int32s/{tableName}/{index},writeInt32TableElement,,w,high,write own device table element rule6,3,x,floor,,FALSE-ALARM
1473,POST,opto22.com,,POST,/device/strategy/tables/int64s/{tableName}/{index},writeInt64TableElement,,w,high,write own device table element rule6,3,x,floor,,FALSE-ALARM
1474,POST,opto22.com,,POST,/device/strategy/tables/int64s/{tableName}/{index}/_string,writeInt64TableElementAsString,,w,high,write own device table element rule6,3,x,floor,,FALSE-ALARM
1475,POST,opto22.com,,POST,/device/strategy/vars/strings/{stringName},writeStringVar,,w,high,sets own device string variable rule6,3,x,floor,,FALSE-ALARM
1476,POST,orghunter.com,,POST,/v1/charityfinancial,,Get details!,r,low,detail data lookup vague text,3,x,floor,,OVER-TIGHT
1477,POST,orghunter.com,,POST,/v1/charitygeolocation,,Get details!,r,low,detail data lookup vague text,3,x,floor,,OVER-TIGHT
1478,W,orthanc-server.com,orthanc-server.com,DELETE,/instances/{id},,Delete some instance,w,high,delete own dicom instance,2,w,floor,x-pile,ok
1479,W,orthanc-server.com,orthanc-server.com,DELETE,/peers/{id},,Delete Orthanc peer,w,high,delete own peer config rule6,2,w,yours-noun,evidence,ok
1480,W,orthanc-server.com,orthanc-server.com,DELETE,/series/{id}/attachments/{name},,Delete attachment,w,high,delete own attachment record,2,w,yours-noun,evidence,ok
1481,W,orthanc-server.com,orthanc-server.com,DELETE,/studies/{id}/attachments/{name},,Delete attachment,w,high,delete own attachment record,2,w,yours-noun,evidence,ok
1482,W,orthanc-server.com,orthanc-server.com,PUT,/studies/{id}/metadata/{name},,Set metadata,w,high,set own metadata value,2,w,yours-noun,evidence,ok
1483,W,orthanc-server.com,orthanc-server.com,PUT,/tools/log-level-dicom,,Set log level for `dicom`,w,high,set own log level config rule5,2,w,floor,x-pile,ok
1484,W,orthanc-server.com,orthanc-server.com,PUT,/tools/log-level-http,,Set log level for `http`,w,high,set own log level config rule5,2,w,floor,x-pile,ok
1485,W,orthanc-server.com,orthanc-server.com,PUT,/tools/log-level-lua,,Set log level for `lua`,w,high,set own log level config rule5,2,w,floor,x-pile,ok
1486,W,osisoft.com,osisoft.com,DELETE,/analysiscategories/{webId}/securityentries/{name},AnalysisCategory_DeleteSecurityEntry,Delete a security entry owned by the analysis category.,x,high,delete security entry access bundle rule4,2,w,floor,x-pile,LEAK
1487,W,osisoft.com,osisoft.com,DELETE,/assetdatabases/{webId},AssetDatabase_Delete,Delete an asset database.,w,high,delete own asset database container rule4,2,w,yours-noun,evidence,ok
1488,W,osisoft.com,osisoft.com,DELETE,/assetservers/{webId}/securityentries/{name},AssetServer_DeleteSecurityEntry,Delete a security entry owned by the asset server.,x,high,delete security entry access bundle rule4,2,w,floor,x-pile,LEAK
1489,W,osisoft.com,osisoft.com,DELETE,/attributecategories/{webId},AttributeCategory_Delete,Delete an attribute category.,w,high,delete own category definition rule4,2,w,yours-noun,evidence,ok
1490,W,osisoft.com,osisoft.com,DELETE,/elementcategories/{webId},ElementCategory_Delete,Delete an element category.,w,high,delete own category definition rule4,2,w,yours-noun,evidence,ok
1491,W,osisoft.com,osisoft.com,DELETE,/elements/{webId}/securityentries/{name},Element_DeleteSecurityEntry,Delete a security entry owned by the element.,x,high,delete security entry access bundle rule4,2,w,floor,x-pile,LEAK
1492,W,osisoft.com,osisoft.com,DELETE,/eventframes/{webId},EventFrame_Delete,Delete an event frame.,w,high,delete own event frame record,2,w,floor,x-pile,ok
1493,W,osisoft.com,osisoft.com,DELETE,/eventframes/{webId}/annotations/{id}/attachment/media,EventFrame_DeleteAnnotationAttachmentMediaById,Delete attached media from an annotation on an event frame.,w,high,delete own attached media,2,w,floor,x-pile,ok
1494,W,osisoft.com,osisoft.com,DELETE,/notificationcontacttemplates/{webId},NotificationContactTemplate_Delete,Delete a notification contact template.,w,high,delete own contact template,2,w,yours-noun,evidence,ok
1495,W,osisoft.com,osisoft.com,DELETE,/notificationcontacttemplates/{webId}/securityentries/{name},NotificationContactTemplate_DeleteSecurityEntry,Delete a security entry owned by the notification contact template.,x,high,delete security entry access bundle rule4,2,w,floor,x-pile,LEAK
1496,W,osisoft.com,osisoft.com,DELETE,/notificationrules/{webId},NotificationRule_Delete,Delete a notification rule.,w,high,delete own notification rule definition,2,w,yours-noun,evidence,ok
1497,W,osisoft.com,osisoft.com,DELETE,/notificationruletemplates/{webId},NotificationRuleTemplate_Delete,Delete a notification rule template.,w,high,delete own rule template,2,w,yours-noun,evidence,ok
1498,W,osisoft.com,osisoft.com,DELETE,/securitymappings/{webId},SecurityMapping_Delete,Delete a security mapping.,x,low,removes identity to account access mapping rule4,2,w,floor,x-pile,LEAK
1499,W,osisoft.com,osisoft.com,DELETE,/timerules/{webId},TimeRule_Delete,Delete a Time Rule.,w,high,delete own time rule definition,2,w,yours-noun,evidence,ok
1500,W,osisoft.com,osisoft.com,PATCH,/analyses/{webId},Analysis_Update,Update an Analysis.,w,high,update own analysis definition,2,w,yours-noun,evidence,ok
1501,W,osisoft.com,osisoft.com,PATCH,/analysisrules/{webId},AnalysisRule_Update,Update an Analysis Rule by replacing items in its definition.,w,high,update own analysis rule definition,2,w,yours-noun,evidence,ok
1502,W,osisoft.com,osisoft.com,PATCH,/attributes/{webId},Attribute_Update,Update an attribute by replacing items in its definition.,w,high,update own attribute definition,2,w,yours-noun,evidence,ok
1503,W,osisoft.com,osisoft.com,PATCH,/elements/{webId},Element_Update,Update an element by replacing items in its definition.,w,high,update own element definition,2,w,yours-noun,evidence,ok
1504,W,osisoft.com,osisoft.com,PATCH,/enumerationvalues/{webId},EnumerationValue_UpdateEnumerationValue,Update an enumeration value by replacing items in its definition.,w,high,update own enumeration value definition,2,w,floor,x-pile,ok
1505,W,osisoft.com,osisoft.com,PATCH,/notificationrules/{webId},NotificationRule_Update,Update a notification rule by replacing items in its definition.,w,high,update own notification rule definition,2,w,yours-noun,evidence,ok
1506,W,osisoft.com,osisoft.com,PATCH,/securityidentities/{webId},SecurityIdentity_Update,Update a security identity by replacing items in its definition.,w,low,updates identity definition no access text,3,x,other-noun,,FALSE-ALARM
1507,W,osisoft.com,osisoft.com,PUT,/assetservers/{webId}/securityentries/{name},AssetServer_UpdateSecurityEntry,Update a security entry owned by the asset server.,x,high,update security entry access bundle rule4,2,w,floor,x-pile,LEAK
1508,W,osisoft.com,osisoft.com,PUT,/notificationcontacttemplates/{webId}/securityentries/{name},NotificationContactTemplate_UpdateSecurityEntry,Update a security entry owned by the notification contact template.,x,high,update security entry access bundle rule4,2,w,floor,x-pile,LEAK
1509,GET,oxforddictionaries.com,,GET,/filters/{endpoint},,Lists available filters for specific endpoint,r,high,list available filters read only,1,r,method,,ok
1510,GET,pandascore.co,,GET,/series/{serie_id_or_slug}/matches,get_series_serieIdOrSlug_matches,Get matches for a serie,r,high,list matches read only,1,r,method,,ok
1511,GET,pandascore.co,,GET,/teams/{team_id_or_slug},get_teams_teamIdOrSlug,Get a team,r,high,get team record read only,1,r,method,,ok
1512,GET,pandascore.co,,GET,/tournaments/running,get_tournaments_running,Get running tournaments,r,high,list running tournaments read only,1,r,method,,ok
1513,GET,papinet.io,,GET,/orders,,List `orders`,r,high,list orders read only,1,r,method,,ok
1514,GET,papinet.io,,GET,/orders/{orderId},,Get an `order`,r,high,get order detail read only,1,r,method,,ok
1515,GET,parliament.uk,,GET,/api/Message/message/{annunciator}/{date},,Return the most recent message by annunciator after date time specified,r,high,read latest message read only,1,r,method,,ok
1516,GET,parliament.uk,,GET,/api/Posts/Spokespersons,,Returns a list of spokespersons.,r,high,list spokespersons read only,1,r,method,,ok
1517,GET,parliament.uk,,GET,/api/Treaty/{id},GetTreatyById,Returns a treaty by ID.,r,high,read treaty by id,1,r,method,,ok
1518,GET,parliament.uk,,GET,/api/v1/Publications/{publicationId}/Documents/{documentId}/Download,,Return a document.,r,high,download document read only,1,r,method,,ok
1519,GET,parliament.uk,,GET,/data/divisions.{format}/groupedbyparty,Divisions_GetDivisionsGroupsByParty,Return Divisions results grouped by party,r,high,read grouped division results,1,r,method,,ok
1520,GET,parliament.uk,,GET,/data/Divisions/{divisionId},,Return a Division,r,high,read single division record,1,r,method,,ok
1521,GET,patrowl.local,,GET,/clean/{scanId},CleanScanPage,Clean scan,w,low,get cleans deletes own scan data despite method,1,r,method,,LEAK
1522,POST,patrowl.local,,POST,/startscan,StartScanPage,Start a new scan,x,high,road2 triggers new scan run,3,x,floor,,ok
1523,GET,payments.service.gov.uk,,GET,/v1/payments/{paymentId}/refunds,Get all refunds for a payment,Get all refunds for a payment,r,high,list refunds for payment read only,1,r,method,,ok
1524,POST,paypi.dev,,POST,/checkCode,,Check verification code,r,high,checks code validity nothing changes,1,r,read-verb,,ok
1525,W,payrun.io,payrun.io,DELETE,/Employer/{EmployerId},DeleteEmployer,Delete an Employer,w,high,delete own employer record rule1,2,w,yours-noun,evidence,ok
1526,W,payrun.io,payrun.io,DELETE,/Employer/{EmployerId}/CisTransaction/{CisTransactionId},DeleteCisTransaction,Delete the CIS transaction,w,high,delete own transaction record,2,w,floor,x-pile,ok
1527,W,payrun.io,payrun.io,DELETE,/Employer/{EmployerId}/Employee/{EmployeeId},DeleteEmployee,Delete an Employee,w,high,delete own employee record rule1,2,w,yours-noun,evidence,ok
1528,W,payrun.io,payrun.io,DELETE,/Employer/{EmployerId}/Employee/{EmployeeId}/PayInstruction/{PayInstructionId},DeletePayInstruction,Deletes a pay instruction,w,high,delete own pay instruction record,3,x,live-verb,,FALSE-ALARM
1529,W,payrun.io,payrun.io,DELETE,/Employer/{EmployerId}/PayCode/{PayCodeId},DeletePayCode,Deletes a pay code,w,high,delete own pay code definition,3,x,live-verb,,FALSE-ALARM
1530,W,payrun.io,payrun.io,DELETE,/Employer/{EmployerId}/PayCode/{PayCodeId}/Revision/{RevisionNumber},DeletePayCodeRevisionByNumber,Delete an PayCode revision matching the specified revision number.,w,high,delete own pay code revision,3,x,live-verb,,FALSE-ALARM
1531,W,payrun.io,payrun.io,DELETE,/Employer/{EmployerId}/Pension/{PensionId}/Revision/{RevisionNumber},DeletePensionRevisionByNumber,Delete an Pension revision matching the specified revision number.,w,high,delete own pension revision,2,w,floor,x-pile,ok
1532,W,payrun.io,payrun.io,DELETE,/Employer/{EmployerId}/Secret/{SecretId},DeleteEmployerSecret,Deletes employer secret,w,high,delete own secret rule6,2,w,yours-noun,evidence,ok
1533,W,payrun.io,payrun.io,DELETE,/Employer/{EmployerId}/SubContractor/{SubContractorId}/CisInstruction/{CisInstructionId},DeleteCisInstruction,Delete a CIS instruction,w,high,delete own cis instruction record,2,w,floor,x-pile,ok
1534,W,payrun.io,payrun.io,DELETE,/Employer/{EmployerId}/SubContractor/{SubContractorId}/Tag/{TagId},DeleteSubContractorTag,Delete sub contractor tag,w,high,delete own tag record,3,x,other-noun,,FALSE-ALARM
1535,W,payrun.io,payrun.io,DELETE,/Jobs/ThirdParty/{JobId},DeleteThirdPartyJob,Delete the Third Party job,w,low,delete own third party job record no notify text,2,w,floor,x-pile,ok
1536,W,payrun.io,payrun.io,DELETE,/User/{UserId}/Tag/{TagId},DeleteUserTag,Delete user tag,w,high,delete own user tag,3,x,other-noun,,FALSE-ALARM
1537,W,payrun.io,payrun.io,PUT,/Employer/{EmployerId},PutEmployer,Updates the Employer,w,high,update own employer record,2,w,yours-noun,evidence,ok
1538,W,payrun.io,payrun.io,PUT,/Employer/{EmployerId}/CisLineType/{CisLineTypeId}/Tag/{TagId},PutCisLineTypeTag,Insert CIS line type tag,w,high,insert own tag record,2,w,floor,x-pile,ok
1539,W,payrun.io,payrun.io,PUT,/Employer/{EmployerId}/DpsMessage/{DpsMessageId},PutDpsMessage,Puts the DPS message,w,low,puts own dps message no reach text,3,x,other-noun,,FALSE-ALARM
1540,W,payrun.io,payrun.io,PUT,/Employer/{EmployerId}/Employee/{EmployeeId}/PayInstruction/{PayInstructionId},PutPayInstruction,Update a Pay Instruction,w,high,update own pay instruction record,3,x,live-verb,,FALSE-ALARM
1541,W,payrun.io,payrun.io,PUT,/Employer/{EmployerId}/Employee/{EmployeeId}/PayLine/{PayLineId}/Tag/{TagId},PutPayLineTag,Insert pay line tag,w,high,insert own tag record,3,x,live-verb,,FALSE-ALARM
1542,W,payrun.io,payrun.io,PUT,/Employer/{EmployerId}/PaySchedule/{PayScheduleId}/PayRun/{PayRunId}/Tag/{TagId},PutPayRunTag,Insert pay run tag,w,high,insert own tag record,3,x,live-verb,,FALSE-ALARM
1543,W,payrun.io,payrun.io,PUT,/Employer/{EmployerId}/Pension/{PensionId},PutPensionIntoEmployer,Updates the Pension,w,high,update own pension record,2,w,floor,x-pile,ok
1544,W,payrun.io,payrun.io,PUT,/Employer/{EmployerId}/ReportingInstruction/{ReportingInstructionId},PutReportingInstruction,Update a reporting Instruction,w,high,update own reporting instruction record,2,w,floor,x-pile,ok
1545,W,payrun.io,payrun.io,PUT,/Employer/{EmployerId}/RtiTransaction/{RtiTransactionId}/Tag/{TagId},PutRtiTransactionTag,Insert RTI transaction tag,w,high,insert own tag record,2,w,floor,x-pile,ok
1546,W,payrun.io,payrun.io,PUT,/Permission/{PermissionId},PutPermission,Puts permisson object,x,high,puts permission object grants access rule4,3,x,other-noun,,ok
1547,W,payrun.io,payrun.io,PUT,/Permission/{PermissionId}/Tag/{TagId},PutPermissionTag,Insert Permission tag,w,low,tags permission object does not grant access,3,x,other-noun,,FALSE-ALARM
1548,POST,pdfblocks.com,,POST,/v1/add_password,addPasswordV1,Add a password to a PDF,r,low,transforms pdf returns result no storage stated,3,x,floor,,OVER-TIGHT
1549,POST,pdfblocks.com,,POST,/v1/add_watermark/image,addImageWatermarkV1,Add an image watermark to a PDF,r,low,transforms pdf returns result no storage stated,3,x,floor,,OVER-TIGHT
1550,POST,pdfblocks.com,,POST,/v1/add_watermark/text,addTextWatermarkV1,Add a text watermark to a PDF,r,low,transforms pdf returns result no storage stated,3,x,floor,,OVER-TIGHT
1551,POST,pdfbroker.io,,POST,/api/pdf/xslfo,,Create pdf-file from complete XSL-FO document.,r,low,generates pdf output no storage stated,3,x,floor,,OVER-TIGHT
1552,POST,peoplefinderspro.com,,POST,/address/autocomplete,,Search,r,high,address search lookup read only,3,x,floor,,OVER-TIGHT
1553,POST,peoplefinderspro.com,,POST,/contact/enrich,,Search,r,high,contact enrichment search read only,3,x,floor,,OVER-TIGHT
1554,POST,peoplefinderspro.com,,POST,/email/enrich,,Search,r,high,email enrichment search read only,3,x,floor,,OVER-TIGHT
1555,POST,peoplefinderspro.com,,POST,/phone/enrich,,Search,r,high,phone enrichment search read only,3,x,floor,,OVER-TIGHT
1556,GET,peoplegeneratorapi.live,,GET,/api/person/eyecolor/,eyecolor,,r,high,generates read only value,1,r,method,,ok
1557,GET,pims.io,,GET,/events/{event_id}/categories,fetchAllEventsCategories,Find all categories for one event,r,high,list categories read only,1,r,method,,ok
1558,GET,pims.io,,GET,/promotions/{promotion_id},fetchOnePromotion,Get one promotion by ID,r,high,get promotion read only,1,r,method,,ok
1559,POST,plaid.com,,POST,/asset_report/audit_copy/create,assetReportAuditCopyCreate,Create Asset Report Audit Copy,x,high,road1b grants third party access to report,3,x,floor,,ok
1560,POST,plaid.com,,POST,/asset_report/pdf/get,assetReportPdfGet,Retrieve a PDF Asset Report,r,high,retrieve pdf report read only,3,x,floor,,OVER-TIGHT
1561,POST,plaid.com,,POST,/beta/transactions/rules/v1/remove,transactionsRulesRemove,Remove transaction rule,w,high,remove own transaction rule,3,x,floor,,FALSE-ALARM
1562,POST,plaid.com,,POST,/beta/transactions/v1/enhance,transactionsEnhance,enhance locally-held transaction data,r,high,enriches data returns result no storage,3,x,floor,,OVER-TIGHT
1563,POST,plaid.com,,POST,/institutions/search,institutionsSearch,Search institutions,r,high,search institutions read only,3,x,floor,,OVER-TIGHT
1564,POST,plaid.com,,POST,/processor/token/create,processorTokenCreate,Create processor token,x,low,creates token to enable partner access road1b,3,x,floor,,ok
1565,POST,plaid.com,,POST,/sandbox/item/fire_webhook,sandboxItemFireWebhook,Fire a test webhook,x,high,road2 triggers webhook each call,3,x,floor,,ok
1566,POST,plaid.com,,POST,/sandbox/oauth/select_accounts,sandboxOauthSelectAccounts,Save the selected accounts when connecting to the Platypus Oauth institution,w,high,saves own selected accounts,3,x,floor,,FALSE-ALARM
1567,POST,plaid.com,,POST,/sandbox/transfer/test_clock/advance,sandboxTransferTestClockAdvance,Advance a test clock,x,high,road2 advances test clock state machine,3,x,floor,,ok
1568,POST,plaid.com,,POST,/sandbox/transfer/test_clock/get,sandboxTransferTestClockGet,Get a test clock,r,high,get test clock read only,3,x,floor,,OVER-TIGHT
1569,POST,plaid.com,,POST,/transactions/enrich,transactionsEnrich,Enrich locally-held transaction data,r,high,enriches data returns result no storage,3,x,floor,,OVER-TIGHT
1570,POST,plaid.com,,POST,/watchlist_screening/entity/get,watchlistScreeningEntityGet,Get an entity screening,r,high,retrieve entity screening read only,3,x,floor,,OVER-TIGHT
1571,POST,portfoliooptimizer.io,,POST,/assets/analysis/absorption-ratio,,Absorption Ratio,r,high,computes ratio no state change,3,x,floor,,OVER-TIGHT
1572,POST,portfoliooptimizer.io,,POST,/assets/correlation/matrix/informativeness,,Correlation Matrix Informativeness,r,high,computes matrix metric no state change,3,x,floor,,OVER-TIGHT
1573,POST,portfoliooptimizer.io,,POST,/assets/returns/simulation/bootstrap,,Bootstrap,r,high,simulates returns no state change,3,x,floor,,OVER-TIGHT
1574,POST,portfoliooptimizer.io,,POST,/assets/variance,,Variance,r,high,computes variance no state change,3,x,floor,,OVER-TIGHT
1575,POST,portfoliooptimizer.io,,POST,/portfolio/analysis/effective-number-of-bets,,Effective Number of Bets,r,high,computes portfolio metric no state change,3,x,floor,,OVER-TIGHT
1576,POST,portfoliooptimizer.io,,POST,/portfolio/analysis/return,,Arithmetic Return,r,high,computes portfolio return no state change,3,x,floor,,OVER-TIGHT
1577,POST,portfoliooptimizer.io,,POST,/portfolio/analysis/returns/average,,Arithmetic Average Return,r,high,computes average return no state change,3,x,floor,,OVER-TIGHT
1578,POST,portfoliooptimizer.io,,POST,/portfolio/analysis/sharpe-ratio/bias-adjusted,,Bias-Adjusted Sharpe Ratio,r,high,computes sharpe ratio no state change,3,x,floor,,OVER-TIGHT
1579,POST,portfoliooptimizer.io,,POST,/portfolio/analysis/sharpe-ratio/probabilistic,,Probabilistic Sharpe Ratio,r,high,computes sharpe ratio no state change,3,x,floor,,OVER-TIGHT
1580,POST,portfoliooptimizer.io,,POST,/portfolio/optimization/equal-risk-contributions,,Equal Risk Contributions Portfolio,r,high,computes portfolio weights no state change,3,x,floor,,OVER-TIGHT
1581,POST,portfoliooptimizer.io,,POST,/portfolio/optimization/equal-sharpe-ratio-contributions,,Equal Sharpe Ratio Contributions Portfolio,r,high,computes portfolio weights no state change,3,x,floor,,OVER-TIGHT
1582,POST,portfoliooptimizer.io,,POST,/portfolio/optimization/mean-variance-efficient,,Mean-Variance Efficient Portfolio,r,high,computes portfolio weights no state change,3,x,floor,,OVER-TIGHT
1583,GET,pressassociation.io,,GET,/platform,listPlatforms,Platform Collection,r,high,list platforms read only,1,r,method,,ok
1584,W,probely.com,probely.com,DELETE,/targets/{target_id}/keys/{id}/,,Delete target API key,w,high,delete own api key rule6,2,w,yours-noun,evidence,ok
1585,W,probely.com,probely.com,DELETE,/targets/{target_id}/scheduledscans/{id}/,,Delete,w,high,delete own scheduled scan rule9,2,w,floor,x-pile,ok
1586,W,probely.com,probely.com,PUT,/targets/{target_id}/findings/{id}/,,Update finding,w,high,update own finding record,2,w,floor,x-pile,ok
1587,W,probely.com,probely.com,PUT,/targets/{target_id}/integrations/jira-server/,,Update Jira Server target configuration,w,high,update own integration config,2,w,floor,x-pile,ok
1588,GET,ptv.vic.gov.au,,GET,/v3/runs/{run_ref}/route_type/{route_type},Runs_ForRunAndRouteType,View the trip/service run for a specific run_ref and route type,r,high,read run detail read only,1,r,method,,ok
1589,GET,ptv.vic.gov.au,,GET,/v3/runs/route/{route_id}/route_type/{route_type},Runs_ForRouteAndRouteType,View all trip/service runs for a specific route ID and route type,r,high,read runs list read only,1,r,method,,ok
1590,GET,ptv.vic.gov.au,,GET,/v3/search/{search_term},Search_Search,"View stops, routes and myki ticket outlets that match the search term",r,high,search stops routes read only,1,r,method,,ok
1591,POST,qualpay.com,,POST,/ardef,Get Card Type Information ,"Get Card type Information for Visa, Mastercard, and Discover",r,high,get card type info read only,1,r,read-verb,,ok
1592,POST,qualpay.com,,POST,/credit,Credit,Issue Credit to Cardholder,x,high,road1c issues credit moves money,3,x,floor,,ok
1593,POST,qualpay.com,,POST,/tokenize,Tokenize,Tokenize Card,w,high,stores card token no charge rule10,3,x,floor,,FALSE-ALARM
1594,GET,rapidapi.com,,GET,/api/v2/predictions,,,r,high,read predictions list read only,1,r,method,,ok
1595,GET,rawg.io,,GET,/games/{game_pk}/screenshots,games_screenshots_list,Get screenshots for the game.,r,high,read screenshots list read only,1,r,method,,ok
1596,GET,rawg.io,,GET,/games/{id}/reddit,games_reddit_read,Get a list of most recent posts from the game's subreddit.,r,high,read reddit posts list read only,1,r,method,,ok
1597,GET,rawg.io,,GET,/tags,tags_list,Get a list of tags.,r,high,read tags list read only,1,r,method,,ok
1598,W,rebilly.com,rebilly.com,DELETE,/attachments/{id},DeleteAttachment,Delete an Attachment,w,high,delete own attachment record,2,w,yours-noun,evidence,ok
1599,W,rebilly.com,rebilly.com,DELETE,/blocklists/{id},DeleteBlocklist,Delete a blocklist,w,high,delete own blocklist definition rule4,2,w,floor,x-pile,ok
1600,W,rebilly.com,rebilly.com,DELETE,/customers/{id},DeleteCustomer,Merge and delete a customer,w,high,merge and delete own customer record rule1,3,x,live-verb,,FALSE-ALARM
1601,W,rebilly.com,rebilly.com,DELETE,/invoices/{id}/timeline/{messageId},DeleteInvoiceTimeline,Delete an Invoice Timeline message,w,high,rule 1 own invoice timeline record,3,x,other-noun,,FALSE-ALARM
1602,W,rebilly.com,rebilly.com,DELETE,/password-tokens/{id},DeletePasswordToken,Delete a Reset Password Token,x,low,rule 2 deletes reset password recovery data,2,w,floor,x-pile,LEAK
1603,W,rebilly.com,rebilly.com,DELETE,/transactions/{id}/timeline/{messageId},DeleteTransactionTimeline,Delete a Transaction Timeline message,w,high,rule 1 own transaction timeline record,3,x,other-noun,,FALSE-ALARM
1604,W,rebilly.com,rebilly.com,PATCH,/tags/{tag},PatchTag,Update a tag,w,high,rule 4 tag definition update,2,w,yours-noun,evidence,ok
1605,W,rebilly.com,rebilly.com,PUT,/attachments/{id},PutAttachment,Update the Attachment with predefined ID,w,high,rule 1 own attachment record,2,w,yours-noun,evidence,ok
1606,W,rebilly.com,rebilly.com,PUT,/subscriptions/{id},PutSubscription,Upsert an order with predefined ID,w,low,rule 1 own order record upsert,3,x,other-noun,,FALSE-ALARM
1607,POST,remove.bg,,POST,/removebg,,Remove the background of an image,r,high,image processing returns result no change,3,x,floor,,OVER-TIGHT
1608,W,reverb.com,reverb.com,DELETE,/shop/vacation,,Disable vacation mode. All listings will be re-enabled.,x,high,road 1a relists all listings publicly,2,w,floor,x-pile,LEAK
1609,W,rumble.run,rumble.run,DELETE,/account/credentials/{credential_id},removeAccountCredential,Remove this credential,w,low,rule 6 own credential removed,3,x,other-noun,,FALSE-ALARM
1610,W,rumble.run,rumble.run,DELETE,/account/orgs/{org_id},removeAccountOrganization,Remove this organization,w,high,rule 4 organization definition removed,3,x,other-noun,,FALSE-ALARM
1611,W,rumble.run,rumble.run,PATCH,/account/orgs/{org_id}/exportToken/rotate,rotateAccountOrganizationExportToken,Rotates the organization export token and returns the updated organization,w,high,rule 6 own export token rotated,3,x,other-noun,,FALSE-ALARM
1612,W,rumble.run,rumble.run,PATCH,/org/assets/bulk/tags,updateBulkAssetTags,Update tags across multiple assets based on a search query,w,high,rule 1 own asset tags updated,2,w,floor,x-pile,ok
1613,W,rumble.run,rumble.run,PATCH,/org/sites/{site_id},updateSite,Update a site definition,w,high,rule 4 site definition update,2,w,yours-noun,evidence,ok
1614,W,rumble.run,rumble.run,PUT,/org/sites/{site_id}/import/nessus,importNessusScanData,Import a Nessus scan data file into a site,x,high,rule 12 triggers import job each call,2,w,floor,x-pile,LEAK
1615,POST,scideas.net,,POST,/regression/api,,Returns regression analysis.,r,high,calculation returns regression result,3,x,floor,,OVER-TIGHT
1616,GET,scrapewebsite.email,,GET,/v1/ping.json,GET-v1-ping---format-,Returns whether the system is up.,r,high,GET health check no change,1,r,method,,ok
1617,POST,seldon.local,,POST,/seldon/{namespace}/{deployment}/api/v1.0/feedback,SendFeedback,,w,low,creates own feedback record no reach text,3,x,floor,,FALSE-ALARM
1618,POST,seldon.local,,POST,/seldon/{namespace}/{deployment}/api/v1.0/predictions,Predict,,r,high,GET style prediction returns result,3,x,floor,,OVER-TIGHT
1619,POST,seldon.local,,POST,/send-feedback,SendFeedback,,w,low,creates own feedback record no reach text,3,x,floor,,FALSE-ALARM
1620,W,sendgrid.com,sendgrid.com,DELETE,/access_settings/whitelist,DELETE_access_settings-whitelist,Remove one or more IPs from the allow list,w,high,rule 6 own allowlist edited,2,w,floor,x-pile,ok
1621,W,sendgrid.com,sendgrid.com,DELETE,/campaigns/{campaign_id}/schedules,DELETE_campaigns-campaign_id-schedules,Unschedule a Scheduled Campaign,w,high,rule 9 cancels own scheduled campaign,2,w,floor,x-pile,ok
1622,W,sendgrid.com,sendgrid.com,DELETE,/contactdb/recipients,DELETE_contactdb-recipients,Delete Recipients,w,high,rule 1 own contact records deleted,3,x,other-noun,,FALSE-ALARM
1623,W,sendgrid.com,sendgrid.com,DELETE,/contactdb/segments/{segment_id},DELETE_contactdb-segments-segment_id,Delete a segment,w,high,rule 4 segment definition deleted,2,w,floor,x-pile,ok
1624,W,sendgrid.com,sendgrid.com,DELETE,/designs/{id},DELETE-design,Delete Design,w,high,rule 1 own design deleted,2,w,floor,x-pile,ok
1625,W,sendgrid.com,sendgrid.com,DELETE,/marketing/contacts,DELETE_mc-contacts,Delete Contacts,w,high,rule 1 own contacts deleted,2,w,floor,x-pile,ok
1626,W,sendgrid.com,sendgrid.com,DELETE,/senders/{sender_id},DELETE_v3-senders-sender_id,Delete a Sender Identity,w,high,rule 1 own sender identity deleted,3,x,other-noun,,FALSE-ALARM
1627,W,sendgrid.com,sendgrid.com,DELETE,/subusers/{subuser_name}/monitor,DELETE_subusers-subuser_name-monitor,Delete monitor settings,w,high,own monitor settings deleted,2,w,floor,x-pile,ok
1628,W,sendgrid.com,sendgrid.com,DELETE,/templates/{template_id},DELETE_templates-template_id,Delete a template.,w,high,rule 1 own template deleted,2,w,yours-noun,evidence,ok
1629,W,sendgrid.com,sendgrid.com,DELETE,/templates/{template_id}/versions/{version_id},DELETE_templates-template_id-versions-version_id,Delete a transactional template version.,w,high,rule 1 own template version deleted,2,w,yours-noun,evidence,ok
1630,W,sendgrid.com,sendgrid.com,DELETE,/whitelabel/links/{id},DELETE_whitelabel-links-id,Delete a branded link,w,high,own branded link deleted,2,w,floor,x-pile,ok
1631,W,sendgrid.com,sendgrid.com,PATCH,/api_keys/{api_key_id},PATCH_api_keys-api_key_id,Update API key name,w,high,rule 6 own api key renamed,2,w,yours-noun,evidence,ok
1632,W,sendgrid.com,sendgrid.com,PATCH,/contactdb/segments/{segment_id},PATCH_contactdb-segments-segment_id,Update a segment,w,high,rule 4 segment definition updated,2,w,floor,x-pile,ok
1633,W,sendgrid.com,sendgrid.com,PATCH,/mail_settings/bounce_purge,PATCH_mail_settings-bounce_purge,Update bounce purge mail settings,w,high,own mail settings updated,2,w,floor,x-pile,ok
1634,W,sendgrid.com,sendgrid.com,PATCH,/mail_settings/template,PATCH_mail_settings-template,Update template mail settings,w,high,own mail settings updated,2,w,yours-noun,evidence,ok
1635,W,sendgrid.com,sendgrid.com,PATCH,/teammates/{username},PATCH_v3-teammates-username,Update teammate's permissions,x,high,road 1b changes teammate permissions,3,x,other-noun,,ok
1636,W,sendgrid.com,sendgrid.com,PATCH,/templates/{template_id},PATCH_templates-template_id,Edit a transactional template.,w,high,rule 1 own template edited,2,w,yours-noun,evidence,ok
1637,W,sendgrid.com,sendgrid.com,PATCH,/templates/{template_id}/versions/{version_id},PATCH_templates-template_id-versions-version_id,Edit a transactional template version.,w,high,rule 1 own template version edited,2,w,yours-noun,evidence,ok
1638,W,sendgrid.com,sendgrid.com,PATCH,/tracking_settings/subscription,PATCH_tracking_settings-subscription,Update Subscription Tracking Settings,w,high,own tracking settings updated,2,w,floor,x-pile,ok
1639,W,sendgrid.com,sendgrid.com,PATCH,/user/webhooks/event/settings,PATCH_user-webhooks-event-settings,Update Event Notification Settings,w,high,own webhook settings updated,3,x,other-noun,,FALSE-ALARM
1640,W,sendgrid.com,sendgrid.com,PATCH,/verified_senders/{id},PATCH_verified_senders-id,Edit Verified Sender,w,high,own sender identity edited,2,w,yours-noun,evidence,ok
1641,W,sendgrid.com,sendgrid.com,PATCH,/whitelabel/links/{id},PATCH_whitelabel-links-id,Update a branded link,w,high,own branded link edited,2,w,floor,x-pile,ok
1642,W,sendgrid.com,sendgrid.com,PUT,/marketing/singlesends/{id}/schedule,PUT_marketing-singlesends-id-schedule,Schedule Single Send,x,high,road 1a schedules email delivery to recipients,2,w,floor,x-pile,LEAK
1643,GET,setlist.fm,,GET,/1.0/search/artists,resource__1.0_search_artists_getArtists_GET,Search for artists.,r,high,GET search no change,1,r,method,,ok
1644,GET,setlist.fm,,GET,/1.0/user/{userId}/attended,resource__1.0_user__userId__attended_getUserAttendedSetlists_GET,.,r,high,GET read attended setlists,1,r,method,,ok
1645,POST,simplivpn.net,,POST,/login,Login,Login,w,low,rule 11 creates own login session,3,x,floor,,FALSE-ALARM
1646,W,sinao.app,sinao.app,DELETE,/apps/{appId}/accountcategories/{id},app.accounting.categories.delete,Remove a category,w,high,rule 4 category definition removed,2,w,yours-noun,evidence,ok
1647,W,sinao.app,sinao.app,DELETE,/apps/{appId}/invoices/{id}/attach,app.documents.sales.invoices.detach,Detach a file at an invoice,w,high,rule 1 own invoice attachment removed,2,w,yours-noun,evidence,ok
1648,W,sinao.app,sinao.app,DELETE,/apps/{appId}/persons/{id},app.contacts.persons.delete,Remove a person,w,high,rule 1 own person record removed,2,w,yours-noun,evidence,ok
1649,W,sinao.app,sinao.app,DELETE,/apps/{appId}/productstocks/{id},app.catalog.stocks.delete,Remove a stocks,w,high,rule 1 own stock record removed,2,w,yours-noun,evidence,ok
1650,W,sinao.app,sinao.app,DELETE,/apps/{appId}/purchases/{id},app.documents.purchases.purchases.delete,Remove a purchase,w,high,rule 1 own purchase record removed,2,w,yours-noun,evidence,ok
1651,W,sinao.app,sinao.app,DELETE,/apps/{appId}/purchases/batch,app.documents.purchases.purchases.batch_delete,Delete many purchases,w,high,rule 1 own purchase records removed,2,w,floor,x-pile,ok
1652,W,sinao.app,sinao.app,DELETE,/apps/{appId}/rules/{id},app.rules.delete,Remove a rule,w,high,rule 4 rule definition removed,2,w,yours-noun,evidence,ok
1653,W,sinao.app,sinao.app,DELETE,/apps/{appId}/salesdocumentmodels/{id},app.documents.sales.models.delete,Remove a sales document model,w,high,rule 4 document model definition removed,2,w,yours-noun,evidence,ok
1654,W,sinao.app,sinao.app,DELETE,/apps/{appId}/subscription/source,app.subscription.remove_source,Remove creditcard or sepadebit,w,high,rule 10 removes own payment method,3,x,other-noun,,FALSE-ALARM
1655,W,sinao.app,sinao.app,DELETE,/apps/{appId}/transactions/{id}/attach,app.cashflow.transactions.detach,Detach a file,w,high,rule 1 own transaction attachment removed,2,w,floor,x-pile,ok
1656,W,sinao.app,sinao.app,DELETE,/apps/access/invite/{accessToken},app.policies.registration.delete,Delete an invitation from token,x,low,rule 4 revokes an invitation,3,x,other-noun,,ok
1657,GET,skynewz-api-fortnite.herokuapp.com,,GET,/stats/id/{plateform}/{id},,Get user's stats by user id,r,high,GET read user stats,1,r,method,,ok
1658,POST,skynewz-api-fortnite.herokuapp.com,,POST,/oauth/token,,Get a Bearer token,r,low,GET style token exchange no state change,3,x,floor,,OVER-TIGHT
1659,W,slicebox.local,slicebox.local,PUT,/seriestypes/{id},,,x,high,rule 12 triggers async labelling job,2,w,floor,x-pile,LEAK
1660,POST,sms77.io,,POST,/contacts,ContactsPOST,,w,low,creates own contact record,3,x,floor,,FALSE-ALARM
1661,POST,sms77.io,,POST,/lookup,Lookup,,r,high,lookup returns data no change,1,r,read-verb,,ok
1662,POST,sms77.io,,POST,/validate_for_voice,ValidateForVoice,,r,high,validation returns result no change,3,x,floor,,OVER-TIGHT
1663,POST,sms77.io,,POST,/voice,Voice,,x,low,dispatches a voice call to a number,3,x,floor,,ok
1664,POST,solarvps.com,,POST,/dns/{domain}/add,,Add dns record for given domain,w,high,rule 6 own dns record added,3,x,floor,,FALSE-ALARM
1665,POST,solarvps.com,,POST,/domains/delete,,Delete domain from SolarVPS Distributed DNS,w,high,rule 6 own dns record deleted,3,x,floor,,FALSE-ALARM
1666,POST,solarvps.com,,POST,/tickets/{ticketid}/update,,Post a reply to a ticket,x,low,road 1a reply reaches support staff,3,x,floor,,ok
1667,POST,spinbot.net,,POST,/api/pretty-spinner,postPrettySpinner,Human readable auto rewrite your article.,r,high,text rewrite returns result no change,3,x,floor,,OVER-TIGHT
1668,GET,sportsdata.io,,GET,/{format}/BoxScoreV3/{season}/{week}/{hometeam},BoxScoreV,Box Score V3,r,high,GET read box score,1,r,method,,ok
1669,GET,sportsdata.io,,GET,/{format}/PlayerGameProjectionStatsByWeek/{season}/{week},ProjectedPlayerGameStatsByWeekWInjuriesLineupsDfsSalaries,"Projected Player Game Stats by Week (w/ Injuries, Lineups, DFS Salaries)",r,high,GET read projected stats,1,r,method,,ok
1670,GET,sportsdata.io,,GET,/{format}/PlayerGameStatsByPlayerID/{season}/{week}/{playerid},PlayerGameStatsByPlayer,Player Game Stats by Player,r,high,GET read player stats,1,r,method,,ok
1671,GET,sportsdata.io,,GET,/{format}/PlayerSeasonRedZoneStats/{season},PlayerSeasonRedZoneStats,Player Season Red Zone Stats,r,high,GET read player stats,1,r,method,,ok
1672,GET,sportsdata.io,,GET,/{format}/PlayerSeasonStats/{season},PlayerSeasonStats,Player Season Stats,r,high,GET read player stats,1,r,method,,ok
1673,GET,sportsdata.io,,GET,/{format}/RotoBallerPremiumNews,PremiumNews,Premium News,r,high,GET read premium news,1,r,method,,ok
1674,GET,sportsdata.io,,GET,/{format}/TeamGameStatsByDate/{date},TeamGameStatsByDate,Team Game Stats by Date,r,high,GET read team stats,1,r,method,,ok
1675,W,spotify.com,spotify.com,PUT,/me/player/volume,set-volume-for-users-playback,Set Playback Volume,w,high,rule 1 own playback device setting,3,x,other-noun,,FALSE-ALARM
1676,W,spotify.com,spotify.com,PUT,/me/tracks,save-tracks-user,Save Tracks for Current User,w,high,rule 1 own music library saved,3,x,other-noun,,FALSE-ALARM
1677,W,squareup.com,squareup.com,PUT,/v2/labor/shifts/{id},UpdateShift,UpdateShift,w,high,rule 1 own shift record updated,2,w,floor,x-pile,ok
1678,GET,stackexchange.com,,GET,/answers,,,r,high,GET read answers no change,1,r,method,,ok
1679,GET,stackexchange.com,,GET,/info,,,r,high,GET read site info,1,r,method,,ok
1680,GET,stackexchange.com,,GET,/me/reputation,,,r,high,GET read own reputation,1,r,method,,ok
1681,GET,stackexchange.com,,GET,/me/suggested-edits,,,r,high,GET read own suggested edits,1,r,method,,ok
1682,GET,stackexchange.com,,GET,/tags/{tag}/top-askers/{period},,,r,high,GET read top askers,1,r,method,,ok
1683,POST,stackexchange.com,,POST,/posts/{id}/comments/add,,,x,high,road 1a posts public comment,3,x,floor,,ok
1684,POST,statsocial.com,,POST,/reports/status/,,Get list of generated reports,r,high,returns list of generated reports,3,x,floor,,OVER-TIGHT
1685,POST,statsocial.com,,POST,/reports/twitter/create/,,Used to create twitter follower report,w,low,creates own stored report,3,x,floor,,FALSE-ALARM
1686,W,superset.apache.local,superset.apache.local,DELETE,/dataset/{pk}/metric/{metric_id},,,w,high,rule 4 dataset metric deleted,2,w,floor,x-pile,ok
1687,W,swaggerhub.com,swaggerhub.com,DELETE,/apis/{owner}/{api}/{version}/comments/{comment},deleteApiCommentV2,Delete a comment,w,high,own comment deleted,2,w,yours-noun,evidence,ok
1688,W,swaggerhub.com,swaggerhub.com,DELETE,/domains/{owner}/{domain}/{version},deleteDomainVersion,Delete a domain version,w,high,rule 4 domain version deleted,2,w,floor,x-pile,ok
1689,POST,symanto.net,,POST,/communication,communication,Communication & Tonality,r,high,text analysis returns labels no change,3,x,floor,,OVER-TIGHT
1690,POST,symanto.net,,POST,/ekman-emotion,ekman-emotion,Emotion Analysis,r,high,text analysis returns labels no change,3,x,floor,,OVER-TIGHT
1691,POST,symanto.net,,POST,/language-detection,language-detection,Language Detection,r,high,text analysis returns labels no change,3,x,floor,,OVER-TIGHT
1692,POST,symanto.net,,POST,/personality,personality,Personality Traits,r,high,text analysis returns labels no change,3,x,floor,,OVER-TIGHT
1693,POST,symanto.net,,POST,/sentiment,sentiment,Sentiment Analysis,r,high,text analysis returns labels no change,3,x,floor,,OVER-TIGHT
1694,POST,synq.fm,,POST,/video/stream,stream,Returns urls for streaming.,x,high,road 1d creates stream others watch,3,x,floor,,ok
1695,POST,taggun.io,,POST,/api/account/v1/feedback,postApiAccountV1Feedback,Add manually verified receipt data to a given receipt for feedback and training purposes,w,high,rule 1 own receipt feedback edited,3,x,floor,,FALSE-ALARM
1696,POST,taggun.io,,POST,/api/account/v1/merchantname/add,postApiAccountV1MerchantnameAdd,Add a keyword to your account's model to predict merchant name. Changes in your account's model are updated daily.,w,high,own account model keyword added,3,x,floor,,FALSE-ALARM
1697,POST,taggun.io,,POST,/api/receipt/v1/match/file,postApiReceiptV1MatchFile,detect and match a receipt against keywords and metadata by uploading an image file,r,high,lookup match returns result no change,3,x,floor,,OVER-TIGHT
1698,POST,taggun.io,,POST,/api/receipt/v1/simple/file,postApiReceiptV1SimpleFile,transcribe a receipt by uploading an image file,r,high,transcription returns result no change,3,x,floor,,OVER-TIGHT
1699,POST,taggun.io,,POST,/api/receipt/v1/simple/storage,postApiReceiptV1SimpleStorage,transcribe a receipt in storage,r,high,transcription returns result no change,3,x,floor,,OVER-TIGHT
1700,POST,telegram.org,,POST,/answerPreCheckoutQuery,,,x,high,road 1c confirms payment with buyer,3,x,floor,,ok
1701,POST,telegram.org,,POST,/editMessageMedia,,,x,low,road 1a edits message others already saw,3,x,floor,,ok
1702,POST,telegram.org,,POST,/exportChatInviteLink,,,x,high,road 1b revokes and issues invite link,3,x,floor,,ok
1703,POST,telegram.org,,POST,/getChatMembersCount,,,r,high,GET style count returns result no change,1,r,read-verb,,ok
1704,POST,telegram.org,,POST,/sendPoll,,,x,high,road 1a sends poll message to chat,3,x,floor,,ok
1705,POST,telegram.org,,POST,/sendSticker,,,x,high,road 1a sends sticker message to chat,3,x,floor,,ok
1706,POST,telegram.org,,POST,/setChatDescription,,,w,high,rule 4 chat container description edited,3,x,floor,,FALSE-ALARM
1707,POST,telegram.org,,POST,/setChatTitle,,,w,high,rule 4 chat container title edited,3,x,floor,,FALSE-ALARM
1708,POST,telegram.org,,POST,/setStickerSetThumb,,,w,high,own sticker set thumbnail set,3,x,floor,,FALSE-ALARM
1709,POST,telegram.org,,POST,/stopMessageLiveLocation,,,x,high,road 1d live feed to viewers halts,3,x,floor,,ok
1710,POST,telegram.org,,POST,/unpinAllChatMessages,,,w,high,rule 4 own chat container edited,3,x,floor,,FALSE-ALARM
1711,POST,telegram.org,,POST,/uploadStickerFile,,,w,high,own sticker file uploaded,3,x,floor,,FALSE-ALARM
1712,GET,telematicssdk.com,,GET,/statistics/v1/Scorings/consolidated,/v1/scorings/consolidated,/v1/Scorings/consolidated,r,low,GET no description assume read,1,r,method,,ok
1713,GET,telematicssdk.com,,GET,/statistics/v1/Statistics/consolidated,/v1/statistics/consolidated,/v1/Statistics/consolidated,r,low,GET no description assume read,1,r,method,,ok
1714,W,telnyx.com,telnyx.com,DELETE,/call_control_applications/{id},deleteCallControlApplication,Delete a call control application,w,high,own call control app deleted,3,x,other-noun,,FALSE-ALARM
1715,W,telnyx.com,telnyx.com,DELETE,/credential_connections/{id},deleteCredentialConnection,Delete a credential connection,w,high,own credential connection deleted,2,w,floor,x-pile,ok
1716,W,telnyx.com,telnyx.com,DELETE,/fqdns/{id},deleteFqdn,Delete an FQDN,w,high,own fqdn deleted,2,w,floor,x-pile,ok
1717,W,telnyx.com,telnyx.com,DELETE,/media/{media_name},deleteMedia,Deletes stored media,w,high,own stored media deleted,2,w,yours-noun,evidence,ok
1718,W,telnyx.com,telnyx.com,DELETE,/messaging_hosted_numbers/{id},deleteMessagingHostedNumber,Delete a messaging hosted number,w,high,own hosted number deleted,2,w,floor,x-pile,ok
1719,W,telnyx.com,telnyx.com,DELETE,/messaging_profiles/{id},deleteMessagingProfile,Delete a messaging profile,w,high,own messaging profile deleted,2,w,floor,x-pile,ok
1720,W,telnyx.com,telnyx.com,DELETE,/reports/batch_mdr_reports/{id},deleteMdrRequest,,w,high,own report deleted,3,x,other-noun,,FALSE-ALARM
1721,W,telnyx.com,telnyx.com,DELETE,/reports/mdr_usage_reports/{id},deleteUsageReport,,w,high,own report deleted,3,x,other-noun,,FALSE-ALARM
1722,W,telnyx.com,telnyx.com,DELETE,/sim_cards/{id},SimCardDelete,Deletes a SIM card,x,high,road 1d decommissions physical sim device,2,w,floor,x-pile,LEAK
1723,W,telnyx.com,telnyx.com,DELETE,/sim_cards/{sim_card_id}/network_preferences,SIMCardNetworkPreferencesDelete,DELETE network preferences,w,low,own sim network preferences reset,2,w,floor,x-pile,ok
1724,W,telnyx.com,telnyx.com,DELETE,/sim_cards/{sim_card_id}/public_ip,SIMCardPublicIPDelete,Delete SIM card public IP,w,high,own sim public ip removed,2,w,floor,x-pile,ok
1725,W,telnyx.com,telnyx.com,PATCH,/call_control_applications/{id},updateCallControlApplication,Update a call control application,w,high,own call control app updated,3,x,other-noun,,FALSE-ALARM
1726,W,telnyx.com,telnyx.com,PATCH,/comments/{id}/read,markCommentRead,Mark a comment as read,w,high,rule 11 mark comment as read,2,w,yours-noun,evidence,ok
1727,W,telnyx.com,telnyx.com,PATCH,/fqdn_connections/{id},updateFqdnConnection,Update an FQDN connection,w,high,own fqdn connection updated,2,w,floor,x-pile,ok
1728,W,telnyx.com,telnyx.com,PATCH,/ip_connections/{id},updateIpConnection,Update an Ip connection,w,high,own ip connection updated,2,w,yours-noun,evidence,ok
1729,W,telnyx.com,telnyx.com,PATCH,/notification_profiles/{id},updateNotificationProfile,Update a notification profile,w,high,own notification profile updated,2,w,floor,x-pile,ok
1730,W,telnyx.com,telnyx.com,PATCH,/number_order_documents/{number_order_document_id},updateNumberOrderDocument,Update a number order document,w,high,own number order document updated,3,x,other-noun,,FALSE-ALARM
1731,W,telnyx.com,telnyx.com,PATCH,/phone_numbers/{id}/messaging,updatePhoneNumberWithMessagingSettings,Update a phone number with messaging settings,w,high,own phone number settings updated,2,w,floor,x-pile,ok
1732,W,telnyx.com,telnyx.com,PATCH,/phone_numbers/inbound_channels,updateOutboundChannels,Update inbound channels,w,high,own account channel settings updated,2,w,floor,x-pile,ok
1733,W,telnyx.com,telnyx.com,PATCH,/short_codes/{id},updateShortCode,Update short code,w,high,own short code settings updated,2,w,floor,x-pile,ok
1734,W,telnyx.com,telnyx.com,PATCH,/telephony_credentials/{id},UpdateTelephonyCredential,Update a credential,w,high,rule 6 own credential updated,2,w,floor,x-pile,ok
1735,W,telnyx.com,telnyx.com,PATCH,/verify_profiles/{verify_profile_id},updateVerifyProfile,Update a Verify profile,w,high,own verify profile updated,2,w,floor,x-pile,ok
1736,W,telnyx.com,telnyx.com,PUT,/sim_cards/{sim_card_id}/network_preferences,SIMCardNetworkPreferencesPut,Set network preferences,w,high,own sim network preferences set,2,w,floor,x-pile,ok
1737,GET,tfl.gov.uk,,GET,/TravelTimes/overlay/{z}/mapcenter/{mapCenterLat}/{mapCenterLon}/pinlocation/{pinLat}/{pinLon}/dimensions/{width}/{height},TravelTime_GetOverlay,Gets the TravelTime overlay.,r,high,GET read travel time overlay,1,r,method,,ok
1738,GET,thebluealliance.com,,GET,/district/{district_key}/rankings,getDistrictRankings,,r,high,GET read district rankings,1,r,method,,ok
1739,GET,thebluealliance.com,,GET,/event/{event_key}/matches/simple,getEventMatchesSimple,,r,high,GET read event matches,1,r,method,,ok
1740,GET,thebluealliance.com,,GET,/event/{event_key}/teams/statuses,getEventTeamsStatuses,,r,high,GET read team statuses,1,r,method,,ok
1741,GET,thebluealliance.com,,GET,/team/{team_key}/media/tag/{media_tag}/{year},getTeamMediaByTagYear,,r,high,GET read team media,1,r,method,,ok
1742,GET,thebluealliance.com,,GET,/team/{team_key}/years_participated,getTeamYearsParticipated,,r,high,GET read team years participated,1,r,method,,ok
1743,GET,thenounproject.com,,GET,/icons/recent_uploads,getRecentIcons,Get recent icons,r,high,GET read recent icons,1,r,method,,ok
1744,POST,tinyuid.com,,POST,/v1/shorten,,Create short link,w,low,creates own short link record,3,x,floor,,FALSE-ALARM
1745,GET,tisane.ai,,GET,/values,listFeatureValues,List feature values,r,high,GET read feature values,1,r,method,,ok
1746,GET,tokenjay.app,,GET,/createbabel/{address},ergoPayCreateBabelBox,,x,low,operationId names create action despite GET,1,r,method,,LEAK
1747,POST,tokenjay.app,,POST,/payment/addrequest,addPaymentRequest,Creates a new payment request. Will return request id to check for transaction state and ergopay url to show the user as QR code,w,high,rule 10 creates payment request no charge,3,x,floor,,FALSE-ALARM
1748,POST,tomtom.com,,POST,/routing/{versionNumber}/calculateReachableRange/{origin}/{contentType},,Reachable Range,r,high,calculation returns reachable range no change,3,x,floor,,OVER-TIGHT
1749,W,traccar.org,traccar.org,DELETE,/session,,Close the Session,w,high,rule 11 closes own session,3,x,other-noun,,FALSE-ALARM
1750,W,trashnothing.com,trashnothing.com,PUT,/conversations/{conversation_id}/mark-read,mark_conversation_read,Mark conversation as read,w,high,rule 11 mark conversation as read,3,x,other-noun,,FALSE-ALARM
1751,W,trashnothing.com,trashnothing.com,PUT,/posts/{post_id}/withdraw,withdraw_post,Withdraw a post,w,high,rule 1 own post withdrawn,2,w,floor,x-pile,ok
1752,W,trello.com,trello.com,DELETE,/boards/{idBoard}/powerUps/{powerUp},deleteBoardsPowerUpsByIdBoardByPowerUp,deleteBoardsPowerUpsByIdBoardByPowerUp(),w,high,own board powerup removed,2,w,floor,x-pile,ok
1753,W,trello.com,trello.com,DELETE,/cards/{idCard}/actions/{idAction}/comments,deleteCardsActionsCommentsByIdCardByIdAction,deleteCardsActionsCommentsByIdCardByIdAction(),w,high,own card comment deleted,2,w,yours-noun,evidence,ok
1754,W,trello.com,trello.com,DELETE,/cards/{idCard}/membersVoted/{idMember},deleteCardsMembersVotedByIdCardByIdMember,deleteCardsMembersVotedByIdCardByIdMember(),w,high,rule 7 own vote removed,3,x,other-noun,,FALSE-ALARM
1755,W,trello.com,trello.com,PUT,/boards/{idBoard}/myPrefs/showSidebarActivity,updateBoardsMyPrefsShowSidebarActivityByIdBoard,updateBoardsMyPrefsShowSidebarActivityByIdBoard(),w,high,own preference updated,2,w,floor,x-pile,ok
1756,W,trello.com,trello.com,PUT,/boards/{idBoard}/prefs/calendarFeedEnabled,updateBoardsPrefsCalendarFeedEnabledByIdBoard,updateBoardsPrefsCalendarFeedEnabledByIdBoard(),w,high,own board preference updated,2,w,floor,x-pile,ok
1757,W,trello.com,trello.com,PUT,/boards/{idBoard}/prefs/invitations,updateBoardsPrefsInvitationsByIdBoard,updateBoardsPrefsInvitationsByIdBoard(),w,low,own board invitation preference updated,3,x,other-noun,,FALSE-ALARM
1758,W,trello.com,trello.com,PUT,/cards/{idCard}/checklist/{idChecklist}/checkItem/{idCheckItem}/pos,updateCardsChecklistCheckItemPosByIdCardByIdChecklistByIdCheckItem,updateCardsChecklistCheckItemPosByIdCardByIdChecklistByIdCheckItem(),w,high,own checklist item position updated,2,w,floor,x-pile,ok
1759,W,trello.com,trello.com,PUT,/cards/{idCard}/idBoard,updateCardsIdBoardByIdCard,updateCardsIdBoardByIdCard(),w,high,own card moved between boards,2,w,yours-noun,evidence,ok
1760,W,trello.com,trello.com,PUT,/checklists/{idChecklist}/idCard,updateChecklistsIdCardByIdChecklist,updateChecklistsIdCardByIdChecklist(),w,high,own checklist moved,2,w,floor,x-pile,ok
1761,W,trello.com,trello.com,PUT,/checklists/{idChecklist}/name,updateChecklistsNameByIdChecklist,updateChecklistsNameByIdChecklist(),w,high,own checklist name updated,2,w,floor,x-pile,ok
1762,W,trello.com,trello.com,PUT,/checklists/{idChecklist}/pos,updateChecklistsPosByIdChecklist,updateChecklistsPosByIdChecklist(),w,high,own checklist position updated,2,w,floor,x-pile,ok
1763,W,trello.com,trello.com,PUT,/lists/{idList},updateListsByIdList,updateListsByIdList(),w,high,own list updated,2,w,yours-noun,evidence,ok
1764,W,trello.com,trello.com,PUT,/members/{idMember}/initials,updateMembersInitialsByIdMember,updateMembersInitialsByIdMember(),w,high,rule 2 plain account detail edited,3,x,other-noun,,FALSE-ALARM
1765,W,trello.com,trello.com,PUT,/members/{idMember}/prefs/colorBlind,updateMembersPrefsColorBlindByIdMember,updateMembersPrefsColorBlindByIdMember(),w,high,rule 2 plain preference detail edited,3,x,other-noun,,FALSE-ALARM
1766,W,trello.com,trello.com,PUT,/members/{idMember}/prefs/locale,updateMembersPrefsLocaleByIdMember,updateMembersPrefsLocaleByIdMember(),w,high,rule 2 plain preference detail edited,3,x,other-noun,,FALSE-ALARM
1767,W,trello.com,trello.com,PUT,/members/{idMember}/savedSearches/{idSavedSearch}/query,updateMembersSavedSearchesQueryByIdMemberByIdSavedSearch,updateMembersSavedSearchesQueryByIdMemberByIdSavedSearch(),w,high,own saved search updated,3,x,other-noun,,FALSE-ALARM
1768,W,trello.com,trello.com,PUT,/notifications/{idNotification}/unread,updateNotificationsUnreadByIdNotification,updateNotificationsUnreadByIdNotification(),w,high,own notification marked unread,2,w,floor,x-pile,ok
1769,W,trello.com,trello.com,PUT,/organizations/{idOrg}/displayName,updateOrganizationsDisplayNameByIdOrg,updateOrganizationsDisplayNameByIdOrg(),w,high,rule 4 organization name definition updated,3,x,other-noun,,FALSE-ALARM
1770,W,trello.com,trello.com,PUT,/organizations/{idOrg}/members,updateOrganizationsMembersByIdOrg,updateOrganizationsMembersByIdOrg(),x,high,road 1b changes organization membership,3,x,other-noun,,ok
1771,W,trello.com,trello.com,PUT,/organizations/{idOrg}/memberships/{idMembership},updateOrganizationsMembershipsByIdOrgByIdMembership,updateOrganizationsMembershipsByIdOrgByIdMembership(),x,high,road 1b changes membership role,3,x,other-noun,,ok
1772,W,trello.com,trello.com,PUT,/sessions/{idSession}/status,updateSessionsStatusByIdSession,updateSessionsStatusByIdSession(),w,low,rule 3 no text session ownership unclear,3,x,other-noun,,FALSE-ALARM
1773,W,trello.com,trello.com,PUT,/tokens/{token}/webhooks,updateTokensWebhooksByToken,updateTokensWebhooksByToken(),w,high,own token webhook updated,2,w,floor,x-pile,ok
1774,W,trello.com,trello.com,PUT,/webhooks/{idWebhook},updateWebhooksByIdWebhook,updateWebhooksByIdWebhook(),w,high,own webhook updated,2,w,yours-noun,evidence,ok
1775,W,twilio.com,twilio,DELETE,/Sync/Services/{ServiceSid}/Lists/{ListSid}/Items/{Index},DeleteSyncSyncListItem,,w,high,own sync list item deleted,2,w,yours-noun,evidence,ok
1776,W,twilio.com,twilio,DELETE,/understand/Assistants/{AssistantSid}/Tasks/{TaskSid}/Fields/{Sid},DeleteUnderstandField,,w,high,own assistant field deleted,2,w,floor,x-pile,ok
1777,W,twilio.com,twilio,DELETE,/v1/Archives/{Date}/Calls/{Sid},DeleteArchivedCall,,w,high,own archived call record deleted,3,x,other-noun,,FALSE-ALARM
1778,W,twilio.com,twilio,DELETE,/v1/Assistants/{AssistantSid}/Tasks/{Sid},DeleteTask,,w,high,own assistant task deleted,2,w,yours-noun,evidence,ok
1779,W,twilio.com,twilio,DELETE,/v1/Assistants/{Sid},DeleteAssistant,,w,high,own assistant deleted,2,w,floor,x-pile,ok
1780,W,twilio.com,twilio,DELETE,/v1/Content/{Sid},DeleteContent,,w,high,own content resource deleted,2,w,yours-noun,evidence,ok
1781,W,twilio.com,twilio,DELETE,/v1/Conversations/{Sid},DeleteConversation,,w,high,own conversation removed,2,w,floor,x-pile,ok
1782,W,twilio.com,twilio,DELETE,/v1/CustomerProfiles/{Sid},DeleteCustomerProfile,,w,high,rule 1 own customer profile deleted,2,w,floor,x-pile,ok
1783,W,twilio.com,twilio,DELETE,/v1/Flows/{Sid},DeleteFlow,,w,high,own flow deleted,2,w,yours-noun,evidence,ok
1784,W,twilio.com,twilio,DELETE,/v1/NetworkAccessProfiles/{NetworkAccessProfileSid}/Networks/{Sid},DeleteNetworkAccessProfileNetwork,,w,high,own network resource removed,2,w,floor,x-pile,ok
1785,W,twilio.com,twilio,DELETE,/v1/Roles/{Sid},DeleteRole,,w,high,rule 4 role definition removed no access text,3,x,other-noun,,FALSE-ALARM
1786,W,twilio.com,twilio,DELETE,/v1/Services/{ServiceSid}/Builds/{Sid},DeleteBuild,,w,high,own build resource deleted,2,w,yours-noun,evidence,ok
1787,W,twilio.com,twilio,DELETE,/v1/Services/{ServiceSid}/Documents/{DocumentSid}/Permissions/{Identity},DeleteDocumentPermission,,x,high,road 1b deletes document permission,3,x,other-noun,,ok
1788,W,twilio.com,twilio,DELETE,/v1/Services/{ServiceSid}/Streams/{Sid},DeleteSyncStream,,w,high,own sync stream deleted,2,w,floor,x-pile,ok
1789,W,twilio.com,twilio,DELETE,/v1/SourceIpMappings/{Sid},DeleteSourceIpMapping,,w,high,own source ip mapping deleted,2,w,floor,x-pile,ok
1790,W,twilio.com,twilio,DELETE,/v1/SupportingDocuments/{Sid},DeleteSupportingDocument,,w,high,own supporting document deleted,2,w,floor,x-pile,ok
1791,W,twilio.com,twilio,DELETE,/v1/Trunks/{TrunkSid}/OriginationUrls/{Sid},DeleteOriginationUrl,,w,high,own origination url deleted,2,w,floor,x-pile,ok
1792,W,twilio.com,twilio,DELETE,/v1/TrustProducts/{TrustProductSid}/ChannelEndpointAssignments/{Sid},DeleteTrustProductChannelEndpointAssignment,,w,high,own assignment instance removed,3,x,other-noun,,FALSE-ALARM
1793,W,twilio.com,twilio,DELETE,/v2/SafeList/Numbers/{PhoneNumber},DeleteSafelist,,w,high,own safelist entry removed,2,w,floor,x-pile,ok
1794,W,twilio.com,twilio,DELETE,/v2/Services/{ServiceSid}/RateLimits/{RateLimitSid}/Buckets/{Sid},DeleteBucket,,w,high,own rate limit bucket deleted,2,w,yours-noun,evidence,ok
1795,W,twilio.com,twilio,DELETE,/v2/Services/{ServiceSid}/RateLimits/{Sid},DeleteRateLimit,,w,high,own rate limit deleted,2,w,yours-noun,evidence,ok
1796,W,twilio.com,twilio,DELETE,/v2/Services/{ServiceSid}/Users/{UserSid}/Channels/{ChannelSid},DeleteUserChannel,,x,high,road 1b removes user from channel,3,x,other-noun,,ok
1797,W,twilio.com,twilio,DELETE,/v2/Services/{ServiceSid}/Webhooks/{Sid},DeleteWebhook,,w,high,own webhook deleted,2,w,yours-noun,evidence,ok
1798,POST,uscann.net,,POST,/authentication/register,register,register,w,high,creates own account via registration,3,x,floor,,FALSE-ALARM
1799,POST,vectara.io,,POST,/v1/list-corpora,ListCorpora,,r,high,returns list of corpora no change,1,r,read-verb,,ok
1800,W,vercel.com,vercel,DELETE,/edge-config/{edgeConfigId},deleteEdgeConfig,Delete an Edge Config,w,high,own edge config deleted,3,x,other-noun,,FALSE-ALARM
1801,W,vercel.com,vercel,DELETE,/edge-config/{edgeConfigId}/tokens,deleteEdgeConfigTokens,Delete one or more Edge Config tokens,w,high,rule6 own edge config token,3,x,other-noun,,FALSE-ALARM
1802,W,vercel.com,vercel,DELETE,/v1/integrations/configuration/{id},deleteConfiguration,Delete an integration configuration,w,high,rule4 delete own integration container,2,w,yours-noun,evidence,ok
1803,W,vercel.com,vercel,DELETE,/v1/teams/{teamId}/invites/{inviteId},deleteTeamInviteCode,Delete a Team invite code,x,high,road1b revokes team invite code,3,x,live-verb,,ok
1804,W,vercel.com,vercel,DELETE,/v1/teams/{teamId}/members/{uid},removeTeamMember,Remove a Team Member,x,high,road1b removes team member access,3,x,other-noun,,ok
1805,W,vercel.com,vercel,DELETE,/v1/user,requestDelete,Delete User Account,w,high,rule2 delete own account,3,x,other-noun,,FALSE-ALARM
1806,W,vercel.com,vercel,DELETE,/v1/webhooks/{id},deleteWebhook,Deletes a webhook,w,high,rule4 delete own webhook,2,w,yours-noun,evidence,ok
1807,W,vercel.com,vercel,DELETE,/v13/deployments/{id},deleteDeployment,Delete a Deployment,w,high,delete own deployment,2,w,yours-noun,evidence,ok
1808,W,vercel.com,vercel,DELETE,/v2/domains/{domain}/records/{recordId},removeRecord,Delete a DNS record,w,high,rule6 own DNS record,3,x,other-noun,,FALSE-ALARM
1809,W,vercel.com,vercel,DELETE,/v2/secrets/{idOrName},deleteSecret,Delete a secret,w,high,rule6 own secret,2,w,yours-noun,evidence,ok
1810,W,vercel.com,vercel,DELETE,/v3/user/tokens/{tokenId},deleteAuthToken,Delete an authentication token,w,high,rule6 own auth token,2,w,floor,x-pile,ok
1811,W,vercel.com,vercel,DELETE,/v7/certs/{id},removeCert,Remove cert,w,high,rule6 own cert,3,x,other-noun,,FALSE-ALARM
1812,W,vercel.com,vercel,DELETE,/v9/projects/{idOrName},deleteProject,Delete a Project,w,high,rule4 delete own project,2,w,yours-noun,evidence,ok
1813,W,vercel.com,vercel,DELETE,/v9/projects/{idOrName}/domains/{domain},removeProjectDomain,Remove a domain from a project,w,high,remove domain from own project,3,x,other-noun,,FALSE-ALARM
1814,W,vercel.com,vercel,DELETE,/v9/projects/{idOrName}/env/{id},removeProjectEnv,Remove an environment variable,w,high,remove own project env var,3,x,other-noun,,FALSE-ALARM
1815,W,vercel.com,vercel,PATCH,/v1/domains/records/{recordId},updateRecord,Update an existing DNS record,w,high,rule6 update own DNS record,2,w,yours-noun,evidence,ok
1816,W,vercel.com,vercel,PATCH,/v12/deployments/{id}/cancel,cancelDeployment,Cancel a deployment,w,high,rule9 cancel own deployment,3,x,live-verb,,FALSE-ALARM
1817,W,vercel.com,vercel,PATCH,/v2/secrets/{name},renameSecret,Change secret name,w,high,rename own secret,2,w,yours-noun,evidence,ok
1818,W,vercel.com,vercel,PATCH,/v9/projects/{idOrName},updateProject,Update an existing project,w,high,update own project,2,w,yours-noun,evidence,ok
1819,W,vercel.com,vercel,PATCH,/v9/projects/{idOrName}/env/{id},editProjectEnv,Edit an environment variable,w,high,edit own env var,2,w,yours-noun,evidence,ok
1820,W,vercel.com,vercel,PUT,/edge-config/{edgeConfigId},updateEdgeConfig,Update an Edge Config,w,high,update own edge config,3,x,other-noun,,FALSE-ALARM
1821,W,vercel.com,vercel,PUT,/v7/certs,uploadCert,Upload a cert,w,high,upload own cert,2,w,floor,x-pile,ok
1822,W,vercel.com,vercel,PUT,/v8/artifacts/{hash},uploadArtifact,Upload a cache artifact,w,high,upload own cache artifact,2,w,floor,x-pile,ok
1823,POST,viator.com,,POST,/booking/availability/tourgrades/pricingmatrix,bookingAvailabilityTourgradesPricingmatrix,/booking/availability/tourgrades/pricingmatrix,r,high,POST read pricing matrix,3,x,floor,,OVER-TIGHT
1824,POST,viator.com,,POST,/booking/calculateprice,bookingCalculateprice,/booking/calculateprice,r,high,POST calculates price no charge,3,x,floor,,OVER-TIGHT
1825,POST,viator.com,,POST,/booking/pricingmatrix,bookingPricingmatrix,/booking/pricingmatrix,r,high,POST read pricing matrix,3,x,floor,,OVER-TIGHT
1826,POST,viator.com,,POST,/booking/status,bookingStatus,/booking/status,r,high,POST reads booking status,3,x,floor,,OVER-TIGHT
1827,POST,viator.com,,POST,/search/products,searchProducts,/search/products,r,high,POST search products,1,r,read-verb,,ok
1828,POST,viator.com,,POST,/search/products/codes,searchProductsCodes,/search/products/codes,r,high,POST search by product code,1,r,read-verb,,ok
1829,W,vimeo.com,vimeo.com,DELETE,/channels/{channel_id},delete_channel,Delete a channel,w,low,no description delete own channel,2,w,floor,x-pile,ok
1830,W,vimeo.com,vimeo.com,DELETE,/channels/{channel_id}/categories/{category},delete_channel_category,Remove a category from a channel,w,high,remove category from own channel,2,w,floor,x-pile,ok
1831,W,vimeo.com,vimeo.com,DELETE,/channels/{channel_id}/moderators/{user_id},remove_channel_moderator,Remove a specific channel moderator,x,high,road1b removes moderator role,3,x,other-noun,,ok
1832,W,vimeo.com,vimeo.com,DELETE,/me/categories/{category},unsubscribe_from_category_alt1,Unsubscribe a user from a category,w,high,rule7 own category subscription,3,x,other-noun,,FALSE-ALARM
1833,W,vimeo.com,vimeo.com,DELETE,/me/following/{follow_user_id},unfollow_user_alt1,Unfollow a user,w,high,rule7 unfollow own relation,3,x,other-noun,,FALSE-ALARM
1834,W,vimeo.com,vimeo.com,DELETE,/me/pictures/{portraitset_id},delete_picture_alt1,Delete a user picture,w,high,delete own picture,2,w,yours-noun,evidence,ok
1835,W,vimeo.com,vimeo.com,DELETE,/me/projects/{project_id},delete_project_alt1,Delete a project,w,high,rule4 cascade own project,2,w,yours-noun,evidence,ok
1836,W,vimeo.com,vimeo.com,DELETE,/me/watched/videos/{video_id},delete_from_watch_history,Delete a specific video from a user's watch history,w,high,delete own watch history entry,2,w,floor,x-pile,ok
1837,W,vimeo.com,vimeo.com,DELETE,/ondemand/pages/{ondemand_id}/backgrounds/{background_id},delete_vod_background,Remove a background from an On Demand page,w,high,remove own page background,2,w,floor,x-pile,ok
1838,W,vimeo.com,vimeo.com,DELETE,/tokens,delete_token,Revoke the current access token,w,high,rule6 revoke own token,3,x,live-verb,,FALSE-ALARM
1839,W,vimeo.com,vimeo.com,DELETE,/users/{user_id}/projects/{project_id}/videos,remove_videos_from_project,Remove a list of videos from a project,w,high,rule3 remove videos own project,3,x,other-noun,,FALSE-ALARM
1840,W,vimeo.com,vimeo.com,DELETE,/users/{user_id}/projects/{project_id}/videos/{video_id},remove_video_from_project,Remove a specific video from a project,w,high,rule3 remove video own project,3,x,other-noun,,FALSE-ALARM
1841,W,vimeo.com,vimeo.com,PATCH,/channels/{channel_id}/moderators,replace_channel_moderators,Replace the moderators of a channel,x,high,road1b replace channel moderators,2,w,floor,x-pile,LEAK
1842,W,vimeo.com,vimeo.com,PATCH,/ondemand/pages/{ondemand_id}/pictures/{poster_id},edit_vod_poster,Edit a poster of an On Demand page,w,high,edit own page picture,2,w,floor,x-pile,ok
1843,W,vimeo.com,vimeo.com,PATCH,/users/{user_id}/projects/{project_id},edit_project,Edit a project,w,high,edit own project,2,w,yours-noun,evidence,ok
1844,W,vimeo.com,vimeo.com,PATCH,/videos/{video_id}/pictures/{picture_id},edit_video_thumbnail,Edit a video thumbnail,w,high,edit own video thumbnail,2,w,yours-noun,evidence,ok
1845,W,vimeo.com,vimeo.com,PUT,/channels/{channel_id}/categories/{category},categorize_channel,Categorize a channel,w,high,add category to own channel,2,w,floor,x-pile,ok
1846,W,vimeo.com,vimeo.com,PUT,/channels/{channel_id}/moderators,add_channel_moderators,Add a list of channel moderators,x,high,road1b add channel moderators,3,x,other-noun,,ok
1847,W,vimeo.com,vimeo.com,PUT,/channels/{channel_id}/videos,add_videos_to_channel,Add a list of videos to a channel,w,high,add videos to own channel,3,x,other-noun,,FALSE-ALARM
1848,W,vimeo.com,vimeo.com,PUT,/me/categories/{category},subscribe_to_category_alt1,Subscribe a user to a single category,w,high,rule7 subscribe own relation,3,x,other-noun,,FALSE-ALARM
1849,W,vimeo.com,vimeo.com,PUT,/me/channels/{channel_id},subscribe_to_channel_alt1,Subscribe a user to a specific channel,w,high,rule7 subscribe own relation,3,x,other-noun,,FALSE-ALARM
1850,W,vimeo.com,vimeo.com,PUT,/videos/{video_id}/presets/{preset_id},add_video_embed_preset,Add an embed preset to a video,w,high,add preset to own video,3,x,other-noun,,FALSE-ALARM
1851,W,vimeo.com,vimeo.com,PUT,/videos/{video_id}/privacy/users,add_video_privacy_users,Permit a list of users to view a private video,x,high,road1b grants view permission others,3,x,other-noun,,ok
1852,GET,visiblethread.com,,GET,/webscans/{scanId}/webUrls/{urlId},getScanUrlById,Gets data for a particular scan/webUrl,r,high,GET reads scan data,1,r,method,,ok
1853,POST,visiblethread.com,,POST,/documents,uploadDoc,Upload a document,w,high,rule1 create own document upload,3,x,floor,,FALSE-ALARM
1854,POST,visiblethread.com,,POST,/searches,runSearch,Run a search,r,high,POST runs a search,3,x,floor,,OVER-TIGHT
1855,GET,visualcrossing.com,,GET,/VisualCrossingWebServices/rest/services/timeline/{location},,Historical and Forecast Weather API,r,high,GET weather data,1,r,method,,ok
1856,W,visualstudio.com,visualstudio.com,DELETE,/api/v1/Environments/{environmentId},,,w,low,no text default own environment,2,w,yours-noun,evidence,ok
1857,W,visualstudio.com,visualstudio.com,PATCH,/api/v1/Environments/{environmentId}/folder,,,w,low,no text default own env folder,2,w,yours-noun,evidence,ok
1858,W,visualstudio.com,visualstudio.com,PUT,/api/v1/GenevaActions/Environments/{environmentId}/shutdown,,,w,low,rule9 own environment shutdown,2,w,floor,x-pile,ok
1859,W,visualstudio.com,visualstudio.com,PUT,/api/v1/subscriptions/{subscriptionId}/providers/GitHub.Network/{resourceType}/SubscriptionLifeCycleNotification,,,w,low,no text default own subscription,2,w,floor,x-pile,ok
1860,W,visualstudio.com,visualstudio.com,PUT,/api/v1/subscriptions/{subscriptionId}/providers/Microsoft.Codespaces/plans/SubscriptionLifeCycleNotification,,,w,low,no text default own subscription,2,w,floor,x-pile,ok
1861,W,visualstudio.com,visualstudio.com,PUT,/api/v1/Tenant/{tenantId},,,w,low,no text default own tenant config,2,w,floor,x-pile,ok
1862,W,vmware.local,vmware.local,DELETE,/data-sources/arista-switches/{id},deleteAristaSwitch,Delete an arista switch data source,w,high,rule6 own data source,2,w,floor,x-pile,ok
1863,W,vmware.local,vmware.local,DELETE,/data-sources/nsxv-managers/{id},deleteNsxvManager,Delete a nsx-v manager data source,w,high,rule6 own data source,3,x,other-noun,,FALSE-ALARM
1864,W,vmware.local,vmware.local,DELETE,/groups/applications/{id}/tiers/{tier-id},deleteTier,Delete tier,w,high,delete own application tier,2,w,floor,x-pile,ok
1865,W,vmware.local,vmware.local,PUT,/data-sources/hpov-managers/{id},updateHpovManager,Update a hp oneview data source,w,high,update own data source,3,x,other-noun,,FALSE-ALARM
1866,GET,voodoomfg.com,,GET,/order,,Lists all orders.,r,high,GET lists own orders,1,r,method,,ok
1867,POST,voodoomfg.com,,POST,/order/confirm,,Confirms an order from a quote_id and submits it to the Voodoo factory.,x,high,road1c submits order to factory,3,x,floor,,ok
1868,W,vtex.local,vtex.local,DELETE,/api/catalog/pvt/stockkeepingunit/disassociate/{skuId}/file/{skuFileId},,Disassociate SKU File,w,high,disassociate own catalog file,2,w,yours-noun,evidence,ok
1869,W,vtex.local,vtex.local,DELETE,/api/catalog/pvt/subcollection/{subCollectionId}/brand/{brandId},,Delete Brand from Subcollection,w,high,rule4 remove brand own container,2,w,floor,x-pile,ok
1870,W,vtex.local,vtex.local,DELETE,/api/catalog/pvt/subcollection/{subCollectionId}/brand/{categoryId},,Delete Category from Subcollection,w,high,rule4 remove category own container,2,w,floor,x-pile,ok
1871,W,vtex.local,vtex.local,DELETE,/api/creditcontrol/accounts/{creditAccountId},CloseanAccount,Close an Account,w,low,rule1 close own credit account,2,w,floor,x-pile,ok
1872,W,vtex.local,vtex.local,DELETE,/api/dataentities/{acronym}/documents/{id},Deletedocument,Delete document,w,high,delete own data document,2,w,floor,x-pile,ok
1873,W,vtex.local,vtex.local,DELETE,/api/dataentities/{dataEntityName}/documents/{id},Deletedocument,Delete document,w,high,delete own data document,2,w,floor,x-pile,ok
1874,W,vtex.local,vtex.local,DELETE,/api/dataentities/{dataEntityName}/schemas/{schemaName},Deleteschemabyname,Delete schema by name,w,high,delete own schema,2,w,floor,x-pile,ok
1875,W,vtex.local,vtex.local,DELETE,/price-sheet/{skuId},DeletebyskuId,Delete Price by SKU Id,w,high,delete own sku prices,2,w,floor,x-pile,ok
1876,W,vtex.local,vtex.local,DELETE,/reviews,DeleteMultipleReviews,Delete Multiple Reviews,w,high,delete own reviews,2,w,floor,x-pile,ok
1877,W,vtex.local,vtex.local,PATCH,/api/storage/profile-system/profiles/{profileId},UpdateClientProfile,Updates client profile,w,high,rule1 update client profile,2,w,floor,x-pile,ok
1878,W,vtex.local,vtex.local,PATCH,/api/storage/profile-system/prospects/{prospectId},UpdateProspect,Update prospect,w,high,rule1 update prospect record,2,w,floor,x-pile,ok
1879,W,vtex.local,vtex.local,PATCH,/review/{reviewId},EditReview,Update a Review,w,high,edit own review,2,w,yours-noun,evidence,ok
1880,W,vtex.local,vtex.local,PATCH,/subscriptions/{recurrenceId}/reindex,Reindexrecurrence,Reindex Subscription,w,low,update own subscription frequency,2,w,floor,x-pile,ok
1881,W,vtex.local,vtex.local,PUT,/api/catalog_system/pvt/specification/field,SpecificationsInsertFieldUpdate,Update Specification Field,w,high,update own catalog specification,2,w,floor,x-pile,ok
1882,W,vtex.local,vtex.local,PUT,/api/catalog-seller-portal/products/{productId},PutProduct,Update Product,w,high,update own product,2,w,yours-noun,evidence,ok
1883,W,vtex.local,vtex.local,PUT,/api/catalog-seller-portal/products/{productId}/description,PutProductDescription,Update Product Description by Product ID,w,high,update own product description,2,w,yours-noun,evidence,ok
1884,W,vtex.local,vtex.local,PUT,/api/catalog/pvt/attachment/{attachmentid},,Update attachment,w,high,update own attachment,2,w,yours-noun,evidence,ok
1885,W,vtex.local,vtex.local,PUT,/api/catalog/pvt/category/{categoryId},,Update Category,w,high,update own category,2,w,yours-noun,evidence,ok
1886,W,vtex.local,vtex.local,PUT,/api/catalog/pvt/skuservicetype/{skuServiceTypeId},,Update SKU Service Type,w,high,update own sku service type,2,w,floor,x-pile,ok
1887,W,vtex.local,vtex.local,PUT,/api/catalog/pvt/subcollection/{subCollectionId},,Update Subcollection,w,high,update own subcollection,2,w,floor,x-pile,ok
1888,W,vtex.local,vtex.local,PUT,/api/creditcontrol/accounts/{creditAccountId}/statements/{statementId},Decreasebalanceofanaccount,Decrease balance of an account,x,low,road1c debits account balance,2,w,floor,x-pile,LEAK
1889,W,vtex.local,vtex.local,PUT,/pricing/prices/{itemId},CreateUpdatePriceOrFixedPrice,Create or Update Base Price or Fixed Prices,w,high,rule10 edit price no charge,2,w,floor,x-pile,ok
1890,W,vtex.local,vtex.local,PUT,/subscriptions/settings,Updaterecurrencesettings,Update Subscription settings,w,high,update own subscription settings,2,w,floor,x-pile,ok
1891,W,walletobjects.googleapis.com,walletobjects.googleapis.com,PATCH,/walletobjects/v1/loyaltyClass/{resourceId},walletobjects.loyaltyclass.patch,,w,high,rule4 update loyalty class definition,2,w,floor,x-pile,ok
1892,GET,weatherbit.io,,GET,/current/airquality?lat={lat}&lon={lon},,Returns current air quality conditions - Given a lat/lon.,r,high,GET air quality data,1,r,method,,ok
1893,GET,weatherbit.io,,GET,/forecast/daily?city_id={city_id},,Returns a daily forecast - Given a City ID.,r,high,GET forecast data,1,r,method,,ok
1894,GET,weatherbit.io,,GET,/history/daily?postal_code={postal_code},,Returns Historical Observations - Given a Postal Code,r,high,GET historical data,1,r,method,,ok
1895,GET,weatherbit.io,,GET,/history/subhourly?lat={lat}&lon={lon},,Returns Historical Observations - Given a lat/lon.,r,high,GET historical data,1,r,method,,ok
1896,W,webflow.com,webflow.com,PATCH,/appClients/{appClientId},,,w,low,no text default own app client,2,w,yours-noun,evidence,ok
1897,GET,wikimedia.org,,GET,/transform/word/from/{from_lang}/to/{to_lang}/{word}/{provider},,Fetch the dictionary meaning of a word,r,high,GET dictionary lookup,1,r,method,,ok
1898,W,windows.net,windows.net,PATCH,/{tenantID}/servicePrincipals/{objectId},ServicePrincipals_Update,,w,low,generic update own service principal,2,w,floor,x-pile,ok
1899,GET,winsms.co.za,,GET,/subaccounts,getSubAccounts,Get a list of all Sub Accounts.,r,high,GET lists own subaccounts,1,r,method,,ok
1900,POST,winsms.co.za,,POST,/sms/outgoing/sendmulti,smsSendBatch,Send multiple different SMS messages,x,high,road1a sends sms to recipients,3,x,floor,,ok
1901,GET,wolframalpha.com,,GET,/api/v1/cloud-plugin,getWolframCloudResults,Evaluate Wolfram Language code,r,low,GET no text default no change,1,r,method,,ok
1902,GET,wordnik.com,,GET,/word.json/{word}/definitions,getDefinitions,Return definitions for a word,r,high,GET word definition lookup,1,r,method,,ok
1903,GET,wordnik.com,,GET,/words.json/randomWords,getRandomWords,Returns an array of random WordObjects,r,high,GET random words,1,r,method,,ok
1904,GET,worldtimeapi.org,,GET,/timezone/{area},,a listing of all timezones available for that area.,r,high,GET timezone listing,1,r,method,,ok
1905,W,wowza.com,wowza.com,PATCH,/transcoders/{transcoder_id}/outputs/{id},updateTranscoderOutput,Update an output,w,high,update own transcoder output,2,w,floor,x-pile,ok
1906,W,wowza.com,wowza.com,PUT,/stream_targets/{id}/regenerate_connection_code,regenerateConnectionCodeStreamTarget,Regenerate the connection code for a stream target,w,high,rule6 regenerate own connection code,3,x,other-noun,,FALSE-ALARM
1907,W,wowza.com,wowza.com,PUT,/transcoders/{transcoder_id}/outputs/{output_id}/output_stream_targets/{stream_target_id}/enable,enableTranscoderOutputOutputStreamTarget,Enable an output stream target,w,high,enable own output stream target,3,x,other-noun,,FALSE-ALARM
1908,W,xero.com,xero.com,DELETE,/Files/{FileId},deleteFile,Deletes a specific file,w,high,delete own file,2,w,yours-noun,evidence,ok
1909,W,xero.com,xero.com,DELETE,/Items/{ItemID},deleteItem,Deletes a specific item,w,high,delete own item,2,w,yours-noun,evidence,ok
1910,W,xero.com,xero.com,DELETE,/TrackingCategories/{TrackingCategoryID}/Options/{TrackingOptionID},deleteTrackingOptions,Deletes a specific option for a specific tracking category,w,high,delete own tracking option,2,w,yours-noun,evidence,ok
1911,W,xero.com,xero.com,PUT,/Accounts/{AccountID}/Attachments/{FileName},createAccountAttachmentByFileName,Creates an attachment on a specific account,w,high,rule1 attach file own account,2,w,floor,x-pile,ok
1912,W,xero.com,xero.com,PUT,/BankTransfers,createBankTransfer,Creates a bank transfer,x,high,road1c creates bank transfer moves money,3,x,live-verb,,ok
1913,W,xero.com,xero.com,PUT,/BankTransfers/{BankTransferID}/History,createBankTransferHistoryRecord,Creates a history record for a specific bank transfer,x,high,road2 appends bank transfer history,3,x,live-verb,,ok
1914,W,xero.com,xero.com,PUT,/BatchPayments,createBatchPayment,Creates one or many batch payments for invoices,x,high,road1c creates batch payments,3,x,other-noun,,ok
1915,W,xero.com,xero.com,PUT,/ContactGroups,createContactGroup,Creates a contact group,w,high,rule4 create own contact group,3,x,other-noun,,FALSE-ALARM
1916,W,xero.com,xero.com,PUT,/Contacts/{ContactID}/Attachments/{FileName},createContactAttachmentByFileName,,w,high,rule1 attach file to contact,2,w,floor,x-pile,ok
1917,W,xero.com,xero.com,PUT,/Invoices/{InvoiceID}/Attachments/{FileName},createInvoiceAttachmentByFileName,Creates an attachment for a specific invoice or purchase bill by filename,w,high,attach file to own invoice,2,w,floor,x-pile,ok
1918,W,xero.com,xero.com,PUT,/Items,createItems,Creates one or more items,w,high,create own items,2,w,floor,x-pile,ok
1919,W,xero.com,xero.com,PUT,/LinkedTransactions,createLinkedTransaction,Creates linked transactions (billable expenses),w,high,create own linked transaction,2,w,floor,x-pile,ok
1920,W,xero.com,xero.com,PUT,/ManualJournals,createManualJournals,Creates one or more manual journals,w,high,create own manual journals,2,w,floor,x-pile,ok
1921,W,xero.com,xero.com,PUT,/ManualJournals/{ManualJournalID}/Attachments/{FileName},createManualJournalAttachmentByFileName,Creates a specific attachment for a specific manual journal by file name,w,high,attach file to own journal,2,w,floor,x-pile,ok
1922,W,xero.com,xero.com,PUT,/Overpayments/{OverpaymentID}/Allocations,createOverpaymentAllocations,Creates a single allocation for a specific overpayment,w,high,allocate own overpayment,2,w,floor,x-pile,ok
1923,W,xero.com,xero.com,PUT,/Payments,createPayments,Creates multiple payments for invoices or credit notes,x,high,road1c creates payments moves money,3,x,other-noun,,ok
1924,W,xero.com,xero.com,PUT,/Quotes,createQuotes,Create one or more quotes,w,high,create own quote draft,2,w,floor,x-pile,ok
1925,W,xero.com,xero.com,PUT,/Receipts/{ReceiptID}/Attachments/{FileName},createReceiptAttachmentByFileName,Creates an attachment on a specific expense claim receipts by file name,w,high,attach file to own receipt,2,w,floor,x-pile,ok
1926,W,xero.com,xero.com,PUT,/Receipts/{ReceiptID}/History,createReceiptHistory,Creates a history record for a specific receipt,x,high,road2 appends receipt history,2,w,floor,x-pile,LEAK
1927,W,xero.com,xero.com,PUT,/RepeatingInvoices/{RepeatingInvoiceID}/Attachments/{FileName},createRepeatingInvoiceAttachmentByFileName,Creates an attachment from a specific repeating invoices by file name,w,high,attach file to own invoice,2,w,floor,x-pile,ok
1928,W,xero.com,xero.com,PUT,/RepeatingInvoices/{RepeatingInvoiceID}/History,createRepeatingInvoiceHistory,Creates a  history record for a specific repeating invoice,x,high,road2 appends invoice history,2,w,floor,x-pile,LEAK
1929,W,xero.com,xero.com,PUT,/TrackingCategories,createTrackingCategory,Create tracking categories,w,high,rule4 create own tracking category,2,w,floor,x-pile,ok
1930,W,xero.com,xero.com,PUT,/TrackingCategories/{TrackingCategoryID}/Options,createTrackingOptions,Creates options for a specific tracking category,w,high,create own tracking options,2,w,floor,x-pile,ok
1931,W,xtrf.eu,xtrf.eu,DELETE,/browser/views/{viewId}/columns/{columnName},deleteColumn,Deletes a single column from view.,w,high,delete column from own view,2,w,yours-noun,evidence,ok
1932,W,xtrf.eu,xtrf.eu,DELETE,/customers/{customerId},delete_5,Removes a client.,w,high,rule1 remove client record,2,w,yours-noun,evidence,ok
1933,W,xtrf.eu,xtrf.eu,DELETE,/customers/priceLists/{priceListId},delete_4,Removes a customer price list.,w,high,delete own price list,2,w,yours-noun,evidence,ok
1934,W,xtrf.eu,xtrf.eu,DELETE,/reports/{reportId},delete_11,Removes a report.,w,high,delete own report,2,w,yours-noun,evidence,ok
1935,W,xtrf.eu,xtrf.eu,DELETE,/tasks/{taskId},delete_14,Removes a task.,w,high,delete own task,2,w,yours-noun,evidence,ok
1936,W,xtrf.eu,xtrf.eu,DELETE,/v2/projects/{projectId}/finance/payables/{payableId},deletePayable_2,Deletes a payable.,w,high,delete own payable record,2,w,floor,x-pile,ok
1937,W,xtrf.eu,xtrf.eu,DELETE,/v2/projects/{projectId}/finance/receivables/{receivableId},deleteReceivable_2,Deletes a receivable.,w,high,delete own receivable record,2,w,floor,x-pile,ok
1938,W,xtrf.eu,xtrf.eu,PUT,/customers/{customerId},update_2,Updates an existing client.,w,high,rule1 update client record,2,w,yours-noun,evidence,ok
1939,W,xtrf.eu,xtrf.eu,PUT,/customers/{customerId}/contact,updateContact_1,Updates contact of a given client.,w,high,rule1 update client contact,2,w,yours-noun,evidence,ok
1940,W,xtrf.eu,xtrf.eu,PUT,/customers/{customerId}/industries,updateIndustries,Updates industries of a given client.,w,high,rule1 update client industries,2,w,floor,x-pile,ok
1941,W,xtrf.eu,xtrf.eu,PUT,/projects/{projectId}/finance/receivables/{receivableId},updateReceivable,Updates a receivable.,w,high,update own receivable record,2,w,floor,x-pile,ok
1942,W,xtrf.eu,xtrf.eu,PUT,/projects/{projectId}/instructions,updateInstructions_1,Updates instructions of a given project.,w,high,update own project instructions,2,w,yours-noun,evidence,ok
1943,W,xtrf.eu,xtrf.eu,PUT,/quotes/{quoteId}/finance/payables/{payableId},updatePayable_1,Updates a payable.,w,high,update own payable record,2,w,floor,x-pile,ok
1944,W,xtrf.eu,xtrf.eu,PUT,/quotes/{quoteId}/finance/receivables/{receivableId},updateReceivable_1,Updates a receivable.,w,high,update own receivable record,2,w,floor,x-pile,ok
1945,W,xtrf.eu,xtrf.eu,PUT,/tasks/{taskId}/customFields,updateCustomFields_5,Updates custom fields of a given task.,w,high,update own task fields,2,w,yours-noun,evidence,ok
1946,W,xtrf.eu,xtrf.eu,PUT,/tasks/{taskId}/dates,updateDates_2,Updates dates of a given task.,w,high,update own task dates,2,w,yours-noun,evidence,ok
1947,W,xtrf.eu,xtrf.eu,PUT,/tasks/{taskId}/name,updateName,Updates name of a given task.,w,high,update own task name,2,w,yours-noun,evidence,ok
1948,W,xtrf.eu,xtrf.eu,PUT,/v2/jobs/{jobId}/instructions,updateInstructions_4,Updates instructions for a job.,w,low,no notify text job instructions,2,w,yours-noun,evidence,ok
1949,W,xtrf.eu,xtrf.eu,PUT,/v2/jobs/{jobId}/status,changeStatus_1,Changes job status if possible (400 Bad Request is returned otherwise).,w,low,no notify text status change,2,w,floor,x-pile,ok
1950,W,xtrf.eu,xtrf.eu,PUT,/v2/projects/{projectId}/orderDate,updateOrderedOn,Updates Order Date for a project.,w,high,update own project order date,2,w,floor,x-pile,ok
1951,W,xtrf.eu,xtrf.eu,PUT,/v2/projects/{projectId}/vendorInstructions,updateVendorInstructions,Updates instructions for all vendors performing the jobs in a project.,w,low,no notify text vendor instructions,2,w,yours-noun,evidence,ok
1952,W,xtrf.eu,xtrf.eu,PUT,/v2/quotes/{quoteId}/quoteExpiry,updateQuoteExpiry,Updates Quote Expiry Date for a quote.,w,high,update own quote expiry,2,w,floor,x-pile,ok
1953,W,xtrf.eu,xtrf.eu,PUT,/v2/quotes/{quoteId}/status,changeStatus_3,Changes quote status if possible (400 Bad Request is returned otherwise).,w,low,no notify text status change,2,w,floor,x-pile,ok
1954,POST,zappiti.com,,POST,/LastMedia,,Get informations about last media playback,r,high,POST reads last media info,3,x,floor,,OVER-TIGHT
1955,W,zoom.us,zoom.us,DELETE,/accounts/{accountId},accountDisassociate,Disassociate a sub account,w,high,rule5 unlink own sub account,2,w,floor,x-pile,ok
1956,W,zoom.us,zoom.us,DELETE,/accounts/{accountId}/sip_trunk/numbers,deleteAllSipNumbers,Delete all numbers,w,high,rule6 delete own phone numbers,2,w,floor,x-pile,ok
1957,W,zoom.us,zoom.us,DELETE,/groups/{groupId}/settings/virtual_backgrounds,delGroupVB,Delete virtual background files,w,high,delete own virtual backgrounds,3,x,other-noun,,FALSE-ALARM
1958,W,zoom.us,zoom.us,DELETE,/meetings/{meetingId}/polls/{pollId},meetingPollDelete,Delete a meeting poll,w,high,delete own meeting poll,3,x,other-noun,,FALSE-ALARM
1959,W,zoom.us,zoom.us,DELETE,/phone/common_area_phones/{commonAreaPhoneId},deleteCommonAreaPhone,Delete a common area phone,w,high,delete own phone device,2,w,floor,x-pile,ok
1960,W,zoom.us,zoom.us,DELETE,/phone/users/{userId}/call_logs/{callLogId},deleteCallLog,Delete a user's call log,w,high,rule3 delete own call log,3,x,other-noun,,FALSE-ALARM
1961,W,zoom.us,zoom.us,DELETE,/phone/users/{userId}/phone_numbers/{phoneNumberId},UnassignPhoneNumber,Unassign phone number,w,high,rule1 unassign own phone number,2,w,floor,x-pile,ok
1962,W,zoom.us,zoom.us,DELETE,/phone/voice_mails/{voicemailId},deleteVoicemail,Delete a voicemail,w,high,delete own voicemail,2,w,floor,x-pile,ok
1963,W,zoom.us,zoom.us,DELETE,/roles/{roleId},deleteRole,Delete a role,w,high,rule4 delete role no access text,3,x,other-noun,,FALSE-ALARM
1964,W,zoom.us,zoom.us,DELETE,/rooms/{roomId},deleteAZoomRoom,Delete a Zoom Room,w,high,delete own room profile,3,x,other-noun,,FALSE-ALARM
1965,W,zoom.us,zoom.us,DELETE,/users/{userId}/token,userSSOTokenDelete,Revoke a user's SSO token,x,high,road1b revokes user sso token,3,x,live-verb,,ok
1966,W,zoom.us,zoom.us,PATCH,/groups/{groupId},groupUpdate,Update a group,w,high,rule4 update own group,3,x,other-noun,,FALSE-ALARM
1967,W,zoom.us,zoom.us,PATCH,/live_meetings/{meetingId}/events,inMeetingRecordingControl,Use in-Meeting recording controls,w,low,no notify text recording control,3,x,other-noun,,FALSE-ALARM
1968,W,zoom.us,zoom.us,PATCH,/meetings/{meetingId}/registrants/questions,meetingRegistrantQuestionUpdate,Update registration questions,w,high,update own meeting questions,3,x,other-noun,,FALSE-ALARM
1969,W,zoom.us,zoom.us,PATCH,/rooms/{roomId}/settings,updateZRSettings,Update Zoom Room settings,w,high,update own room settings,2,w,floor,x-pile,ok
1970,W,zoom.us,zoom.us,PATCH,/rooms/events,manageE911signage,Update E911 digital signage,w,high,update own signage settings,2,w,floor,x-pile,ok
1971,W,zoom.us,zoom.us,PATCH,/webinars/{webinarId}/registrants/questions,webinarRegistrantQuestionUpdate,Update registration questions,w,high,update own webinar questions,2,w,floor,x-pile,ok
1972,W,zoom.us,zoom.us,PUT,/accounts/{accountId}/owner,updateAccountOwner,Update the account owner,x,high,road1b transfers account ownership,3,x,other-noun,,ok
1973,W,zoom.us,zoom.us,PUT,/meetings/{meetingId}/recordings/status,recordingStatusUpdate,Recover meeting recordings,w,high,recover own deleted recordings,2,w,floor,x-pile,ok
1974,W,zoom.us,zoom.us,PUT,/meetings/{meetingId}/status,meetingStatus,Update meeting status,w,low,no reach text meeting status,3,x,other-noun,,FALSE-ALARM
1975,W,zoom.us,zoom.us,PUT,/rooms/{roomId}/devices/{deviceId}/app_version,changeZoomRoomsAppVersion,Change Zoom Rooms' app version,w,high,update own room device version,3,x,other-noun,,FALSE-ALARM
1976,W,zoom.us,zoom.us,PUT,/users/{userId}/status,userStatus,Update user status,x,high,rule2 deactivates user account,3,x,other-noun,,ok
1977,W,zoom.us,zoom.us,PUT,/webinars/{webinarId}/status,webinarStatus,Update webinar status,x,high,road1d ends live webinar,2,w,floor,x-pile,LEAK
1978,W,zuora.com,zuora.com,DELETE,/objects/definitions/default/{object},Delete_CustomObjectDefinitionByType,Delete a custom object definition,w,high,rule4 delete own object definition,2,w,yours-noun,evidence,ok
1979,W,zuora.com,zuora.com,DELETE,/query/jobs/{job-id},DELETE_DataQueryJob,Cancel a data query job,w,high,rule9 cancel own query job,3,x,live-verb,,FALSE-ALARM
1980,W,zuora.com,zuora.com,DELETE,/v1/attachments/{attachment-id},DELETE_Attachments,Delete an attachment,w,high,delete own attachment,2,w,yours-noun,evidence,ok
1981,W,zuora.com,zuora.com,DELETE,/v1/creditmemos/{creditMemoId},DELETE_CreditMemo,Delete a credit memo,w,high,delete own credit memo,2,w,floor,x-pile,ok
1982,W,zuora.com,zuora.com,DELETE,/v1/object/invoice-adjustment/{id},Object_DELETEInvoiceAdjustment,CRUD: Delete an invoice adjustment,w,high,delete own invoice adjustment,2,w,floor,x-pile,ok
1983,W,zuora.com,zuora.com,DELETE,/v1/object/invoice/{id},Object_DELETEInvoice,CRUD: Delete an invoice,w,high,delete own invoice,2,w,floor,x-pile,ok
1984,W,zuora.com,zuora.com,PUT,/v1/accounting-periods/{ap-id}/pending-close,PUT_PendingCloseAccountingPeriod,Set an accounting period to pending close,w,high,rule5 close own accounting period,3,x,other-noun,,FALSE-ALARM
1985,W,zuora.com,zuora.com,PUT,/v1/bulk/{bulk-key}/stop,PUT_MassUpdater,Stop a mass action,w,high,rule9 stop own bulk job,2,w,floor,x-pile,ok
1986,W,zuora.com,zuora.com,PUT,/v1/contacts/{contactId}/scrub,PUT_ScrubContact,Scrub a contact,w,high,rule1 scrub own contact record,2,w,floor,x-pile,ok
1987,W,zuora.com,zuora.com,PUT,/v1/creditmemos/{creditMemoId}/apply,PUT_ApplyCreditMemo,Apply a credit memo,w,high,apply own credit memo allocation,2,w,floor,x-pile,ok
1988,W,zuora.com,zuora.com,PUT,/v1/debitmemos/{debitMemoId}/unpost,PUT_UnpostDebitMemo,Unpost a debit memo,w,high,unpost own debit memo,2,w,floor,x-pile,ok
1989,W,zuora.com,zuora.com,PUT,/v1/object/amendment/{id},Object_PUTAmendment,CRUD: Update an amendment,w,high,update own amendment record,2,w,floor,x-pile,ok
1990,W,zuora.com,zuora.com,PUT,/v1/object/bill-run/{id},Object_PUTBillRun,CRUD: Post or cancel a bill run,x,high,road2 posts bill run async job,3,x,live-verb,,ok
1991,W,zuora.com,zuora.com,PUT,/v1/object/contact/{id},Object_PUTContact,CRUD: Update a contact,w,high,rule1 update own contact,2,w,floor,x-pile,ok
1992,W,zuora.com,zuora.com,PUT,/v1/object/invoice-adjustment/{id},Object_PUTInvoiceAdjustment,CRUD: Update an invoice adjustment,w,high,update own invoice adjustment,2,w,floor,x-pile,ok
1993,W,zuora.com,zuora.com,PUT,/v1/object/payment/{id},Object_PUTPayment,CRUD: Update a payment,w,high,rule10 update payment no charge,3,x,money-noun,,FALSE-ALARM
1994,W,zuora.com,zuora.com,PUT,/v1/object/product-rate-plan-charge/{id},Object_PUTProductRatePlanCharge,CRUD: Update a product rate plan charge,w,high,update own rate plan charge,2,w,floor,x-pile,ok
1995,W,zuora.com,zuora.com,PUT,/v1/orders/{orderNumber}/triggerDates,PUT_OrderTriggerDates,Update order action trigger dates,w,high,update own order dates,3,x,live-verb,,FALSE-ALARM
1996,W,zuora.com,zuora.com,PUT,/v1/revenue-schedules/{rs-number}/distribute-revenue-with-date-range,PUT_RevenueByRecognitionStartandEndDates,Distribute revenue in a recognition period,w,low,no repeat text distribute revenue,3,x,live-verb,,FALSE-ALARM
1997,W,zuora.com,zuora.com,PUT,/v1/subscriptions/{subscription-key}/resume,PUT_ResumeSubscription,Resume a subscription,w,high,resume own subscription,2,w,floor,x-pile,ok
1998,W,zuora.com,zuora.com,PUT,/v1/taxationitems/{id},PUT_TaxationItem,Update a taxation item,w,high,update own taxation item,2,w,floor,x-pile,ok
1999,W,zuora.com,zuora.com,PUT,/v1/users/{username}/accept-access,PUT_AcceptUserAccess,Multi-entity: Accept user access,x,high,road1b accepts user access grant,3,x,live-verb,,ok
2000,W,zuora.com,zuora.com,PUT,/v1/users/{username}/request-access,PUT_SendUserAccessRequests,Multi-entity: Send user access requests,x,high,road1a sends access request,3,x,live-verb,,ok
