set,vendor,method,operationId,path,summary,truth,predicted,rule,floor,verdict,previous_predicted,previous_verdict
exam3,biapi.pro,PUT,,/users/{id_user}/connections/{id_connection}/sources/{id_source},Update connection source,x,w,floor,true,LEAK,w,LEAK
exam3,britbox.co.uk,PUT,updateSubscription,/account/billing/subscriptions/{id},,x,w,floor,true,LEAK,w,LEAK
camara,camara,DELETE,deleteAccess,/accesses/{accessId},Delete an access,x,w,floor,true,LEAK,x,ok
camara,camara,DELETE,deleteDevice,/v1/devices/{deviceId},Delete device record,x,w,floor,true,LEAK,x,ok
camara,camara,DELETE,deleteNetwork,/networks/{networkId},Delete a dedicated network,x,w,floor,true,LEAK,x,ok
camara,camara,PATCH,updateDevice,/v1/devices/{deviceId},Update device information,x,w,floor,true,LEAK,x,ok
exam3,clearblade.com,PUT,SettingsChanges,/admin/user/{systemKey}/roles,DEVELOPER - Changes roles settings,x,w,floor,true,LEAK,w,LEAK
exam2,codat.io,DELETE,delete-bill,/companies/{companyId}/connections/{connectionId}/push/bills/{billId},Delete bill,x,w,floor,true,LEAK,w,LEAK
exam2,codat.io,DELETE,delete-invoice,/companies/{companyId}/connections/{connectionId}/push/invoices/{invoiceId},Delete invoice,x,w,floor,true,LEAK,w,LEAK
exam2,conjur.local,PATCH,updatePolicy,/policies/{account}/policy/{identifier},Modifies an existing Conjur policy.,x,w,floor,true,LEAK,w,LEAK
exam3,conjur.local,PUT,replacePolicy,/policies/{account}/policy/{identifier},Loads or replaces a Conjur policy document.,x,w,floor,true,LEAK,w,LEAK
holdout3,discord,DELETE,delete_channel,/channels/{channel_id},,x,w,floor,true,LEAK,x,ok
exam2,docusign.net,PUT,Documents_PutDocuments,/v2.1/accounts/{accountId}/envelopes/{envelopeId}/documents,Adds one or more documents to an existing envelope.,x,w,floor,true,LEAK,w,LEAK
exam3,flat.io,PUT,createSubmission,/classes/{class}/assignments/{assignment}/submissions,Create or edit a submission,x,w,floor,true,LEAK,w,LEAK
exam3,gerermesaffaires.com,DELETE,,/spaces/{id}/groups/{groupId}/persons/{memberId},,x,w,floor,true,LEAK,x,ok
exam2,impala.travel,PUT,updateBooking,/bookings/{bookingId},Change a booking,x,w,floor,true,LEAK,w,LEAK
exam3,impala.travel,PUT,updateBookingContact,/bookings/{bookingId}/booking-contact,Change a booking contact,x,w,floor,true,LEAK,x,ok
exam3,instagram.com,DELETE,,/media/{media-id}/comments/{comment-id},Remove a comment.,x,w,floor,true,LEAK,w,LEAK
exam3,jira.local,PUT,put,/api/2/applicationrole/{key},,x,w,floor,true,LEAK,x,ok
exam3,jira.local,PUT,putBulk,/api/2/applicationrole,,x,w,floor,true,LEAK,w,LEAK
exam3,listennotes.com,DELETE,deletePodcastById,/podcasts/{id},Request to delete a podcast,x,w,floor,true,LEAK,w,LEAK
exam3,motaword.com,DELETE,deleteProject,/projects/{id},Delete your translation project,x,w,floor,true,LEAK,w,LEAK
exam3,n-auth.com,DELETE,deleteAccount,/servers/{serverid}/accounts/{accountid}/,Delete specific account,x,w,floor,true,LEAK,x,ok
exam3,n-auth.com,PUT,updateAccount,/servers/{serverid}/accounts/{accountid}/,Update specific account,x,w,floor,true,LEAK,x,ok
exam3,netlicensing.io,DELETE,deleteLicense,/license/{licenseNumber},Delete License,x,w,floor,true,LEAK,w,LEAK
exam2,nexmo.com,DELETE,deleteConversation,/conversations/{conversation_id},Delete a conversation,x,w,floor,true,LEAK,w,LEAK
exam3,nexmo.com,PUT,recordConversation,/conversations/{conversation_id}/record,Record a conversation,x,w,floor,true,LEAK,w,LEAK
exam2,openchannel.io,DELETE,,/stripe-gateway/user/{userId}/cards/{cardId},Removes a credit card for a user,x,w,floor,true,LEAK,w,LEAK
exam3,osf.io,PATCH,registrations_partial_update,/registrations/{registration_id}/,Update a registration,x,w,floor,true,LEAK,w,LEAK
exam3,rebilly.com,PUT,PutInvoice,/invoices/{id},Create or update an invoice with predefined ID,x,w,floor,true,LEAK,w,LEAK
holdout5,slack,GET,apps_permissions_request,/apps.permissions.request,,x,r,floor,true,LEAK,r,LEAK
holdout5,slack,GET,apps_permissions_users_request,/apps.permissions.users.request,,x,r,floor,true,LEAK,r,LEAK
holdout5,slack,GET,dialog_open,/dialog.open,,x,r,floor,true,LEAK,r,LEAK
holdout5,slack,GET,files_remote_share,/files.remote.share,,x,r,floor,true,LEAK,r,LEAK
holdout5,slack,GET,oauth_access,/oauth.access,,x,r,floor,true,LEAK,r,LEAK
holdout5,slack,GET,oauth_token,/oauth.token,,x,r,floor,true,LEAK,r,LEAK
holdout5,slack,GET,oauth_v2_access,/oauth.v2.access,,x,r,floor,true,LEAK,r,LEAK
holdout5,slack,GET,rtm_connect,/rtm.connect,,x,r,floor,true,LEAK,r,LEAK
holdout5,slack,GET,views_open,/views.open,,x,r,floor,true,LEAK,r,LEAK
holdout5,slack,GET,views_publish,/views.publish,,x,r,floor,true,LEAK,r,LEAK
holdout5,slack,GET,views_push,/views.push,,x,r,floor,true,LEAK,r,LEAK
holdout5,slack,GET,workflows_stepCompleted,/workflows.stepCompleted,,x,r,floor,true,LEAK,r,LEAK
holdout5,slack,GET,workflows_stepFailed,/workflows.stepFailed,,x,r,floor,true,LEAK,r,LEAK
exam3,soundcloud.com,DELETE,,/likes/playlists/{playlist_id},Unlikes a playlist.,x,w,floor,true,LEAK,w,LEAK
exam3,soundcloud.com,DELETE,,/likes/tracks/{track_id},Unlikes a track.,x,w,floor,true,LEAK,w,LEAK
exam2,stream-io-api.com,PATCH,ScheduleCampaign,/campaigns/{id}/schedule,Schedule campaign,x,w,floor,true,LEAK,w,LEAK
holdout1,stripe,DELETE,DeleteCustomersCustomer,/v1/customers/{customer},Delete a customer,x,w,floor,true,LEAK,x,ok
exam2,tyk.com,DELETE,,/tyk/keys/{keyId},,x,w,floor,true,LEAK,x,ok
holdout3,vercel,PATCH,updateSandbox,/v2/sandboxes/{name},Update a sandbox,x,w,floor,true,LEAK,w,LEAK
exam3,victorops.com,PUT,,/api-public/v1/overrides/{publicId}/assignments/{policySlug},Update the scheduled override assignment,x,w,floor,true,LEAK,x,ok
exam2,6-dot-authentiqio.appspot.com,DELETE,key_revoke,/key/{PK},,x,x,live-verb,false,ok,x,ok
exam3,6-dot-authentiqio.appspot.com,DELETE,key_revoke_nosecret,/key,,x,x,live-verb,false,ok,x,ok
exam3,6-dot-authentiqio.appspot.com,PUT,sign_update,/scope/{job},,x,x,no-own-noun,false,ok,w,LEAK
exam3,adafruit.com,PATCH,updatePermission,/{username}/{type}/{type_id}/acl/{id},Update properties of an existing Permission,x,x,no-own-noun,false,ok,x,ok
exam2,adafruit.com,PUT,replacePermission,/{username}/{type}/{type_id}/acl/{id},Replace an existing Permission,x,x,no-own-noun,false,ok,x,ok
holdout2,adyen,POST,post-applePay-sessions,/applePay/sessions,Get an Apple Pay session,x,x,floor,true,ok,x,ok
holdout2,adyen,POST,post-cancels,/cancels,Cancel an authorised payment,x,x,floor,true,ok,x,ok
holdout2,adyen,POST,post-donations,/donations,Make a donation,x,x,floor,true,ok,x,ok
holdout2,adyen,POST,post-forward,/forward,Forward stored payment details,x,x,floor,true,ok,x,ok
holdout2,adyen,POST,post-orders,/orders,Create an order,x,x,floor,true,ok,x,ok
holdout2,adyen,POST,post-orders-cancel,/orders/cancel,Cancel an order,x,x,floor,true,ok,x,ok
holdout2,adyen,POST,post-paymentLinks,/paymentLinks,Create a payment link,x,x,floor,true,ok,x,ok
holdout2,adyen,POST,post-payments,/payments,Start a transaction,x,x,floor,true,ok,x,ok
holdout2,adyen,POST,post-payments-details,/payments/details,Submit details for a payment,x,x,floor,true,ok,x,ok
holdout2,adyen,POST,post-payments-paymentPspReference-amountUpdates,/payments/{paymentPspReference}/amountUpdates,Update an authorised amount,x,x,floor,true,ok,x,ok
holdout2,adyen,POST,post-payments-paymentPspReference-cancels,/payments/{paymentPspReference}/cancels,Cancel an authorised payment,x,x,floor,true,ok,x,ok
holdout2,adyen,POST,post-payments-paymentPspReference-captures,/payments/{paymentPspReference}/captures,Capture an authorised payment,x,x,floor,true,ok,x,ok
holdout2,adyen,POST,post-payments-paymentPspReference-refunds,/payments/{paymentPspReference}/refunds,Refund a captured payment,x,x,floor,true,ok,x,ok
holdout2,adyen,POST,post-payments-paymentPspReference-reversals,/payments/{paymentPspReference}/reversals,Refund or cancel a payment,x,x,floor,true,ok,x,ok
holdout2,adyen,POST,post-paypal-updateOrder,/paypal/updateOrder,Updates the order for PayPal Express Checkout,x,x,floor,true,ok,x,ok
holdout2,adyen,POST,post-sessions,/sessions,Create a payment session,x,x,floor,true,ok,x,ok
holdout2,adyen,POST,post-storedPaymentMethods,/storedPaymentMethods,Create a token to store payment details,x,x,floor,true,ok,x,ok
exam2,agco-ats.com,DELETE,AuthorizationCategories_RemoveUser,/api/v2/AuthorizationCategories/{id}/Users/{userID},Deletes a category a user could see.,x,x,no-own-noun,false,ok,x,ok
exam3,agco-ats.com,PUT,Roles_PutRole,/api/v2/Roles/{id},Updates a User Role,x,x,no-own-noun,false,ok,x,ok
exam2,agco-ats.com,PUT,Roles_PutRolePermissions,/api/v2/Roles/{id}/Permissions,Manage the Permissions for a Role,x,x,no-own-noun,false,ok,x,ok
exam3,amadeus.com,DELETE,cancelFlightOrder,/booking/flight-orders/{flight-orderId},Cancel a given flight order,x,x,live-verb,false,ok,x,ok
holdout5,amazon,DELETE,cancelReservation,/service/v1/reservation/{reservationId},,x,x,live-verb,false,ok,x,ok
holdout5,amazon,POST,addInventory,/fba/inventory/v1/items/inventory,,x,x,floor,true,ok,x,ok
holdout5,amazon,POST,cancelInbound,/awd/2024-05-09/inboundOrders/{orderId}/cancellation,,x,x,floor,true,ok,x,ok
holdout5,amazon,POST,confirmOutbound,/awd/2024-05-09/outboundOrders/{orderId}/confirmation,,x,x,floor,true,ok,x,ok
holdout5,amazon,POST,confirmPackingOption,/inbound/fba/2024-03-20/inboundPlans/{inboundPlanId}/packingOptions/{packingOptionId}/confirmation,,x,x,floor,true,ok,x,ok
holdout5,amazon,POST,createConfirmDeliveryDetails,/messaging/v1/orders/{amazonOrderId}/messages/confirmDeliveryDetails,,x,x,floor,true,ok,x,ok
holdout5,amazon,POST,createDigitalAccessKey,/messaging/v1/orders/{amazonOrderId}/messages/digitalAccessKey,,x,x,floor,true,ok,x,ok
holdout5,amazon,POST,createGovernmentInvoice,/tax/invoices/2024-06-19/governmentInvoiceRequests,,x,x,floor,true,ok,x,ok
holdout5,amazon,POST,createInbound,/awd/2024-05-09/inboundOrders,,x,x,floor,true,ok,x,ok
holdout5,amazon,POST,createInvoicesExport,/tax/invoices/2024-06-19/exports,,x,x,floor,true,ok,x,ok
holdout5,amazon,POST,createOutbound,/awd/2024-05-09/outboundOrders,,x,x,floor,true,ok,x,ok
holdout5,amazon,POST,createQuery,/dataKiosk/2023-11-15/queries,,x,x,floor,true,ok,x,ok
holdout5,amazon,POST,createScheduledPackage,/easyShip/2022-03-23/package,,x,x,floor,true,ok,x,ok
holdout5,amazon,POST,createShippingLabels,/vendor/directFulfillment/shipping/2021-12-28/shippingLabels/{purchaseOrderNumber},createShippingLabels,x,x,floor,true,ok,x,ok
holdout5,amazon,POST,createTransaction,/finances/transfers/wallet/2024-03-01/transactions,Create a transaction request from Amazon Seller Wallet account to another customer-provided account,x,x,floor,true,ok,x,ok
holdout5,amazon,POST,createUnexpectedProblem,/messaging/v1/orders/{amazonOrderId}/messages/unexpectedProblem,,x,x,floor,true,ok,x,ok
holdout5,amazon,POST,createUploadDestinationForResource,/uploads/2020-11-01/uploadDestinations/{resource},,x,x,floor,true,ok,x,ok
holdout5,amazon,POST,generateCollectionForm,/shipping/v2/collectionForms,,x,x,floor,true,ok,x,ok
holdout5,amazon,POST,generateOrderScenarios,/vendor/directFulfillment/sandbox/2021-10-28/orders,,x,x,floor,true,ok,x,ok
holdout5,amazon,POST,generatePlacementOptions,/inbound/fba/2024-03-20/inboundPlans/{inboundPlanId}/placementOptions,,x,x,floor,true,ok,x,ok
holdout5,amazon,POST,initiatePayout,/finances/transfers/2024-06-01/payouts,,x,x,floor,true,ok,x,ok
holdout5,amazon,POST,purchaseLabels,/shipping/v1/shipments/{shipmentId}/purchaseLabels,,x,x,floor,true,ok,x,ok
holdout5,amazon,POST,purchaseShipment,/shipping/v1/purchaseShipment,,x,x,floor,true,ok,x,ok
holdout5,amazon,POST,rescheduleAppointmentForServiceJobByServiceJobId,/service/v1/serviceJobs/{serviceJobId}/appointments/{appointmentId},,x,x,floor,true,ok,x,ok
holdout5,amazon,POST,scheduleSelfShipAppointment,/inbound/fba/2024-03-20/inboundPlans/{inboundPlanId}/shipments/{shipmentId}/selfShipAppointmentSlots/{slotId}/schedule,,x,x,floor,true,ok,x,ok
holdout5,amazon,POST,submitAcknowledgement,/vendor/orders/v1/acknowledgements,,x,x,floor,true,ok,x,ok
holdout5,amazon,POST,submitNdrFeedback,/shipping/v2/ndrFeedback,,x,x,floor,true,ok,x,ok
holdout5,amazon,POST,submitShipmentStatusUpdates,/vendor/directFulfillment/shipping/v1/shipmentStatusUpdates,,x,x,floor,true,ok,x,ok
holdout5,amazon,PUT,cancelFulfillmentOrder,/fba/outbound/2020-07-01/fulfillmentOrders/{sellerFulfillmentOrderId}/cancel,,x,x,live-verb,false,ok,x,ok
holdout5,amazon,PUT,cancelSelfShipAppointment,/inbound/fba/2024-03-20/inboundPlans/{inboundPlanId}/shipments/{shipmentId}/selfShipAppointmentCancellation,,x,x,live-verb,false,ok,x,ok
holdout5,amazon,PUT,cancelServiceJobByServiceJobId,/service/v1/serviceJobs/{serviceJobId}/cancellations,,x,x,live-verb,false,ok,x,ok
holdout5,amazon,PUT,cancelShipment,/shipping/v2/shipments/{shipmentId}/cancel,,x,x,live-verb,false,ok,x,ok
exam3,anchore.io,DELETE,delete_account,/accounts/{accountname},"Delete the specified account, only allowed if the account is in the disabled state. All users will be deleted along with the account and all resources will be g",x,x,no-own-noun,false,ok,x,ok
exam3,anchore.io,PUT,update_account_state,/accounts/{accountname}/state,Update the state of an account to either enabled or disabled. For deletion use the DELETE route,x,x,no-own-noun,false,ok,w,LEAK
exam3,apache.org,DELETE,delete_user,/users/{username},Delete a user,x,x,no-own-noun,false,ok,x,ok
exam3,apache.org,PATCH,patch_role,/roles/{role_name},Update a role,x,x,no-own-noun,false,ok,x,ok
exam3,apicurio.local,PUT,updateArtifactOwner,/groups/{groupId}/artifacts/{artifactId}/owner,Update artifact owner,x,x,no-own-noun,false,ok,x,ok
exam2,apicurio.local,PUT,updateRoleMapping,/admin/roleMappings/{principalId},Update a role mapping,x,x,no-own-noun,false,ok,w,LEAK
exam2,appcenter.ms,DELETE,appInvitations_delete,/v0.1/apps/{owner_name}/{app_name}/invitations/{user_email},,x,x,no-own-noun,false,ok,w,LEAK
exam3,appcenter.ms,DELETE,storeReleases_delete,/v0.1/apps/{owner_name}/{app_name}/distribution_stores/{store_name}/releases/{release_id},,x,x,no-own-noun,false,ok,w,LEAK
exam2,appcenter.ms,DELETE,users_removeFromOrg,/v0.1/orgs/{org_name}/users/{user_name},,x,x,no-own-noun,false,ok,x,ok
exam3,appcenter.ms,PATCH,orgInvitations_update,/v0.1/orgs/{org_name}/invitations/{email},,x,x,no-own-noun,false,ok,w,LEAK
exam2,apple.com,DELETE,apps-betaTesters-delete_to_many_relationship,/v1/apps/{id}/relationships/betaTesters,,x,x,no-own-noun,false,ok,w,LEAK
exam2,apple.com,DELETE,betaTesters-betaGroups-delete_to_many_relationship,/v1/betaTesters/{id}/relationships/betaGroups,,x,x,no-own-noun,false,ok,w,LEAK
exam3,apple.com,DELETE,betaTesters-delete_instance,/v1/betaTesters/{id},,x,x,no-own-noun,false,ok,w,LEAK
exam3,apple.com,DELETE,users-delete_instance,/v1/users/{id},,x,x,no-own-noun,false,ok,w,LEAK
exam2,apple.com,PATCH,users-update_instance,/v1/users/{id},,x,x,no-own-noun,false,ok,w,LEAK
exam2,appveyor.com,DELETE,deleteCollaborator,/collaborators/{userId},Delete collaborator,x,x,no-own-noun,false,ok,x,ok
exam3,appveyor.com,DELETE,deleteUser,/users/{userId},Delete user,x,x,no-own-noun,false,ok,x,ok
exam2,appveyor.com,PUT,cancelDeployment,/deployments/stop,Cancel deployment,x,x,live-verb,false,ok,x,ok
exam3,appveyor.com,PUT,reRunBuild,/builds,Re-run build,x,x,live-verb,false,ok,x,ok
exam3,appveyor.com,PUT,updateCollaborator,/collaborators,Update collaborator,x,x,no-own-noun,false,ok,x,ok
exam2,appveyor.com,PUT,updateUser,/users,Update user,x,x,no-own-noun,false,ok,x,ok
exam2,appwrite.io,DELETE,teamsDeleteMembership,/teams/{teamId}/memberships/{membershipId},Delete Team Membership,x,x,no-own-noun,false,ok,x,ok
exam2,appwrite.io,DELETE,usersDelete,/users/{userId},Delete User,x,x,no-own-noun,false,ok,x,ok
exam3,appwrite.io,DELETE,usersDeleteSession,/users/{userId}/sessions/{sessionId},Delete User Session,x,x,no-own-noun,false,ok,x,ok
exam3,appwrite.io,PATCH,teamsUpdateMembershipStatus,/teams/{teamId}/memberships/{membershipId}/status,Update Team Membership Status,x,x,no-own-noun,false,ok,x,ok
exam2,appwrite.io,PUT,accountUpdateVerification,/account/verification,Complete Email Verification,x,x,no-own-noun,false,ok,x,ok
exam3,atlassian.com,DELETE,deletePermissionSchemeEntity,/rest/api/3/permissionscheme/{schemeId}/permission/{permissionId},Delete permission scheme grant,x,x,no-own-noun,false,ok,x,ok
exam3,atlassian.com,DELETE,removeWatcher,/rest/api/3/issue/{issueIdOrKey}/watchers,Delete watcher,x,x,no-own-noun,false,ok,x,ok
exam2,atlassian.com,PUT,changeFilterOwner,/rest/api/3/filter/{id}/owner,Change filter owner,x,x,no-own-noun,false,ok,x,ok
exam3,autodealerdata.com,PUT,revokeSubUserKey_revokeSubUserKey_put,/revokeSubUserKey,Revoke a Sub User Key associated with your account.,x,x,no-own-noun,false,ok,w,LEAK
exam3,azure.com,PUT,NotificationRecipientEmail_CreateOrUpdate,/subscriptions/{subscriptionId}/resourceGroups/{resourceGroupName}/providers/Microsoft.ApiManagement/service/{serviceName}/notifications/{notificationName}/recipientEmails/{email},,x,x,no-own-noun,false,ok,w,LEAK
exam3,beezup.com,DELETE,DeleteStoreShare,/v2/user/customer/stores/{storeId}/shares/{userId},Delete a share of a store to another user,x,x,no-own-noun,false,ok,x,ok
exam2,bigredcloud.com,PUT,Payments_ProcessBatch,/v1/payments/batch,Processes a batch of Payments.,x,x,no-own-noun,false,ok,x,ok
exam2,bigredcloud.com,PUT,SalesEntries_ProcessBatch,/v1/salesEntries/batch,Processes a batch of Sales Entries.,x,x,no-own-noun,false,ok,x,ok
exam3,billbee.io,PUT,OrderApi_UpdateState,/api/v1/orders/{id}/orderstate,Changes the main state of a single order,x,x,no-own-noun,false,ok,w,LEAK
exam3,bitbucket.org,PUT,,/repositories/{workspace}/{repo_slug}/permissions-config/groups/{group_slug},Update an explicit group permission for a repository,x,x,no-own-noun,false,ok,x,ok
exam3,bluemix.net,PUT,,/tlskey/refresh,Refresh the TLS Certificate,x,x,no-own-noun,false,ok,w,LEAK
holdout2,box,DELETE,delete_collaborations_id,/collaborations/{collaboration_id},Remove collaboration,x,x,no-own-noun,false,ok,x,ok
holdout2,box,DELETE,delete_group_memberships_id,/group_memberships/{group_membership_id},Remove user from group,x,x,no-own-noun,false,ok,x,ok
holdout2,box,DELETE,delete_groups_id,/groups/{group_id},Remove group,x,x,no-own-noun,false,ok,x,ok
holdout2,box,DELETE,delete_shield_information_barrier_segment_members_id,/shield_information_barrier_segment_members/{shield_information_barrier_segment_member_id},Delete shield information barrier segment member by ID,x,x,no-own-noun,false,ok,x,ok
holdout2,box,POST,post_ai_agents,/ai_agents,Create AI agent,x,x,floor,true,ok,x,ok
holdout2,box,POST,post_collaboration_whitelist_entries,/collaboration_whitelist_entries,Add domain to list of allowed collaboration domains,x,x,floor,true,ok,x,ok
holdout2,box,POST,post_comments,/comments,Create comment,x,x,floor,true,ok,x,ok
holdout2,box,POST,post_files_id_content,/files/{file_id}/content,Upload file version,x,x,floor,true,ok,x,ok
holdout2,box,POST,post_files_id_versions_current,/files/{file_id}/versions/current,Promote file version,x,x,floor,true,ok,x,ok
holdout2,box,POST,post_files_upload_sessions_id_commit,/files/upload_sessions/{upload_session_id}/commit,Commit upload session,x,x,floor,true,ok,x,ok
holdout2,box,POST,post_integration_mappings_slack,/integration_mappings/slack,Create Slack integration mapping,x,x,floor,true,ok,x,ok
holdout2,box,POST,post_legal_hold_policy_assignments,/legal_hold_policy_assignments,Assign legal hold policy,x,x,floor,true,ok,x,ok
holdout2,box,POST,post_metadata_cascade_policies,/metadata_cascade_policies,Create metadata cascade policy,x,x,floor,true,ok,x,ok
holdout2,box,POST,post_metadata_taxonomies_id_id_levels:append,/metadata_taxonomies/{namespace}/{taxonomy_key}/levels:append,Add metadata taxonomy level,x,x,floor,true,ok,x,ok
holdout2,box,POST,post_metadata_taxonomies_id_id_nodes,/metadata_taxonomies/{namespace}/{taxonomy_key}/nodes,Create metadata taxonomy node,x,x,floor,true,ok,x,ok
holdout2,box,POST,post_oauth2_token,/oauth2/token,Request access token,x,x,floor,true,ok,x,ok
holdout2,box,POST,post_retention_policy_assignments,/retention_policy_assignments,Assign retention policy,x,x,floor,true,ok,x,ok
holdout2,box,POST,post_shield_information_barrier_segment_restrictions,/shield_information_barrier_segment_restrictions,Create shield information barrier segment restriction,x,x,floor,true,ok,x,ok
holdout2,box,POST,post_shield_information_barriers,/shield_information_barriers,Create shield information barrier,x,x,floor,true,ok,x,ok
holdout2,box,POST,post_sign_requests_id_cancel,/sign_requests/{sign_request_id}/cancel,Cancel Box Sign request,x,x,floor,true,ok,x,ok
holdout2,box,POST,post_task_assignments,/task_assignments,Assign task,x,x,floor,true,ok,x,ok
holdout2,box,POST,post_users_id_email_aliases,/users/{user_id}/email_aliases,Create email alias,x,x,floor,true,ok,x,ok
holdout2,box,POST,post_workflows_id_start,/workflows/{workflow_id}/start,Starts workflow based on request body,x,x,floor,true,ok,x,ok
exam3,britbox.co.uk,PUT,createPinRequest,/ee/pin,,x,x,no-own-noun,false,ok,x,ok
exam2,bunq.com,PUT,UPDATE_BunqmeTab_for_User_MonetaryAccount,/user/{userID}/monetary-account/{monetary-accountID}/bunqme-tab/{itemId},,x,x,no-own-noun,false,ok,x,ok
exam3,bunq.com,PUT,UPDATE_RequestInquiryBatch_for_User_MonetaryAccount,/user/{userID}/monetary-account/{monetary-accountID}/request-inquiry-batch/{itemId},,x,x,no-own-noun,false,ok,x,ok
exam2,bunq.com,PUT,UPDATE_ShareInviteMonetaryAccountInquiry_for_User_MonetaryAccount,/user/{userID}/monetary-account/{monetary-accountID}/share-invite-monetary-account-inquiry/{itemId},,x,x,live-verb,false,ok,x,ok
exam2,bunq.com,PUT,UPDATE_ShareInviteMonetaryAccountResponse_for_User,/user/{userID}/share-invite-monetary-account-response/{itemId},,x,x,live-verb,false,ok,x,ok
exam3,c19qrserver.local,DELETE,,/user/{userId},Delete a team member's user record,x,x,no-own-noun,false,ok,x,ok
exam2,callfire.com,PUT,updateCampaignBatch,/campaigns/batches/{id},Update a batch,x,x,no-own-noun,false,ok,x,ok
camara,camara,DELETE,deleteSessionById,/sessions/{mediaSessionId},Cancel or Terminate the media session,x,x,live-verb,false,ok,x,ok
camara,camara,DELETE,deleteTrafficInfluence,/traffic-influences/{trafficInfluenceID},Delete an existing TrafficInfluence resource,x,x,no-own-noun,false,ok,x,ok
camara,camara,DELETE,revokeSponsorship,/sponsorship/{sponsorId}/{campaignId}/{sessionId}/revoke,Revocation of Sponsorship,x,x,live-verb,false,ok,x,ok
camara,camara,DELETE,terminateCall,/calls/{callId},Terminate an active call,x,x,live-verb,false,ok,x,ok
camara,camara,PATCH,patchTrafficInfluence,/traffic-influences/{trafficInfluenceID},"updates a specific TrafficInfluence resource, identified by the trafficInfluenceID value. If used for a specific user, the Device parameter can not be modified.",x,x,no-own-noun,false,ok,x,ok
camara,camara,PATCH,updateRebootRequest,/reboot-requests/{rebootRequestId},Update an existing Reboot Request,x,x,live-verb,false,ok,x,ok
camara,camara,POST,activatePowerSaving,/features/power-saving,Activate or de-activate power-saving features for IoT devices,x,x,floor,true,ok,x,ok
camara,camara,POST,addDevicesToAccess,/accesses/{accessId}/devices/add,Add devices to the access,x,x,floor,true,ok,x,ok
camara,camara,POST,assignDevice,/slices/{sliceId}/devices,Assign a device to a network slice,x,x,floor,true,ok,x,ok
camara,camara,POST,assignDevices,/qos-bookings/{bookingId}/devices/assign,Assign one or more devices to an existing QoS Booking identified by `bookingId`,x,x,floor,true,ok,x,ok
camara,camara,POST,bindBlockchainPublicAddress,/blockchain-public-addresses,Binds Blockchain Public Address to a mobile phone number,x,x,floor,true,ok,x,ok
camara,camara,POST,bindDeviceImei,/bind,Bind device IMEI or area restrictions,x,x,floor,true,ok,x,ok
camara,camara,POST,calculateCarbonFootprint,/calculate-carbon-footprint,Retrieves the overall carbon footprint for the target Application instances in a certain period of time.,x,x,floor,true,ok,x,ok
camara,camara,POST,calculateEnergyConsumption,/calculate-energy-consumption,Provides the overall Energy Consumption for the target Application instances in a certain period of time.,x,x,floor,true,ok,x,ok
camara,camara,POST,callTool,/knowledge-bases/{knowledgeBaseId}/tools/{toolId}/call,Invoke a tool,x,x,floor,true,ok,x,ok
camara,camara,POST,configureAlerts,/campaign/{sponsorId}/{campaignId}/alert-subscription,Campaigns - Subscription to Alert y Notifications,x,x,floor,true,ok,x,ok
camara,camara,POST,confirmPayment,/payments/{paymentId}/confirm,Confirm a payment,x,x,floor,true,ok,x,ok
camara,camara,POST,createAccess,/accesses,"Create an access to a dedicated network with given configuration, optionally including devices",x,x,floor,true,ok,x,ok
camara,camara,POST,createAppDeployment,/deployments,Deploy an Application,x,x,floor,true,ok,x,ok
camara,camara,POST,createAppInstance,/app-instances,Instantiation of an Application,x,x,floor,true,ok,x,ok
camara,camara,POST,createApplicationProfile,/application-profiles,Create an Application Profile,x,x,floor,true,ok,x,ok
camara,camara,POST,createAssistant,/assistants,Create a new QA assistant,x,x,floor,true,ok,x,ok
camara,camara,POST,createBlockchainPublicAddressValidationNonce,/nonce,Generates a one-time nonce associated to a specific Blockchain Public Address,x,x,floor,true,ok,x,ok
camara,camara,POST,createBooking,/qos-bookings,This operation reserves required QoS in advance up to a certain number of devices in certain serviceArea and time slot. The devices have to be attached with a s,x,x,floor,true,ok,x,ok
camara,camara,POST,createBooking,/device-qos-bookings,Sets a new booking of QoS for a device,x,x,floor,true,ok,x,ok
camara,camara,POST,createCall,/calls,Create a new Click to Dial call session,x,x,floor,true,ok,x,ok
camara,camara,POST,createConnectedNetworkTypeSubscription,/subscriptions,Create a subscription for receiving notifications on changes to the connected network type of a device,x,x,floor,true,ok,x,ok
camara,camara,POST,createConnectedNetworkTypeSubscription,/subscriptions,Create a subscription for receiving notifications on changes to the connected network type of a device,x,x,floor,true,ok,x,ok
camara,camara,POST,createConsent,/consents,Create User Consent,x,x,floor,true,ok,x,ok
camara,camara,POST,createDeviceDataVolumeSubscription,/subscriptions,Create a device data volume event subscription,x,x,floor,true,ok,x,ok
camara,camara,POST,createDeviceReachabilityStatusSubscription,/subscriptions,Create a device reachability status event subscription for a device,x,x,floor,true,ok,x,ok
camara,camara,POST,createDeviceReachabilityStatusSubscription,/subscriptions,Create a device reachability status event subscription for a device,x,x,floor,true,ok,x,ok
camara,camara,POST,createDeviceRoamingStatusSubscription,/subscriptions,Create a device roaming status event subscription for a device,x,x,floor,true,ok,x,ok
camara,camara,POST,createDeviceRoamingStatusSubscription,/subscriptions,Create a device roaming status event subscription for a device,x,x,floor,true,ok,x,ok
camara,camara,POST,createGeofencingSubscription,/subscriptions,Create a geofencing subscription for a device,x,x,floor,true,ok,x,ok
camara,camara,POST,createKnowledgeBase,/knowledge-bases,Create a new knowledge base,x,x,floor,true,ok,x,ok
camara,camara,POST,createNetwork,/networks,Request to create a dedicated network,x,x,floor,true,ok,x,ok
camara,camara,POST,createNetwork,/networks,To create a multipoint virtual private network,x,x,floor,true,ok,x,ok
camara,camara,POST,createNotificationChannelSubscription,/subscriptions,Create a webrtc-events event subscription,x,x,floor,true,ok,x,ok
camara,camara,POST,createPayment,/payments,Create a new Payment,x,x,floor,true,ok,x,ok
camara,camara,POST,createPreAnnouncement,/pre-announce,Create a call pre-announcement in the service platform,x,x,floor,true,ok,x,ok
camara,camara,POST,createQosAssignment,/qos-assignments,Triggers the provisioning process for the assignment of a QoS profile to a device,x,x,floor,true,ok,x,ok
camara,camara,POST,createRebootRequest,/reboot-requests,Create a new Reboot Request,x,x,floor,true,ok,x,ok
camara,camara,POST,createRefund,/payments/{paymentId}/refunds,Create a new Refund,x,x,floor,true,ok,x,ok
camara,camara,POST,createRegistration,/registrations,Register new brand information in the service platform,x,x,floor,true,ok,x,ok
camara,camara,POST,createRegistration,/sessions,Create a registration,x,x,floor,true,ok,x,ok
camara,camara,POST,createSession,/sessions,Creates a new session,x,x,floor,true,ok,x,ok
camara,camara,POST,createSession,/sessions,Create a Session Insights session,x,x,floor,true,ok,x,ok
camara,camara,POST,createSession,/sessions,Creates voice and/or video session,x,x,floor,true,ok,x,ok
camara,camara,POST,createSimSwapSubscription,/subscriptions,Create a sim swap event subscription for a phone number,x,x,floor,true,ok,x,ok
camara,camara,POST,createSlice,/slices,Creates a new network slice,x,x,floor,true,ok,x,ok
camara,camara,POST,createSubscription,/subscriptions,Create a Connectivity insights subscription for a device,x,x,floor,true,ok,x,ok
camara,camara,POST,createTool,/knowledge-bases/{knowledgeBaseId}/tools,Register a new tool,x,x,floor,true,ok,x,ok
camara,camara,POST,createTrustDomainDevice,/trust-domains/{trustDomainId}/devices,Register a new device to a Trust Domain,x,x,floor,true,ok,x,ok
camara,camara,POST,deleteEsimProfile,/delete,Delete eSIM Profile,x,x,floor,true,ok,x,ok
camara,camara,POST,disableEsimProfile,/disable,Disable eSIM Profile,x,x,floor,true,ok,x,ok
camara,camara,POST,downloadEsimProfile,/download,Download eSIM Profile to device,x,x,floor,true,ok,x,ok
camara,camara,POST,enableEsimProfile,/enable,Enable eSIM Profile,x,x,floor,true,ok,x,ok
camara,camara,POST,extendQosSessionDuration,/sessions/{sessionId}/extend,Extend the duration of an active session,x,x,floor,true,ok,x,ok
camara,camara,POST,performDeviceAction,/v1/devices/{deviceId}/actions/{actionId},Perform action on device,x,x,floor,true,ok,x,ok
camara,camara,POST,postServiceCapability,/retrieve,Retrieve tailored service capabilities based on consumer context,x,x,floor,true,ok,x,ok
camara,camara,POST,postTrafficInfluence,/traffic-influences,Creates a new TrafficInfluence resource influencing the traffic toward local instances of the Application for any user.,x,x,floor,true,ok,x,ok
camara,camara,POST,postTrafficInfluenceDevice,/traffic-influence-devices,Creates a new TrafficInfluence resource influencing the traffic toward local instances of the Application for a specific user.,x,x,floor,true,ok,x,ok
camara,camara,POST,preparePayment,/payments/prepare,Prepare (reserve) a payment,x,x,floor,true,ok,x,ok
camara,camara,POST,profileDownload,/profile/download,Download profile,x,x,floor,true,ok,x,ok
camara,camara,POST,profileOperation,/profile/oper,Perform profile operation,x,x,floor,true,ok,x,ok
camara,camara,POST,registerApplicationEndpoints,/application-endpoint-lists,Register endpoints of a deployed application,x,x,floor,true,ok,x,ok
camara,camara,POST,releaseDevice,/slices/{sliceId}/release,Release a device from an existing network slice,x,x,floor,true,ok,x,ok
camara,camara,POST,releaseDevices,/qos-bookings/{bookingId}/devices/release,Release one or more devices from the given QoS Booking,x,x,floor,true,ok,x,ok
camara,camara,POST,removeDevicesFromAccess,/accesses/{accessId}/devices/remove,Remove devices from the access,x,x,floor,true,ok,x,ok
camara,camara,POST,scheduleTransmission,/high-throughput-elastic-network/transmission/schedule,Submit high-throughput data transmission scheduling request,x,x,floor,true,ok,x,ok
camara,camara,POST,sendCode,/send-code,Sends a message including an OTP code to the given phone number,x,x,floor,true,ok,x,ok
camara,camara,POST,sendSessionMetrics,/sessions/{sessionId}/metrics,Send session metrics,x,x,floor,true,ok,x,ok
camara,camara,POST,setFallbackEsimProfile,/set-fallback,Set fallback eSIM Profile,x,x,floor,true,ok,x,ok
camara,camara,POST,startSponsorship,/sponsorship,Start Sponsorship Session Request,x,x,floor,true,ok,x,ok
camara,camara,POST,submitApp,/apps,Submit application metadata to the Edge Cloud Provider.,x,x,floor,true,ok,x,ok
camara,camara,POST,subscribeFraudPrevention,/subscriptions,Subscribe to IMEI or area change events,x,x,floor,true,ok,x,ok
camara,camara,POST,unBindDeviceImei,/unbind,Unbind device IMEI or area restrictions,x,x,floor,true,ok,x,ok
camara,camara,POST,uploadDocument,/knowledge-bases/{knowledgeBaseId}/documents,Upload a document to a knowledge base,x,x,floor,true,ok,x,ok
camara,camara,POST,validatePayment,/payments/{paymentId}/validate,Validate a payment,x,x,floor,true,ok,x,ok
camara,camara,PUT,updateSessionStatus,/sessions/{mediaSessionId}/status,Update the status of the media session,x,x,no-own-noun,false,ok,x,ok
exam3,circuitsandbox.net,DELETE,removeModerators,/conversations/{convId}/moderators,Remove moderators,x,x,no-own-noun,false,ok,x,ok
exam2,circuitsandbox.net,DELETE,removeParticipantGroup,/conversations/group/{convId}/participants,Removes participants from a group conversation,x,x,no-own-noun,false,ok,x,ok
exam3,circuitsandbox.net,PUT,updateParticipantInSpace,/spaces/{spaceId}/participant,Update participant,x,x,no-own-noun,false,ok,x,ok
exam3,citrixonline.com,DELETE,,/meetings/{meetingId},Delete meeting,x,x,no-own-noun,false,ok,x,ok
exam3,citrixonline.com,DELETE,,/organizers,Delete organizer by email,x,x,no-own-noun,false,ok,x,ok
exam3,citrixonline.com,DELETE,,/organizers/{organizerKey},Delete organizer,x,x,no-own-noun,false,ok,x,ok
exam3,citrixonline.com,PATCH,updateGroup,/Groups/{groupKey},Update Group,x,x,no-own-noun,false,ok,x,ok
exam3,citrixonline.com,PATCH,updateUser,/Users/{userKey},Update User,x,x,no-own-noun,false,ok,x,ok
exam3,citrixonline.com,PUT,,/meetings/{meetingId},Update meeting,x,x,no-own-noun,false,ok,x,ok
exam3,citrixonline.com,PUT,,/organizers/{organizerKey},Update organizer,x,x,no-own-noun,false,ok,x,ok
exam3,citrixonline.com,PUT,replaceGroup,/Groups/{groupKey},Replace Group,x,x,no-own-noun,false,ok,x,ok
exam3,clearblade.com,DELETE,DeleteUser,/admin/user/{systemKey},DEVELOPER - Delete user,x,x,no-own-noun,false,ok,x,ok
exam2,clearblade.com,DELETE,DeleteUserSession,/admin/v/4/session/{systemKey}/user,SESSION  - Delete user session,x,x,no-own-noun,false,ok,x,ok
exam2,clearblade.com,PUT,AddEdgeCommand,/api/v/4/{SystemKey}/adapters/{AdapterName}/control,ADAPTERS - Send command to edge,x,x,no-own-noun,false,ok,w,LEAK
exam3,clever-cloud.com,DELETE,deleteOrganisationsIdMembersUserId,/organisations/{id}/members/{userId},,x,x,no-own-noun,false,ok,x,ok
exam3,clickmeter.com,DELETE,Account_DeleteGuest,/account/guests/{guestId},Delete a guest,x,x,no-own-noun,false,ok,x,ok
exam3,clicksend.com,DELETE,Delete Email-to-SMS Allowed Address,/sms/email-sms/{email_address_id},Delete Email-to-SMS Allowed Address,x,x,no-own-noun,false,ok,x,ok
exam3,clicksend.com,PUT,Forgot Username,/forgot-username,Forgot Username,x,x,no-own-noun,false,ok,x,ok
exam2,clicksend.com,PUT,Send Verification Token,/email/address-verify/{email_address_id}/send,Send Verification Token,x,x,live-verb,false,ok,x,ok
exam2,clicksend.com,PUT,Verify Forgot Password,/forgot-password/verify,Verify Forgot Password,x,x,no-own-noun,false,ok,x,ok
exam3,climatekuul.com,PATCH,confirmCarbonOffset1,/ecommerceDelivery/confirmCarbonOffset,confirmCarbonOffset,x,x,no-own-noun,false,ok,x,ok
exam3,climatekuul.com,PATCH,confirmCarbonOffset3,/airtravelMultileg/confirmCarbonOffset,confirmCarbonOffset,x,x,no-own-noun,false,ok,x,ok
exam3,climatekuul.com,PATCH,confirmCarbonOffset4,/airtravelCoordinates/confirmCarbonOffset,confirmCarbonOffset,x,x,no-own-noun,false,ok,x,ok
exam3,climatekuul.com,PATCH,confirmCarbonOffset5,/roadDistance/confirmCarbonOffset,confirmCarbonOffset,x,x,no-own-noun,false,ok,x,ok
exam3,climatekuul.com,PATCH,confirmPayment,/urbanDelivery/confirmPayment,confirmPayment,x,x,no-own-noun,false,ok,x,ok
exam3,climatekuul.com,PATCH,confirmPayment1,/ecommerceDelivery/confirmPayment,confirmPayment,x,x,no-own-noun,false,ok,x,ok
exam3,climatekuul.com,PATCH,confirmPayment3,/airtravelMultileg/confirmPayment,confirmPayment,x,x,no-own-noun,false,ok,x,ok
exam2,climatekuul.com,PATCH,confirmPayment4,/airtravelCoordinates/confirmPayment,confirmPayment,x,x,no-own-noun,false,ok,x,ok
exam3,climatekuul.com,PATCH,confirmPayment5,/roadDistance/confirmPayment,confirmPayment,x,x,no-own-noun,false,ok,x,ok
exam3,climatekuul.com,PATCH,confirmPaymentOfTransaction,/urbanDelivery/confirmTransaction,confirmTransaction,x,x,no-own-noun,false,ok,w,LEAK
exam2,climatekuul.com,PATCH,confirmPaymentOfTransaction1,/ecommerceDelivery/confirmTransaction,confirmTransaction,x,x,no-own-noun,false,ok,x,ok
exam3,climatekuul.com,PATCH,confirmPaymentOfTransaction3,/airtravelMultileg/confirmTransaction,confirmTransaction,x,x,no-own-noun,false,ok,x,ok
exam3,climatekuul.com,PATCH,confirmPaymentOfTransaction4,/airtravelCoordinates/confirmTransaction,confirmTransaction,x,x,no-own-noun,false,ok,x,ok
exam3,climatekuul.com,PATCH,confirmPaymentOfTransaction5,/roadDistance/confirmTransaction,confirmTransaction,x,x,no-own-noun,false,ok,x,ok
exam3,climatekuul.com,PATCH,confirmsPlanting,/urbanDelivery/confirmPlanting,confirmPlanting,x,x,no-own-noun,false,ok,x,ok
exam2,climatekuul.com,PATCH,confirmsPlanting2,/ecommerceDelivery/confirmPlanting,confirmPlanting,x,x,no-own-noun,false,ok,x,ok
exam2,climatekuul.com,PATCH,confirmsPlanting3,/airtravelMultileg/confirmPlanting,confirmPlanting,x,x,no-own-noun,false,ok,x,ok
exam3,climatekuul.com,PATCH,confirmsPlanting4,/airtravelCoordinates/confirmPlanting,confirmPlanting,x,x,no-own-noun,false,ok,x,ok
exam3,climatekuul.com,PATCH,confirmsPlanting5,/roadDistance/confirmPlanting,confirmPlanting,x,x,no-own-noun,false,ok,x,ok
holdout4,cloudflare,PATCH,ssl-verification-edit-ssl-certificate-pack-validation-method,/zones/{zone_id}/ssl/verification/{certificate_pack_id},Edit SSL Certificate Pack Validation Method,x,x,no-own-noun,false,ok,w,LEAK
holdout4,cloudflare,POST,access-identity-providers-add-an-access-identity-provider,/accounts/{account_id}/access/identity_providers,Add an Access identity provider,x,x,floor,true,ok,x,ok
holdout4,cloudflare,POST,accounts-turnstile-widget-create,/accounts/{account_id}/challenges/widgets,Create a Turnstile Widget,x,x,floor,true,ok,x,ok
holdout4,cloudflare,POST,custom-origin-trust-store-create,/zones/{zone_id}/acm/custom_trust_store,Upload Custom Origin Trust Store,x,x,floor,true,ok,x,ok
holdout4,cloudflare,POST,devices-unrevoke-devices,/accounts/{account_id}/devices/unrevoke,Unrevoke devices (deprecated),x,x,floor,true,ok,x,ok
holdout4,cloudflare,POST,email-sending-account-send-raw-message,/accounts/{account_id}/email/sending/send_raw,Send a raw MIME email,x,x,floor,true,ok,x,ok
holdout4,cloudflare,POST,notification-webhooks-create-a-webhook,/accounts/{account_id}/alerting/v3/destinations/webhooks,Create a webhook,x,x,floor,true,ok,x,ok
holdout4,cloudflare,POST,oauth-clients-create,/accounts/{account_id}/oauth_clients,Create OAuth Client,x,x,floor,true,ok,x,ok
holdout4,cloudflare,POST,pay-per-crawl.publisherCreateStripeConfig,/accounts/{account_id}/pay-per-crawl/publisher/stripe,Creates the stripe config for a publisher,x,x,floor,true,ok,x,ok
holdout4,cloudflare,POST,sinkhole-config-create-sinkhole,/accounts/{account_id}/intel/sinkholes,Create a new sinkhole for your account,x,x,floor,true,ok,x,ok
holdout4,cloudflare,POST,vectorize-create-metadata-index,/accounts/{account_id}/vectorize/v2/indexes/{index_name}/metadata_index/create,Create Metadata Index,x,x,floor,true,ok,x,ok
exam2,codat.io,PUT,update-bank-account,/companies/{companyId}/connections/{connectionId}/push/bankAccounts/{bankAccountId},Update bank account,x,x,no-own-noun,false,ok,x,ok
exam2,codat.io,PUT,update-bill-credit-note,/companies/{companyId}/connections/{connectionId}/push/billCreditNotes/{billCreditNoteId},Update bill credit note,x,x,no-own-noun,false,ok,w,LEAK
exam3,combell.com,PUT,VerifySslCertificateRequestDomainValidations,/sslcertificaterequests/{id},Verify the SSL certificate request domain validations,x,x,no-own-noun,false,ok,x,ok
exam3,configcat.com,DELETE,delete-organization-member,/v1/organizations/{organizationId}/members/{userId},Delete Member from Organization,x,x,no-own-noun,false,ok,x,ok
exam3,configcat.com,DELETE,delete-permission-group,/v1/permissions/{permissionGroupId},Delete Permission Group,x,x,no-own-noun,false,ok,x,ok
exam3,configcat.com,DELETE,delete-product-member,/v1/products/{productId}/members/{userId},Delete Member from Product,x,x,no-own-noun,false,ok,x,ok
exam3,configcat.com,PUT,update-permission-group,/v1/permissions/{permissionGroupId},Update Permission Group,x,x,no-own-noun,false,ok,x,ok
exam3,conjur.local,DELETE,removeMemberFromRole,/roles/{account}/{kind}/{identifier},Deletes an existing role membership,x,x,no-own-noun,false,ok,x,ok
exam2,conjur.local,PATCH,enableAuthenticator,/{authenticator}/{account},Enables or disables authenticator defined without service_id.,x,x,no-own-noun,false,ok,x,ok
exam3,conjur.local,PATCH,enableAuthenticatorInstance,/{authenticator}/{service_id}/{account},Enables or disables authenticator service instances.,x,x,no-own-noun,false,ok,w,LEAK
exam3,conjur.local,PUT,rotateApiKey,/authn/{account}/api_key,Rotates a role's API key.,x,x,no-own-noun,false,ok,w,LEAK
exam2,contract-p.fit,DELETE,delete_role_resource,/roles/{role_id},Delete a role,x,x,no-own-noun,false,ok,x,ok
exam3,contract-p.fit,DELETE,delete_user_resource,/users/{user_id},Delete a user,x,x,no-own-noun,false,ok,x,ok
exam2,cpy.re,PUT,putUser,/api/v1/users/{id},Update a user,x,x,no-own-noun,false,ok,x,ok
exam3,crucible.local,DELETE,removeReviewer,/rest-service/reviews-v1/{id}/reviewers/{username},,x,x,no-own-noun,false,ok,x,ok
exam3,daniweb.com,PATCH,,/groups/{ID}/memberships,,x,x,no-own-noun,false,ok,x,ok
exam3,dev.to,PUT,suspendUser,/api/users/{id}/suspend,Suspend a User,x,x,no-own-noun,false,ok,x,ok
exam3,dev.to,PUT,unpublishArticle,/api/articles/{id}/unpublish,Unpublish an article,x,x,no-own-noun,false,ok,w,LEAK
exam3,dev.to,PUT,unpublishUser,/api/users/{id}/unpublish,Unpublish a User's Articles and Comments,x,x,no-own-noun,false,ok,x,ok
holdout3,discord,DELETE,delete_group_dm_user,/channels/{channel_id}/recipients/{user_id},,x,x,no-own-noun,false,ok,x,ok
holdout3,discord,DELETE,delete_guild_emoji,/guilds/{guild_id}/emojis/{emoji_id},,x,x,no-own-noun,false,ok,x,ok
holdout3,discord,DELETE,delete_guild_role,/guilds/{guild_id}/roles/{role_id},,x,x,no-own-noun,false,ok,x,ok
holdout3,discord,DELETE,delete_guild_sticker,/guilds/{guild_id}/stickers/{sticker_id},,x,x,no-own-noun,false,ok,x,ok
holdout3,discord,DELETE,delete_lobby_member,/lobbies/{lobby_id}/members/{user_id},,x,x,no-own-noun,false,ok,x,ok
holdout3,discord,DELETE,delete_message,/channels/{channel_id}/messages/{message_id},,x,x,no-own-noun,false,ok,x,ok
holdout3,discord,DELETE,delete_thread_member,/channels/{channel_id}/thread-members/{user_id},,x,x,no-own-noun,false,ok,x,ok
holdout3,discord,DELETE,delete_user_message_reaction,/channels/{channel_id}/messages/{message_id}/reactions/{emoji_name}/{user_id},,x,x,no-own-noun,false,ok,x,ok
holdout3,discord,DELETE,unban_user_from_guild,/guilds/{guild_id}/bans/{user_id},,x,x,no-own-noun,false,ok,x,ok
holdout3,discord,PATCH,bulk_update_guild_roles,/guilds/{guild_id}/roles,,x,x,no-own-noun,false,ok,x,ok
holdout3,discord,PATCH,update_guild_member,/guilds/{guild_id}/members/{user_id},,x,x,no-own-noun,false,ok,x,ok
holdout3,discord,PATCH,update_original_webhook_message,/webhooks/{webhook_id}/{webhook_token}/messages/@original,,x,x,no-own-noun,false,ok,x,ok
holdout3,discord,PATCH,update_stage_instance,/stage-instances/{channel_id},,x,x,no-own-noun,false,ok,w,LEAK
holdout3,discord,PATCH,update_webhook_message,/webhooks/{webhook_id}/{webhook_token}/messages/{message_id},,x,x,no-own-noun,false,ok,x,ok
holdout3,discord,POST,bulk_ban_users_from_guild,/guilds/{guild_id}/bulk-ban,,x,x,floor,true,ok,x,ok
holdout3,discord,POST,create_entitlement,/applications/{application_id}/entitlements,,x,x,floor,true,ok,x,ok
holdout3,discord,POST,create_guild_channel,/guilds/{guild_id}/channels,,x,x,floor,true,ok,x,ok
holdout3,discord,POST,create_guild_soundboard_sound,/guilds/{guild_id}/soundboard-sounds,,x,x,floor,true,ok,x,ok
holdout3,discord,POST,create_interaction_response,/interactions/{interaction_id}/{interaction_token}/callback,,x,x,floor,true,ok,x,ok
holdout3,discord,POST,create_lobby,/lobbies,,x,x,floor,true,ok,x,ok
holdout3,discord,POST,create_stage_instance,/stage-instances,,x,x,floor,true,ok,x,ok
holdout3,discord,POST,create_thread,/channels/{channel_id}/threads,,x,x,floor,true,ok,x,ok
holdout3,discord,POST,crosspost_message,/channels/{channel_id}/messages/{message_id}/crosspost,,x,x,floor,true,ok,x,ok
holdout3,discord,POST,execute_github_compatible_webhook,/webhooks/{webhook_id}/{webhook_token}/github,,x,x,floor,true,ok,x,ok
holdout3,discord,POST,follow_channel,/channels/{channel_id}/followers,,x,x,floor,true,ok,x,ok
holdout3,discord,PUT,add_guild_member_role,/guilds/{guild_id}/members/{user_id}/roles/{role_id},,x,x,no-own-noun,false,ok,x,ok
holdout3,discord,PUT,deprecated_create_pin,/channels/{channel_id}/pins/{message_id},,x,x,no-own-noun,false,ok,x,ok
holdout3,discord,PUT,set_channel_permission_overwrite,/channels/{channel_id}/permissions/{overwrite_id},,x,x,no-own-noun,false,ok,x,ok
holdout3,discord,PUT,set_guild_application_command_permissions,/applications/{application_id}/guilds/{guild_id}/commands/{command_id}/permissions,,x,x,no-own-noun,false,ok,x,ok
holdout3,discord,PUT,update_guild_incident_actions,/guilds/{guild_id}/incident-actions,,x,x,no-own-noun,false,ok,x,ok
exam3,discourse.local,DELETE,deleteGroup,/admin/groups/{id}.json,Delete a group,x,x,no-own-noun,false,ok,x,ok
exam3,discourse.local,DELETE,deleteUser,/admin/users/{id}.json,Delete a user,x,x,no-own-noun,false,ok,x,ok
exam2,discourse.local,PUT,anonymizeUser,/admin/users/{id}/anonymize.json,Anonymize a user,x,x,no-own-noun,false,ok,x,ok
exam3,discourse.local,PUT,sendDownloadBackupEmail,/admin/backups/{filename},Send download backup email,x,x,live-verb,false,ok,x,ok
exam3,discourse.local,PUT,silenceUser,/admin/users/{id}/silence.json,Silence a user,x,x,no-own-noun,false,ok,x,ok
exam3,discourse.local,PUT,suspendUser,/admin/users/{id}/suspend.json,Suspend a user,x,x,no-own-noun,false,ok,x,ok
exam3,docusign.net,DELETE,CloudStorage_DeleteCloudStorage,/v2.1/accounts/{accountId}/users/{userId}/cloud_storage/{serviceId},Deletes the user authentication information for the specified cloud storage provider.,x,x,no-own-noun,false,ok,x,ok
exam3,docusign.net,PUT,Groups_PutGroupUsers,/v2.1/accounts/{accountId}/groups/{groupId}/users,Adds one or more users to an existing group.,x,x,no-own-noun,false,ok,x,ok
exam2,docusign.net,PUT,PermissionProfiles_PutPermissionProfiles,/v2.1/accounts/{accountId}/permission_profiles/{permissionProfileId},Updates a permission profile.,x,x,no-own-noun,false,ok,x,ok
exam3,docusign.net,PUT,Recipients_PutRecipientDocumentVisibility,/v2.1/accounts/{accountId}/envelopes/{envelopeId}/recipients/{recipientId}/document_visibility,Updates document visibility for a recipient,x,x,no-own-noun,false,ok,x,ok
exam3,dracoon.team,DELETE,removeGroup,/v4/groups/{group_id},Remove user group,x,x,no-own-noun,false,ok,x,ok
exam2,dracoon.team,DELETE,revokeRoleGroups,/v4/roles/{role_id}/groups,Revoke granted role from group(s),x,x,live-verb,false,ok,x,ok
exam3,dracoon.team,DELETE,revokeRoomGroups,/v4/nodes/rooms/{room_id}/groups,Revoke granted group(s) from room,x,x,live-verb,false,ok,x,ok
exam2,dracoon.team,PUT,resetPassword,/v4/auth/reset_password/{token},Reset password,x,x,no-own-noun,false,ok,x,ok
exam2,dracoon.team,PUT,toggleNotificationChannels,/v4/settings/notifications/channels,Toggle notification channels,x,x,no-own-noun,false,ok,x,ok
exam2,dracoon.team,PUT,updateRoomGroups,/v4/nodes/rooms/{room_id}/groups,Add or change room granted group(s),x,x,no-own-noun,false,ok,x,ok
exam3,edrv.io,PATCH,updatereservation,/v1/reservations/{id},,x,x,no-own-noun,false,ok,x,ok
exam3,enode.io,DELETE,deleteUsersUserid,/users/{userId},Unlink User,x,x,no-own-noun,false,ok,x,ok
exam3,enode.io,DELETE,deleteUsersUseridAuthorization,/users/{userId}/authorization,Deauthorize User,x,x,no-own-noun,false,ok,x,ok
exam3,evetech.net,DELETE,delete_fleets_fleet_id_members_member_id,/fleets/{fleet_id}/members/{member_id}/,Kick fleet member,x,x,live-verb,false,ok,x,ok
exam3,evetech.net,PUT,put_fleets_fleet_id_members_member_id,/fleets/{fleet_id}/members/{member_id}/,Move fleet member,x,x,no-own-noun,false,ok,x,ok
exam3,exavault.com,DELETE,deleteUser,/users/{id},Delete a user,x,x,no-own-noun,false,ok,x,ok
exam3,exavault.com,PATCH,updateShareById,/shares/{id},Update a share,x,x,no-own-noun,false,ok,x,ok
exam3,exavault.com,PATCH,updateUser,/users/{id},Update a user,x,x,no-own-noun,false,ok,x,ok
exam3,fecru.local,DELETE,,/rest-service-fecru/admin/permission-schemes/{name},,x,x,no-own-noun,false,ok,x,ok
exam2,fecru.local,DELETE,deleteAllowedReviewerGroup,/rest-service-fecru/admin/projects/{key}/allowed-reviewer-groups,,x,x,no-own-noun,false,ok,x,ok
exam3,fecru.local,DELETE,deleteAllowedReviewerUser,/rest-service-fecru/admin/projects/{key}/allowed-reviewer-users,,x,x,no-own-noun,false,ok,x,ok
exam3,fecru.local,DELETE,deletePermissionSchemeGroup,/rest-service-fecru/admin/permission-schemes/{name}/groups,,x,x,no-own-noun,false,ok,x,ok
exam3,fecru.local,DELETE,deletePermissionSchemeLoggedUsers,/rest-service-fecru/admin/permission-schemes/{name}/logged-in-users,,x,x,no-own-noun,false,ok,x,ok
exam3,fecru.local,DELETE,deletePermissionSchemeRole,/rest-service-fecru/admin/permission-schemes/{name}/review-roles,,x,x,no-own-noun,false,ok,x,ok
exam3,fecru.local,DELETE,deletePermissionSchemeUser,/rest-service-fecru/admin/permission-schemes/{name}/users,,x,x,no-own-noun,false,ok,x,ok
exam3,fecru.local,DELETE,removeGroupToPermissions,/rest-service-fecru/admin/repositories/{repository}/permissions/groups,,x,x,no-own-noun,false,ok,x,ok
exam2,fecru.local,PUT,,/rest-service-fecru/admin/permission-schemes/{name},,x,x,no-own-noun,false,ok,x,ok
exam2,fecru.local,PUT,,/rest-service-fecru/admin/users/{name}/groups,,x,x,no-own-noun,false,ok,x,ok
exam2,fecru.local,PUT,addDefaultReviewerUser,/rest-service-fecru/admin/projects/{key}/default-reviewer-users,,x,x,no-own-noun,false,ok,x,ok
exam2,fecru.local,PUT,addPermissionSchemeReviewRole,/rest-service-fecru/admin/permission-schemes/{name}/review-roles,,x,x,no-own-noun,false,ok,x,ok
exam3,fecru.local,PUT,addPermissionSchemeUser,/rest-service-fecru/admin/permission-schemes/{name}/users,,x,x,no-own-noun,false,ok,x,ok
exam3,figshare.com,DELETE,private_institution_account_group_role_delete,/account/institution/roles/{account_id}/{group_id}/{role_id},Delete Institution Account Group Role,x,x,no-own-noun,false,ok,x,ok
exam2,figshare.com,DELETE,private_project_delete,/account/projects/{project_id},Delete project,x,x,no-own-noun,false,ok,w,LEAK
exam2,files.com,DELETE,DeleteGroupUsersId,/group_users/{id},Delete Group User,x,x,no-own-noun,false,ok,x,ok
exam3,files.com,DELETE,DeleteGroupsId,/groups/{id},Delete Group,x,x,no-own-noun,false,ok,x,ok
exam3,files.com,DELETE,DeletePermissionsId,/permissions/{id},Delete Permission,x,x,no-own-noun,false,ok,x,ok
exam3,fire.com,PUT,submitBatch,/v1/batches/{batchUuid},Submit a batch for approval,x,x,live-verb,false,ok,x,ok
exam2,flat.io,DELETE,deleteClassUser,/classes/{class}/users/{user},Remove a user from the class,x,x,no-own-noun,false,ok,x,ok
exam3,flat.io,DELETE,removeOrganizationUser,/organizations/users/{user},Remove an account from Flat,x,x,no-own-noun,false,ok,x,ok
exam3,flat.io,DELETE,removeScoreCollaborator,/scores/{score}/collaborators/{collaborator},Delete a collaborator,x,x,no-own-noun,false,ok,x,ok
exam3,fulfillment.com,DELETE,delete-orders-id,/orders/{id},Cancel an Order,x,x,live-verb,false,ok,x,ok
exam2,fulfillment.com,PUT,put-orders-id-ship,/orders/{id}/ship,Ship an Order,x,x,no-own-noun,false,ok,x,ok
exam2,fulfillment.com,PUT,put-orders-id-status,/orders/{id}/status,Update Order Status,x,x,no-own-noun,false,ok,x,ok
exam3,fulfillment.com,PUT,put-returns,/returns,Inform us of an RMA,x,x,no-own-noun,false,ok,x,ok
exam3,gambitcomm.local,PUT,protocol_mqtt_client_runtime_abort,/mimic/agent/{agentNum}/protocol/msg/mqtt/client/runtime/abort,Abort agent's MQTT TCP session without sending DISCONNECT command,x,x,no-own-noun,false,ok,x,ok
exam3,gambitcomm.local,PUT,protocol_mqtt_client_runtime_disconnect,/mimic/agent/{agentNum}/protocol/msg/mqtt/client/runtime/disconnect,Disconnect agent's MQTT TCP session by sending DISCONNECT command,x,x,no-own-noun,false,ok,x,ok
exam3,gerermesaffaires.com,DELETE,,/spaces/{spaceId}/persons/{id}/invitation,,x,x,no-own-noun,false,ok,x,ok
exam3,gerermesaffaires.com,PATCH,,/spaces/{spaceId}/persons/{id}/guest-in-space,,x,x,no-own-noun,false,ok,w,LEAK
exam3,getgo.com,DELETE,cancelRegistration,/organizers/{organizerKey}/trainings/{trainingKey}/registrants/{registrantKey},Cancel Registration,x,x,live-verb,false,ok,x,ok
exam3,getgo.com,DELETE,cancelTraining,/organizers/{organizerKey}/trainings/{trainingKey},Delete Training,x,x,live-verb,false,ok,x,ok
exam2,getgo.com,DELETE,cancelWebinar,/organizers/{organizerKey}/webinars/{webinarKey},Cancel webinar,x,x,live-verb,false,ok,x,ok
exam3,getgo.com,DELETE,deleteCoorganizer,/organizers/{organizerKey}/webinars/{webinarKey}/coorganizers/{coorganizerKey},Delete co-organizer,x,x,no-own-noun,false,ok,x,ok
exam2,getgo.com,DELETE,deleteWebinarPanelist,/organizers/{organizerKey}/webinars/{webinarKey}/panelists/{panelistKey},Delete webinar panelist,x,x,no-own-noun,false,ok,x,ok
exam3,getgo.com,PUT,updateOrganisersForTraining,/organizers/{organizerKey}/trainings/{trainingKey}/organizers,Update Training Organizers,x,x,no-own-noun,false,ok,x,ok
exam3,getgo.com,PUT,updateTrainingTimes,/organizers/{organizerKey}/trainings/{trainingKey}/times,Update Training Times,x,x,no-own-noun,false,ok,w,LEAK
exam3,getgo.com,PUT,updateWebinar,/organizers/{organizerKey}/webinars/{webinarKey},Update webinar,x,x,no-own-noun,false,ok,x,ok
exam3,gettyimages.com,PUT,,/v3/usage-batches/{id},Report usage of assets via a batch format.,x,x,no-own-noun,false,ok,x,ok
exam3,gitea.io,DELETE,orgDelete,/orgs/{org},Delete an organization,x,x,no-own-noun,false,ok,x,ok
exam3,gitea.io,DELETE,orgDeleteTeam,/teams/{id},Delete a team,x,x,no-own-noun,false,ok,x,ok
exam3,gitea.io,DELETE,repoDeleteCollaborator,/repos/{owner}/{repo}/collaborators/{collaborator},Delete a collaborator from a repository,x,x,no-own-noun,false,ok,x,ok
exam3,gitea.io,PUT,repoAddTeam,/repos/{owner}/{repo}/teams/{team},Add a team to a repository,x,x,no-own-noun,false,ok,x,ok
holdout1,github,DELETE,apps/delete-installation,/app/installations/{installation_id},Delete an installation for the authenticated app,x,x,no-own-noun,false,ok,x,ok
holdout1,github,DELETE,apps/delete-token,/applications/{client_id}/token,Delete an app token,x,x,no-own-noun,false,ok,x,ok
holdout1,github,DELETE,apps/remove-repo-from-installation-for-authenticated-user,/user/installations/{installation_id}/repositories/{repository_id},Remove a repository from an app installation,x,x,no-own-noun,false,ok,x,ok
holdout1,github,DELETE,codespaces/delete-from-organization,/orgs/{org}/members/{username}/codespaces/{codespace_name},Delete a codespace from the organization,x,x,no-own-noun,false,ok,x,ok
holdout1,github,DELETE,copilot/cancel-copilot-seat-assignment-for-users,/orgs/{org}/copilot/billing/selected_users,Remove users from the Copilot subscription for an organization,x,x,live-verb,false,ok,x,ok
holdout1,github,DELETE,issues/remove-sub-issue,/repos/{owner}/{repo}/issues/{issue_number}/sub_issue,Remove sub-issue,x,x,no-own-noun,false,ok,x,ok
holdout1,github,DELETE,orgs/remove-security-manager-team,/orgs/{org}/security-managers/teams/{team_slug},Remove a security manager team,x,x,no-own-noun,false,ok,x,ok
holdout1,github,DELETE,orgs/revoke-all-org-roles-user,/orgs/{org}/organization-roles/users/{username},Remove all organization roles for a user,x,x,live-verb,false,ok,x,ok
holdout1,github,DELETE,repos/delete,/repos/{owner}/{repo},Delete a repository,x,x,no-own-noun,false,ok,x,ok
holdout1,github,DELETE,repos/remove-app-access-restrictions,/repos/{owner}/{repo}/branches/{branch}/protection/restrictions/apps,Remove app access restrictions,x,x,no-own-noun,false,ok,x,ok
holdout1,github,DELETE,repos/remove-user-access-restrictions,/repos/{owner}/{repo}/branches/{branch}/protection/restrictions/users,Remove user access restrictions,x,x,no-own-noun,false,ok,x,ok
holdout1,github,DELETE,teams/remove-membership-for-user-in-org,/orgs/{org}/teams/{team_slug}/memberships/{username},Remove team membership for a user,x,x,no-own-noun,false,ok,x,ok
holdout1,github,DELETE,teams/remove-membership-for-user-legacy,/teams/{team_id}/memberships/{username},Remove team membership for a user (Legacy),x,x,no-own-noun,false,ok,x,ok
holdout1,github,PUT,copilot-spaces/update-collaborator-for-org,/orgs/{org}/copilot-spaces/{space_number}/collaborators/{actor_type}/{actor_identifier},Set a collaborator role for an organization Copilot Space,x,x,no-own-noun,false,ok,x,ok
holdout1,github,PUT,enterprise-team-organizations/add,/enterprises/{enterprise}/teams/{enterprise-team}/organizations/{org},Add an organization assignment,x,x,no-own-noun,false,ok,x,ok
holdout1,github,PUT,issues/set-issue-field-values,/repos/{owner}/{repo}/issues/{issue_number}/issue-field-values,Set issue field values for an issue,x,x,no-own-noun,false,ok,w,LEAK
holdout1,github,PUT,migrations/start-import,/repos/{owner}/{repo}/import,Start an import,x,x,live-verb,false,ok,x,ok
holdout1,github,PUT,orgs/convert-member-to-outside-collaborator,/orgs/{org}/outside_collaborators/{username},Convert an organization member to outside collaborator,x,x,live-verb,false,ok,x,ok
holdout1,github,PUT,pulls/merge-async,/repos/{owner}/{repo}/pulls/{pull_number}/merge-async,Merge a pull request asynchronously,x,x,live-verb,false,ok,x,ok
exam3,gitlab.com,DELETE,deleteV3ProjectsIdMembersUserId,/v3/projects/{id}/members/{user_id},Removes a user from a group or project.,x,x,no-own-noun,false,ok,x,ok
exam3,gitlab.com,DELETE,deleteV3UsersIdKeysKeyId,/v3/users/{id}/keys/{key_id},Delete an existing SSH key from a specified user. Available only for admins.,x,x,no-own-noun,false,ok,w,LEAK
exam2,gitlab.com,PUT,putV3GroupsIdAccessRequestsUserIdApprove,/v3/groups/{id}/access_requests/{user_id}/approve,Approves an access request for the given user.,x,x,live-verb,false,ok,x,ok
exam2,gitlab.com,PUT,putV3GroupsIdMembersUserId,/v3/groups/{id}/members/{user_id},Updates a member of a group or project.,x,x,no-own-noun,false,ok,x,ok
exam3,gitlab.com,PUT,putV3ProjectsIdMembersUserId,/v3/projects/{id}/members/{user_id},Updates a member of a group or project.,x,x,no-own-noun,false,ok,x,ok
exam3,gitlab.com,PUT,putV3UsersIdUnblock,/v3/users/{id}/unblock,Unblock a user. Available only for admins.,x,x,no-own-noun,false,ok,x,ok
exam3,googleapis.com,DELETE,tagmanager.accounts.user_permissions.delete,/tagmanager/v2/{path},,x,x,no-own-noun,false,ok,x,ok
exam2,gsmtasks.com,DELETE,accounts_managers_destroy,/accounts/{id}/managers/,,x,x,no-own-noun,false,ok,w,LEAK
exam3,gsmtasks.com,PUT,account_roles_update,/account_roles/{id}/,,x,x,no-own-noun,false,ok,w,LEAK
exam3,gsmtasks.com,PUT,accounts_stripe_create_setup_intent_update,/accounts/{id}/stripe_create_setup_intent/,,x,x,no-own-noun,false,ok,w,LEAK
exam2,hetras-certification.net,PATCH,Bookings_Patch,/api/booking/v0/bookings/{confirmationId}/reservations/{reservationNumber},Partially updates a reservation.,x,x,no-own-noun,false,ok,x,ok
exam2,hetras-certification.net,PUT,Bookings_PaymentToken,/api/booking/v0/bookings/{confirmationId}/reservations/{reservationNumber}/payment_token,Post a payment token for a reservation.,x,x,no-own-noun,false,ok,x,ok
exam3,hubapi.com,DELETE,delete-/automation/v4/actions/{appId}/{definitionId}_archive,/automation/v4/actions/{appId}/{definitionId},Archive a custom action,x,x,no-own-noun,false,ok,x,ok
exam3,i-cue.solutions,DELETE,,/administration/user/{entityId}/{id},Delete user,x,x,no-own-noun,false,ok,x,ok
exam3,i-cue.solutions,PUT,,/administration/user,Update user,x,x,no-own-noun,false,ok,x,ok
exam3,i-cue.solutions,PUT,,/administration/user/lock,Lock user,x,x,no-own-noun,false,ok,x,ok
exam3,id4i.de,DELETE,removePartnerOrganization,/api/v1/organizations/{organizationId}/partner,Remove partner,x,x,no-own-noun,false,ok,x,ok
exam2,id4i.de,PUT,completeRegistration,/account/registration,Complete registration,x,x,no-own-noun,false,ok,w,LEAK
exam3,id4i.de,PUT,receive,/api/v1/transfers/{id4n}/receiveInfo,"Transfer a GUID or collection, obtaining it (i.e. becoming the holder) and if allowed also taking ownership",x,x,live-verb,false,ok,x,ok
exam3,ideal-postcodes.co.uk,DELETE,DeleteLicensee,/keys/{key}/licensees/{licensee},Cancel,x,x,live-verb,false,ok,x,ok
exam3,ijenko.net,DELETE,Account.deleteUser,/account/users/{userId},Delete a User,x,x,no-own-noun,false,ok,x,ok
exam3,ijenko.net,PATCH,Account.patchUser,/account/users/{userId},Modify a User,x,x,no-own-noun,false,ok,x,ok
exam3,ijenko.net,PUT,Functionality.set,/functionalities/{functionalityId}/attributes/{attributeName},Modify an Attribute value,x,x,no-own-noun,false,ok,w,LEAK
exam3,ijenko.net,PUT,Place.openPairing,/places/{placeId}/buses/{busId}/pairing,Open/Close the pairing window,x,x,no-own-noun,false,ok,x,ok
exam2,illumidesk.com,DELETE,projects_collaborators_delete,/v1/{namespace}/projects/{project}/collaborators/{collaborator}/,Delete a project collaborator,x,x,no-own-noun,false,ok,x,ok
exam2,impala.travel,DELETE,cancelBooking,/bookings/{bookingId},Cancel a booking,x,x,live-verb,false,ok,x,ok
exam3,influxdata.com,DELETE,DeleteBucketsIDOwnersID,/buckets/{bucketID}/owners/{userID},Remove an owner from a bucket,x,x,no-own-noun,false,ok,x,ok
exam3,influxdata.com,DELETE,DeleteOrgsIDMembersID,/orgs/{orgID}/members/{userID},Remove a member from an organization,x,x,no-own-noun,false,ok,x,ok
exam3,influxdata.com,DELETE,DeleteTelegrafsIDOwnersID,/telegrafs/{telegrafID}/owners/{userID},Remove an owner from a Telegraf config,x,x,no-own-noun,false,ok,x,ok
exam2,intellifi.nl,DELETE,deleteUser,/users/{id},Delete user,x,x,no-own-noun,false,ok,x,ok
exam3,intellifi.nl,PUT,updateUser,/users/{id},Update existing user,x,x,no-own-noun,false,ok,x,ok
exam3,interactivebrokers.com,DELETE,,/accounts/{account}/orders/{CustomerOrderId},Cancel Order,x,x,live-verb,false,ok,x,ok
exam3,interactivebrokers.com,PUT,,/accounts/{account}/orders/{CustomerOrderId},Modify Order,x,x,no-own-noun,false,ok,x,ok
exam2,iqualify.com,DELETE,,/offerings/{offeringId}/users/{userEmail},Removes user from the offering,x,x,no-own-noun,false,ok,x,ok
exam3,iqualify.com,DELETE,,/offerings/{offeringId}/channels/{channelId}/learners,Remove learners from a group channel,x,x,no-own-noun,false,ok,x,ok
exam3,iqualify.com,DELETE,,/offerings/{offeringId}/groups/{groupId}/learners/{userEmail},Remove a learner from an assessment group,x,x,no-own-noun,false,ok,x,ok
exam3,iqualify.com,PATCH,,/users/{userEmail},Update user,x,x,no-own-noun,false,ok,x,ok
exam3,iqualify.com,PATCH,,/users/{userEmail}/transfer,Transfer a user between offerings,x,x,live-verb,false,ok,x,ok
exam3,iqualify.com,PUT,,/users/{userEmail}/suspend,Suspend user,x,x,no-own-noun,false,ok,x,ok
exam2,ix-api.net,DELETE,role_assignments_destroy,/role-assignments/{assignment_id},,x,x,no-own-noun,false,ok,w,LEAK
exam3,ix-api.net,PATCH,member_joining_rules_partial_update,/member-joining-rules/{id},,x,x,no-own-noun,false,ok,w,LEAK
exam3,ix-api.net,PUT,member_joining_rules_update,/member-joining-rules/{id},,x,x,no-own-noun,false,ok,w,LEAK
exam2,jellyfin.local,DELETE,DeleteUser,/Users/{userId},Deletes a user.,x,x,no-own-noun,false,ok,x,ok
exam3,jellyfin.local,DELETE,RemoveUserFromSession,/Sessions/{sessionId}/User/{userId},Removes an additional user from a session.,x,x,no-own-noun,false,ok,x,ok
exam3,jellyfin.local,DELETE,StopEncodingProcess,/Videos/ActiveEncodings,Stops an active encoding.,x,x,no-own-noun,false,ok,x,ok
exam3,jira.local,DELETE,removeUserFromGroup,/api/2/group/user,,x,x,no-own-noun,false,ok,x,ok
exam3,jira.local,PUT,assign,/api/2/issue/{issueIdOrKey}/assignee,,x,x,no-own-noun,false,ok,x,ok
exam2,just-eat.co.uk,PUT,,/driver-at-delivery-address,Driver at delivery address,x,x,no-own-noun,false,ok,w,LEAK
exam2,just-eat.co.uk,PUT,,/order-requires-delivery-acceptance,Order requires delivery acceptance,x,x,no-own-noun,false,ok,x,ok
exam2,just-eat.co.uk,PUT,,/orders/{orderId}/accept,Accept order,x,x,live-verb,false,ok,x,ok
exam3,just-eat.co.uk,PUT,,/attempted-delivery-query-resolved,Attempted delivery query resolved,x,x,no-own-noun,false,ok,x,ok
exam3,just-eat.co.uk,PUT,,/delivery-failed,Delivery Attempt Failed,x,x,no-own-noun,false,ok,x,ok
exam3,just-eat.co.uk,PUT,,/driver-has-delivered-order,Driver has delivered order,x,x,no-own-noun,false,ok,x,ok
exam3,just-eat.co.uk,PUT,,/order-is-ready-for-pickup,Order ready for pickup,x,x,no-own-noun,false,ok,x,ok
exam3,just-eat.co.uk,PUT,,/orders/{orderId}/deliverystate/atrestaurant,Update order with driver at restaurant details,x,x,no-own-noun,false,ok,x,ok
exam3,just-eat.co.uk,PUT,,/orders/{orderId}/deliverystate/delivered,Update order with delivered details,x,x,no-own-noun,false,ok,x,ok
exam3,just-eat.co.uk,PUT,,/orders/{orderId}/deliverystate/driverassigned,Update order with driver assigned details,x,x,no-own-noun,false,ok,x,ok
exam3,just-eat.co.uk,PUT,,/orders/{orderId}/deliverystate/driverunassigned,Update order with driver unassigned details,x,x,no-own-noun,false,ok,x,ok
exam3,just-eat.co.uk,PUT,putMenuForIngestion,/restaurants/{tenant}/{restaurantId}/menu,Create or update a menu,x,x,no-own-noun,false,ok,x,ok
exam2,keycloak.local,DELETE,,/{realm}/attack-detection/brute-force/users,Clear any user login failures for all users   This can release temporary disabled users,x,x,no-own-noun,false,ok,x,ok
exam2,keycloak.local,DELETE,,/{realm}/users/{id}/consents/{client},Revoke consent and offline tokens for particular client from user,x,x,live-verb,false,ok,x,ok
exam3,keycloak.local,DELETE,,/{realm},Delete the realm,x,x,no-own-noun,false,ok,x,ok
exam3,keycloak.local,DELETE,,/{realm}/users/{id}/federated-identity/{provider},Remove a social login provider from user,x,x,no-own-noun,false,ok,x,ok
exam2,keycloak.local,PUT,,/{realm}/users/{id}/reset-password,Set up a new password for the user.,x,x,no-own-noun,false,ok,x,ok
exam3,keycloak.local,PUT,,/{realm}/users/{id}/disable-credential-types,Disable all credentials for a user of a specific type,x,x,no-own-noun,false,ok,w,LEAK
exam3,klarna.com,DELETE,cancelAuthorization,/payments/v1/authorizations/{authorizationToken},Cancel an existing authorization,x,x,live-verb,false,ok,x,ok
exam3,kubernetes.io,PATCH,patchCertificatesV1CertificateSigningRequestApproval,/apis/certificates.k8s.io/v1/certificatesigningrequests/{name}/approval,,x,x,no-own-noun,false,ok,x,ok
exam3,kumpeapps.com,DELETE,kkid_userlist_delete,/kkid/userlist,deletes user,x,x,no-own-noun,false,ok,x,ok
exam2,launchdarkly.com,DELETE,deleteMember,/members/{memberId},Delete a team member by ID.,x,x,no-own-noun,false,ok,x,ok
exam3,launchdarkly.com,PATCH,patchMember,/members/{memberId},Modify a team member by ID.,x,x,no-own-noun,false,ok,x,ok
exam3,learnifier.com,DELETE,,/orgunits/{orgid}/projects/{projectid}/participants/${participantId},Deletes a participant,x,x,no-own-noun,false,ok,x,ok
exam3,learnifier.com,DELETE,,/orgunits/{orgid}/usergroups/{groupid}/members/{uuid},Remove user group member.,x,x,no-own-noun,false,ok,x,ok
exam3,lgtm.com,PUT,uploadPart,/snapshots/uploads/{session-id},Upload snapshot,x,x,no-own-noun,false,ok,x,ok
holdout4,linode,DELETE,delete-sharegroup-token,/{apiVersion}/images/sharegroups/tokens/{tokenUuid},Delete a token,x,x,no-own-noun,false,ok,x,ok
holdout4,linode,POST,post-accept-entity-transfer,/{apiVersion}/account/entity-transfers/{token}/accept,Accept an entity transfer,x,x,floor,true,ok,x,ok
holdout4,linode,POST,post-add-linode-disk,/{apiVersion}/linode/instances/{linodeId}/disks,Create a disk,x,x,floor,true,ok,x,ok
holdout4,linode,POST,post-add-stack-script,/{apiVersion}/linode/stackscripts,Create a StackScript,x,x,floor,true,ok,x,ok
holdout4,linode,POST,post-alert-definition-for-service-type,/{apiVersion}/monitor/services/{serviceType}/alert-definitions,Create an alert definition,x,x,floor,true,ok,x,ok
holdout4,linode,POST,post-child-account-token,/{apiVersion}/account/child-accounts/{euuId}/token,Create a proxy user token,x,x,floor,true,ok,x,ok
holdout4,linode,POST,post-client,/{apiVersion}/account/oauth-clients,Create an OAuth client,x,x,floor,true,ok,x,ok
holdout4,linode,POST,post-domain,/{apiVersion}/domains,Create a domain,x,x,floor,true,ok,x,ok
holdout4,linode,POST,post-ipv6-range,/{apiVersion}/networking/ipv6/ranges,Create an IPv6 range,x,x,floor,true,ok,x,ok
holdout4,linode,POST,post-linode-config-interface,/{apiVersion}/linode/instances/{linodeId}/configs/{configId}/interfaces,Add a configuration profile interface,x,x,floor,true,ok,x,ok
holdout4,linode,POST,post-linode-instance,/{apiVersion}/linode/instances,Create a Linode,x,x,floor,true,ok,x,ok
holdout4,linode,POST,post-longview-client,/{apiVersion}/longview/clients,Create a Longview client,x,x,floor,true,ok,x,ok
holdout4,linode,POST,post-migrate-linode-instance,/{apiVersion}/linode/instances/{linodeId}/migrate,Launch a DC migration/pending host migration,x,x,floor,true,ok,x,ok
holdout4,linode,POST,post-node-balancer,/{apiVersion}/nodebalancers,Create a NodeBalancer,x,x,floor,true,ok,x,ok
holdout4,linode,POST,post-node-balancer-config,/{apiVersion}/nodebalancers/{nodeBalancerId}/configs,Create a config,x,x,floor,true,ok,x,ok
holdout4,linode,POST,post-personal-access-token,/{apiVersion}/profile/tokens,Create a personal access token,x,x,floor,true,ok,x,ok
holdout4,linode,POST,post-rescue-linode-instance,/{apiVersion}/linode/instances/{linodeId}/rescue,Boot a Linode into rescue mode,x,x,floor,true,ok,x,ok
holdout4,linode,POST,post-vpc,/{apiVersion}/vpcs,Create a VPC,x,x,floor,true,ok,x,ok
exam3,loket.nl,PATCH,PatchPayrollrunsByPayrollRunIds,/providers/employers/payrolladministrations/payrollruns,Change the status of payrollruns,x,x,live-verb,false,ok,x,ok
exam3,lufthansa.com,PUT,Auto Check-In,/preflight/autocheckin/{ticketnumber},Auto Check-In,x,x,no-own-noun,false,ok,w,LEAK
exam3,lyft.com,PUT,SetRideDestination,/rides/{id}/destination,Update the destination of the ride,x,x,no-own-noun,false,ok,w,LEAK
exam2,lyft.com,PUT,SetRideRating,/rides/{id}/rating,"Add the passenger's rating, feedback, and tip",x,x,no-own-noun,false,ok,x,ok
exam3,magick.nu,PUT,putUsersPasswordUsername,/users/password/{username},Update user's password,x,x,no-own-noun,false,ok,x,ok
exam3,microcks.local,PUT,StartImportJob,/jobs/{id}/start,Start an ImportJob,x,x,live-verb,false,ok,x,ok
exam2,mist.com,DELETE,deleteMsp,/api/v1/msps/{msp_id},deleteMsp,x,x,no-own-noun,false,ok,x,ok
exam2,mist.com,DELETE,deleteSiteGuestAuthorization,/api/v1/sites/{site_id}/guests/{guest_mac},deleteSiteGuestAuthorization,x,x,no-own-noun,false,ok,x,ok
exam3,mist.com,DELETE,revokeSdkInvite,/api/v1/orgs/{org_id}/sdkinvites/{sdkinvite_id},revokeSdkInvite,x,x,live-verb,false,ok,x,ok
exam3,mist.com,PUT,updateMspAdmin,/api/v1/msps/{msp_id}/admins/{admin_id},updateMspAdmin,x,x,no-own-noun,false,ok,x,ok
exam3,motaword.com,DELETE,deleteContinuousProject,/continuous_projects/{id},Delete a continuous project,x,x,no-own-noun,false,ok,w,LEAK
exam3,n-auth.com,DELETE,deleteUser,/servers/{serverid}/users/{userid}/,Delete a specific user,x,x,no-own-noun,false,ok,x,ok
exam3,n-auth.com,DELETE,deleteUserAccounts,/servers/{serverid}/users/{userid}/accounts,Delete all accounts of a specific user,x,x,no-own-noun,false,ok,x,ok
exam3,n-auth.com,DELETE,revokePermissions,/servers/{serverid}/permissions/{roleid},Revoke all permissions for the specified server and role.,x,x,live-verb,false,ok,x,ok
exam3,n-auth.com,PUT,updateAccountUser,/servers/{serverid}/accounts/{accountid}/user,Update user of the given account.,x,x,no-own-noun,false,ok,x,ok
exam2,n-auth.com,PUT,updateUserAttributes,/servers/{serverid}/users/{userid}/attributes/,Update specified attributes of a specific user,x,x,no-own-noun,false,ok,w,LEAK
exam3,netlicensing.io,DELETE,deleteLicensee,/licensee/{licenseeNumber},Delete Licensee,x,x,no-own-noun,false,ok,x,ok
exam2,netlify.com,DELETE,removeAccountMember,/{account_slug}/members/{member_id},,x,x,no-own-noun,false,ok,x,ok
exam3,netlify.com,PUT,updateAccountMember,/{account_slug}/members/{member_id},,x,x,no-own-noun,false,ok,x,ok
exam2,nexmo.com,DELETE,deleteLeg,/legs/{leg_id},Delete a leg,x,x,no-own-noun,false,ok,x,ok
exam3,nexmo.com,DELETE,stopStream,/{uuid}/stream,Stop playing an audio file into a call,x,x,no-own-noun,false,ok,x,ok
exam3,nexmo.com,DELETE,stopTalk,/{uuid}/talk,Stop text to speech in a call,x,x,no-own-noun,false,ok,x,ok
exam2,nexmo.com,PUT,startDTMF,/{uuid}/dtmf,Play DTMF tones into a call,x,x,live-verb,false,ok,x,ok
exam3,nexmo.com,PUT,startStream,/{uuid}/stream,Play an audio file into a call,x,x,live-verb,false,ok,x,ok
exam3,nexmo.com,PUT,startTalk,/{uuid}/talk,Play text to speech into a call,x,x,live-verb,false,ok,x,ok
exam3,nexmo.com,PUT,updateCall,/{uuid},Modify an in progress call,x,x,no-own-noun,false,ok,x,ok
exam3,nexmo.com,PUT,updateMember,/conversations/{conversation_id}/members/{member_id},Update a member,x,x,no-own-noun,false,ok,x,ok
exam3,noosh.com,DELETE,deleteTeamMemberOfProject,/v1/workgroups/{workgroup_id}/projects/{project_id}/teammembers/{teammember_id},Delete a team member for the specific project.,x,x,no-own-noun,false,ok,x,ok
exam3,noosh.com,PUT,putBuyOrder,/v1/workgroups/{workgroup_id}/projects/{project_id}/buyOrders/{order_id},Update a specific buy order,x,x,no-own-noun,false,ok,x,ok
exam3,noosh.com,PUT,putQuote,/v1/workgroups/{workgroup_id}/projects/{project_id}/quotes/{quote_id},Accept / Reject a Quote,x,x,live-verb,false,ok,x,ok
exam3,noosh.com,PUT,putSellOrder,/v1/workgroups/{workgroup_id}/projects/{project_id}/sellOrders/{order_id},Update / Accept or Reject a specific sell order,x,x,no-own-noun,false,ok,x,ok
exam3,nordigen.com,DELETE,delete periodic payment,/api/v2/payments/{id}/,,x,x,no-own-noun,false,ok,x,ok
exam2,nordigen.com,PUT,accept EUA,/api/v2/agreements/enduser/{id}/accept/,,x,x,live-verb,false,ok,x,ok
holdout5,notion,PATCH,patch-block-children,/v1/blocks/{block_id}/children,Append block children,x,x,no-own-noun,false,ok,x,ok
holdout5,notion,POST,create-a-comment,/v1/comments,Create comment,x,x,floor,true,ok,x,ok
holdout5,notion,POST,create-a-data-source,/v1/data_sources,Create a data source,x,x,floor,true,ok,x,ok
holdout5,notion,POST,post-page,/v1/pages,Create a page,x,x,floor,true,ok,x,ok
exam2,nowpayments.io,DELETE,deleteRecurringPayment,/v1/subscriptions/{sub_id},Delete recurring payment,x,x,no-own-noun,false,ok,x,ok
exam3,obono.at,PUT,addBeleg,/registrierkassen/{registrierkasseUuid}/belege/{belegUuid},,x,x,no-own-noun,false,ok,x,ok
exam3,okta.local,DELETE,clearUserSessions,/api/v1/users/{userId}/sessions,Clear User Sessions,x,x,no-own-noun,false,ok,x,ok
exam3,okta.local,PUT,setRecoveryCredential,/api/v1/users/{userId},Set Recovery Credential,x,x,no-own-noun,false,ok,w,LEAK
exam2,onsched.com,DELETE,,/setup/v1/businessusers/{id},Delete User,x,x,no-own-noun,false,ok,x,ok
exam2,onsched.com,PUT,,/consumer/v1/appointments/{id}/book,Book Appointment,x,x,no-own-noun,false,ok,x,ok
exam2,onsched.com,PUT,,/consumer/v1/appointments/{id}/cancel,Cancel Appointment,x,x,live-verb,false,ok,x,ok
exam2,onsched.com,PUT,,/setup/v1/resources/{id}/reassign/appointments/{resourceId},Reassign Resource,x,x,no-own-noun,false,ok,w,LEAK
exam3,onsched.com,PUT,,/consumer/v1/appointments/{id}/reschedule,Reschedule Appointment,x,x,no-own-noun,false,ok,x,ok
exam3,onsched.com,PUT,,/setup/v1/appointments/{id}/reassign/resource/{resourceId},Reassign Appointment,x,x,no-own-noun,false,ok,x,ok
exam3,openbankingproject.ch,DELETE,cancelPayment,/v1/{payment-service}/{payment-product}/{paymentId},Payment cancellation request,x,x,live-verb,false,ok,x,ok
exam3,openbankingproject.ch,PUT,updateConsentsPsuData,/v1/consents/{consentId}/authorisations/{authorisationId},Update PSU Data for consents,x,x,no-own-noun,false,ok,x,ok
exam3,openbankingproject.ch,PUT,updatePaymentPsuData,/v1/{payment-service}/{payment-product}/{paymentId}/authorisations/{authorisationId},Update PSU data for payment initiation,x,x,no-own-noun,false,ok,x,ok
exam3,openbankingproject.ch,PUT,updateSigningBasketPsuData,/v1/signing-baskets/{basketId}/authorisations/{authorisationId},Update PSU data for signing basket,x,x,no-own-noun,false,ok,x,ok
exam3,openchannel.io,DELETE,,/developerAccounts/{developerAccountId},Removes the developer account,x,x,no-own-noun,false,ok,x,ok
exam3,openchannel.io,DELETE,,/developers/{developerId},Removes a single developer,x,x,no-own-noun,false,ok,x,ok
exam3,openchannel.io,DELETE,,/stripe-gateway/developer/{developerId}/accounts/{stripeId},Disconnects a developer's Stripe account,x,x,no-own-noun,false,ok,x,ok
exam3,openchannel.io,DELETE,,/userAccounts/{userAccountId},Removes the user account,x,x,no-own-noun,false,ok,x,ok
exam3,openchannel.io,PATCH,,/ownership/{ownershipId},Updates ownership fields,x,x,no-own-noun,false,ok,w,LEAK
exam3,opendatasoft.com,PUT,sendDatasetFeedback,/{source}/datasets/{dataset_id}/feedback,,x,x,live-verb,false,ok,x,ok
exam3,opensuse.org,DELETE,,/group/{group_title},Delete a group.,x,x,no-own-noun,false,ok,x,ok
exam3,opensuse.org,DELETE,,/person/{login}/token/{id},Delete a token of a person.,x,x,no-own-noun,false,ok,x,ok
exam2,opensuse.org,PUT,,/group/{group_title},Write group data.,x,x,no-own-noun,false,ok,x,ok
exam3,osf.io,DELETE,nodes_contributors_delete,/nodes/{node_id}/contributors/{user_id}/,Delete a contributor,x,x,no-own-noun,false,ok,x,ok
exam3,osf.io,PATCH,nodes_contributors_partial_update,/nodes/{node_id}/contributors/{user_id}/,Update a contributor,x,x,no-own-noun,false,ok,x,ok
exam2,osisoft.com,DELETE,Analysis_DeleteSecurityEntry,/analyses/{webId}/securityentries/{name},Delete a security entry owned by the analysis.,x,x,no-own-noun,false,ok,x,ok
exam3,osisoft.com,DELETE,ElementTemplate_DeleteSecurityEntry,/elementtemplates/{webId}/securityentries/{name},Delete a security entry owned by the element template.,x,x,no-own-noun,false,ok,x,ok
exam3,osisoft.com,DELETE,TableCategory_DeleteSecurityEntry,/tablecategories/{webId}/securityentries/{name},Delete a security entry owned by the table category.,x,x,no-own-noun,false,ok,x,ok
exam3,osisoft.com,PUT,AnalysisTemplate_UpdateSecurityEntry,/analysistemplates/{webId}/securityentries/{name},Update a security entry owned by the analysis template.,x,x,no-own-noun,false,ok,x,ok
exam3,osisoft.com,PUT,Analysis_UpdateSecurityEntry,/analyses/{webId}/securityentries/{name},Update a security entry owned by the analysis.,x,x,no-own-noun,false,ok,x,ok
exam2,osisoft.com,PUT,AssetDatabase_UpdateSecurityEntry,/assetdatabases/{webId}/securityentries/{name},Update a security entry owned by the asset database.,x,x,no-own-noun,false,ok,x,ok
exam3,osisoft.com,PUT,ElementCategory_UpdateSecurityEntry,/elementcategories/{webId}/securityentries/{name},Update a security entry owned by the element category.,x,x,no-own-noun,false,ok,x,ok
exam2,osisoft.com,PUT,Element_UpdateSecurityEntry,/elements/{webId}/securityentries/{name},Update a security entry owned by the element.,x,x,no-own-noun,false,ok,x,ok
exam3,osisoft.com,PUT,EnumerationSet_UpdateSecurityEntry,/enumerationsets/{webId}/securityentries/{name},Update a security entry owned by the enumeration set.,x,x,no-own-noun,false,ok,x,ok
exam3,osisoft.com,PUT,NotificationRule_UpdateSecurityEntry,/notificationrules/{webId}/securityentries/{name},Update a security entry owned by the notification rule.,x,x,no-own-noun,false,ok,x,ok
exam3,osisoft.com,PUT,Table_UpdateSecurityEntry,/tables/{webId}/securityentries/{name},Update a security entry owned by the table.,x,x,no-own-noun,false,ok,x,ok
exam3,ote-godaddy.com,DELETE,,/v2/customers/{customerId}/domains/{domain}/actions/{type},Cancel the most recent user action for the specified domain,x,x,live-verb,false,ok,x,ok
exam3,ote-godaddy.com,DELETE,cancel,/v1/domains/{domain},Cancel a purchased domain,x,x,live-verb,false,ok,x,ok
exam3,ote-godaddy.com,DELETE,cancel,/v1/subscriptions/{subscriptionId},Cancel the specified Subscription,x,x,live-verb,false,ok,x,ok
exam3,ote-godaddy.com,DELETE,cancelPrivacy,/v1/domains/{domain}/privacy,Submit a privacy cancellation request for the given domain,x,x,live-verb,false,ok,x,ok
exam3,ote-godaddy.com,DELETE,delete,/v1/shoppers/{shopperId},Request the deletion of a shopper profile,x,x,no-own-noun,false,ok,x,ok
exam2,ote-godaddy.com,PUT,,/v2/customers/{customerId}/domains/notifications/optIn,Opt in to recieve notifications for the submitted notification types,x,x,no-own-noun,false,ok,x,ok
exam3,ote-godaddy.com,PUT,changePassword,/v1/shoppers/{shopperId}/factors/password,Set subaccount's password,x,x,no-own-noun,false,ok,x,ok
holdout2,pagerduty,POST,createAutomationAction,/automation_actions/actions,Create an Automation Action,x,x,floor,true,ok,x,ok
holdout2,pagerduty,POST,createBusinessService,/business_services,Create a Business Service,x,x,floor,true,ok,x,ok
holdout2,pagerduty,POST,createBusinessServiceAccountSubscription,/business_services/{id}/account_subscription,Create Business Service Account Subscription,x,x,floor,true,ok,x,ok
holdout2,pagerduty,POST,createCustomFieldsField,/incidents/custom_fields,Create a Field,x,x,floor,true,ok,x,ok
holdout2,pagerduty,POST,createCustomFieldsFieldOption,/incidents/custom_fields/{field_id}/field_options,Create a Field Option,x,x,floor,true,ok,x,ok
holdout2,pagerduty,POST,createEventEnrichment,/enrichment/event_enrichments,Create an Event Enrichment,x,x,floor,true,ok,x,ok
holdout2,pagerduty,POST,createIncidentNote,/incidents/{id}/notes,Create a note on an incident,x,x,floor,true,ok,x,ok
holdout2,pagerduty,POST,createIncidentStatusUpdate,/incidents/{id}/status_updates,Create a status update on an incident,x,x,floor,true,ok,x,ok
holdout2,pagerduty,POST,createIncidentWorkflowInstance,/incident_workflows/{id}/instances,Start an Incident Workflow Instance,x,x,floor,true,ok,x,ok
holdout2,pagerduty,POST,createIpAllowList,/ip_allow_lists,Create an IP allow list,x,x,floor,true,ok,x,ok
holdout2,pagerduty,POST,createStatusPagePost,/status_pages/{id}/posts,Create a Status Page Post,x,x,floor,true,ok,x,ok
holdout2,pagerduty,POST,createStatusPagePostUpdate,/status_pages/{id}/posts/{post_id}/post_updates,Create a Status Page Post Update,x,x,floor,true,ok,x,ok
holdout2,pagerduty,POST,postOrchestration,/event_orchestrations,Create an Orchestration,x,x,floor,true,ok,x,ok
exam2,paylocity.com,PUT,Add or update additional rates,/v2/companies/{companyId}/employees/{employeeId}/additionalRates,Add/update additional rates,x,x,no-own-noun,false,ok,x,ok
exam2,paylocity.com,PUT,Add or update an employee earning,/v2/companies/{companyId}/employees/{employeeId}/earnings,Add/Update Earning,x,x,no-own-noun,false,ok,x,ok
exam3,payrun.io,PUT,PutUser,/User/{UserId},Puts user object,x,x,no-own-noun,false,ok,x,ok
exam3,postmarkapp.com,PUT,bypassRulesForInboundMessage,/messages/inbound/{messageid}/bypass,Bypass rules for a blocked inbound message,x,x,no-own-noun,false,ok,x,ok
exam2,postmarkapp.com,PUT,requestDkimVerificationForDomain,/domains/{domainid}/verifydkim,Request DNS Verification for DKIM,x,x,no-own-noun,false,ok,x,ok
exam3,postmarkapp.com,PUT,retryInboundMessageProcessing,/messages/inbound/{messageid}/retry,Retry a failed inbound message for processing,x,x,no-own-noun,false,ok,x,ok
exam3,powerdns.local,PUT,axfrRetrieveZone,/servers/{server_id}/zones/{zone_id}/axfr-retrieve,Retrieve slave zone from its master.,x,x,no-own-noun,false,ok,x,ok
exam3,powerdns.local,PUT,notifyZone,/servers/{server_id}/zones/{zone_id}/notify,Send a DNS NOTIFY to all slaves.,x,x,live-verb,false,ok,x,ok
exam2,presalytics.io,DELETE,story_id_collaborators_userid_delete,/{id}/collaborators/{story_collaborator_userid},Story Collaborators: Remove User,x,x,no-own-noun,false,ok,x,ok
exam3,presalytics.io,PUT,story_id_collaborators_userid_put,/{id}/collaborators/{story_collaborator_userid},Story Collaborators: Edit Access Rights,x,x,no-own-noun,false,ok,x,ok
exam2,probely.com,DELETE,,/users/{id}/,Deactivate a user,x,x,no-own-noun,false,ok,x,ok
exam2,rebilly.com,DELETE,DeleteAuthenticationToken,/authentication-tokens/{token},Logout a customer,x,x,no-own-noun,false,ok,x,ok
exam3,rebilly.com,PUT,PutSubscriptionCancellation,/subscription-cancellations/{id},Cancel an order,x,x,live-verb,false,ok,x,ok
exam3,redirection.io,DELETE,deleteInvitationItem,/invitations/{id},Removes the Invitation resource.,x,x,no-own-noun,false,ok,x,ok
exam3,redirection.io,DELETE,deleteUserItem,/users/{id},Removes the User resource.,x,x,no-own-noun,false,ok,x,ok
exam3,redirection.io,DELETE,deleteUserOrganizationItem,/user-organizations/{id},Removes the UserOrganization resource.,x,x,no-own-noun,false,ok,x,ok
exam3,redirection.io,DELETE,deleteUserProjectItem,/user-projects/{id},Removes the UserProject resource.,x,x,no-own-noun,false,ok,x,ok
exam3,redirection.io,PUT,edit_emailUserItem,/users/{id}/edit-email,Replaces the User resource.,x,x,no-own-noun,false,ok,x,ok
exam2,redirection.io,PUT,forgot_passwordUserItem,/users/forgot-password/{resetToken},Replaces the User resource.,x,x,no-own-noun,false,ok,x,ok
exam3,redirection.io,PUT,putUserOrganizationItem,/user-organizations/{id},Replaces the UserOrganization resource.,x,x,no-own-noun,false,ok,x,ok
exam3,redirection.io,PUT,putUserProjectItem,/user-projects/{id},Replaces the UserProject resource.,x,x,no-own-noun,false,ok,x,ok
exam2,reverb.com,PUT,,/my/refund_requests/selling/{id},Update a refund request for a sold order,x,x,no-own-noun,false,ok,x,ok
exam3,ritc.io,DELETE,removeAdminUser,/users/admin/{user_id},,x,x,no-own-noun,false,ok,x,ok
exam2,ritc.io,DELETE,removeAppUserFromChannel,/users/{user_id}/channels/{channel_id},,x,x,no-own-noun,false,ok,x,ok
exam3,ritc.io,PATCH,updateAdminUser,/users/admin/{user_id},,x,x,no-own-noun,false,ok,x,ok
exam2,ritc.io,PATCH,updateAppUser,/users/{user_id},,x,x,no-own-noun,false,ok,x,ok
exam3,royalmail.com,DELETE,DeleteOrdersAsync,/orders/{orderIdentifiers},Delete orders,x,x,no-own-noun,false,ok,x,ok
exam3,rudder.example.local,DELETE,declineChangeRequest,/changeRequests/{changeRequestId},Decline a request details,x,x,no-own-noun,false,ok,x,ok
exam3,rudder.example.local,DELETE,deleteUser,/usermanagement/{username},Delete an user,x,x,no-own-noun,false,ok,x,ok
exam3,rudder.example.local,DELETE,removeValidatedUser,/validatedUsers/{username},Remove an user from validated user list,x,x,no-own-noun,false,ok,x,ok
exam3,rumble.run,DELETE,removeAccountGroup,/account/groups/{group_id},Remove this group,x,x,no-own-noun,false,ok,x,ok
exam3,rumble.run,DELETE,removeAccountUser,/account/users/{user_id},Remove this user,x,x,no-own-noun,false,ok,x,ok
exam3,rumble.run,PATCH,resetAccountUserMFA,/account/users/{user_id}/resetMFA,Resets the user's MFA tokens,x,x,no-own-noun,false,ok,x,ok
exam2,rumble.run,PATCH,rotateAccountKey,/account/keys/{key_id}/rotate,Rotates the key secret,x,x,no-own-noun,false,ok,w,LEAK
exam2,rumble.run,PATCH,rotateKey,/org/key/rotate,Rotate the API key secret and return the updated key,x,x,no-own-noun,false,ok,w,LEAK
exam3,rumble.run,PUT,createAccountUser,/account/users,Create a new user account,x,x,no-own-noun,false,ok,x,ok
exam3,rumble.run,PUT,createAccountUserInvite,/account/users/invite,Create a new user account and send an email invite,x,x,live-verb,false,ok,x,ok
exam3,rumble.run,PUT,createScan,/org/sites/{site_id}/scan,Create a scan task for a given site,x,x,no-own-noun,false,ok,x,ok
exam2,rumble.run,PUT,updateAccountGroupMapping,/account/sso/groups,Update an existing SSO group mapping,x,x,no-own-noun,false,ok,w,LEAK
exam2,salesforce.local,PUT,updateDatasetAsync,/v2/language/datasets/{datasetId}/upload,Create Examples From a File,x,x,no-own-noun,false,ok,x,ok
exam2,salesloft.com,PUT,,/v2/bulk_jobs/{id},Update a bulk job,x,x,no-own-noun,false,ok,x,ok
exam3,sendgrid.com,DELETE,DELETE_asm-groups-group_id,/asm/groups/{group_id},Delete a Suppression Group,x,x,no-own-noun,false,ok,x,ok
exam2,sendgrid.com,DELETE,DELETE_asm-suppressions-global-email,/asm/suppressions/global/{email},Delete a Global Suppression,x,x,no-own-noun,false,ok,x,ok
exam3,sendgrid.com,DELETE,DELETE_subusers-subuser_name,/subusers/{subuser_name},Delete a subuser,x,x,no-own-noun,false,ok,x,ok
exam3,sendgrid.com,DELETE,DELETE_v3-teammates-pending-token,/teammates/pending/{token},Delete pending teammate,x,x,no-own-noun,false,ok,x,ok
exam2,sendgrid.com,DELETE,DELETE_whitelabel-domains-subuser,/whitelabel/domains/subuser,Disassociate an authenticated domain from a given user.,x,x,no-own-noun,false,ok,x,ok
exam3,sendgrid.com,PATCH,PATCH_subusers-subuser_name,/subusers/{subuser_name},Enable/disable a subuser,x,x,no-own-noun,false,ok,x,ok
exam2,sendgrid.com,PATCH,PATCH_v3-scopes-requests-approve-id,/scopes/requests/{request_id}/approve,Approve access request,x,x,live-verb,false,ok,x,ok
holdout3,sentry,DELETE,deleteOrganizationExternalUser,/api/0/organizations/{organization_id_or_slug}/external-users/{external_user_id}/,Delete an External User,x,x,no-own-noun,false,ok,x,ok
holdout3,sentry,DELETE,deleteOrganizationScimV2Group,/api/0/organizations/{organization_id_or_slug}/scim/v2/Groups/{team_id_or_slug},Delete an Individual Team,x,x,no-own-noun,false,ok,x,ok
holdout3,sentry,DELETE,deleteProjectTeam,/api/0/projects/{organization_id_or_slug}/{project_id_or_slug}/teams/{team_id_or_slug}/,Delete a Team from a Project,x,x,no-own-noun,false,ok,x,ok
holdout3,sentry,DELETE,deleteTeamExternalTeam,/api/0/teams/{organization_id_or_slug}/{team_id_or_slug}/external-teams/{external_team_id}/,Delete an External Team,x,x,no-own-noun,false,ok,x,ok
holdout3,sentry,POST,addOrganizationMember,/api/0/organizations/{organization_id_or_slug}/members/,Add a Member to an Organization,x,x,floor,true,ok,x,ok
holdout3,sentry,POST,createOrganizationDiscoverSavedQuery,/api/0/organizations/{organization_id_or_slug}/discover/saved/,Create a New Saved Query,x,x,floor,true,ok,x,ok
holdout3,sentry,POST,createOrganizationForwarding,/api/0/organizations/{organization_id_or_slug}/forwarding/,Create a Data Forwarder for an Organization,x,x,floor,true,ok,x,ok
holdout3,sentry,POST,createOrganizationTeam,/api/0/organizations/{organization_id_or_slug}/teams/,Create a New Team,x,x,floor,true,ok,x,ok
holdout3,sentry,POST,createProjectPreprodSnapshotSkippedStatusCheck,/api/0/projects/{organization_id_or_slug}/{project_id_or_slug}/preprod/snapshots/status-checks/skip/,Create a skipped Snapshot status check,x,x,floor,true,ok,x,ok
holdout3,sentry,POST,createProjectReplayDeletionJob,/api/0/projects/{organization_id_or_slug}/{project_id_or_slug}/replays/jobs/delete/,Create Replay Batch Deletion Job,x,x,floor,true,ok,x,ok
holdout3,sentry,POST,startOrganizationIssueAutofix,/api/0/organizations/{organization_id_or_slug}/issues/{issue_id}/autofix/,Start Seer Issue Fix,x,x,floor,true,ok,x,ok
holdout3,sentry,POST,uploadOrganizationReleaseFile,/api/0/organizations/{organization_id_or_slug}/releases/{version}/files/,Upload a New Organization Release File,x,x,floor,true,ok,x,ok
holdout3,sentry,PUT,updateOrganizationMember,/api/0/organizations/{organization_id_or_slug}/members/{member_id}/,Update an Organization Member's Roles,x,x,no-own-noun,false,ok,x,ok
holdout3,sentry,PUT,updateOrganizationMemberTeam,/api/0/organizations/{organization_id_or_slug}/members/{member_id}/teams/{team_id_or_slug}/,Update an Organization Member's Team Role,x,x,no-own-noun,false,ok,x,ok
exam3,shipengine.com,DELETE,delete_scheduled_pickup,/v1/pickups/{pickup_id},Delete a Scheduled Pickup,x,x,no-own-noun,false,ok,x,ok
exam3,shipengine.com,PATCH,add_funds_to_insurance,/v1/insurance/shipsurance/add_funds,Add Funds To Insurance,x,x,no-own-noun,false,ok,x,ok
exam2,shipengine.com,PUT,add_funds_to_carrier,/v1/carriers/{carrier_id}/add_funds,Add Funds To Carrier,x,x,no-own-noun,false,ok,x,ok
exam3,shipengine.com,PUT,void_label,/v1/labels/{label_id}/void,Void a Label By ID,x,x,no-own-noun,false,ok,w,LEAK
exam3,signl4.com,DELETE,,/teams/{teamId}/memberships/{userId},"Removes a user or invitation from a team, and may delete the user if he is not in any team.",x,x,no-own-noun,false,ok,x,ok
exam3,signl4.com,PUT,,/teams/{teamId}/memberships/{userId},Update user's team membership.,x,x,no-own-noun,false,ok,x,ok
exam3,signl4.com,PUT,,/users/{userId}/changePassword,Updates the password of a user,x,x,no-own-noun,false,ok,x,ok
exam3,sinao.app,DELETE,app.policies.delete,/apps/{appId}/access/{userId},Delete police for an user,x,x,no-own-noun,false,ok,x,ok
exam3,sinao.app,DELETE,app.policies.invitations.delete,/apps/{appId}/access/invite/{id},Delete an invitation,x,x,no-own-noun,false,ok,x,ok
exam3,sinao.app,DELETE,app.subscription.end,/apps/{appId}/subscription/plan,End current plan,x,x,live-verb,false,ok,x,ok
holdout5,slack,POST,admin_apps_approve,/admin.apps.approve,,x,x,floor,true,ok,x,ok
holdout5,slack,POST,admin_conversations_archive,/admin.conversations.archive,,x,x,floor,true,ok,x,ok
holdout5,slack,POST,admin_conversations_create,/admin.conversations.create,,x,x,floor,true,ok,x,ok
holdout5,slack,POST,admin_conversations_disconnectShared,/admin.conversations.disconnectShared,,x,x,floor,true,ok,x,ok
holdout5,slack,POST,admin_conversations_invite,/admin.conversations.invite,,x,x,floor,true,ok,x,ok
holdout5,slack,POST,admin_conversations_rename,/admin.conversations.rename,,x,x,floor,true,ok,x,ok
holdout5,slack,POST,admin_conversations_restrictAccess_addGroup,/admin.conversations.restrictAccess.addGroup,,x,x,floor,true,ok,x,ok
holdout5,slack,POST,admin_conversations_restrictAccess_removeGroup,/admin.conversations.restrictAccess.removeGroup,,x,x,floor,true,ok,x,ok
holdout5,slack,POST,admin_conversations_setConversationPrefs,/admin.conversations.setConversationPrefs,,x,x,floor,true,ok,x,ok
holdout5,slack,POST,admin_conversations_setTeams,/admin.conversations.setTeams,,x,x,floor,true,ok,x,ok
holdout5,slack,POST,admin_emoji_add,/admin.emoji.add,,x,x,floor,true,ok,x,ok
holdout5,slack,POST,admin_emoji_remove,/admin.emoji.remove,,x,x,floor,true,ok,x,ok
holdout5,slack,POST,admin_inviteRequests_approve,/admin.inviteRequests.approve,,x,x,floor,true,ok,x,ok
holdout5,slack,POST,admin_inviteRequests_deny,/admin.inviteRequests.deny,,x,x,floor,true,ok,x,ok
holdout5,slack,POST,admin_teams_create,/admin.teams.create,,x,x,floor,true,ok,x,ok
holdout5,slack,POST,admin_teams_settings_setIcon,/admin.teams.settings.setIcon,,x,x,floor,true,ok,x,ok
holdout5,slack,POST,admin_usergroups_addTeams,/admin.usergroups.addTeams,,x,x,floor,true,ok,x,ok
holdout5,slack,POST,admin_usergroups_removeChannels,/admin.usergroups.removeChannels,,x,x,floor,true,ok,x,ok
holdout5,slack,POST,admin_users_assign,/admin.users.assign,,x,x,floor,true,ok,x,ok
holdout5,slack,POST,admin_users_invite,/admin.users.invite,,x,x,floor,true,ok,x,ok
holdout5,slack,POST,admin_users_remove,/admin.users.remove,,x,x,floor,true,ok,x,ok
holdout5,slack,POST,admin_users_session_invalidate,/admin.users.session.invalidate,,x,x,floor,true,ok,x,ok
holdout5,slack,POST,admin_users_session_reset,/admin.users.session.reset,,x,x,floor,true,ok,x,ok
holdout5,slack,POST,admin_users_setAdmin,/admin.users.setAdmin,,x,x,floor,true,ok,x,ok
holdout5,slack,POST,admin_users_setExpiration,/admin.users.setExpiration,,x,x,floor,true,ok,x,ok
holdout5,slack,POST,admin_users_setOwner,/admin.users.setOwner,,x,x,floor,true,ok,x,ok
holdout5,slack,POST,admin_users_setRegular,/admin.users.setRegular,,x,x,floor,true,ok,x,ok
holdout5,slack,POST,calls_add,/calls.add,,x,x,floor,true,ok,x,ok
holdout5,slack,POST,calls_end,/calls.end,,x,x,floor,true,ok,x,ok
holdout5,slack,POST,calls_participants_add,/calls.participants.add,,x,x,floor,true,ok,x,ok
holdout5,slack,POST,calls_participants_remove,/calls.participants.remove,,x,x,floor,true,ok,x,ok
holdout5,slack,POST,chat_meMessage,/chat.meMessage,,x,x,floor,true,ok,x,ok
holdout5,slack,POST,chat_postEphemeral,/chat.postEphemeral,,x,x,floor,true,ok,x,ok
holdout5,slack,POST,chat_postMessage,/chat.postMessage,,x,x,floor,true,ok,x,ok
holdout5,slack,POST,chat_scheduleMessage,/chat.scheduleMessage,,x,x,floor,true,ok,x,ok
holdout5,slack,POST,conversations_create,/conversations.create,,x,x,floor,true,ok,x,ok
holdout5,slack,POST,conversations_invite,/conversations.invite,,x,x,floor,true,ok,x,ok
holdout5,slack,POST,conversations_join,/conversations.join,,x,x,floor,true,ok,x,ok
holdout5,slack,POST,conversations_kick,/conversations.kick,,x,x,floor,true,ok,x,ok
holdout5,slack,POST,conversations_setTopic,/conversations.setTopic,,x,x,floor,true,ok,x,ok
holdout5,slack,POST,files_sharedPublicURL,/files.sharedPublicURL,,x,x,floor,true,ok,x,ok
holdout5,slack,POST,files_upload,/files.upload,,x,x,floor,true,ok,x,ok
holdout5,slack,POST,reactions_add,/reactions.add,,x,x,floor,true,ok,x,ok
holdout5,slack,POST,reminders_add,/reminders.add,,x,x,floor,true,ok,x,ok
holdout5,slack,POST,usergroups_create,/usergroups.create,,x,x,floor,true,ok,x,ok
holdout5,slack,POST,usergroups_enable,/usergroups.enable,,x,x,floor,true,ok,x,ok
holdout5,slack,POST,usergroups_users_update,/usergroups.users.update,,x,x,floor,true,ok,x,ok
holdout5,slack,POST,users_profile_set,/users.profile.set,,x,x,floor,true,ok,x,ok
exam2,slicebox.local,DELETE,,/users/{id},,x,x,no-own-noun,false,ok,x,ok
exam3,smart-me.com,DELETE,SubUser_Delete,/api/SubUser/{id},Delete a subuser,x,x,no-own-noun,false,ok,x,ok
exam3,smart-me.com,DELETE,UserToFolderAssign_Delete,/api/folder/user/assign,Deletes a user to folder assignement,x,x,no-own-noun,false,ok,x,ok
exam3,snyk.io,DELETE,Delete pending user provision,/org/{orgId}/provision,Delete pending user provision,x,x,no-own-noun,false,ok,x,ok
exam2,snyk.io,DELETE,Remove a member from the organization,/org/{orgId}/members/{userId},Remove a member from the organization,x,x,no-own-noun,false,ok,x,ok
exam3,snyk.io,DELETE,Remove organization,/org/{orgId},Remove organization,x,x,no-own-noun,false,ok,x,ok
exam3,snyk.io,PUT,Move project to a different organization,/org/{orgId}/project/{projectId}/move,Move project to a different organization,x,x,no-own-noun,false,ok,w,LEAK
exam2,snyk.io,PUT,Update a member in the organization,/org/{orgId}/members/{userId},Update a member in the organization,x,x,no-own-noun,false,ok,x,ok
exam3,snyk.io,PUT,Update a member's role in the organization,/org/{orgId}/members/update/{userId},Update a member's role in the organization,x,x,no-own-noun,false,ok,x,ok
exam3,soundcloud.com,DELETE,,/me/followings/{user_id},Deletes a user who is followed by the authenticated user.,x,x,no-own-noun,false,ok,x,ok
exam3,soundcloud.com,DELETE,,/reposts/tracks/{track_id},Removes a repost on a track as the authenticated user,x,x,no-own-noun,false,ok,x,ok
exam3,soundcloud.com,PUT,,/me/followings/{user_id},Follows a user.,x,x,no-own-noun,false,ok,x,ok
exam3,spotify.com,DELETE,unfollow-artists-users,/me/following,Unfollow Artists or Users,x,x,no-own-noun,false,ok,x,ok
exam3,spotify.com,DELETE,unfollow-artists-users,/me/following,Unfollow Artists or Users,x,x,no-own-noun,false,ok,x,ok
exam3,spotify.com,DELETE,unfollow-playlist,/playlists/{playlist_id}/followers,Unfollow Playlist,x,x,no-own-noun,false,ok,x,ok
exam2,spotify.com,PUT,follow-artists-users,/me/following,Follow Artists or Users,x,x,no-own-noun,false,ok,x,ok
exam3,spotify.com,PUT,start-a-users-playback,/me/player/play,Start/Resume Playback,x,x,live-verb,false,ok,x,ok
exam3,spotify.com,PUT,start-a-users-playback,/me/player/play,Start/Resume Playback,x,x,live-verb,false,ok,x,ok
exam3,squareup.com,PUT,UpdatePayment,/v2/payments/{payment_id},UpdatePayment,x,x,no-own-noun,false,ok,x,ok
exam3,stoplight.io,PUT,PUT_versions-versionId-unpublish,/versions/{versionId}/unpublish,Unpublish,x,x,no-own-noun,false,ok,x,ok
exam3,stream-io-api.com,DELETE,DeleteUser,/users/{user_id},Delete user,x,x,no-own-noun,false,ok,x,ok
exam3,stream-io-api.com,DELETE,Unban,/moderation/ban,Unban user,x,x,no-own-noun,false,ok,x,ok
holdout1,stripe,DELETE,DeleteAccountsAccount,/v1/accounts/{account},Delete an account,x,x,no-own-noun,false,ok,x,ok
holdout1,stripe,DELETE,DeleteCustomersCustomerSubscriptionsSubscriptionExposedId,/v1/customers/{customer}/subscriptions/{subscription_exposed_id},Cancel a subscription,x,x,live-verb,false,ok,x,ok
holdout1,stripe,DELETE,DeleteSubscriptionsSubscriptionExposedId,/v1/subscriptions/{subscription_exposed_id},Cancel a subscription,x,x,live-verb,false,ok,x,ok
exam2,swaggerhub.com,PUT,setDomainLifecycleSettings,/domains/{owner}/{domain}/{version}/settings/lifecycle,Publish or unpublish a domain version,x,x,live-verb,false,ok,x,ok
exam2,swaggerhub.com,PUT,setLifecycleSettings,/apis/{owner}/{api}/{version}/settings/lifecycle,Publish or unpublish an API version,x,x,live-verb,false,ok,x,ok
exam3,swaggerhub.com,PUT,setPrivateSettings,/apis/{owner}/{api}/{version}/settings/private,Set the visibility (public or private) of an API version,x,x,no-own-noun,false,ok,x,ok
exam2,swaggerhub.com,PUT,setTemplatePrivateSettings,/templates/{owner}/{templateId}/{version}/settings/private,Update visibility settings for a template,x,x,no-own-noun,false,ok,w,LEAK
exam3,swaggerhub.com,PUT,updateProjectMembersV2,/projects/{owner}/{projectId}/members,Update a project's members list,x,x,no-own-noun,false,ok,w,LEAK
exam3,ticketmaster.com,PATCH,patchAttraction,/publish/v2/attractions/{id},Publish a patch on an attraction,x,x,live-verb,false,ok,x,ok
exam3,ticketmaster.com,PATCH,patchEvent,/publish/v2/events/{id},Publish a patch on an event,x,x,live-verb,false,ok,x,ok
exam3,ticketmaster.com,PATCH,patchVenue,/publish/v2/venues/{id},Publish a patch on a venue,x,x,live-verb,false,ok,x,ok
exam3,traccar.org,DELETE,,/users/{id},Delete a User,x,x,no-own-noun,false,ok,x,ok
exam3,tradematic.com,DELETE,,/cloud/accounts/{accountid}/orders/{orderid},Cancel an order by ID,x,x,live-verb,false,ok,x,ok
exam3,trakt.tv,DELETE,Unfollow this user,/users/{id}/follow,Unfollow this user,x,x,no-own-noun,false,ok,x,ok
exam3,trashnothing.com,DELETE,remove_user_feedback,/users/{user_id}/feedback,Remove feedback on a user,x,x,no-own-noun,false,ok,x,ok
exam3,trello.com,DELETE,deleteOrganizationsByIdOrg,/organizations/{idOrg},deleteOrganizationsByIdOrg(),x,x,no-own-noun,false,ok,x,ok
exam3,trello.com,PUT,updateBoardsMembersByIdBoard,/boards/{idBoard}/members,updateBoardsMembersByIdBoard(),x,x,no-own-noun,false,ok,w,LEAK
exam2,trello.com,PUT,updateBoardsPrefsPermissionLevelByIdBoard,/boards/{idBoard}/prefs/permissionLevel,updateBoardsPrefsPermissionLevelByIdBoard(),x,x,no-own-noun,false,ok,x,ok
exam2,trello.com,PUT,updateOrganizationsMembersByIdOrgByIdMember,/organizations/{idOrg}/members/{idMember},updateOrganizationsMembersByIdOrgByIdMember(),x,x,no-own-noun,false,ok,x,ok
holdout1,twilio,DELETE,DeleteParticipant,/2010-04-01/Accounts/{AccountSid}/Conferences/{ConferenceSid}/Participants/{CallSid}.json,Kick a participant from a given conference,x,x,live-verb,false,ok,x,ok
holdout1,twilio,POST,CreateAccount,/2010-04-01/Accounts.json,Create a new Twilio Subaccount from the account making the request,x,x,floor,true,ok,x,ok
holdout1,twilio,POST,CreateAddress,/2010-04-01/Accounts/{AccountSid}/Addresses.json,,x,x,floor,true,ok,x,ok
holdout1,twilio,POST,CreateApplication,/2010-04-01/Accounts/{AccountSid}/Applications.json,Create a new application within your account,x,x,floor,true,ok,x,ok
holdout1,twilio,POST,CreateCall,/2010-04-01/Accounts/{AccountSid}/Calls.json,"Create a new outgoing call to phones, SIP-enabled endpoints or Twilio Client connections",x,x,floor,true,ok,x,ok
holdout1,twilio,POST,CreateCallRecording,/2010-04-01/Accounts/{AccountSid}/Calls/{CallSid}/Recordings.json,Create a recording for the call,x,x,floor,true,ok,x,ok
holdout1,twilio,POST,CreateIncomingPhoneNumber,/2010-04-01/Accounts/{AccountSid}/IncomingPhoneNumbers.json,Purchase a phone-number for the account.,x,x,floor,true,ok,x,ok
holdout1,twilio,POST,CreateIncomingPhoneNumberAssignedAddOn,/2010-04-01/Accounts/{AccountSid}/IncomingPhoneNumbers/{ResourceSid}/AssignedAddOns.json,Assign an Add-on installation to the Number specified.,x,x,floor,true,ok,x,ok
holdout1,twilio,POST,CreateIncomingPhoneNumberLocal,/2010-04-01/Accounts/{AccountSid}/IncomingPhoneNumbers/Local.json,,x,x,floor,true,ok,x,ok
holdout1,twilio,POST,CreateIncomingPhoneNumberMobile,/2010-04-01/Accounts/{AccountSid}/IncomingPhoneNumbers/Mobile.json,,x,x,floor,true,ok,x,ok
holdout1,twilio,POST,CreateIncomingPhoneNumberTollFree,/2010-04-01/Accounts/{AccountSid}/IncomingPhoneNumbers/TollFree.json,,x,x,floor,true,ok,x,ok
holdout1,twilio,POST,CreateMessage,/2010-04-01/Accounts/{AccountSid}/Messages.json,Send a message,x,x,floor,true,ok,x,ok
holdout1,twilio,POST,CreateNewKey,/2010-04-01/Accounts/{AccountSid}/Keys.json,,x,x,floor,true,ok,x,ok
holdout1,twilio,POST,CreateNewSigningKey,/2010-04-01/Accounts/{AccountSid}/SigningKeys.json,Create a new Signing Key for the account making the request.,x,x,floor,true,ok,x,ok
holdout1,twilio,POST,CreateParticipant,/2010-04-01/Accounts/{AccountSid}/Conferences/{ConferenceSid}/Participants.json,,x,x,floor,true,ok,x,ok
holdout1,twilio,POST,CreatePayments,/2010-04-01/Accounts/{AccountSid}/Calls/{CallSid}/Payments.json,create an instance of payments. This will start a new payments session,x,x,floor,true,ok,x,ok
holdout1,twilio,POST,CreateQueue,/2010-04-01/Accounts/{AccountSid}/Queues.json,Create a queue,x,x,floor,true,ok,x,ok
holdout1,twilio,POST,CreateRealtimeTranscription,/2010-04-01/Accounts/{AccountSid}/Calls/{CallSid}/Transcriptions.json,Create a Transcription,x,x,floor,true,ok,x,ok
holdout1,twilio,POST,CreateSipAuthCallsCredentialListMapping,/2010-04-01/Accounts/{AccountSid}/SIP/Domains/{DomainSid}/Auth/Calls/CredentialListMappings.json,Create a new credential list mapping resource,x,x,floor,true,ok,x,ok
holdout1,twilio,POST,CreateSipAuthCallsIpAccessControlListMapping,/2010-04-01/Accounts/{AccountSid}/SIP/Domains/{DomainSid}/Auth/Calls/IpAccessControlListMappings.json,Create a new IP Access Control List mapping,x,x,floor,true,ok,x,ok
holdout1,twilio,POST,CreateSipAuthRegistrationsCredentialListMapping,/2010-04-01/Accounts/{AccountSid}/SIP/Domains/{DomainSid}/Auth/Registrations/CredentialListMappings.json,Create a new credential list mapping resource,x,x,floor,true,ok,x,ok
holdout1,twilio,POST,CreateSipCredential,/2010-04-01/Accounts/{AccountSid}/SIP/CredentialLists/{CredentialListSid}/Credentials.json,Create a new credential resource.,x,x,floor,true,ok,x,ok
holdout1,twilio,POST,CreateSipCredentialList,/2010-04-01/Accounts/{AccountSid}/SIP/CredentialLists.json,Create a Credential List,x,x,floor,true,ok,x,ok
holdout1,twilio,POST,CreateSipCredentialListMapping,/2010-04-01/Accounts/{AccountSid}/SIP/Domains/{DomainSid}/CredentialListMappings.json,Create a CredentialListMapping resource for an account.,x,x,floor,true,ok,x,ok
holdout1,twilio,POST,CreateSipDomain,/2010-04-01/Accounts/{AccountSid}/SIP/Domains.json,Create a new Domain,x,x,floor,true,ok,x,ok
holdout1,twilio,POST,CreateSipIpAccessControlList,/2010-04-01/Accounts/{AccountSid}/SIP/IpAccessControlLists.json,Create a new IpAccessControlList resource,x,x,floor,true,ok,x,ok
holdout1,twilio,POST,CreateSipIpAccessControlListMapping,/2010-04-01/Accounts/{AccountSid}/SIP/Domains/{DomainSid}/IpAccessControlListMappings.json,Create a new IpAccessControlListMapping resource.,x,x,floor,true,ok,x,ok
holdout1,twilio,POST,CreateSipIpAddress,/2010-04-01/Accounts/{AccountSid}/SIP/IpAccessControlLists/{IpAccessControlListSid}/IpAddresses.json,Create a new IpAddress resource.,x,x,floor,true,ok,x,ok
holdout1,twilio,POST,CreateSiprec,/2010-04-01/Accounts/{AccountSid}/Calls/{CallSid}/Siprec.json,Create a Siprec,x,x,floor,true,ok,x,ok
holdout1,twilio,POST,CreateStream,/2010-04-01/Accounts/{AccountSid}/Calls/{CallSid}/Streams.json,Create a Stream,x,x,floor,true,ok,x,ok
holdout1,twilio,POST,CreateToken,/2010-04-01/Accounts/{AccountSid}/Tokens.json,Create a new token for ICE servers,x,x,floor,true,ok,x,ok
holdout1,twilio,POST,CreateUsageTrigger,/2010-04-01/Accounts/{AccountSid}/Usage/Triggers.json,Create a new UsageTrigger,x,x,floor,true,ok,x,ok
holdout1,twilio,POST,CreateUserDefinedMessage,/2010-04-01/Accounts/{AccountSid}/Calls/{CallSid}/UserDefinedMessages.json,Create a new User Defined Message for the given Call SID.,x,x,floor,true,ok,x,ok
holdout1,twilio,POST,CreateUserDefinedMessageSubscription,/2010-04-01/Accounts/{AccountSid}/Calls/{CallSid}/UserDefinedMessageSubscriptions.json,Subscribe to User Defined Messages for a given Call SID.,x,x,floor,true,ok,x,ok
holdout1,twilio,POST,CreateValidationRequest,/2010-04-01/Accounts/{AccountSid}/OutgoingCallerIds.json,,x,x,floor,true,ok,x,ok
holdout1,twilio,POST,UpdateCall,/2010-04-01/Accounts/{AccountSid}/Calls/{Sid}.json,Initiates a call redirect or terminates a call,x,x,floor,true,ok,x,ok
holdout1,twilio,POST,UpdateCallRecording,/2010-04-01/Accounts/{AccountSid}/Calls/{CallSid}/Recordings/{Sid}.json,"Changes the status of the recording to paused, stopped, or in-progress. Note: Pass `Twilio.CURRENT` instead of recording sid to reference current active recordi",x,x,floor,true,ok,x,ok
holdout1,twilio,POST,UpdateConference,/2010-04-01/Accounts/{AccountSid}/Conferences/{Sid}.json,,x,x,floor,true,ok,x,ok
holdout1,twilio,POST,UpdateConferenceRecording,/2010-04-01/Accounts/{AccountSid}/Conferences/{ConferenceSid}/Recordings/{Sid}.json,"Changes the status of the recording to paused, stopped, or in-progress. Note: To use `Twilio.CURRENT`, pass it as recording sid.",x,x,floor,true,ok,x,ok
holdout1,twilio,POST,UpdateMember,/2010-04-01/Accounts/{AccountSid}/Queues/{QueueSid}/Members/{CallSid}.json,Dequeue a member from a queue and have the member's call begin executing the TwiML document at that URL,x,x,floor,true,ok,x,ok
holdout1,twilio,POST,UpdateParticipant,/2010-04-01/Accounts/{AccountSid}/Conferences/{ConferenceSid}/Participants/{CallSid}.json,Update the properties of the participant,x,x,floor,true,ok,x,ok
holdout1,twilio,POST,UpdatePayments,/2010-04-01/Accounts/{AccountSid}/Calls/{CallSid}/Payments/{Sid}.json,update an instance of payments with different phases of payment flows.,x,x,floor,true,ok,x,ok
holdout1,twilio,POST,UpdateRealtimeTranscription,/2010-04-01/Accounts/{AccountSid}/Calls/{CallSid}/Transcriptions/{Sid}.json,Stop a Transcription using either the SID of the Transcription resource or the `name` used when creating the resource,x,x,floor,true,ok,x,ok
holdout1,twilio,POST,UpdateStream,/2010-04-01/Accounts/{AccountSid}/Calls/{CallSid}/Streams/{Sid}.json,Stop a Stream using either the SID of the Stream resource or the `name` used when creating the resource,x,x,floor,true,ok,x,ok
exam3,twitter.com,DELETE,listRemoveMember,/2/lists/{id}/members/{user_id},Remove a List member,x,x,no-own-noun,false,ok,x,ok
exam3,twitter.com,PUT,hideReplyById,/2/tweets/{tweet_id}/hidden,Hide replies,x,x,no-own-noun,false,ok,x,ok
exam3,uebermaps.com,DELETE,,/maps/{id}/collaborators/{user_id},Delete collaboration,x,x,no-own-noun,false,ok,x,ok
exam3,uebermaps.com,PATCH,,/collaborator_invitations/{id},Accept collaborator invitation.,x,x,live-verb,false,ok,x,ok
exam3,uebermaps.com,PATCH,,/maps/{id}/collaborators/{user_id},Update collaborator,x,x,no-own-noun,false,ok,x,ok
exam3,unicourt.com,PUT,orderCaseDocument,/caseDocumentOrder,Add Case Document Order for requested Document Ids.,x,x,no-own-noun,false,ok,x,ok
exam3,unicourt.com,PUT,updateCase,/caseUpdate,Add Case Update for the requested Case Id.,x,x,no-own-noun,false,ok,x,ok
exam3,va.gov,PUT,putBenefitsDocumentUpload,/path,Accepts document upload.,x,x,live-verb,false,ok,x,ok
exam2,velopayments.com,DELETE,deleteUserByIdV2,/v2/users/{userId},Delete a User,x,x,no-own-noun,false,ok,x,ok
exam2,velopayments.com,DELETE,withdrawPayoutV3,/v3/payouts/{payoutId},Withdraw Payout,x,x,no-own-noun,false,ok,x,ok
holdout3,vercel,DELETE,deleteRedirects,/v1/bulk-redirects,Delete project-level redirects.,x,x,no-own-noun,false,ok,x,ok
holdout3,vercel,PATCH,patchUrlProtectionBypass,/aliases/{id}/protection-bypass,Update the protection bypass for a URL,x,x,no-own-noun,false,ok,x,ok
holdout3,vercel,PATCH,updateTeamMember,/v1/teams/{teamId}/members/{uid},Update a Team Member,x,x,no-own-noun,false,ok,x,ok
holdout3,vercel,POST,addBypassIp,/v1/security/firewall/bypass,Create System Bypass Rule,x,x,floor,true,ok,x,ok
holdout3,vercel,POST,addProjectDomain,/v10/projects/{idOrName}/domains,Add a domain to a project,x,x,floor,true,ok,x,ok
holdout3,vercel,POST,createAccessGroupProject,/v1/access-groups/{accessGroupIdOrName}/projects,Create an access group project,x,x,floor,true,ok,x,ok
holdout3,vercel,POST,createAiGatewayRule,/v1/ai-gateway/rules,Create rule,x,x,floor,true,ok,x,ok
holdout3,vercel,POST,createDeployment,/v13/deployments,Create a new deployment,x,x,floor,true,ok,x,ok
holdout3,vercel,POST,createEdgeConfig,/v1/global-config,Create a Global Config,x,x,floor,true,ok,x,ok
holdout3,vercel,POST,createProjectCheck,/v2/projects/{projectIdOrName}/checks,Create a check,x,x,floor,true,ok,x,ok
holdout3,vercel,POST,createSandboxesByNameForkV3,/v3/sandboxes/{name}/fork,Fork a named sandbox,x,x,floor,true,ok,x,ok
holdout3,vercel,POST,createSandboxesV4,/v4/sandboxes,Create a named sandbox,x,x,floor,true,ok,x,ok
holdout3,vercel,POST,dangerouslyDeleteBySrcImages,/v1/edge-cache/dangerously-delete-by-src-images,Dangerously delete by source image,x,x,floor,true,ok,x,ok
holdout3,vercel,POST,extendSessionTimeout,/v2/sandboxes/sessions/{sessionId}/extend-timeout,Extend session timeout,x,x,floor,true,ok,x,ok
holdout3,vercel,POST,inviteUserToTeam,/v2/teams/{teamId}/members,Invite a user,x,x,floor,true,ok,x,ok
holdout3,vercel,POST,issueCert,/v8/certs,Issue a new cert,x,x,floor,true,ok,x,ok
holdout3,vercel,POST,postTeamDsyncRoles,/v1/teams/{teamId}/dsync-roles,Update Team Directory Sync Role Mappings,x,x,floor,true,ok,x,ok
holdout3,vercel,POST,requestRollback,/v1/projects/{projectId}/rollback/{deploymentId},Point production traffic to a previous production deployment by ID,x,x,floor,true,ok,x,ok
holdout3,vercel,POST,stopSession,/v2/sandboxes/sessions/{sessionId}/stop,Stop a session,x,x,floor,true,ok,x,ok
holdout3,vercel,POST,update-invoice,/v1/installations/{integrationConfigurationId}/billing/invoices/{invoiceId}/actions,Invoice Actions,x,x,floor,true,ok,x,ok
holdout3,vercel,POST,updateAccessGroup,/v1/access-groups/{idOrName},Update an access group,x,x,floor,true,ok,x,ok
holdout3,vercel,POST,updateVersion,/v1/bulk-redirects/versions,Promote a staging version to production or restore a previous production version.,x,x,floor,true,ok,x,ok
exam2,victorops.com,DELETE,,/api-public/v1/user/{user}/contact-methods/emails/{contactId},Delete a contact email for a user,x,x,no-own-noun,false,ok,x,ok
exam3,victorops.com,DELETE,,/api-public/v1/team/{team}/members/{user},Remove a team member,x,x,no-own-noun,false,ok,x,ok
exam3,victorops.com,DELETE,,/api-public/v1/user/{user},Remove a user,x,x,no-own-noun,false,ok,x,ok
exam2,victorops.com,PATCH,,/api-public/v1/incidents/ack,Acknowledge an incident or list of incidents,x,x,no-own-noun,false,ok,w,LEAK
exam3,victorops.com,PATCH,,/api-public/v1/incidents/byUser/ack,Acknowledge all incidents for which a user was paged.,x,x,no-own-noun,false,ok,x,ok
exam3,victorops.com,PATCH,,/api-public/v1/incidents/byUser/resolve,Resolve all incidents for which a user was paged.,x,x,no-own-noun,false,ok,x,ok
exam3,victorops.com,PATCH,,/api-public/v1/incidents/resolve,Resolve an incident or list of incidents,x,x,no-own-noun,false,ok,w,LEAK
exam3,victorops.com,PATCH,,/api-public/v1/policies/{policy}/oncall/user,Create an on-call override (take on-call),x,x,no-own-noun,false,ok,x,ok
exam3,victorops.com,PATCH,,/api-public/v1/team/{team}/oncall/user,Create an on-call override (take on-call),x,x,no-own-noun,false,ok,x,ok
exam3,vimeo.com,PATCH,edit_vod,/ondemand/pages/{ondemand_id},Edit an On Demand page,x,x,no-own-noun,false,ok,x,ok
exam3,vimeo.com,PUT,add_channel_moderator,/channels/{channel_id}/moderators/{user_id},Add a specific channel moderator,x,x,no-own-noun,false,ok,x,ok
exam3,visagecloud.com,PATCH,startStreamUsingPATCH,/rest/v1.1/stream/start,Start existing stream,x,x,live-verb,false,ok,x,ok
exam3,vonage.com,DELETE,callUnold,/self/calls/{id}/hold,Unhold,x,x,no-own-noun,false,ok,x,ok
exam3,vonage.com,DELETE,destroyCall,/self/calls/{id},End a call,x,x,live-verb,false,ok,x,ok
exam3,vonage.com,PUT,callAnswer,/self/calls/{id}/answer,Answer call (On supported devices),x,x,no-own-noun,false,ok,x,ok
exam3,vonage.com,PUT,callHold,/self/calls/{id}/hold,Put call on hold,x,x,no-own-noun,false,ok,x,ok
exam3,vonage.com,PUT,callVMTransfer,/self/calls/{id}/vmtransfer,Send call to voicemail,x,x,live-verb,false,ok,x,ok
exam2,vtex.local,PATCH,CancelSubscriptionsbySubscriptionId,/subscriptions/{subscriptionId}/cancel,Cancel Subscriptions by SubscriptionId,x,x,live-verb,false,ok,x,ok
exam3,vtex.local,PUT,SaveSuggestion,/suggestions/{sellerId}/{sellerSkuId},Send SKU Suggestion,x,x,live-verb,false,ok,x,ok
exam3,walletobjects.googleapis.com,PUT,walletobjects.permissions.update,/walletobjects/v1/permissions/{resourceId},,x,x,no-own-noun,false,ok,x,ok
exam3,watchful.li,DELETE,deleteSsoUserById,/ssousers/{id},Delete a specific SSO User,x,x,no-own-noun,false,ok,x,ok
exam3,watchful.li,PUT,UpdateSsoUsers,/ssousers/{id},Update a SSO User,x,x,no-own-noun,false,ok,x,ok
exam2,whapi.com,PUT,cashin,/{betId}/cashin,Allows a trusted application to cash in a bet (take a return on a bet) on behalf of the customer,x,x,no-own-noun,false,ok,w,LEAK
exam3,whatsapp.local,DELETE,DeleteGroupIcon,/groups/{GroupId}/icon,Delete-Group-Icon,x,x,no-own-noun,false,ok,x,ok
exam3,whatsapp.local,DELETE,DeleteUser,/users/{UserUsername},Delete-User,x,x,no-own-noun,false,ok,x,ok
exam2,whatsapp.local,DELETE,DemoteGroupAdmin,/groups/{GroupId}/admins,Demote-Group-Admin,x,x,no-own-noun,false,ok,x,ok
exam3,whatsapp.local,DELETE,RemoveGroupParticipant,/groups/{GroupId}/participants,Remove-Group-Participant,x,x,no-own-noun,false,ok,x,ok
exam3,whatsapp.local,PATCH,PromoteToGroupAdmin,/groups/{GroupId}/admins,Promote-To-Group-Admin,x,x,no-own-noun,false,ok,x,ok
exam3,whatsapp.local,PUT,UpdateUser,/users/{UserUsername},Update-User,x,x,no-own-noun,false,ok,x,ok
exam3,windows.net,DELETE,Applications_RemoveOwner,/{tenantID}/applications/{applicationObjectId}/$links/owners/{ownerObjectId},,x,x,no-own-noun,false,ok,x,ok
exam3,windows.net,DELETE,ComputeNode_DeleteUser,/pools/{poolId}/nodes/{nodeId}/users/{userName},Deletes a user account from the specified compute node.,x,x,no-own-noun,false,ok,x,ok
exam3,windows.net,DELETE,Groups_Delete,/{tenantID}/groups/{objectId},,x,x,no-own-noun,false,ok,w,LEAK
exam2,windows.net,DELETE,Groups_RemoveMember,/{tenantID}/groups/{groupObjectId}/$links/members/{memberObjectId},,x,x,no-own-noun,false,ok,x,ok
exam2,windows.net,DELETE,OAuth2PermissionGrant_Delete,/{tenantID}/oauth2PermissionGrants/{objectId},,x,x,no-own-noun,false,ok,x,ok
exam3,windows.net,DELETE,ServicePrincipals_RemoveOwner,/{tenantID}/servicePrincipals/{objectId}/$links/owners/{ownerObjectId},,x,x,no-own-noun,false,ok,x,ok
exam3,windows.net,DELETE,Users_Delete,/{tenantID}/users/{upnOrObjectId},,x,x,no-own-noun,false,ok,w,LEAK
exam3,windows.net,PATCH,Users_Update,/{tenantID}/users/{upnOrObjectId},,x,x,no-own-noun,false,ok,w,LEAK
exam2,wowza.com,PUT,regenerateConnectionCodeLiveStream,/live_streams/{id}/regenerate_connection_code,Regenerate the connection code for a live stream,x,x,no-own-noun,false,ok,x,ok
exam2,wowza.com,PUT,resetTranscoder,/transcoders/{id}/reset,Reset a transcoder,x,x,no-own-noun,false,ok,x,ok
exam3,wowza.com,PUT,restartTranscoderOutputOutputStreamTarget,/transcoders/{transcoder_id}/outputs/{output_id}/output_stream_targets/{stream_target_id}/restart,Restart an output stream target,x,x,no-own-noun,false,ok,w,LEAK
holdout4,x,DELETE,deleteBroadcastChatMessage,/2/broadcasts/{id}/chat/{message_id},Remove a chat message from a live broadcast,x,x,no-own-noun,false,ok,x,ok
holdout4,x,POST,addConversationKeys,/2/chat/conversations/{id}/keys,Add Conversation Keys,x,x,floor,true,ok,x,ok
holdout4,x,POST,chatMediaUploadInitialize,/2/chat/media/upload/initialize,Initialize Chat Media Upload,x,x,floor,true,ok,x,ok
holdout4,x,POST,createWebhooks,/2/webhooks,Create webhook,x,x,floor,true,ok,x,ok
holdout4,x,POST,deleteChatMessages,/2/chat/conversations/{id}/messages/delete,Delete Chat messages,x,x,floor,true,ok,x,ok
holdout4,x,POST,evaluateCommunityNotes,/2/notes/evaluate,Evaluate Community Notes,x,x,floor,true,ok,x,ok
holdout4,x,POST,followUser,/2/users/{id}/following,Follow User,x,x,floor,true,ok,x,ok
holdout4,x,POST,goLiveScheduledBroadcast,/2/broadcasts/scheduled/{id}/live,Go live on a scheduled broadcast,x,x,floor,true,ok,x,ok
holdout4,x,POST,initializeChatGroup,/2/chat/conversations/group/initialize,Initialize Chat Group,x,x,floor,true,ok,x,ok
holdout4,x,POST,sendBroadcastChat,/2/broadcasts/{id}/chat,Send a chat message to a live broadcast,x,x,floor,true,ok,x,ok
holdout4,x,PUT,validateWebhooks,/2/webhooks/{webhook_id},Validate webhook,x,x,no-own-noun,false,ok,x,ok
exam3,xtrf.eu,PUT,updatePermissions,/browser/views/{viewId}/permissions,Updates view's permissions.,x,x,no-own-noun,false,ok,x,ok
exam3,yodlee.com,PUT,editCredentialsOrRefreshProviderAccount,/providerAccounts,Update Account,x,x,no-own-noun,false,ok,x,ok
exam3,yodlee.com,PUT,verifyChallengeDeposit,/verification,Verify Challenge Deposit,x,x,no-own-noun,false,ok,x,ok
exam3,zoom.us,DELETE,deleteChatMessage,/chat/users/{userId}/messages/{messageId},Delete a message,x,x,no-own-noun,false,ok,x,ok
exam3,zoom.us,DELETE,deleteSIPTrunk,/accounts/{accountId}/sip_trunk/trunks/{trunkId},Delete a SIP trunk,x,x,no-own-noun,false,ok,x,ok
exam3,zoom.us,DELETE,groupMembersDelete,/groups/{groupId}/members/{memberId},Delete a group member,x,x,no-own-noun,false,ok,x,ok
exam3,zoom.us,DELETE,roleMemberDelete,/roles/{roleId}/members/{memberId},Unassign a role,x,x,no-own-noun,false,ok,x,ok
exam2,zoom.us,DELETE,unassignMemberFromCallQueue,/phone/call_queues/{callQueueId}/members/{memberId},Unassign a member,x,x,no-own-noun,false,ok,x,ok
exam3,zoom.us,DELETE,userSchedulerDelete,/users/{userId}/schedulers/{schedulerId},Delete a scheduler,x,x,no-own-noun,false,ok,x,ok
exam3,zoom.us,DELETE,webinarDelete,/webinars/{webinarId},Delete a webinar,x,x,no-own-noun,false,ok,x,ok
exam2,zoom.us,PATCH,checkInRooms,/rooms/{id}/events,Check-in or check-out of a Zoom Room,x,x,no-own-noun,false,ok,x,ok
exam3,zoom.us,PATCH,groupLockedSettings,/groups/{groupId}/lock_settings,Update locked settings,x,x,no-own-noun,false,ok,w,LEAK
exam2,zoom.us,PATCH,meetingLiveStreamStatusUpdate,/meetings/{meetingId}/livestream/status,Update Live Stream Status,x,x,no-own-noun,false,ok,x,ok
exam3,zoom.us,PATCH,updateAGroupMember,/groups/{groupId}/members/{memberId},Update a group member,x,x,no-own-noun,false,ok,x,ok
exam3,zoom.us,PUT,changeCallQueueManager,/phone/call_queues/{callQueueId}/manager,Change call queue manager,x,x,no-own-noun,false,ok,w,LEAK
exam2,zoom.us,PUT,userEmailUpdate,/users/{userId}/email,Update a user's email,x,x,no-own-noun,false,ok,x,ok
exam3,zoomconnect.com,PUT,,/api/rest/v1/account/user,create,x,x,no-own-noun,false,ok,x,ok
exam2,zuora.com,PUT,PUT_CancelSubscription,/v1/subscriptions/{subscription-key}/cancel,Cancel a subscription,x,x,live-verb,false,ok,x,ok
exam2,zuora.com,PUT,PUT_EntityConnectionsAccept,/v1/entity-connections/{connection-id}/accept,Multi-entity: Accept a connection request,x,x,live-verb,false,ok,x,ok
exam3,zuora.com,PUT,PUT_ProvisionEntity,/v1/entities/{id}/provision,Multi-entity: Provision an entity,x,x,no-own-noun,false,ok,w,LEAK
exam2,zuora.com,PUT,PUT_UnapplyPayment,/v1/payments/{paymentId}/unapply,Unapply a payment,x,x,no-own-noun,false,ok,x,ok
exam3,zuora.com,PUT,PUT_VerifyPaymentMethods,/v1/payment-methods/{payment-method-id}/verify,Verify a payment method,x,x,no-own-noun,false,ok,w,LEAK
exam2,zuora.com,PUT,PUT_WriteOffInvoice,/v1/invoices/{invoiceId}/write-off,Write off an invoice,x,x,no-own-noun,false,ok,w,LEAK
