row_id,provider,api_key,method,path,operationId
1,1password.local,1password.local:connect,DELETE,/vaults/{vaultUuid}/items/{itemUuid},DeleteVaultItem
2,1password.local,1password.local:connect,PATCH,/vaults/{vaultUuid}/items/{itemUuid},PatchVaultItem
3,1password.local,1password.local:connect,PUT,/vaults/{vaultUuid}/items/{itemUuid},UpdateVaultItem
4,6-dot-authentiqio.appspot.com,6-dot-authentiqio.appspot.com,DELETE,/key,key_revoke_nosecret
5,6-dot-authentiqio.appspot.com,6-dot-authentiqio.appspot.com,DELETE,/key/{PK},key_revoke
6,6-dot-authentiqio.appspot.com,6-dot-authentiqio.appspot.com,DELETE,/scope/{job},sign_delete
7,6-dot-authentiqio.appspot.com,6-dot-authentiqio.appspot.com,PUT,/key/{PK},key_bind
8,6-dot-authentiqio.appspot.com,6-dot-authentiqio.appspot.com,PUT,/scope/{job},sign_update
9,ably.io,ably.io:platform,DELETE,/push/channelSubscriptions,deletePushDeviceDetails
10,ably.io,ably.io:platform,DELETE,/push/deviceRegistrations/{device_id},unregisterPushDevice
11,ably.io,ably.io:platform,PATCH,/push/deviceRegistrations/{device_id},patchPushDeviceDetails
12,ably.io,ably.io:platform,PUT,/push/deviceRegistrations/{device_id},putPushDeviceDetails
13,ably.net,ably.net:control,DELETE,/apps/{app_id}/namespaces/{namespace_id},
14,ably.net,ably.net:control,DELETE,/apps/{app_id}/queues/{queue_id},
15,ably.net,ably.net:control,DELETE,/apps/{app_id}/rules/{rule_id},
16,ably.net,ably.net:control,DELETE,/apps/{id},
17,ably.net,ably.net:control,PATCH,/apps/{app_id}/keys/{key_id},
18,ably.net,ably.net:control,PATCH,/apps/{app_id}/namespaces/{namespace_id},
19,ably.net,ably.net:control,PATCH,/apps/{app_id}/rules/{rule_id},
20,ably.net,ably.net:control,PATCH,/apps/{id},
21,adafruit.com,adafruit.com,DELETE,/{username}/activities,destroyActivities
22,adafruit.com,adafruit.com,DELETE,/{username}/dashboards/{id},destroyDashboard
23,adafruit.com,adafruit.com,DELETE,/{username}/feeds/{feed_key},destroyFeed
24,adafruit.com,adafruit.com,DELETE,/{username}/feeds/{feed_key}/data/{id},destroyData
25,adafruit.com,adafruit.com,DELETE,/{username}/groups/{group_key},destroyGroup
26,adafruit.com,adafruit.com,DELETE,/{username}/tokens/{id},destroyToken
27,adafruit.com,adafruit.com,DELETE,/{username}/triggers/{id},destroyTrigger
28,adafruit.com,adafruit.com,PATCH,/{username}/{type}/{type_id}/acl/{id},updatePermission
29,adafruit.com,adafruit.com,PATCH,/{username}/dashboards/{dashboard_id}/blocks/{id},updateBlock
30,adafruit.com,adafruit.com,PATCH,/{username}/dashboards/{id},updateDashboard
31,adafruit.com,adafruit.com,PATCH,/{username}/feeds/{feed_key}/data/{id},updateData
32,adafruit.com,adafruit.com,PATCH,/{username}/groups/{group_key},updateGroup
33,adafruit.com,adafruit.com,PATCH,/{username}/tokens/{id},updateToken
34,adafruit.com,adafruit.com,PATCH,/{username}/triggers/{id},updateTrigger
35,adafruit.com,adafruit.com,PUT,/{username}/{type}/{type_id}/acl/{id},replacePermission
36,adafruit.com,adafruit.com,PUT,/{username}/dashboards/{dashboard_id}/blocks/{id},replaceBlock
37,adafruit.com,adafruit.com,PUT,/{username}/dashboards/{id},replaceDashboard
38,adafruit.com,adafruit.com,PUT,/{username}/feeds/{feed_key},replaceFeed
39,adafruit.com,adafruit.com,PUT,/{username}/feeds/{feed_key}/data/{id},replaceData
40,adafruit.com,adafruit.com,PUT,/{username}/groups/{group_key},replaceGroup
41,adafruit.com,adafruit.com,PUT,/{username}/tokens/{id},replaceToken
42,adafruit.com,adafruit.com,PUT,/{username}/triggers/{id},replaceTrigger
43,adobe.com,adobe.com:aem,DELETE,/{path}/{name},deleteNode
44,adobe.com,adobe.com:aem,DELETE,/etc/replication/agents.{runmode}/{name},deleteAgent
45,agco-ats.com,agco-ats.com,DELETE,/api/v2/agents/{agentID},Agents_DeleteAgent
46,agco-ats.com,agco-ats.com,DELETE,/api/v2/AuthorizationCategories/{id},AuthorizationCategories_Delete
47,agco-ats.com,agco-ats.com,DELETE,/api/v2/Bundles/{ID},Bundles_DeleteBundle
48,agco-ats.com,agco-ats.com,DELETE,/api/v2/GlobalImages/{ID},GlobalImages_DeleteFile
49,agco-ats.com,agco-ats.com,DELETE,/api/v2/Packages/{ID},Packages_DeletePackage
50,agco-ats.com,agco-ats.com,DELETE,/api/v2/UpdateGroups/{id}/Users/{userID},UpdateGroups_RemoveUpdateGroupUser
51,agco-ats.com,agco-ats.com,PUT,/api/v2/activityRuns/{activityRunID}/status,ActivityRuns_PutActivityRunStatus
52,agco-ats.com,agco-ats.com,PUT,/api/v2/AftermarketServices/Engines/{serialNumber}/IQACodes,AftermarketServices_PutIQACodes
53,agco-ats.com,agco-ats.com,PUT,/api/v2/ContentSubmissionAttributes/Batch,ContentSubmissions_PutContentSubmissionAttributes
54,agco-ats.com,agco-ats.com,PUT,/api/v2/ContentSubmissionTypes/{id},ContentSubmissionTypes_PutContentSubmissionType
55,agco-ats.com,agco-ats.com,PUT,/api/v2/GlobalImages/{ID}/ImageContents,GlobalImages_PutGlobalImageContents
56,agco-ats.com,agco-ats.com,PUT,/api/v2/jobs/{jobID},Jobs_PutJob
57,agco-ats.com,agco-ats.com,PUT,/api/v2/Languages/{LocaleID},Languages_UpdateLanguage
58,agco-ats.com,agco-ats.com,PUT,/api/v2/PackageTypetoBundles,PackageTypetoBundles_Put
59,agco-ats.com,agco-ats.com,PUT,/api/v2/Releases/{releaseId},Release_PutContentDefinition
60,agco-ats.com,agco-ats.com,PUT,/api/v2/Roles/{id}/Permissions,Roles_PutRolePermissions
61,agco-ats.com,agco-ats.com,PUT,/api/v2/Roles/{id}/Users,
62,agco-ats.com,agco-ats.com,PUT,/api/v2/StringDefinitions/Batch,StringDefinitions_UpdateDefinitions
63,agco-ats.com,agco-ats.com,PUT,/api/v2/TranslationKeys/{ID},TranslationKeys_UpdateTranslationKey
64,agco-ats.com,agco-ats.com,PUT,/api/v2/TranslationRequests/{Id},TranslationRequests_UpdateTranslationRequest
65,agco-ats.com,agco-ats.com,PUT,/api/v2/UpdateGroupClientRelationships/{RelationshipID},UpdateGroupClientRelationships_PutSubscription
66,agco-ats.com,agco-ats.com,PUT,/api/v2/Users/{id}/Roles,UserPermissions_Put
67,akeneo.com,akeneo.com,DELETE,/api/rest/v1/asset-families/{asset_family_code}/assets/{code},delete_assets__code_
68,akeneo.com,akeneo.com,DELETE,/api/rest/v1/product-models/{code},delete_product_models__code_
69,akeneo.com,akeneo.com,PATCH,/api/rest/v1/asset-categories,patch_asset_categories
70,akeneo.com,akeneo.com,PATCH,/api/rest/v1/asset-categories/{code},patch_asset_categories__code_
71,akeneo.com,akeneo.com,PATCH,/api/rest/v1/asset-families/{asset_family_code}/assets,patch_assets
72,akeneo.com,akeneo.com,PATCH,/api/rest/v1/asset-families/{asset_family_code}/assets/{code},patch_asset__code_
73,akeneo.com,akeneo.com,PATCH,/api/rest/v1/asset-families/{asset_family_code}/attributes/{attribute_code}/options/{code},patch_asset_attributes__attribute_code__options__code_
74,akeneo.com,akeneo.com,PATCH,/api/rest/v1/asset-families/{asset_family_code}/attributes/{code},patch_asset_family_attributes__code_
75,akeneo.com,akeneo.com,PATCH,/api/rest/v1/asset-tags/{code},patch_asset_tags__code_
76,akeneo.com,akeneo.com,PATCH,/api/rest/v1/assets,patch_pam_assets
77,akeneo.com,akeneo.com,PATCH,/api/rest/v1/assets/{code},patch_pam_assets__code_
78,akeneo.com,akeneo.com,PATCH,/api/rest/v1/association-types,several_association_types_patch
79,akeneo.com,akeneo.com,PATCH,/api/rest/v1/association-types/{code},association_types_patch
80,akeneo.com,akeneo.com,PATCH,/api/rest/v1/channels,several_channels_patch
81,akeneo.com,akeneo.com,PATCH,/api/rest/v1/families,patch_families
82,akeneo.com,akeneo.com,PATCH,/api/rest/v1/families/{family_code}/variants/{code},patch_families__family_code__variants__code__
83,akeneo.com,akeneo.com,PATCH,/api/rest/v1/products,patch_products
84,akeneo.com,akeneo.com,PATCH,/api/rest/v1/products-uuid,patch_products_uuid
85,akeneo.com,akeneo.com,PATCH,/api/rest/v1/products/{code},patch_products__code_
86,akeneo.com,akeneo.com,PATCH,/api/rest/v1/reference-entities/{reference_entity_code}/attributes/{attribute_code}/options/{code},patch_reference_entity_attributes__attribute_code__options__code_
87,akeneo.com,akeneo.com,PATCH,/api/rest/v1/reference-entities/{reference_entity_code}/attributes/{code},patch_reference_entity_attributes__code_
88,akeneo.com,akeneo.com,PATCH,/api/rest/v1/reference-entities/{reference_entity_code}/records,patch_reference_entity_records
89,alertersystem.com,alertersystem.com,DELETE,/api/transport-all-my-sms/{id},api_transport-all-my-sms_id_delete
90,alertersystem.com,alertersystem.com,DELETE,/api/transport-bandwidth/{id},api_transport-bandwidth_id_delete
91,alertersystem.com,alertersystem.com,DELETE,/api/transport-firebase/{id},api_transport-firebase_id_delete
92,alertersystem.com,alertersystem.com,DELETE,/api/transport-free-mobile/{id},api_transport-free-mobile_id_delete
93,alertersystem.com,alertersystem.com,DELETE,/api/transport-gotify/{id},api_transport-gotify_id_delete
94,alertersystem.com,alertersystem.com,DELETE,/api/transport-iqsms/{id},api_transport-iqsms_id_delete
95,alertersystem.com,alertersystem.com,DELETE,/api/transport-line-notify/{id},api_transport-line-notify_id_delete
96,alertersystem.com,alertersystem.com,DELETE,/api/transport-message-media/{id},api_transport-message-media_id_delete
97,alertersystem.com,alertersystem.com,DELETE,/api/transport-octopush/{id},api_transport-octopush_id_delete
98,alertersystem.com,alertersystem.com,DELETE,/api/transport-pushy/{id},api_transport-pushy_id_delete
99,alertersystem.com,alertersystem.com,DELETE,/api/transport-twilio/{id},api_transport-twilio_id_delete
100,alertersystem.com,alertersystem.com,PUT,/api/alert-service/{id},api_alert-service_id_put
101,alertersystem.com,alertersystem.com,PUT,/api/partition/{id},api_partition_id_put
102,alertersystem.com,alertersystem.com,PUT,/api/team-member/{id},api_team-member_id_put
103,alertersystem.com,alertersystem.com,PUT,/api/transport-alerta/{id},api_transport-alerta_id_put
104,alertersystem.com,alertersystem.com,PUT,/api/transport-email/{id},api_transport-email_id_put
105,alertersystem.com,alertersystem.com,PUT,/api/transport-gotify/{id},api_transport-gotify_id_put
106,alertersystem.com,alertersystem.com,PUT,/api/transport-opsgenie/{id},api_transport-opsgenie_id_put
107,alertersystem.com,alertersystem.com,PUT,/api/transport-pushy/{id},api_transport-pushy_id_put
108,alertersystem.com,alertersystem.com,PUT,/api/transport-smsmode/{id},api_transport-smsmode_id_put
109,alertersystem.com,alertersystem.com,PUT,/api/transport-vonage/{id},api_transport-vonage_id_put
110,alertersystem.com,alertersystem.com,PUT,/api/transport-yunpian/{id},api_transport-yunpian_id_put
111,amadeus.com,amadeus.com:amadeus-flight-order-management,DELETE,/booking/flight-orders/{flight-orderId},cancelFlightOrder
112,anchore.io,anchore.io,DELETE,/accounts/{accountname},delete_account
113,anchore.io,anchore.io,DELETE,/accounts/{accountname}/users/{username},delete_user
114,anchore.io,anchore.io,DELETE,/archives/images/{imageDigest},delete_archived_analysis
115,anchore.io,anchore.io,DELETE,/archives/rules/{ruleId},delete_analysis_archive_rule
116,anchore.io,anchore.io,DELETE,/events,delete_events
117,anchore.io,anchore.io,DELETE,/events/{eventId},delete_event
118,anchore.io,anchore.io,DELETE,/images,delete_images_async
119,anchore.io,anchore.io,DELETE,/images/{imageDigest},delete_image
120,anchore.io,anchore.io,DELETE,/images/by_id/{imageId},delete_image_by_imageId
121,anchore.io,anchore.io,DELETE,/imports/images/{operation_id},invalidate_operation
122,anchore.io,anchore.io,DELETE,/policies/{policyId},delete_policy
123,anchore.io,anchore.io,DELETE,/registries/{registry},delete_registry
124,anchore.io,anchore.io,DELETE,/subscriptions/{subscriptionId},delete_subscription
125,anchore.io,anchore.io,DELETE,/system/feeds/{feed},delete_feed
126,anchore.io,anchore.io,DELETE,/system/feeds/{feed}/{group},delete_feed_group
127,anchore.io,anchore.io,DELETE,/system/services/{servicename}/{hostid},delete_service
128,anchore.io,anchore.io,PUT,/accounts/{accountname}/state,update_account_state
129,anchore.io,anchore.io,PUT,/policies/{policyId},update_policy
130,anchore.io,anchore.io,PUT,/registries/{registry},update_registry
131,anchore.io,anchore.io,PUT,/subscriptions/{subscriptionId},update_subscription
132,anchore.io,anchore.io,PUT,/system/feeds/{feed},toggle_feed_enabled
133,anchore.io,anchore.io,PUT,/system/feeds/{feed}/{group},toggle_group_enabled
134,apache.org,apache.org:airflow,DELETE,/connections/{connection_id},delete_connection
135,apache.org,apache.org,DELETE,/dags/{dag_id},delete_dag
136,apache.org,apache.org,DELETE,/dags/{dag_id}/dagRuns/{dag_run_id},delete_dag_run
137,apache.org,apache.org:airflow,DELETE,/dags/{dag_id}/dagRuns/{dag_run_id},delete_dag_run
138,apache.org,apache.org,DELETE,/roles/{role_name},delete_role
139,apache.org,apache.org,DELETE,/users/{username},delete_user
140,apache.org,apache.org:airflow,DELETE,/users/{username},delete_user
141,apache.org,apache.org,PATCH,/connections/{connection_id},patch_connection
142,apache.org,apache.org:airflow,PATCH,/connections/{connection_id},patch_connection
143,apache.org,apache.org,PATCH,/dags,patch_dags
144,apache.org,apache.org,PATCH,/dags/{dag_id}/dagRuns/{dag_run_id},update_dag_run_state
145,apache.org,apache.org,PATCH,/dags/{dag_id}/dagRuns/{dag_run_id}/setNote,set_dag_run_note
146,apache.org,apache.org:airflow,PATCH,/dags/{dag_id}/dagRuns/{dag_run_id}/taskInstances/{task_id},patch_task_instance
147,apache.org,apache.org,PATCH,/dags/{dag_id}/dagRuns/{dag_run_id}/taskInstances/{task_id},patch_task_instance
148,apache.org,apache.org:airflow,PATCH,/dags/{dag_id}/dagRuns/{dag_run_id}/taskInstances/{task_id}/{map_index},patch_mapped_task_instance
149,apache.org,apache.org,PATCH,/dags/{dag_id}/dagRuns/{dag_run_id}/taskInstances/{task_id}/{map_index},patch_mapped_task_instance
150,apache.org,apache.org,PATCH,/dags/{dag_id}/dagRuns/{dag_run_id}/taskInstances/{task_id}/{map_index}/setNote,set_mapped_task_instance_note
151,apache.org,apache.org,PATCH,/pools/{pool_name},patch_pool
152,apache.org,apache.org:airflow,PATCH,/pools/{pool_name},patch_pool
153,apache.org,apache.org:airflow,PATCH,/roles/{role_name},patch_role
154,apache.org,apache.org,PATCH,/roles/{role_name},patch_role
155,apache.org,apache.org:airflow,PATCH,/variables/{variable_key},patch_variable
156,apacta.com,apacta.com,DELETE,/activities/{activity_id},
157,apacta.com,apacta.com,DELETE,/activities/bulkDelete,
158,apacta.com,apacta.com,DELETE,/clocking_records/{clocking_record_id},
159,apacta.com,apacta.com,DELETE,/companies_vendors/bulkDelete,bulkCompaniesVendors
160,apacta.com,apacta.com,DELETE,/companies/{company_id}/price_margins/{price_margins_id},
161,apacta.com,apacta.com,DELETE,/contacts/{contact_id}/contact_persons/{contact_person_id},
162,apacta.com,apacta.com,DELETE,/events/{event_id},
163,apacta.com,apacta.com,DELETE,/forms/{form_id},
164,apacta.com,apacta.com,DELETE,/invoices/{invoice_id}/files/{file_id},
165,apacta.com,apacta.com,DELETE,/products/{product_id}/variants/{variant_type}/{variant_id},
166,apacta.com,apacta.com,DELETE,/project_statuses/bulkDelete,
167,apacta.com,apacta.com,DELETE,/projects/{project_id},
168,apacta.com,apacta.com,DELETE,/projects/{project_id}/files/{file_id}/,
169,apacta.com,apacta.com,DELETE,/time_entries/{time_entry_id},
170,apacta.com,apacta.com,DELETE,/time_entry_types/bulkDelete,bulkDeleteTimeEntryTypes
171,apacta.com,apacta.com,DELETE,/users/{user_id},
172,apacta.com,apacta.com,PUT,/expenses/{expense_id},
173,apacta.com,apacta.com,PUT,/forms/{form_id},
174,apacta.com,apacta.com,PUT,/invoice_lines/{invoice_line_id},
175,apacta.com,apacta.com,PUT,/invoices/{invoice_id},
176,apacta.com,apacta.com,PUT,/offer_statuses/{offer_status_id},
177,apacta.com,apacta.com,PUT,/vendors/{vendor_id},editVendor
178,api.ebay.com,api.ebay.com:sell-account,DELETE,/fulfillment_policy/{fulfillmentPolicyId},deleteFulfillmentPolicy
179,api.ebay.com,api.ebay.com:sell-account,DELETE,/payment_policy/{payment_policy_id},deletePaymentPolicy
180,api.ebay.com,api.ebay.com:sell-account,DELETE,/return_policy/{return_policy_id},deleteReturnPolicy
181,api.ebay.com,api.ebay.com:sell-account,DELETE,/sales_tax/{countryCode}/{jurisdictionId},deleteSalesTax
182,api.ebay.com,api.ebay.com:sell-account,PUT,/custom_policy/{custom_policy_id},updateCustomPolicy
183,api.ebay.com,api.ebay.com:sell-account,PUT,/fulfillment_policy/{fulfillmentPolicyId},updateFulfillmentPolicy
184,api.ebay.com,api.ebay.com:sell-account,PUT,/payment_policy/{payment_policy_id},updatePaymentPolicy
185,api.ebay.com,api.ebay.com:sell-account,PUT,/sales_tax/{countryCode}/{jurisdictionId},createOrReplaceSalesTax
186,api.video,api.video,DELETE,/live-streams/{liveStreamId},DELETE_live-streams-liveStreamId
187,api.video,api.video,DELETE,/live-streams/{liveStreamId}/thumbnail,DELETE_live-streams-liveStreamId-thumbnail
188,api.video,api.video,DELETE,/players/{playerId},DELETE_players-playerId
189,api.video,api.video,DELETE,/players/{playerId}/logo,DELETE_players-playerId-logo
190,api.video,api.video,DELETE,/upload-tokens/{uploadToken},DELETE_upload-tokens-uploadToken
191,api.video,api.video,DELETE,/videos/{videoId},DELETE-video
192,api.video,api.video,DELETE,/videos/{videoId}/captions/{language},DELETE_videos-videoId-captions-language
193,api.video,api.video,DELETE,/videos/{videoId}/chapters/{language},DELETE_videos-videoId-chapters-language
194,api.video,api.video,DELETE,/webhooks/{webhookId},DELETE-webhook
195,api.video,api.video,PATCH,/live-streams/{liveStreamId},PATCH_live-streams-liveStreamId
196,api.video,api.video,PATCH,/players/{playerId},PATCH_players-playerId
197,api.video,api.video,PATCH,/videos/{videoId},PATCH-video
198,api.video,api.video,PATCH,/videos/{videoId}/captions/{language},PATCH_videos-videoId-captions-language
199,api.video,api.video,PATCH,/videos/{videoId}/thumbnail,PATCH_videos-videoId-thumbnail
200,api2cart.com,api2cart.com,DELETE,/basket.live_shipping_service.delete.json,BasketLiveShippingServiceDelete
201,api2cart.com,api2cart.com,DELETE,/cart.coupon.delete.json,CartCouponDelete
202,api2cart.com,api2cart.com,DELETE,/cart.meta_data.unset.json,CartMetaDataUnset
203,api2cart.com,api2cart.com,DELETE,/cart.script.delete.json,CartScriptDelete
204,api2cart.com,api2cart.com,DELETE,/category.image.delete.json,CategoryImageDelete
205,api2cart.com,api2cart.com,DELETE,/order.shipment.delete.json,OrderShipmentDelete
206,api2cart.com,api2cart.com,DELETE,/product.delete.json,ProductDelete
207,api2cart.com,api2cart.com,DELETE,/product.price.delete.json,ProductPriceDelete
208,api2cart.com,api2cart.com,DELETE,/product.variant.image.delete.json,ProductVariantImageDelete
209,api2cart.com,api2cart.com,DELETE,/product.variant.price.delete.json,ProductVariantPriceDelete
210,api2cart.com,api2cart.com,DELETE,/webhook.delete.json,WebhookDelete
211,api2cart.com,api2cart.com,PUT,/account.config.update.json,AccountConfigUpdate
212,api2cart.com,api2cart.com,PUT,/category.update.json,CategoryUpdate
213,api2cart.com,api2cart.com,PUT,/customer.update.json,CustomerUpdate
214,api2cart.com,api2cart.com,PUT,/order.shipment.update.json,OrderShipmentUpdate
215,api2cart.com,api2cart.com,PUT,/order.update.json,OrderUpdate
216,api2cart.com,api2cart.com,PUT,/product.option.value.update.json,ProductOptionValueUpdate
217,api2cart.com,api2cart.com,PUT,/product.price.update.json,ProductPriceUpdate
218,api2cart.com,api2cart.com,PUT,/product.update.json,ProductUpdate
219,api2cart.com,api2cart.com,PUT,/product.variant.price.update.json,ProductVariantPriceUpdate
220,api2cart.com,api2cart.com,PUT,/product.variant.update.json,ProductVariantUpdate
221,api2cart.com,api2cart.com,PUT,/webhook.update.json,WebhookUpdate
222,apicurio.local,apicurio.local:registry,DELETE,/admin/config/properties/{propertyName},resetConfigProperty
223,apicurio.local,apicurio.local:registry,DELETE,/admin/loggers/{logger},removeLogConfiguration
224,apicurio.local,apicurio.local:registry,DELETE,/admin/rules,deleteAllGlobalRules
225,apicurio.local,apicurio.local:registry,DELETE,/admin/rules/{rule},deleteGlobalRule
226,apicurio.local,apicurio.local:registry,DELETE,/groups/{groupId},deleteGroupById
227,apicurio.local,apicurio.local:registry,DELETE,/groups/{groupId}/artifacts,deleteArtifactsInGroup
228,apicurio.local,apicurio.local:registry,DELETE,/groups/{groupId}/artifacts/{artifactId},deleteArtifact
229,apicurio.local,apicurio.local:registry,DELETE,/groups/{groupId}/artifacts/{artifactId}/rules,deleteArtifactRules
230,apicurio.local,apicurio.local:registry,DELETE,/groups/{groupId}/artifacts/{artifactId}/rules/{rule},deleteArtifactRule
231,apicurio.local,apicurio.local:registry,DELETE,/groups/{groupId}/artifacts/{artifactId}/versions/{version}/meta,deleteArtifactVersionMetaData
232,apicurio.local,apicurio.local:registry,PUT,/admin/config/properties/{propertyName},updateConfigProperty
233,apicurio.local,apicurio.local:registry,PUT,/admin/loggers/{logger},setLogConfiguration
234,apicurio.local,apicurio.local:registry,PUT,/admin/roleMappings/{principalId},updateRoleMapping
235,apicurio.local,apicurio.local:registry,PUT,/admin/rules/{rule},updateGlobalRuleConfig
236,apicurio.local,apicurio.local:registry,PUT,/groups/{groupId}/artifacts/{artifactId},updateArtifact
237,apicurio.local,apicurio.local:registry,PUT,/groups/{groupId}/artifacts/{artifactId}/meta,updateArtifactMetaData
238,apicurio.local,apicurio.local:registry,PUT,/groups/{groupId}/artifacts/{artifactId}/owner,updateArtifactOwner
239,apicurio.local,apicurio.local:registry,PUT,/groups/{groupId}/artifacts/{artifactId}/rules/{rule},updateArtifactRuleConfig
240,apicurio.local,apicurio.local:registry,PUT,/groups/{groupId}/artifacts/{artifactId}/state,updateArtifactState
241,apicurio.local,apicurio.local:registry,PUT,/groups/{groupId}/artifacts/{artifactId}/test,testUpdateArtifact
242,apicurio.local,apicurio.local:registry,PUT,/groups/{groupId}/artifacts/{artifactId}/versions/{version}/meta,updateArtifactVersionMetaData
243,apicurio.local,apicurio.local:registry,PUT,/groups/{groupId}/artifacts/{artifactId}/versions/{version}/state,updateArtifactVersionState
244,apidapp.com,apidapp.com,DELETE,/key/{key},
245,apideck.com,apideck.com:accounting,DELETE,/accounting/invoices/{id},invoicesDelete
246,apideck.com,apideck.com:accounting,DELETE,/accounting/payments/{id},paymentsDelete
247,apideck.com,apideck.com:crm,DELETE,/crm/activities/{id},activitiesDelete
248,apideck.com,apideck.com:crm,DELETE,/crm/leads/{id},leadsDelete
249,apideck.com,apideck.com:customer-support,DELETE,/customer-support/customers/{id},customersDelete
250,apideck.com,apideck.com:file-storage,DELETE,/file-storage/drive-groups/{id},driveGroupsDelete
251,apideck.com,apideck.com:hris,DELETE,/hris/departments/{id},departmentsDelete
252,apideck.com,apideck.com:hris,DELETE,/hris/employees/{id},employeesDelete
253,apideck.com,apideck.com:issue-tracking,DELETE,/issue-tracking/collections/{collection_id}/tickets/{ticket_id},collectionTicketsDelete
254,apideck.com,apideck.com:lead,DELETE,/lead/leads/{id},leadsDelete
255,apideck.com,apideck.com:pos,DELETE,/pos/merchants/{id},merchantsDelete
256,apideck.com,apideck.com:accounting,PATCH,/accounting/bills/{id},billsUpdate
257,apideck.com,apideck.com:accounting,PATCH,/accounting/journal-entries/{id},journalEntriesUpdate
258,apideck.com,apideck.com:accounting,PATCH,/accounting/payments/{id},paymentsUpdate
259,apideck.com,apideck.com:crm,PATCH,/crm/leads/{id},leadsUpdate
260,apideck.com,apideck.com:crm,PATCH,/crm/pipelines/{id},pipelinesUpdate
261,apideck.com,apideck.com:file-storage,PATCH,/file-storage/shared-links/{id},sharedLinksUpdate
262,apideck.com,apideck.com:hris,PATCH,/hris/time-off-requests/{id},timeOffRequestsUpdate
263,apideck.com,apideck.com:pos,PATCH,/pos/locations/{id},locationsUpdate
264,apideck.com,apideck.com:pos,PATCH,/pos/order-types/{id},orderTypesUpdate
265,apideck.com,apideck.com:pos,PATCH,/pos/orders/{id},ordersUpdate
266,apideck.com,apideck.com:vault,PATCH,/vault/connections/{unified_api}/{service_id}/{resource}/config,connectionSettingsUpdate
267,apigee.local,apigee.local:registry,DELETE,/v1/projects/{project}/locations/{location}/apis/{api},Registry_DeleteApi
268,apigee.local,apigee.local:registry,DELETE,/v1/projects/{project}/locations/{location}/apis/{api}/deployments/{deployment},Registry_DeleteApiDeployment
269,apigee.local,apigee.local:registry,DELETE,/v1/projects/{project}/locations/{location}/apis/{api}/deployments/{deployment}:deleteRevision,Registry_DeleteApiDeploymentRevision
270,apigee.local,apigee.local:registry,DELETE,/v1/projects/{project}/locations/{location}/apis/{api}/versions/{version},Registry_DeleteApiVersion
271,apigee.local,apigee.local:registry,DELETE,/v1/projects/{project}/locations/{location}/apis/{api}/versions/{version}/specs/{spec},Registry_DeleteApiSpec
272,apigee.local,apigee.local:registry,DELETE,/v1/projects/{project}/locations/{location}/apis/{api}/versions/{version}/specs/{spec}:deleteRevision,Registry_DeleteApiSpecRevision
273,apigee.local,apigee.local:registry,DELETE,/v1/projects/{project}/locations/{location}/artifacts/{artifact},Registry_DeleteArtifact
274,apigee.local,apigee.local:registry,PATCH,/v1/projects/{project}/locations/{location}/apis/{api},Registry_UpdateApi
275,apigee.local,apigee.local:registry,PATCH,/v1/projects/{project}/locations/{location}/apis/{api}/deployments/{deployment},Registry_UpdateApiDeployment
276,apigee.local,apigee.local:registry,PATCH,/v1/projects/{project}/locations/{location}/apis/{api}/versions/{version},Registry_UpdateApiVersion
277,apigee.local,apigee.local:registry,PATCH,/v1/projects/{project}/locations/{location}/apis/{api}/versions/{version}/specs/{spec},Registry_UpdateApiSpec
278,apigee.local,apigee.local:registry,PUT,/v1/projects/{project}/locations/{location}/artifacts/{artifact},Registry_ReplaceArtifact
279,apispot.io,apispot.io:whois,DELETE,/batch/{id},deleteBatch
280,appcenter.ms,appcenter.ms,DELETE,/v0.1/apps/{owner_name}/{app_name}/branches/{branch}/config,branchConfigurations_delete
281,appcenter.ms,appcenter.ms,DELETE,/v0.1/apps/{owner_name}/{app_name}/distribution_groups/{distribution_group_name}/releases/{release_id},releases_deleteWithDistributionGroupId
282,appcenter.ms,appcenter.ms,DELETE,/v0.1/apps/{owner_name}/{app_name}/errors/errorGroups/{errorGroupId}/errors/{errorId},Errors_DeleteError
283,appcenter.ms,appcenter.ms,DELETE,/v0.1/apps/{owner_name}/{app_name}/invitations/{user_email},appInvitations_delete
284,appcenter.ms,appcenter.ms,DELETE,/v0.1/apps/{owner_name}/{app_name}/owner/device_sets/{id},test_deleteDeviceSetOfOwner
285,appcenter.ms,appcenter.ms,DELETE,/v0.1/apps/{owner_name}/{app_name}/releases/{release_id},releases_delete
286,appcenter.ms,appcenter.ms,DELETE,/v0.1/apps/{owner_name}/{app_name}/releases/{release_id}/groups/{group_id},releases_deleteDistributionGroup
287,appcenter.ms,appcenter.ms,DELETE,/v0.1/apps/{owner_name}/{app_name}/test_series/{test_series_slug},test_deleteTestSeries
288,appcenter.ms,appcenter.ms,DELETE,/v0.1/orgs/{org_name}/avatar,organization_deleteAvatar
289,appcenter.ms,appcenter.ms,DELETE,/v0.1/orgs/{org_name}/teams/{team_name},teams_delete
290,appcenter.ms,appcenter.ms,DELETE,/v0.1/orgs/{org_name}/users/{user_name},users_removeFromOrg
291,appcenter.ms,appcenter.ms,PATCH,/v0.1/apps/{owner_name}/{app_name}/builds/{build_id},builds_update
292,appcenter.ms,appcenter.ms,PATCH,/v0.1/apps/{owner_name}/{app_name}/distribution_groups/{distribution_group_name},distributionGroups_update
293,appcenter.ms,appcenter.ms,PATCH,/v0.1/apps/{owner_name}/{app_name}/errors/errorGroups/{errorGroupId},Errors_UpdateState
294,appcenter.ms,appcenter.ms,PATCH,/v0.1/apps/{owner_name}/{app_name}/export_configurations/{export_configuration_id},ExportConfigurations_PartialUpdate
295,appcenter.ms,appcenter.ms,PATCH,/v0.1/apps/{owner_name}/{app_name}/test_series/{test_series_slug},test_patchTestSeries
296,appcenter.ms,appcenter.ms,PATCH,/v0.1/apps/{owner_name}/{app_name}/uploads/releases/{upload_id},releases_updateReleaseUploadStatus
297,appcenter.ms,appcenter.ms,PATCH,/v0.1/apps/{owner_name}/{app_name}/users/{user_email},apps_updateUserPermissions
298,appcenter.ms,appcenter.ms,PATCH,/v0.1/orgs/{org_name}/distribution_groups/{distribution_group_name},distributionGroups_patchForOrg
299,appcenter.ms,appcenter.ms,PATCH,/v0.1/orgs/{org_name}/users/{user_name},users_updateOrgRole
300,appcenter.ms,appcenter.ms,PUT,/v0.1/apps/{owner_name}/{app_name}/owner/device_sets/{id},test_updateDeviceSetOfOwner
301,appcenter.ms,appcenter.ms,PUT,/v0.1/apps/{owner_name}/{app_name}/releases/{release_id}/testers/{tester_id},releases_putDistributionTester
302,apple.com,apple.com:app-store-connect,DELETE,/v1/appInfoLocalizations/{id},appInfoLocalizations-delete_instance
303,apple.com,apple.com:app-store-connect,DELETE,/v1/appScreenshotSets/{id},appScreenshotSets-delete_instance
304,apple.com,apple.com:app-store-connect,DELETE,/v1/appStoreVersionSubmissions/{id},appStoreVersionSubmissions-delete_instance
305,apple.com,apple.com:app-store-connect,DELETE,/v1/betaAppLocalizations/{id},betaAppLocalizations-delete_instance
306,apple.com,apple.com:app-store-connect,DELETE,/v1/betaBuildLocalizations/{id},betaBuildLocalizations-delete_instance
307,apple.com,apple.com:app-store-connect,DELETE,/v1/betaGroups/{id}/relationships/betaTesters,betaGroups-betaTesters-delete_to_many_relationship
308,apple.com,apple.com:app-store-connect,DELETE,/v1/betaGroups/{id}/relationships/builds,betaGroups-builds-delete_to_many_relationship
309,apple.com,apple.com:app-store-connect,DELETE,/v1/betaTesters/{id}/relationships/apps,betaTesters-apps-delete_to_many_relationship
310,apple.com,apple.com:app-store-connect,DELETE,/v1/builds/{id}/relationships/betaGroups,builds-betaGroups-delete_to_many_relationship
311,apple.com,apple.com:app-store-connect,DELETE,/v1/bundleIdCapabilities/{id},bundleIdCapabilities-delete_instance
312,apple.com,apple.com:app-store-connect,DELETE,/v1/bundleIds/{id},bundleIds-delete_instance
313,apple.com,apple.com:app-store-connect,DELETE,/v1/endUserLicenseAgreements/{id},endUserLicenseAgreements-delete_instance
314,apple.com,apple.com:app-store-connect,DELETE,/v1/gameCenterEnabledVersions/{id}/relationships/compatibleVersions,gameCenterEnabledVersions-compatibleVersions-delete_to_many_relationship
315,apple.com,apple.com:app-store-connect,DELETE,/v1/userInvitations/{id},userInvitations-delete_instance
316,apple.com,apple.com:app-store-connect,DELETE,/v1/users/{id},users-delete_instance
317,apple.com,apple.com:app-store-connect,PATCH,/v1/appStoreReviewDetails/{id},appStoreReviewDetails-update_instance
318,apple.com,apple.com:app-store-connect,PATCH,/v1/appStoreVersions/{id},appStoreVersions-update_instance
319,apple.com,apple.com:app-store-connect,PATCH,/v1/betaAppReviewDetails/{id},betaAppReviewDetails-update_instance
320,apple.com,apple.com:app-store-connect,PATCH,/v1/builds/{id}/relationships/appEncryptionDeclaration,builds-appEncryptionDeclaration-update_to_one_relationship
321,apple.com,apple.com:app-store-connect,PATCH,/v1/endUserLicenseAgreements/{id},endUserLicenseAgreements-update_instance
322,apple.com,apple.com:app-store-connect,PATCH,/v1/routingAppCoverages/{id},routingAppCoverages-update_instance
323,apple.com,apple.com:app-store-connect,PATCH,/v1/users/{id},users-update_instance
324,appveyor.com,appveyor.com,DELETE,/builds/{accountName}/{projectSlug}/{buildVersion},cancelBuild
325,appveyor.com,appveyor.com,DELETE,/collaborators/{userId},deleteCollaborator
326,appveyor.com,appveyor.com,DELETE,/environments/{deploymentEnvironmentId},deleteEnvironment
327,appveyor.com,appveyor.com,DELETE,/projects/{accountName}/{projectSlug},deleteProject
328,appveyor.com,appveyor.com,DELETE,/projects/{accountName}/{projectSlug}/buildcache,deleteProjectBuildCache
329,appveyor.com,appveyor.com,DELETE,/roles/{roleId},deleteRole
330,appveyor.com,appveyor.com,DELETE,/users/{userId},deleteUser
331,appveyor.com,appveyor.com,PUT,/builds,reRunBuild
332,appveyor.com,appveyor.com,PUT,/collaborators,updateCollaborator
333,appveyor.com,appveyor.com,PUT,/deployments/stop,cancelDeployment
334,appveyor.com,appveyor.com,PUT,/environments,updateEnvironment
335,appveyor.com,appveyor.com,PUT,/projects,updateProject
336,appveyor.com,appveyor.com,PUT,/projects/{accountName}/{projectSlug}/settings/build-number,updateProjectBuildNumber
337,appveyor.com,appveyor.com,PUT,/projects/{accountName}/{projectSlug}/settings/environment-variables,updateProjectEnvironmentVariables
338,appveyor.com,appveyor.com,PUT,/projects/{accountName}/{projectSlug}/settings/yaml,updateProjectSettingsYaml
339,appveyor.com,appveyor.com,PUT,/roles,updateRole
340,appveyor.com,appveyor.com,PUT,/user/join-account,joinAccount
341,appveyor.com,appveyor.com,PUT,/users,updateUser
342,appwrite.io,appwrite.io:client,DELETE,/account,accountDelete
343,appwrite.io,appwrite.io:client,DELETE,/account/sessions/{sessionId},accountDeleteSession
344,appwrite.io,appwrite.io:server,DELETE,/database/collections/{collectionId}/documents/{documentId},databaseDeleteDocument
345,appwrite.io,appwrite.io:client,DELETE,/database/collections/{collectionId}/documents/{documentId},databaseDeleteDocument
346,appwrite.io,appwrite.io:server,DELETE,/functions/{functionId},functionsDelete
347,appwrite.io,appwrite.io:client,DELETE,/storage/files/{fileId},storageDeleteFile
348,appwrite.io,appwrite.io:server,DELETE,/teams/{teamId},teamsDelete
349,appwrite.io,appwrite.io:client,DELETE,/teams/{teamId}/memberships/{membershipId},teamsDeleteMembership
350,appwrite.io,appwrite.io:server,PATCH,/account/email,accountUpdateEmail
351,appwrite.io,appwrite.io:client,PATCH,/account/name,accountUpdateName
352,appwrite.io,appwrite.io:server,PATCH,/account/name,accountUpdateName
353,appwrite.io,appwrite.io:server,PATCH,/account/prefs,accountUpdatePrefs
354,appwrite.io,appwrite.io:client,PATCH,/database/collections/{collectionId}/documents/{documentId},databaseUpdateDocument
355,appwrite.io,appwrite.io:client,PATCH,/teams/{teamId}/memberships/{membershipId},teamsUpdateMembershipRoles
356,appwrite.io,appwrite.io:server,PATCH,/users/{userId}/prefs,usersUpdatePrefs
357,appwrite.io,appwrite.io:server,PATCH,/users/{userId}/status,usersUpdateStatus
358,appwrite.io,appwrite.io:client,PUT,/account/recovery,accountUpdateRecovery
359,appwrite.io,appwrite.io:server,PUT,/account/recovery,accountUpdateRecovery
360,appwrite.io,appwrite.io:client,PUT,/account/verification,accountUpdateVerification
361,appwrite.io,appwrite.io:server,PUT,/functions/{functionId},functionsUpdate
362,appwrite.io,appwrite.io:client,PUT,/storage/files/{fileId},storageUpdateFile
363,appwrite.io,appwrite.io:server,PUT,/storage/files/{fileId},storageUpdateFile
364,asana.com,asana.com,DELETE,/attachments/{attachment_gid},deleteAttachment
365,asana.com,asana.com,DELETE,/custom_fields/{custom_field_gid},deleteCustomField
366,asana.com,asana.com,DELETE,/goals/{goal_gid},deleteGoal
367,asana.com,asana.com,DELETE,/portfolios/{portfolio_gid},deletePortfolio
368,asana.com,asana.com,DELETE,/project_briefs/{project_brief_gid},deleteProjectBrief
369,asana.com,asana.com,DELETE,/project_statuses/{project_status_gid},deleteProjectStatus
370,asana.com,asana.com,DELETE,/sections/{section_gid},deleteSection
371,asana.com,asana.com,DELETE,/status_updates/{status_gid},deleteStatus
372,asana.com,asana.com,DELETE,/stories/{story_gid},deleteStory
373,asana.com,asana.com,DELETE,/tags/{tag_gid},deleteTag
374,asana.com,asana.com,DELETE,/tasks/{task_gid},deleteTask
375,asana.com,asana.com,PUT,/custom_fields/{custom_field_gid},updateCustomField
376,asana.com,asana.com,PUT,/enum_options/{enum_option_gid},updateEnumOption
377,asana.com,asana.com,PUT,/goal_relationships/{goal_relationship_gid},updateGoalRelationship
378,asana.com,asana.com,PUT,/goals/{goal_gid},updateGoal
379,asana.com,asana.com,PUT,/portfolios/{portfolio_gid},updatePortfolio
380,asana.com,asana.com,PUT,/project_briefs/{project_brief_gid},updateProjectBrief
381,asana.com,asana.com,PUT,/projects/{project_gid},updateProject
382,asana.com,asana.com,PUT,/sections/{section_gid},updateSection
383,asana.com,asana.com,PUT,/tasks/{task_gid},updateTask
384,asana.com,asana.com,PUT,/teams,updateTeam
385,asana.com,asana.com,PUT,/workspaces/{workspace_gid},updateWorkspace
386,atlassian.com,atlassian.com:jira,DELETE,/rest/api/3/attachment/{id},removeAttachment
387,atlassian.com,atlassian.com:jira,DELETE,/rest/api/3/field/{id},deleteCustomField
388,atlassian.com,atlassian.com:jira,DELETE,/rest/api/3/issue/{issueIdOrKey}/properties/{propertyKey},deleteIssueProperty
389,atlassian.com,atlassian.com:jira,DELETE,/rest/api/3/issue/{issueIdOrKey}/remotelink,deleteRemoteIssueLinkByGlobalId
390,atlassian.com,atlassian.com:jira,DELETE,/rest/api/3/issuetypescheme/{issueTypeSchemeId}/issuetype/{issueTypeId},removeIssueTypeFromIssueTypeScheme
391,atlassian.com,atlassian.com:jira,DELETE,/rest/api/3/mypreferences,removePreference
392,atlassian.com,atlassian.com:jira,DELETE,/rest/api/3/notificationscheme/{notificationSchemeId}/notification/{notificationId},removeNotificationFromNotificationScheme
393,atlassian.com,atlassian.com:jira,DELETE,/rest/api/3/permissionscheme/{schemeId},deletePermissionScheme
394,atlassian.com,atlassian.com:jira,DELETE,/rest/api/3/resolution/{id},deleteResolution
395,atlassian.com,atlassian.com:jira,DELETE,/rest/api/3/role/{id},deleteProjectRole
396,atlassian.com,atlassian.com:jira,DELETE,/rest/api/3/workflowscheme/{id}/draft/workflow,deleteDraftWorkflowMapping
397,atlassian.com,atlassian.com:jira,PUT,/rest/api/3/app/field/{fieldIdOrKey}/value,updateCustomFieldValue
398,atlassian.com,atlassian.com:jira,PUT,/rest/api/3/field/{fieldId},updateCustomField
399,atlassian.com,atlassian.com:jira,PUT,/rest/api/3/issuetypescreenscheme/project,assignIssueTypeScreenSchemeToProject
400,atlassian.com,atlassian.com:jira,PUT,/rest/api/3/mypreferences/locale,setLocale
401,atlassian.com,atlassian.com:jira,PUT,/rest/api/3/priority/{id},updatePriority
402,atlassian.com,atlassian.com:jira,PUT,/rest/api/3/project/{projectKeyOrId}/permissionscheme,assignPermissionScheme
403,atlassian.com,atlassian.com:jira,PUT,/rest/api/3/resolution/move,moveResolutions
404,atlassian.com,atlassian.com:jira,PUT,/rest/api/3/user/properties/{propertyKey},setUserProperty
405,atlassian.com,atlassian.com:jira,PUT,/rest/api/3/version/{id},updateVersion
406,atlassian.com,atlassian.com:jira,PUT,/rest/api/3/version/{id}/mergeto/{moveIssuesTo},mergeVersions
407,atlassian.com,atlassian.com:jira,PUT,/rest/api/3/workflowscheme/{id}/workflow,updateWorkflowMapping
408,ato.gov.au,ato.gov.au,DELETE,/individuals/{partyId},
409,ato.gov.au,ato.gov.au,DELETE,/individuals/{partyId}/addresses/{addressId},
410,ato.gov.au,ato.gov.au,DELETE,/individuals/{partyId}/business-names/{productId},
411,ato.gov.au,ato.gov.au,DELETE,/individuals/{partyId}/electronic-addresses/{addressId},
412,ato.gov.au,ato.gov.au,DELETE,/individuals/{partyId}/licenses/{productId},
413,ato.gov.au,ato.gov.au,DELETE,/individuals/{partyId}/roles/{roleId},
414,ato.gov.au,ato.gov.au,DELETE,/organisations/{partyId},
415,ato.gov.au,ato.gov.au,DELETE,/organisations/{partyId}/business-names/{productId},
416,ato.gov.au,ato.gov.au,DELETE,/organisations/{partyId}/licenses/{productId},
417,ato.gov.au,ato.gov.au,DELETE,/organisations/{partyId}/roles/{roleId},
418,ato.gov.au,ato.gov.au,PUT,/individuals/{partyId},
419,ato.gov.au,ato.gov.au,PUT,/individuals/{partyId}/addresses/{addressId},
420,ato.gov.au,ato.gov.au,PUT,/individuals/{partyId}/business-names/{productId},
421,ato.gov.au,ato.gov.au,PUT,/individuals/{partyId}/electronic-addresses/{addressId},
422,ato.gov.au,ato.gov.au,PUT,/individuals/{partyId}/licenses/{productId},
423,ato.gov.au,ato.gov.au,PUT,/individuals/{partyId}/roles/{roleId},
424,ato.gov.au,ato.gov.au,PUT,/organisations/{partyId},
425,ato.gov.au,ato.gov.au,PUT,/organisations/{partyId}/addresses/{addressId},
426,ato.gov.au,ato.gov.au,PUT,/organisations/{partyId}/business-names/{productId},
427,ato.gov.au,ato.gov.au,PUT,/organisations/{partyId}/electronic-addresses/{addressId},
428,ato.gov.au,ato.gov.au,PUT,/organisations/{partyId}/licenses/{productId},
429,ato.gov.au,ato.gov.au,PUT,/organisations/{partyId}/roles/{roleId},
430,authentiq.io,authentiq.io,DELETE,/client/{client_id},clientClient_id
431,authentiq.io,authentiq.io,PUT,/client/{client_id},updateClient
432,autodealerdata.com,autodealerdata.com,PUT,/revokeSubUserKey,revokeSubUserKey_revokeSubUserKey_put
433,autotask.net,autotask.net,DELETE,/V1.0/ConfigurationItemWebhooks/{parentId}/ExcludedResources/{id},ConfigurationItemWebhookExcludedResourcesChild_DeleteEntity
434,autotask.net,autotask.net,DELETE,/V1.0/ContactWebhooks/{parentId}/ExcludedResources/{id},ContactWebhookExcludedResourcesChild_DeleteEntity
435,autotask.net,autotask.net,DELETE,/V1.0/ContractNotes/{parentId}/Attachments/{id},ContractNoteAttachmentsChild_DeleteEntity
436,autotask.net,autotask.net,DELETE,/V1.0/Contracts/{parentId}/ExclusionBillingCodes/{id},ContractExclusionBillingCodesChild_DeleteEntity
437,autotask.net,autotask.net,DELETE,/V1.0/DocumentCategories/{id},DocumentCategories_DeleteEntity
438,autotask.net,autotask.net,DELETE,/V1.0/HolidaySets/{id},HolidaySets_DeleteEntity
439,autotask.net,autotask.net,DELETE,/V1.0/ServiceBundles/{id},ServiceBundles_DeleteEntity
440,autotask.net,autotask.net,DELETE,/V1.0/Tasks/{parentId}/Attachments/{id},TaskAttachmentsChild_DeleteEntity
441,autotask.net,autotask.net,PATCH,/V1.0/Contracts/{parentId}/BillingRules,ContractBillingRulesChild_PatchEntity
442,autotask.net,autotask.net,PATCH,/V1.0/Contracts/{parentId}/Services,ContractServicesChild_PatchEntity
443,autotask.net,autotask.net,PATCH,/V1.0/PriceListServiceBundles,PriceListServiceBundles_PatchEntity
444,autotask.net,autotask.net,PATCH,/V1.0/Projects/{parentId}/Phases,PhasesChild_PatchEntity
445,autotask.net,autotask.net,PATCH,/V1.0/UserDefinedFieldDefinitions,UserDefinedFieldDefinitions_PatchEntity
446,autotask.net,autotask.net,PUT,/V1.0/Appointments,Appointments_UpdateEntity
447,autotask.net,autotask.net,PUT,/V1.0/ConfigurationItemTypes,ConfigurationItemTypes_UpdateEntity
448,autotask.net,autotask.net,PUT,/V1.0/Contracts/{parentId}/Notes,ContractNotesChild_UpdateEntity
449,autotask.net,autotask.net,PUT,/V1.0/DocumentCategories,DocumentCategories_UpdateEntity
450,autotask.net,autotask.net,PUT,/V1.0/InventoryLocations,InventoryLocations_UpdateEntity
451,autotask.net,autotask.net,PUT,/V1.0/PriceListRoles,PriceListRoles_UpdateEntity
452,autotask.net,autotask.net,PUT,/V1.0/Products/{parentId}/Vendors,ProductVendorsChild_UpdateEntity
453,autotask.net,autotask.net,PUT,/V1.0/Tasks/{parentId}/Notes,TaskNotesChild_UpdateEntity
454,autotask.net,autotask.net,PUT,/V1.0/Tickets/{parentId}/Charges,TicketChargesChild_UpdateEntity
455,avaza.com,avaza.com,DELETE,/api/Expense,Expense_Delete
456,avaza.com,avaza.com,DELETE,/api/Section,Section_Delete
457,avaza.com,avaza.com,DELETE,/api/Task,Task_Delete
458,avaza.com,avaza.com,DELETE,/api/Timesheet/{id},Timesheet_Delete
459,avaza.com,avaza.com,DELETE,/api/TimesheetTimer/{id},TimesheetTimer_StopTimer
460,avaza.com,avaza.com,DELETE,/api/Webhook,Webhook_DeleteByUrl
461,avaza.com,avaza.com,DELETE,/api/Webhook/{id},Webhook_Delete
462,avaza.com,avaza.com,PUT,/api/Company,Company_Put
463,avaza.com,avaza.com,PUT,/api/Expense,Expense_Put
464,avaza.com,avaza.com,PUT,/api/Project,Project_Put
465,avaza.com,avaza.com,PUT,/api/ProjectMember,ProjectMember_Put
466,avaza.com,avaza.com,PUT,/api/Task,Task_Put
467,avaza.com,avaza.com,PUT,/api/Timesheet,Timesheet_Put
468,avaza.com,avaza.com,PUT,/ScheduleSeries/EditBooking,ScheduleSeries_EditBooking
469,avaza.com,avaza.com,PUT,/ScheduleSeries/EditLeave,ScheduleSeries_EditLeave
470,azure.com,azure.com:cognitiveservices-Personalizer,DELETE,/configurations/policy,Policy_Reset
471,azure.com,azure.com:keyvault,DELETE,/storage/{storage-account-name}/sas/{sas-definition-name},DeleteSasDefinition
472,azure.com,azure.com:datafactory,DELETE,/subscriptions/{subscriptionId}/resourceGroups/{resourceGroupName}/providers/Microsoft.DataFactory/factories/{factoryName}/linkedservices/{linkedServiceName},LinkedServices_Delete
473,azure.com,azure.com:cosmos-db-privateEndpointConnection,DELETE,/subscriptions/{subscriptionId}/resourceGroups/{resourceGroupName}/providers/Microsoft.DocumentDB/databaseAccounts/{accountName}/privateEndpointConnections/{privateEndpointConnectionName},PrivateEndpointConnections_Delete
474,azure.com,azure.com:hardwaresecuritymodules-dedicatedhsm,DELETE,/subscriptions/{subscriptionId}/resourceGroups/{resourceGroupName}/providers/Microsoft.HardwareSecurityModules/dedicatedHSMs/{name},DedicatedHsm_Delete
475,azure.com,azure.com:mediaservices-media,DELETE,/subscriptions/{subscriptionId}/resourceGroups/{resourceGroupName}/providers/Microsoft.Media/mediaservices/{mediaServiceName},MediaService_Delete
476,azure.com,azure.com:privatedns,DELETE,/subscriptions/{subscriptionId}/resourceGroups/{resourceGroupName}/providers/Microsoft.Network/privateDnsZones/{privateZoneName}/{recordType}/{relativeRecordSetName},RecordSets_Delete
477,azure.com,azure.com:sql-failoverGroups,DELETE,/subscriptions/{subscriptionId}/resourceGroups/{resourceGroupName}/providers/Microsoft.Sql/servers/{serverName}/failoverGroups/{failoverGroupName},FailoverGroups_Delete
478,azure.com,azure.com:storagesync,DELETE,/subscriptions/{subscriptionId}/resourceGroups/{resourceGroupName}/providers/Microsoft.StorageSync/storageSyncServices/{storageSyncServiceName}/syncGroups/{syncGroupName}/serverEndpoints/{serverEndpointName},ServerEndpoints_Delete
479,azure.com,azure.com:web-service,DELETE,/subscriptions/{subscriptionId}/resourceGroups/{resourceGroupName}/providers/Microsoft.Web/csrs/{name},Certificates_DeleteCsr
480,azure.com,azure.com:applicationinsights-workbookTemplates_API,PATCH,/subscriptions/{subscriptionId}/resourceGroup/{resourceGroupName}/providers/microsoft.insights/workbooktemplates/{resourceName},WorkbookTemplates_Update
481,azure.com,azure.com:iotcentral,PATCH,/subscriptions/{subscriptionId}/resourceGroups/{resourceGroupName}/providers/Microsoft.IoTCentral/IoTApps/{resourceName},Apps_Update
482,azure.com,azure.com:mediaservices-streamingservice,PATCH,/subscriptions/{subscriptionId}/resourceGroups/{resourceGroupName}/providers/Microsoft.Media/mediaservices/{accountName}/liveEvents/{liveEventName},LiveEvents_Update
483,azure.com,azure.com:network-routeFilter,PATCH,/subscriptions/{subscriptionId}/resourceGroups/{resourceGroupName}/providers/Microsoft.Network/routeFilters/{routeFilterName}/routeFilterRules/{ruleName},RouteFilterRules_Update
484,azure.com,azure.com:sql-instancePools,PATCH,/subscriptions/{subscriptionId}/resourceGroups/{resourceGroupName}/providers/Microsoft.Sql/instancePools/{instancePoolName},InstancePools_Update
485,azure.com,azure.com:apimanagement-apimapis,PUT,/subscriptions/{subscriptionId}/resourceGroups/{resourceGroupName}/providers/Microsoft.ApiManagement/service/{serviceName}/apis/{apiId}/operations/{operationId}/policies/{policyId},ApiOperationPolicy_CreateOrUpdate
486,azure.com,azure.com:apimanagement-apimpolicies,PUT,/subscriptions/{subscriptionId}/resourceGroups/{resourceGroupName}/providers/Microsoft.ApiManagement/service/{serviceName}/policies/{policyId},Policy_CreateOrUpdate
487,azure.com,azure.com:iothub,PUT,/subscriptions/{subscriptionId}/resourceGroups/{resourceGroupName}/providers/Microsoft.Devices/IotHubs/{resourceName},IotHubResource_CreateOrUpdate
488,azure.com,azure.com:devtestlabs-DTL,PUT,/subscriptions/{subscriptionId}/resourceGroups/{resourceGroupName}/providers/Microsoft.DevTestLab/labs/{labName}/users/{userName}/servicefabrics/{name},ServiceFabrics_CreateOrUpdate
489,azure.com,azure.com:machinelearning-workspaces,PUT,/subscriptions/{subscriptionId}/resourceGroups/{resourceGroupName}/providers/Microsoft.MachineLearning/workspaces/{workspaceName},Workspaces_CreateOrUpdate
490,azure.com,azure.com:mediaservices-AssetsAndAssetFilters,PUT,/subscriptions/{subscriptionId}/resourceGroups/{resourceGroupName}/providers/Microsoft.Media/mediaServices/{accountName}/assets/{assetName},Assets_CreateOrUpdate
491,azure.com,azure.com:notificationhubs,PUT,/subscriptions/{subscriptionId}/resourceGroups/{resourceGroupName}/providers/Microsoft.NotificationHubs/namespaces/{namespaceName}/notificationHubs/{notificationHubName},NotificationHubs_CreateOrUpdate
492,bbc.co.uk,bbc.co.uk,DELETE,/my/categories/follows,
493,bbc.co.uk,bbc.co.uk,DELETE,/my/music/favourites/{type}/{id},deletePersonalisedMusicFavouritesByTypeById
494,bbc.co.uk,bbc.co.uk,DELETE,/my/music/follows/{type}/{id},deletePersonalisedMusicFollowsByTypeById
495,bbc.co.uk,bbc.co.uk,DELETE,/my/music/preferences/export,deleteMusicPreferencesExport
496,bbc.co.uk,bbc.co.uk,DELETE,/my/music/preferences/export/{vendor},deleteMusicPreferencesExportVendor
497,bbc.co.uk,bbc.co.uk,DELETE,/my/networks/follows,
498,bbc.co.uk,bbc.co.uk,DELETE,/my/radio/favourites/{type}/{pid},deletePersonalisedRadioByActivityTypeById
499,bbc.co.uk,bbc.co.uk,DELETE,/my/radio/follows/{type}/{pid},deletePersonalisedRadioFollowsByTypeById
500,bbc.co.uk,bbc.co.uk,PUT,/my/music/favourites,putPersonalisedMusicFavouritesBatch
501,bbc.co.uk,bbc.co.uk,PUT,/my/music/favourites/{type}/{id},putPersonalisedMusicFavouritesByTypeById
502,bbc.co.uk,bbc.co.uk,PUT,/my/music/follows,putPersonalisedMusicFollowsBatch
503,bbc.co.uk,bbc.co.uk,PUT,/my/music/follows/{type}/{id},putPersonalisedMusicFollowsByTypeById
504,bbc.co.uk,bbc.co.uk,PUT,/my/music/preferences/export/{vendor},putMusicPreferencesExportVendor
505,bbc.co.uk,bbc.co.uk,PUT,/my/radio/favourites,putPersonalisedRadioBatch
506,bbc.co.uk,bbc.co.uk,PUT,/my/radio/favourites/{type}/{pid},putPersonalisedRadioByActivityTypeById
507,bbc.co.uk,bbc.co.uk,PUT,/my/radio/follows,putPersonalisedRadioFollowsBatch
508,bbc.co.uk,bbc.co.uk,PUT,/my/radio/follows/{type}/{pid},putPersonalisedRadioFollowsByTypeById
509,beanstream.com,beanstream.com,DELETE,/profiles/{profileId},
510,beanstream.com,beanstream.com,DELETE,/profiles/{profileId}/cards/{cardId},
511,beanstream.com,beanstream.com,PUT,/profiles/{profileId},
512,beanstream.com,beanstream.com,PUT,/profiles/{profileId}/cards/{cardId},
513,beezup.com,beezup.com,DELETE,/v2/user/analytics/{storeId}/reports/filters/{reportFilterId},DeleteReportFilter
514,beezup.com,beezup.com,DELETE,/v2/user/analytics/{storeId}/rules/{ruleId},DeleteRule
515,beezup.com,beezup.com,DELETE,/v2/user/catalogs/{storeId}/customColumns/{columnId},Catalog_DeleteCustomColumn
516,beezup.com,beezup.com,DELETE,/v2/user/catalogs/{storeId}/importations/{executionId}/customColumns/{columnId},Importation_DeleteCustomColumn
517,beezup.com,beezup.com,DELETE,/v2/user/channelCatalogs/{channelCatalogId},DeleteChannelCatalog
518,beezup.com,beezup.com,DELETE,/v2/user/customer/contracts/next,DeleteNextContract
519,beezup.com,beezup.com,DELETE,/v2/user/customer/stores/{storeId},DeleteStore
520,beezup.com,beezup.com,DELETE,/v2/user/customer/stores/{storeId}/shares/{userId},DeleteStoreShare
521,beezup.com,beezup.com,DELETE,/v2/user/marketplaces/orders/subscriptions/{id},DeleteSubscription
522,beezup.com,beezup.com,PATCH,/v2/user/customer/stores/{storeId},UpdateStore
523,beezup.com,beezup.com,PUT,/v2/user/analytics/{storeId}/reports/filters/{reportFilterId},SaveReportFilter
524,beezup.com,beezup.com,PUT,/v2/user/catalogs/{storeId}/customColumns/{columnId},Catalog_SaveCustomColumn
525,beezup.com,beezup.com,PUT,/v2/user/catalogs/{storeId}/customColumns/{columnId}/expression,Catalog_ChangeCustomColumnExpression
526,beezup.com,beezup.com,PUT,/v2/user/catalogs/{storeId}/importations/{executionId}/customColumns/{columnId},Importation_SaveCustomColumn
527,beezup.com,beezup.com,PUT,/v2/user/channelCatalogs/{channelCatalogId}/columnMappings,ConfigureChannelCatalogColumnMappings
528,beezup.com,beezup.com,PUT,/v2/user/channelCatalogs/{channelCatalogId}/exclusionFilters,ConfigureChannelCatalogExclusionFilters
529,beezup.com,beezup.com,PUT,/v2/user/channelCatalogs/{channelCatalogId}/products/{productId}/overrides,OverrideChannelCatalogProductValues
530,beezup.com,beezup.com,PUT,/v2/user/channelCatalogs/{channelCatalogId}/settings/general,ConfigureChannelCatalogGeneralSettings
531,beezup.com,beezup.com,PUT,/v2/user/customer/account/creditCardInfo,SaveCreditCardInfo
532,beezup.com,beezup.com,PUT,/v2/user/customer/account/profilePictureInfo,SaveProfilePictureInfo
533,beezup.com,beezup.com,PUT,/v2/user/marketplaces/orders/invoices/settings/design,SaveOrderInvoiceDesignSettings
534,beezup.com,beezup.com,PUT,/v2/user/marketplaces/orders/invoices/settings/general,SaveOrderInvoiceGeneralSettings
535,biapi.pro,biapi.pro,DELETE,/auth/token,
536,biapi.pro,biapi.pro,DELETE,/banks/categories/{id_category},
537,biapi.pro,biapi.pro,DELETE,/clients/{id_client},
538,biapi.pro,biapi.pro,DELETE,/users/{id_user}/categories/full/{id_full},
539,biapi.pro,biapi.pro,DELETE,/users/{id_user}/config,
540,biapi.pro,biapi.pro,DELETE,/users/{id_user}/connections/{id_connection}/accounts,
541,biapi.pro,biapi.pro,DELETE,/users/{id_user}/connections/{id_connection}/accounts/{id_account}/transactions/{id_transaction}/informations,
542,biapi.pro,biapi.pro,DELETE,/users/{id_user}/connections/{id_connection}/transactionsclusters/{id_transactionscluster},
543,biapi.pro,biapi.pro,DELETE,/users/{id_user}/transactionsclusters/{id_transactionscluster},
544,biapi.pro,biapi.pro,DELETE,/webhooks,
545,biapi.pro,biapi.pro,DELETE,/webhooks/{id_webhook},
546,biapi.pro,biapi.pro,DELETE,/webhooks/{id_webhook}/add_to_data/{key},
547,biapi.pro,biapi.pro,DELETE,/webhooks/auth/{id_auth},
548,biapi.pro,biapi.pro,PUT,/clients/{id_client},
549,biapi.pro,biapi.pro,PUT,/connections/{id_connection}/sources/{id_source},
550,biapi.pro,biapi.pro,PUT,/connectors/{id_connector},
551,biapi.pro,biapi.pro,PUT,/connectors/{id_connector}/sources,
552,biapi.pro,biapi.pro,PUT,/users/{id_user}/accounts/{id_account}/transactionsclusters/{id_transactionscluster},
553,biapi.pro,biapi.pro,PUT,/users/{id_user}/connections/{id_connection}/accounts/{id_account}/transactions/{id_transaction},
554,biapi.pro,biapi.pro,PUT,/users/{id_user}/connections/{id_connection}/transactionsclusters/{id_transactionscluster},
555,biapi.pro,biapi.pro,PUT,/users/{id_user}/transactionsclusters/{id_transactionscluster},
556,biapi.pro,biapi.pro,PUT,/webhooks/{id_webhook},
557,bigoven.com,bigoven.com,DELETE,/grocerylist,GroceryList_Delete
558,bigoven.com,bigoven.com,DELETE,/grocerylist/item/{guid},GroceryList_DeleteItemByGuid
559,bigoven.com,bigoven.com,DELETE,/recipe/{id},Recipe_Delete
560,bigoven.com,bigoven.com,DELETE,/recipe/{recipeId}/note/{noteId},Note_Delete
561,bigoven.com,bigoven.com,DELETE,/recipe/{recipeId}/review/{reviewId},Review_Delete
562,bigoven.com,bigoven.com,DELETE,/recipe/review/replies/{replyId},Review_DeleteReply
563,bigoven.com,bigoven.com,PUT,/grocerylist/item/{guid},GroceryList_GroceryListItemGuid
564,bigoven.com,bigoven.com,PUT,/me,Me_PutMe
565,bigoven.com,bigoven.com,PUT,/me/personal,Me_PutMePersonal
566,bigoven.com,bigoven.com,PUT,/me/preferences,Me_PutMePreferences
567,bigoven.com,bigoven.com,PUT,/me/profile,
568,bigoven.com,bigoven.com,PUT,/recipe,Recipe_Put
569,bigoven.com,bigoven.com,PUT,/recipe/{recipeId}/note/{noteId},Note_Put
570,bigoven.com,bigoven.com,PUT,/recipe/{recipeId}/review/{reviewId},Review_PutLegacy
571,bigoven.com,bigoven.com,PUT,/recipe/review/{reviewId},Review_Put
572,bigoven.com,bigoven.com,PUT,/recipe/review/replies/{replyId},Review_PutReply
573,bigredcloud.com,bigredcloud.com,DELETE,/v1/payments/{id},Payments_Delete
574,bigredcloud.com,bigredcloud.com,DELETE,/v1/products/{id},Products_Delete
575,bigredcloud.com,bigredcloud.com,DELETE,/v1/purchases/{id},Purchases_Delete
576,bigredcloud.com,bigredcloud.com,DELETE,/v1/quotes/{id},Quote_Delete
577,bigredcloud.com,bigredcloud.com,DELETE,/v1/suppliers/{id},Suppliers_Delete
578,bigredcloud.com,bigredcloud.com,PUT,/v1/bankAccounts/{id},BankAccounts_Put
579,bigredcloud.com,bigredcloud.com,PUT,/v1/cashPayments/{id},CashPayments_Put
580,bigredcloud.com,bigredcloud.com,PUT,/v1/cashPayments/batch,CashPayments_ProcessBatch
581,bigredcloud.com,bigredcloud.com,PUT,/v1/cashReceipts/batch,CashReceipts_ProcessBatch
582,bigredcloud.com,bigredcloud.com,PUT,/v1/customers/{id},Customers_Put
583,bigredcloud.com,bigredcloud.com,PUT,/v1/customers/batch,Customers_ProcessBatch
584,bigredcloud.com,bigredcloud.com,PUT,/v1/payments/batch,Payments_ProcessBatch
585,bigredcloud.com,bigredcloud.com,PUT,/v1/products/{id},Products_Put
586,bigredcloud.com,bigredcloud.com,PUT,/v1/purchases/batch,Purchases_ProcessBatch
587,bigredcloud.com,bigredcloud.com,PUT,/v1/quotes/{id},Quote_Put
588,bigredcloud.com,bigredcloud.com,PUT,/v1/quotes/batch,Quote_ProcessBatch
589,bigredcloud.com,bigredcloud.com,PUT,/v1/quotes/close/{id},Quote_Close
590,bigredcloud.com,bigredcloud.com,PUT,/v1/salesCreditNotes/{id},SalesCreditNotes_Put
591,bigredcloud.com,bigredcloud.com,PUT,/v1/salesCreditNotes/batch,SalesCreditNotes_ProcessBatch
592,bigredcloud.com,bigredcloud.com,PUT,/v1/salesEntries/{id},SalesEntries_Put
593,bigredcloud.com,bigredcloud.com,PUT,/v1/salesInvoices/{id},SalesInvoices_Put
594,bigredcloud.com,bigredcloud.com,PUT,/v1/suppliers/{id},Suppliers_Put
595,billbee.io,billbee.io,DELETE,/api/v1/products/{id},Article_DeleteArticle
596,billbee.io,billbee.io,DELETE,/api/v1/products/{productId}/images/{imageId},Article_DeleteImageFromProduct
597,billbee.io,billbee.io,DELETE,/api/v1/products/images/{imageId},Article_DeleteImage
598,billbee.io,billbee.io,DELETE,/api/v1/webhooks,WebHookManagement_DeleteAll
599,billbee.io,billbee.io,DELETE,/api/v1/webhooks/{id},WebHookManagement_Delete
600,billbee.io,billbee.io,PATCH,/api/v1/customers/addresses/{id},Customer_PatchAddress
601,billbee.io,billbee.io,PATCH,/api/v1/products/{id},Article_PatchArticle
602,billbee.io,billbee.io,PUT,/api/v1/customer-addresses/{id},CustomerAddresses_Update
603,billbee.io,billbee.io,PUT,/api/v1/customers/{id},Customer_Update
604,billbee.io,billbee.io,PUT,/api/v1/customers/addresses/{id},Customer_UpdateAddress
605,billbee.io,billbee.io,PUT,/api/v1/orders/{id}/orderstate,OrderApi_UpdateState
606,billbee.io,billbee.io,PUT,/api/v1/orders/{id}/tags,OrderApi_TagsUpdate
607,billbee.io,billbee.io,PUT,/api/v1/products/{productId}/images,Article_PutImages
608,billbee.io,billbee.io,PUT,/api/v1/products/{productId}/images/{imageId},Article_PutImage
609,billbee.io,billbee.io,PUT,/api/v1/webhooks/{id},WebHookManagement_Put
610,billingo.hu,billingo.hu,DELETE,/documents/{id}/payments,DeletePayment
611,billingo.hu,billingo.hu,DELETE,/partners/{id},DeletePartner
612,billingo.hu,billingo.hu,DELETE,/products/{id},DeleteProduct
613,billingo.hu,billingo.hu,PUT,/bank-accounts/{id},UpdateBankAccount
614,billingo.hu,billingo.hu,PUT,/documents/{id}/payments,UpdatePayment
615,billingo.hu,billingo.hu,PUT,/products/{id},UpdateProduct
616,bitbucket.org,bitbucket.org,DELETE,/addon/linkers/{linker_key}/values,
617,bitbucket.org,bitbucket.org,DELETE,/repositories/{workspace}/{repo_slug}/commit/{commit}/reports/{reportId}/annotations/{annotationId},deleteAnnotation
618,bitbucket.org,bitbucket.org,DELETE,/repositories/{workspace}/{repo_slug}/default-reviewers/{target_username},
619,bitbucket.org,bitbucket.org,DELETE,/repositories/{workspace}/{repo_slug}/deployments_config/environments/{environment_uuid}/variables/{variable_uuid},deleteDeploymentVariable
620,bitbucket.org,bitbucket.org,DELETE,/repositories/{workspace}/{repo_slug}/pipelines_config/schedules/{schedule_uuid},deleteRepositoryPipelineSchedule
621,bitbucket.org,bitbucket.org,DELETE,/repositories/{workspace}/{repo_slug}/pipelines_config/variables/{variable_uuid},deleteRepositoryPipelineVariable
622,bitbucket.org,bitbucket.org,DELETE,/repositories/{workspace}/{repo_slug}/pipelines-config/caches,deleteRepositoryPipelineCaches
623,bitbucket.org,bitbucket.org,DELETE,/repositories/{workspace}/{repo_slug}/pipelines-config/caches/{cache_uuid},deleteRepositoryPipelineCache
624,bitbucket.org,bitbucket.org,DELETE,/repositories/{workspace}/{repo_slug}/properties/{app_key}/{property_name},deleteRepositoryHostedPropertyValue
625,bitbucket.org,bitbucket.org,DELETE,/repositories/{workspace}/{repo_slug}/pullrequests/{pull_request_id}/comments/{comment_id},
626,bitbucket.org,bitbucket.org,DELETE,/snippets/{workspace}/{encoded_id},
627,bitbucket.org,bitbucket.org,DELETE,/snippets/{workspace}/{encoded_id}/{node_id},
628,bitbucket.org,bitbucket.org,DELETE,/users/{selected_user}/pipelines_config/variables/{variable_uuid},deletePipelineVariableForUser
629,bitbucket.org,bitbucket.org,PUT,/addon,
630,bitbucket.org,bitbucket.org,PUT,/repositories/{workspace}/{repo_slug}/commit/{commit}/comments/{comment_id},
631,bitbucket.org,bitbucket.org,PUT,/repositories/{workspace}/{repo_slug}/commit/{commit}/reports/{reportId}/annotations/{annotationId},createOrUpdateAnnotation
632,bitbucket.org,bitbucket.org,PUT,/repositories/{workspace}/{repo_slug}/default-reviewers/{target_username},
633,bitbucket.org,bitbucket.org,PUT,/repositories/{workspace}/{repo_slug}/deploy-keys/{key_id},
634,bitbucket.org,bitbucket.org,PUT,/repositories/{workspace}/{repo_slug}/deployments_config/environments/{environment_uuid}/variables/{variable_uuid},updateDeploymentVariable
635,bitbucket.org,bitbucket.org,PUT,/snippets/{workspace}/{encoded_id}/comments/{comment_id},
636,bitbucket.org,bitbucket.org,PUT,/snippets/{workspace}/{encoded_id}/watch,
637,bitbucket.org,bitbucket.org,PUT,/workspaces/{workspace}/projects/{project_key}/branching-model/settings,
638,blazemeter.com,blazemeter.com,PATCH,/user/password,
639,blazemeter.com,blazemeter.com,PUT,/user/password,
640,bluemix.net,bluemix.net:containers,DELETE,/containers/{name_or_id},
641,bluemix.net,bluemix.net:containers,DELETE,/containers/groups/{name_or_id},
642,bluemix.net,bluemix.net:containers,DELETE,/images/{id},
643,bluemix.net,bluemix.net:containers,DELETE,/volumes/{name},
644,bluemix.net,bluemix.net:containers,DELETE,/volumes/fs/{name},
645,bluemix.net,bluemix.net:containers,PATCH,/containers/groups/{name_or_id},
646,bluemix.net,bluemix.net:containers,PUT,/containers/quota,
647,bluemix.net,bluemix.net:containers,PUT,/registry/namespaces/{namespace},
648,bluemix.net,bluemix.net:containers,PUT,/tlskey/refresh,
649,brainbi.net,brainbi.net,DELETE,/api/orders/1137,orders1
650,brainbi.net,brainbi.net,DELETE,/api/products/1137,products1
651,brandlovers.com,brandlovers.com,PUT,/product/{skuSellerId},
652,brandlovers.com,brandlovers.com,PUT,/product/{skuSellerId}/prices,
653,brandlovers.com,brandlovers.com,PUT,/product/{skuSellerId}/status,
654,brandlovers.com,brandlovers.com,PUT,/product/{skuSellerId}/stock,
655,brandlovers.com,brandlovers.com,PUT,/products/prices,
656,brandlovers.com,brandlovers.com,PUT,/products/status,
657,brandlovers.com,brandlovers.com,PUT,/products/stocks,
658,brandlovers.com,brandlovers.com,PUT,/ticket/{ticketId}/status,
659,britbox.co.uk,britbox.co.uk,DELETE,/account/billing/methods/{id},removePaymentMethod
660,britbox.co.uk,britbox.co.uk,DELETE,/account/billing/subscriptions/{id},cancelSubscription
661,britbox.co.uk,britbox.co.uk,DELETE,/account/devices/{id},deregisterDevice
662,britbox.co.uk,britbox.co.uk,DELETE,/account/profile/bookmarks/{itemId},deleteItemBookmark
663,britbox.co.uk,britbox.co.uk,DELETE,/account/profile/watched,deleteWatched
664,britbox.co.uk,britbox.co.uk,DELETE,/account/profiles/{id},deleteProfileWithId
665,britbox.co.uk,britbox.co.uk,DELETE,/authorization,signOut
666,britbox.co.uk,britbox.co.uk,DELETE,/itv/purchase/{platform},
667,britbox.co.uk,britbox.co.uk,PATCH,/account,updateAccount
668,britbox.co.uk,britbox.co.uk,PATCH,/account/profiles/{id},updateProfileWithId
669,britbox.co.uk,britbox.co.uk,PUT,/account/billing/subscriptions/{id},updateSubscription
670,britbox.co.uk,britbox.co.uk,PUT,/account/devices/{id}/name,renameDevice
671,britbox.co.uk,britbox.co.uk,PUT,/account/password,changePassword
672,britbox.co.uk,britbox.co.uk,PUT,/account/pin,changePin
673,britbox.co.uk,britbox.co.uk,PUT,/account/profile/bookmarks/{itemId},bookmarkItem
674,britbox.co.uk,britbox.co.uk,PUT,/account/profile/ratings/{itemId},rateItem
675,britbox.co.uk,britbox.co.uk,PUT,/account/profile/watched/{itemId},setItemWatchedStatus
676,britbox.co.uk,britbox.co.uk,PUT,/ee/pin,createPinRequest
677,britbox.co.uk,britbox.co.uk,PUT,/itv/cards/{platform},changeCardDetails
678,britbox.co.uk,britbox.co.uk,PUT,/itv/profile,updateProfile
679,britbox.co.uk,britbox.co.uk,PUT,/itv/updateIntent/strong/{platform},updatePaymentIntentStrong
680,britbox.co.uk,britbox.co.uk,PUT,/itv/updatePayment/strong/{platform},updatePaymentMethodStrong
681,bulksms.com,bulksms.com,DELETE,/webhooks/{id},
682,bunq.com,bunq.com,DELETE,/user/{userID}/card/{cardID}/export-statement-card-pdf/{itemId},DELETE_ExportStatementCardPdf_for_User_Card
683,bunq.com,bunq.com,DELETE,/user/{userID}/export-annual-overview/{itemId},DELETE_ExportAnnualOverview_for_User
684,bunq.com,bunq.com,DELETE,/user/{userID}/monetary-account/{monetary-accountID}/customer-statement/{itemId},DELETE_CustomerStatement_for_User_MonetaryAccount
685,bunq.com,bunq.com,DELETE,/user/{userID}/monetary-account/{monetary-accountID}/payment/{paymentID}/note-text/{itemId},DELETE_NoteText_for_User_MonetaryAccount_Payment
686,bunq.com,bunq.com,DELETE,/user/{userID}/monetary-account/{monetary-accountID}/request-response/{request-responseID}/note-text/{itemId},DELETE_NoteText_for_User_MonetaryAccount_RequestResponse
687,bunq.com,bunq.com,DELETE,/user/{userID}/monetary-account/{monetary-accountID}/sofort-merchant-transaction/{sofort-merchant-transactionID}/note-attachment/{itemId},DELETE_NoteAttachment_for_User_MonetaryAccount_SofortMerchantTransaction
688,bunq.com,bunq.com,DELETE,/user/{userID}/monetary-account/{monetary-accountID}/switch-service-payment/{switch-service-paymentID}/note-text/{itemId},DELETE_NoteText_for_User_MonetaryAccount_SwitchServicePayment
689,bunq.com,bunq.com,DELETE,/user/{userID}/transferwise-quote/{transferwise-quoteID}/transferwise-recipient/{itemId},DELETE_TransferwiseRecipient_for_User_TransferwiseQuote
690,bunq.com,bunq.com,DELETE,/user/{userID}/whitelist-sdd-one-off/{itemId},DELETE_WhitelistSddOneOff_for_User
691,bunq.com,bunq.com,PUT,/user/{userID}/credential-password-ip/{credential-password-ipID}/ip/{itemId},UPDATE_Ip_for_User_CredentialPasswordIp
692,bunq.com,bunq.com,PUT,/user/{userID}/monetary-account/{monetary-accountID}/bunqme-fundraiser-result/{bunqme-fundraiser-resultID}/note-text/{itemId},UPDATE_NoteText_for_User_MonetaryAccount_BunqmeFundraiserResult
693,bunq.com,bunq.com,PUT,/user/{userID}/monetary-account/{monetary-accountID}/bunqme-tab/{itemId},UPDATE_BunqmeTab_for_User_MonetaryAccount
694,bunq.com,bunq.com,PUT,/user/{userID}/monetary-account/{monetary-accountID}/currency-conversion-quote/{itemId},UPDATE_CurrencyConversionQuote_for_User_MonetaryAccount
695,bunq.com,bunq.com,PUT,/user/{userID}/monetary-account/{monetary-accountID}/mastercard-action/{mastercard-actionID}/note-text/{itemId},UPDATE_NoteText_for_User_MonetaryAccount_MastercardAction
696,bunq.com,bunq.com,PUT,/user/{userID}/monetary-account/{monetary-accountID}/payment-batch/{itemId},UPDATE_PaymentBatch_for_User_MonetaryAccount
697,bunq.com,bunq.com,PUT,/user/{userID}/monetary-account/{monetary-accountID}/schedule-payment/{itemId},UPDATE_SchedulePayment_for_User_MonetaryAccount
698,bunq.com,bunq.com,PUT,/user/{userID}/monetary-account/{monetary-accountID}/schedule-payment/{schedule-paymentID}/note-attachment/{itemId},UPDATE_NoteAttachment_for_User_MonetaryAccount_SchedulePayment
699,bunq.com,bunq.com,PUT,/user/{userID}/monetary-account/{monetary-accountID}/schedule/{scheduleID}/schedule-instance/{schedule-instanceID}/note-text/{itemId},UPDATE_NoteText_for_User_MonetaryAccount_Schedule_ScheduleInstance
700,bunq.com,bunq.com,PUT,/user/{userID}/monetary-account/{monetary-accountID}/sofort-merchant-transaction/{sofort-merchant-transactionID}/note-attachment/{itemId},UPDATE_NoteAttachment_for_User_MonetaryAccount_SofortMerchantTransaction
701,bunq.com,bunq.com,PUT,/user/{userID}/monetary-account/{monetary-accountID}/sofort-merchant-transaction/{sofort-merchant-transactionID}/note-text/{itemId},UPDATE_NoteText_for_User_MonetaryAccount_SofortMerchantTransaction
702,bunq.com,bunq.com,PUT,/user/{userID}/monetary-account/{monetary-accountID}/whitelist/{whitelistID}/whitelist-result/{whitelist-resultID}/note-attachment/{itemId},UPDATE_NoteAttachment_for_User_MonetaryAccount_Whitelist_WhitelistResult
703,bunq.com,bunq.com,PUT,/user/{userID}/monetary-account/{monetary-accountID}/whitelist/{whitelistID}/whitelist-result/{whitelist-resultID}/note-text/{itemId},UPDATE_NoteText_for_User_MonetaryAccount_Whitelist_WhitelistResult
704,c19qrserver.local,c19qrserver.local,DELETE,/signin/{signinId},
705,c19qrserver.local,c19qrserver.local,DELETE,/user/{userId},
706,c19qrserver.local,c19qrserver.local,PUT,/signin/{signinId},
707,callfire.com,callfire.com,DELETE,/campaigns/sounds/{id},deleteCampaignSound
708,callfire.com,callfire.com,DELETE,/contacts/{id},deleteContact
709,callfire.com,callfire.com,DELETE,/contacts/dncs/{number},deleteDoNotContact
710,callfire.com,callfire.com,DELETE,/contacts/dncs/sources/{source},deleteDoNotContactsBySource
711,callfire.com,callfire.com,DELETE,/contacts/lists/{id},deleteContactList
712,callfire.com,callfire.com,DELETE,/contacts/lists/{id}/items,removeContactListItems
713,callfire.com,callfire.com,DELETE,/contacts/lists/{id}/items/{contactId},removeContactListItem
714,callfire.com,callfire.com,DELETE,/me/api/credentials/{id},deleteApiCredential
715,callfire.com,callfire.com,DELETE,/texts/auto-replys/{id},deleteTextAutoReply
716,callfire.com,callfire.com,DELETE,/webhooks/{id},deleteWebhook
717,callfire.com,callfire.com,PUT,/calls/broadcasts/{id},updateCallBroadcast
718,callfire.com,callfire.com,PUT,/campaigns/batches/{id},updateCampaignBatch
719,callfire.com,callfire.com,PUT,/contacts/{id},updateContact
720,callfire.com,callfire.com,PUT,/contacts/dncs/{number},updateDoNotContact
721,callfire.com,callfire.com,PUT,/contacts/lists/{id},updateContactList
722,callfire.com,callfire.com,PUT,/keywords/leases/{keyword},updateKeywordLease
723,callfire.com,callfire.com,PUT,/keywords/leases/configs/{keyword},updateKeywordLeaseConfig
724,callfire.com,callfire.com,PUT,/numbers/leases/{number},updateNumberLease
725,callfire.com,callfire.com,PUT,/numbers/leases/configs/{number},updateNumberLeaseConfig
726,callfire.com,callfire.com,PUT,/texts/broadcasts/{id},updateTextBroadcast
727,callfire.com,callfire.com,PUT,/webhooks/{id},updateWebhook
728,cambase.io,cambase.io,PATCH,/api/v1/models/{id}.json,
729,cambase.io,cambase.io,PATCH,/api/v1/recorders/{id}.json,
730,cambase.io,cambase.io,PATCH,/api/v1/vendors/{id}.json,
731,cambase.io,cambase.io,PUT,/api/v1/models/{id}.json,
732,cambase.io,cambase.io,PUT,/api/v1/recorders/{id}.json,
733,cambase.io,cambase.io,PUT,/api/v1/vendors/{id}.json,
734,cdcgov.local,cdcgov.local:prime-data-hub,DELETE,/settings/organizations/{organizationName},
735,cdcgov.local,cdcgov.local:prime-data-hub,DELETE,/settings/organizations/{organizationName}/receivers/{receiverName},
736,cdcgov.local,cdcgov.local:prime-data-hub,DELETE,/settings/organizations/{organizationName}/senders/{senderName},
737,cdcgov.local,cdcgov.local:prime-data-hub,PUT,/settings/organizations/{organizationName},
738,cdcgov.local,cdcgov.local:prime-data-hub,PUT,/settings/organizations/{organizationName}/receivers/{receiverName},
739,cdcgov.local,cdcgov.local:prime-data-hub,PUT,/settings/organizations/{organizationName}/senders/{senderName},
740,cenit.io,cenit.io,DELETE,/setup/connection_role/{id},
741,cenit.io,cenit.io,DELETE,/setup/connection/{id},
742,cenit.io,cenit.io,DELETE,/setup/data_type/{id},
743,cenit.io,cenit.io,DELETE,/setup/flow/{id},
744,cenit.io,cenit.io,DELETE,/setup/namespace/{id},
745,cenit.io,cenit.io,DELETE,/setup/observer/{id},
746,cenit.io,cenit.io,DELETE,/setup/scheduler/{id},
747,cenit.io,cenit.io,DELETE,/setup/schema/{id},
748,cenit.io,cenit.io,DELETE,/setup/translator/{id},
749,cenit.io,cenit.io,DELETE,/setup/webhook/{id},
750,circleci.com,circleci.com,DELETE,/project/{username}/{project}/build-cache,
751,circleci.com,circleci.com,DELETE,/project/{username}/{project}/checkout-key/{fingerprint},
752,circleci.com,circleci.com,DELETE,/project/{username}/{project}/envvar/{name},
753,circuitsandbox.net,circuitsandbox.net,DELETE,/conversations/{convId}/archive,undoArchiveConversation
754,circuitsandbox.net,circuitsandbox.net,DELETE,/conversations/{convId}/favorite,deleteFavorite
755,circuitsandbox.net,circuitsandbox.net,DELETE,/conversations/{convId}/label/{labelId},unassignLabel
756,circuitsandbox.net,circuitsandbox.net,DELETE,/conversations/{convId}/messages/{itemId}/flag,unFlagItem
757,circuitsandbox.net,circuitsandbox.net,DELETE,/conversations/{convId}/messages/{itemId}/like,unlikeItem
758,circuitsandbox.net,circuitsandbox.net,DELETE,/conversations/{convId}/pins/{itemId},unPinAConversation
759,circuitsandbox.net,circuitsandbox.net,DELETE,/spaces/{id},deleteSpace
760,circuitsandbox.net,circuitsandbox.net,DELETE,/spaces/item/{itemId},deleteSpaceItem
761,circuitsandbox.net,circuitsandbox.net,DELETE,/users/labels/{labelId},removeLabel
762,circuitsandbox.net,circuitsandbox.net,DELETE,/webhooks,removeWebHooks
763,circuitsandbox.net,circuitsandbox.net,DELETE,/webhooks/{id},removeWebHook
764,circuitsandbox.net,circuitsandbox.net,PUT,/conversations/group/{convId},updateConversationGroup
765,circuitsandbox.net,circuitsandbox.net,PUT,/spaces/{spaceId}/participant,updateParticipantInSpace
766,circuitsandbox.net,circuitsandbox.net,PUT,/spaces/{spaceId}/topic/{topicId}/reply/{replyId},updateSpaceReply
767,circuitsandbox.net,circuitsandbox.net,PUT,/spaces/{spaceId}/welcomebox/{content},v2UpdateWelcomeBoxContent
768,circuitsandbox.net,circuitsandbox.net,PUT,/spaces/{topicId}/pin,pinTopic
769,circuitsandbox.net,circuitsandbox.net,PUT,/spaces/{topicId}/unpin,unpinTopic
770,circuitsandbox.net,circuitsandbox.net,PUT,/spaces/like/{itemId},likeSpaceItem
771,circuitsandbox.net,circuitsandbox.net,PUT,/spaces/search/add/recent,addRecentSpaceSearch
772,circuitsandbox.net,circuitsandbox.net,PUT,/spaces/search/cancel/{searchId},cancelSpaceSearch
773,circuitsandbox.net,circuitsandbox.net,PUT,/spaces/unflag/{itemId},unflagSpaceItem
774,circuitsandbox.net,circuitsandbox.net,PUT,/users/presence,setUserPresence
775,citrixonline.com,citrixonline.com:scim,DELETE,/Groups/{groupKey},deleteGroup
776,citrixonline.com,citrixonline.com:gotomeeting,DELETE,/meetings/{meetingId},
777,citrixonline.com,citrixonline.com:gotomeeting,DELETE,/organizers,
778,citrixonline.com,citrixonline.com:gotomeeting,DELETE,/organizers/{organizerKey},
779,citrixonline.com,citrixonline.com:scim,DELETE,/Users/{userKey},deleteUser
780,citrixonline.com,citrixonline.com:scim,PATCH,/Groups/{groupKey},updateGroup
781,citrixonline.com,citrixonline.com:scim,PATCH,/Users/{userKey},updateUser
782,citrixonline.com,citrixonline.com:scim,PATCH,/Users/me,updateMe
783,citrixonline.com,citrixonline.com:scim,PUT,/Groups/{groupKey},replaceGroup
784,citrixonline.com,citrixonline.com:gotomeeting,PUT,/meetings/{meetingId},
785,citrixonline.com,citrixonline.com:gotomeeting,PUT,/organizers/{organizerKey},
786,citrixonline.com,citrixonline.com:scim,PUT,/Users/me,replaceMe
787,clarify.io,clarify.io,DELETE,/v1/bundles/{bundle_id},
788,clarify.io,clarify.io,DELETE,/v1/bundles/{bundle_id}/metadata,
789,clarify.io,clarify.io,DELETE,/v1/bundles/{bundle_id}/tracks,
790,clarify.io,clarify.io,DELETE,/v1/bundles/{bundle_id}/tracks/{track_id},
791,clarify.io,clarify.io,PUT,/v1/bundles/{bundle_id},
792,clarify.io,clarify.io,PUT,/v1/bundles/{bundle_id}/metadata,
793,clarify.io,clarify.io,PUT,/v1/bundles/{bundle_id}/tracks,
794,clearblade.com,clearblade.com,DELETE,/admin/collectionmanagement,DevDeleteCollection
795,clearblade.com,clearblade.com,DELETE,/admin/settings/email-service,DeleteEmailSettings
796,clearblade.com,clearblade.com,DELETE,/admin/user/{systemKey}/roles,DeleteRoles
797,clearblade.com,clearblade.com,DELETE,/admin/v/4/systemmanagement,DeleteSystem
798,clearblade.com,clearblade.com,DELETE,/admin/v/4/webhook/{systemKey}/{name},DeleteWebhook
799,clearblade.com,clearblade.com,DELETE,/api/v/1/message/{systemKey},DeleteMessageHistory
800,clearblade.com,clearblade.com,DELETE,/api/v/2/devices/{SystemKey},DeleteDevices
801,clearblade.com,clearblade.com,DELETE,/api/v/4/{SystemKey}/adapters/{AdapterName}/files/{fileName},DeleteFile
802,clearblade.com,clearblade.com,DELETE,/api/v/4/data/{systemKey}/{collectionName}/index,DeleteNonUniqueIndex
803,clearblade.com,clearblade.com,PUT,/admin/developers/{systemKey},AdminOwnerChange
804,clearblade.com,clearblade.com,PUT,/admin/devices/{systemKey}/{name},UpdateSystemDevice
805,clearblade.com,clearblade.com,PUT,/admin/edges/{systemKey}/{edgeName},UpdateEdge
806,clearblade.com,clearblade.com,PUT,/admin/edges/template/{systemKey}/{edgeName},UpdateEdgeTemplate
807,clearblade.com,clearblade.com,PUT,/admin/putpass,ChangeDevPassword
808,clearblade.com,clearblade.com,PUT,/admin/settings/security,UpdateSecurity
809,clearblade.com,clearblade.com,PUT,/admin/triggers/handlers/{systemKey}/{name},UpdateTriggerHandler
810,clearblade.com,clearblade.com,PUT,/admin/user/{systemKey}/roles,SettingsChanges
811,clearblade.com,clearblade.com,PUT,/api/v/2/devices/{systemKey}/{name},UpdateDeviceInfo
812,clearblade.com,clearblade.com,PUT,/api/v/3/collectionmanagement,UpdateCollection
813,clearblade.com,clearblade.com,PUT,/api/v/4/{SystemKey}/adapters/{AdapterName},MapAdapterCommand
814,clearblade.com,clearblade.com,PUT,/api/v/4/data/{systemKey}/{collectionName}/upsert,UpdateUpsert
815,clearblade.com,clearblade.com,PUT,/api/v/4/user/manage,ChangeUserInfo
816,clever-cloud.com,clever-cloud.com,DELETE,/organisations/{id},deleteOrganisationsId
817,clever-cloud.com,clever-cloud.com,DELETE,/organisations/{id}/addonproviders/{providerId}/plans/{planId},deleteOrganisationsIdAddonprovidersProviderIdPlansPlanId
818,clever-cloud.com,clever-cloud.com,DELETE,/organisations/{id}/applications/{appId},deleteOrganisationsIdApplicationsAppId
819,clever-cloud.com,clever-cloud.com,DELETE,/organisations/{id}/payments/billings/{bid},deleteOrganisationsIdPaymentsBillingsBid
820,clever-cloud.com,clever-cloud.com,DELETE,/organisations/{id}/payments/recurring,deleteOrganisationsIdPaymentsRecurring
821,clever-cloud.com,clever-cloud.com,DELETE,/self/addons/{addonId}/tags/{tag},deleteSelfAddonsAddonIdTagsTag
822,clever-cloud.com,clever-cloud.com,DELETE,/self/mfa/{kind},
823,clever-cloud.com,clever-cloud.com,DELETE,/self/payments/billings/{bid},deleteSelfPaymentsBillingsBid
824,clever-cloud.com,clever-cloud.com,DELETE,/self/payments/methods/{mId},deleteSelfPaymentsMethodsMId
825,clever-cloud.com,clever-cloud.com,DELETE,/self/tokens,deleteSelfTokens
826,clever-cloud.com,clever-cloud.com,DELETE,/self/tokens/{token},deleteSelfTokensToken
827,clever-cloud.com,clever-cloud.com,PUT,/organisations/{id},putOrganisationsId
828,clever-cloud.com,clever-cloud.com,PUT,/organisations/{id}/applications/{appId},putOrganisationsIdApplicationsAppId
829,clever-cloud.com,clever-cloud.com,PUT,/self/addons/{addonId}/plan,putSelfAddonsAddonIdPlan
830,clever-cloud.com,clever-cloud.com,PUT,/self/addons/{addonId}/tags/{tag},putSelfAddonsAddonIdTagsTag
831,clever-cloud.com,clever-cloud.com,PUT,/self/applications/{appId},putSelfApplicationsAppId
832,clever-cloud.com,clever-cloud.com,PUT,/self/applications/{appId}/env,putSelfApplicationsAppIdEnv
833,clever-cloud.com,clever-cloud.com,PUT,/self/avatar,putSelfAvatar
834,clever-cloud.com,clever-cloud.com,PUT,/self/change_password,putSelfChangePassword
835,clever-cloud.com,clever-cloud.com,PUT,/self/mfa/{kind},
836,clever-cloud.com,clever-cloud.com,PUT,/self/payments/methods/default,
837,clever-cloud.com,clever-cloud.com,PUT,/v4/addon-providers/config-provider/addons/{configurationProviderId}/env,updateConfigProviderEnv
838,clickmeter.com,clickmeter.com,DELETE,/account/domainwhitelist/{whitelistId},Account_DeleteDomainWhitelist
839,clickmeter.com,clickmeter.com,DELETE,/account/ipblacklist/{blacklistId},Account_DeleteIpBlacklist
840,clickmeter.com,clickmeter.com,DELETE,/conversions/{conversionId},Conversions_Delete
841,clickmeter.com,clickmeter.com,DELETE,/datapoints/{id},DataPoints_Delete
842,clickmeter.com,clickmeter.com,DELETE,/datapoints/batch,DataPoints_BatchDelete
843,clickmeter.com,clickmeter.com,DELETE,/domains/{id},Domains_Delete
844,clickmeter.com,clickmeter.com,DELETE,/groups/{id},Groups_Delete
845,clickmeter.com,clickmeter.com,DELETE,/tags/{tagId},Tags_Delete
846,clickmeter.com,clickmeter.com,DELETE,/tags/{tagId}/datapoints,Tags_DeleteRelatedDatapoints
847,clickmeter.com,clickmeter.com,DELETE,/tags/{tagId}/groups,Tags_DeleteRelatedGroups
848,clickmeter.com,clickmeter.com,PUT,/account/guests/{guestId}/{type}/permissions/patch,Account_PatchPermissions
849,clickmeter.com,clickmeter.com,PUT,/conversions/{conversionId}/datapoints/batch/patch,
850,clickmeter.com,clickmeter.com,PUT,/conversions/{conversionId}/datapoints/patch,Conversions_Patch
851,clickmeter.com,clickmeter.com,PUT,/conversions/{conversionId}/notes,Conversions_PatchNotes
852,clickmeter.com,clickmeter.com,PUT,/datapoints/{id}/favourite,DataPoints_PatchFavourite
853,clickmeter.com,clickmeter.com,PUT,/datapoints/{id}/notes,DataPoints_PatchNotes
854,clickmeter.com,clickmeter.com,PUT,/datapoints/batch,DataPoints_BatchPut
855,clickmeter.com,clickmeter.com,PUT,/groups/{id}/favourite,Groups_PatchFavourite
856,clickmeter.com,clickmeter.com,PUT,/groups/{id}/notes,Groups_PatchNotes
857,clickmeter.com,clickmeter.com,PUT,/tags/{tagId}/datapoints/patch,Tags_PatchDataPoint
858,clickmeter.com,clickmeter.com,PUT,/tags/{tagId}/groups/patch,Tags_PatchGroup
859,clickmeter.com,clickmeter.com,PUT,/tags/{tagId}/name,Tags_PatchTagName
860,clicksend.com,clicksend.com,DELETE,/automations/fax/inbound/{inbound_rule_id},
861,clicksend.com,clicksend.com,DELETE,/automations/voice/receipts/{receipt_rule_id},
862,clicksend.com,clicksend.com,DELETE,/email/templates/{template_id},Delete Email Template
863,clicksend.com,clicksend.com,DELETE,/lists/{list_id}/contacts/{contact_id},Delete a specific contact
864,clicksend.com,clicksend.com,DELETE,/post/return-addresses/{return_address_id},Delete Post Return Address
865,clicksend.com,clicksend.com,DELETE,/sms/email-sms-stripped-strings/{rule_id},Delete Stripped String
866,clicksend.com,clicksend.com,DELETE,/sms/email-sms/{email_address_id},Delete Email-to-SMS Allowed Address
867,clicksend.com,clicksend.com,PUT,/automations/email/receipt/{rule_id},
868,clicksend.com,clicksend.com,PUT,/automations/sms/receipts/{receipt_rule_id},
869,clicksend.com,clicksend.com,PUT,/email-campaigns/{email_campaign_id},Update Email Campaign
870,clicksend.com,clicksend.com,PUT,/email/address-verify/{email_address_id}/send,Send Verification Token
871,clicksend.com,clicksend.com,PUT,/fax/receipts-read,Mark Fax Delivery Receipts as read
872,clicksend.com,clicksend.com,PUT,/forgot-password/verify,Verify Forgot Password
873,clicksend.com,clicksend.com,PUT,/lists/{from_list_id}/contacts/{contact_id}/{to_list_id},Transfer a Contact
874,clicksend.com,clicksend.com,PUT,/lists/{list_id}/contacts/{contact_id},Update a specific contact
875,clicksend.com,clicksend.com,PUT,/lists/{list_id}/remove-duplicates,Remove Duplicate Contacts
876,clicksend.com,clicksend.com,PUT,/lists/{list_id}/remove-opted-out-contacts/{opt_out_list_id},Remove Opted Out Contacts
877,clicksend.com,clicksend.com,PUT,/reseller/transfer-credit,Transfer Credit
878,clicksend.com,clicksend.com,PUT,/sms-campaigns/{sms_campaign_id},Update an SMS Campaign
879,clicksend.com,clicksend.com,PUT,/sms/templates/{template_id},Update a Template
880,clicksend.com,clicksend.com,PUT,/subaccounts/{subaccount_id}/regen-api-key,Regenerate API Key
881,clicksend.com,clicksend.com,PUT,/voice/receipts-read?date_before={date_before},Marked Voice Receipts as Read
882,climate.com,climate.com,PUT,/v4/uploads/{uploadId},chunkedUpload
883,climatekuul.com,climatekuul.com,PATCH,/airtravelCoordinates/confirmCarbonOffset,confirmCarbonOffset4
884,climatekuul.com,climatekuul.com,PATCH,/airtravelCoordinates/confirmPayment,confirmPayment4
885,climatekuul.com,climatekuul.com,PATCH,/airtravelCoordinates/confirmPlanting,confirmsPlanting4
886,climatekuul.com,climatekuul.com,PATCH,/airtravelCoordinates/confirmTransaction,confirmPaymentOfTransaction4
887,climatekuul.com,climatekuul.com,PATCH,/airtravelMultileg/confirmCarbonOffset,confirmCarbonOffset3
888,climatekuul.com,climatekuul.com,PATCH,/airtravelMultileg/confirmPayment,confirmPayment3
889,climatekuul.com,climatekuul.com,PATCH,/airtravelMultileg/confirmPlanting,confirmsPlanting3
890,climatekuul.com,climatekuul.com,PATCH,/airtravelMultileg/confirmTransaction,confirmPaymentOfTransaction3
891,climatekuul.com,climatekuul.com,PATCH,/ecommerceDelivery/confirmCarbonOffset,confirmCarbonOffset1
892,climatekuul.com,climatekuul.com,PATCH,/ecommerceDelivery/confirmPayment,confirmPayment1
893,climatekuul.com,climatekuul.com,PATCH,/ecommerceDelivery/confirmPlanting,confirmsPlanting2
894,climatekuul.com,climatekuul.com,PATCH,/ecommerceDelivery/confirmTransaction,confirmPaymentOfTransaction1
895,climatekuul.com,climatekuul.com,PATCH,/roadDistance/confirmCarbonOffset,confirmCarbonOffset5
896,climatekuul.com,climatekuul.com,PATCH,/roadDistance/confirmPayment,confirmPayment5
897,climatekuul.com,climatekuul.com,PATCH,/roadDistance/confirmPlanting,confirmsPlanting5
898,climatekuul.com,climatekuul.com,PATCH,/roadDistance/confirmTransaction,confirmPaymentOfTransaction5
899,climatekuul.com,climatekuul.com,PATCH,/urbanDelivery/confirmCarbonOffset,confirmCarbonOffset
900,climatekuul.com,climatekuul.com,PATCH,/urbanDelivery/confirmPayment,confirmPayment
901,climatekuul.com,climatekuul.com,PATCH,/urbanDelivery/confirmPlanting,confirmsPlanting
902,climatekuul.com,climatekuul.com,PATCH,/urbanDelivery/confirmTransaction,confirmPaymentOfTransaction
903,cloud-elements.com,cloud-elements.com:ecwid,DELETE,/{objectName}/{objectId},deleteObjectNameByObjectId
904,cloud-elements.com,cloud-elements.com:ecwid,DELETE,/{objectName}/{objectId}/{childObjectName}/{childObjectId},deleteObjectNameByChildObjectId
905,cloud-elements.com,cloud-elements.com:ecwid,DELETE,/customers/{id},deleteCustomerById
906,cloud-elements.com,cloud-elements.com:ecwid,DELETE,/orders/{id},deleteOrderById
907,cloud-elements.com,cloud-elements.com:ecwid,DELETE,/products/{id},deleteProductById
908,cloud-elements.com,cloud-elements.com:ecwid,PATCH,/{objectName}/{objectId},updateObjectNameByObjectId
909,cloud-elements.com,cloud-elements.com:ecwid,PATCH,/{objectName}/{objectId}/{childObjectName}/{childObjectId},updateObjectNameByChildObjectId
910,cloud-elements.com,cloud-elements.com:ecwid,PATCH,/customers/{id},updateCustomerById
911,cloud-elements.com,cloud-elements.com:ecwid,PATCH,/orders/{id},updateOrderById
912,cloud-elements.com,cloud-elements.com:ecwid,PATCH,/products/{id},updateProductById
913,cloud-elements.com,cloud-elements.com:ecwid,PUT,/{objectName}/{objectId},replaceObjectNameByObjectId
914,cloud-elements.com,cloud-elements.com:ecwid,PUT,/{objectName}/{objectId}/{childObjectName}/{childObjectId},replaceObjectNameByChildObjectId
915,cloud-elements.com,cloud-elements.com:ecwid,PUT,/bulk/{id}/cancel,replaceBulkCancel
916,codat.io,codat.io:accounting,DELETE,/companies/{companyId}/connections/{connectionId}/push/billPayments/{billPaymentId},delete-billPayment
917,codat.io,codat.io:accounting,DELETE,/companies/{companyId}/connections/{connectionId}/push/bills/{billId},delete-bill
918,codat.io,codat.io:accounting,DELETE,/companies/{companyId}/connections/{connectionId}/push/invoices/{invoiceId},delete-invoice
919,codat.io,codat.io:accounting,DELETE,/companies/{companyId}/connections/{connectionId}/push/journalEntries/{journalEntryId},delete-journal-entry
920,codat.io,codat.io:bank-feeds,PATCH,/companies/{companyId}/connections/{connectionId}/connectionInfo/bankFeedAccounts/{accountId},update-bank-feed
921,codat.io,codat.io:assess,PATCH,/data/companies/{companyId}/connections/{connectionId}/assess/accounts/{accountId}/categories,update-account-category
922,codat.io,codat.io:assess,PATCH,/data/companies/{companyId}/connections/{connectionId}/assess/accounts/categories,update-accounts-categories
923,codat.io,codat.io:sync-for-commerce,PATCH,/meta/companies/{companyId}/connections/{connectionId},update-connection
924,codat.io,codat.io:sync-for-commerce,PATCH,/sync/commerce/config/ui/accounts/platform/{commerceKey},update-visible-accounts-sync-flow
925,codat.io,codat.io:bank-feeds,PUT,/companies/{companyId}/connections/{connectionId}/connectionInfo/bankFeedAccounts,create-bank-feed
926,codat.io,codat.io:accounting,PUT,/companies/{companyId}/connections/{connectionId}/push/bankAccounts/{bankAccountId},update-bank-account
927,codat.io,codat.io:accounting,PUT,/companies/{companyId}/connections/{connectionId}/push/billCreditNotes/{billCreditNoteId},update-bill-credit-note
928,codat.io,codat.io:accounting,PUT,/companies/{companyId}/connections/{connectionId}/push/bills/{billId},update-bill
929,codat.io,codat.io:accounting,PUT,/companies/{companyId}/connections/{connectionId}/push/creditNotes/{creditNoteId},update-credit-note
930,codat.io,codat.io:accounting,PUT,/companies/{companyId}/connections/{connectionId}/push/customers/{customerId},update-customer
931,codat.io,codat.io:accounting,PUT,/companies/{companyId}/connections/{connectionId}/push/purchaseOrders/{purchaseOrderId},update-purchase-order
932,codat.io,codat.io:accounting,PUT,/companies/{companyId}/connections/{connectionId}/push/suppliers/{supplierId},put-supplier
933,combell.com,combell.com,DELETE,/linuxhostings/{domainName}/scheduledtasks/{scheduledTaskId},DeleteScheduledTask
934,combell.com,combell.com,DELETE,/linuxhostings/{domainName}/subsites/{siteName},DeleteSubsite
935,combell.com,combell.com,DELETE,/mailboxes/{mailboxName},DeleteMailbox
936,combell.com,combell.com,DELETE,/mailzones/{domainName}/catchall/{emailAddress},DeleteCatchAll
937,combell.com,combell.com,DELETE,/mailzones/{domainName}/smtpdomains/{hostname},DeleteSmtpDomain
938,combell.com,combell.com,DELETE,/mysqldatabases/{databaseName},DeleteDatabase
939,combell.com,combell.com,DELETE,/mysqldatabases/{databaseName}/users/{userName},DeleteDatabaseUser
940,combell.com,combell.com,PUT,/dns/{domainName}/records/{recordId},
941,combell.com,combell.com,PUT,/domains/{domainName}/nameservers,EditNameServers
942,combell.com,combell.com,PUT,/linuxhostings/{domainName}/phpsettings/memorylimit,ChangePhpMemoryLimit
943,combell.com,combell.com,PUT,/linuxhostings/{domainName}/phpsettings/version,ChangePhpVersion
944,combell.com,combell.com,PUT,/linuxhostings/{domainName}/scheduledtasks/{scheduledTaskId},ConfigureScheduledTask
945,combell.com,combell.com,PUT,/linuxhostings/{domainName}/settings/gzipcompression,ChangeGzipCompression
946,combell.com,combell.com,PUT,/linuxhostings/{domainName}/ssh/configuration,ConfigureSsh
947,combell.com,combell.com,PUT,/linuxhostings/{domainName}/sslsettings/{hostname}/autoredirect,ChangeAutoRedirect
948,combell.com,combell.com,PUT,/linuxhostings/{domainName}/sslsettings/{hostname}/letsencrypt,ChangeLetsEncrypt
949,combell.com,combell.com,PUT,/mailboxes/{mailboxName}/autoforward,ConfigureMailboxAutoForward
950,combell.com,combell.com,PUT,/mailboxes/{mailboxName}/autoreply,ConfigureMailboxAutoReply
951,combell.com,combell.com,PUT,/mailzones/{domainName}/aliases/{emailAddress},ConfigureAlias
952,combell.com,combell.com,PUT,/mailzones/{domainName}/antispam,ConfigureAntiSpam
953,combell.com,combell.com,PUT,/mailzones/{domainName}/smtpdomains/{hostname},ConfigureSmtpDomain
954,combell.com,combell.com,PUT,/mysqldatabases/{databaseName}/users/{userName}/status,ChangeDatabaseUserStatus
955,configcat.com,configcat.com,DELETE,/v1/configs/{configId},delete-config
956,configcat.com,configcat.com,DELETE,/v1/environments/{environmentId},delete-environment
957,configcat.com,configcat.com,DELETE,/v1/environments/{environmentId}/settings/{settingId}/integrationLinks/{integrationLinkType}/{key},delete-integration-link
958,configcat.com,configcat.com,DELETE,/v1/organizations/{organizationId}/members/{userId},delete-organization-member
959,configcat.com,configcat.com,DELETE,/v1/permissions/{permissionGroupId},delete-permission-group
960,configcat.com,configcat.com,DELETE,/v1/products/{productId},delete-product
961,configcat.com,configcat.com,DELETE,/v1/products/{productId}/members/{userId},delete-product-member
962,configcat.com,configcat.com,DELETE,/v1/segments/{segmentId},delete-segment
963,configcat.com,configcat.com,DELETE,/v1/settings/{settingId},delete-setting
964,configcat.com,configcat.com,DELETE,/v1/tags/{tagId},delete-tag
965,configcat.com,configcat.com,PATCH,/v1/environments/{environmentId}/settings/{settingId}/value,update-setting-value
966,configcat.com,configcat.com,PATCH,/v1/settings/{settingId},update-setting
967,configcat.com,configcat.com,PATCH,/v1/settings/{settingKeyOrId}/value,update-setting-value-by-sdkkey
968,configcat.com,configcat.com,PUT,/v1/configs/{configId},update-config
969,configcat.com,configcat.com,PUT,/v1/environments/{environmentId},update-environment
970,configcat.com,configcat.com,PUT,/v1/environments/{environmentId}/settings/{settingId}/value,replace-setting-value
971,configcat.com,configcat.com,PUT,/v1/permissions/{permissionGroupId},update-permission-group
972,configcat.com,configcat.com,PUT,/v1/products/{productId},update-product
973,configcat.com,configcat.com,PUT,/v1/segments/{segmentId},update-segment
974,configcat.com,configcat.com,PUT,/v1/settings/{settingKeyOrId}/value,replace-setting-value-by-sdkkey
975,configcat.com,configcat.com,PUT,/v1/tags/{tagId},update-tag
976,conjur.local,conjur.local,DELETE,/host_factory_tokens/{token},revokeToken
977,conjur.local,conjur.local,DELETE,/roles/{account}/{kind}/{identifier},removeMemberFromRole
978,conjur.local,conjur.local,PATCH,/{authenticator}/{account},enableAuthenticator
979,conjur.local,conjur.local,PATCH,/policies/{account}/policy/{identifier},updatePolicy
980,conjur.local,conjur.local,PUT,/authn/{account}/api_key,rotateApiKey
981,conjur.local,conjur.local,PUT,/authn/{account}/password,changePassword
982,conjur.local,conjur.local,PUT,/policies/{account}/policy/{identifier},replacePolicy
983,contentgroove.com,contentgroove.com,DELETE,/api/v1/clips/{id},
984,contentgroove.com,contentgroove.com,DELETE,/api/v1/medias/{id},
985,contentgroove.com,contentgroove.com,DELETE,/api/v1/webhook_subscriptions/{id},
986,contentgroove.com,contentgroove.com,PUT,/api/v1/clips/{id},
987,contentgroove.com,contentgroove.com,PUT,/api/v1/medias/{id},
988,contract-p.fit,contract-p.fit,DELETE,/auth/api-key/{key},delete_api_key_resource
989,contract-p.fit,contract-p.fit,DELETE,/data_retention_settings/{level}/{id},delete_data_retention_resource
990,contract-p.fit,contract-p.fit,DELETE,/documents/{document_id},delete_document_delete_resource
991,contract-p.fit,contract-p.fit,DELETE,/integrations/{integration_id},delete_integration_resource
992,contract-p.fit,contract-p.fit,DELETE,/projects/{project_id},delete_project_resource
993,contract-p.fit,contract-p.fit,DELETE,/roles/{role_id},delete_role_resource
994,contract-p.fit,contract-p.fit,DELETE,/rule_config/{scope},delete_rule_config_resource
995,contract-p.fit,contract-p.fit,DELETE,/sampling_settings/{scope},delete_setting_sampling_resource
996,contract-p.fit,contract-p.fit,DELETE,/threshold_settings/{scope},delete_setting_threshold_resource
997,contract-p.fit,contract-p.fit,DELETE,/users/{user_id},delete_user_resource
998,contract-p.fit,contract-p.fit,PATCH,/auth/api-key/{key},patch_api_key_resource
999,contract-p.fit,contract-p.fit,PATCH,/connections/{connection_id},patch_connection_resource
1000,contract-p.fit,contract-p.fit,PATCH,/data_retention_settings/{level}/{id},patch_data_retention_resource
1001,contract-p.fit,contract-p.fit,PATCH,/documents/{inbox_id}/move_inbox,patch_document_move_resource
1002,contract-p.fit,contract-p.fit,PATCH,/inboxes/{inbox_id},patch_inbox_resource
1003,contract-p.fit,contract-p.fit,PATCH,/projects/{project_id},patch_project_resource
1004,contract-p.fit,contract-p.fit,PATCH,/rule_config/{scope},patch_rule_config_resource
1005,contract-p.fit,contract-p.fit,PATCH,/sampling_settings/{scope},patch_setting_sampling_resource
1006,contract-p.fit,contract-p.fit,PATCH,/settings/dashboard,patch_dashboard_settings_atomic_resource
1007,contract-p.fit,contract-p.fit,PATCH,/settings/review,patch_review_settings_atomic_resource
1008,contract-p.fit,contract-p.fit,PATCH,/tenant/activate,patch_activate_tenant_resource
1009,contract-p.fit,contract-p.fit,PATCH,/threshold_settings/{scope},patch_setting_threshold_resource
1010,contribly.com,contribly.com,DELETE,/assignments/{id},
1011,contribly.com,contribly.com,DELETE,/contributions/{id},
1012,contribly.com,contribly.com,DELETE,/forms/{id},
1013,contribly.com,contribly.com,DELETE,/subscriptions/{id},
1014,cpy.re,cpy.re:peertube,DELETE,/api/v1/abuses/{abuseId},
1015,cpy.re,cpy.re:peertube,DELETE,/api/v1/server/blocklist/accounts/{accountName},
1016,cpy.re,cpy.re:peertube,DELETE,/api/v1/server/redundancy/videos/{redundancyId},delMirroredVideo
1017,cpy.re,cpy.re:peertube,DELETE,/api/v1/users/{id},delUser
1018,cpy.re,cpy.re:peertube,DELETE,/api/v1/users/me/avatar,
1019,cpy.re,cpy.re:peertube,DELETE,/api/v1/users/registrations/{registrationId},deleteRegistration
1020,cpy.re,cpy.re:peertube,DELETE,/api/v1/video-channel-syncs/{channelSyncId},delVideoChannelSync
1021,cpy.re,cpy.re:peertube,DELETE,/api/v1/video-channels/{channelHandle}/avatar,
1022,cpy.re,cpy.re:peertube,DELETE,/api/v1/video-channels/{channelHandle}/banner,
1023,cpy.re,cpy.re:peertube,DELETE,/api/v1/video-playlists/{playlistId},
1024,cpy.re,cpy.re:peertube,DELETE,/api/v1/video-playlists/{playlistId}/videos/{playlistElementId},delVideoPlaylistVideo
1025,cpy.re,cpy.re:peertube,DELETE,/api/v1/videos/{id}/blacklist,delVideoBlock
1026,cpy.re,cpy.re:peertube,DELETE,/api/v1/videos/{id}/captions/{captionLanguage},delVideoCaption
1027,cpy.re,cpy.re:peertube,DELETE,/api/v1/videos/{id}/comments/{commentId},
1028,cpy.re,cpy.re:peertube,DELETE,/api/v1/videos/{id}/hls,delVideoHLS
1029,cpy.re,cpy.re:peertube,DELETE,/api/v1/videos/{id}/webtorrent,delVideoWebTorrent
1030,cpy.re,cpy.re:peertube,PUT,/api/v1/abuses/{abuseId},
1031,cpy.re,cpy.re:peertube,PUT,/api/v1/config/custom,putCustomConfig
1032,cpy.re,cpy.re:peertube,PUT,/api/v1/video-channels/{channelHandle},putVideoChannel
1033,cpy.re,cpy.re:peertube,PUT,/api/v1/video-playlists/{playlistId},
1034,cpy.re,cpy.re:peertube,PUT,/api/v1/videos/{id},putVideo
1035,cpy.re,cpy.re:peertube,PUT,/api/v1/videos/{id}/rate,
1036,credas.co.uk,credas.co.uk:pi,PUT,/api/registrations/{id}/contact-details,UpdateContactDetails
1037,credas.co.uk,credas.co.uk:pi,PUT,/api/registrations/{id}/override-check-status,OverrideCheckStatus
1038,credas.co.uk,credas.co.uk:pi,PUT,/api/registrations/{id}/settings,UpdateRegistrationSettings
1039,credas.co.uk,credas.co.uk:pi,PUT,/api/registrations/{id}/status,UpdateRegistrationStatus
1040,crucible.local,crucible.local,DELETE,/rest-service/reviews-v1/{id},deleteReview
1041,crucible.local,crucible.local,DELETE,/rest-service/reviews-v1/{id}/comments/{cId},removeComment
1042,crucible.local,crucible.local,DELETE,/rest-service/reviews-v1/{id}/comments/{cId}/replies/{rId},removeReply
1043,crucible.local,crucible.local,DELETE,/rest-service/reviews-v1/{id}/patch/{patchId},removePatch
1044,crucible.local,crucible.local,DELETE,/rest-service/reviews-v1/{id}/reviewers/{username},removeReviewer
1045,crucible.local,crucible.local,DELETE,/rest-service/reviews-v1/{id}/reviewitems/{riId},removeReviewItem
1046,crucible.local,crucible.local,DELETE,/rest-service/reviews-v1/{id}/reviewitems/{riId}/revisions,removeReviewItemRevisions
1047,crucible.local,crucible.local,PUT,/rest-service/reviews-v1/{id}/reviewitems/{riId}/details,setReviewItem
1048,daniweb.com,daniweb.com,DELETE,/groups/{ID}/memberships,
1049,daniweb.com,daniweb.com,DELETE,/groups/messages/{ID},
1050,daniweb.com,daniweb.com,DELETE,/positions/{ID},
1051,daniweb.com,daniweb.com,DELETE,/webhooks/{ID},
1052,daniweb.com,daniweb.com,PATCH,/conversations/{ID}/statuses,
1053,daniweb.com,daniweb.com,PATCH,/groups/{ID},
1054,daniweb.com,daniweb.com,PATCH,/groups/{ID}/memberships,
1055,daniweb.com,daniweb.com,PATCH,/positions/{ID},
1056,daniweb.com,daniweb.com,PATCH,/users/{ID}/synergies,
1057,daniweb.com,daniweb.com,PATCH,/users/~,
1058,data2crm.com,data2crm.com,DELETE,/application/entity/email/{email_id},deleteEmailEntity
1059,data2crm.com,data2crm.com,DELETE,/application/entity/event/{event_id},deleteEventEntity
1060,data2crm.com,data2crm.com,DELETE,/application/entity/invoice/{invoice_id},deleteInvoiceEntity
1061,data2crm.com,data2crm.com,DELETE,/application/entity/lead/{lead_id},deleteLeadEntity
1062,data2crm.com,data2crm.com,DELETE,/application/entity/opportunityProduct/bulk,deleteOpportunityProductCollectionBulk
1063,data2crm.com,data2crm.com,DELETE,/application/entity/priceBookItem/bulk,deletePriceBookItemCollectionBulk
1064,data2crm.com,data2crm.com,DELETE,/application/entity/product/bulk,deleteProductCollectionBulk
1065,data2crm.com,data2crm.com,DELETE,/application/entity/task/{task_id},deleteTaskEntity
1066,data2crm.com,data2crm.com,DELETE,/application/entity/ticket/{ticket_id},deleteTicketEntity
1067,data2crm.com,data2crm.com,DELETE,/application/entity/ticket/bulk,deleteTicketCollectionBulk
1068,data2crm.com,data2crm.com,PUT,/application/entity/account/{account_id},updateAccountEntity
1069,data2crm.com,data2crm.com,PUT,/application/entity/campaign/{campaign_id},updateCampaignEntity
1070,data2crm.com,data2crm.com,PUT,/application/entity/campaign/bulk,updateCampaignEntityBulk
1071,data2crm.com,data2crm.com,PUT,/application/entity/comment/bulk,updateCommentEntityBulk
1072,data2crm.com,data2crm.com,PUT,/application/entity/contact/{contact_id},updateContactEntity
1073,data2crm.com,data2crm.com,PUT,/application/entity/email/{email_id},updateEmailEntity
1074,data2crm.com,data2crm.com,PUT,/application/entity/meeting/{meeting_id},updateMeetingEntity
1075,data2crm.com,data2crm.com,PUT,/application/entity/note/{note_id},updateNoteEntity
1076,data2crm.com,data2crm.com,PUT,/application/entity/opportunity/{opportunity_id},updateOpportunityEntity
1077,data2crm.com,data2crm.com,PUT,/application/entity/priceBookItem/{priceBookItem_id},updatePriceBookItemEntity
1078,data2crm.com,data2crm.com,PUT,/application/entity/project/bulk,updateProjectEntityBulk
1079,data2crm.com,data2crm.com,PUT,/application/entity/task/bulk,updateTaskEntityBulk
1080,dev.to,dev.to,DELETE,/api/pages/{id},
1081,dev.to,dev.to,PUT,/api/articles/{id},updateArticle
1082,dev.to,dev.to,PUT,/api/articles/{id}/unpublish,unpublishArticle
1083,dev.to,dev.to,PUT,/api/display_ads/{id},
1084,dev.to,dev.to,PUT,/api/display_ads/{id}/unpublish,
1085,dev.to,dev.to,PUT,/api/pages/{id},
1086,dev.to,dev.to,PUT,/api/users/{id}/suspend,suspendUser
1087,dev.to,dev.to,PUT,/api/users/{id}/unpublish,unpublishUser
1088,digitallinguistics.io,digitallinguistics.io,DELETE,/languages/{languageID},deleteLanguage
1089,digitallinguistics.io,digitallinguistics.io,DELETE,/languages/{languageID}/lexemes/{lexemeID},deleteLexemeByLanguage
1090,digitallinguistics.io,digitallinguistics.io,DELETE,/lexemes/{lexemeID},deleteLexeme
1091,digitallinguistics.io,digitallinguistics.io,PATCH,/languages/{languageID},updateLanguage
1092,digitallinguistics.io,digitallinguistics.io,PATCH,/languages/{languageID}/lexemes/{lexemeID},updateLexemeByLanguage
1093,digitallinguistics.io,digitallinguistics.io,PATCH,/lexemes/{lexemeID},updateLexeme
1094,digitallinguistics.io,digitallinguistics.io,PUT,/languages,upsertLanguage
1095,digitallinguistics.io,digitallinguistics.io,PUT,/languages/{languageID}/lexemes,upsertLexemeByLanguage
1096,digitallinguistics.io,digitallinguistics.io,PUT,/lexemes,upsertLexeme
1097,digitalocean.com,digitalocean.com,DELETE,/v2/account/keys/{ssh_key_identifier},sshKeys_delete
1098,digitalocean.com,digitalocean.com,DELETE,/v2/databases/{database_cluster_uuid},databases_destroy_cluster
1099,digitalocean.com,digitalocean.com,DELETE,/v2/databases/{database_cluster_uuid}/dbs/{database_name},databases_delete
1100,digitalocean.com,digitalocean.com,DELETE,/v2/databases/{database_cluster_uuid}/replicas/{replica_name},databases_destroy_replica
1101,digitalocean.com,digitalocean.com,DELETE,/v2/domains/{domain_name}/records/{domain_record_id},domains_delete_record
1102,digitalocean.com,digitalocean.com,DELETE,/v2/droplets,droplets_destroy_byTag
1103,digitalocean.com,digitalocean.com,DELETE,/v2/droplets/{droplet_id}/destroy_with_associated_resources/selective,droplets_destroy_withAssociatedResourcesSelective
1104,digitalocean.com,digitalocean.com,DELETE,/v2/images/{image_id},images_delete
1105,digitalocean.com,digitalocean.com,DELETE,/v2/kubernetes/registry,kubernetes_remove_registry
1106,digitalocean.com,digitalocean.com,DELETE,/v2/projects/{project_id},projects_delete
1107,digitalocean.com,digitalocean.com,DELETE,/v2/registry,registry_delete
1108,digitalocean.com,digitalocean.com,DELETE,/v2/uptime/checks/{check_id},uptime_check_delete
1109,digitalocean.com,digitalocean.com,PATCH,/v2/projects/{project_id},projects_patch
1110,digitalocean.com,digitalocean.com,PUT,/v2/databases/{database_cluster_uuid}/eviction_policy,databases_update_evictionPolicy
1111,digitalocean.com,digitalocean.com,PUT,/v2/databases/{database_cluster_uuid}/replicas/{replica_name}/promote,databases_promote_replica
1112,digitalocean.com,digitalocean.com,PUT,/v2/databases/{database_cluster_uuid}/sql_mode,databases_update_sql_mode
1113,digitalocean.com,digitalocean.com,PUT,/v2/firewalls/{firewall_id},firewalls_update
1114,digitalocean.com,digitalocean.com,PUT,/v2/images/{image_id},images_update
1115,digitalocean.com,digitalocean.com,PUT,/v2/kubernetes/clusters/{cluster_id},kubernetes_update_cluster
1116,digitalocean.com,digitalocean.com,PUT,/v2/monitoring/alerts/{alert_uuid},monitoring_update_alertPolicy
1117,digitalocean.com,digitalocean.com,PUT,/v2/uptime/checks/{check_id}/alerts/{alert_id},uptime_alert_update
1118,digitalocean.com,digitalocean.com,PUT,/v2/vpcs/{vpc_id},vpcs_update
1119,discourse.local,discourse.local,DELETE,/admin/badges/{id}.json,deleteBadge
1120,discourse.local,discourse.local,DELETE,/admin/groups/{id}.json,deleteGroup
1121,discourse.local,discourse.local,DELETE,/admin/users/{id}.json,deleteUser
1122,discourse.local,discourse.local,DELETE,/groups/{id}/members.json,removeGroupMembers
1123,discourse.local,discourse.local,DELETE,/posts/{id}.json,deletePost
1124,discourse.local,discourse.local,DELETE,/t/{id}.json,removeTopic
1125,discourse.local,discourse.local,PUT,/admin/backups/{filename},sendDownloadBackupEmail
1126,discourse.local,discourse.local,PUT,/admin/badges/{id}.json,updateBadge
1127,discourse.local,discourse.local,PUT,/admin/users/{id}/anonymize.json,anonymizeUser
1128,discourse.local,discourse.local,PUT,/admin/users/{id}/suspend.json,suspendUser
1129,discourse.local,discourse.local,PUT,/categories/{id}.json,updateCategory
1130,discourse.local,discourse.local,PUT,/groups/{id}/members.json,addGroupMembers
1131,discourse.local,discourse.local,PUT,/notifications/mark-read.json,markNotificationsAsRead
1132,discourse.local,discourse.local,PUT,/posts/{id}.json,updatePost
1133,discourse.local,discourse.local,PUT,/posts/{id}/locked.json,lockPost
1134,discourse.local,discourse.local,PUT,/t/{id}/bookmark.json,bookmarkTopic
1135,discourse.local,discourse.local,PUT,/t/{id}/change-timestamp.json,updateTopicTimestamp
1136,discourse.local,discourse.local,PUT,/tag_groups/{id}.json,updateTagGroup
1137,discourse.local,discourse.local,PUT,/u/{username}.json,updateUser
1138,discourse.local,discourse.local,PUT,/u/{username}/preferences/avatar/pick.json,updateAvatar
1139,discourse.local,discourse.local,PUT,/u/{username}/preferences/username.json,updateUsername
1140,discourse.local,discourse.local,PUT,/users/password-reset/{token}.json,changePassword
1141,docker.com,docker.com:engine,DELETE,/configs/{id},ConfigDelete
1142,docker.com,docker.com:engine,DELETE,/containers/{id},ContainerDelete
1143,docker.com,docker.com:engine,DELETE,/images/{name},ImageDelete
1144,docker.com,docker.com:engine,DELETE,/networks/{id},NetworkDelete
1145,docker.com,docker.com:engine,DELETE,/nodes/{id},NodeDelete
1146,docker.com,docker.com:engine,DELETE,/plugins/{name},PluginDelete
1147,docker.com,docker.com:engine,DELETE,/secrets/{id},SecretDelete
1148,docker.com,docker.com:engine,DELETE,/services/{id},ServiceDelete
1149,docker.com,docker.com:hub,DELETE,/v2/access-tokens/{uuid},
1150,docker.com,docker.com:engine,DELETE,/volumes/{name},VolumeDelete
1151,docker.com,docker.com:hub,PATCH,/v2/access-tokens/{uuid},
1152,docker.com,docker.com:engine,PUT,/containers/{id}/archive,PutContainerArchive
1153,docker.com,docker.com:hub,PUT,/v2/orgs/{name}/settings,
1154,docker.com,docker.com:hub,PUT,/v2/scim/2.0/Users/{id},
1155,docusign.net,docusign.net,DELETE,/v2.1/accounts/{accountId}/captive_recipients/{recipientPart},CaptiveRecipients_DeleteCaptiveRecipientsPart
1156,docusign.net,docusign.net,DELETE,/v2.1/accounts/{accountId}/chunked_uploads/{chunkedUploadId},ChunkedUploads_DeleteChunkedUpload
1157,docusign.net,docusign.net,DELETE,/v2.1/accounts/{accountId}/connect/{connectId},Connect_DeleteConnectConfig
1158,docusign.net,docusign.net,DELETE,/v2.1/accounts/{accountId}/connect/failures/{failureId},ConnectFailures_DeleteConnectFailureLog
1159,docusign.net,docusign.net,DELETE,/v2.1/accounts/{accountId}/custom_fields/{customFieldId},AccountCustomFields_DeleteAccountCustomFields
1160,docusign.net,docusign.net,DELETE,/v2.1/accounts/{accountId}/envelopes/{envelopeId}/documents/{documentId}/tabs,Tabs_DeleteDocumentTabs
1161,docusign.net,docusign.net,DELETE,/v2.1/accounts/{accountId}/envelopes/{envelopeId}/workflow/scheduledSending,EnvelopeWorkflowScheduledSending_DeleteEnvelopeScheduledSendingDefinition
1162,docusign.net,docusign.net,DELETE,/v2.1/accounts/{accountId}/settings/bcc_email_archives/{bccEmailArchiveId},BCCEmailArchive_DeleteBCCEmailArchive
1163,docusign.net,docusign.net,DELETE,/v2.1/accounts/{accountId}/signing_groups,SigningGroups_DeleteSigningGroups
1164,docusign.net,docusign.net,DELETE,/v2.1/accounts/{accountId}/templates/{templateId}/documents,Documents_DeleteTemplateDocuments
1165,docusign.net,docusign.net,DELETE,/v2.1/accounts/{accountId}/templates/{templateId}/documents/{documentId}/fields,DocumentFields_DeleteTemplateDocumentFields
1166,docusign.net,docusign.net,PUT,/v2.1/accounts/{accountId}/chunked_uploads/{chunkedUploadId}/{chunkedUploadPartSeq},ChunkedUploads_PutChunkedUploadPart
1167,docusign.net,docusign.net,PUT,/v2.1/accounts/{accountId}/consumer_disclosure/{langCode},ConsumerDisclosure_PutConsumerDisclosure
1168,docusign.net,docusign.net,PUT,/v2.1/accounts/{accountId}/envelopes/{envelopeId}/documents/{documentId}/tabs,Tabs_PutDocumentTabs
1169,docusign.net,docusign.net,PUT,/v2.1/accounts/{accountId}/envelopes/{envelopeId}/recipients/{recipientId}/tabs,Recipients_PutRecipientTabs
1170,docusign.net,docusign.net,PUT,/v2.1/accounts/{accountId}/permission_profiles/{permissionProfileId},PermissionProfiles_PutPermissionProfiles
1171,docusign.net,docusign.net,PUT,/v2.1/accounts/{accountId}/signatures,AccountSignatures_PutAccountSignature
1172,docusign.net,docusign.net,PUT,/v2.1/accounts/{accountId}/templates/{templateId}/documents,Documents_PutTemplateDocuments
1173,docusign.net,docusign.net,PUT,/v2.1/accounts/{accountId}/templates/{templateId}/notification,Notification_PutTemplatesTemplateIdNotification
1174,docusign.net,docusign.net,PUT,/v2.1/accounts/{accountId}/templates/{templateId}/workflow/scheduledSending,TemplateWorkflowScheduledSending_PutTemplateScheduledSendingDefinition
1175,docusign.net,docusign.net,PUT,/v2.1/accounts/{accountId}/templates/{templateId}/workflow/steps/{workflowStepId},TemplateWorkflowStep_PutTemplateWorkflowStepDefinition
1176,docusign.net,docusign.net,PUT,/v2.1/current_user/notary/jurisdictions/{jurisdictionId},NotaryJurisdictions_PutNotaryJurisdiction
1177,doqs.dev,doqs.dev,DELETE,/templates/{id},delete__templates__id__delete
1178,doqs.dev,doqs.dev,PUT,/designer/templates/{id},update_template_designer_templates__id__put
1179,doqs.dev,doqs.dev,PUT,/templates/{id},update
1180,dracoon.team,dracoon.team,DELETE,/v4/nodes/{node_id},removeNode
1181,dracoon.team,dracoon.team,DELETE,/v4/nodes/{node_id}/deleted_nodes,emptyDeletedNodes
1182,dracoon.team,dracoon.team,DELETE,/v4/nodes/rooms/{room_id}/groups,revokeRoomGroups
1183,dracoon.team,dracoon.team,DELETE,/v4/provisioning/customers/{customer_id},removeCustomer
1184,dracoon.team,dracoon.team,DELETE,/v4/system/config/auth/radius,removeRadiusConfig
1185,dracoon.team,dracoon.team,DELETE,/v4/system/config/oauth/clients/{client_id},removeOAuthClient
1186,dracoon.team,dracoon.team,DELETE,/v4/system/config/storage/s3/tags/{id},removeS3Tag
1187,dracoon.team,dracoon.team,PUT,/v4/nodes/files,updateFiles
1188,dracoon.team,dracoon.team,PUT,/v4/nodes/folders/{folder_id},updateFolder
1189,dracoon.team,dracoon.team,PUT,/v4/nodes/rooms/{room_id}/guest_users,addRoomGuestUsers
1190,dracoon.team,dracoon.team,PUT,/v4/nodes/rooms/{room_id}/webhooks,handleRoomWebhookAssignments
1191,dracoon.team,dracoon.team,PUT,/v4/provisioning/webhooks/{webhook_id},updateTenantWebhook
1192,dracoon.team,dracoon.team,PUT,/v4/public/shares/uploads/{access_key}/{upload_id},completeFileUploadViaShare
1193,dracoon.team,dracoon.team,PUT,/v4/public/shares/uploads/{access_key}/{upload_id}/s3,completeS3FileUploadViaShare
1194,dracoon.team,dracoon.team,PUT,/v4/shares/downloads,updateDownloadShares
1195,dracoon.team,dracoon.team,PUT,/v4/shares/downloads/{share_id},updateDownloadShare
1196,dracoon.team,dracoon.team,PUT,/v4/shares/uploads,updateUploadShares
1197,dracoon.team,dracoon.team,PUT,/v4/shares/uploads/{share_id},updateUploadShare
1198,dracoon.team,dracoon.team,PUT,/v4/system/config/auth/ads/{ad_id},updateAdConfig
1199,dracoon.team,dracoon.team,PUT,/v4/user/account,updateUserAccount
1200,dracoon.team,dracoon.team,PUT,/v4/user/profileAttributes,updateProfileAttributes
1201,dracoon.team,dracoon.team,PUT,/v4/users/{user_id},updateUser
1202,drchrono.com,drchrono.com,DELETE,/api/appointments/{id},appointments_delete
1203,drchrono.com,drchrono.com,DELETE,/api/lab_documents/{id},lab_documents_delete
1204,drchrono.com,drchrono.com,DELETE,/api/lab_orders/{id},lab_orders_delete
1205,drchrono.com,drchrono.com,DELETE,/api/lab_results/{id},lab_results_delete
1206,drchrono.com,drchrono.com,PATCH,/api/allergies/{id},allergies_partial_update
1207,drchrono.com,drchrono.com,PATCH,/api/appointment_templates/{id},appointment_templates_partial_update
1208,drchrono.com,drchrono.com,PATCH,/api/consent_forms/{id},consent_forms_partial_update
1209,drchrono.com,drchrono.com,PATCH,/api/custom_demographics/{id},custom_demographics_partial_update
1210,drchrono.com,drchrono.com,PATCH,/api/documents/{id},documents_partial_update
1211,drchrono.com,drchrono.com,PATCH,/api/line_items/{id},line_items_partial_update
1212,drchrono.com,drchrono.com,PATCH,/api/medications/{id}/append_to_pharmacy_note,medications_append_to_pharmacy_note
1213,drchrono.com,drchrono.com,PATCH,/api/patient_flag_types/{id},patient_flag_types_partial_update
1214,drchrono.com,drchrono.com,PATCH,/api/patient_messages/{id},patient_messages_partial_update
1215,drchrono.com,drchrono.com,PATCH,/api/sublabs/{id},sublabs_partial_update
1216,drchrono.com,drchrono.com,PATCH,/api/task_categories/{id},task_categories_partial_update
1217,drchrono.com,drchrono.com,PUT,/api/amendments/{id},amendments_update
1218,drchrono.com,drchrono.com,PUT,/api/consent_forms/{id},consent_forms_update
1219,drchrono.com,drchrono.com,PUT,/api/lab_documents/{id},lab_documents_update
1220,drchrono.com,drchrono.com,PUT,/api/lab_orders/{id},lab_orders_update
1221,drchrono.com,drchrono.com,PUT,/api/lab_tests/{id},lab_tests_update
1222,drchrono.com,drchrono.com,PUT,/api/task_statuses/{id},task_statuses_update
1223,drchrono.com,drchrono.com,PUT,/api/task_templates/{id},task_templates_update
1224,ebay.com,ebay.com:sell-marketing,DELETE,/ad_campaign/{campaign_id},deleteCampaign
1225,ebay.com,ebay.com:sell-marketing,DELETE,/ad_campaign/{campaign_id}/ad/{ad_id},deleteAd
1226,ebay.com,ebay.com:sell-marketing,DELETE,/ad_report_task/{report_task_id},deleteReportTask
1227,ebay.com,ebay.com:sell-account,DELETE,/fulfillment_policy/{fulfillmentPolicyId},deleteFulfillmentPolicy
1228,ebay.com,ebay.com:sell-marketing,DELETE,/item_price_markdown/{promotion_id},deleteItemPriceMarkdownPromotion
1229,ebay.com,ebay.com:sell-marketing,DELETE,/item_promotion/{promotion_id},deleteItemPromotion
1230,ebay.com,ebay.com:sell-account,DELETE,/payment_policy/{payment_policy_id},deletePaymentPolicy
1231,ebay.com,ebay.com:sell-account,DELETE,/return_policy/{return_policy_id},deleteReturnPolicy
1232,ebay.com,ebay.com:sell-account,DELETE,/sales_tax/{countryCode}/{jurisdictionId},deleteSalesTax
1233,ebay.com,ebay.com:sell-feed,DELETE,/schedule/{schedule_id},deleteSchedule
1234,ebay.com,ebay.com:sell-marketing,PUT,/ad_campaign/{campaign_id}/ad_group/{ad_group_id},updateAdGroup
1235,ebay.com,ebay.com:sell-marketing,PUT,/ad_campaign/{campaign_id}/keyword/{keyword_id},updateKeyword
1236,ebay.com,ebay.com:sell-account,PUT,/custom_policy/{custom_policy_id},updateCustomPolicy
1237,ebay.com,ebay.com:sell-account,PUT,/fulfillment_policy/{fulfillmentPolicyId},updateFulfillmentPolicy
1238,ebay.com,ebay.com:sell-marketing,PUT,/item_price_markdown/{promotion_id},updateItemPriceMarkdownPromotion
1239,ebay.com,ebay.com:sell-marketing,PUT,/item_promotion/{promotion_id},updateItemPromotion
1240,ebay.com,ebay.com:sell-marketing,PUT,/negative_keyword/{negative_keyword_id},updateNegativeKeyword
1241,ebay.com,ebay.com:sell-account,PUT,/payment_policy/{payment_policy_id},updatePaymentPolicy
1242,ebay.com,ebay.com:sell-account,PUT,/return_policy/{return_policy_id},updateReturnPolicy
1243,ebay.com,ebay.com:sell-account,PUT,/sales_tax/{countryCode}/{jurisdictionId},createOrReplaceSalesTax
1244,ebay.com,ebay.com:sell-feed,PUT,/schedule/{schedule_id},updateSchedule
1245,edrv.io,edrv.io,DELETE,/v1/chargestations/{id},deleteChargeStation
1246,edrv.io,edrv.io,DELETE,/v1/commands/chargingschedule,deletechargingschedule
1247,edrv.io,edrv.io,DELETE,/v1/connectors/{id},deleteConnector
1248,edrv.io,edrv.io,DELETE,/v1/drivers/{id},deleteDriver
1249,edrv.io,edrv.io,DELETE,/v1/location/{id},deleteLocation
1250,edrv.io,edrv.io,DELETE,/v1/tokens/{id},deleteToken
1251,edrv.io,edrv.io,PATCH,/v1/chargestations/{id},patchChargeStation
1252,edrv.io,edrv.io,PATCH,/v1/commands/{id}/variables,patchChargeStationVariable
1253,edrv.io,edrv.io,PATCH,/v1/connectors/{id},patchConnector
1254,edrv.io,edrv.io,PATCH,/v1/drivers/{id},patchDriver
1255,edrv.io,edrv.io,PATCH,/v1/location/{id},patchLocation
1256,edrv.io,edrv.io,PATCH,/v1/organizations/{id},patchOrganization
1257,edrv.io,edrv.io,PATCH,/v1/reservations/{id},updatereservation
1258,edrv.io,edrv.io,PATCH,/v1/tokens/{id},patchToken
1259,elevenlabs.io,elevenlabs.io,DELETE,/v1/history/{history_item_id},Delete_history_item_v1_history__history_item_id__delete
1260,elevenlabs.io,elevenlabs.io,DELETE,/v1/voices/{voice_id},Delete_voice_v1_voices__voice_id__delete
1261,elevenlabs.io,elevenlabs.io,DELETE,/v1/voices/{voice_id}/samples/{sample_id},Delete_sample_v1_voices__voice_id__samples__sample_id__delete
1262,elmah.io,elmah.io,DELETE,/v3/deployments/{id},Deployments_Delete
1263,elmah.io,elmah.io,DELETE,/v3/messages/{logId},Messages_DeleteAll
1264,elmah.io,elmah.io,DELETE,/v3/messages/{logId}/{id},Messages_Delete
1265,enode.io,enode.io,DELETE,/charging-locations/{chargingLocationId},deleteCharginglocationsCharginglocationid
1266,enode.io,enode.io,DELETE,/me/vendors/{vendor},disconnectVendor
1267,enode.io,enode.io,DELETE,/users/{userId},deleteUsersUserid
1268,enode.io,enode.io,DELETE,/users/{userId}/authorization,deleteUsersUseridAuthorization
1269,enode.io,enode.io,PUT,/charging-locations/{chargingLocationId},putCharginglocationsCharginglocationid
1270,enode.io,enode.io,PUT,/vehicles/{vehicleId}/smart-charging-policy,putVehiclesVehicleidSmartchargingpolicy
1271,enode.io,enode.io,PUT,/webhooks/firehose,putWebhooksFirehose
1272,etsi.local,etsi.local:MEC010-2_AppPkgMgmt,DELETE,/app_packages/{appPkgId},app_packageDELETE
1273,etsi.local,etsi.local:MEC010-2_AppPkgMgmt,DELETE,/subscriptions/{subscriptionId},individualSubscriptionDELETE
1274,etsi.local,etsi.local:MEC010-2_AppPkgMgmt,PATCH,/app_packages/{appPkgId},app_packagePATCH
1275,etsi.local,etsi.local:MEC010-2_AppPkgMgmt,PUT,/app_packages/{appPkgId}/package_content,appPkgPUT
1276,etsi.local,etsi.local:MEC010-2_AppPkgMgmt,PUT,/onboarded_app_packages/{appDId}/package_content,appDIdPUT
1277,evetech.net,evetech.net,DELETE,/characters/{character_id}/contacts/,delete_characters_character_id_contacts
1278,evetech.net,evetech.net,DELETE,/characters/{character_id}/fittings/{fitting_id}/,delete_characters_character_id_fittings_fitting_id
1279,evetech.net,evetech.net,DELETE,/characters/{character_id}/mail/{mail_id}/,delete_characters_character_id_mail_mail_id
1280,evetech.net,evetech.net,DELETE,/characters/{character_id}/mail/labels/{label_id}/,delete_characters_character_id_mail_labels_label_id
1281,evetech.net,evetech.net,DELETE,/fleets/{fleet_id}/members/{member_id}/,delete_fleets_fleet_id_members_member_id
1282,evetech.net,evetech.net,DELETE,/fleets/{fleet_id}/squads/{squad_id}/,delete_fleets_fleet_id_squads_squad_id
1283,evetech.net,evetech.net,DELETE,/fleets/{fleet_id}/wings/{wing_id}/,delete_fleets_fleet_id_wings_wing_id
1284,evetech.net,evetech.net,PUT,/characters/{character_id}/calendar/{event_id}/,put_characters_character_id_calendar_event_id
1285,evetech.net,evetech.net,PUT,/characters/{character_id}/contacts/,put_characters_character_id_contacts
1286,evetech.net,evetech.net,PUT,/characters/{character_id}/mail/{mail_id}/,put_characters_character_id_mail_mail_id
1287,evetech.net,evetech.net,PUT,/fleets/{fleet_id}/,put_fleets_fleet_id
1288,evetech.net,evetech.net,PUT,/fleets/{fleet_id}/members/{member_id}/,put_fleets_fleet_id_members_member_id
1289,evetech.net,evetech.net,PUT,/fleets/{fleet_id}/squads/{squad_id}/,put_fleets_fleet_id_squads_squad_id
1290,evetech.net,evetech.net,PUT,/fleets/{fleet_id}/wings/{wing_id}/,put_fleets_fleet_id_wings_wing_id
1291,exavault.com,exavault.com,DELETE,/email-lists/{id},deleteEmailListById
1292,exavault.com,exavault.com,DELETE,/forms/entries/{id},deleteFormMessageById
1293,exavault.com,exavault.com,DELETE,/notifications/{id},deleteNotificationById
1294,exavault.com,exavault.com,DELETE,/resources,deleteResources
1295,exavault.com,exavault.com,DELETE,/resources/{id},deleteResourceById
1296,exavault.com,exavault.com,DELETE,/shares/{id},deleteShareById
1297,exavault.com,exavault.com,DELETE,/ssh-keys/{id},deleteSSHKey
1298,exavault.com,exavault.com,DELETE,/users/{id},deleteUser
1299,exavault.com,exavault.com,DELETE,/webhooks/{id},deleteWebhook
1300,exavault.com,exavault.com,PATCH,/account,updateAccount
1301,exavault.com,exavault.com,PATCH,/email-lists/{id},updateEmailListById
1302,exavault.com,exavault.com,PATCH,/forms/{id},updateFormById
1303,exavault.com,exavault.com,PATCH,/notifications/{id},updateNotificationById
1304,exavault.com,exavault.com,PATCH,/resources/{id},updateResourceById
1305,exavault.com,exavault.com,PATCH,/shares/{id},updateShareById
1306,exavault.com,exavault.com,PATCH,/users/{id},updateUser
1307,exavault.com,exavault.com,PATCH,/webhooks/{id},updateWebhook
1308,extendsclass.com,extendsclass.com:json-storage,DELETE,/bin/{id},
1309,extendsclass.com,extendsclass.com:json-storage,PATCH,/bin/{id},
1310,extendsclass.com,extendsclass.com:json-storage,PUT,/bin/{id},
1311,fecru.local,fecru.local,DELETE,/rest-service-fecru/admin/groups/{name},
1312,fecru.local,fecru.local,DELETE,/rest-service-fecru/admin/groups/{name}/users,
1313,fecru.local,fecru.local,DELETE,/rest-service-fecru/admin/permission-schemes/{name},
1314,fecru.local,fecru.local,DELETE,/rest-service-fecru/admin/permission-schemes/{name}/groups,deletePermissionSchemeGroup
1315,fecru.local,fecru.local,DELETE,/rest-service-fecru/admin/projects/{key}/allowed-reviewer-users,deleteAllowedReviewerUser
1316,fecru.local,fecru.local,DELETE,/rest-service-fecru/admin/projects/{key}/default-reviewer-groups,deleteDefaultReviewerGroup
1317,fecru.local,fecru.local,DELETE,/rest-service-fecru/admin/projects/{key}/default-reviewer-users,deleteDefaultReviewerUser
1318,fecru.local,fecru.local,DELETE,/rest-service-fecru/admin/repositories/{repository},
1319,fecru.local,fecru.local,PUT,/rest-service-fecru/admin/groups/{name}/users,
1320,fecru.local,fecru.local,PUT,/rest-service-fecru/admin/permission-schemes/{name},
1321,fecru.local,fecru.local,PUT,/rest-service-fecru/admin/permission-schemes/{name}/groups,addPermissionSchemeGroup
1322,fecru.local,fecru.local,PUT,/rest-service-fecru/admin/projects/{key},
1323,fecru.local,fecru.local,PUT,/rest-service-fecru/admin/projects/{key}/allowed-reviewer-groups,addAllowedReviewerGroup
1324,fecru.local,fecru.local,PUT,/rest-service-fecru/admin/projects/{key}/allowed-reviewer-users,addAllowedReviewerUser
1325,fecru.local,fecru.local,PUT,/rest-service-fecru/admin/projects/{key}/default-reviewer-users,addDefaultReviewerUser
1326,fecru.local,fecru.local,PUT,/rest-service-fecru/admin/projects/{sourceProjectKey}/move-reviews/{destinationProjectKey},moveAllReviews
1327,fecru.local,fecru.local,PUT,/rest-service-fecru/admin/repositories/{repository},
1328,fecru.local,fecru.local,PUT,/rest-service-fecru/admin/repositories/{repository}/permissions,updatePermissions
1329,fecru.local,fecru.local,PUT,/rest-service-fecru/admin/repositories/{repository}/permissions/groups,addGroupToPermissions
1330,fecru.local,fecru.local,PUT,/rest-service-fecru/admin/repositories/{repository}/reindex-linecount,
1331,fecru.local,fecru.local,PUT,/rest-service-fecru/admin/repositories/{repository}/reindex-source,
1332,fecru.local,fecru.local,PUT,/rest-service-fecru/admin/users/{name},
1333,figshare.com,figshare.com,DELETE,/account/articles/{article_id},private_article_delete
1334,figshare.com,figshare.com,DELETE,/account/articles/{article_id}/categories/{category_id},private_article_category_delete
1335,figshare.com,figshare.com,DELETE,/account/articles/{article_id}/confidentiality,private_article_confidentiality_delete
1336,figshare.com,figshare.com,DELETE,/account/articles/{article_id}/embargo,private_article_embargo_delete
1337,figshare.com,figshare.com,DELETE,/account/articles/{article_id}/files/{file_id},private_article_file_delete
1338,figshare.com,figshare.com,DELETE,/account/collections/{collection_id}/authors/{author_id},private_collection_author_delete
1339,figshare.com,figshare.com,DELETE,/account/collections/{collection_id}/categories/{category_id},private_collection_category_delete
1340,figshare.com,figshare.com,DELETE,/account/collections/{collection_id}/private_links/{link_id},private_collection_private_link_delete
1341,figshare.com,figshare.com,DELETE,/account/projects/{project_id}/articles/{article_id},private_project_article_delete
1342,figshare.com,figshare.com,DELETE,/account/projects/{project_id}/collaborators/{user_id},private_project_collaborator__Delete
1343,figshare.com,figshare.com,DELETE,/account/projects/{project_id}/notes/{note_id},private_project_note_delete
1344,figshare.com,figshare.com,PUT,/account/articles/{article_id},private_article_update
1345,figshare.com,figshare.com,PUT,/account/articles/{article_id}/authors,private_article_authors_replace
1346,figshare.com,figshare.com,PUT,/account/articles/{article_id}/categories,private_article_categories_replace
1347,figshare.com,figshare.com,PUT,/account/articles/{article_id}/confidentiality,private_article_confidentiality_update
1348,figshare.com,figshare.com,PUT,/account/articles/{article_id}/embargo,private_article_embargo_update
1349,figshare.com,figshare.com,PUT,/account/articles/{article_id}/versions/{version_id}/update_thumb,article_version_update_thumb
1350,figshare.com,figshare.com,PUT,/account/collections/{collection_id},private_collection_update
1351,figshare.com,figshare.com,PUT,/account/collections/{collection_id}/authors,private_collection_authors_replace
1352,figshare.com,figshare.com,PUT,/account/collections/{collection_id}/private_links/{link_id},private_collection_private_link_update
1353,figshare.com,figshare.com,PUT,/account/institution/accounts/{account_id},private_institution_accounts_update
1354,figshare.com,figshare.com,PUT,/account/projects/{project_id},private_project_update
1355,files.com,files.com,DELETE,/api_keys/{id},DeleteApiKeysId
1356,files.com,files.com,DELETE,/behaviors/{id},DeleteBehaviorsId
1357,files.com,files.com,DELETE,/bundle_notifications/{id},DeleteBundleNotificationsId
1358,files.com,files.com,DELETE,/clickwraps/{id},DeleteClickwrapsId
1359,files.com,files.com,DELETE,/files/{path},DeleteFilesPath
1360,files.com,files.com,DELETE,/form_field_sets/{id},DeleteFormFieldSetsId
1361,files.com,files.com,DELETE,/group_users/{id},DeleteGroupUsersId
1362,files.com,files.com,DELETE,/message_comment_reactions/{id},DeleteMessageCommentReactionsId
1363,files.com,files.com,DELETE,/messages/{id},DeleteMessagesId
1364,files.com,files.com,DELETE,/requests/{id},DeleteRequestsId
1365,files.com,files.com,DELETE,/sftp_host_keys/{id},DeleteSftpHostKeysId
1366,files.com,files.com,DELETE,/user_requests/{id},DeleteUserRequestsId
1367,files.com,files.com,PATCH,/api_key,ApiKeyUpdateCurrent
1368,files.com,files.com,PATCH,/as2_partners/{id},PatchAs2PartnersId
1369,files.com,files.com,PATCH,/as2_stations/{id},PatchAs2StationsId
1370,files.com,files.com,PATCH,/bundle_notifications/{id},PatchBundleNotificationsId
1371,files.com,files.com,PATCH,/group_users/{id},PatchGroupUsersId
1372,files.com,files.com,PATCH,/messages/{id},PatchMessagesId
1373,files.com,files.com,PATCH,/notifications/{id},PatchNotificationsId
1374,files.com,files.com,PATCH,/projects/{id},PatchProjectsId
1375,files.com,files.com,PATCH,/remote_servers/{id},PatchRemoteServersId
1376,files.com,files.com,PATCH,/styles/{path},PatchStylesPath
1377,fire.com,fire.com,DELETE,/v1/batches/{batchUuid},cancelBatchPayment
1378,fire.com,fire.com,DELETE,/v1/batches/{batchUuid}/banktransfers/{itemUuid},deleteBankTransferBatchPayment
1379,fire.com,fire.com,DELETE,/v1/batches/{batchUuid}/internaltransfers/{itemUuid},deleteInternalTransferBatchPayment
1380,fire.com,fire.com,PUT,/v1/batches/{batchUuid},submitBatch
1381,flat.io,flat.io,DELETE,/classes/{class}/assignments/{assignment}/archive,unarchiveAssignment
1382,flat.io,flat.io,DELETE,/classes/{class}/assignments/{assignment}/submissions/{submission},deleteSubmission
1383,flat.io,flat.io,DELETE,/classes/{class}/assignments/{assignment}/submissions/{submission}/comments/{comment},deleteSubmissionComment
1384,flat.io,flat.io,DELETE,/classes/{class}/users/{user},deleteClassUser
1385,flat.io,flat.io,DELETE,/collections/{collection},deleteCollection
1386,flat.io,flat.io,DELETE,/collections/{collection}/scores/{score},deleteScoreFromCollection
1387,flat.io,flat.io,DELETE,/organizations/lti/credentials/{credentials},revokeLtiCredentials
1388,flat.io,flat.io,DELETE,/organizations/users/{user},removeOrganizationUser
1389,flat.io,flat.io,DELETE,/scores/{score}/collaborators/{collaborator},removeScoreCollaborator
1390,flat.io,flat.io,DELETE,/scores/{score}/comments/{comment},deleteScoreComment
1391,flat.io,flat.io,DELETE,/scores/{score}/comments/{comment}/resolved,markScoreCommentUnresolved
1392,flat.io,flat.io,DELETE,/scores/{score}/tracks/{track},deleteScoreTrack
1393,flat.io,flat.io,PUT,/classes/{class},updateClass
1394,flat.io,flat.io,PUT,/classes/{class}/assignments/{assignment}/submissions,createSubmission
1395,flat.io,flat.io,PUT,/classes/{class}/assignments/{assignment}/submissions/{submission},editSubmission
1396,flat.io,flat.io,PUT,/classes/{class}/users/{user},addClassUser
1397,flat.io,flat.io,PUT,/collections/{collection},editCollection
1398,flat.io,flat.io,PUT,/collections/{collection}/scores/{score},addScoreToCollection
1399,flat.io,flat.io,PUT,/organizations/users/{user},updateOrganizationUser
1400,flat.io,flat.io,PUT,/scores/{score}/comments/{comment},updateScoreComment
1401,flat.io,flat.io,PUT,/scores/{score}/comments/{comment}/resolved,markScoreCommentResolved
1402,flat.io,flat.io,PUT,/scores/{score}/tracks/{track},updateScoreTrack
1403,formapi.io,formapi.io,DELETE,/combined_submissions/{combined_submission_id},expireCombinedSubmission
1404,formapi.io,formapi.io,DELETE,/folders/{folder_id},deleteFolder
1405,formapi.io,formapi.io,DELETE,/submissions/{submission_id},expireSubmission
1406,formapi.io,formapi.io,PUT,/data_requests/{data_request_id},updateDataRequest
1407,formapi.io,formapi.io,PUT,/templates/{template_id},updateTemplate
1408,formapi.io,formapi.io,PUT,/templates/{template_id}/add_fields,addFieldsToTemplate
1409,frankiefinancial.io,frankiefinancial.io,DELETE,/entity/{entityId},DeleteEntity
1410,fulfillment.com,fulfillment.com,DELETE,/orders/{id},delete-orders-id
1411,fulfillment.com,fulfillment.com,PUT,/orders/{id}/ship,put-orders-id-ship
1412,fulfillment.com,fulfillment.com,PUT,/orders/{id}/status,put-orders-id-status
1413,fulfillment.com,fulfillment.com,PUT,/returns,put-returns
1414,fungenerators.com,fungenerators.com:random-facts,DELETE,/fact,
1415,fungenerators.com,fungenerators.com:riddle,DELETE,/riddle,
1416,fungenerators.com,fungenerators.com:trivia,DELETE,/trivia,
1417,fungenerators.com,fungenerators.com:random-facts,PUT,/fact,
1418,fungenerators.com,fungenerators.com:riddle,PUT,/riddle,
1419,fungenerators.com,fungenerators.com:trivia,PUT,/trivia,
1420,gambitcomm.local,gambitcomm.local:mimic,DELETE,/mimic/agent/{agentNum}/trap/config/delete/{IP}/{port},trap_config_del
1421,gambitcomm.local,gambitcomm.local:mimic,PUT,/mimic/access/load/{filename},access_load
1422,gambitcomm.local,gambitcomm.local:mimic,PUT,/mimic/access/set/enabled/{enabledOrNot},access_set_enabled
1423,gambitcomm.local,gambitcomm.local:mimic,PUT,/mimic/agent/{agentNum}/protocol/msg/dhcp/set/trace/{enableOrNot},protocol_dhcp_set_trace
1424,gambitcomm.local,gambitcomm.local:mimic,PUT,/mimic/agent/{agentNum}/protocol/msg/ipmi/set/trace/{enableOrNot},protocol_ipmi_set_trace
1425,gambitcomm.local,gambitcomm.local:mimic,PUT,/mimic/agent/{agentNum}/protocol/msg/mqtt/client/message/set/{msgNum}/{attr}/{value},protocol_mqtt_client_message_set
1426,gambitcomm.local,gambitcomm.local:mimic,PUT,/mimic/agent/{agentNum}/protocol/msg/mqtt/client/runtime/abort,protocol_mqtt_client_runtime_abort
1427,gambitcomm.local,gambitcomm.local:mimic,PUT,/mimic/agent/{agentNum}/protocol/msg/mqtt/client/set/broker/{brokerAddr},protocol_mqtt_client_set_broker
1428,gambitcomm.local,gambitcomm.local:mimic,PUT,/mimic/agent/{agentNum}/protocol/msg/mqtt/client/set/clientid/{clientID},protocol_mqtt_client_set_clientid
1429,gambitcomm.local,gambitcomm.local:mimic,PUT,/mimic/agent/{agentNum}/protocol/msg/mqtt/client/set/keepalive/{aliveTime},protocol_mqtt_client_set_keepalive
1430,gambitcomm.local,gambitcomm.local:mimic,PUT,/mimic/agent/{agentNum}/protocol/msg/mqtt/set/config/{argument}/{value},protocol_mqtt_set_config
1431,gambitcomm.local,gambitcomm.local:mimic,PUT,/mimic/agent/{agentNum}/protocol/msg/sflow/resume,protocol_sflow_resume
1432,gambitcomm.local,gambitcomm.local:mimic,PUT,/mimic/agent/{agentNum}/protocol/msg/snmpv3/set/config/{parameter}/{value},protocol_snmpv3_set_config
1433,gambitcomm.local,gambitcomm.local:mimic,PUT,/mimic/agent/{agentNum}/protocol/msg/ssh/set/config/{argument}/{value},protocol_ssh_set_config
1434,gambitcomm.local,gambitcomm.local:mimic,PUT,/mimic/agent/{agentNum}/reload,reload
1435,gambitcomm.local,gambitcomm.local:mimic,PUT,/mimic/agent/{agentNum}/set/drops/{drops},set_drops
1436,gambitcomm.local,gambitcomm.local:mimic,PUT,/mimic/agent/{agentNum}/set/host/{host},set_host
1437,gambitcomm.local,gambitcomm.local:mimic,PUT,/mimic/agent/{agentNum}/set/owner/{owner},set_owner
1438,gambitcomm.local,gambitcomm.local:mimic,PUT,/mimic/agent/{agentNum}/set/start/{start},set_starttime
1439,gambitcomm.local,gambitcomm.local:mimic,PUT,/mimic/agent/{agentNum}/store/unset/{var},agent_store_unset
1440,gambitcomm.local,gambitcomm.local:mimic,PUT,/mimic/clear/{firstAgentNum}/{lastAgentNum},cfg_new
1441,gambitcomm.local,gambitcomm.local:mimic,PUT,/mimic/set/netdev,set_netdev
1442,gamesparks.net,gamesparks.net:game-details,DELETE,/restv2/game/{apiKey}/admin/snapshots/{snapshotId},deleteSnapshotUsingDELETE_1
1443,gamesparks.net,gamesparks.net:game-details,DELETE,/restv2/game/{apiKey}/admin/testHarness/scenarios/{scenarioName},deleteTestHarnessScenarioUsingDELETE
1444,gamesparks.net,gamesparks.net:game-details,DELETE,/restv2/game/{apiKey}/manage/experiments/{id},deleteExperimentUsingDELETE
1445,gamesparks.net,gamesparks.net:game-details,DELETE,/restv2/game/{apiKey}/manage/queries/{shortCode},deleteQueryUsingDELETE
1446,gamesparks.net,gamesparks.net:game-details,DELETE,/restv2/game/{apiKey}/manage/screens/{shortCode},deleteScreenUsingDELETE
1447,gamesparks.net,gamesparks.net:game-details,DELETE,/restv2/game/{apiKey}/manage/snapshots/{snapshotId},deleteSnapshotUsingDELETE
1448,gamesparks.net,gamesparks.net:game-details,DELETE,/restv2/game/{apiKey}/manage/snippets/{shortCode},deleteSnippetUsingDELETE
1449,gamesparks.net,gamesparks.net:game-details,PUT,/restv2/game/{apiKey}/admin/billingDetails,putBillingDetails
1450,gamesparks.net,gamesparks.net:game-details,PUT,/restv2/game/{apiKey}/admin/segmentQueryFilters/config,updateSegmentQueryFiltersConfigUsingPUT
1451,gamesparks.net,gamesparks.net:game-details,PUT,/restv2/game/{apiKey}/admin/testHarness/scenarios/{scenarioName},updateTestHarnessScenarioUsingPUT
1452,gamesparks.net,gamesparks.net:game-details,PUT,/restv2/game/{apiKey}/manage/experiments/{id},updateExperimentUsingPUT
1453,gamesparks.net,gamesparks.net:game-details,PUT,/restv2/game/{apiKey}/manage/queries/{shortCode},updateQueryUsingPUT
1454,gamesparks.net,gamesparks.net:game-details,PUT,/restv2/game/{apiKey}/manage/screens/{shortCode},updateScreenUsingPUT
1455,gamesparks.net,gamesparks.net:game-details,PUT,/restv2/game/{apiKey}/manage/snippets/{shortCode},updateSnippetUsingPUT
1456,gerermesaffaires.com,gerermesaffaires.com,DELETE,/spaces/{id}/triggers/{name},
1457,gerermesaffaires.com,gerermesaffaires.com,DELETE,/spaces/{spaceId}/folders/{folderId}/bank-statements/{documentId},
1458,gerermesaffaires.com,gerermesaffaires.com,DELETE,/spaces/{spaceId}/folders/{folderId}/corporate-tax-declarations/{documentId},
1459,gerermesaffaires.com,gerermesaffaires.com,DELETE,/spaces/{spaceId}/folders/{folderId}/invoices/{documentId},
1460,gerermesaffaires.com,gerermesaffaires.com,DELETE,/spaces/{spaceId}/folders/{folderId}/other-taxes/{documentId},
1461,gerermesaffaires.com,gerermesaffaires.com,DELETE,/spaces/{spaceId}/folders/{folderId}/social-declarations/{documentId},
1462,gerermesaffaires.com,gerermesaffaires.com,DELETE,/spaces/{spaceId}/folders/{folderId}/vat-declarations/{documentId},
1463,gerermesaffaires.com,gerermesaffaires.com,PATCH,/profile,
1464,gerermesaffaires.com,gerermesaffaires.com,PATCH,/profile/mobile,
1465,gerermesaffaires.com,gerermesaffaires.com,PATCH,/spaces/{id}/folders/{folderId}/persons/{memberId},
1466,gerermesaffaires.com,gerermesaffaires.com,PATCH,/spaces/{id}/folders/{folderId}/persons/{memberId}/activeaccess,
1467,gerermesaffaires.com,gerermesaffaires.com,PATCH,/spaces/{id}/groups/{groupId},
1468,gerermesaffaires.com,gerermesaffaires.com,PATCH,/spaces/{id}/groups/{groupId}/folders/{folderId},
1469,gerermesaffaires.com,gerermesaffaires.com,PATCH,/spaces/{spaceId}/folders/{folderId}/bank-statements/{documentId},
1470,gerermesaffaires.com,gerermesaffaires.com,PATCH,/spaces/{spaceId}/folders/{folderId}/contractual-documents/{documentId},
1471,gerermesaffaires.com,gerermesaffaires.com,PATCH,/spaces/{spaceId}/folders/{folderId}/payslips/{documentId},
1472,gerermesaffaires.com,gerermesaffaires.com,PATCH,/spaces/{spaceId}/folders/{folderId}/social-contracts/{documentId},
1473,gerermesaffaires.com,gerermesaffaires.com,PATCH,/spaces/{spaceId}/folders/{id},
1474,gerermesaffaires.com,gerermesaffaires.com,PATCH,/spaces/{spaceId}/folders/{id}/customer,
1475,gerermesaffaires.com,gerermesaffaires.com,PATCH,/spaces/{spaceId}/folders/{id}/messages/{messageId},
1476,gerermesaffaires.com,gerermesaffaires.com,PATCH,/spaces/{spaceId}/folders/{id}/professional-vehicle,
1477,gerermesaffaires.com,gerermesaffaires.com,PATCH,/spaces/{spaceId}/folders/{id}/required-documents/{requireddocumentid},
1478,getgo.com,getgo.com:gototraining,DELETE,/organizers/{organizerKey}/trainings/{trainingKey},cancelTraining
1479,getgo.com,getgo.com:gototraining,DELETE,/organizers/{organizerKey}/trainings/{trainingKey}/registrants/{registrantKey},cancelRegistration
1480,getgo.com,getgo.com:gotowebinar,DELETE,/organizers/{organizerKey}/webinars/{webinarKey},cancelWebinar
1481,getgo.com,getgo.com:gotowebinar,DELETE,/organizers/{organizerKey}/webinars/{webinarKey}/coorganizers/{coorganizerKey},deleteCoorganizer
1482,getgo.com,getgo.com:gotowebinar,DELETE,/organizers/{organizerKey}/webinars/{webinarKey}/panelists/{panelistKey},deleteWebinarPanelist
1483,getgo.com,getgo.com:gotowebinar,DELETE,/organizers/{organizerKey}/webinars/{webinarKey}/registrants/{registrantKey},deleteRegistrant
1484,getgo.com,getgo.com:gototraining,PUT,/organizers/{organizerKey}/trainings/{trainingKey}/nameDescription,updateTrainingNameDescription
1485,getgo.com,getgo.com:gototraining,PUT,/organizers/{organizerKey}/trainings/{trainingKey}/organizers,updateOrganisersForTraining
1486,getgo.com,getgo.com:gototraining,PUT,/organizers/{organizerKey}/trainings/{trainingKey}/registrationSettings,updateRegistrationSettingsForTraining
1487,getgo.com,getgo.com:gototraining,PUT,/organizers/{organizerKey}/trainings/{trainingKey}/times,updateTrainingTimes
1488,getgo.com,getgo.com:gotowebinar,PUT,/organizers/{organizerKey}/webinars/{webinarKey},updateWebinar
1489,getpostman.com,getpostman.com,DELETE,/apis/{apiId},deleteAnApi
1490,getpostman.com,getpostman.com,DELETE,/apis/{apiId}/versions/{apiVersionId},deleteAnApiVersion
1491,getpostman.com,getpostman.com,DELETE,/collections/{collection_uid},deleteCollection
1492,getpostman.com,getpostman.com,DELETE,/environments/{environment_uid},deleteEnvironment
1493,getpostman.com,getpostman.com,DELETE,/mocks/{mock_uid},deleteMock
1494,getpostman.com,getpostman.com,DELETE,/mocks/{mock_uid}/unpublish,unpublishMock
1495,getpostman.com,getpostman.com,DELETE,/monitors/{monitor_uid},deleteMonitor
1496,getpostman.com,getpostman.com,DELETE,/workspaces/{workspace_id},deleteWorkspace
1497,getpostman.com,getpostman.com,PUT,/apis/{apiId},updateAnApi
1498,getpostman.com,getpostman.com,PUT,/apis/{apiId}/versions/{apiVersionId},updateAnApiVersion
1499,getpostman.com,getpostman.com,PUT,/apis/{apiId}/versions/{apiVersionId}/{entityType}/{entityId}/syncWithSchema,syncRelationsWithSchema
1500,getpostman.com,getpostman.com,PUT,/apis/{apiId}/versions/{apiVersionId}/schemas/{schemaId},updateSchema
1501,getpostman.com,getpostman.com,PUT,/collections/{collection_uid},updateCollection
1502,getpostman.com,getpostman.com,PUT,/environments/{environment_uid},updateEnvironment
1503,getpostman.com,getpostman.com,PUT,/mocks/{mock_uid},updateMock
1504,getpostman.com,getpostman.com,PUT,/monitors/{monitor_uid},updateMonitor
1505,getpostman.com,getpostman.com,PUT,/workspaces/{workspace_id},updateWorkspace
1506,getsandbox.com,getsandbox.com,DELETE,/1/sandboxes/{sandboxName},deleteSandbox
1507,getsandbox.com,getsandbox.com,DELETE,/1/sandboxes/{sandboxName}/state,deleteSandboxState
1508,getsandbox.com,getsandbox.com,PUT,/1/sandboxes/{sandboxName},updateSandbox
1509,gettyimages.com,gettyimages.com,DELETE,/v3/asset-changes/change-sets/{change-set-id},
1510,gettyimages.com,gettyimages.com,DELETE,/v3/boards/{board_id},
1511,gettyimages.com,gettyimages.com,DELETE,/v3/boards/{board_id}/assets,
1512,gettyimages.com,gettyimages.com,DELETE,/v3/boards/{board_id}/assets/{asset_id},
1513,gettyimages.com,gettyimages.com,DELETE,/v3/boards/{board_id}/comments/{comment_id},
1514,gettyimages.com,gettyimages.com,PUT,/v3/asset-changes/change-sets,
1515,gettyimages.com,gettyimages.com,PUT,/v3/boards/{board_id},
1516,gettyimages.com,gettyimages.com,PUT,/v3/boards/{board_id}/assets,
1517,gettyimages.com,gettyimages.com,PUT,/v3/boards/{board_id}/assets/{asset_id},
1518,gettyimages.com,gettyimages.com,PUT,/v3/search/by-image/uploads/{file-name},
1519,gettyimages.com,gettyimages.com,PUT,/v3/usage-batches/{id},
1520,gitea.io,gitea.io,DELETE,/orgs/{org}/labels/{id},orgDeleteLabel
1521,gitea.io,gitea.io,DELETE,/packages/{owner}/{type}/{name}/{version},deletePackage
1522,gitea.io,gitea.io,DELETE,/repos/{owner}/{repo},repoDelete
1523,gitea.io,gitea.io,DELETE,/repos/{owner}/{repo}/branch_protections/{name},repoDeleteBranchProtection
1524,gitea.io,gitea.io,DELETE,/repos/{owner}/{repo}/issues/{index}/comments/{id},issueDeleteCommentDeprecated
1525,gitea.io,gitea.io,DELETE,/repos/{owner}/{repo}/issues/{index}/labels/{id},issueRemoveLabel
1526,gitea.io,gitea.io,DELETE,/repos/{owner}/{repo}/issues/{index}/reactions,issueDeleteIssueReaction
1527,gitea.io,gitea.io,DELETE,/repos/{owner}/{repo}/issues/{index}/times,issueResetTime
1528,gitea.io,gitea.io,DELETE,/repos/{owner}/{repo}/keys/{id},repoDeleteKey
1529,gitea.io,gitea.io,DELETE,/repos/{owner}/{repo}/releases/{id}/assets/{attachment_id},repoDeleteReleaseAttachment
1530,gitea.io,gitea.io,DELETE,/repos/{owner}/{repo}/releases/tags/{tag},repoDeleteReleaseByTag
1531,gitea.io,gitea.io,DELETE,/teams/{id}/repos/{org}/{repo},orgRemoveTeamRepository
1532,gitea.io,gitea.io,DELETE,/user/starred/{owner}/{repo},userCurrentDeleteStar
1533,gitea.io,gitea.io,PATCH,/notifications/threads/{id},notifyReadThread
1534,gitea.io,gitea.io,PATCH,/orgs/{org}/hooks/{id},orgEditHook
1535,gitea.io,gitea.io,PATCH,/repos/{owner}/{repo}/issues/{index}/assets/{attachment_id},issueEditIssueAttachment
1536,gitea.io,gitea.io,PATCH,/repos/{owner}/{repo}/issues/{index}/comments/{id},issueEditCommentDeprecated
1537,gitea.io,gitea.io,PATCH,/repos/{owner}/{repo}/issues/comments/{id},issueEditComment
1538,gitea.io,gitea.io,PATCH,/repos/{owner}/{repo}/issues/comments/{id}/assets/{attachment_id},issueEditIssueCommentAttachment
1539,gitea.io,gitea.io,PATCH,/user/settings,updateUserSettings
1540,gitea.io,gitea.io,PUT,/notifications,notifyReadList
1541,gitea.io,gitea.io,PUT,/orgs/{org}/public_members/{username},orgPublicizeMember
1542,gitlab.com,gitlab.com,DELETE,/v3/groups/{id}/members/{user_id},deleteV3GroupsIdMembersUserId
1543,gitlab.com,gitlab.com,DELETE,/v3/projects/{id}/deploy_keys/{key_id},deleteV3ProjectsIdDeployKeysKeyId
1544,gitlab.com,gitlab.com,DELETE,/v3/projects/{id}/deploy_keys/{key_id}/disable,deleteV3ProjectsIdDeployKeysKeyIdDisable
1545,gitlab.com,gitlab.com,DELETE,/v3/projects/{id}/environments/{environment_id},deleteV3ProjectsIdEnvironmentsEnvironmentId
1546,gitlab.com,gitlab.com,DELETE,/v3/projects/{id}/issues/{noteable_id}/notes/{note_id},deleteV3ProjectsIdIssuesNoteableIdNotesNoteId
1547,gitlab.com,gitlab.com,DELETE,/v3/projects/{id}/labels,deleteV3ProjectsIdLabels
1548,gitlab.com,gitlab.com,DELETE,/v3/projects/{id}/labels/{subscribable_id}/subscription,deleteV3ProjectsIdLabelsSubscribableIdSubscription
1549,gitlab.com,gitlab.com,DELETE,/v3/projects/{id}/repository/files,deleteV3ProjectsIdRepositoryFiles
1550,gitlab.com,gitlab.com,DELETE,/v3/projects/{id}/runners/{runner_id},deleteV3ProjectsIdRunnersRunnerId
1551,gitlab.com,gitlab.com,PUT,/v3/application/settings,putV3ApplicationSettings
1552,gitlab.com,gitlab.com,PUT,/v3/groups/{id}/notification_settings,putV3GroupsIdNotificationSettings
1553,gitlab.com,gitlab.com,PUT,/v3/projects/{id}/access_requests/{user_id}/approve,putV3ProjectsIdAccessRequestsUserIdApprove
1554,gitlab.com,gitlab.com,PUT,/v3/projects/{id}/boards/{board_id}/lists/{list_id},putV3ProjectsIdBoardsBoardIdListsListId
1555,gitlab.com,gitlab.com,PUT,/v3/projects/{id}/issues/{issue_id},putV3ProjectsIdIssuesIssueId
1556,gitlab.com,gitlab.com,PUT,/v3/projects/{id}/merge_requests/{noteable_id}/notes/{note_id},putV3ProjectsIdMergeRequestsNoteableIdNotesNoteId
1557,gitlab.com,gitlab.com,PUT,/v3/projects/{id}/services/asana,putV3ProjectsIdServicesAsana
1558,gitlab.com,gitlab.com,PUT,/v3/projects/{id}/services/irker,putV3ProjectsIdServicesIrker
1559,gitlab.com,gitlab.com,PUT,/v3/projects/{id}/services/pivotaltracker,putV3ProjectsIdServicesPivotaltracker
1560,gitlab.com,gitlab.com,PUT,/v3/projects/{id}/services/slack,putV3ProjectsIdServicesSlack
1561,gitlab.com,gitlab.com,PUT,/v3/projects/{id}/services/teamcity,putV3ProjectsIdServicesTeamcity
1562,gitlab.com,gitlab.com,PUT,/v3/projects/{id}/variables/{key},putV3ProjectsIdVariablesKey
1563,gitlab.com,gitlab.com,PUT,/v3/snippets/{id},putV3SnippetsId
1564,google.com,google.com,DELETE,/v3/{name},travelpartner.accounts.accountLinks.delete
1565,google.com,google.com,PATCH,/v3/{name},travelpartner.accounts.brands.patch
1566,googleapis.com,googleapis.com:content,DELETE,/{merchantId}/products/{productId},content.products.delete
1567,googleapis.com,googleapis.com:compute,DELETE,/projects/{project}/global/sslPolicies/{sslPolicy},compute.sslPolicies.delete
1568,googleapis.com,googleapis.com:compute,DELETE,/projects/{project}/regions/{region}/packetMirrorings/{packetMirroring},compute.packetMirrorings.delete
1569,googleapis.com,googleapis.com:compute,DELETE,/projects/{project}/zones/{zone}/disks/{disk},compute.disks.delete
1570,googleapis.com,googleapis.com:compute,DELETE,/projects/{project}/zones/{zone}/targetInstances/{targetInstance},compute.targetInstances.delete
1571,googleapis.com,googleapis.com:androidmanagement,DELETE,/v1/{name},androidmanagement.enterprises.webApps.delete
1572,googleapis.com,googleapis.com:people,DELETE,/v1/{resourceName},people.contactGroups.delete
1573,googleapis.com,googleapis.com:classroom,DELETE,/v1/courses/{courseId}/aliases/{alias},classroom.courses.aliases.delete
1574,googleapis.com,googleapis.com:youtube,DELETE,/youtube/v3/playlistItems,youtube.playlistItems.delete
1575,googleapis.com,googleapis.com:dns,PATCH,/dns/v2/projects/{project}/locations/{location}/managedZones/{managedZone}/rrsets/{name}/{type},dns.resourceRecordSets.patch
1576,googleapis.com,googleapis.com:drive,PATCH,/files/{fileId}/comments/{commentId},drive.comments.update
1577,googleapis.com,googleapis.com:compute,PATCH,/projects/{project}/global/backendBuckets/{backendBucket},compute.backendBuckets.patch
1578,googleapis.com,googleapis.com:compute,PATCH,/projects/{project}/regions/{region}/instanceGroupManagers/{instanceGroupManager},compute.regionInstanceGroupManagers.patch
1579,googleapis.com,googleapis.com:dfareporting,PATCH,/userprofiles/{profileId}/remarketingLists,dfareporting.remarketingLists.patch
1580,googleapis.com,googleapis.com:file,PATCH,/v1/{name},file.projects.locations.instances.snapshots.patch
1581,googleapis.com,googleapis.com:area120tables,PATCH,/v1alpha1/{name},area120tables.tables.rows.patch
1582,googleapis.com,googleapis.com:prod_tt_sasportal,PATCH,/v1alpha1/{name}:updateSigned,prod_tt_sasportal.nodes.devices.updateSigned
1583,googleapis.com,googleapis.com:fitness,PUT,/{userId}/dataSources/{dataSourceId},fitness.users.dataSources.update
1584,googleapis.com,googleapis.com:androidenterprise,PUT,/androidenterprise/v1/enterprises/{enterpriseId}/users/{userId},androidenterprise.users.update
1585,googleapis.com,googleapis.com:analytics,PUT,/management/accounts/{accountId}/webproperties/{webPropertyId}/profiles/{profileId}/entityUserLinks/{linkId},analytics.management.profileUserLinks.update
1586,googleapis.com,googleapis.com:dataflow,PUT,/v1b3/projects/{projectId}/jobs/{jobId},dataflow.projects.jobs.update
1587,googleapis.com,googleapis.com:blogger,PUT,/v3/blogs/{blogId}/pages/{pageId},blogger.pages.update
1588,gsmtasks.com,gsmtasks.com,DELETE,/accounts/{id}/workers/,accounts_workers_destroy
1589,gsmtasks.com,gsmtasks.com,DELETE,/documents/{id}/,documents_destroy
1590,gsmtasks.com,gsmtasks.com,DELETE,/emails/{id}/,emails_destroy
1591,gsmtasks.com,gsmtasks.com,DELETE,/metafields/{id}/,metafields_destroy
1592,gsmtasks.com,gsmtasks.com,DELETE,/sms/{id}/,sms_destroy
1593,gsmtasks.com,gsmtasks.com,DELETE,/task_forms/{id}/,task_forms_destroy
1594,gsmtasks.com,gsmtasks.com,DELETE,/users/{id}/,users_destroy
1595,gsmtasks.com,gsmtasks.com,DELETE,/webhooks/{id}/,webhooks_destroy
1596,gsmtasks.com,gsmtasks.com,PATCH,/contact_addresses/{id}/,contact_addresses_partial_update
1597,gsmtasks.com,gsmtasks.com,PATCH,/exports/{id}/,exports_partial_update
1598,gsmtasks.com,gsmtasks.com,PATCH,/metafields/{id}/,metafields_partial_update
1599,gsmtasks.com,gsmtasks.com,PATCH,/notification_templates/{id}/,notification_templates_partial_update
1600,gsmtasks.com,gsmtasks.com,PATCH,/push_notifications/{id}/,push_notifications_partial_update
1601,gsmtasks.com,gsmtasks.com,PATCH,/webhooks/{id}/,webhooks_partial_update
1602,gsmtasks.com,gsmtasks.com,PUT,/account_roles/{id}/,account_roles_update
1603,gsmtasks.com,gsmtasks.com,PUT,/accounts/{id}/,accounts_update
1604,gsmtasks.com,gsmtasks.com,PUT,/billing/invoices/{id}/,billing_invoices_update
1605,gsmtasks.com,gsmtasks.com,PUT,/exports/{id}/,exports_update
1606,gsmtasks.com,gsmtasks.com,PUT,/metafields/{id}/,metafields_update
1607,gsmtasks.com,gsmtasks.com,PUT,/task_commands/{id}/,task_commands_update
1608,gsmtasks.com,gsmtasks.com,PUT,/trackers/{id}/,trackers_update
1609,gsmtasks.com,gsmtasks.com,PUT,/users/{id}/,users_update
1610,here.com,here.com:tracking,DELETE,/aliases/v2/{trackingId},
1611,here.com,here.com:tracking,DELETE,/aliases/v2/{trackingId}/{type},
1612,here.com,here.com:tracking,DELETE,/aliases/v2/{trackingId}/{type}/{externalId},
1613,here.com,here.com:tracking,DELETE,/geofences/v2/{geofenceId},
1614,here.com,here.com:tracking,DELETE,/locations/v4,
1615,here.com,here.com:tracking,DELETE,/metadata/v2/devices/{trackingId},
1616,here.com,here.com:tracking,DELETE,/notifications/v3/registrations,
1617,here.com,here.com:tracking,DELETE,/registry/v2/{trackingId},
1618,here.com,here.com:tracking,DELETE,/registry/v2/devices/{deviceOrExternalId},
1619,here.com,here.com:tracking,DELETE,/rules/v4/{ruleId},
1620,here.com,here.com:tracking,DELETE,/shipments/v4/plans/{shipmentPlanId},
1621,here.com,here.com:tracking,PATCH,/bulkjobs/v4/deviceUploads/{jobId},
1622,here.com,here.com:tracking,PATCH,/shipments/v4/{shipmentId}/{segmentId},
1623,here.com,here.com:tracking,PUT,/aliases/v2/{trackingId}/{type}/{externalId},
1624,here.com,here.com:tracking,PUT,/associations/v3/{trackingId}/geofences/{geofenceId},
1625,here.com,here.com:tracking,PUT,/associations/v3/{trackingId}/rules/{ruleId},
1626,here.com,here.com:tracking,PUT,/associations/v3/{trackingId}/sensors/{sensorRuleId},
1627,here.com,here.com:tracking,PUT,/c2c/v4/connectors/{connectorId},
1628,here.com,here.com:tracking,PUT,/geofence-associations/v2/{geofenceId}/{trackingId},
1629,here.com,here.com:tracking,PUT,/geofences/v2/{geofenceId},
1630,here.com,here.com:tracking,PUT,/metadata/v2/sensorRules/{sensorRuleId},
1631,here.com,here.com:tracking,PUT,/notifications/v3/registration/{channelId},
1632,hetras-certification.net,hetras-certification.net:booking,PATCH,/api/booking/v0/bookings/{confirmationId}/reservations/{reservationNumber},Bookings_Patch
1633,hetras-certification.net,hetras-certification.net:hotel,PATCH,/api/hotel/v0/hotels/{hotelId}/rateplans/{rateplanCode}/rates,RatePlans_PatchRates
1634,hetras-certification.net,hetras-certification.net:hotel,PATCH,/api/hotel/v0/hotels/{hotelId}/rateplans/{rateplanCode}/rates/{businessDay},RatePlans_PatchRate
1635,hetras-certification.net,hetras-certification.net:hotel,PATCH,/api/hotel/v0/hotels/{hotelId}/rooms/{roomNumber},Rooms_PatchRoom
1636,hetras-certification.net,hetras-certification.net:booking,PUT,/api/booking/v0/bookings/{confirmationId}/reservations/{reservationNumber}/payment_token,Bookings_PaymentToken
1637,hetras-certification.net,hetras-certification.net:hotel,PUT,/api/hotel/v0/hotels/{hotelId}/rateplans/batch/$rates,RatePlans_BatchUpdateRates
1638,hetras-certification.net,hetras-certification.net:hotel,PUT,/api/hotel/v0/hotels/{hotelId}/yieldable_rateplans/{rateplanCode}/$rates,YieldableRates_SavePrices
1639,hetzner.cloud,hetzner.cloud,DELETE,/certificates/{id},
1640,hetzner.cloud,hetzner.cloud,DELETE,/firewalls/{id},
1641,hetzner.cloud,hetzner.cloud,DELETE,/floating_ips/{id},
1642,hetzner.cloud,hetzner.cloud,DELETE,/images/{id},
1643,hetzner.cloud,hetzner.cloud,DELETE,/load_balancers/{id},
1644,hetzner.cloud,hetzner.cloud,DELETE,/networks/{id},
1645,hetzner.cloud,hetzner.cloud,DELETE,/placement_groups/{id},
1646,hetzner.cloud,hetzner.cloud,DELETE,/primary_ips/{id},
1647,hetzner.cloud,hetzner.cloud,DELETE,/servers/{id},
1648,hetzner.cloud,hetzner.cloud,DELETE,/ssh_keys/{id},
1649,hetzner.cloud,hetzner.cloud,DELETE,/volumes/{id},
1650,hetzner.cloud,hetzner.cloud,PUT,/certificates/{id},
1651,hetzner.cloud,hetzner.cloud,PUT,/firewalls/{id},
1652,hetzner.cloud,hetzner.cloud,PUT,/floating_ips/{id},
1653,hetzner.cloud,hetzner.cloud,PUT,/images/{id},
1654,hetzner.cloud,hetzner.cloud,PUT,/load_balancers/{id},
1655,hetzner.cloud,hetzner.cloud,PUT,/networks/{id},
1656,hetzner.cloud,hetzner.cloud,PUT,/placement_groups/{id},
1657,hetzner.cloud,hetzner.cloud,PUT,/primary_ips/{id},
1658,hetzner.cloud,hetzner.cloud,PUT,/servers/{id},
1659,hetzner.cloud,hetzner.cloud,PUT,/ssh_keys/{id},
1660,hetzner.cloud,hetzner.cloud,PUT,/volumes/{id},
1661,httpbin.org,httpbin.org,DELETE,/anything,
1662,httpbin.org,httpbin.org,DELETE,/delay/{delay},
1663,httpbin.org,httpbin.org,DELETE,/delete,
1664,httpbin.org,httpbin.org,DELETE,/redirect-to,
1665,httpbin.org,httpbin.org,DELETE,/status/{codes},
1666,httpbin.org,httpbin.org,PATCH,/anything,
1667,httpbin.org,httpbin.org,PATCH,/anything/{anything},
1668,httpbin.org,httpbin.org,PATCH,/delay/{delay},
1669,httpbin.org,httpbin.org,PATCH,/patch,
1670,httpbin.org,httpbin.org,PATCH,/redirect-to,
1671,httpbin.org,httpbin.org,PATCH,/status/{codes},
1672,httpbin.org,httpbin.org,PUT,/anything,
1673,httpbin.org,httpbin.org,PUT,/anything/{anything},
1674,httpbin.org,httpbin.org,PUT,/delay/{delay},
1675,httpbin.org,httpbin.org,PUT,/put,
1676,httpbin.org,httpbin.org,PUT,/redirect-to,
1677,httpbin.org,httpbin.org,PUT,/status/{codes},
1678,hubapi.com,hubapi.com:automation,DELETE,/automation/v4/actions/{appId}/{definitionId},delete-/automation/v4/actions/{appId}/{definitionId}_archive
1679,hubapi.com,hubapi.com:automation,DELETE,/automation/v4/actions/{appId}/{definitionId}/functions/{functionType},delete-/automation/v4/actions/{appId}/{definitionId}/functions/{functionType}_archiveByFunctionType
1680,hubapi.com,hubapi.com:automation,DELETE,/automation/v4/actions/{appId}/{definitionId}/functions/{functionType}/{functionId},delete-/automation/v4/actions/{appId}/{definitionId}/functions/{functionType}/{functionId}_archive
1681,hubapi.com,hubapi.com:crm,DELETE,/crm/v3/extensions/cards/{appId}/{cardId},delete-/crm/v3/extensions/cards/{appId}/{cardId}_archive
1682,hubapi.com,hubapi.com:files,DELETE,/files/v3/files/{fileId},delete-/files/v3/files/{fileId}_archive
1683,hubapi.com,hubapi.com:files,DELETE,/files/v3/files/{fileId}/gdpr-delete,delete-/files/v3/files/{fileId}/gdpr-delete_archiveGDPR
1684,hubapi.com,hubapi.com:files,DELETE,/files/v3/folders/{folderId},delete-/files/v3/folders/{folderId}_archive
1685,hubapi.com,hubapi.com:files,DELETE,/files/v3/folders/{folderPath},delete-/files/v3/folders/{folderPath}_archiveByPath
1686,hubapi.com,hubapi.com:marketing,DELETE,/marketing/v3/marketing-events/events/{externalEventId},delete-/marketing/v3/marketing-events/events/{externalEventId}_archive
1687,hubapi.com,hubapi.com:auth,DELETE,/oauth/v1/refresh-tokens/{token},delete-/oauth/v1/refresh-tokens/{token}_archive
1688,hubapi.com,hubapi.com:webhooks,DELETE,/webhooks/v3/{appId}/settings,delete-/webhooks/v3/{appId}/settings_clear
1689,hubapi.com,hubapi.com:webhooks,DELETE,/webhooks/v3/{appId}/subscriptions/{subscriptionId},delete-/webhooks/v3/{appId}/subscriptions/{subscriptionId}_archive
1690,hubapi.com,hubapi.com:automation,PATCH,/automation/v4/actions/{appId}/{definitionId},patch-/automation/v4/actions/{appId}/{definitionId}_update
1691,hubapi.com,hubapi.com:crm,PATCH,/crm/v3/extensions/cards/{appId}/{cardId},patch-/crm/v3/extensions/cards/{appId}/{cardId}_update
1692,hubapi.com,hubapi.com:marketing,PATCH,/marketing/v3/marketing-events/events/{externalEventId},patch-/marketing/v3/marketing-events/events/{externalEventId}_update
1693,hubapi.com,hubapi.com:webhooks,PATCH,/webhooks/v3/{appId}/subscriptions/{subscriptionId},patch-/webhooks/v3/{appId}/subscriptions/{subscriptionId}_update
1694,hubapi.com,hubapi.com:automation,PUT,/automation/v4/actions/{appId}/{definitionId}/functions/{functionType},put-/automation/v4/actions/{appId}/{definitionId}/functions/{functionType}_createOrReplaceByFunctionType
1695,hubapi.com,hubapi.com:automation,PUT,/automation/v4/actions/{appId}/{definitionId}/functions/{functionType}/{functionId},put-/automation/v4/actions/{appId}/{definitionId}/functions/{functionType}/{functionId}_createOrReplace
1696,hubapi.com,hubapi.com:files,PUT,/files/v3/files/{fileId},put-/files/v3/files/{fileId}_replace
1697,hubapi.com,hubapi.com:marketing,PUT,/marketing/v3/marketing-events/events/{externalEventId},put-/marketing/v3/marketing-events/events/{externalEventId}_replace
1698,hubapi.com,hubapi.com:webhooks,PUT,/webhooks/v3/{appId}/settings,put-/webhooks/v3/{appId}/settings_configure
1699,i-cue.solutions,i-cue.solutions,DELETE,/administration/entity/{id},
1700,i-cue.solutions,i-cue.solutions,DELETE,/administration/planning-level/{entityId}/{id},
1701,i-cue.solutions,i-cue.solutions,DELETE,/administration/user/{entityId}/{id},
1702,i-cue.solutions,i-cue.solutions,PUT,/administration/entity,
1703,i-cue.solutions,i-cue.solutions,PUT,/administration/user,
1704,i-cue.solutions,i-cue.solutions,PUT,/administration/user/lock,
1705,id4i.de,id4i.de,DELETE,/api/v1/apikeys/{key},deleteApiKey
1706,id4i.de,id4i.de,DELETE,/api/v1/apikeys/{key}/privileges,removeApiKeyPrivilege
1707,id4i.de,id4i.de,DELETE,/api/v1/apikeys/{key}/privileges/{privilege}/id4ns,removeApiKeyPrivilegeForId4ns
1708,id4i.de,id4i.de,DELETE,/api/v1/collections/{id4n}/elements,removeElementsFromCollection
1709,id4i.de,id4i.de,DELETE,/api/v1/documents/{id4n}/{organizationId}/{fileName},deleteDocument
1710,id4i.de,id4i.de,DELETE,/api/v1/id4ns/{id4n}/alias/{aliasType},removeGuidAlias
1711,id4i.de,id4i.de,DELETE,/api/v1/id4ns/{id4n}/properties,deleteProperties
1712,id4i.de,id4i.de,DELETE,/api/v1/organizations/{organizationId},deleteOrganization
1713,id4i.de,id4i.de,DELETE,/api/v1/organizations/{organizationId}/partner,removePartnerOrganization
1714,id4i.de,id4i.de,PATCH,/api/v1/collections/{id4n},updateCollection
1715,id4i.de,id4i.de,PATCH,/api/v1/history/{id4n}/{organizationId}/{sequenceId},updateItem
1716,id4i.de,id4i.de,PATCH,/api/v1/id4ns/{id4n}/properties,patchProperties
1717,id4i.de,id4i.de,PATCH,/api/v1/organizations/{organizationId}/messaging,patchDefaultQueue
1718,id4i.de,id4i.de,PUT,/account/password,verifyPasswordReset
1719,id4i.de,id4i.de,PUT,/account/registration,completeRegistration
1720,id4i.de,id4i.de,PUT,/api/v1/apikeys/{key},updateApiKey
1721,id4i.de,id4i.de,PUT,/api/v1/documents/{id4n}/{organizationId},putDocument
1722,id4i.de,id4i.de,PUT,/api/v1/history/{id4n}/{organizationId}/{sequenceId}/visibility,updateItemVisibility
1723,id4i.de,id4i.de,PUT,/api/v1/microstorage/{id4n}/{organization},writeToMicrostorage
1724,id4i.de,id4i.de,PUT,/api/v1/organizations/{organizationId},updateOrganization
1725,id4i.de,id4i.de,PUT,/api/v1/organizations/{organizationId}/addresses/billing,updateOrganizationBillingAddress
1726,id4i.de,id4i.de,PUT,/api/v1/transfers/{id4n}/receiveInfo,receive
1727,ideal-postcodes.co.uk,ideal-postcodes.co.uk,DELETE,/keys/{key}/configs/{config},DeleteConfig
1728,ideal-postcodes.co.uk,ideal-postcodes.co.uk,DELETE,/keys/{key}/licensees/{licensee},DeleteLicensee
1729,ideal-postcodes.co.uk,ideal-postcodes.co.uk,PUT,/keys/{key}/licensees/{licensee},UpdateLicensee
1730,ijenko.net,ijenko.net,DELETE,/account/users/{userId},Account.deleteUser
1731,ijenko.net,ijenko.net,DELETE,/notifications/{notificationId},Notification.delete
1732,ijenko.net,ijenko.net,DELETE,/programs/{programId},Program.delete
1733,ijenko.net,ijenko.net,PATCH,/account/users/{userId},Account.patchUser
1734,ijenko.net,ijenko.net,PATCH,/account/users/{userId}/metadata,User.patchMetadata
1735,ijenko.net,ijenko.net,PATCH,/devices/{deviceId},Devices.patch
1736,ijenko.net,ijenko.net,PATCH,/devices/{deviceId}/metadata,Device.patchMetadata
1737,ijenko.net,ijenko.net,PATCH,/devices/{deviceId}/tags,Device.patchTags
1738,ijenko.net,ijenko.net,PATCH,/functionalities/{functionalityId},Functionality.patch
1739,ijenko.net,ijenko.net,PATCH,/functionalities/{functionalityId}/metadata,Functionality.patchMetadata
1740,ijenko.net,ijenko.net,PATCH,/functionalities/{functionalityId}/tags,Functionality.patchTags
1741,ijenko.net,ijenko.net,PATCH,/me,Me.patch
1742,ijenko.net,ijenko.net,PATCH,/notifications/{notificationId},Notification.patch
1743,ijenko.net,ijenko.net,PATCH,/notifications/{notificationId}/metadata,Notification.patchMetadata
1744,ijenko.net,ijenko.net,PATCH,/places/{placeId},Place.patch
1745,ijenko.net,ijenko.net,PATCH,/places/{placeId}/metadata,Place.patchMetadata
1746,ijenko.net,ijenko.net,PATCH,/programs/{programId},Program.patch
1747,ijenko.net,ijenko.net,PATCH,/programs/{programId}/metadata,Program.patchMetadata
1748,ijenko.net,ijenko.net,PUT,/functionalities/{functionalityId}/attributes/{attributeName},Functionality.set
1749,ijenko.net,ijenko.net,PUT,/places/{placeId}/buses/{busId}/pairing,Place.openPairing
1750,illumidesk.com,illumidesk.com,DELETE,/v1/{namespace}/billing/subscriptions/{id}/,billing_subscriptions_delete
1751,illumidesk.com,illumidesk.com,DELETE,/v1/{namespace}/projects/{project}/,projects_delete
1752,illumidesk.com,illumidesk.com,DELETE,/v1/{namespace}/projects/{project}/project_files/{id}/,projects_project_files_delete
1753,illumidesk.com,illumidesk.com,DELETE,/v1/{namespace}/projects/{project}/servers/{server}/,projects_servers_delete
1754,illumidesk.com,illumidesk.com,DELETE,/v1/{namespace}/projects/{project}/servers/{server}/run-stats/{id}/,projects_servers_run-stats_delete
1755,illumidesk.com,illumidesk.com,DELETE,/v1/teams/{team}/,teams_delete
1756,illumidesk.com,illumidesk.com,DELETE,/v1/users/{user}/avatar/,user_avatar_delete
1757,illumidesk.com,illumidesk.com,PATCH,/v1/{namespace}/billing/cards/{id}/,billing_cards_update
1758,illumidesk.com,illumidesk.com,PATCH,/v1/{namespace}/notifications/settings/entity/{entity},notification_settings_entity_update
1759,illumidesk.com,illumidesk.com,PATCH,/v1/{namespace}/projects/{project}/,projects_update
1760,illumidesk.com,illumidesk.com,PATCH,/v1/{namespace}/projects/{project}/deployments/{deployment}/,projects_deployments_update
1761,illumidesk.com,illumidesk.com,PATCH,/v1/{namespace}/projects/{project}/servers/{server}/ssh-tunnels/{tunnel}/,projects_servers_ssh-tunnels_update
1762,illumidesk.com,illumidesk.com,PATCH,/v1/teams/{team}/groups/{group}/,teams_groups_update
1763,illumidesk.com,illumidesk.com,PATCH,/v1/users/profiles/{user}/,users_update
1764,illumidesk.com,illumidesk.com,PUT,/v1/{namespace}/projects/{project}/,projects_replace
1765,illumidesk.com,illumidesk.com,PUT,/v1/{namespace}/projects/{project}/deployments/{deployment}/,projects_deployments_replace
1766,illumidesk.com,illumidesk.com,PUT,/v1/{namespace}/projects/{project}/project_files/{id}/,projects_project_files_replace
1767,illumidesk.com,illumidesk.com,PUT,/v1/{namespace}/projects/{project}/servers/{server}/,projects_servers_replace
1768,illumidesk.com,illumidesk.com,PUT,/v1/{namespace}/projects/{project}/servers/{server}/run-stats/{id}/,projects_servers_run-stats_replace
1769,illumidesk.com,illumidesk.com,PUT,/v1/{namespace}/projects/{project}/servers/{server}/stats/{id}/,projects_servers_stats_replace
1770,illumidesk.com,illumidesk.com,PUT,/v1/servers/options/server-size/{size}/,servers_options_server_size_replace
1771,illumidesk.com,illumidesk.com,PUT,/v1/users/{user}/emails/{email_id}/,users_emails_replace
1772,impala.travel,impala.travel:hotels,DELETE,/bookings/{bookingId},cancelBooking
1773,impala.travel,impala.travel:hotels,PUT,/bookings/{bookingId},updateBooking
1774,impala.travel,impala.travel:hotels,PUT,/bookings/{bookingId}/booking-contact,updateBookingContact
1775,import.io,import.io:schedule,DELETE,/extractor/{extractorId}/,
1776,inboxroute.com,inboxroute.com,DELETE,/contacts/{contactid},
1777,inboxroute.com,inboxroute.com,DELETE,/contacts/lists/{listid},
1778,inboxroute.com,inboxroute.com,PUT,/contacts/{contactid},
1779,inboxroute.com,inboxroute.com,PUT,/contacts/lists/{listid},
1780,increase.com,increase.com,PATCH,/account_numbers/{account_number_id},update_an_account_number
1781,increase.com,increase.com,PATCH,/accounts/{account_id},update_an_account
1782,increase.com,increase.com,PATCH,/cards/{card_id},update_a_card
1783,increase.com,increase.com,PATCH,/event_subscriptions/{event_subscription_id},update_an_event_subscription
1784,increase.com,increase.com,PATCH,/external_accounts/{external_account_id},update_an_external_account
1785,increase.com,increase.com,PATCH,/limits/{limit_id},update_a_limit
1786,influxdata.com,influxdata.com,DELETE,/authorizations/{authID},DeleteAuthorizationsID
1787,influxdata.com,influxdata.com,DELETE,/buckets/{bucketID}/labels/{labelID},DeleteBucketsIDLabelsID
1788,influxdata.com,influxdata.com,DELETE,/buckets/{bucketID}/owners/{userID},DeleteBucketsIDOwnersID
1789,influxdata.com,influxdata.com,DELETE,/checks/{checkID},DeleteChecksID
1790,influxdata.com,influxdata.com,DELETE,/dashboards/{dashboardID},DeleteDashboardsID
1791,influxdata.com,influxdata.com,DELETE,/dashboards/{dashboardID}/owners/{userID},DeleteDashboardsIDOwnersID
1792,influxdata.com,influxdata.com,DELETE,/notificationEndpoints/{endpointID},DeleteNotificationEndpointsID
1793,influxdata.com,influxdata.com,DELETE,/orgs/{orgID},DeleteOrgsID
1794,influxdata.com,influxdata.com,DELETE,/scrapers/{scraperTargetID},DeleteScrapersID
1795,influxdata.com,influxdata.com,DELETE,/scrapers/{scraperTargetID}/labels/{labelID},DeleteScrapersIDLabelsID
1796,influxdata.com,influxdata.com,DELETE,/scrapers/{scraperTargetID}/owners/{userID},DeleteScrapersIDOwnersID
1797,influxdata.com,influxdata.com,DELETE,/tasks/{taskID},DeleteTasksID
1798,influxdata.com,influxdata.com,DELETE,/tasks/{taskID}/runs/{runID},DeleteTasksIDRunsID
1799,influxdata.com,influxdata.com,PATCH,/authorizations/{authID},PatchAuthorizationsID
1800,influxdata.com,influxdata.com,PATCH,/dashboards/{dashboardID},PatchDashboardsID
1801,influxdata.com,influxdata.com,PATCH,/dashboards/{dashboardID}/cells/{cellID},PatchDashboardsIDCellsID
1802,influxdata.com,influxdata.com,PATCH,/orgs/{orgID}/secrets,PatchOrgsIDSecrets
1803,influxdata.com,influxdata.com,PATCH,/users/{userID},PatchUsersID
1804,influxdata.com,influxdata.com,PATCH,/variables/{variableID},PatchVariablesID
1805,influxdata.com,influxdata.com,PUT,/checks/{checkID},PutChecksID
1806,influxdata.com,influxdata.com,PUT,/dashboards/{dashboardID}/cells,PutDashboardsIDCells
1807,influxdata.com,influxdata.com,PUT,/variables/{variableID},PutVariablesID
1808,instagram.com,instagram.com,DELETE,/media/{media-id}/comments/{comment-id},
1809,instagram.com,instagram.com,DELETE,/media/{media-id}/likes,
1810,intellifi.nl,intellifi.nl,DELETE,/blobs/{id},deleteBlob
1811,intellifi.nl,intellifi.nl,DELETE,/items/{id},deleteItem
1812,intellifi.nl,intellifi.nl,DELETE,/keys/{id},deleteKey
1813,intellifi.nl,intellifi.nl,DELETE,/kvpairs/{id},deleteKvPair
1814,intellifi.nl,intellifi.nl,DELETE,/locationrules/{id},deleteLocationRule
1815,intellifi.nl,intellifi.nl,DELETE,/locations/{id},deleteLocation
1816,intellifi.nl,intellifi.nl,DELETE,/sets/itemlists/{id},deleteItemSet
1817,intellifi.nl,intellifi.nl,DELETE,/sets/spotlists/{id},deleteSpotList
1818,intellifi.nl,intellifi.nl,DELETE,/sets/spotlists/{id}/ids/{itemId},deleteItemIdFromSpotList
1819,intellifi.nl,intellifi.nl,DELETE,/subscriptions/{id},deleteSubscription
1820,intellifi.nl,intellifi.nl,DELETE,/users/{id},deleteUser
1821,intellifi.nl,intellifi.nl,PUT,/items/{id},updateItem
1822,intellifi.nl,intellifi.nl,PUT,/keys/{id},updateKey
1823,intellifi.nl,intellifi.nl,PUT,/locationrules/{id},updateLocationRule
1824,intellifi.nl,intellifi.nl,PUT,/locations/{id},updateLocation
1825,intellifi.nl,intellifi.nl,PUT,/services/{id},updateService
1826,intellifi.nl,intellifi.nl,PUT,/sets/itemlists/{id},updateItemList
1827,intellifi.nl,intellifi.nl,PUT,/sets/spotlists/{id},updateSpotList
1828,intellifi.nl,intellifi.nl,PUT,/spots/{id},updateSpot
1829,intellifi.nl,intellifi.nl,PUT,/spotsets/{id},
1830,intellifi.nl,intellifi.nl,PUT,/subscriptions/{id},updateSubscription
1831,intellifi.nl,intellifi.nl,PUT,/users/{id},updateUser
1832,interactivebrokers.com,interactivebrokers.com,DELETE,/accounts/{account}/orders/{CustomerOrderId},
1833,interactivebrokers.com,interactivebrokers.com,PUT,/accounts/{account}/orders/{CustomerOrderId},
1834,iqualify.com,iqualify.com,DELETE,/course-mappings/{offeringId}/{externalCourseId},
1835,iqualify.com,iqualify.com,DELETE,/offerings/{offeringId}/assessments/{assessmentId}/documents/{documentId},
1836,iqualify.com,iqualify.com,DELETE,/offerings/{offeringId}/channels/{channelId}/learners,
1837,iqualify.com,iqualify.com,DELETE,/offerings/{offeringId}/groups/{groupId}/learners/{userEmail},
1838,iqualify.com,iqualify.com,DELETE,/offerings/{offeringId}/users/{markerEmail}/marks,
1839,iqualify.com,iqualify.com,DELETE,/offerings/{offeringId}/users/{userEmail},
1840,iqualify.com,iqualify.com,DELETE,/offerings/{offeringId}/users/{userEmail}/assessments/{assessmentId},
1841,iqualify.com,iqualify.com,PATCH,/offerings/{offeringId},
1842,iqualify.com,iqualify.com,PATCH,/offerings/{offeringId}/assessments/{assessmentId}/{userEmail},
1843,iqualify.com,iqualify.com,PATCH,/offerings/{offeringId}/channels/{channelId},
1844,iqualify.com,iqualify.com,PATCH,/users/{userEmail},
1845,iqualify.com,iqualify.com,PATCH,/users/{userEmail}/transfer,
1846,iqualify.com,iqualify.com,PUT,/courses/{contentId}/metadata/category,
1847,iqualify.com,iqualify.com,PUT,/courses/{contentId}/metadata/level,
1848,iqualify.com,iqualify.com,PUT,/courses/{contentId}/metadata/tags,
1849,iqualify.com,iqualify.com,PUT,/courses/{contentId}/metadata/topic,
1850,iqualify.com,iqualify.com,PUT,/offerings/{offeringId}/metadata/category,
1851,iqualify.com,iqualify.com,PUT,/offerings/{offeringId}/metadata/level,
1852,iqualify.com,iqualify.com,PUT,/offerings/{offeringId}/metadata/tags,
1853,iqualify.com,iqualify.com,PUT,/offerings/{offeringId}/metadata/topic,
1854,iqualify.com,iqualify.com,PUT,/users/{userEmail}/suspend,
1855,isendpro.com,isendpro.com,PUT,/repertoire,repertoire
1856,isendpro.com,isendpro.com,PUT,/subaccount,subaccountEdit
1857,ix-api.net,ix-api.net,DELETE,/accounts/{id},accounts_destroy
1858,ix-api.net,ix-api.net,DELETE,/contacts/{id},contacts_destroy
1859,ix-api.net,ix-api.net,DELETE,/macs/{id},macs_destroy
1860,ix-api.net,ix-api.net,DELETE,/member-joining-rules/{id},member_joining_rules_destroy
1861,ix-api.net,ix-api.net,DELETE,/network-feature-configs/{id},network_feature_configs_destroy
1862,ix-api.net,ix-api.net,DELETE,/network-service-configs/{id},network_service_configs_destroy
1863,ix-api.net,ix-api.net,DELETE,/network-services/{id},network_services_destroy
1864,ix-api.net,ix-api.net,DELETE,/network-services/{id}/change-request,network_service_change_request_destroy
1865,ix-api.net,ix-api.net,DELETE,/role-assignments/{assignment_id},role_assignments_destroy
1866,ix-api.net,ix-api.net,PATCH,/accounts/{id},accounts_partial_update
1867,ix-api.net,ix-api.net,PATCH,/contacts/{id},contacts_partial_update
1868,ix-api.net,ix-api.net,PATCH,/ips/{id},ips_partial_update
1869,ix-api.net,ix-api.net,PATCH,/network-feature-configs/{id},network_feature_configs_partial_update
1870,ix-api.net,ix-api.net,PATCH,/network-service-configs/{id},network_service_configs_partial_update
1871,ix-api.net,ix-api.net,PATCH,/network-services/{id},network_services_partial_update
1872,ix-api.net,ix-api.net,PUT,/accounts/{id},accounts_update
1873,ix-api.net,ix-api.net,PUT,/contacts/{id},contacts_update
1874,ix-api.net,ix-api.net,PUT,/ips/{id},ips_update
1875,ix-api.net,ix-api.net,PUT,/member-joining-rules/{id},member_joining_rules_update
1876,ix-api.net,ix-api.net,PUT,/network-feature-configs/{id},network_feature_configs_update
1877,ix-api.net,ix-api.net,PUT,/network-service-configs/{id},network_service_configs_update
1878,ix-api.net,ix-api.net,PUT,/network-services/{id},network_services_update
1879,izettle.com,izettle.com:products,DELETE,/organizations/{organizationUuid}/categories/v2/{categoryUuid},deleteCategory
1880,izettle.com,izettle.com:products,DELETE,/organizations/{organizationUuid}/discounts/{discountUuid},deleteDiscount
1881,izettle.com,izettle.com:products,DELETE,/organizations/{organizationUuid}/products,deleteProducts
1882,izettle.com,izettle.com:products,DELETE,/organizations/{organizationUuid}/products/{productUuid},deleteProduct
1883,izettle.com,izettle.com:products,DELETE,/v1/taxes/{taxRateUuid},deleteTaxRate
1884,izettle.com,izettle.com:products,PATCH,/organizations/{organizationUuid}/categories/v2/{categoryUuid},renameCategory
1885,izettle.com,izettle.com:products,PUT,/organizations/{organizationUuid}/discounts/{discountUuid},updateDiscount
1886,izettle.com,izettle.com:products,PUT,/organizations/{organizationUuid}/products/v2/{productUuid},updateProduct
1887,izettle.com,izettle.com:products,PUT,/v1/taxes/{taxRateUuid},updateTaxRate
1888,izettle.com,izettle.com:products,PUT,/v1/taxes/settings,setTaxationMode
1889,jellyfin.local,jellyfin.local,DELETE,/Collections/{collectionId}/Items,RemoveFromCollection
1890,jellyfin.local,jellyfin.local,DELETE,/Dlna/Profiles/{profileId},DeleteProfile
1891,jellyfin.local,jellyfin.local,DELETE,/Items/{itemId}/Images/{imageType},DeleteItemImage
1892,jellyfin.local,jellyfin.local,DELETE,/Items/{itemId}/Images/{imageType}/{imageIndex},DeleteItemImageByIndex
1893,jellyfin.local,jellyfin.local,DELETE,/Library/VirtualFolders,RemoveVirtualFolder
1894,jellyfin.local,jellyfin.local,DELETE,/LiveTv/ListingProviders,DeleteListingProvider
1895,jellyfin.local,jellyfin.local,DELETE,/LiveTv/Recordings/{recordingId},DeleteRecording
1896,jellyfin.local,jellyfin.local,DELETE,/LiveTv/SeriesTimers/{timerId},CancelSeriesTimer
1897,jellyfin.local,jellyfin.local,DELETE,/LiveTv/Timers/{timerId},CancelTimer
1898,jellyfin.local,jellyfin.local,DELETE,/LiveTv/TunerHosts,DeleteTunerHost
1899,jellyfin.local,jellyfin.local,DELETE,/Packages/Installing/{packageId},CancelPackageInstallation
1900,jellyfin.local,jellyfin.local,DELETE,/Playlists/{playlistId}/Items,RemoveFromPlaylist
1901,jellyfin.local,jellyfin.local,DELETE,/Plugins/{pluginId},UninstallPlugin
1902,jellyfin.local,jellyfin.local,DELETE,/ScheduledTasks/Running/{taskId},StopTask
1903,jellyfin.local,jellyfin.local,DELETE,/Sessions/{sessionId}/User/{userId},RemoveUserFromSession
1904,jellyfin.local,jellyfin.local,DELETE,/Users/{userId},DeleteUser
1905,jellyfin.local,jellyfin.local,DELETE,/Users/{userId}/Images/{imageType},DeleteUserImage
1906,jellyfin.local,jellyfin.local,DELETE,/Users/{userId}/Images/{imageType}/{index},DeleteUserImageByIndex
1907,jellyfin.local,jellyfin.local,DELETE,/Users/{userId}/PlayedItems/{itemId},MarkUnplayedItem
1908,jellyfin.local,jellyfin.local,DELETE,/Videos/{itemId}/AlternateSources,DeleteAlternateSources
1909,jellyfin.local,jellyfin.local,DELETE,/Videos/{itemId}/Subtitles/{index},DeleteSubtitle
1910,jellyfin.local,jellyfin.local,DELETE,/Videos/ActiveEncodings,StopEncodingProcess
1911,jira.local,jira.local,DELETE,/api/2/attachment/{id},removeAttachment
1912,jira.local,jira.local,DELETE,/api/2/comment/{commentId}/properties/{propertyKey},
1913,jira.local,jira.local,DELETE,/api/2/filter/{id}/columns,
1914,jira.local,jira.local,DELETE,/api/2/issueLink/{linkId},deleteIssueLink
1915,jira.local,jira.local,DELETE,/api/2/issueLinkType/{issueLinkTypeId},deleteIssueLinkType
1916,jira.local,jira.local,DELETE,/api/2/mypreferences,removePreference
1917,jira.local,jira.local,DELETE,/api/2/project/{projectIdOrKey}/avatar/{id},
1918,jira.local,jira.local,DELETE,/api/2/role/{id},deleteProjectRole
1919,jira.local,jira.local,DELETE,/api/2/user/avatar/{id},
1920,jira.local,jira.local,DELETE,/api/2/workflowscheme/{id}/default,deleteDefault
1921,jira.local,jira.local,DELETE,/api/2/workflowscheme/{id}/draft/default,deleteDraftDefault
1922,jira.local,jira.local,DELETE,/api/2/workflowscheme/{id}/draft/workflow,deleteDraftWorkflowMapping
1923,jira.local,jira.local,PUT,/api/2/application-properties/{id},setPropertyViaRestfulTable
1924,jira.local,jira.local,PUT,/api/2/filter/{id},editFilter
1925,jira.local,jira.local,PUT,/api/2/issue/{issueIdOrKey}/worklog/{id},updateWorklog
1926,jira.local,jira.local,PUT,/api/2/issueLinkType/{issueLinkTypeId},updateIssueLinkType
1927,jira.local,jira.local,PUT,/api/2/issuetype/{id},updateIssueType
1928,jira.local,jira.local,PUT,/api/2/myself,
1929,jira.local,jira.local,PUT,/api/2/permissionscheme/{schemeId},updatePermissionScheme
1930,jira.local,jira.local,PUT,/api/2/user,
1931,jira.local,jira.local,PUT,/api/2/user/avatar,
1932,jira.local,jira.local,PUT,/api/2/version/{id},updateVersion
1933,jokes.one,jokes.one,DELETE,/joke,
1934,jokes.one,jokes.one,PATCH,/joke,
1935,jokes.one,jokes.one,PUT,/joke,
1936,journy.io,journy.io,DELETE,/accounts,deleteAccount
1937,jumpseller.com,jumpseller.com,DELETE,/categories/{id}.json,
1938,jumpseller.com,jumpseller.com,DELETE,/checkout_custom_fields/{id}.json,
1939,jumpseller.com,jumpseller.com,DELETE,/custom_fields/{id}.json,
1940,jumpseller.com,jumpseller.com,DELETE,/custom_fields/{id}/select_options/{custom_field_select_option_id}.json,
1941,jumpseller.com,jumpseller.com,DELETE,/customers/{id}.json,
1942,jumpseller.com,jumpseller.com,DELETE,/jsapps/{code}.json,
1943,jumpseller.com,jumpseller.com,DELETE,/pages/{id}.json,
1944,jumpseller.com,jumpseller.com,DELETE,/products/{id}.json,
1945,jumpseller.com,jumpseller.com,DELETE,/products/{id}/digital_products/{digital_product_id}.json,
1946,jumpseller.com,jumpseller.com,DELETE,/products/{id}/images/{image_id}.json,
1947,jumpseller.com,jumpseller.com,DELETE,/products/{id}/options/{option_id}.json,
1948,jumpseller.com,jumpseller.com,DELETE,/products/{id}/options/{option_id}/values/{value_id}.json,
1949,jumpseller.com,jumpseller.com,DELETE,/products/{product_id}/fields/{field_id}.json,
1950,jumpseller.com,jumpseller.com,DELETE,/shipping_methods/{id}.json,
1951,jumpseller.com,jumpseller.com,PUT,/categories/{id}.json,
1952,jumpseller.com,jumpseller.com,PUT,/custom_fields/{id}.json,
1953,jumpseller.com,jumpseller.com,PUT,/custom_fields/{id}/select_options/{custom_field_select_option_id}.json,
1954,jumpseller.com,jumpseller.com,PUT,/customers/{id}.json,
1955,jumpseller.com,jumpseller.com,PUT,/products/{id}/options/{option_id}.json,
1956,jumpseller.com,jumpseller.com,PUT,/products/{id}/options/{option_id}/values/{value_id}.json,
1957,jumpseller.com,jumpseller.com,PUT,/products/{id}/variants/{variant_id}.json,
1958,jumpseller.com,jumpseller.com,PUT,/shipping_methods/{id}.json,
1959,just-eat.co.uk,just-eat.co.uk,DELETE,/delivery/pools/{deliveryPoolId},
1960,just-eat.co.uk,just-eat.co.uk,DELETE,/delivery/pools/{deliveryPoolId}/restaurants,
1961,just-eat.co.uk,just-eat.co.uk,DELETE,/v1/{tenant}/restaurants/{id}/event/offline,
1962,just-eat.co.uk,just-eat.co.uk,PUT,/consumers/{tenant}/me/communication-preferences/{type},
1963,just-eat.co.uk,just-eat.co.uk,PUT,/delivery-failed,
1964,just-eat.co.uk,just-eat.co.uk,PUT,/delivery/pools/{deliveryPoolId},
1965,just-eat.co.uk,just-eat.co.uk,PUT,/delivery/pools/{deliveryPoolId}/availability/relative,
1966,just-eat.co.uk,just-eat.co.uk,PUT,/delivery/pools/{deliveryPoolId}/hours,
1967,just-eat.co.uk,just-eat.co.uk,PUT,/delivery/pools/{deliveryPoolId}/restaurants,
1968,just-eat.co.uk,just-eat.co.uk,PUT,/driver-assigned-to-delivery,
1969,just-eat.co.uk,just-eat.co.uk,PUT,/driver-at-delivery-address,
1970,just-eat.co.uk,just-eat.co.uk,PUT,/driver-has-delivered-order,
1971,just-eat.co.uk,just-eat.co.uk,PUT,/driver-location,
1972,just-eat.co.uk,just-eat.co.uk,PUT,/order-is-ready-for-pickup,
1973,just-eat.co.uk,just-eat.co.uk,PUT,/orders/{orderId}/deliverystate/atdeliveryaddress,
1974,just-eat.co.uk,just-eat.co.uk,PUT,/orders/{orderId}/deliverystate/delivered,
1975,just-eat.co.uk,just-eat.co.uk,PUT,/orders/{orderId}/deliverystate/driverunassigned,
1976,just-eat.co.uk,just-eat.co.uk,PUT,/orders/deliverystate/driverlocation,
1977,just-eat.co.uk,just-eat.co.uk,PUT,/redelivery-requested,
1978,just-eat.co.uk,just-eat.co.uk,PUT,/restaurant-offline-status,
1979,just-eat.co.uk,just-eat.co.uk,PUT,/restaurants/{tenant}/{restaurantId}/fees,
1980,just-eat.co.uk,just-eat.co.uk,PUT,/restaurants/{tenant}/{restaurantId}/servicetimes,putRestaurantServiceTimes
1981,keycloak.local,keycloak.local,DELETE,/{realm}/attack-detection/brute-force/users,
1982,keycloak.local,keycloak.local,DELETE,/{realm}/client-scopes/{id}/scope-mappings/realm,
1983,keycloak.local,keycloak.local,DELETE,/{realm}/clients-initial-access/{id},
1984,keycloak.local,keycloak.local,DELETE,/{realm}/clients/{id}/default-client-scopes/{clientScopeId},
1985,keycloak.local,keycloak.local,DELETE,/{realm}/clients/{id}/optional-client-scopes/{clientScopeId},
1986,keycloak.local,keycloak.local,DELETE,/{realm}/clients/{id}/roles/{role-name}/composites,
1987,keycloak.local,keycloak.local,DELETE,/{realm}/clients/{id}/scope-mappings/realm,
1988,keycloak.local,keycloak.local,DELETE,/{realm}/default-groups/{groupId},
1989,keycloak.local,keycloak.local,DELETE,/{realm}/default-optional-client-scopes/{clientScopeId},
1990,keycloak.local,keycloak.local,DELETE,/{realm}/roles-by-id/{role-id},
1991,keycloak.local,keycloak.local,DELETE,/{realm}/roles-by-id/{role-id}/composites,
1992,keycloak.local,keycloak.local,DELETE,/{realm}/users/{id},
1993,keycloak.local,keycloak.local,DELETE,/{realm}/users/{id}/role-mappings/clients/{client},
1994,keycloak.local,keycloak.local,PUT,/{realm}/authentication/flows/{flowAlias}/executions,
1995,keycloak.local,keycloak.local,PUT,/{realm}/clients/{id}/roles/{role-name},
1996,keycloak.local,keycloak.local,PUT,/{realm}/clients/{id}/roles/{role-name}/management/permissions,
1997,keycloak.local,keycloak.local,PUT,/{realm}/identity-provider/instances/{alias},
1998,keycloak.local,keycloak.local,PUT,/{realm}/identity-provider/instances/{alias}/mappers/{id},
1999,keycloak.local,keycloak.local,PUT,/{realm}/roles-by-id/{role-id},
2000,keycloak.local,keycloak.local,PUT,/{realm}/roles-by-id/{role-id}/management/permissions,
2001,keycloak.local,keycloak.local,PUT,/{realm}/users/{id}/reset-password,
2002,keycloak.local,keycloak.local,PUT,/{realm}/users/{id}/send-verify-email,
2003,keyserv.solutions,keyserv.solutions,DELETE,/v1/ProductsApi/{serial},ProductsApi_DeleteProduct
2004,keyserv.solutions,keyserv.solutions,DELETE,/v1/SubscriptionsApi/{serial},SubscriptionsApi_DeleteSubscription
2005,keyserv.solutions,keyserv.solutions,PATCH,/v1/ProductsApi,ProductsApi_PatchProduct
2006,keyserv.solutions,keyserv.solutions,PATCH,/v1/SubscriptionsApi/Disable,SubscriptionsApi_Disable
2007,keyserv.solutions,keyserv.solutions,PATCH,/v1/SubscriptionsApi/Enable,SubscriptionsApi_Enable
2008,keyserv.solutions,keyserv.solutions,PUT,/v1/SubscriptionsApi,SubscriptionsApi_PutSubscription
2009,klarna.com,klarna.com:payments,DELETE,/payments/v1/authorizations/{authorizationToken},cancelAuthorization
2010,kubernetes.io,kubernetes.io,DELETE,/api/v1/namespaces/{namespace}/configmaps,deleteCoreV1CollectionNamespacedConfigMap
2011,kubernetes.io,kubernetes.io,DELETE,/api/v1/namespaces/{namespace}/endpoints,deleteCoreV1CollectionNamespacedEndpoints
2012,kubernetes.io,kubernetes.io,DELETE,/api/v1/namespaces/{namespace}/serviceaccounts,deleteCoreV1CollectionNamespacedServiceAccount
2013,kubernetes.io,kubernetes.io,DELETE,/apis/apiextensions.k8s.io/v1/customresourcedefinitions,deleteApiextensionsV1CollectionCustomResourceDefinition
2014,kubernetes.io,kubernetes.io,DELETE,/apis/autoscaling/v1/namespaces/{namespace}/horizontalpodautoscalers/{name},deleteAutoscalingV1NamespacedHorizontalPodAutoscaler
2015,kubernetes.io,kubernetes.io,DELETE,/apis/internal.apiserver.k8s.io/v1alpha1/storageversions,deleteInternalApiserverV1alpha1CollectionStorageVersion
2016,kubernetes.io,kubernetes.io,DELETE,/apis/networking.k8s.io/v1/namespaces/{namespace}/networkpolicies,deleteNetworkingV1CollectionNamespacedNetworkPolicy
2017,kubernetes.io,kubernetes.io,DELETE,/apis/resource.k8s.io/v1alpha1/resourceclasses,deleteResourceV1alpha1CollectionResourceClass
2018,kubernetes.io,kubernetes.io,DELETE,/apis/storage.k8s.io/v1/volumeattachments,deleteStorageV1CollectionVolumeAttachment
2019,kubernetes.io,kubernetes.io,PATCH,/apis/apps/v1/namespaces/{namespace}/replicasets/{name},patchAppsV1NamespacedReplicaSet
2020,kubernetes.io,kubernetes.io,PATCH,/apis/certificates.k8s.io/v1/certificatesigningrequests/{name},patchCertificatesV1CertificateSigningRequest
2021,kubernetes.io,kubernetes.io,PATCH,/apis/certificates.k8s.io/v1/certificatesigningrequests/{name}/status,patchCertificatesV1CertificateSigningRequestStatus
2022,kubernetes.io,kubernetes.io,PATCH,/apis/coordination.k8s.io/v1/namespaces/{namespace}/leases/{name},patchCoordinationV1NamespacedLease
2023,kubernetes.io,kubernetes.io,PATCH,/apis/networking.k8s.io/v1/ingressclasses/{name},patchNetworkingV1IngressClass
2024,kubernetes.io,kubernetes.io,PATCH,/apis/rbac.authorization.k8s.io/v1/clusterroles/{name},patchRbacAuthorizationV1ClusterRole
2025,kubernetes.io,kubernetes.io,PUT,/api/v1/namespaces/{namespace}/pods/{name}/ephemeralcontainers,replaceCoreV1NamespacedPodEphemeralcontainers
2026,kubernetes.io,kubernetes.io,PUT,/api/v1/namespaces/{namespace}/services/{name}/proxy,connectCoreV1PutNamespacedServiceProxy
2027,kubernetes.io,kubernetes.io,PUT,/api/v1/namespaces/{namespace}/services/{name}/status,replaceCoreV1NamespacedServiceStatus
2028,kubernetes.io,kubernetes.io,PUT,/api/v1/nodes/{name}/status,replaceCoreV1NodeStatus
2029,kubernetes.io,kubernetes.io,PUT,/apis/apps/v1/namespaces/{namespace}/deployments/{name}/scale,replaceAppsV1NamespacedDeploymentScale
2030,kubernetes.io,kubernetes.io,PUT,/apis/batch/v1/namespaces/{namespace}/jobs/{name}/status,replaceBatchV1NamespacedJobStatus
2031,kubernetes.io,kubernetes.io,PUT,/apis/flowcontrol.apiserver.k8s.io/v1beta2/prioritylevelconfigurations/{name},replaceFlowcontrolApiserverV1beta2PriorityLevelConfiguration
2032,kumpeapps.com,kumpeapps.com,DELETE,/kkid/chorelist,kkid_chorelist_delete
2033,kumpeapps.com,kumpeapps.com,DELETE,/kkid/userlist,kkid_userlist_delete
2034,kumpeapps.com,kumpeapps.com,DELETE,/kkid/wishlist,kkid_wishlist_delete
2035,kumpeapps.com,kumpeapps.com,PATCH,/appkey,appkey_patch
2036,kumpeapps.com,kumpeapps.com,PATCH,/authentication/appkey,auth_appkey_patch
2037,kumpeapps.com,kumpeapps.com,PATCH,/authentication/authkey,auth_authkey_patch
2038,kumpeapps.com,kumpeapps.com,PATCH,/authkey,authkey_patch
2039,kumpeapps.com,kumpeapps.com,PUT,/appkey,appkey_put
2040,kumpeapps.com,kumpeapps.com,PUT,/authentication/appkey,auth_appkey_put
2041,kumpeapps.com,kumpeapps.com,PUT,/authentication/authkey,auth_authkey_put
2042,kumpeapps.com,kumpeapps.com,PUT,/authkey,authkey_put
2043,kumpeapps.com,kumpeapps.com,PUT,/kkid/chorelist,kkid_chorelist_put
2044,kumpeapps.com,kumpeapps.com,PUT,/kkid/userlist,kkid_userlist_put
2045,kumpeapps.com,kumpeapps.com,PUT,/kkid/wishlist,kkid_wishlist_put
2046,lambdatest.com,lambdatest.com,PUT,/stop/{test_id},stop screenshots test
2047,launchdarkly.com,launchdarkly.com,DELETE,/account/relay-auto-configs/{id},deleteRelayProxyConfig
2048,launchdarkly.com,launchdarkly.com,DELETE,/destinations/{projectKey}/{environmentKey}/{destinationId},deleteDestination
2049,launchdarkly.com,launchdarkly.com,DELETE,/integrations/{integrationKey}/{integrationId},deleteIntegrationSubscription
2050,launchdarkly.com,launchdarkly.com,DELETE,/members/{memberId},deleteMember
2051,launchdarkly.com,launchdarkly.com,DELETE,/projects/{projectKey},deleteProject
2052,launchdarkly.com,launchdarkly.com,DELETE,/projects/{projectKey}/environments/{environmentKey},deleteEnvironment
2053,launchdarkly.com,launchdarkly.com,DELETE,/projects/{projectKey}/flags/{featureFlagKey}/environments/{environmentKey}/approval-requests/{approvalRequestId},deleteApprovalRequest
2054,launchdarkly.com,launchdarkly.com,DELETE,/projects/{projectKey}/flags/{featureFlagKey}/environments/{environmentKey}/scheduled-changes/{scheduledChangeId},deleteFlagConfigScheduledChanges
2055,launchdarkly.com,launchdarkly.com,DELETE,/roles/{customRoleKey},deleteCustomRole
2056,launchdarkly.com,launchdarkly.com,DELETE,/segments/{projectKey}/{environmentKey}/{userSegmentKey},deleteUserSegment
2057,launchdarkly.com,launchdarkly.com,DELETE,/tokens/{tokenId},deleteToken
2058,launchdarkly.com,launchdarkly.com,DELETE,/users/{projectKey}/{environmentKey}/{userKey},deleteUser
2059,launchdarkly.com,launchdarkly.com,DELETE,/webhooks/{resourceId},deleteWebhook
2060,launchdarkly.com,launchdarkly.com,PATCH,/account/relay-auto-configs/{id},patchRelayProxyConfig
2061,launchdarkly.com,launchdarkly.com,PATCH,/destinations/{projectKey}/{environmentKey}/{destinationId},patchDestination
2062,launchdarkly.com,launchdarkly.com,PATCH,/flags/{projectKey}/{featureFlagKey},patchFeatureFlag
2063,launchdarkly.com,launchdarkly.com,PATCH,/flags/{projectKey}/{featureFlagKey}/expiring-user-targets/{environmentKey},patchExpiringUserTargets
2064,launchdarkly.com,launchdarkly.com,PATCH,/members/{memberId},patchMember
2065,launchdarkly.com,launchdarkly.com,PATCH,/projects/{projectKey},patchProject
2066,launchdarkly.com,launchdarkly.com,PATCH,/segments/{projectKey}/{userSegmentKey}/expiring-user-targets/{environmentKey},patchExpiringUserTargetsOnSegment
2067,launchdarkly.com,launchdarkly.com,PATCH,/users/{projectKey}/{userKey}/expiring-user-targets/{environmentKey},patchExpiringUserTargetsForFlags
2068,launchdarkly.com,launchdarkly.com,PUT,/users/{projectKey}/{environmentKey}/{userKey}/flags/{featureFlagKey},putFlagSetting
2069,learnifier.com,learnifier.com,DELETE,/orgunits/{orgid}/projects/{projectid},
2070,learnifier.com,learnifier.com,DELETE,/orgunits/{orgid}/projects/{projectid}/participants/${participantId},
2071,learnifier.com,learnifier.com,DELETE,/orgunits/{orgid}/usergroups/{groupid}/members/{uuid},
2072,learnifier.com,learnifier.com,PATCH,/orgunits/{orgid}/projects/{projectid},
2073,learnifier.com,learnifier.com,PATCH,/users/{userid},
2074,letmc.com,letmc.com:customer,DELETE,/v2/customer/{shortName}/session,SessionController_Logout
2075,letmc.com,letmc.com:diary,DELETE,/v3/diary/{shortName}/appointment,DiaryController_DeleteAppointment
2076,letmc.com,letmc.com:diary,PATCH,/v3/diary/{shortName}/appointment/{appointmentID}/cancel,DiaryController_CancelAppointment
2077,letmc.com,letmc.com:customer,PUT,/v2/customer/{shortName}/session/password,SessionController_ChangePassword
2078,letmc.com,letmc.com:diary,PUT,/v3/diary/{shortName}/appointment,DiaryController_PutAppointment
2079,lgtm.com,lgtm.com,DELETE,/projects/{project-id},deleteProject
2080,lgtm.com,lgtm.com,DELETE,/snapshots/uploads/{session-id},abortUpload
2081,lgtm.com,lgtm.com,PUT,/projects/{project-id}/settings/analysis-configuration,setProjectConfig
2082,lgtm.com,lgtm.com,PUT,/snapshots/uploads/{session-id},uploadPart
2083,linqr.app,linqr.app,DELETE,/images/{id},imageDelete_images__id__delete
2084,linuxfoundation.org,linuxfoundation.org:reimbursement,PATCH,/reimbursement/{projectId},updateReimbursement
2085,listennotes.com,listennotes.com,DELETE,/podcasts/{id},deletePodcastById
2086,loket.nl,loket.nl,DELETE,/providers/employers/{employerId}/documenttemplates/{documentId},DeleteDocumentTemplateByEmployerIdAndDocumentId
2087,loket.nl,loket.nl,DELETE,/providers/employers/{employerId}/logo,DeleteEmployerLogoByEmployerId
2088,loket.nl,loket.nl,DELETE,/providers/employers/customfields/{customFieldId},DeleteCustomFieldByCustomFieldId
2089,loket.nl,loket.nl,DELETE,/providers/employers/employees/absences/absencecontactHistory/{absencecontactHistoryId},DeleteAbsenceContactHistoryByAbsenceContactHistoryId
2090,loket.nl,loket.nl,DELETE,/providers/employers/employees/employments/healthcareinsuranceactconfigurations/{healthcareInsuranceActConfigurationId},DeleteHealthcareInsuranceActConfigurationByHealthcareInsuranceActConfigurationId
2091,loket.nl,loket.nl,DELETE,/providers/employers/employees/employments/journalallocations/{journalAllocationId},DeleteJournalAllocationByJournalAllocationId
2092,loket.nl,loket.nl,DELETE,/providers/employers/employees/employments/paymentinformationnonsepa/{paymentInformationNonSepaId},DeletePaymentInformationNonSepaByPaymentInformationNonSepaId
2093,loket.nl,loket.nl,DELETE,/providers/employers/employees/partners/{partnerId},DeletePartnerByPartnerId
2094,loket.nl,loket.nl,DELETE,/users/applicationsets/{applicationSetId},DeleteUserApplicationSetByApplicationSetId
2095,loket.nl,loket.nl,PATCH,/providers/employers/announcements,PatchAnnouncements
2096,loket.nl,loket.nl,PATCH,/providers/employers/conceptemployees/import/{payrollAdministrationId},PatchImportConceptEmployeesByPayrollAdministrationId
2097,loket.nl,loket.nl,PATCH,/providers/employers/employees/employments/{employmentId},PatchTypeOfEmploymentCategoryTypeFieldsByEmploymentId
2098,loket.nl,loket.nl,PATCH,/providers/employers/employees/employments/{employmentId}/payrollperioddata,PatchPayrollPeriodDataByEmploymentId
2099,loket.nl,loket.nl,PATCH,/providers/employers/employees/employments/declarations/review,PatchReviewDeclarationsByDeclarationIds
2100,loket.nl,loket.nl,PATCH,/providers/employers/payrolladministrations/journalruns/{journalrunId},PatchJournalRunByJournalRunId
2101,loket.nl,loket.nl,PUT,/providers/employers/{employerId}/leavetypes/{leaveTypeId},PutLeaveTypeByEmployerIdAndLeaveTypeId
2102,loket.nl,loket.nl,PUT,/providers/employers/{employerId}/nationalholidays/{nationalHolidayId},PutNationalHolidayByEmployerIdAndNationalHolidayId
2103,loket.nl,loket.nl,PUT,/providers/employers/benefitinkindtypes/{benefitInKindTypeId},PutBenefitInKindTypeByBenefitInKindTypeId
2104,loket.nl,loket.nl,PUT,/providers/employers/employees/employments/basesforemploymentfundcalculation/{baseforemploymentfundcalculationId},PutBaseForEmploymentFundCalculationByBaseForEmploymentFundCalculationId
2105,loket.nl,loket.nl,PUT,/providers/employers/employees/employments/fiscalproperties/{fiscalPropertiesId},PutFiscalPropertiesByFiscalPropertiesId
2106,loket.nl,loket.nl,PUT,/providers/employers/employees/employments/payrollperioddata/{payrollperioddataId},PutPayrollPeriodDataByPayrollPeriodDataId
2107,loket.nl,loket.nl,PUT,/providers/employers/employees/employments/pensionbenefits/{pensionBenefitId},PutPensionBenefitByPensionBenefitId
2108,lufthansa.com,lufthansa.com:partner,PUT,/preflight/autocheckin/{ticketnumber},Auto Check-In
2109,lyft.com,lyft.com,PUT,/rides/{id}/destination,SetRideDestination
2110,lyft.com,lyft.com,PUT,/rides/{id}/rating,SetRideRating
2111,lyft.com,lyft.com,PUT,/sandbox/primetime,SetPrimeTime
2112,lyft.com,lyft.com,PUT,/sandbox/rides/{id},SetRideStatus
2113,lyft.com,lyft.com,PUT,/sandbox/ridetypes,SetRideTypes
2114,lyft.com,lyft.com,PUT,/sandbox/ridetypes/{ride_type},SetRideTypeAvailability
2115,magento.com,magento.com,DELETE,/V1/carts/guest-carts/{cartId}/giftCards/{giftCardCode},giftCardAccountGuestGiftCardAccountManagementV1DeleteByQuoteIdDelete
2116,magento.com,magento.com,DELETE,/V1/carts/mine/giftCards/{giftCardCode},giftCardAccountGiftCardAccountManagementV1DeleteByQuoteIdDelete
2117,magento.com,magento.com,DELETE,/V1/company/{companyId},companyCompanyRepositoryV1DeleteByIdDelete
2118,magento.com,magento.com,DELETE,/V1/configurable-products/{sku}/children/{childSku},configurableProductLinkManagementV1RemoveChildDelete
2119,magento.com,magento.com,DELETE,/V1/eav/attribute-sets/{attributeSetId},eavAttributeSetRepositoryV1DeleteByIdDelete
2120,magento.com,magento.com,DELETE,/V1/guest-carts/{cartId}/collection-point/search-request,temandoShippingCollectionPointGuestCartCollectionPointManagementV1DeleteSearchRequestDelete
2121,magento.com,magento.com,DELETE,/V1/products/{sku},catalogProductRepositoryV1DeleteByIdDelete
2122,magento.com,magento.com,DELETE,/V1/returns/{id}/tracking-numbers/{trackId},rmaTrackManagementV1RemoveTrackByIdDelete
2123,magento.com,magento.com,DELETE,/V1/taxClasses/{taxClassId},taxTaxClassRepositoryV1DeleteByIdDelete
2124,magento.com,magento.com,DELETE,/V1/taxRates/{rateId},taxTaxRateRepositoryV1DeleteByIdDelete
2125,magento.com,magento.com,PUT,/V1/amazon-billing-address/{amazonOrderReferenceId},amazonPaymentAddressManagementV1GetBillingAddressPut
2126,magento.com,magento.com,PUT,/V1/carts/mine/collect-totals,quoteCartTotalManagementV1CollectTotalsPut
2127,magento.com,magento.com,PUT,/V1/companyCredits/{id},companyCreditCreditLimitRepositoryV1SavePut
2128,magento.com,magento.com,PUT,/V1/customers/me/password,customerAccountManagementV1ChangePasswordByIdPut
2129,magento.com,magento.com,PUT,/V1/gift-wrappings/{wrappingId},giftWrappingWrappingRepositoryV1SavePut
2130,magento.com,magento.com,PUT,/V1/guest-carts/{cartId},quoteGuestCartManagementV1AssignCustomerPut
2131,magento.com,magento.com,PUT,/V1/guest-carts/{cartId}/items/{itemId},quoteGuestCartItemRepositoryV1SavePut
2132,magento.com,magento.com,PUT,/V1/hierarchy/move/{id},companyCompanyHierarchyV1MoveNodePut
2133,magento.com,magento.com,PUT,/V1/negotiableQuote/{quoteId}/shippingMethod,negotiableQuoteNegotiableQuoteShippingManagementV1SetShippingMethodPut
2134,magento.com,magento.com,PUT,/V1/products/{productSku}/stockItems/{itemId},catalogInventoryStockRegistryV1UpdateStockItemBySkuPut
2135,magento.com,magento.com,PUT,/V1/products/{sku},catalogProductRepositoryV1SavePut
2136,magento.com,magento.com,PUT,/V1/taxRules,taxTaxRuleRepositoryV1SavePut
2137,magick.nu,magick.nu,PUT,/tradingAccounts/password/{username}/{brokerserver}/{mt4username},putTradingAccountsPasswordUsernameBrokerserverMt4username
2138,magick.nu,magick.nu,PUT,/users/password/{username},putUsersPasswordUsername
2139,maif.local,maif.local:otoroshi,DELETE,/api/auths/{id},deleteGlobalAuthModule
2140,maif.local,maif.local:otoroshi,DELETE,/api/certificates/{id},deleteCert
2141,maif.local,maif.local:otoroshi,DELETE,/api/client-validators/{id},deleteClientValidator
2142,maif.local,maif.local:otoroshi,DELETE,/api/data-exporter-configs/_bulk,deletebulkDataExporterConfig
2143,maif.local,maif.local:otoroshi,DELETE,/api/data-exporter-configs/{dataExporterConfigId},deleteDataExporterConfig
2144,maif.local,maif.local:otoroshi,DELETE,/api/groups/{groupId}/apikeys/{clientId},deleteApiKeyFromGroup
2145,maif.local,maif.local:otoroshi,DELETE,/api/groups/{serviceGroupId},deleteGroup
2146,maif.local,maif.local:otoroshi,DELETE,/api/scripts/{scriptId},deleteScript
2147,maif.local,maif.local:otoroshi,DELETE,/api/snowmonkey/outages,resetSnowMonkey
2148,maif.local,maif.local:otoroshi,PATCH,/api/auths/{id},patchGlobalAuthModule
2149,maif.local,maif.local:otoroshi,PATCH,/api/certificates/{id},patchCert
2150,maif.local,maif.local:otoroshi,PATCH,/api/groups/{serviceGroupId},patchGroup
2151,maif.local,maif.local:otoroshi,PATCH,/api/services/{serviceId},patchService
2152,maif.local,maif.local:otoroshi,PATCH,/api/services/{serviceId}/apikeys/{clientId},patchApiKey
2153,maif.local,maif.local:otoroshi,PATCH,/api/snowmonkey/config,patchSnowMonkey
2154,maif.local,maif.local:otoroshi,PATCH,/api/verifiers/{verifierId},patchGlobalJwtVerifier
2155,maif.local,maif.local:otoroshi,PUT,/api/globalconfig,putGlobalConfig
2156,maif.local,maif.local:otoroshi,PUT,/api/scripts/{scriptId},updateScript
2157,maif.local,maif.local:otoroshi,PUT,/api/services/{serviceId}/apikeys/{clientId},updateApiKey
2158,maif.local,maif.local:otoroshi,PUT,/api/services/{serviceId}/template,updateServiceTemplate
2159,maif.local,maif.local:otoroshi,PUT,/api/snowmonkey/config,updateSnowMonkey
2160,maif.local,maif.local:otoroshi,PUT,/api/verifiers/{verifierId},updateGlobalJwtVerifier
2161,mailscript.com,mailscript.com,DELETE,/actions/{action},deleteAction
2162,mailscript.com,mailscript.com,DELETE,/addresses/{address},deleteAddress
2163,mailscript.com,mailscript.com,DELETE,/addresses/{address}/keys/{key},deleteKey
2164,mailscript.com,mailscript.com,DELETE,/domains/{domain},removeDomainVerify
2165,mailscript.com,mailscript.com,DELETE,/integrations/{integration},deleteIntegration
2166,mailscript.com,mailscript.com,DELETE,/triggers/{trigger},deleteTrigger
2167,mailscript.com,mailscript.com,DELETE,/workflows/{workflow},deleteWorkflow
2168,mailscript.com,mailscript.com,PUT,/actions/{action},updateAction
2169,mailscript.com,mailscript.com,PUT,/addresses/{address}/keys/{key},updateKey
2170,mailscript.com,mailscript.com,PUT,/triggers/{trigger},updateTrigger
2171,mailscript.com,mailscript.com,PUT,/user,updateUser
2172,mailscript.com,mailscript.com,PUT,/workflows/{workflow},updateWorkflow
2173,mastercard.com,mastercard.com:masterpassqr,DELETE,/send/v1/partners/{partnerId}/notification-registries/{account-reg-ref},deleteTransferNotificationRegistration
2174,mastercard.com,mastercard.com:masterpassqr,PUT,/send/v1/partners/{partnerId}/notification-registries/{account-reg-ref},NotificationRegistrationAPIUpdate
2175,mastodon.local,mastodon.local,DELETE,/api/v1/announcements/{id}/reactions/{name},
2176,mastodon.local,mastodon.local,DELETE,/api/v1/conversations/{id},
2177,mastodon.local,mastodon.local,DELETE,/api/v1/domain_blocks,
2178,mastodon.local,mastodon.local,DELETE,/api/v1/featured_tags/{id},
2179,mastodon.local,mastodon.local,DELETE,/api/v1/filters/{id},
2180,mastodon.local,mastodon.local,DELETE,/api/v1/lists,
2181,mastodon.local,mastodon.local,DELETE,/api/v1/lists/{id}/accounts,
2182,mastodon.local,mastodon.local,DELETE,/api/v1/push/subscription,
2183,mastodon.local,mastodon.local,DELETE,/api/v1/scheduled_statuses/{id},
2184,mastodon.local,mastodon.local,DELETE,/api/v1/statuses/{id},
2185,mastodon.local,mastodon.local,DELETE,/api/v1/suggestions/{id},
2186,mastodon.local,mastodon.local,PATCH,/api/v1/accounts/update_credentials,
2187,mastodon.local,mastodon.local,PUT,/api/v1/announcements/{id}/reactions/{name},
2188,mastodon.local,mastodon.local,PUT,/api/v1/filters/{id},
2189,mastodon.local,mastodon.local,PUT,/api/v1/lists,
2190,mastodon.local,mastodon.local,PUT,/api/v1/push/subscription,
2191,mastodon.local,mastodon.local,PUT,/api/v1/scheduled_statuses/{id},
2192,meilisearch.com,meilisearch.com,DELETE,/indexes/books,deleteAnIndex
2193,meilisearch.com,meilisearch.com,DELETE,/indexes/books/documents,deleteAllDocuments
2194,meilisearch.com,meilisearch.com,DELETE,/indexes/books/settings/displayed-attributes,resetDisplayedAttributes
2195,meilisearch.com,meilisearch.com,DELETE,/indexes/books/settings/distinct-attribute,resetDistinctAttribute
2196,meilisearch.com,meilisearch.com,DELETE,/indexes/books/settings/filterable-attributes,resetFilterableAttributes
2197,meilisearch.com,meilisearch.com,DELETE,/indexes/books/settings/pagination,resetPagination
2198,meilisearch.com,meilisearch.com,DELETE,/indexes/books/settings/ranking-rules,resetRankingRules
2199,meilisearch.com,meilisearch.com,DELETE,/indexes/books/settings/searchable-attributes,resetSearchableAttributes
2200,meilisearch.com,meilisearch.com,DELETE,/indexes/books/settings/sortable-attributes,resetSortableAttributes
2201,meilisearch.com,meilisearch.com,DELETE,/indexes/books/settings/stop-words,resetStopWords
2202,meilisearch.com,meilisearch.com,DELETE,/keys/kN2aK9EO8a7b627e425717d9196c8081552ca004e513545ed178f8a56981dbd3080d4a5b,deleteAKey
2203,meilisearch.com,meilisearch.com,PATCH,/indexes/books,udpateIndex
2204,meilisearch.com,meilisearch.com,PATCH,/indexes/books/settings/faceting,updateFaceting
2205,meilisearch.com,meilisearch.com,PATCH,/indexes/books/settings/pagination,updatePagination
2206,meilisearch.com,meilisearch.com,PATCH,/indexes/books/settings/typo-tolerance,updateTypoTolerance
2207,meilisearch.com,meilisearch.com,PATCH,/keys/wYZjGJyBcdb0621b97999c233246a8ec0a35d0fcd9a6417ef8ccee0c8978b64b123af2dd,updateAKey
2208,meilisearch.com,meilisearch.com,PUT,/indexes/books/settings/displayed-attributes,updateDisplayedAttributes
2209,meilisearch.com,meilisearch.com,PUT,/indexes/books/settings/filterable-attributes,updateFilterableAttributes
2210,meilisearch.com,meilisearch.com,PUT,/indexes/books/settings/ranking-rules,updateRankingRules
2211,meilisearch.com,meilisearch.com,PUT,/indexes/books/settings/searchable-attributes,updateSearchableAttributes
2212,meilisearch.com,meilisearch.com,PUT,/indexes/books/settings/stop-words,updateStopWords
2213,meilisearch.com,meilisearch.com,PUT,/indexes/books/settings/synonyms,updateSynonyms
2214,meraki.com,meraki.com,DELETE,/networks/{networkId},deleteNetwork
2215,meraki.com,meraki.com,DELETE,/networks/{networkId}/switch/linkAggregations/{linkAggregationId},deleteNetworkSwitchLinkAggregation
2216,meraki.com,meraki.com,PUT,/devices/{serial}/camera/qualityAndRetentionSettings,updateDeviceCameraQualityAndRetentionSettings
2217,meraki.com,meraki.com,PUT,/devices/{serial}/camera/video/settings,updateDeviceCameraVideoSettings
2218,meraki.com,meraki.com,PUT,/devices/{serial}/cellularGateway/settings,updateDeviceCellularGatewaySettings
2219,meraki.com,meraki.com,PUT,/networks/{networkId},updateNetwork
2220,meraki.com,meraki.com,PUT,/networks/{networkId}/appliancePorts/{appliancePortId},updateNetworkAppliancePort
2221,meraki.com,meraki.com,PUT,/networks/{networkId}/cellularFirewallRules,updateNetworkCellularFirewallRules
2222,meraki.com,meraki.com,PUT,/networks/{networkId}/devices/{serial},updateNetworkDevice
2223,meraki.com,meraki.com,PUT,/networks/{networkId}/oneToManyNatRules,updateNetworkOneToManyNatRules
2224,meraki.com,meraki.com,PUT,/networks/{networkId}/portForwardingRules,updateNetworkPortForwardingRules
2225,meraki.com,meraki.com,PUT,/networks/{networkId}/sm/devices/checkin,checkinNetworkSmDevices
2226,meraki.com,meraki.com,PUT,/networks/{networkId}/sm/targetGroups/{targetGroupId},updateNetworkSmTargetGroup
2227,meraki.com,meraki.com,PUT,/networks/{networkId}/ssids/{number}/splashSettings,updateNetworkSsidSplashSettings
2228,meraki.com,meraki.com,PUT,/networks/{networkId}/switch/portSchedules/{portScheduleId},updateNetworkSwitchPortSchedule
2229,meraki.com,meraki.com,PUT,/networks/{networkId}/switch/settings/qosRules/{qosRuleId},updateNetworkSwitchSettingsQosRule
2230,meraki.com,meraki.com,PUT,/networks/{networkId}/switch/settings/qosRules/order,updateNetworkSwitchSettingsQosRulesOrder
2231,meraki.com,meraki.com,PUT,/networks/{networkId}/vlansEnabledState,updateNetworkVlansEnabledState
2232,meraki.com,meraki.com,PUT,/networks/{networkId}/wireless/rfProfiles/{rfProfileId},updateNetworkWirelessRfProfile
2233,meraki.com,meraki.com,PUT,/networks/{networkId}/wireless/settings,updateNetworkWirelessSettings
2234,meraki.com,meraki.com,PUT,/organizations/{organizationId}/actionBatches/{actionBatchId},updateOrganizationActionBatch
2235,meraki.com,meraki.com,PUT,/organizations/{organizationId}/thirdPartyVPNPeers,updateOrganizationThirdPartyVPNPeers
2236,meshery.local,meshery.local,DELETE,/api/application/{id},idDeleteMesheryApplicationFile
2237,meshery.local,meshery.local,DELETE,/api/application/deploy,idDeleteApplicationFile
2238,meshery.local,meshery.local,DELETE,/api/filter/{id},idDeleteMesheryFilter
2239,meshery.local,meshery.local,DELETE,/api/pattern/{id},idDeleteMesheryPattern
2240,meshery.local,meshery.local,DELETE,/api/pattern/deploy,idDeleteDeployPattern
2241,meshery.local,meshery.local,DELETE,/api/system/adapter/manage,idDeleteAdapterConfig
2242,meshery.local,meshery.local,DELETE,/api/telemetry/metrics/config,idDeletePrometheusConfig
2243,meshery.local,meshery.local,DELETE,/api/telemetry/metrics/grafana/config,idDeleteGrafanaConfig
2244,meshery.local,meshery.local,DELETE,/api/user/performance/profiles/{id},idDeletePerformanceProfile
2245,meshery.local,meshery.local,DELETE,/api/user/prefs/perf,idDeleteLoadPreferences
2246,meshery.local,meshery.local,DELETE,/api/user/schedules/{id},idDeleteSchedules
2247,microcks.local,microcks.local,DELETE,/jobs/{id},DeleteImportJob
2248,microcks.local,microcks.local,DELETE,/secrets/{id},DeleteSecret
2249,microcks.local,microcks.local,DELETE,/services/{id},DeleteService
2250,microcks.local,microcks.local,PUT,/jobs/{id}/activate,ActivateImportJob
2251,microcks.local,microcks.local,PUT,/jobs/{id}/start,StartImportJob
2252,microcks.local,microcks.local,PUT,/jobs/{id}/stop,StopImportJob
2253,microcks.local,microcks.local,PUT,/secrets/{id},UpdateSecret
2254,microcks.local,microcks.local,PUT,/services/{id}/metadata,UpdateServiceMetadata
2255,microcks.local,microcks.local,PUT,/services/{id}/operation,OverrideServiceOperation
2256,microsoft.com,microsoft.com:graph-beta,DELETE,/deviceManagement/comanagedDevices/{managedDevice-id}/deviceCompliancePolicyStates/{deviceCompliancePolicyState-id},deviceManagement.comanagedDevices.DeleteDeviceCompliancePolicyStates
2257,microsoft.com,microsoft.com:graph-beta,DELETE,/deviceManagement/userExperienceAnalyticsDeviceStartupProcessPerformance/{userExperienceAnalyticsDeviceStartupProcessPerformance-id},deviceManagement.DeleteUserExperienceAnalyticsDeviceStartupProcessPerformance
2258,microsoft.com,microsoft.com:graph-beta,DELETE,/devices/{device-id}/commands/{command-id},devices.DeleteCommands
2259,microsoft.com,microsoft.com:graph-beta,DELETE,/drives/{drive-id}/items/{driveItem-id}/workbook/worksheets/{workbookWorksheet-id}/charts/{workbookChart-id}/series/{workbookChartSeries-id}/format/line,drives.items.workbook.worksheets.charts.series.format.DeleteLine
2260,microsoft.com,microsoft.com:graph-beta,DELETE,/groups/{group-id}/sites/{site-id}/termStore/groups/{group-id1},groups.sites.termStore.DeleteGroups
2261,microsoft.com,microsoft.com:graph-beta,DELETE,/me/calendar/events/{event-id}/exceptionOccurrences/{event-id1}/attachments/{attachment-id},me.calendar.events.exceptionOccurrences.DeleteAttachments
2262,microsoft.com,microsoft.com:graph-beta,DELETE,/me/deviceEnrollmentConfigurations/{deviceEnrollmentConfiguration-id},me.DeleteDeviceEnrollmentConfigurations
2263,microsoft.com,microsoft.com:graph,DELETE,/me/joinedTeams/{team-id}/channels/{channel-id}/tabs/{teamsTab-id},me.joinedTeams.channels.DeleteTabs
2264,microsoft.com,microsoft.com:graph-beta,DELETE,/roleManagement/entitlementManagement/roleAssignmentApprovals/{approval-id}/steps/{approvalStep-id},roleManagement.entitlementManagement.roleAssignmentApprovals.DeleteSteps
2265,microsoft.com,microsoft.com:graph-beta,DELETE,/termStore/groups/{group-id}/sets/{set-id}/children/{term-id}/children/{term-id1},termStore.groups.sets.children.DeleteChildren
2266,microsoft.com,microsoft.com:graph-beta,DELETE,/users/{user-id}/calendars/{calendar-id}/calendarView/{event-id}/instances/{event-id1}/exceptionOccurrences/{event-id2}/attachments/{attachment-id},users.calendars.calendarView.instances.exceptionOccurrences.DeleteAttachments
2267,microsoft.com,microsoft.com:graph-beta,PATCH,/deviceManagement/reusablePolicySettings/{deviceManagementReusablePolicySetting-id}/referencingConfigurationPolicies/{deviceManagementConfigurationPolicy-id}/assignments/{deviceManagementConfigurationPolicyAssignment-id},deviceManagement.reusablePolicySettings.referencingConfigurationPolicies.UpdateAssignments
2268,microsoft.com,microsoft.com:graph-beta,PATCH,/drives/{drive-id}/items/{driveItem-id}/workbook/functions,drives.items.workbook.UpdateFunctions
2269,microsoft.com,microsoft.com:graph,PATCH,/drives/{drive-id}/items/{driveItem-id}/workbook/worksheets/{workbookWorksheet-id}/charts/{workbookChart-id}/series/{workbookChartSeries-id}/format,drives.items.workbook.worksheets.charts.series.UpdateFormat
2270,microsoft.com,microsoft.com:graph-beta,PATCH,/identityGovernance/entitlementManagement/accessPackageCatalogs/{accessPackageCatalog-id}/accessPackages/{accessPackage-id}/accessPackageAssignmentPolicies/{accessPackageAssignmentPolicy-id},identityGovernance.entitlementManagement.accessPackageCatalogs.accessPackages.UpdateAccessPackageAssignmentPolicies
2271,microsoft.com,microsoft.com:graph,PATCH,/invitations/{invitation-id},invitations.invitation.UpdateInvitation
2272,microsoft.com,microsoft.com:graph,PATCH,/me/calendarGroups/{calendarGroup-id}/calendars/{calendar-id}/events/{event-id}/instances/{event-id1}/extensions/{extension-id},me.calendarGroups.calendars.events.instances.UpdateExtensions
2273,microsoft.com,microsoft.com:graph-beta,PATCH,/me/calendars/{calendar-id}/events/{event-id}/exceptionOccurrences/{event-id1}/instances/{event-id2}/extensions/{extension-id},me.calendars.events.exceptionOccurrences.instances.UpdateExtensions
2274,microsoft.com,microsoft.com:graph-beta,PATCH,/me/calendarView/{event-id}/instances/{event-id1}/exceptionOccurrences/{event-id2}/extensions/{extension-id},me.calendarView.instances.exceptionOccurrences.UpdateExtensions
2275,microsoft.com,microsoft.com:graph,PATCH,/policies/authenticationMethodsPolicy,policies.UpdateAuthenticationMethodsPolicy
2276,microsoft.com,microsoft.com:graph,PATCH,/users/{user-id}/calendarGroups/{calendarGroup-id}/calendars/{calendar-id}/events/{event-id}/singleValueExtendedProperties/{singleValueLegacyExtendedProperty-id},users.calendarGroups.calendars.events.UpdateSingleValueExtendedProperties
2277,microsoft.com,microsoft.com:graph,PATCH,/users/{user-id}/chats/{chat-id}/messages/{chatMessage-id},users.chats.UpdateMessages
2278,mist.com,mist.com,DELETE,/api/v1/login/oauth/{provider},unlinkOAuth2Provider
2279,mist.com,mist.com,DELETE,/api/v1/orgs/{org_id}/nactags/{nactag_id},DeleteOrgNacTag
2280,mist.com,mist.com,DELETE,/api/v1/orgs/{org_id}/otherdevices/{device_mac},deleteOrgOtherDevice
2281,mist.com,mist.com,DELETE,/api/v1/orgs/{org_id}/psks/{psk_id},deleteOrgPsk
2282,mist.com,mist.com,DELETE,/api/v1/orgs/{org_id}/servicepolicies/{servicepolicy_id},deleteOrgServicePolicy
2283,mist.com,mist.com,DELETE,/api/v1/orgs/{org_id}/services/{service_id},deleteOrgService
2284,mist.com,mist.com,DELETE,/api/v1/orgs/{org_id}/sitegroups/{sitegroup_id},deleteOrgSiteGroup
2285,mist.com,mist.com,DELETE,/api/v1/orgs/{org_id}/ssoroles/{ssorole_id},deleteOrgSsoRole
2286,mist.com,mist.com,DELETE,/api/v1/self/apitokens/{apitoken_id},deleteApiToken
2287,mist.com,mist.com,DELETE,/api/v1/sites/{site_id}/devices/{device_id}/vc,deleteSiteVirtualChassis
2288,mist.com,mist.com,DELETE,/api/v1/sites/{site_id}/pcaps/capture,stopSitePacketCapture
2289,mist.com,mist.com,DELETE,/api/v1/sites/{site_id}/setting/blacklist,deleteSiteClientsBlocklist
2290,mist.com,mist.com,PUT,/api/v1/msps/{msp_id}/admins/{admin_id},updateMspAdmin
2291,mist.com,mist.com,PUT,/api/v1/msps/{msp_id}/ssoroles/{ssorole_id},updateMspSsoRole
2292,mist.com,mist.com,PUT,/api/v1/orgs/{org_id}/mxclusters/{mxcluster_id},updateOrgMxEdgeCluster
2293,mist.com,mist.com,PUT,/api/v1/orgs/{org_id}/mxtunnels/{mxtunnel_id},updateOrgMxTunnel
2294,mist.com,mist.com,PUT,/api/v1/orgs/{org_id}/nacrules/{nacrule_id},updateOrgNacRule
2295,mist.com,mist.com,PUT,/api/v1/orgs/{org_id}/ssos/{sso_id},updateOrgSso
2296,mist.com,mist.com,PUT,/api/v1/sites/{site_id}/evpn_topologies/{evpn_topology_id},updateSiteEvpnTopology
2297,mist.com,mist.com,PUT,/api/v1/sites/{site_id}/guests/{guest_mac},updateSiteGuestAuthorization
2298,mist.com,mist.com,PUT,/api/v1/sites/{site_id}/rssizones/{rssizone_id},updateSiteRssiZone
2299,mist.com,mist.com,PUT,/api/v1/sites/{site_id}/wlans/{wlan_id},updateSiteWlan
2300,monarchinitiative.org,monarchinitiative.org,DELETE,/variation/set/{id},delete_variant_set_item
2301,monarchinitiative.org,monarchinitiative.org,PUT,/variation/set/{id},put_variant_set_item
2302,motaword.com,motaword.com,DELETE,/{userId}/delete-account,deleteUserAccount
2303,motaword.com,motaword.com,DELETE,/cache/{key},deleteCache
2304,motaword.com,motaword.com,DELETE,/continuous_projects/{id},deleteContinuousProject
2305,motaword.com,motaword.com,DELETE,/continuous_projects/{id}/subscription,deleteSubscription
2306,motaword.com,motaword.com,DELETE,/continuous_projects/{projectId}/strings/cached,clearTranslationCache
2307,motaword.com,motaword.com,DELETE,/continuous_projects/{projectId}/widgets/{widgetId},deleteActiveWidget
2308,motaword.com,motaword.com,DELETE,/delete-account,deleteAccount
2309,motaword.com,motaword.com,DELETE,/payment/{cardId}/delete,deleteCreditCard
2310,motaword.com,motaword.com,DELETE,/projects/{id},deleteProject
2311,motaword.com,motaword.com,DELETE,/projects/{id}/webhooks,deleteProjectWebhook
2312,motaword.com,motaword.com,DELETE,/projects/{projectId}/documents/{documentId},deleteProjectDocument
2313,motaword.com,motaword.com,DELETE,/projects/{projectId}/glossaries/{glossaryId},deleteGlossary
2314,motaword.com,motaword.com,DELETE,/projects/{projectId}/styleguides/{styleGuideId},deleteStyleGuide
2315,motaword.com,motaword.com,PUT,/continuous_projects/{id}/subscription,updateSubscription
2316,motaword.com,motaword.com,PUT,/continuous_projects/{id}/subscription/payment,updateSubscriptionPaymentMethod
2317,motaword.com,motaword.com,PUT,/projects/{id},updateProject
2318,motaword.com,motaword.com,PUT,/projects/{projectId}/glossaries/{glossaryId},updateGlossary
2319,motaword.com,motaword.com,PUT,/projects/{projectId}/styleguides/{styleGuideId},updateStyleGuide
2320,motaword.com,motaword.com,PUT,/strings,updateTranslationMemoryUnit
2321,mozilla.com,mozilla.com:kinto,DELETE,/buckets/{bucket_id}/collections/{collection_id}/records/{id}/attachment,delete_attachment
2322,n-auth.com,n-auth.com,DELETE,/attributes/,deleteGlobalAttributes
2323,n-auth.com,n-auth.com,DELETE,/attributes/{attributekey},deleteGlobalAttribute
2324,n-auth.com,n-auth.com,DELETE,/servers/{serverid}/accounts/{accountid}/,deleteAccount
2325,n-auth.com,n-auth.com,DELETE,/servers/{serverid}/attributes/,deleteServerAttributes
2326,n-auth.com,n-auth.com,DELETE,/servers/{serverid}/attributes/{attributekey},deleteServerAttribute
2327,n-auth.com,n-auth.com,DELETE,/servers/{serverid}/permissions/{roleid},revokePermissions
2328,n-auth.com,n-auth.com,DELETE,/servers/{serverid}/privilegedattributes/,deleteServerPrivilegedAttributes
2329,n-auth.com,n-auth.com,DELETE,/servers/{serverid}/privilegedattributes/{attributekey},deleteServerPrivilegedAttribute
2330,n-auth.com,n-auth.com,DELETE,/servers/{serverid}/users/{userid}/,deleteUser
2331,n-auth.com,n-auth.com,DELETE,/servers/{serverid}/users/{userid}/accounts,deleteUserAccounts
2332,n-auth.com,n-auth.com,DELETE,/servers/{serverid}/users/{userid}/attributes/,deleteUserAttributes
2333,n-auth.com,n-auth.com,DELETE,/servers/{serverid}/users/{userid}/attributes/{attributekey},deleteUserAttribute
2334,n-auth.com,n-auth.com,PUT,/attributes/,updateGlobalAttributes
2335,n-auth.com,n-auth.com,PUT,/servers/{serverid}/,updateServer
2336,n-auth.com,n-auth.com,PUT,/servers/{serverid}/accounts/{accountid}/,updateAccount
2337,n-auth.com,n-auth.com,PUT,/servers/{serverid}/accounts/{accountid}/user,updateAccountUser
2338,n-auth.com,n-auth.com,PUT,/servers/{serverid}/attributes/,updateServerAttributes
2339,n-auth.com,n-auth.com,PUT,/servers/{serverid}/privilegedattributes/,updateServerPrivilegedAttributes
2340,n-auth.com,n-auth.com,PUT,/servers/{serverid}/users/{userid}/attributes/,updateUserAttributes
2341,naviplancentral.com,naviplancentral.com:factfinder,DELETE,/api/Accounts/{accountId}/SavingsStrategies,Accounts_DeleteSavingsStrategiesByAccountid
2342,naviplancentral.com,naviplancentral.com:factfinder,DELETE,/api/Accounts/{accountId}/SavingsStrategies/{id},Accounts_DeleteSavingsStrategyByAccountidId
2343,naviplancentral.com,naviplancentral.com:factfinder,DELETE,/api/Accounts/{id},Accounts_DeleteAccountById
2344,naviplancentral.com,naviplancentral.com:factfinder,DELETE,/api/DefinedBenefitPensions/{id},DefinedBenefitPensions_DeleteDefinedBenefitPensionById
2345,naviplancentral.com,naviplancentral.com:factfinder,DELETE,/api/Demographics/{demographicId}/Dependents/{id},Demographics_DeleteDependentByDemographicidId
2346,naviplancentral.com,naviplancentral.com:factfinder,DELETE,/api/EducationGoals/{id},EducationGoals_DeleteById
2347,naviplancentral.com,naviplancentral.com:factfinder,DELETE,/api/Expenses/{id},Expenses_DeleteById
2348,naviplancentral.com,naviplancentral.com:factfinder,DELETE,/api/Incomes/{id},Incomes_DeleteById
2349,naviplancentral.com,naviplancentral.com:factfinder,DELETE,/api/LongTermCareInsurancePolicies/{id},LongTermCareInsurancePolicies_DeleteById
2350,naviplancentral.com,naviplancentral.com:factfinder,DELETE,/api/RealEstateAssets/{id},RealEstateAssets_DeleteById
2351,naviplancentral.com,naviplancentral.com:factfinder,PUT,/api/Accounts/{accountId}/Holdings,Accounts_PutHoldingsByAccountidHoldings
2352,naviplancentral.com,naviplancentral.com:factfinder,PUT,/api/Accounts/{accountId}/SavingsStrategies/{id},Accounts_PutSavingsStrategyByAccountidIdSavingsstrategy
2353,naviplancentral.com,naviplancentral.com:factfinder,PUT,/api/CriticalIllnessInsurancePolicies/{id},CriticalIllnessInsurancePolicies_PutByIdModel
2354,naviplancentral.com,naviplancentral.com:factfinder,PUT,/api/DefinedBenefitPensions/{id},DefinedBenefitPensions_PutDefinedBenefitPensionByIdModel
2355,naviplancentral.com,naviplancentral.com:factfinder,PUT,/api/Demographics/{demographicId}/Dependents/{id},Demographics_PutByDemographicidIdModel
2356,naviplancentral.com,naviplancentral.com:factfinder,PUT,/api/DisabilityInsurancePolicies/{id},DisabilityInsurancePolicies_PutByIdModel
2357,naviplancentral.com,naviplancentral.com:factfinder,PUT,/api/FactFinders/{factFinderId}/Modules/{id},FactFinderModules_PutByModelFactfinderidId
2358,naviplancentral.com,naviplancentral.com:factfinder,PUT,/api/FactFinders/{id}/Populate,FactFinders_PutPopulateFactFinderByIdModel
2359,naviplancentral.com,naviplancentral.com:factfinder,PUT,/api/LifeInsurancePolicies/{id},LifeInsurancePolicies_PutByIdModel
2360,naviplancentral.com,naviplancentral.com:factfinder,PUT,/api/MajorPurchaseGoals/{id},MajorPurchaseGoals_PutByIdModel
2361,naviplancentral.com,naviplancentral.com:factfinder,PUT,/api/RealEstateAssets/{id},RealEstateAssets_PutByIdModel
2362,naviplancentral.com,naviplancentral.com:factfinder,PUT,/api/RetirementGoals/{retirementGoalId}/Expenses/{id},RetirementGoals_PutByRetirementgoalidIdModel
2363,nbg.gr,nbg.gr,DELETE,/account-access-consents/{consentId},
2364,nbg.gr,nbg.gr,DELETE,/sandbox/{sandboxId},
2365,nbg.gr,nbg.gr,PUT,/sandbox,
2366,ndhm.gov.in,ndhm.gov.in:ndhm-healthid,DELETE,/v1/account/profile,deleteAccountUsingDELETE
2367,ndhm.gov.in,ndhm.gov.in:ndhm-healthid,DELETE,/v1/ha/tags,deleteTagUsingDELETE
2368,netbox.dev,netbox.dev,DELETE,/dcim/power-ports/{id}/,dcim_power-ports_delete
2369,netbox.dev,netbox.dev,DELETE,/dcim/racks/,dcim_racks_bulk_delete
2370,netbox.dev,netbox.dev,DELETE,/dcim/virtual-device-contexts/,dcim_virtual-device-contexts_bulk_delete
2371,netbox.dev,netbox.dev,DELETE,/extras/journal-entries/,extras_journal-entries_bulk_delete
2372,netbox.dev,netbox.dev,DELETE,/ipam/fhrp-group-assignments/,ipam_fhrp-group-assignments_bulk_delete
2373,netbox.dev,netbox.dev,DELETE,/ipam/l2vpn-terminations/,ipam_l2vpn-terminations_bulk_delete
2374,netbox.dev,netbox.dev,DELETE,/wireless/wireless-lan-groups/,wireless_wireless-lan-groups_bulk_delete
2375,netbox.dev,netbox.dev,PATCH,/circuits/circuits/,circuits_circuits_bulk_partial_update
2376,netbox.dev,netbox.dev,PATCH,/dcim/device-bays/{id}/,dcim_device-bays_partial_update
2377,netbox.dev,netbox.dev,PATCH,/dcim/front-port-templates/{id}/,dcim_front-port-templates_partial_update
2378,netbox.dev,netbox.dev,PATCH,/dcim/power-port-templates/,dcim_power-port-templates_bulk_partial_update
2379,netbox.dev,netbox.dev,PATCH,/dcim/rack-reservations/{id}/,dcim_rack-reservations_partial_update
2380,netbox.dev,netbox.dev,PATCH,/dcim/rear-port-templates/,dcim_rear-port-templates_bulk_partial_update
2381,netbox.dev,netbox.dev,PATCH,/ipam/rirs/,ipam_rirs_bulk_partial_update
2382,netbox.dev,netbox.dev,PATCH,/wireless/wireless-links/{id}/,wireless_wireless-links_partial_update
2383,netbox.dev,netbox.dev,PUT,/dcim/console-ports/,dcim_console-ports_bulk_update
2384,netbox.dev,netbox.dev,PUT,/dcim/interfaces/,dcim_interfaces_bulk_update
2385,netbox.dev,netbox.dev,PUT,/dcim/power-outlets/,dcim_power-outlets_bulk_update
2386,netbox.dev,netbox.dev,PUT,/dcim/rack-reservations/,dcim_rack-reservations_bulk_update
2387,netbox.dev,netbox.dev,PUT,/extras/custom-fields/,extras_custom-fields_bulk_update
2388,netbox.dev,netbox.dev,PUT,/ipam/aggregates/{id}/,ipam_aggregates_update
2389,netbox.dev,netbox.dev,PUT,/wireless/wireless-links/{id}/,wireless_wireless-links_update
2390,netboxdemo.com,netboxdemo.com,DELETE,/dcim/console-server-ports/{id}/,dcim_console-server-ports_delete
2391,netboxdemo.com,netboxdemo.com,DELETE,/dcim/device-roles/{id}/,dcim_device-roles_delete
2392,netboxdemo.com,netboxdemo.com,DELETE,/dcim/inventory-items/{id}/,dcim_inventory-items_delete
2393,netboxdemo.com,netboxdemo.com,DELETE,/dcim/power-ports/{id}/,dcim_power-ports_delete
2394,netboxdemo.com,netboxdemo.com,DELETE,/extras/image-attachments/{id}/,extras_image-attachments_delete
2395,netboxdemo.com,netboxdemo.com,DELETE,/extras/tags/{id}/,extras_tags_delete
2396,netboxdemo.com,netboxdemo.com,DELETE,/ipam/ip-addresses/{id}/,ipam_ip-addresses_delete
2397,netboxdemo.com,netboxdemo.com,DELETE,/secrets/secrets/{id}/,secrets_secrets_delete
2398,netboxdemo.com,netboxdemo.com,PATCH,/circuits/circuit-types/{id}/,circuits_circuit-types_partial_update
2399,netboxdemo.com,netboxdemo.com,PATCH,/dcim/rack-roles/{id}/,dcim_rack-roles_partial_update
2400,netboxdemo.com,netboxdemo.com,PATCH,/dcim/regions/{id}/,dcim_regions_partial_update
2401,netboxdemo.com,netboxdemo.com,PATCH,/dcim/virtual-chassis/{id}/,dcim_virtual-chassis_partial_update
2402,netboxdemo.com,netboxdemo.com,PATCH,/ipam/vlans/{id}/,ipam_vlans_partial_update
2403,netboxdemo.com,netboxdemo.com,PUT,/circuits/circuit-types/{id}/,circuits_circuit-types_update
2404,netboxdemo.com,netboxdemo.com,PUT,/dcim/console-port-templates/{id}/,dcim_console-port-templates_update
2405,netboxdemo.com,netboxdemo.com,PUT,/dcim/console-ports/{id}/,dcim_console-ports_update
2406,netboxdemo.com,netboxdemo.com,PUT,/dcim/platforms/{id}/,dcim_platforms_update
2407,netboxdemo.com,netboxdemo.com,PUT,/dcim/power-panels/{id}/,dcim_power-panels_update
2408,netboxdemo.com,netboxdemo.com,PUT,/ipam/prefixes/{id}/,ipam_prefixes_update
2409,netboxdemo.com,netboxdemo.com,PUT,/ipam/services/{id}/,ipam_services_update
2410,netboxdemo.com,netboxdemo.com,PUT,/ipam/vlan-groups/{id}/,ipam_vlan-groups_update
2411,netboxdemo.com,netboxdemo.com,PUT,/ipam/vrfs/{id}/,ipam_vrfs_update
2412,netlicensing.io,netlicensing.io,DELETE,/license/{licenseNumber},deleteLicense
2413,netlicensing.io,netlicensing.io,DELETE,/licensee/{licenseeNumber},deleteLicensee
2414,netlicensing.io,netlicensing.io,DELETE,/licensetemplate/{licenseTemplateNumber},deleteLicenseTemplate
2415,netlicensing.io,netlicensing.io,DELETE,/product/{productNumber},deleteProduct
2416,netlicensing.io,netlicensing.io,DELETE,/productmodule/{productModuleNumber},deleteProductModule
2417,netlicensing.io,netlicensing.io,DELETE,/token/{tokenNumber},deleteToken
2418,netlify.com,netlify.com,DELETE,/{account_slug}/members/{member_id},removeAccountMember
2419,netlify.com,netlify.com,DELETE,/accounts/{account_id},cancelAccount
2420,netlify.com,netlify.com,DELETE,/accounts/{account_id}/env/{key}/value/{id},deleteEnvVarValue
2421,netlify.com,netlify.com,DELETE,/deploy_keys/{key_id},deleteDeployKey
2422,netlify.com,netlify.com,DELETE,/dns_zones/{zone_id},deleteDnsZone
2423,netlify.com,netlify.com,DELETE,/dns_zones/{zone_id}/dns_records/{dns_record_id},deleteDnsRecord
2424,netlify.com,netlify.com,DELETE,/sites/{site_id},deleteSite
2425,netlify.com,netlify.com,DELETE,/sites/{site_id}/assets/{asset_id},deleteSiteAsset
2426,netlify.com,netlify.com,DELETE,/sites/{site_id}/deploys/{deploy_id},deleteSiteDeploy
2427,netlify.com,netlify.com,DELETE,/sites/{site_id}/services/{addon}/instances/{instance_id},deleteServiceInstance
2428,netlify.com,netlify.com,DELETE,/sites/{site_id}/snippets/{snippet_id},deleteSiteSnippet
2429,netlify.com,netlify.com,DELETE,/submissions/{submission_id},deleteSubmission
2430,netlify.com,netlify.com,PUT,/deploys/{deploy_id}/files/{path},uploadDeployFile
2431,netlify.com,netlify.com,PUT,/dns_zones/{zone_id}/transfer,transferDnsZone
2432,netlify.com,netlify.com,PUT,/sites/{site_id}/assets/{asset_id},updateSiteAsset
2433,netlify.com,netlify.com,PUT,/sites/{site_id}/build_hooks/{id},updateSiteBuildHook
2434,netlify.com,netlify.com,PUT,/sites/{site_id}/deploys/{deploy_id},updateSiteDeploy
2435,netlify.com,netlify.com,PUT,/sites/{site_id}/dns,configureDNSForSite
2436,netlify.com,netlify.com,PUT,/sites/{site_id}/metadata,updateSiteMetadata
2437,netlify.com,netlify.com,PUT,/sites/{site_id}/plugins/{package},updatePlugin
2438,netlify.com,netlify.com,PUT,/sites/{site_id}/rollback,rollbackSiteDeploy
2439,netlify.com,netlify.com,PUT,/sites/{site_id}/snippets/{snippet_id},updateSiteSnippet
2440,nexmo.com,nexmo.com:media,DELETE,/:id,delete-a-media-item
2441,nexmo.com,nexmo.com:application,DELETE,/{app_id},deleteApplication
2442,nexmo.com,nexmo.com:application.v2,DELETE,/{id},deleteApplication
2443,nexmo.com,nexmo.com:external-accounts,DELETE,/{provider}/{external_id}/applications/{application_id},UnliWithoutApplicationnkApplication
2444,nexmo.com,nexmo.com:voice,DELETE,/{uuid}/stream,stopStream
2445,nexmo.com,nexmo.com:conversation,DELETE,/conversations/{conversation_id},deleteConversation
2446,nexmo.com,nexmo.com:conversation,DELETE,/conversations/{conversation_id}/events/{event_id},deleteEvent
2447,nexmo.com,nexmo.com:conversation,DELETE,/conversations/{conversation_id}/members/{member_id},deleteMember
2448,nexmo.com,nexmo.com:conversation,DELETE,/legs/{leg_id},deleteLeg
2449,nexmo.com,nexmo.com:external-accounts,DELETE,/messenger/{external_id},DeleteMessengerAccount
2450,nexmo.com,nexmo.com:conversation,DELETE,/users/{user_id},deleteUser
2451,nexmo.com,nexmo.com:reports,DELETE,/v2/reports/{report_id},cancel-report
2452,nexmo.com,nexmo.com:subaccounts,PATCH,/{api_key}/subaccounts/{subaccount_key},modifySubaccount
2453,nexmo.com,nexmo.com:external-accounts,PATCH,/messenger/{external_id},UpdateMessengerAccount
2454,nexmo.com,nexmo.com:application,PUT,/{app_id},updateApplication
2455,nexmo.com,nexmo.com:voice,PUT,/{uuid},updateCall
2456,nexmo.com,nexmo.com:voice,PUT,/{uuid}/dtmf,startDTMF
2457,nexmo.com,nexmo.com:voice,PUT,/{uuid}/stream,startStream
2458,nexmo.com,nexmo.com:voice,PUT,/{uuid}/talk,startTalk
2459,nexmo.com,nexmo.com:conversation,PUT,/conversations/{conversation_id},replaceConversation
2460,nexmo.com,nexmo.com:conversation,PUT,/conversations/{conversation_id}/record,recordConversation
2461,nexmo.com,nexmo.com:conversation,PUT,/users/{user_id},updateUser
2462,noosh.com,noosh.com,DELETE,/v1/workgroups/{workgroup_id}/projects/{project_id},deleteProject
2463,noosh.com,noosh.com,DELETE,/v1/workgroups/{workgroup_id}/projects/{project_id}/teammembers/{teammember_id},deleteTeamMemberOfProject
2464,noosh.com,noosh.com,PATCH,/v1/workgroups/{workgroup_id}/projects/{project_id},patchProject
2465,noosh.com,noosh.com,PUT,/1.1/workgroups/{workgroup_id}/projects/{project_id}/specs/{spec_id},putSpec
2466,noosh.com,noosh.com,PUT,/v1/workgroups/{workgroup_id}/detail,putWorkgroup
2467,noosh.com,noosh.com,PUT,/v1/workgroups/{workgroup_id}/projects/{project_id},putProject
2468,noosh.com,noosh.com,PUT,/v1/workgroups/{workgroup_id}/projects/{project_id}/buyOrders/{order_id},putBuyOrder
2469,noosh.com,noosh.com,PUT,/v1/workgroups/{workgroup_id}/projects/{project_id}/quotes/{quote_id},putQuote
2470,noosh.com,noosh.com,PUT,/v1/workgroups/{workgroup_id}/projects/{project_id}/sellOrders/{order_id},putSellOrder
2471,noosh.com,noosh.com,PUT,/v1/workgroups/{workgroup_id}/projects/{project_id}/shipments/{shipment_id}/locations/{location_id},putShipmentLocation
2472,noosh.com,noosh.com,PUT,/v1/workgroups/{workgroup_id}/projects/{project_id}/specs/{spec_id},
2473,nordigen.com,nordigen.com,DELETE,/api/v2/agreements/enduser/{id}/,delete EUA by id v2
2474,nordigen.com,nordigen.com,DELETE,/api/v2/payments/{id}/,delete periodic payment
2475,nordigen.com,nordigen.com,DELETE,/api/v2/payments/creditors/{id}/,payments_creditors_destroy
2476,nordigen.com,nordigen.com,DELETE,/api/v2/requisitions/{id}/,delete requisition by id v2
2477,nordigen.com,nordigen.com,PUT,/api/v2/agreements/enduser/{id}/accept/,accept EUA
2478,nowpayments.io,nowpayments.io,DELETE,/v1/subscriptions/{sub_id},deleteRecurringPayment
2479,nowpayments.io,nowpayments.io,PATCH,/v1/subscriptions/plans/{plan-id},updatePlan
2480,npr.org,npr.org:identity,DELETE,/v2/user,deleteUser
2481,npr.org,npr.org:identity,PUT,/v2/stations,updateStations
2482,obono.at,obono.at,PUT,/registrierkassen/{registrierkasseUuid}/belege/{belegUuid},addBeleg
2483,okta.local,okta.local,DELETE,/api/v1/users/{userId}/sessions,clearUserSessions
2484,okta.local,okta.local,PUT,/api/v1/users/{userId},setRecoveryCredential
2485,onsched.com,onsched.com:setup,DELETE,/setup/v1/calendars/{id},
2486,onsched.com,onsched.com:setup,DELETE,/setup/v1/locations/{id}/deleteallimages,
2487,onsched.com,onsched.com:setup,DELETE,/setup/v1/locations/{id}/deleteimage,
2488,onsched.com,onsched.com:setup,DELETE,/setup/v1/locations/{id}/email/templates/{templateName},
2489,onsched.com,onsched.com:setup,DELETE,/setup/v1/locations/{id}/email/templates/master,
2490,onsched.com,onsched.com:setup,DELETE,/setup/v1/resources/{id}/deleteimage,
2491,onsched.com,onsched.com:setup,DELETE,/setup/v1/resources/block/{id},
2492,onsched.com,onsched.com:setup,DELETE,/setup/v1/services/{id},
2493,onsched.com,onsched.com:consumer,PUT,/consumer/v1/appointments/{id}/confirm,
2494,onsched.com,onsched.com:consumer,PUT,/consumer/v1/appointments/{id}/noshow,
2495,onsched.com,onsched.com:consumer,PUT,/consumer/v1/appointments/{id}/reserve,
2496,onsched.com,onsched.com:consumer,PUT,/consumer/v1/customers/{id},
2497,onsched.com,onsched.com:setup,PUT,/setup/v1/appointments/{id}/reassign/resource/{resourceId},
2498,onsched.com,onsched.com:setup,PUT,/setup/v1/calendars/{id},
2499,onsched.com,onsched.com:setup,PUT,/setup/v1/companies/regions/{id},
2500,onsched.com,onsched.com:setup,PUT,/setup/v1/locations/{id}/holidays/{holidayId}/{closed},
2501,onsched.com,onsched.com:setup,PUT,/setup/v1/locations/{id}/recover,
2502,onsched.com,onsched.com:setup,PUT,/setup/v1/locations/{id}/settings/scope/{settingsScope},
2503,onsched.com,onsched.com:setup,PUT,/setup/v1/resources/{id}/reassign/appointments/{resourceId},
2504,onsched.com,onsched.com:setup,PUT,/setup/v1/resources/{id}/services,
2505,onsched.com,onsched.com:setup,PUT,/setup/v1/services/{id},
2506,onsched.com,onsched.com:setup,PUT,/setup/v1/services/{id}/availability,
2507,openai.com,openai.com,DELETE,/files/{file_id},deleteFile
2508,openai.com,openai.com,DELETE,/models/{model},deleteModel
2509,openapi.space,openapi.space,DELETE,/apis/{owner}/{api},delete_api
2510,openapi.space,openapi.space,DELETE,/apis/{owner}/{api}/{version},delete_api_version
2511,openbanking.org.uk,openbanking.org.uk:account-info-openapi,DELETE,/account-access-consents/{ConsentId},DeleteAccountAccessConsentsConsentId
2512,openbanking.org.uk,openbanking.org.uk:confirmation-funds-openapi,DELETE,/funds-confirmation-consents/{ConsentId},DeleteFundsConfirmationConsentsConsentId
2513,openbankingproject.ch,openbankingproject.ch,DELETE,/v1/{payment-service}/{payment-product}/{paymentId},cancelPayment
2514,openbankingproject.ch,openbankingproject.ch,DELETE,/v1/consents/{consentId},deleteConsent
2515,openbankingproject.ch,openbankingproject.ch,DELETE,/v1/signing-baskets/{basketId},deleteSigningBasket
2516,openbankingproject.ch,openbankingproject.ch,PUT,/v1/{payment-service}/{payment-product}/{paymentId}/authorisations/{authorisationId},updatePaymentPsuData
2517,openbankingproject.ch,openbankingproject.ch,PUT,/v1/consents/{consentId}/authorisations/{authorisationId},updateConsentsPsuData
2518,openbankingproject.ch,openbankingproject.ch,PUT,/v1/signing-baskets/{basketId}/authorisations/{authorisationId},updateSigningBasketPsuData
2519,openchannel.io,openchannel.io:market,DELETE,/apps/{appId},
2520,openchannel.io,openchannel.io:market,DELETE,/apps/{appId}/versions/{version},
2521,openchannel.io,openchannel.io:market,DELETE,/developerAccounts/{developerAccountId},
2522,openchannel.io,openchannel.io:market,DELETE,/developers/{developerId},
2523,openchannel.io,openchannel.io:market,DELETE,/permission/apps/{appId},
2524,openchannel.io,openchannel.io:market,DELETE,/reviews/{reviewId},
2525,openchannel.io,openchannel.io:market,DELETE,/stripe-gateway/developer/{developerId}/accounts/{stripeId},
2526,openchannel.io,openchannel.io:market,DELETE,/stripe-gateway/user/{userId}/cards/{cardId},
2527,openchannel.io,openchannel.io:market,DELETE,/transactions/{transactionId},
2528,openchannel.io,openchannel.io:market,DELETE,/userAccounts/{userAccountId},
2529,openchannel.io,openchannel.io:market,DELETE,/users/{userId},
2530,openchannel.io,openchannel.io:market,PATCH,/apps/{appId}/versions/{version},
2531,openchannel.io,openchannel.io:market,PATCH,/developerAccounts/{developerAccountId},
2532,openchannel.io,openchannel.io:market,PATCH,/developers/{developerId},
2533,openchannel.io,openchannel.io:market,PATCH,/ownership/{ownershipId},
2534,openchannel.io,openchannel.io:market,PATCH,/reviews/{reviewId},
2535,openchannel.io,openchannel.io:market,PATCH,/userAccounts/{userAccountId},
2536,openchannel.io,openchannel.io:market,PATCH,/users/{userId},
2537,opendatasoft.com,opendatasoft.com,PUT,/{source}/datasets/{dataset_id}/feedback,sendDatasetFeedback
2538,openlinksw.com,openlinksw.com:osdb,DELETE,/api/v1/services/{serviceId},unloadService
2539,openpolicy.local,openpolicy.local,DELETE,/v1/data/{path},deleteDocument
2540,openpolicy.local,openpolicy.local,PATCH,/v1/data/{path},patchDocument
2541,openpolicy.local,openpolicy.local,PUT,/v1/data/{path},putDocument
2542,openpolicy.local,openpolicy.local,PUT,/v1/policies/{id},putPolicyModule
2543,openstf.io,openstf.io,DELETE,/user/devices/{serial},deleteUserDeviceBySerial
2544,openstf.io,openstf.io,DELETE,/user/devices/{serial}/remoteConnect,remoteDisconnectUserDeviceBySerial
2545,opensuse.org,opensuse.org:obs,DELETE,/attribute/{namespace},
2546,opensuse.org,opensuse.org:obs,DELETE,/attribute/{namespace}/_meta,
2547,opensuse.org,opensuse.org:obs,DELETE,/attribute/{namespace}/{attribute_name},
2548,opensuse.org,opensuse.org:obs,DELETE,/attribute/{namespace}/{attribute_name}/_meta,
2549,opensuse.org,opensuse.org:obs,DELETE,/distributions/{distribution_id},
2550,opensuse.org,opensuse.org:obs,DELETE,/group/{group_title},
2551,opensuse.org,opensuse.org:obs,DELETE,/issue_trackers/{issue_tracker_name},
2552,opensuse.org,opensuse.org:obs,DELETE,/person/{login}/token/{id},
2553,opensuse.org,opensuse.org:obs,DELETE,/request/{id},
2554,opensuse.org,opensuse.org:obs,PUT,/attribute/{namespace}/_meta,
2555,opensuse.org,opensuse.org:obs,PUT,/attribute/{namespace}/{attribute_name}/_meta,
2556,opensuse.org,opensuse.org:obs,PUT,/build/{project_name}/{repository_name}/{architecture_name}/{package_name}/{file_name},putBuildProjectRepositoryArchitecturePackageFile
2557,opensuse.org,opensuse.org:obs,PUT,/configuration,
2558,opensuse.org,opensuse.org:obs,PUT,/distributions/{distribution_id},
2559,opensuse.org,opensuse.org:obs,PUT,/distributions/bulk_replace,
2560,opensuse.org,opensuse.org:obs,PUT,/group/{group_title},
2561,opensuse.org,opensuse.org:obs,PUT,/issue_trackers/{issue_tracker_name},
2562,opensuse.org,opensuse.org:obs,PUT,/person/{login},
2563,opensuse.org,opensuse.org:obs,PUT,/request/{id},
2564,orbit.love,orbit.love,DELETE,/{workspace_slug}/members/{member_slug},
2565,orbit.love,orbit.love,DELETE,/{workspace_slug}/members/{member_slug}/activities/{id},
2566,orbit.love,orbit.love,DELETE,/{workspace_slug}/members/{member_slug}/identities,
2567,orbit.love,orbit.love,DELETE,/{workspace_slug}/webhooks/{id},
2568,orbit.love,orbit.love,PUT,/{workspace_slug}/members/{member_slug},
2569,orbit.love,orbit.love,PUT,/{workspace_slug}/members/{member_slug}/activities/{id},
2570,orbit.love,orbit.love,PUT,/{workspace_slug}/members/{member_slug}/notes/{id},
2571,orbit.love,orbit.love,PUT,/{workspace_slug}/organizations/{organization_id},
2572,orbit.love,orbit.love,PUT,/{workspace_slug}/webhooks/{id},
2573,orthanc-server.com,orthanc-server.com,DELETE,/changes,
2574,orthanc-server.com,orthanc-server.com,DELETE,/exports,
2575,orthanc-server.com,orthanc-server.com,DELETE,/patients/{id}/metadata/{name},
2576,orthanc-server.com,orthanc-server.com,DELETE,/queries/{id},
2577,orthanc-server.com,orthanc-server.com,DELETE,/series/{id},
2578,orthanc-server.com,orthanc-server.com,DELETE,/series/{id}/metadata/{name},
2579,orthanc-server.com,orthanc-server.com,DELETE,/studies/{id},
2580,orthanc-server.com,orthanc-server.com,DELETE,/studies/{id}/metadata/{name},
2581,orthanc-server.com,orthanc-server.com,PUT,/instances/{id}/metadata/{name},
2582,orthanc-server.com,orthanc-server.com,PUT,/modalities/{id},
2583,orthanc-server.com,orthanc-server.com,PUT,/patients/{id}/attachments/{name},
2584,orthanc-server.com,orthanc-server.com,PUT,/patients/{id}/metadata/{name},
2585,orthanc-server.com,orthanc-server.com,PUT,/patients/{id}/protected,
2586,orthanc-server.com,orthanc-server.com,PUT,/peers/{id},
2587,orthanc-server.com,orthanc-server.com,PUT,/series/{id}/attachments/{name},
2588,orthanc-server.com,orthanc-server.com,PUT,/studies/{id}/attachments/{name},
2589,orthanc-server.com,orthanc-server.com,PUT,/tools/default-encoding,
2590,orthanc-server.com,orthanc-server.com,PUT,/tools/log-level,
2591,orthanc-server.com,orthanc-server.com,PUT,/tools/log-level-generic,
2592,orthanc-server.com,orthanc-server.com,PUT,/tools/log-level-sqlite,
2593,orthanc-server.com,orthanc-server.com,PUT,/tools/metrics,
2594,orthanc-server.com,orthanc-server.com,PUT,/tools/unknown-sop-class-accepted,
2595,osf.io,osf.io,DELETE,/collections/{collection_id}/,collections_delete
2596,osf.io,osf.io,DELETE,/collections/{collection_id}/collected_metadata/{cgm_id},collections_metadata_delete
2597,osf.io,osf.io,DELETE,/collections/{collection_id}/linked_nodes/relationships/,collections_linked_nodes_relationships_delete
2598,osf.io,osf.io,DELETE,/collections/{collection_id}/linked_registrations/relationships/,collections_linked_registrations_relationships_delete
2599,osf.io,osf.io,DELETE,/comments/{comment_id}/,comments_delete
2600,osf.io,osf.io,DELETE,/draft_registrations/{draft_id}/,
2601,osf.io,osf.io,DELETE,/nodes/{node_id}/,nodes_delete
2602,osf.io,osf.io,DELETE,/nodes/{node_id}/contributors/{user_id}/,nodes_contributors_delete
2603,osf.io,osf.io,DELETE,/nodes/{node_id}/draft_registrations/{draft_id}/,nodes_draft_registrations_delete
2604,osf.io,osf.io,DELETE,/schema_responses/{schema_response_id},schema_response_delete
2605,osf.io,osf.io,PATCH,/draft_registrations/{draft_id}/,
2606,osf.io,osf.io,PATCH,/files/{file_id}/,files_patch
2607,osf.io,osf.io,PATCH,/nodes/{node_id}/,nodes_partial_update
2608,osf.io,osf.io,PATCH,/nodes/{node_id}/addons/{provider}/,nodes_node_addon_update
2609,osf.io,osf.io,PATCH,/nodes/{node_id}/contributors/{user_id}/,nodes_contributors_partial_update
2610,osf.io,osf.io,PATCH,/nodes/{node_id}/draft_registrations/{draft_id}/,nodes_draft_registrations_partial_update
2611,osf.io,osf.io,PATCH,/preprints/{preprint_id}/,preprints_partial_update
2612,osf.io,osf.io,PATCH,/registrations/{registration_id}/,registrations_partial_update
2613,osf.io,osf.io,PATCH,/schema_responses/{schema_response_id},schema_response_patch
2614,osf.io,osf.io,PATCH,/users/{user_id}/,users_partial_update
2615,osf.io,osf.io,PUT,/comments/{comment_id}/,comments_put
2616,osisoft.com,osisoft.com,DELETE,/analysistemplates/{webId}/securityentries/{name},AnalysisTemplate_DeleteSecurityEntry
2617,osisoft.com,osisoft.com,DELETE,/assetdatabases/{webId}/securityentries/{name},AssetDatabase_DeleteSecurityEntry
2618,osisoft.com,osisoft.com,DELETE,/attributes/{webId},Attribute_Delete
2619,osisoft.com,osisoft.com,DELETE,/elementcategories/{webId}/securityentries/{name},ElementCategory_DeleteSecurityEntry
2620,osisoft.com,osisoft.com,DELETE,/elements/{webId},Element_Delete
2621,osisoft.com,osisoft.com,DELETE,/elements/{webId}/referencedelements,Element_RemoveReferencedElement
2622,osisoft.com,osisoft.com,DELETE,/enumerationsets/{webId},EnumerationSet_Delete
2623,osisoft.com,osisoft.com,DELETE,/enumerationvalues/{webId},EnumerationValue_DeleteEnumerationValue
2624,osisoft.com,osisoft.com,DELETE,/eventframes/{webId}/annotations/{id},EventFrame_DeleteAnnotation
2625,osisoft.com,osisoft.com,DELETE,/notificationrulesubscribers/{webId},NotificationRuleSubscriber_Delete
2626,osisoft.com,osisoft.com,DELETE,/securityidentities/{webId},SecurityIdentity_Delete
2627,osisoft.com,osisoft.com,DELETE,/tablecategories/{webId}/securityentries/{name},TableCategory_DeleteSecurityEntry
2628,osisoft.com,osisoft.com,PATCH,/attributecategories/{webId},AttributeCategory_Update
2629,osisoft.com,osisoft.com,PATCH,/eventframes/{webId}/acknowledge,EventFrame_Acknowledge
2630,osisoft.com,osisoft.com,PATCH,/notificationrulesubscribers/{webId},NotificationRuleSubscriber_Update
2631,osisoft.com,osisoft.com,PATCH,/securitymappings/{webId},SecurityMapping_Update
2632,osisoft.com,osisoft.com,PATCH,/units/{webId},Unit_Update
2633,osisoft.com,osisoft.com,PUT,/analysistemplates/{webId}/securityentries/{name},AnalysisTemplate_UpdateSecurityEntry
2634,osisoft.com,osisoft.com,PUT,/attributecategories/{webId}/securityentries/{name},AttributeCategory_UpdateSecurityEntry
2635,osisoft.com,osisoft.com,PUT,/attributes/{webId}/value,Attribute_SetValue
2636,osisoft.com,osisoft.com,PUT,/eventframes/{webId}/securityentries/{name},EventFrame_UpdateSecurityEntry
2637,osisoft.com,osisoft.com,PUT,/tables/{webId}/securityentries/{name},Table_UpdateSecurityEntry
2638,ote-godaddy.com,ote-godaddy.com:aftermarket,DELETE,/v1/aftermarket/listings,deleteListings
2639,ote-godaddy.com,ote-godaddy.com:domains,DELETE,/v1/domains/{domain},cancel
2640,ote-godaddy.com,ote-godaddy.com:domains,DELETE,/v1/domains/{domain}/privacy,cancelPrivacy
2641,ote-godaddy.com,ote-godaddy.com:domains,DELETE,/v1/domains/{domain}/records/{type}/{name},recordDeleteTypeName
2642,ote-godaddy.com,ote-godaddy.com:shoppers,DELETE,/v1/shoppers/{shopperId},delete
2643,ote-godaddy.com,ote-godaddy.com:subscriptions,DELETE,/v1/subscriptions/{subscriptionId},cancel
2644,ote-godaddy.com,ote-godaddy.com:domains,DELETE,/v2/customers/{customerId}/domains/{domain}/actions/{type},
2645,ote-godaddy.com,ote-godaddy.com:domains,DELETE,/v2/customers/{customerId}/domains/forwards/{fqdn},domainsForwardsDelete
2646,ote-godaddy.com,ote-godaddy.com:domains,PATCH,/v1/domains/{domain},update
2647,ote-godaddy.com,ote-godaddy.com:domains,PATCH,/v1/domains/{domain}/contacts,updateContacts
2648,ote-godaddy.com,ote-godaddy.com:domains,PATCH,/v1/domains/{domain}/records,recordAdd
2649,ote-godaddy.com,ote-godaddy.com:subscriptions,PATCH,/v1/subscriptions/{subscriptionId},update
2650,ote-godaddy.com,ote-godaddy.com:certificates,PUT,/v1/certificates/{certificateId}/callback,certificate_callback_replace
2651,ote-godaddy.com,ote-godaddy.com:domains,PUT,/v1/domains/{domain}/records,recordReplace
2652,ote-godaddy.com,ote-godaddy.com:domains,PUT,/v1/domains/{domain}/records/{type},recordReplaceType
2653,ote-godaddy.com,ote-godaddy.com:domains,PUT,/v1/domains/{domain}/records/{type}/{name},recordReplaceTypeName
2654,ote-godaddy.com,ote-godaddy.com:shoppers,PUT,/v1/shoppers/{shopperId}/factors/password,changePassword
2655,ote-godaddy.com,ote-godaddy.com:domains,PUT,/v2/customers/{customerId}/domains/forwards/{fqdn},domainsForwardsPut
2656,ote-godaddy.com,ote-godaddy.com:domains,PUT,/v2/customers/{customerId}/domains/notifications/optIn,
2657,pandorabots.com,pandorabots.com,DELETE,/bot/{app_id}/{botname},deleteBot
2658,pandorabots.com,pandorabots.com,DELETE,/bot/{app_id}/{botname}/{file-kind},deleteBotFile2
2659,pandorabots.com,pandorabots.com,DELETE,/bot/{app_id}/{botname}/{file-kind}/{filename},deleteBotFile1
2660,pandorabots.com,pandorabots.com,PUT,/bot/{app_id}/{botname},createBot
2661,pandorabots.com,pandorabots.com,PUT,/bot/{app_id}/{botname}/{file-kind},uploadFile2
2662,pandorabots.com,pandorabots.com,PUT,/bot/{app_id}/{botname}/{file-kind}/{filename},uploadFile1
2663,patientview.org,patientview.org,DELETE,/auth/logout/{token},logOut
2664,pay1.de,pay1.de:link,PUT,/v1/payment-links/{linkId},updatePaymentLink
2665,paylocity.com,paylocity.com,DELETE,/v2/companies/{companyId}/employees/{employeeId}/earnings/{earningCode}/{startDate},Delete Earning by Earning Code and Start Date
2666,paylocity.com,paylocity.com,DELETE,/v2/companies/{companyId}/employees/{employeeId}/localTaxes/{taxCode},Delete local tax by tax code
2667,paylocity.com,paylocity.com,PATCH,/v2/companies/{companyId}/employees/{employeeId},Update employee
2668,paylocity.com,paylocity.com,PUT,/v2/companies/{companyId}/employees/{employeeId}/additionalRates,Add or update additional rates
2669,paylocity.com,paylocity.com,PUT,/v2/companies/{companyId}/employees/{employeeId}/benefitSetup,Update or add employee benefit setup
2670,paylocity.com,paylocity.com,PUT,/v2/companies/{companyId}/employees/{employeeId}/earnings,Add or update an employee earning
2671,paylocity.com,paylocity.com,PUT,/v2/companies/{companyId}/employees/{employeeId}/emergencyContacts,Add or update emergency contacts
2672,paylocity.com,paylocity.com,PUT,/v2/companies/{companyId}/employees/{employeeId}/nonprimaryStateTax,Add or update non-primary state tax
2673,paylocity.com,paylocity.com,PUT,/v2/companies/{companyId}/employees/{employeeId}/primaryStateTax,Add or update primary state tax
2674,paylocity.com,paylocity.com,PUT,/v2/companies/{companyId}/employees/{employeeId}/sensitivedata,Add or update Sensitive Data
2675,payrun.io,payrun.io,DELETE,/Employer/{EmployerId}/DpsMessage/{DpsMessageId},DeleteDpsMessage
2676,payrun.io,payrun.io,DELETE,/Employer/{EmployerId}/Employee/{EmployeeId}/PayLine/{PayLineId}/Tag/{TagId},DeletePayLineTag
2677,payrun.io,payrun.io,DELETE,/Employer/{EmployerId}/JournalLine/{JournalLineId}/Tag/{TagId},DeleteJournalLineTag
2678,payrun.io,payrun.io,DELETE,/Employer/{EmployerId}/NominalCode/{NominalCodeId},DeleteNominalCode
2679,payrun.io,payrun.io,DELETE,/Employer/{EmployerId}/PaySchedule/{PayScheduleId}/PayRun/{PayRunId}/Employee/{EmployeeId},DeletePayRunEmployee
2680,payrun.io,payrun.io,DELETE,/Employer/{EmployerId}/PaySchedule/{PayScheduleId}/Tag/{TagId},DeletePayScheduleTag
2681,payrun.io,payrun.io,DELETE,/Employer/{EmployerId}/Pension/{PensionId}/{EffectiveDate},DeletePensionRevision
2682,payrun.io,payrun.io,DELETE,/Employer/{EmployerId}/RtiTransaction/{RtiTransactionId},DeleteRtiTransaction
2683,payrun.io,payrun.io,DELETE,/Employer/{EmployerId}/SubContractor/{SubContractorId},DeleteSubContractor
2684,payrun.io,payrun.io,DELETE,/Jobs/Dps/{JobId},DeleteDpsJob
2685,payrun.io,payrun.io,DELETE,/Jobs/Rti/{JobId},DeleteRtiJob
2686,payrun.io,payrun.io,PATCH,/Employer/{EmployerId}/Employee/{EmployeeId},PatchEmployee
2687,payrun.io,payrun.io,PATCH,/Employer/{EmployerId}/Employee/{EmployeeId}/PayInstruction/{PayInstructionId},PatchPayInstruction
2688,payrun.io,payrun.io,PATCH,/Employer/{EmployerId}/PayCode/{PayCodeId},PatchPayCode
2689,payrun.io,payrun.io,PATCH,/User/{UserId},PatchUser
2690,payrun.io,payrun.io,PUT,/Employer/{EmployerId}/Employee/{EmployeeId}/Secret/{SecretId},PutEmployeeSecret
2691,payrun.io,payrun.io,PUT,/Employer/{EmployerId}/Employee/{EmployeeId}/Tag/{TagId},PutEmployeeTag
2692,payrun.io,payrun.io,PUT,/Employer/{EmployerId}/PaySchedule/{PayScheduleId},PutPaySchedule
2693,payrun.io,payrun.io,PUT,/Employer/{EmployerId}/Secret/{SecretId},PutEmployerSecret
2694,payrun.io,payrun.io,PUT,/Employer/{EmployerId}/SubContractor/{SubContractorId}/Tag/{TagId},PutSubContractorTag
2695,payrun.io,payrun.io,PUT,/User/{UserId},PutUser
2696,payrun.io,payrun.io,PUT,/User/{UserId}/Tag/{TagId},PutUserTag
2697,pdfgeneratorapi.com,pdfgeneratorapi.com,DELETE,/templates/templateId,deleteTemplate
2698,pdfgeneratorapi.com,pdfgeneratorapi.com,DELETE,/workspaces/workspaceId,deleteWorkspace
2699,pdfgeneratorapi.com,pdfgeneratorapi.com,PUT,/templates/templateId,updateTemplate
2700,pendo.io,pendo.io,DELETE,/accounts/{id},
2701,pendo.io,pendo.io,DELETE,/accounts/{id}/tags,
2702,pendo.io,pendo.io,DELETE,/features/{id}/tags,
2703,pendo.io,pendo.io,DELETE,/users/{id},
2704,pendo.io,pendo.io,DELETE,/users/{id}/tags,
2705,pendo.io,pendo.io,PUT,/accounts/{id},
2706,pendo.io,pendo.io,PUT,/users/{id},
2707,personio.de,personio.de:personnel,DELETE,/company/attendances/{id},
2708,personio.de,personio.de:personnel,DELETE,/company/time-offs/{id},
2709,personio.de,personio.de:personnel,PATCH,/company/attendances/{id},
2710,pinecone.io,pinecone.io,DELETE,/collections/{collectionName},delete_collection
2711,pinecone.io,pinecone.io,DELETE,/indexes/{indexName},delete_index
2712,pinecone.io,pinecone.io,PATCH,/indexes/{indexName},configure_index
2713,pocketsmith.com,pocketsmith.com,DELETE,/accounts/{id},
2714,pocketsmith.com,pocketsmith.com,DELETE,/attachments/{id},
2715,pocketsmith.com,pocketsmith.com,DELETE,/categories/{id},
2716,pocketsmith.com,pocketsmith.com,DELETE,/events/{id},
2717,pocketsmith.com,pocketsmith.com,DELETE,/institutions/{id},
2718,pocketsmith.com,pocketsmith.com,DELETE,/transactions/{id},
2719,pocketsmith.com,pocketsmith.com,DELETE,/transactions/{transaction_id}/attachments/{attachment_id},
2720,pocketsmith.com,pocketsmith.com,DELETE,/users/{id}/forecast_cache,
2721,pocketsmith.com,pocketsmith.com,PUT,/accounts/{id},
2722,pocketsmith.com,pocketsmith.com,PUT,/attachments/{id},
2723,pocketsmith.com,pocketsmith.com,PUT,/categories/{id},
2724,pocketsmith.com,pocketsmith.com,PUT,/events/{id},
2725,pocketsmith.com,pocketsmith.com,PUT,/institutions/{id},
2726,pocketsmith.com,pocketsmith.com,PUT,/transaction_accounts/{id},
2727,pocketsmith.com,pocketsmith.com,PUT,/transactions/{id},
2728,pocketsmith.com,pocketsmith.com,PUT,/users/{id},
2729,pocketsmith.com,pocketsmith.com,PUT,/users/{id}/accounts,
2730,postmarkapp.com,postmarkapp.com:account,DELETE,/domains/{domainid},deleteDomain
2731,postmarkapp.com,postmarkapp.com:account,DELETE,/senders/{signatureid},deleteSenderSignature
2732,postmarkapp.com,postmarkapp.com:account,DELETE,/servers/{serverid},deleteServer
2733,postmarkapp.com,postmarkapp.com:server,DELETE,/templates/{templateIdOrAlias},deleteTemplate
2734,postmarkapp.com,postmarkapp.com:server,DELETE,/triggers/inboundrules/{triggerid},deleteInboundRule
2735,postmarkapp.com,postmarkapp.com:server,PUT,/bounces/{bounceid}/activate,activateBounce
2736,postmarkapp.com,postmarkapp.com:account,PUT,/domains/{domainid},editDomain
2737,postmarkapp.com,postmarkapp.com:account,PUT,/domains/{domainid}/verifydkim,requestDkimVerificationForDomain
2738,postmarkapp.com,postmarkapp.com:account,PUT,/domains/{domainid}/verifyreturnpath,requestReturnPathVerificationForDomain
2739,postmarkapp.com,postmarkapp.com:server,PUT,/messages/inbound/{messageid}/bypass,bypassRulesForInboundMessage
2740,postmarkapp.com,postmarkapp.com:server,PUT,/messages/inbound/{messageid}/retry,retryInboundMessageProcessing
2741,postmarkapp.com,postmarkapp.com:account,PUT,/senders/{signatureid},editSenderSignature
2742,postmarkapp.com,postmarkapp.com:server,PUT,/server,editCurrentServerConfiguration
2743,postmarkapp.com,postmarkapp.com:account,PUT,/servers/{serverid},editServerInformation
2744,postmarkapp.com,postmarkapp.com:server,PUT,/templates/{templateIdOrAlias},updateTemplate
2745,postmarkapp.com,postmarkapp.com:account,PUT,/templates/push,pushTemplates
2746,powerdns.local,powerdns.local,DELETE,/servers/{server_id}/tsigkeys/{tsigkey_id},deleteTSIGKey
2747,powerdns.local,powerdns.local,DELETE,/servers/{server_id}/zones/{zone_id},deleteZone
2748,powerdns.local,powerdns.local,DELETE,/servers/{server_id}/zones/{zone_id}/cryptokeys/{cryptokey_id},deleteCryptokey
2749,powerdns.local,powerdns.local,DELETE,/servers/{server_id}/zones/{zone_id}/metadata/{metadata_kind},deleteMetadata
2750,powerdns.local,powerdns.local,PATCH,/servers/{server_id}/zones/{zone_id},patchZone
2751,powerdns.local,powerdns.local,PUT,/servers/{server_id}/cache/flush,cacheFlushByName
2752,powerdns.local,powerdns.local,PUT,/servers/{server_id}/tsigkeys/{tsigkey_id},putTSIGKey
2753,powerdns.local,powerdns.local,PUT,/servers/{server_id}/zones/{zone_id},putZone
2754,powerdns.local,powerdns.local,PUT,/servers/{server_id}/zones/{zone_id}/axfr-retrieve,axfrRetrieveZone
2755,powerdns.local,powerdns.local,PUT,/servers/{server_id}/zones/{zone_id}/cryptokeys/{cryptokey_id},modifyCryptokey
2756,powerdns.local,powerdns.local,PUT,/servers/{server_id}/zones/{zone_id}/metadata/{metadata_kind},modifyMetadata
2757,powerdns.local,powerdns.local,PUT,/servers/{server_id}/zones/{zone_id}/notify,notifyZone
2758,powerdns.local,powerdns.local,PUT,/servers/{server_id}/zones/{zone_id}/rectify,rectifyZone
2759,presalytics.io,presalytics.io:story,DELETE,/{id},story_id_delete
2760,presalytics.io,presalytics.io:story,DELETE,/{id}/collaborators/{story_collaborator_userid},story_id_collaborators_userid_delete
2761,presalytics.io,presalytics.io:story,DELETE,/{id}/file/{ooxml_automation_id},story_id_file_ooxmlautomationid_delete
2762,presalytics.io,presalytics.io:ooxml,DELETE,/Documents/{id},documents_delete_id
2763,presalytics.io,presalytics.io:story,DELETE,/sessions/{session_id},session_id_delete
2764,presalytics.io,presalytics.io:story,DELETE,/views/{view_id},views_id_delete
2765,presalytics.io,presalytics.io:story,PUT,/{id},story_id_put
2766,presalytics.io,presalytics.io:story,PUT,/{id}/collaborators/{story_collaborator_userid},story_id_collaborators_userid_put
2767,presalytics.io,presalytics.io:ooxml,PUT,/Charts/ChartUpdate/{id},charts_charts_chartupdate_put_id
2768,presalytics.io,presalytics.io:ooxml,PUT,/Charts/OpenOfficeXml/{id},charts_charts_openofficexml_put_id
2769,presalytics.io,presalytics.io:ooxml,PUT,/ConnectionShapes/OpenOfficeXml/{id},slides_connectionshapes_openofficexml_put_id
2770,presalytics.io,presalytics.io:ooxml,PUT,/Groups/OpenOfficeXml/{id},slides_groups_openofficexml_put_id
2771,presalytics.io,presalytics.io:ooxml,PUT,/Images/GetImage/{Id},shared_images_getimage_put_id
2772,presalytics.io,presalytics.io:ooxml,PUT,/Shapes/OpenOfficeXml/{id},slides_shapes_openofficexml_put_id
2773,presalytics.io,presalytics.io:ooxml,PUT,/ShapeTrees/OpenOfficeXml/{id},slides_shapetrees_openofficexml_put_id
2774,presalytics.io,presalytics.io:ooxml,PUT,/Slides/OpenOfficeXml/{id},slides_slides_openofficexml_put_id
2775,presalytics.io,presalytics.io:ooxml,PUT,/SmartArts/OpenOfficeXml/{id},slides_smartarts_openofficexml_put_id
2776,presalytics.io,presalytics.io:ooxml,PUT,/Tables/TableUpdate/{id},tables_tables_tableupdate_put_id
2777,presalytics.io,presalytics.io:ooxml,PUT,/Themes/OpenOfficeXml/{id},theme_themes_openofficexml_put_id
2778,probely.com,probely.com,DELETE,/keys/{id}/,
2779,probely.com,probely.com,DELETE,/targets/{target_id}/assets/{id}/,
2780,probely.com,probely.com,DELETE,/targets/{target_id}/webhooks/{id}/,
2781,probely.com,probely.com,DELETE,/users/{id}/,
2782,probely.com,probely.com,DELETE,/webhooks/{id}/,
2783,probely.com,probely.com,PATCH,/billing/,
2784,probely.com,probely.com,PATCH,/labels/{id}/,
2785,probely.com,probely.com,PATCH,/targets/{target_id}/findings/{id}/integrations/jira-server/,
2786,probely.com,probely.com,PATCH,/targets/{target_id}/integrations/jira-cloud/,
2787,probely.com,probely.com,PATCH,/targets/{target_id}/integrations/slack/,
2788,probely.com,probely.com,PATCH,/targets/{target_id}/scheduledscans/{id}/,
2789,probely.com,probely.com,PATCH,/users/{id}/,
2790,probely.com,probely.com,PUT,/billing/,
2791,probely.com,probely.com,PUT,/labels/{id}/,
2792,probely.com,probely.com,PUT,/targets/{id}/,
2793,probely.com,probely.com,PUT,/targets/{target_id}/findings/{id}/integrations/jira-server/,
2794,probely.com,probely.com,PUT,/targets/{target_id}/integrations/slack/,
2795,probely.com,probely.com,PUT,/targets/{target_id}/scheduledscans/{id}/,
2796,probely.com,probely.com,PUT,/targets/{target_id}/site/,
2797,probely.com,probely.com,PUT,/targets/{target_id}/webhooks/{id}/,
2798,probely.com,probely.com,PUT,/users/{id}/,
2799,probely.com,probely.com,PUT,/webhooks/{id}/,
2800,prss.org,prss.org,DELETE,/api/v2/cddrive/files/{file-id},
2801,prss.org,prss.org,DELETE,/api/v2/cddrive/folders/{folder-id},
2802,prss.org,prss.org,DELETE,/api/v2/pieces/{id},
2803,prss.org,prss.org,DELETE,/api/v2/segments/{id},
2804,prss.org,prss.org,DELETE,/api/v2/spotinsertions/{id},
2805,prss.org,prss.org,DELETE,/api/v2/spots/{id},
2806,qualtrics.com,qualtrics.com,DELETE,/eventsubscriptions/,WebhookDelete
2807,quotes.rest,quotes.rest,DELETE,/qshow,
2808,quotes.rest,quotes.rest,DELETE,/quote,
2809,quotes.rest,quotes.rest,DELETE,/quote/dislike,
2810,quotes.rest,quotes.rest,DELETE,/quote/image,
2811,quotes.rest,quotes.rest,DELETE,/quote/image/background,
2812,quotes.rest,quotes.rest,DELETE,/quote/image/font,
2813,quotes.rest,quotes.rest,DELETE,/quote/like,
2814,quotes.rest,quotes.rest,PATCH,/qshow,
2815,quotes.rest,quotes.rest,PATCH,/quote,
2816,quotes.rest,quotes.rest,PUT,/qshow,
2817,quotes.rest,quotes.rest,PUT,/quote,
2818,quotes.rest,quotes.rest,PUT,/quote/dislike,
2819,quotes.rest,quotes.rest,PUT,/quote/image,
2820,quotes.rest,quotes.rest,PUT,/quote/like,
2821,rbaskets.in,rbaskets.in,DELETE,/api/baskets/{name},
2822,rbaskets.in,rbaskets.in,DELETE,/api/baskets/{name}/requests,
2823,rbaskets.in,rbaskets.in,DELETE,/baskets/{name},
2824,rbaskets.in,rbaskets.in,DELETE,/baskets/{name}/requests,
2825,rbaskets.in,rbaskets.in,PUT,/api/baskets/{name},
2826,rbaskets.in,rbaskets.in,PUT,/api/baskets/{name}/responses/{method},
2827,rbaskets.in,rbaskets.in,PUT,/baskets/{name},
2828,rbaskets.in,rbaskets.in,PUT,/baskets/{name}/responses/{method},
2829,readme.io,readme.io,DELETE,/api-specification/{id},deleteAPISpecification
2830,readme.io,readme.io,DELETE,/changelogs/{slug},deleteChangelog
2831,readme.io,readme.io,DELETE,/custompages/{slug},deleteCustomPage
2832,readme.io,readme.io,DELETE,/docs/{slug},deleteDoc
2833,readme.io,readme.io,DELETE,/swagger/{id},deleteSwagger
2834,readme.io,readme.io,PUT,/api-specification/{id},updateAPISpecification
2835,readme.io,readme.io,PUT,/changelogs/{slug},updateChangelog
2836,readme.io,readme.io,PUT,/custompages/{slug},updateCustomPage
2837,readme.io,readme.io,PUT,/docs/{slug},updateDoc
2838,readme.io,readme.io,PUT,/swagger/{id},updateSwagger
2839,readme.io,readme.io,PUT,/version/{versionId},updateVersion
2840,rebilly.com,rebilly.com,DELETE,/customers/{id}/lead-source,DeleteCustomerLeadSource
2841,rebilly.com,rebilly.com,DELETE,/files/{id},DeleteFile
2842,rebilly.com,rebilly.com,DELETE,/kyc-requests/{id},DeleteKycRequest
2843,rebilly.com,rebilly.com,DELETE,/products/{id},DeleteProduct
2844,rebilly.com,rebilly.com,DELETE,/shipping-zones/{id},DeleteShippingZone
2845,rebilly.com,rebilly.com,DELETE,/subscription-cancellations/{id},DeleteSubscriptionCancellation
2846,rebilly.com,rebilly.com,DELETE,/tags/{tag},DeleteTag
2847,rebilly.com,rebilly.com,DELETE,/tags/{tag}/customers,DeleteTagCustomerCollection
2848,rebilly.com,rebilly.com,DELETE,/tags/{tag}/customers/{customerId},DeleteTagCustomer
2849,rebilly.com,rebilly.com,PATCH,/payment-cards/{id},PatchPaymentCard
2850,rebilly.com,rebilly.com,PUT,/bank-accounts/{id},PutBankAccount
2851,rebilly.com,rebilly.com,PUT,/coupons/{id},PutCoupon
2852,rebilly.com,rebilly.com,PUT,/credentials/{id},PutCredential
2853,rebilly.com,rebilly.com,PUT,/customers/{id},PutCustomer
2854,rebilly.com,rebilly.com,PUT,/customers/{id}/lead-source,PutCustomerLeadSource
2855,rebilly.com,rebilly.com,PUT,/disputes/{id},PutDispute
2856,rebilly.com,rebilly.com,PUT,/files/{id},PutFile
2857,rebilly.com,rebilly.com,PUT,/kyc-documents/{id},PutKycDocument
2858,rebilly.com,rebilly.com,PUT,/payment-cards/{id},PutPaymentCard
2859,rebilly.com,rebilly.com,PUT,/products/{id},PutProduct
2860,rebilly.com,rebilly.com,PUT,/shipping-zones/{id},PutShippingZone
2861,rebilly.com,rebilly.com,PUT,/subscription-cancellations/{id},PutSubscriptionCancellation
2862,redhat.com,redhat.com:catalog_inventory,PATCH,/sources/{id}/incremental_refresh,incrementalRefreshSource
2863,redhat.com,redhat.com:catalog_inventory,PATCH,/tasks/{id},updateTask
2864,redhat.local,redhat.local:patchman-engine,DELETE,/api/patch/v1/systems/{inventory_id},deletesystem
2865,redirection.io,redirection.io,DELETE,/invitations/{id},deleteInvitationItem
2866,redirection.io,redirection.io,DELETE,/markers/{id},deleteMarkerItem
2867,redirection.io,redirection.io,DELETE,/organizations/{id},deleteOrganizationItem
2868,redirection.io,redirection.io,DELETE,/projects/{id},deleteProjectItem
2869,redirection.io,redirection.io,DELETE,/rule-changes/{id},deleteRuleChangeItem
2870,redirection.io,redirection.io,DELETE,/user-organizations/{id},deleteUserOrganizationItem
2871,redirection.io,redirection.io,DELETE,/user-projects/{id},deleteUserProjectItem
2872,redirection.io,redirection.io,DELETE,/users/{id},deleteUserItem
2873,redirection.io,redirection.io,PUT,/agent-instance-updates/{id},putInstanceItem
2874,redirection.io,redirection.io,PUT,/instances/{id},loggingInstanceItem
2875,redirection.io,redirection.io,PUT,/instances/{id}/live,liveInstanceItem
2876,redirection.io,redirection.io,PUT,/markers/{id},putMarkerItem
2877,redirection.io,redirection.io,PUT,/organizations/{id},putOrganizationItem
2878,redirection.io,redirection.io,PUT,/projects/{id},putProjectItem
2879,redirection.io,redirection.io,PUT,/user-organizations/{id},putUserOrganizationItem
2880,redirection.io,redirection.io,PUT,/user-projects/{id},putUserProjectItem
2881,redirection.io,redirection.io,PUT,/users/{id}/edit-email,edit_emailUserItem
2882,redirection.io,redirection.io,PUT,/users/{id}/edit-info,edit_infoUserItem
2883,redirection.io,redirection.io,PUT,/users/{id}/edit-password,edit_passwordUserItem
2884,redirection.io,redirection.io,PUT,/users/forgot-password/{resetToken},forgot_passwordUserItem
2885,rev.ai,rev.ai,DELETE,/jobs/{id},DeleteJobById
2886,reverb.com,reverb.com,DELETE,/listings/{listing_id}/images/{image_id},
2887,reverb.com,reverb.com,DELETE,/listings/{slug},
2888,reverb.com,reverb.com,DELETE,/my/addresses/{address_id},
2889,reverb.com,reverb.com,DELETE,/my/follows/{follow_id},
2890,reverb.com,reverb.com,DELETE,/my/follows/{follow_id}/alert,
2891,reverb.com,reverb.com,DELETE,/my/follows/brands/{slug},
2892,reverb.com,reverb.com,DELETE,/my/follows/categories/{category}/{subcategory},
2893,reverb.com,reverb.com,DELETE,/my/follows/categories/{identifier},
2894,reverb.com,reverb.com,DELETE,/my/follows/collections/{slug},
2895,reverb.com,reverb.com,DELETE,/my/follows/handpicked/{slug},
2896,reverb.com,reverb.com,DELETE,/my/follows/shops/{slug},
2897,reverb.com,reverb.com,DELETE,/sales/{sale_id}/listings,
2898,reverb.com,reverb.com,DELETE,/webhooks/registrations/{id},
2899,reverb.com,reverb.com,PUT,/my/account,
2900,reverb.com,reverb.com,PUT,/my/addresses/{address_id},
2901,reverb.com,reverb.com,PUT,/my/conversations/{id},
2902,reverb.com,reverb.com,PUT,/my/listings/{slug}/state/end,
2903,reverb.com,reverb.com,PUT,/my/refund_requests/selling/{id},
2904,reverb.com,reverb.com,PUT,/my/wishlist/{id},
2905,reverb.com,reverb.com,PUT,/products/reviews/{id},
2906,reverb.com,reverb.com,PUT,/shop,
2907,reverb.com,reverb.com,PUT,/wants/{id},
2908,ritc.io,ritc.io,DELETE,/actions/{action_id},removeAction
2909,ritc.io,ritc.io,DELETE,/apps/{app_id},removeApp
2910,ritc.io,ritc.io,DELETE,/apps/ext/api/credentials/{channel_id},removeChannelExternalCredentials
2911,ritc.io,ritc.io,DELETE,/channels/{channel_id},removeChannel
2912,ritc.io,ritc.io,DELETE,/rules/{rule_id},removeRule
2913,ritc.io,ritc.io,DELETE,/triggers/{trigger_id},removeTrigger
2914,ritc.io,ritc.io,DELETE,/users/{user_id},removeAppUser
2915,ritc.io,ritc.io,DELETE,/users/{user_id}/channels/{channel_id},removeAppUserFromChannel
2916,ritc.io,ritc.io,DELETE,/users/{user_id}/rules/{rule_id},removeAppUserFromRule
2917,ritc.io,ritc.io,DELETE,/users/admin/{user_id},removeAdminUser
2918,ritc.io,ritc.io,PATCH,/actions/{action_id},updateAction
2919,ritc.io,ritc.io,PATCH,/apps/{app_id},updateApp
2920,ritc.io,ritc.io,PATCH,/apps/ext/api/credentials/{channel_id},updateChannelExternalCredentials
2921,ritc.io,ritc.io,PATCH,/channels/{channel_id},updateChannel
2922,ritc.io,ritc.io,PATCH,/rules/{rule_id},updateRule
2923,ritc.io,ritc.io,PATCH,/triggers/{trigger_id},updateTrigger
2924,ritc.io,ritc.io,PATCH,/users/{user_id},updateAppUser
2925,ritc.io,ritc.io,PATCH,/users/admin/{user_id},updateAdminUser
2926,royalmail.com,royalmail.com:click-and-drop,DELETE,/orders/{orderIdentifiers},DeleteOrdersAsync
2927,royalmail.com,royalmail.com:click-and-drop,PUT,/orders/status,UpdateOrdersStatusAsync
2928,rudder.example.local,rudder.example.local,DELETE,/changeRequests/{changeRequestId},declineChangeRequest
2929,rudder.example.local,rudder.example.local,DELETE,/datasources/{datasourceId},deleteDataSource
2930,rudder.example.local,rudder.example.local,DELETE,/directives/{directiveId},deleteDirective
2931,rudder.example.local,rudder.example.local,DELETE,/groups/{groupId},deleteGroup
2932,rudder.example.local,rudder.example.local,DELETE,/groups/categories/{groupCategoryId},DeleteGroupCategory
2933,rudder.example.local,rudder.example.local,DELETE,/nodes/{nodeId},deleteNode
2934,rudder.example.local,rudder.example.local,DELETE,/parameters/{parameterId},deleteParameter
2935,rudder.example.local,rudder.example.local,DELETE,/rules/{ruleId},deleteRule
2936,rudder.example.local,rudder.example.local,DELETE,/rules/categories/{ruleCategoryId},DeleteRuleCategory
2937,rudder.example.local,rudder.example.local,DELETE,/secret/{name},deleteSecret
2938,rudder.example.local,rudder.example.local,DELETE,/techniques/{techniqueId}/{techniqueVersion},deleteTechnique
2939,rudder.example.local,rudder.example.local,DELETE,/usermanagement/{username},deleteUser
2940,rudder.example.local,rudder.example.local,DELETE,/validatedUsers/{username},removeValidatedUser
2941,rudder.example.local,rudder.example.local,PUT,/datasources,createDataSource
2942,rudder.example.local,rudder.example.local,PUT,/directives,createDirective
2943,rudder.example.local,rudder.example.local,PUT,/groups,createGroup
2944,rudder.example.local,rudder.example.local,PUT,/nodes,createNodes
2945,rudder.example.local,rudder.example.local,PUT,/parameters,createParameter
2946,rudder.example.local,rudder.example.local,PUT,/rules,createRule
2947,rudder.example.local,rudder.example.local,PUT,/rules/categories,CreateRuleCategory
2948,rudder.example.local,rudder.example.local,PUT,/secret/,addSecret
2949,rudder.example.local,rudder.example.local,PUT,/techniques,CreateTechnique
2950,rumble.run,rumble.run,DELETE,/account/orgs/{org_id}/exportToken,deleteAccountOrganizationExportToken
2951,rumble.run,rumble.run,DELETE,/account/tasks/templates/{scan_template_id},removeAccountScanTemplate
2952,rumble.run,rumble.run,DELETE,/org/agents/{agent_id},removeAgent
2953,rumble.run,rumble.run,DELETE,/org/assets/{asset_id},removeAsset
2954,rumble.run,rumble.run,DELETE,/org/sites/{site_id},removeSite
2955,rumble.run,rumble.run,DELETE,/org/wireless/{wireless_id},removeWirelessLAN
2956,rumble.run,rumble.run,PATCH,/account/keys/{key_id}/rotate,rotateAccountKey
2957,rumble.run,rumble.run,PATCH,/account/orgs/{org_id},updateAccountOrganization
2958,rumble.run,rumble.run,PATCH,/account/users/{user_id}/resetLockout,resetAccountUserLockout
2959,rumble.run,rumble.run,PATCH,/account/users/{user_id}/resetMFA,resetAccountUserMFA
2960,rumble.run,rumble.run,PATCH,/org,updateOrganization
2961,rumble.run,rumble.run,PATCH,/org/agents/{agent_id},updateAgentSite
2962,rumble.run,rumble.run,PATCH,/org/assets/{asset_id}/comments,updateAssetComments
2963,rumble.run,rumble.run,PATCH,/org/assets/{asset_id}/tags,updateAssetTags
2964,rumble.run,rumble.run,PATCH,/org/key/rotate,rotateKey
2965,rumble.run,rumble.run,PUT,/account/groups,updateAccountGroup
2966,rumble.run,rumble.run,PUT,/account/orgs,createAccountOrganization
2967,rumble.run,rumble.run,PUT,/account/sso/groups,updateAccountGroupMapping
2968,rumble.run,rumble.run,PUT,/account/tasks/templates,updateAccountScanTemplate
2969,rumble.run,rumble.run,PUT,/account/users,createAccountUser
2970,rumble.run,rumble.run,PUT,/org/sites,createSite
2971,rumble.run,rumble.run,PUT,/org/sites/{site_id}/import,importScanData
2972,runscope.com,runscope.com,DELETE,/buckets/{bucketKey},
2973,runscope.com,runscope.com,DELETE,/buckets/{bucketKey}/messages,
2974,runscope.com,runscope.com,DELETE,/buckets/{bucketKey}/tests/{testId},
2975,runscope.com,runscope.com,DELETE,/buckets/{bucketKey}/tests/{testId}/steps/{stepId},
2976,runscope.com,runscope.com,PUT,/buckets/{bucketKey}/environments/{environmentId},
2977,runscope.com,runscope.com,PUT,/buckets/{bucketKey}/tests/{testId},
2978,runscope.com,runscope.com,PUT,/buckets/{bucketKey}/tests/{testId}/environments/{environmentId},
2979,runscope.com,runscope.com,PUT,/buckets/{bucketKey}/tests/{testId}/steps/{stepId},
2980,sakari.io,sakari.io,DELETE,/v1/accounts/{accountId}/campaigns/{campaignId},campaigns.remove
2981,sakari.io,sakari.io,DELETE,/v1/accounts/{accountId}/contacts/{contactId},contacts.remove
2982,sakari.io,sakari.io,DELETE,/v1/accounts/{accountId}/templates/{templateId},templates.remove
2983,sakari.io,sakari.io,DELETE,/v1/accounts/{accountId}/webhooks/{url},webhooks.unsubscribe
2984,sakari.io,sakari.io,PUT,/v1/accounts/{accountId}/campaigns/{campaignId},campaigns.update
2985,sakari.io,sakari.io,PUT,/v1/accounts/{accountId}/contacts/{contactId},contacts.update
2986,sakari.io,sakari.io,PUT,/v1/accounts/{accountId}/conversations/{conversationId}/close,conversations.close
2987,sakari.io,sakari.io,PUT,/v1/accounts/{accountId}/templates/{templateId},templates.update
2988,salesforce.local,salesforce.local:einstein,DELETE,/v2/language/datasets/{datasetId},deleteDataset
2989,salesforce.local,salesforce.local:einstein,DELETE,/v2/language/models/{modelId},deleteModel
2990,salesforce.local,salesforce.local:einstein,DELETE,/v2/oauth2/tokens/{token},revokeRefreshTokenV2
2991,salesforce.local,salesforce.local:einstein,DELETE,/v2/vision/datasets/{datasetId},deleteDataset_1
2992,salesforce.local,salesforce.local:einstein,DELETE,/v2/vision/models/{modelId},deleteModel_1
2993,salesforce.local,salesforce.local:einstein,PUT,/v2/language/datasets/{datasetId}/upload,updateDatasetAsync
2994,salesforce.local,salesforce.local:einstein,PUT,/v2/vision/bulkfeedback,updateDatasetAsync_1
2995,salesforce.local,salesforce.local:einstein,PUT,/v2/vision/datasets/{datasetId}/upload,updateDatasetAsync_2
2996,salesloft.com,salesloft.com,DELETE,/v2/accounts/{id}.json,
2997,salesloft.com,salesloft.com,DELETE,/v2/cadence_memberships/{id}.json,
2998,salesloft.com,salesloft.com,DELETE,/v2/custom_fields/{id}.json,
2999,salesloft.com,salesloft.com,DELETE,/v2/imports/{id}.json,
3000,salesloft.com,salesloft.com,DELETE,/v2/notes/{id}.json,
3001,salesloft.com,salesloft.com,DELETE,/v2/people/{id}.json,
3002,salesloft.com,salesloft.com,DELETE,/v2/person_stages/{id}.json,
3003,salesloft.com,salesloft.com,DELETE,/v2/saved_list_views/{id}.json,
3004,salesloft.com,salesloft.com,DELETE,/v2/webhook_subscriptions/{id},
3005,salesloft.com,salesloft.com,PUT,/v2/accounts/{id}.json,
3006,salesloft.com,salesloft.com,PUT,/v2/bulk_jobs/{id},
3007,salesloft.com,salesloft.com,PUT,/v2/custom_fields/{id}.json,
3008,salesloft.com,salesloft.com,PUT,/v2/imports/{id}.json,
3009,salesloft.com,salesloft.com,PUT,/v2/meetings/{id}.json,
3010,salesloft.com,salesloft.com,PUT,/v2/meetings/settings/{id}.json,
3011,salesloft.com,salesloft.com,PUT,/v2/notes/{id}.json,
3012,salesloft.com,salesloft.com,PUT,/v2/pending_emails/{id}.json,
3013,salesloft.com,salesloft.com,PUT,/v2/people/{id}.json,
3014,salesloft.com,salesloft.com,PUT,/v2/saved_list_views/{id}.json,
3015,salesloft.com,salesloft.com,PUT,/v2/webhook_subscriptions/{id},
3016,semantria.com,semantria.com,DELETE,/categories.{content_type},deleteCategories
3017,semantria.com,semantria.com,DELETE,/collection/{collection_id}.{content_type},cancelCollection
3018,semantria.com,semantria.com,DELETE,/configurations.{content_type},deleteConfigurations
3019,semantria.com,semantria.com,DELETE,/document/{document_id}.{content_type},cancelDocument
3020,semantria.com,semantria.com,DELETE,/entities.{content_type},deleteEntities
3021,semantria.com,semantria.com,DELETE,/phrases.{content_type},deletePhrases
3022,semantria.com,semantria.com,DELETE,/taxonomy.{content_type},deleteTaxonomy
3023,semantria.com,semantria.com,PUT,/blacklist.{content_type},updateBlacklist
3024,semantria.com,semantria.com,PUT,/configurations.{content_type},updateConfigurations
3025,semantria.com,semantria.com,PUT,/entities.{content_type},updateEntities
3026,semantria.com,semantria.com,PUT,/phrases.{content_type},updatePhrases
3027,semantria.com,semantria.com,PUT,/queries.{content_type},updateQueries
3028,semantria.com,semantria.com,PUT,/taxonomy.{content_type},updateTaxonomy
3029,sendgrid.com,sendgrid.com,DELETE,/access_settings/whitelist/{rule_id},DELETE_access_settings-whitelist-rule_id
3030,sendgrid.com,sendgrid.com,DELETE,/alerts/{alert_id},DELETE_alerts-alert_id
3031,sendgrid.com,sendgrid.com,DELETE,/asm/groups/{group_id},DELETE_asm-groups-group_id
3032,sendgrid.com,sendgrid.com,DELETE,/contactdb/custom_fields/{custom_field_id},DELETE_contactdb-custom_fields-custom_field_id
3033,sendgrid.com,sendgrid.com,DELETE,/contactdb/lists,DELETE_contactdb-lists
3034,sendgrid.com,sendgrid.com,DELETE,/marketing/lists/{id},DELETE_lists-id
3035,sendgrid.com,sendgrid.com,DELETE,/sso/integrations/{id},DELETE_sso-integrations-id
3036,sendgrid.com,sendgrid.com,DELETE,/suppression/bounces/{email},DELETE_suppression-bounces-email
3037,sendgrid.com,sendgrid.com,DELETE,/suppression/invalid_emails,DELETE_suppression-invalid_emails
3038,sendgrid.com,sendgrid.com,DELETE,/suppression/spam_reports,DELETE_suppression-spam_reports
3039,sendgrid.com,sendgrid.com,PATCH,/mail_settings/footer,PATCH_mail_settings-footer
3040,sendgrid.com,sendgrid.com,PATCH,/marketing/field_definitions/{custom_field_id},PATCH_mc-field_definitions-custom_field_id
3041,sendgrid.com,sendgrid.com,PATCH,/marketing/segments/{segment_id},PATCH_marketing-segments-segment_id
3042,sendgrid.com,sendgrid.com,PATCH,/marketing/segments/2.0/{segment_id},PATCH_segments-segment_id
3043,sendgrid.com,sendgrid.com,PATCH,/scopes/requests/{request_id}/approve,PATCH_v3-scopes-requests-approve-id
3044,sendgrid.com,sendgrid.com,PATCH,/senders/{sender_id},PATCH_v3-senders-sender_id
3045,sendgrid.com,sendgrid.com,PATCH,/sso/certificates/{cert_id},PATCH_sso-certificates-cert_id
3046,sendgrid.com,sendgrid.com,PATCH,/user/webhooks/event/settings/signed,PATCH_user-webhooks-event-settings-signed
3047,sendgrid.com,sendgrid.com,PUT,/api_keys/{api_key_id},PUT_api_keys-api_key_id
3048,sendgrid.com,sendgrid.com,PUT,/subusers/{subuser_name}/ips,PUT_subusers-subuser_name-ips
3049,sendgrid.com,sendgrid.com,PUT,/subusers/{subuser_name}/monitor,PUT_subusers-subuser_name-monitor
3050,sendgrid.com,sendgrid.com,PUT,/user/email,PUT_user-email
3051,shipengine.com,shipengine.com,DELETE,/v1/batches/{batch_id},delete_batch
3052,shipengine.com,shipengine.com,DELETE,/v1/connections/carriers/{carrier_name}/{carrier_id},disconnect_carrier
3053,shipengine.com,shipengine.com,DELETE,/v1/connections/insurance/shipsurance,disconnect_insurer
3054,shipengine.com,shipengine.com,DELETE,/v1/environment/webhooks/{webhook_id},delete_webhook
3055,shipengine.com,shipengine.com,DELETE,/v1/packages/{package_id},delete_package_type
3056,shipengine.com,shipengine.com,DELETE,/v1/pickups/{pickup_id},delete_scheduled_pickup
3057,shipengine.com,shipengine.com,DELETE,/v1/shipments/{shipment_id}/tags/{tag_name},untag_shipment
3058,shipengine.com,shipengine.com,DELETE,/v1/tags/{tag_name},delete_tag
3059,shipengine.com,shipengine.com,DELETE,/v1/warehouses/{warehouse_id},delete_warehouse
3060,shipengine.com,shipengine.com,PATCH,/v1/insurance/shipsurance/add_funds,add_funds_to_insurance
3061,shipengine.com,shipengine.com,PUT,/v1/addresses/recognize,parse_address
3062,shipengine.com,shipengine.com,PUT,/v1/batches/{batch_id},update_batch
3063,shipengine.com,shipengine.com,PUT,/v1/carriers/{carrier_id}/add_funds,add_funds_to_carrier
3064,shipengine.com,shipengine.com,PUT,/v1/connections/carriers/{carrier_name}/{carrier_id}/settings,update_carrier_settings
3065,shipengine.com,shipengine.com,PUT,/v1/labels/{label_id}/void,void_label
3066,shipengine.com,shipengine.com,PUT,/v1/packages/{package_id},update_package_type
3067,shipengine.com,shipengine.com,PUT,/v1/shipments/{shipment_id},update_shipment
3068,shipengine.com,shipengine.com,PUT,/v1/shipments/{shipment_id}/cancel,cancel_shipments
3069,shipengine.com,shipengine.com,PUT,/v1/shipments/recognize,parse_shipment
3070,shipengine.com,shipengine.com,PUT,/v1/tags/{tag_name}/{new_tag_name},rename_tag
3071,shipengine.com,shipengine.com,PUT,/v1/warehouses/{warehouse_id},update_warehouse
3072,shipengine.com,shipengine.com,PUT,/v1/warehouses/{warehouse_id}/settings,update_warehouse_settings
3073,shop-pro.jp,shop-pro.jp,DELETE,/appstore/v1/installation.json,deleteInstallation
3074,shop-pro.jp,shop-pro.jp,DELETE,/appstore/v1/script_tags/{scriptTagId}.json,deleteScriptTag
3075,shop-pro.jp,shop-pro.jp,DELETE,/v1/inline_script_tags/{inlineScriptTagId}.json,deleteInlineScriptTag
3076,shop-pro.jp,shop-pro.jp,DELETE,/v1/script_tags/{scriptTagId}.json,
3077,shop-pro.jp,shop-pro.jp,PUT,/appstore/v1/script_tags/{scriptTagId}.json,updateShopScriptTag
3078,shop-pro.jp,shop-pro.jp,PUT,/v1/inline_script_tags/{inlineScriptTagId}.json,updateInlineScriptTag
3079,shop-pro.jp,shop-pro.jp,PUT,/v1/script_tags/{scriptTagId}.json,updateScriptTag
3080,shorten.rest,shorten.rest,DELETE,/aliases,DeleteAlias
3081,shorten.rest,shorten.rest,PUT,/aliases,UpdateAlias
3082,shotstack.io,shotstack.io,DELETE,/assets/{id},deleteAsset
3083,shutterstock.com,shutterstock.com,DELETE,/v2/audio/collections/{id},deleteTrackCollection
3084,shutterstock.com,shutterstock.com,DELETE,/v2/audio/collections/{id}/items,deleteTrackCollectionItems
3085,shutterstock.com,shutterstock.com,DELETE,/v2/catalog/collections/{collection_id},deleteCollection
3086,shutterstock.com,shutterstock.com,DELETE,/v2/catalog/collections/{collection_id}/items,deleteFromCollection
3087,shutterstock.com,shutterstock.com,DELETE,/v2/images/collections/{id}/items,deleteImageCollectionItems
3088,shutterstock.com,shutterstock.com,DELETE,/v2/videos/collections/{id},deleteVideoCollection
3089,shutterstock.com,shutterstock.com,DELETE,/v2/videos/collections/{id}/items,deleteVideoCollectionItems
3090,shutterstock.com,shutterstock.com,PATCH,/v2/catalog/collections/{collection_id},updateCollection
3091,signl4.com,signl4.com,DELETE,/categories/{teamId}/{categoryId},
3092,signl4.com,signl4.com,DELETE,/scripts/instances/{instanceId},
3093,signl4.com,signl4.com,DELETE,/teams/{teamId}/memberships/{userId},
3094,signl4.com,signl4.com,DELETE,/teams/{teamId}/schedules/{dutyId},
3095,signl4.com,signl4.com,DELETE,/webhooks/{webhookId},
3096,signl4.com,signl4.com,PUT,/categories/{teamId}/{categoryId},
3097,signl4.com,signl4.com,PUT,/prepaid/settings,
3098,signl4.com,signl4.com,PUT,/scripts/instances/{instanceId},
3099,signl4.com,signl4.com,PUT,/scripts/instances/{instanceId}/data,
3100,signl4.com,signl4.com,PUT,/subscriptions/{subscriptionId}/prepaidSettings,
3101,signl4.com,signl4.com,PUT,/subscriptions/{subscriptionId}/profile,
3102,signl4.com,signl4.com,PUT,/teams/{teamId}/memberships/{userId},
3103,signl4.com,signl4.com,PUT,/teams/{teamId}/profile,
3104,signl4.com,signl4.com,PUT,/users/{userId}/changePassword,
3105,signl4.com,signl4.com,PUT,/users/{userId}/profile,
3106,signl4.com,signl4.com,PUT,/webhooks/{webhookId},
3107,sinao.app,sinao.app,DELETE,/apps/{appId}/access/{userId},app.policies.delete
3108,sinao.app,sinao.app,DELETE,/apps/{appId}/attachments/{id},app.attachments.delete
3109,sinao.app,sinao.app,DELETE,/apps/{appId}/banks/,app.cashflow.banks.delete
3110,sinao.app,sinao.app,DELETE,/apps/{appId}/cashflowsources/{id},app.cashflow.cashflowsources.delete
3111,sinao.app,sinao.app,DELETE,/apps/{appId}/establishments/{id},app.contacts.establishments.delete
3112,sinao.app,sinao.app,DELETE,/apps/{appId}/invoices/{id}/tag,app.documents.sales.invoices.untag
3113,sinao.app,sinao.app,DELETE,/apps/{appId}/invoices/batch,app.documents.sales.invoices.batch_delete
3114,sinao.app,sinao.app,DELETE,/apps/{appId}/logs/autoreconcile/,app.cashflow.logsautoreconciliations.clear
3115,sinao.app,sinao.app,DELETE,/apps/{appId}/organizations/{id},app.contacts.organizations.delete
3116,sinao.app,sinao.app,DELETE,/apps/{appId}/payments/{id},app.payments.payments.delete
3117,sinao.app,sinao.app,DELETE,/apps/{appId}/productcategory/{id},app.catalog.categories.delete
3118,sinao.app,sinao.app,DELETE,/apps/{appId}/products/{id},app.catalog.products.delete
3119,sinao.app,sinao.app,DELETE,/apps/{appId}/products/{id}/attach,app.catalog.products.detach
3120,sinao.app,sinao.app,DELETE,/apps/{appId}/purchases/{id}/tag,app.documents.purchases.purchases.untag
3121,sinao.app,sinao.app,DELETE,/apps/{appId}/quotes/{id}/attach,app.documents.sales.quotes.detach
3122,sinao.app,sinao.app,DELETE,/apps/{appId}/quotes/{id}/tag,app.documents.sales.quotes.untag
3123,sinao.app,sinao.app,DELETE,/apps/{appId}/quotes/batch,app.documents.sales.quotes.batch_delete
3124,sinao.app,sinao.app,DELETE,/apps/{appId}/recurringinvoices/batch,app.documents.sales.recurringinvoices.batch_delete
3125,sinao.app,sinao.app,DELETE,/apps/{appId}/relationships/{id}/attach,app.contacts.relationships.detach
3126,sinao.app,sinao.app,DELETE,/apps/{appId}/sepamandates/{id},app.payments.sepamandates.delete
3127,sinao.app,sinao.app,DELETE,/apps/{appId}/transactions/{id},app.cashflow.transactions.delete
3128,sinao.app,sinao.app,PUT,/apps/{appId}/attachments,app.sapAttestations.generateSapAttestations
3129,slicebox.local,slicebox.local,DELETE,/anonymization/keys/{id},
3130,slicebox.local,slicebox.local,DELETE,/boxes/incoming/{id},
3131,slicebox.local,slicebox.local,DELETE,/boxes/outgoing/{id},
3132,slicebox.local,slicebox.local,DELETE,/directorywatches/{id},
3133,slicebox.local,slicebox.local,DELETE,/filtering/associations/{id},
3134,slicebox.local,slicebox.local,DELETE,/filtering/filters/{id},
3135,slicebox.local,slicebox.local,DELETE,/filtering/filters/{id}/tagpaths/{tagpathid},
3136,slicebox.local,slicebox.local,DELETE,/forwarding/rule/{id},
3137,slicebox.local,slicebox.local,DELETE,/images/{id},
3138,slicebox.local,slicebox.local,DELETE,/import/sessions/{id},
3139,slicebox.local,slicebox.local,DELETE,/log,
3140,slicebox.local,slicebox.local,DELETE,/log/{id},
3141,slicebox.local,slicebox.local,DELETE,/metadata/series/{id}/seriestypes,
3142,slicebox.local,slicebox.local,DELETE,/metadata/series/{seriesId}/seriestags/{seriesTagId},
3143,slicebox.local,slicebox.local,DELETE,/metadata/series/{seriesId}/seriestypes/{seriesTypeId},
3144,slicebox.local,slicebox.local,DELETE,/scps/{id},
3145,slicebox.local,slicebox.local,DELETE,/seriestypes/rules/{id},
3146,slicebox.local,slicebox.local,DELETE,/seriestypes/rules/{ruleId}/attributes/{attributeId},
3147,slicebox.local,slicebox.local,DELETE,/users/{id},
3148,slicebox.local,slicebox.local,PUT,/images/{id}/anonymize,
3149,slicebox.local,slicebox.local,PUT,/images/{id}/modify,
3150,slicebox.local,slicebox.local,PUT,/metadata/series/{seriesId}/seriestypes/{seriesTypeId},
3151,slideroom.com,slideroom.com,DELETE,/api/v2/applicant/attributes,Applicant_DeleteAttributesV2
3152,slideroom.com,slideroom.com,DELETE,/api/v2/application/{applicationId}/attributes,Application_DeleteAttributesV2
3153,smart-me.com,smart-me.com,DELETE,/api/folder/settings/{id},FolderSettings_Delete
3154,smart-me.com,smart-me.com,DELETE,/api/RegisterForRealtimeApi/{id},RegisterForRealtimeApi_Delete
3155,smart-me.com,smart-me.com,DELETE,/api/SubUser/{id},SubUser_Delete
3156,smart-me.com,smart-me.com,PUT,/api/AccessToken,AccessToken_Put
3157,smart-me.com,smart-me.com,PUT,/api/Devices/{id},Devices_Put
3158,snyk.io,snyk.io,DELETE,/org/{orgId},Remove organization
3159,snyk.io,snyk.io,DELETE,/org/{orgId}/integrations/{integrationId}/authentication,Delete credentials
3160,snyk.io,snyk.io,DELETE,/org/{orgId}/members/{userId},Remove a member from the organization
3161,snyk.io,snyk.io,DELETE,/org/{orgId}/project/{projectId},Delete a project
3162,snyk.io,snyk.io,DELETE,/org/{orgId}/project/{projectId}/ignore/{issueId},Delete ignores
3163,snyk.io,snyk.io,DELETE,/org/{orgId}/project/{projectId}/settings,Delete project settings
3164,snyk.io,snyk.io,DELETE,/org/{orgId}/provision,Delete pending user provision
3165,snyk.io,snyk.io,DELETE,/org/{orgId}/webhooks/{webhookId},Delete a webhook
3166,snyk.io,snyk.io,PUT,/group/{groupId}/settings,Update group settings
3167,snyk.io,snyk.io,PUT,/org/{orgId}/integrations/{integrationId},Update existing integration
3168,snyk.io,snyk.io,PUT,/org/{orgId}/integrations/{integrationId}/settings,Update
3169,snyk.io,snyk.io,PUT,/org/{orgId}/members/{userId},Update a member in the organization
3170,snyk.io,snyk.io,PUT,/org/{orgId}/members/update/{userId},Update a member's role in the organization
3171,snyk.io,snyk.io,PUT,/org/{orgId}/notification-settings,Set notification settings
3172,snyk.io,snyk.io,PUT,/org/{orgId}/project/{projectId},Update a project
3173,snyk.io,snyk.io,PUT,/org/{orgId}/project/{projectId}/ignore/{issueId},Replace ignores
3174,snyk.io,snyk.io,PUT,/org/{orgId}/project/{projectId}/move,Move project to a different organization
3175,snyk.io,snyk.io,PUT,/org/{orgId}/project/{projectId}/settings,Update project settings
3176,snyk.io,snyk.io,PUT,/org/{orgId}/settings,Update organization settings
3177,snyk.io,snyk.io,PUT,/user/me/notification-settings/org/{orgId},Modify organization notification settings
3178,snyk.io,snyk.io,PUT,/user/me/notification-settings/org/{orgId}/project/{projectId},Modify project notification settings
3179,soundcloud.com,soundcloud.com,DELETE,/likes/playlists/{playlist_id},
3180,soundcloud.com,soundcloud.com,DELETE,/likes/tracks/{track_id},
3181,soundcloud.com,soundcloud.com,DELETE,/me/followings/{user_id},
3182,soundcloud.com,soundcloud.com,DELETE,/playlists/{playlist_id},
3183,soundcloud.com,soundcloud.com,DELETE,/reposts/playlists/{playlist_id},
3184,soundcloud.com,soundcloud.com,DELETE,/reposts/tracks/{track_id},
3185,soundcloud.com,soundcloud.com,DELETE,/tracks/{track_id},
3186,soundcloud.com,soundcloud.com,PUT,/me/followings/{user_id},
3187,soundcloud.com,soundcloud.com,PUT,/playlists/{playlist_id},
3188,soundcloud.com,soundcloud.com,PUT,/tracks/{track_id},
3189,spoonacular.com,spoonacular.com,DELETE,/mealplanner/{username}/day/{date},clearMealPlanDay
3190,spoonacular.com,spoonacular.com,DELETE,/mealplanner/{username}/items/{id},deleteFromMealPlan
3191,spoonacular.com,spoonacular.com,DELETE,/mealplanner/{username}/shopping-list/items/{id},deleteFromShoppingList
3192,spoonacular.com,spoonacular.com,DELETE,/mealplanner/{username}/templates/{id},deleteMealPlanTemplate
3193,spotify.com,spotify.com:sonallux,DELETE,/me/albums,remove-albums-user
3194,spotify.com,spotify.com,DELETE,/me/audiobooks,remove-audiobooks-user
3195,spotify.com,spotify.com:sonallux,DELETE,/me/audiobooks,remove-audiobooks-user
3196,spotify.com,spotify.com,DELETE,/me/following,unfollow-artists-users
3197,spotify.com,spotify.com,DELETE,/me/shows,remove-shows-user
3198,spotify.com,spotify.com,DELETE,/me/tracks,remove-tracks-user
3199,spotify.com,spotify.com:sonallux,DELETE,/playlists/{playlist_id}/followers,unfollow-playlist
3200,spotify.com,spotify.com:sonallux,DELETE,/playlists/{playlist_id}/tracks,remove-tracks-playlist
3201,spotify.com,spotify.com:sonallux,PUT,/me/albums,save-albums-user
3202,spotify.com,spotify.com,PUT,/me/audiobooks,save-audiobooks-user
3203,spotify.com,spotify.com,PUT,/me/episodes,save-episodes-user
3204,spotify.com,spotify.com,PUT,/me/following,follow-artists-users
3205,spotify.com,spotify.com,PUT,/me/player/pause,pause-a-users-playback
3206,spotify.com,spotify.com,PUT,/me/player/repeat,set-repeat-mode-on-users-playback
3207,spotify.com,spotify.com,PUT,/me/player/seek,seek-to-position-in-currently-playing-track
3208,spotify.com,spotify.com:sonallux,PUT,/me/player/shuffle,toggle-shuffle-for-users-playback
3209,spotify.com,spotify.com:sonallux,PUT,/playlists/{playlist_id},change-playlist-details
3210,spotify.com,spotify.com:sonallux,PUT,/playlists/{playlist_id}/followers,follow-playlist
3211,spotify.com,spotify.com,PUT,/playlists/{playlist_id}/followers,follow-playlist
3212,spotify.com,spotify.com,PUT,/playlists/{playlist_id}/images,upload-custom-playlist-cover
3213,spotify.com,spotify.com,PUT,/playlists/{playlist_id}/tracks,reorder-or-replace-playlists-tracks
3214,spotify.com,spotify.com:sonallux,PUT,/playlists/{playlist_id}/tracks,reorder-or-replace-playlists-tracks
3215,squareup.com,squareup.com,DELETE,/v2/catalog/object/{object_id},DeleteCatalogObject
3216,squareup.com,squareup.com,DELETE,/v2/customers/{customer_id}/cards/{card_id},DeleteCustomerCard
3217,squareup.com,squareup.com,DELETE,/v2/customers/{customer_id}/groups/{group_id},RemoveGroupFromCustomer
3218,squareup.com,squareup.com,DELETE,/v2/disputes/{dispute_id}/evidence/{evidence_id},DeleteDisputeEvidence
3219,squareup.com,squareup.com,DELETE,/v2/invoices/{invoice_id},DeleteInvoice
3220,squareup.com,squareup.com,DELETE,/v2/labor/break-types/{id},DeleteBreakType
3221,squareup.com,squareup.com,DELETE,/v2/labor/shifts/{id},DeleteShift
3222,squareup.com,squareup.com,DELETE,/v2/loyalty/rewards/{reward_id},DeleteLoyaltyReward
3223,squareup.com,squareup.com,DELETE,/v2/sites/{site_id}/snippet,DeleteSnippet
3224,squareup.com,squareup.com,PUT,/v1/{location_id}/orders/{order_id},UpdateOrder
3225,squareup.com,squareup.com,PUT,/v1/me/employees/{employee_id},UpdateEmployee
3226,squareup.com,squareup.com,PUT,/v1/me/roles/{role_id},UpdateEmployeeRole
3227,squareup.com,squareup.com,PUT,/v2/bookings/{booking_id},UpdateBooking
3228,squareup.com,squareup.com,PUT,/v2/customers/{customer_id},UpdateCustomer
3229,squareup.com,squareup.com,PUT,/v2/customers/{customer_id}/groups/{group_id},AddGroupToCustomer
3230,squareup.com,squareup.com,PUT,/v2/customers/groups/{group_id},UpdateCustomerGroup
3231,squareup.com,squareup.com,PUT,/v2/invoices/{invoice_id},UpdateInvoice
3232,squareup.com,squareup.com,PUT,/v2/labor/break-types/{id},UpdateBreakType
3233,squareup.com,squareup.com,PUT,/v2/labor/workweek-configs/{id},UpdateWorkweekConfig
3234,squareup.com,squareup.com,PUT,/v2/locations/{location_id},UpdateLocation
3235,squareup.com,squareup.com,PUT,/v2/subscriptions/{subscription_id},UpdateSubscription
3236,squareup.com,squareup.com,PUT,/v2/team-members/{team_member_id}/wage-setting,UpdateWageSetting
3237,staging-ecotaco.com,staging-ecotaco.com,PUT,/accounts/update_password,Update Password
3238,stoplight.io,stoplight.io,PUT,/versions/{versionId}/import,PUT_versions-versionId-import
3239,stoplight.io,stoplight.io,PUT,/versions/{versionId}/unpublish,PUT_versions-versionId-unpublish
3240,storecove.com,storecove.com,DELETE,/legal_entities/{legal_entity_id}/additional_tax_identifiers/{id},delete_additional_tax_identifier
3241,storecove.com,storecove.com,DELETE,/legal_entities/{legal_entity_id}/administrations/{id},delete_administration
3242,storecove.com,storecove.com,DELETE,/legal_entities/{legal_entity_id}/peppol_identifiers/{superscheme}/{scheme}/{identifier},delete_peppol_identifier
3243,storecove.com,storecove.com,DELETE,/webhook_instances/{guid},delete_webhook_instance
3244,storecove.com,storecove.com,PATCH,/legal_entities/{id},update_legal_entity
3245,storecove.com,storecove.com,PATCH,/legal_entities/{legal_entity_id}/additional_tax_identifiers/{id},update_additional_tax_identifier
3246,storecove.com,storecove.com,PATCH,/legal_entities/{legal_entity_id}/administrations/{id},update_administration
3247,stream-io-api.com,stream-io-api.com,DELETE,/blocklists/{name},DeleteBlockList
3248,stream-io-api.com,stream-io-api.com,DELETE,/campaigns/{id},DeleteCampaign
3249,stream-io-api.com,stream-io-api.com,DELETE,/channels/{type}/{id},DeleteChannel
3250,stream-io-api.com,stream-io-api.com,DELETE,/channels/{type}/{id}/image,DeleteImage
3251,stream-io-api.com,stream-io-api.com,DELETE,/channeltypes/{name},DeleteChannelType
3252,stream-io-api.com,stream-io-api.com,DELETE,/commands/{name},DeleteCommand
3253,stream-io-api.com,stream-io-api.com,DELETE,/devices,DeleteDevice
3254,stream-io-api.com,stream-io-api.com,DELETE,/messages/{id},DeleteMessage
3255,stream-io-api.com,stream-io-api.com,DELETE,/messages/{id}/reaction/{type},DeleteReaction
3256,stream-io-api.com,stream-io-api.com,DELETE,/moderation/ban,Unban
3257,stream-io-api.com,stream-io-api.com,DELETE,/push_providers/{type}/{name},DeletePushProvider
3258,stream-io-api.com,stream-io-api.com,DELETE,/users/{user_id},DeleteUser
3259,stream-io-api.com,stream-io-api.com,PATCH,/app,UpdateApp
3260,stream-io-api.com,stream-io-api.com,PATCH,/campaigns/{id}/resume,ResumeCampaign
3261,stream-io-api.com,stream-io-api.com,PATCH,/campaigns/{id}/schedule,ScheduleCampaign
3262,stream-io-api.com,stream-io-api.com,PATCH,/campaigns/{id}/stop,StopCampaign
3263,stream-io-api.com,stream-io-api.com,PATCH,/channels/{type}/{id},UpdateChannelPartial
3264,stream-io-api.com,stream-io-api.com,PUT,/blocklists/{name},UpdateBlockList
3265,stream-io-api.com,stream-io-api.com,PUT,/campaigns/{id},UpdateCampaign
3266,stream-io-api.com,stream-io-api.com,PUT,/commands/{name},UpdateCommand
3267,stream-io-api.com,stream-io-api.com,PUT,/messages/{id},UpdateMessagePartial
3268,stream-io-api.com,stream-io-api.com,PUT,/segments/{id},UpdateSegment
3269,superset.apache.local,superset.apache.local:superset,DELETE,/annotation_layer/,
3270,superset.apache.local,superset.apache.local:superset,DELETE,/annotation_layer/{pk},
3271,superset.apache.local,superset.apache.local:superset,DELETE,/annotation_layer/{pk}/annotation/{annotation_id},
3272,superset.apache.local,superset.apache.local:superset,DELETE,/chart/,
3273,superset.apache.local,superset.apache.local:superset,DELETE,/chart/{pk},
3274,superset.apache.local,superset.apache.local:superset,DELETE,/css_template/,
3275,superset.apache.local,superset.apache.local:superset,DELETE,/dashboard/,
3276,superset.apache.local,superset.apache.local:superset,DELETE,/dashboard/{pk},
3277,superset.apache.local,superset.apache.local:superset,DELETE,/database/{pk},
3278,superset.apache.local,superset.apache.local:superset,DELETE,/dataset/,
3279,superset.apache.local,superset.apache.local:superset,DELETE,/dataset/{pk},
3280,superset.apache.local,superset.apache.local:superset,DELETE,/dataset/{pk}/column/{column_id},
3281,superset.apache.local,superset.apache.local:superset,DELETE,/report/,
3282,superset.apache.local,superset.apache.local:superset,DELETE,/report/{pk},
3283,superset.apache.local,superset.apache.local:superset,DELETE,/saved_query/,
3284,superset.apache.local,superset.apache.local:superset,DELETE,/saved_query/{pk},
3285,superset.apache.local,superset.apache.local:superset,PUT,/annotation_layer/{pk},
3286,superset.apache.local,superset.apache.local:superset,PUT,/chart/{pk},
3287,superset.apache.local,superset.apache.local:superset,PUT,/dataset/{pk},
3288,superset.apache.local,superset.apache.local:superset,PUT,/dataset/{pk}/refresh,
3289,superset.apache.local,superset.apache.local:superset,PUT,/report/{pk},
3290,superset.apache.local,superset.apache.local:superset,PUT,/saved_query/{pk},
3291,surevoip.co.uk,surevoip.co.uk,DELETE,/customers/{account}/announcements/{announcement_id},
3292,svix.com,svix.com,DELETE,/api/v1/app/{app_id}/,delete_application_api_v1_app__app_id___delete
3293,svix.com,svix.com,DELETE,/api/v1/app/{app_id}/endpoint/{endpoint_id}/,delete_endpoint_api_v1_app__app_id__endpoint__endpoint_id___delete
3294,svix.com,svix.com,DELETE,/api/v1/app/{app_id}/integration/{integ_id}/,delete_integration_api_v1_app__app_id__integration__integ_id___delete
3295,svix.com,svix.com,DELETE,/api/v1/app/{app_id}/msg/{msg_id}/attempt/{attempt_id}/content/,expunge_attempt_content_api_v1_app__app_id__msg__msg_id__attempt__attempt_id__content__delete
3296,svix.com,svix.com,DELETE,/api/v1/app/{app_id}/msg/{msg_id}/content/,expunge_message_payload_api_v1_app__app_id__msg__msg_id__content__delete
3297,svix.com,svix.com,DELETE,/api/v1/event-type/{event_type_name}/,delete_event_type_api_v1_event_type__event_type_name___delete
3298,svix.com,svix.com,PATCH,/api/v1/app/{app_id}/endpoint/{endpoint_id}/headers/,patch_endpoint_headers_api_v1_app__app_id__endpoint__endpoint_id__headers__patch
3299,svix.com,svix.com,PUT,/api/v1/app/{app_id}/endpoint/{endpoint_id}/,update_endpoint_api_v1_app__app_id__endpoint__endpoint_id___put
3300,svix.com,svix.com,PUT,/api/v1/app/{app_id}/endpoint/{endpoint_id}/headers/,update_endpoint_headers_api_v1_app__app_id__endpoint__endpoint_id__headers__put
3301,svix.com,svix.com,PUT,/api/v1/app/{app_id}/integration/{integ_id}/,update_integration_api_v1_app__app_id__integration__integ_id___put
3302,svix.com,svix.com,PUT,/api/v1/event-type/{event_type_name}/,update_event_type_api_v1_event_type__event_type_name___put
3303,swaggerhub.com,swaggerhub.com,DELETE,/apis/{owner}/{api},deleteApi
3304,swaggerhub.com,swaggerhub.com,DELETE,/apis/{owner}/{api}/{version},deleteApiVersion
3305,swaggerhub.com,swaggerhub.com,DELETE,/domains/{owner}/{domain},deleteDomain
3306,swaggerhub.com,swaggerhub.com,DELETE,/domains/{owner}/{domain}/{version}/comments/{comment},deleteDomainCommentV2
3307,swaggerhub.com,swaggerhub.com,DELETE,/domains/{owner}/{domain}/{version}/comments/{comment}/replies/{reply},deleteDomainCommentReplyV2
3308,swaggerhub.com,swaggerhub.com,DELETE,/projects/{owner}/{projectId},deleteProjectV2
3309,swaggerhub.com,swaggerhub.com,DELETE,/templates/{owner}/{templateId},deleteTemplate
3310,swaggerhub.com,swaggerhub.com,PATCH,/apis/{owner}/{api}/{version}/comments/{comment},updateApiCommentV2
3311,swaggerhub.com,swaggerhub.com,PATCH,/apis/{owner}/{api}/{version}/comments/{comment}/replies/{reply},updateApiCommentReplyV2
3312,swaggerhub.com,swaggerhub.com,PATCH,/apis/{owner}/{api}/{version}/integrations/{integrationId},patchIntegration
3313,swaggerhub.com,swaggerhub.com,PATCH,/domains/{owner}/{domain}/{version}/comments/{comment},updateDomainCommentV2
3314,swaggerhub.com,swaggerhub.com,PUT,/apis/{owner}/{api}/{version}/comments/{comment}/status/{status},setApiCommentStatusV2
3315,swaggerhub.com,swaggerhub.com,PUT,/apis/{owner}/{api}/{version}/integrations/{integrationId},updateIntegration
3316,swaggerhub.com,swaggerhub.com,PUT,/apis/{owner}/{api}/{version}/settings/lifecycle,setLifecycleSettings
3317,swaggerhub.com,swaggerhub.com,PUT,/apis/{owner}/{api}/{version}/settings/private,setPrivateSettings
3318,swaggerhub.com,swaggerhub.com,PUT,/apis/{owner}/{api}/settings/default,setApiDefaultVersion
3319,swaggerhub.com,swaggerhub.com,PUT,/domains/{owner}/{domain}/{version}/settings/lifecycle,setDomainLifecycleSettings
3320,swaggerhub.com,swaggerhub.com,PUT,/domains/{owner}/{domain}/{version}/settings/private,setDomainPrivateSettings
3321,swaggerhub.com,swaggerhub.com,PUT,/projects/{owner}/{projectId},saveProjectV2
3322,swaggerhub.com,swaggerhub.com,PUT,/projects/{owner}/{projectId}/members,updateProjectMembersV2
3323,swaggerhub.com,swaggerhub.com,PUT,/templates/{owner}/{templateId}/{version}/settings/lifecycle,setTemplateLifecycleSettings
3324,swaggerhub.com,swaggerhub.com,PUT,/templates/{owner}/{templateId}/{version}/settings/private,setTemplatePrivateSettings
3325,taxamo.com,taxamo.com,DELETE,/api/v1/transactions/{key},cancelTransaction
3326,taxamo.com,taxamo.com,PUT,/api/v1/transactions/{key},updateTransaction
3327,telnyx.com,telnyx.com,DELETE,/authentication_providers/{id},DeleteAuthenticationProvider
3328,telnyx.com,telnyx.com,DELETE,/ip_connections/{id},deleteIpConnection
3329,telnyx.com,telnyx.com,DELETE,/ips/{id},deleteIp
3330,telnyx.com,telnyx.com,DELETE,/outbound_voice_profiles/{id},deleteOutboundVoiceProfile
3331,telnyx.com,telnyx.com,DELETE,/phone_numbers/{id},deletePhoneNumber
3332,telnyx.com,telnyx.com,DELETE,/porting_orders/{id},deletePortingOrder
3333,telnyx.com,telnyx.com,DELETE,/private_wireless_gateways/{id},deletePrivateWirelessGateway
3334,telnyx.com,telnyx.com,DELETE,/sim_card_groups/{id},SimCardGroupDelete
3335,telnyx.com,telnyx.com,DELETE,/verify_profiles/{verify_profile_id},deleteVerifyProfile
3336,telnyx.com,telnyx.com,DELETE,/wireless/detail_records_reports/{id},deleteWdrReport
3337,telnyx.com,telnyx.com,PATCH,/billing_groups/{id},updateBillingGroup
3338,telnyx.com,telnyx.com,PATCH,/documents/{id},updateDocument
3339,telnyx.com,telnyx.com,PATCH,/fax_applications/{id},UpdateFaxApplication
3340,telnyx.com,telnyx.com,PATCH,/notification_channels/{id},updateNotificationChannel
3341,telnyx.com,telnyx.com,PATCH,/number_order_phone_numbers/{number_order_phone_number_id},updateNumberOrderPhoneNumber
3342,telnyx.com,telnyx.com,PATCH,/outbound_voice_profiles/{id},updateOutboundVoiceProfile
3343,telnyx.com,telnyx.com,PATCH,/phone_numbers/{id}/voice,updatePhoneNumberWithVoiceSettings
3344,telnyx.com,telnyx.com,PATCH,/portouts/{id}/{status},updatePortoutRequest
3345,telnyx.com,telnyx.com,PATCH,/texml_applications/{id},UpdateTexmlApplication
3346,telnyx.com,telnyx.com,PATCH,/whatsapp_messages/{message_id},markMessageAsRead
3347,telnyx.com,telnyx.com,PATCH,/whatsapp_users/{whatsapp_user_id},updateWhatsAppWebhook
3348,telnyx.com,telnyx.com,PUT,/actions/network_preferences/sim_cards,BulkSIMCardNetworkPreferences
3349,thesmsworks.co.uk,thesmsworks.co.uk,DELETE,/batches/schedule/{batchid},
3350,thesmsworks.co.uk,thesmsworks.co.uk,DELETE,/messages/{messageid},
3351,thesmsworks.co.uk,thesmsworks.co.uk,DELETE,/messages/schedule/{messageid},
3352,thetvdb.com,thetvdb.com,DELETE,/user/favorites/{id},
3353,thetvdb.com,thetvdb.com,DELETE,/user/ratings/{itemType}/{itemId},
3354,thetvdb.com,thetvdb.com,PUT,/user/favorites/{id},
3355,thetvdb.com,thetvdb.com,PUT,/user/ratings/{itemType}/{itemId}/{itemRating},
3356,threatjammer.com,threatjammer.com,DELETE,/v1/allowlist/private/{allowlist_id},delete_the_allowlist_v1_allowlist_private__allowlist_id__delete
3357,threatjammer.com,threatjammer.com,DELETE,/v1/allowlist/private/{allowlist_id}/content,delete_the_allowlist_content_v1_allowlist_private__allowlist_id__content_delete
3358,threatjammer.com,threatjammer.com,DELETE,/v1/allowlist/public/{allowlist_id},delete_the_allowlist_v1_allowlist_public__allowlist_id__delete
3359,threatjammer.com,threatjammer.com,DELETE,/v1/denylist/private/{denylist_id},delete_the_denylist_v1_denylist_private__denylist_id__delete
3360,threatjammer.com,threatjammer.com,DELETE,/v1/denylist/private/{denylist_id}/content,delete_the_denylist_content_v1_denylist_private__denylist_id__content_delete
3361,threatjammer.com,threatjammer.com,DELETE,/v1/denylist/public/{denylist_id},delete_the_denylist_v1_denylist_public__denylist_id__delete
3362,threatjammer.com,threatjammer.com,DELETE,/v1/denylist/reported/ip/{ip_address},delete_an_ip_address_reported_by_the_user_v1_denylist_reported_ip__ip_address__delete
3363,threatjammer.com,threatjammer.com,DELETE,/v1/denylist/reported/ip/all,delete_all_ip_addresses_reported_by_the_user_v1_denylist_reported_ip_all_delete
3364,threatjammer.com,threatjammer.com,DELETE,/v1/origin_token,delete_token_v1_origin_token_delete
3365,threatjammer.com,threatjammer.com,PUT,/v1/allowlist/private/{allowlist_id},update_private_allowlist_of_the_user_v1_allowlist_private__allowlist_id__put
3366,threatjammer.com,threatjammer.com,PUT,/v1/allowlist/private/{allowlist_id}/content,update_private_content_of_the_allowlist_of_the_user_v1_allowlist_private__allowlist_id__content_put
3367,threatjammer.com,threatjammer.com,PUT,/v1/allowlist/private/{allowlist_id}/origin,change_status_of_the_origin_allowlist_v1_allowlist_private__allowlist_id__origin_put
3368,threatjammer.com,threatjammer.com,PUT,/v1/allowlist/public/{allowlist_id},change_status_of_the_allowlist_v1_allowlist_public__allowlist_id__put
3369,threatjammer.com,threatjammer.com,PUT,/v1/allowlist/public/{allowlist_id}/origin,change_status_of_the_origin_allowlist_v1_allowlist_public__allowlist_id__origin_put
3370,threatjammer.com,threatjammer.com,PUT,/v1/denylist/private/{denylist_id},update_private_denylist_of_the_user_v1_denylist_private__denylist_id__put
3371,threatjammer.com,threatjammer.com,PUT,/v1/denylist/private/{denylist_id}/content,update_private_content_of_the_denylist_of_the_user_v1_denylist_private__denylist_id__content_put
3372,threatjammer.com,threatjammer.com,PUT,/v1/denylist/private/{denylist_id}/origin,change_status_of_the_origin_denylist_v1_denylist_private__denylist_id__origin_put
3373,threatjammer.com,threatjammer.com,PUT,/v1/denylist/public/{denylist_id},change_status_of_the_denylist_v1_denylist_public__denylist_id__put
3374,threatjammer.com,threatjammer.com,PUT,/v1/denylist/public/{denylist_id}/origin,change_status_of_the_origin_denylist_v1_denylist_public__denylist_id__origin_put
3375,threatjammer.com,threatjammer.com,PUT,/v1/origin,update_configuration_origin_v1_origin_put
3376,threatjammer.com,threatjammer.com,PUT,/v1/origin_token/disable,disable_origin_token_v1_origin_token_disable_put
3377,threatjammer.com,threatjammer.com,PUT,/v1/origin_token/enable,enable_origin_token_v1_origin_token_enable_put
3378,ticketmaster.com,ticketmaster.com:publish,PATCH,/publish/v2/attractions/{id},patchAttraction
3379,ticketmaster.com,ticketmaster.com:publish,PATCH,/publish/v2/events/{id},patchEvent
3380,ticketmaster.com,ticketmaster.com:publish,PATCH,/publish/v2/venues/{id},patchVenue
3381,tl-api.azurewebsites.net,tl-api.azurewebsites.net,DELETE,/api/Article,Article_Delete
3382,tl-api.azurewebsites.net,tl-api.azurewebsites.net,PUT,/api/Article,Article_Put
3383,tl-api.azurewebsites.net,tl-api.azurewebsites.net,PUT,/api/Article/ArticleGymDetails,Article_UpdateArticleGymDetails
3384,tl-api.azurewebsites.net,tl-api.azurewebsites.net,PUT,/api/Article/UpdateStatus,Article_UpdateStatus
3385,tl-api.azurewebsites.net,tl-api.azurewebsites.net,PUT,/api/Package,Package_Put
3386,tl-api.azurewebsites.net,tl-api.azurewebsites.net,PUT,/api/Package/UpdateStatus,Package_UpdateStatus
3387,tl-api.azurewebsites.net,tl-api.azurewebsites.net,PUT,/api/User/updateuser,User_updateUser
3388,traccar.org,traccar.org,DELETE,/attributes/computed/{id},
3389,traccar.org,traccar.org,DELETE,/calendars/{id},
3390,traccar.org,traccar.org,DELETE,/commands/{id},
3391,traccar.org,traccar.org,DELETE,/devices/{id},
3392,traccar.org,traccar.org,DELETE,/drivers/{id},
3393,traccar.org,traccar.org,DELETE,/geofences/{id},
3394,traccar.org,traccar.org,DELETE,/groups/{id},
3395,traccar.org,traccar.org,DELETE,/notifications/{id},
3396,traccar.org,traccar.org,DELETE,/permissions,
3397,traccar.org,traccar.org,DELETE,/users/{id},
3398,traccar.org,traccar.org,PUT,/attributes/computed/{id},
3399,traccar.org,traccar.org,PUT,/calendars/{id},
3400,traccar.org,traccar.org,PUT,/commands/{id},
3401,traccar.org,traccar.org,PUT,/devices/{id},
3402,traccar.org,traccar.org,PUT,/devices/{id}/accumulators,
3403,traccar.org,traccar.org,PUT,/drivers/{id},
3404,traccar.org,traccar.org,PUT,/geofences/{id},
3405,traccar.org,traccar.org,PUT,/groups/{id},
3406,traccar.org,traccar.org,PUT,/maintenance/{id},
3407,traccar.org,traccar.org,PUT,/notifications/{id},
3408,traccar.org,traccar.org,PUT,/server,
3409,traccar.org,traccar.org,PUT,/users/{id},
3410,tradematic.com,tradematic.com,DELETE,/client/apikeys/{keyid},
3411,tradematic.com,tradematic.com,DELETE,/cloud/accounts/{accountid}/orders/{orderid},
3412,tradematic.com,tradematic.com,DELETE,/cloud/connections/{connectionid},
3413,tradematic.com,tradematic.com,PUT,/autofollow/strategies/{strategyid},
3414,tradematic.com,tradematic.com,PUT,/autofollow/strategies/{strategyid}/content,
3415,tradematic.com,tradematic.com,PUT,/cloud/connections/{connectionid},
3416,trakt.tv,trakt.tv,DELETE,/checkin,Delete any active checkins
3417,trakt.tv,trakt.tv,DELETE,/comments/{id},Delete a comment or reply
3418,trakt.tv,trakt.tv,DELETE,/comments/{id}/like,Remove like on a comment
3419,trakt.tv,trakt.tv,DELETE,/recommendations/movies/{id},Hide a movie recommendation
3420,trakt.tv,trakt.tv,DELETE,/recommendations/shows/{id},Hide a show recommendation
3421,trakt.tv,trakt.tv,DELETE,/shows/{id}/progress/watched/reset,Undo reset show progress
3422,trakt.tv,trakt.tv,DELETE,/sync/playback/{id},Remove a playback item
3423,trakt.tv,trakt.tv,DELETE,/users/{id}/follow,Unfollow this user
3424,trakt.tv,trakt.tv,DELETE,/users/{id}/lists/{list_id},Delete a user's personal list
3425,trakt.tv,trakt.tv,DELETE,/users/{id}/lists/{list_id}/like,Remove like on a list
3426,trakt.tv,trakt.tv,DELETE,/users/requests/{id},Deny follow request
3427,trakt.tv,trakt.tv,PUT,/comments/{id},Update a comment or reply
3428,trakt.tv,trakt.tv,PUT,/users/{id}/lists/{list_id},Update personal list
3429,trashnothing.com,trashnothing.com,DELETE,/conversations/{conversation_id},delete_conversation
3430,trashnothing.com,trashnothing.com,DELETE,/posts/{post_id},delete_post
3431,trashnothing.com,trashnothing.com,DELETE,/posts/{post_id}/bookmark,delete_bookmark
3432,trashnothing.com,trashnothing.com,DELETE,/users/{user_id}/feedback,remove_user_feedback
3433,trashnothing.com,trashnothing.com,DELETE,/users/me/alerts/{alert_id},delete_alert
3434,trashnothing.com,trashnothing.com,PUT,/conversations/{conversation_id}/archive,archive_conversation
3435,trashnothing.com,trashnothing.com,PUT,/conversations/{conversation_id}/block,block_conversation
3436,trashnothing.com,trashnothing.com,PUT,/conversations/{conversation_id}/unarchive,unarchive_conversation
3437,trashnothing.com,trashnothing.com,PUT,/conversations/{conversation_id}/unblock,unblock_conversation
3438,trashnothing.com,trashnothing.com,PUT,/conversations/archive-all,archive_all_conversations
3439,trashnothing.com,trashnothing.com,PUT,/conversations/mark-all-read,mark_all_conversations_read
3440,trashnothing.com,trashnothing.com,PUT,/posts/{post_id},update_post
3441,trashnothing.com,trashnothing.com,PUT,/posts/{post_id}/bookmark,bookmark_post
3442,trashnothing.com,trashnothing.com,PUT,/posts/{post_id}/promise,promise_post
3443,trashnothing.com,trashnothing.com,PUT,/posts/{post_id}/satisfy,satisfy_post
3444,trashnothing.com,trashnothing.com,PUT,/stories/{story_id}/like,like_story
3445,trashnothing.com,trashnothing.com,PUT,/stories/{story_id}/unlike,unlike_story
3446,trashnothing.com,trashnothing.com,PUT,/users/me,update_current_user
3447,trashnothing.com,trashnothing.com,PUT,/users/me/alerts,create_alert
3448,trashnothing.com,trashnothing.com,PUT,/users/me/email/not-bouncing,set_email_not_bouncing
3449,trashnothing.com,trashnothing.com,PUT,/users/me/location,update_location
3450,trashnothing.com,trashnothing.com,PUT,/users/me/post-locations,save_post_location
3451,trello.com,trello.com,DELETE,/boards/{idBoard}/members/{idMember},deleteBoardsMembersByIdBoardByIdMember
3452,trello.com,trello.com,DELETE,/cards/{idCard}/attachments/{idAttachment},deleteCardsAttachmentsByIdCardByIdAttachment
3453,trello.com,trello.com,DELETE,/cards/{idCard}/checklists/{idChecklist},deleteCardsChecklistsByIdCardByIdChecklist
3454,trello.com,trello.com,DELETE,/labels/{idLabel},deleteLabelsByIdLabel
3455,trello.com,trello.com,DELETE,/members/{idMember}/boardStars/{idBoardStar},deleteMembersBoardStarsByIdMemberByIdBoardStar
3456,trello.com,trello.com,DELETE,/organizations/{idOrg},deleteOrganizationsByIdOrg
3457,trello.com,trello.com,DELETE,/organizations/{idOrg}/members/{idMember},deleteOrganizationsMembersByIdOrgByIdMember
3458,trello.com,trello.com,DELETE,/organizations/{idOrg}/members/{idMember}/all,deleteOrganizationsMembersAllByIdOrgByIdMember
3459,trello.com,trello.com,DELETE,/tokens/{token},deleteTokensByToken
3460,trello.com,trello.com,DELETE,/tokens/{token}/webhooks/{idWebhook},deleteTokensWebhooksByTokenByIdWebhook
3461,trello.com,trello.com,PUT,/actions/{idAction},updateActionsByIdAction
3462,trello.com,trello.com,PUT,/boards/{idBoard}/labelNames/yellow,updateBoardsLabelNamesYellowByIdBoard
3463,trello.com,trello.com,PUT,/boards/{idBoard}/prefs/permissionLevel,updateBoardsPrefsPermissionLevelByIdBoard
3464,trello.com,trello.com,PUT,/cards/{idCard}/desc,updateCardsDescByIdCard
3465,trello.com,trello.com,PUT,/cards/{idCard}/idList,updateCardsIdListByIdCard
3466,trello.com,trello.com,PUT,/checklists/{idChecklist},updateChecklistsByIdChecklist
3467,trello.com,trello.com,PUT,/lists/{idList}/name,updateListsNameByIdList
3468,trello.com,trello.com,PUT,/lists/{idList}/subscribed,updateListsSubscribedByIdList
3469,trello.com,trello.com,PUT,/members/{idMember}/bio,updateMembersBioByIdMember
3470,trello.com,trello.com,PUT,/members/{idMember}/fullName,updateMembersFullNameByIdMember
3471,trello.com,trello.com,PUT,/members/{idMember}/savedSearches/{idSavedSearch}/pos,updateMembersSavedSearchesPosByIdMemberByIdSavedSearch
3472,trello.com,trello.com,PUT,/organizations/{idOrg}/prefs/associatedDomain,updateOrganizationsPrefsAssociatedDomainByIdOrg
3473,truesight.local,truesight.local,PUT,/hardware/groups/{groupId},updateEnergyCost
3474,truora.com,truora.com,DELETE,/v1/config,DeleteCustomType
3475,truora.com,truora.com,DELETE,/v1/hooks/{hook_id},deletHook
3476,truora.com,truora.com,PUT,/v1/config,UpdateCustomType
3477,truora.com,truora.com,PUT,/v1/continuous-checks/{continuous_check_id},UpdateContinuousCheck
3478,truora.com,truora.com,PUT,/v1/hooks/{hook_id},updateHook
3479,turbinelabs.io,turbinelabs.io,DELETE,/admin/user/self/access_token/{access-token-key},
3480,turbinelabs.io,turbinelabs.io,DELETE,/cluster/{clusterKey},
3481,turbinelabs.io,turbinelabs.io,DELETE,/cluster/{clusterKey}/instances/{instanceIdentifier},
3482,turbinelabs.io,turbinelabs.io,DELETE,/domain/{domainKey},
3483,turbinelabs.io,turbinelabs.io,DELETE,/listener/{listenerKey},
3484,turbinelabs.io,turbinelabs.io,DELETE,/proxy/{proxyKey},
3485,turbinelabs.io,turbinelabs.io,DELETE,/route/{routeKey},
3486,turbinelabs.io,turbinelabs.io,DELETE,/shared_rules/{sharedRulesKey},
3487,turbinelabs.io,turbinelabs.io,DELETE,/zone/{zoneKey},
3488,turbinelabs.io,turbinelabs.io,PUT,/cluster/{clusterKey},
3489,turbinelabs.io,turbinelabs.io,PUT,/listener/{listenerKey},
3490,turbinelabs.io,turbinelabs.io,PUT,/route/{routeKey},
3491,turbinelabs.io,turbinelabs.io,PUT,/shared_rules/{sharedRulesKey},
3492,tvmaze.com,tvmaze.com,DELETE,/user/episodes/{episode_id},
3493,tvmaze.com,tvmaze.com,DELETE,/user/follows/networks/{network_id},
3494,tvmaze.com,tvmaze.com,DELETE,/user/follows/people/{person_id},
3495,tvmaze.com,tvmaze.com,DELETE,/user/follows/shows/{show_id},
3496,tvmaze.com,tvmaze.com,DELETE,/user/follows/webchannels/{webchannel_id},
3497,tvmaze.com,tvmaze.com,DELETE,/user/tags/{tag_id},
3498,tvmaze.com,tvmaze.com,DELETE,/user/tags/{tag_id}/shows/{show_id},
3499,tvmaze.com,tvmaze.com,DELETE,/user/votes/episodes/{episode_id},
3500,tvmaze.com,tvmaze.com,DELETE,/user/votes/shows/{show_id},
3501,tvmaze.com,tvmaze.com,PATCH,/user/tags/{tag_id},
3502,tvmaze.com,tvmaze.com,PUT,/scrobble/episodes/{episode_id},
3503,tvmaze.com,tvmaze.com,PUT,/user/episodes/{episode_id},
3504,tvmaze.com,tvmaze.com,PUT,/user/follows/networks/{network_id},
3505,tvmaze.com,tvmaze.com,PUT,/user/follows/people/{person_id},
3506,tvmaze.com,tvmaze.com,PUT,/user/follows/shows/{show_id},
3507,tvmaze.com,tvmaze.com,PUT,/user/follows/webchannels/{webchannel_id},
3508,tvmaze.com,tvmaze.com,PUT,/user/tags/{tag_id}/shows/{show_id},
3509,tvmaze.com,tvmaze.com,PUT,/user/votes/episodes/{episode_id},
3510,tvmaze.com,tvmaze.com,PUT,/user/votes/shows/{show_id},
3511,twinehealth.com,twinehealth.com,DELETE,/calendar_event/{id},deleteCalendarEvent
3512,twinehealth.com,twinehealth.com,PATCH,/action/{id},updateAction
3513,twinehealth.com,twinehealth.com,PATCH,/bundle/{id},updateBundle
3514,twinehealth.com,twinehealth.com,PATCH,/calendar_event/{id},updateCalendarEvent
3515,twinehealth.com,twinehealth.com,PATCH,/patient_plan_summary/{id},updatePatientPlanSummary
3516,twinehealth.com,twinehealth.com,PATCH,/patient/{id},updatePatient
3517,twinehealth.com,twinehealth.com,PUT,/patient,upsertPatient
3518,twitter.com,twitter.com:current,DELETE,/2/lists/{id},listIdDelete
3519,twitter.com,twitter.com:current,DELETE,/2/lists/{id}/members/{user_id},listRemoveMember
3520,twitter.com,twitter.com:current,DELETE,/2/tweets/{id},deleteTweetById
3521,twitter.com,twitter.com:current,DELETE,/2/users/{id}/bookmarks/{tweet_id},usersIdBookmarksDelete
3522,twitter.com,twitter.com:current,DELETE,/2/users/{id}/followed_lists/{list_id},listUserUnfollow
3523,twitter.com,twitter.com:current,DELETE,/2/users/{id}/likes/{tweet_id},usersIdUnlike
3524,twitter.com,twitter.com:current,DELETE,/2/users/{id}/pinned_lists/{list_id},listUserUnpin
3525,twitter.com,twitter.com:current,DELETE,/2/users/{id}/retweets/{source_tweet_id},usersIdUnretweets
3526,twitter.com,twitter.com:current,DELETE,/2/users/{source_user_id}/following/{target_user_id},usersIdUnfollow
3527,twitter.com,twitter.com:current,DELETE,/2/users/{source_user_id}/muting/{target_user_id},usersIdUnmute
3528,twitter.com,twitter.com:current,PUT,/2/lists/{id},listIdUpdate
3529,twitter.com,twitter.com:current,PUT,/2/tweets/{tweet_id}/hidden,hideReplyById
3530,tyk.com,tyk.com,DELETE,/tyk/apis/{apiID},
3531,tyk.com,tyk.com,DELETE,/tyk/keys/{keyId},
3532,tyk.com,tyk.com,DELETE,/tyk/oauth/clients/{apiId}/{clientId},
3533,tyk.com,tyk.com,DELETE,/tyk/oauth/refresh/{keyId},
3534,tyk.com,tyk.com,PUT,/tyk/apis/{apiID},
3535,tyk.com,tyk.com,PUT,/tyk/keys/{keyId},
3536,uebermaps.com,uebermaps.com,DELETE,/attachments/{id},
3537,uebermaps.com,uebermaps.com,DELETE,/collaborator_invitations/{id},
3538,uebermaps.com,uebermaps.com,DELETE,/comments/{id},
3539,uebermaps.com,uebermaps.com,DELETE,/events/{id},
3540,uebermaps.com,uebermaps.com,DELETE,/maps/{id},
3541,uebermaps.com,uebermaps.com,DELETE,/maps/{id}/collaborators/{user_id},
3542,uebermaps.com,uebermaps.com,DELETE,/maps/{id}/subscriptions,
3543,uebermaps.com,uebermaps.com,DELETE,/maps/{map_id}/spots/{spot_id}/respot,
3544,uebermaps.com,uebermaps.com,DELETE,/respots/{id},
3545,uebermaps.com,uebermaps.com,DELETE,/spots/{id},
3546,uebermaps.com,uebermaps.com,PATCH,/account,
3547,uebermaps.com,uebermaps.com,PATCH,/collaborator_invitations/{id},
3548,uebermaps.com,uebermaps.com,PATCH,/comments/{id},
3549,uebermaps.com,uebermaps.com,PATCH,/events/{id},
3550,uebermaps.com,uebermaps.com,PATCH,/maps/{id},
3551,uebermaps.com,uebermaps.com,PATCH,/maps/{id}/collaborators/{user_id},
3552,uebermaps.com,uebermaps.com,PATCH,/spots/{id},
3553,unicourt.com,unicourt.com,DELETE,/caseTrack/{caseId},removeCaseTrackById
3554,unicourt.com,unicourt.com,DELETE,/pacerCredential/{pacerUserId},removePacerCredentialById
3555,unicourt.com,unicourt.com,PUT,/caseDocumentOrder,orderCaseDocument
3556,unicourt.com,unicourt.com,PUT,/caseTrack,trackCase
3557,unicourt.com,unicourt.com,PUT,/caseUpdate,updateCase
3558,unicourt.com,unicourt.com,PUT,/invalidateAllTokens,invalidateAllTokens
3559,unicourt.com,unicourt.com,PUT,/invalidateToken,invalidateToken
3560,unicourt.com,unicourt.com,PUT,/listAllTokenIds,listAllTokenIds
3561,unicourt.com,unicourt.com,PUT,/pacerCredential,addPacerCredential
3562,up.com.au,up.com.au,DELETE,/transactions/{transactionId}/relationships/tags,
3563,up.com.au,up.com.au,DELETE,/webhooks/{id},
3564,up.com.au,up.com.au,PATCH,/transactions/{transactionId}/relationships/category,
3565,va.gov,va.gov:benefits,PUT,/path,putBenefitsDocumentUpload
3566,vatapi.com,vatapi.com,DELETE,/invoice/{id},invoice_delete
3567,vatapi.com,vatapi.com,PUT,/invoice/{id},invoice_update
3568,velopayments.com,velopayments.com,DELETE,/v2/users/{userId},deleteUserByIdV2
3569,velopayments.com,velopayments.com,DELETE,/v3/payees/{payeeId},deletePayeeByIdV3
3570,velopayments.com,velopayments.com,DELETE,/v3/payouts/{payoutId},withdrawPayoutV3
3571,velopayments.com,velopayments.com,DELETE,/v3/payouts/{payoutId}/schedule,deschedulePayout
3572,velopayments.com,velopayments.com,DELETE,/v3/sourceAccounts/{sourceAccountId},deleteSourceAccountV3
3573,velopayments.com,velopayments.com,DELETE,/v4/payees/{payeeId},deletePayeeByIdV4
3574,vestorly.com,vestorly.com,DELETE,/custom_feed_filters/{id},deleteCustomFeedFilter
3575,vestorly.com,vestorly.com,DELETE,/custom_feeds/{id},deleteCustomFeed
3576,vestorly.com,vestorly.com,DELETE,/groups/{id},deleteGroup
3577,vestorly.com,vestorly.com,DELETE,/seed_custom_feeds/{id},deleteSeedCustomFeed
3578,vestorly.com,vestorly.com,DELETE,/sessions/{id},logout
3579,vestorly.com,vestorly.com,PUT,/custom_feed_filters/{id},updateCustomFeedFilterById
3580,vestorly.com,vestorly.com,PUT,/custom_feeds/{id},updateCategoryById
3581,vestorly.com,vestorly.com,PUT,/groups/{id},updateGroupById
3582,vestorly.com,vestorly.com,PUT,/members/{id},updateMemberByID
3583,vestorly.com,vestorly.com,PUT,/newsletter_settings/{id},updateNewsletterSettingsByID
3584,vestorly.com,vestorly.com,PUT,/newsletters/{id},updateNewsletterByID
3585,vestorly.com,vestorly.com,PUT,/posts/{id},updatePostByID
3586,vestorly.com,vestorly.com,PUT,/seed_custom_feeds/{id},updateSeedCustomFeedById
3587,vestorly.com,vestorly.com,PUT,/sources/{id},updateSourceByID
3588,victorops.com,victorops.com,DELETE,/api-public/v1/overrides/{publicId},
3589,victorops.com,victorops.com,DELETE,/api-public/v1/overrides/{publicId}/assignments/{policySlug},
3590,victorops.com,victorops.com,DELETE,/api-public/v1/profile/{username}/policies/{step}/{rule},
3591,victorops.com,victorops.com,DELETE,/api-public/v1/team/{team},
3592,victorops.com,victorops.com,DELETE,/api-public/v1/team/{team}/members/{user},
3593,victorops.com,victorops.com,DELETE,/api-public/v1/user/{user},
3594,victorops.com,victorops.com,DELETE,/api-public/v1/user/{user}/contact-methods/devices/{contactId},
3595,victorops.com,victorops.com,DELETE,/api-public/v1/user/{user}/contact-methods/emails/{contactId},
3596,victorops.com,victorops.com,DELETE,/api-public/v1/user/{user}/contact-methods/phones/{contactId},
3597,victorops.com,victorops.com,PATCH,/api-public/v1/incidents/ack,
3598,victorops.com,victorops.com,PATCH,/api-public/v1/incidents/byUser/ack,
3599,victorops.com,victorops.com,PATCH,/api-public/v1/incidents/byUser/resolve,
3600,victorops.com,victorops.com,PATCH,/api-public/v1/incidents/resolve,
3601,victorops.com,victorops.com,PATCH,/api-public/v1/policies/{policy}/oncall/user,
3602,victorops.com,victorops.com,PATCH,/api-public/v1/team/{team}/oncall/user,
3603,victorops.com,victorops.com,PUT,/api-public/v1/maintenancemode/{maintenancemodeid}/end,
3604,victorops.com,victorops.com,PUT,/api-public/v1/overrides/{publicId}/assignments/{policySlug},
3605,victorops.com,victorops.com,PUT,/api-public/v1/profile/{username}/policies/{step}/{rule},
3606,victorops.com,victorops.com,PUT,/api-public/v1/team/{team},
3607,victorops.com,victorops.com,PUT,/api-public/v1/user/{user},
3608,victorops.com,victorops.com,PUT,/api-public/v1/user/{user}/contact-methods/devices/{contactId},
3609,vimeo.com,vimeo.com,DELETE,/channels/{channel_id}/moderators,remove_channel_moderators
3610,vimeo.com,vimeo.com,DELETE,/channels/{channel_id}/tags/{word},delete_tag_from_channel
3611,vimeo.com,vimeo.com,DELETE,/channels/{channel_id}/videos/{video_id},delete_video_from_channel
3612,vimeo.com,vimeo.com,DELETE,/ondemand/pages/{ondemand_id}/regions,delete_vod_regions
3613,vimeo.com,vimeo.com,DELETE,/users/{user_id}/albums/{album_id}/custom_thumbnails/{thumbnail_id},delete_album_custom_thumbnail
3614,vimeo.com,vimeo.com,DELETE,/users/{user_id}/albums/{album_id}/logos/{logo_id},delete_album_logo
3615,vimeo.com,vimeo.com,DELETE,/users/{user_id}/following/{follow_user_id},unfollow_user
3616,vimeo.com,vimeo.com,DELETE,/users/{user_id}/watchlater/{video_id},delete_video_from_watch_later
3617,vimeo.com,vimeo.com,DELETE,/videos/{video_id}/comments/{comment_id},delete_comment
3618,vimeo.com,vimeo.com,DELETE,/videos/{video_id}/credits/{credit_id},delete_video_credit
3619,vimeo.com,vimeo.com,DELETE,/videos/{video_id}/privacy/domains/{domain},delete_video_privacy_domain
3620,vimeo.com,vimeo.com,PATCH,/me/presets/{preset_id},edit_embed_preset_alt1
3621,vimeo.com,vimeo.com,PATCH,/videos/{video_id}/credits/{credit_id},edit_video_credit
3622,vimeo.com,vimeo.com,PUT,/channels/{channel_id}/privacy/users/{user_id},set_channel_privacy_user
3623,vimeo.com,vimeo.com,PUT,/channels/{channel_id}/tags,add_tags_to_channel
3624,vimeo.com,vimeo.com,PUT,/channels/{channel_id}/videos/{video_id},add_video_to_channel
3625,vimeo.com,vimeo.com,PUT,/me/albums/{album_id}/videos/{video_id},add_video_to_album_alt1
3626,vimeo.com,vimeo.com,PUT,/me/likes/{video_id},like_video_alt1
3627,vimeo.com,vimeo.com,PUT,/me/projects/{project_id}/videos/{video_id},add_video_to_project_alt1
3628,vimeo.com,vimeo.com,PUT,/ondemand/pages/{ondemand_id}/videos/{video_id},add_video_to_vod
3629,vimeo.com,vimeo.com,PUT,/users/{user_id}/channels/{channel_id},subscribe_to_channel
3630,vimeo.com,vimeo.com,PUT,/videos/{video_id}/tags/{word},add_video_tag
3631,visagecloud.com,visagecloud.com,DELETE,/rest/v1.1/classifier/svm,removeClassiferUsingDELETE
3632,visagecloud.com,visagecloud.com,DELETE,/rest/v1.1/collection/{id},deleteCollectionUsingDELETE
3633,visagecloud.com,visagecloud.com,DELETE,/rest/v1.1/collection/collection,deleteCollection2UsingDELETE
3634,visagecloud.com,visagecloud.com,DELETE,/rest/v1.1/profile/{id},deleteProfileUsingDELETE
3635,visagecloud.com,visagecloud.com,DELETE,/rest/v1.1/profile/classificationAttributes,removeClassificationAttributesFromProfileUsingDELETE
3636,visagecloud.com,visagecloud.com,DELETE,/rest/v1.1/profile/map,removeFacesFromProfileUsingDELETE
3637,visagecloud.com,visagecloud.com,DELETE,/rest/v1.1/profile/profile,deleteProfile2UsingDELETE
3638,visagecloud.com,visagecloud.com,DELETE,/rest/v1.1/stream/{id},removeStreamUsingDELETE
3639,visagecloud.com,visagecloud.com,PATCH,/rest/v1.1/collection/{id},updateCollectionUsingPATCH
3640,visagecloud.com,visagecloud.com,PATCH,/rest/v1.1/profile/{id},updateProfileUsingPATCH
3641,visagecloud.com,visagecloud.com,PATCH,/rest/v1.1/stream/{streamId},updateStreamUsingPATCH
3642,visagecloud.com,visagecloud.com,PATCH,/rest/v1.1/stream/cleanup,cleanupStreamUsingPATCH
3643,visagecloud.com,visagecloud.com,PATCH,/rest/v1.1/stream/start,startStreamUsingPATCH
3644,visagecloud.com,visagecloud.com,PATCH,/rest/v1.1/stream/stop,stopStreamUsingPATCH
3645,visagecloud.com,visagecloud.com,PUT,/rest/v1.1/collection/purpose,repurposeCollectionUsingPUT
3646,visagecloud.com,visagecloud.com,PUT,/rest/v1.1/profile/classificationAttributes,mapClassificationAttributesToProfileUsingPUT
3647,visualstudio.com,visualstudio.com,DELETE,/api/v1/Environments/{environmentId}/ports/{port},
3648,visualstudio.com,visualstudio.com,DELETE,/api/v1/GenevaActions/Environments/{environmentId},
3649,visualstudio.com,visualstudio.com,DELETE,/api/v1/GenevaActions/VnetPoolDefinitions,
3650,visualstudio.com,visualstudio.com,DELETE,/api/v1/tenant/{tenantId}/Pool/{poolName},
3651,visualstudio.com,visualstudio.com,DELETE,/api/v1/tenant/{tenantId}/pool/{poolName}/Vm/{vmName},
3652,visualstudio.com,visualstudio.com,DELETE,/api/v1/UserSubscriptions,
3653,visualstudio.com,visualstudio.com,DELETE,/api/v2/prebuilds/repository/{repoId}/branch/{branchName},
3654,visualstudio.com,visualstudio.com,PATCH,/api/v1/Environments/{environmentId},
3655,visualstudio.com,visualstudio.com,PATCH,/api/v1/Environments/{environmentId}/restore,
3656,visualstudio.com,visualstudio.com,PATCH,/api/v1/subscriptions/{subscriptionId}/resourceGroups/{resourceGroup}/providers/GitHub.Network/{resourceType}/{resourceName},
3657,visualstudio.com,visualstudio.com,PATCH,/api/v1/tenant/{tenantId}/Pool/{poolName},
3658,visualstudio.com,visualstudio.com,PATCH,/api/v1/tenant/{tenantId}/PoolGroup/{poolGroupName},
3659,visualstudio.com,visualstudio.com,PUT,/api/v1/Environments/{environmentId}/ports/{port},
3660,visualstudio.com,visualstudio.com,PUT,/api/v1/Environments/{environmentId}/secrets,
3661,visualstudio.com,visualstudio.com,PUT,/api/v1/GenevaActions/Environments/{environmentId}/archive,
3662,visualstudio.com,visualstudio.com,PUT,/api/v1/Prebuilds/pools/{poolId}/instances,
3663,visualstudio.com,visualstudio.com,PUT,/api/v1/Secrets/{secretId},
3664,visualstudio.com,visualstudio.com,PUT,/api/v1/subscriptions/{subscriptionId}/providers/Microsoft.VSOnline/plans/SubscriptionLifeCycleNotification,
3665,visualstudio.com,visualstudio.com,PUT,/api/v1/subscriptions/{subscriptionId}/resourceGroups/{resourceGroup}/providers/GitHub.Network/{resourceType}/{resourceName},
3666,visualstudio.com,visualstudio.com,PUT,/api/v1/subscriptions/{subscriptionId}/resourceGroups/{resourceGroup}/providers/Microsoft.Codespaces/plans/{resourceName},
3667,visualstudio.com,visualstudio.com,PUT,/api/v1/tenant/{tenantId}/PoolGroup/{poolGroupName},
3668,visualstudio.com,visualstudio.com,PUT,/api/v1/Tokens/subscriptions/{subscriptionId}/resourceGroups/{resourceGroup}/providers/{providerNamespace}/plans/{resourceName},
3669,vmware.local,vmware.local:vrni,DELETE,/auth/token,delete
3670,vmware.local,vmware.local:vrni,DELETE,/data-sources/brocade-switches/{id},deleteBrocadeSwitch
3671,vmware.local,vmware.local:vrni,DELETE,/data-sources/checkpoint-firewalls/{id},deleteCheckpointFirewall
3672,vmware.local,vmware.local:vrni,DELETE,/data-sources/cisco-switches/{id},deleteCiscoSwitch
3673,vmware.local,vmware.local:vrni,DELETE,/data-sources/dell-switches/{id},deleteDellSwitch
3674,vmware.local,vmware.local:vrni,DELETE,/data-sources/hpov-managers/{id},deleteHpovManager
3675,vmware.local,vmware.local:vrni,DELETE,/data-sources/hpvc-managers/{id},deleteHpvcManager
3676,vmware.local,vmware.local:vrni,DELETE,/data-sources/juniper-switches/{id},deleteJuniperSwitch
3677,vmware.local,vmware.local:vrni,DELETE,/data-sources/panorama-firewalls/{id},deletePanoramaFirewall
3678,vmware.local,vmware.local:vrni,DELETE,/data-sources/vcenters/{id},deleteVcenter
3679,vmware.local,vmware.local:vrni,PUT,/data-sources/arista-switches/{id}/snmp-config,updateAristaSwitchSnmpConfig
3680,vmware.local,vmware.local:vrni,PUT,/data-sources/brocade-switches/{id},updateBrocadeSwitch
3681,vmware.local,vmware.local:vrni,PUT,/data-sources/checkpoint-firewalls/{id},updateCheckpointFirewall
3682,vmware.local,vmware.local:vrni,PUT,/data-sources/cisco-switches/{id},updateCiscoSwitch
3683,vmware.local,vmware.local:vrni,PUT,/data-sources/cisco-switches/{id}/snmp-config,updateCiscoSwitchSnmpConfig
3684,vmware.local,vmware.local:vrni,PUT,/data-sources/dell-switches/{id}/snmp-config,updateDellSwitchSnmpConfig
3685,vmware.local,vmware.local:vrni,PUT,/data-sources/hpvc-managers/{id},updateHpvcManager
3686,vmware.local,vmware.local:vrni,PUT,/data-sources/juniper-switches/{id},updateJuniperSwitch
3687,vmware.local,vmware.local:vrni,PUT,/data-sources/juniper-switches/{id}/snmp-config,updateJuniperSwitchSnmpConfig
3688,vmware.local,vmware.local:vrni,PUT,/data-sources/nsxv-managers/{id},updateNsxvManager
3689,vmware.local,vmware.local:vrni,PUT,/data-sources/panorama-firewalls/{id},updatePanoramaFirewall
3690,vmware.local,vmware.local:vrni,PUT,/data-sources/ucs-managers/{id},updateUcsManager
3691,vocadb.net,vocadb.net,DELETE,/api/albums/{id},
3692,vocadb.net,vocadb.net,DELETE,/api/albums/{id}/reviews/{reviewId},
3693,vocadb.net,vocadb.net,DELETE,/api/albums/comments/{commentId},
3694,vocadb.net,vocadb.net,DELETE,/api/artists/{id},
3695,vocadb.net,vocadb.net,DELETE,/api/artists/comments/{commentId},
3696,vocadb.net,vocadb.net,DELETE,/api/comments/{entryType}-comments/{commentId},
3697,vocadb.net,vocadb.net,DELETE,/api/discussions/comments/{commentId},
3698,vocadb.net,vocadb.net,DELETE,/api/releaseEvents/{id},
3699,vocadb.net,vocadb.net,DELETE,/api/releaseEventSeries/{id},
3700,vocadb.net,vocadb.net,DELETE,/api/songLists/{id},
3701,vocadb.net,vocadb.net,DELETE,/api/songLists/comments/{commentId},
3702,vocadb.net,vocadb.net,DELETE,/api/songs/{id},
3703,vocadb.net,vocadb.net,DELETE,/api/songs/comments/{commentId},
3704,vocadb.net,vocadb.net,DELETE,/api/tags/{id},
3705,vocadb.net,vocadb.net,DELETE,/api/tags/comments/{commentId},
3706,vocadb.net,vocadb.net,DELETE,/api/users/{id}/messages,
3707,vocadb.net,vocadb.net,DELETE,/api/users/current/followedTags/{tagId},
3708,vocadb.net,vocadb.net,DELETE,/api/users/profileComments/{commentId},
3709,vocadb.net,vocadb.net,DELETE,/api/venues/{id},
3710,vonage.com,vonage.com:vgis,DELETE,/self/calls/{id},destroyCall
3711,vonage.com,vonage.com:vgis,DELETE,/self/calls/{id}/hold,callUnold
3712,vonage.com,vonage.com:vgis,DELETE,/self/webhooks/{id},destroyWebhook
3713,vonage.com,vonage.com:vgis,PUT,/self/calls/{id}/answer,callAnswer
3714,vonage.com,vonage.com:vgis,PUT,/self/calls/{id}/hold,callHold
3715,vonage.com,vonage.com:vgis,PUT,/self/calls/{id}/vmtransfer,callVMTransfer
3716,vonage.com,vonage.com:vgis,PUT,/self/webhooks/{id}/renew,renewWebhook
3717,vtex.local,vtex.local:Catalog-API,DELETE,/api/catalog/pvt/attachment/{attachmentid},
3718,vtex.local,vtex.local:Catalog-API,DELETE,/api/catalog/pvt/brand/{brandId},
3719,vtex.local,vtex.local:Catalog-API,DELETE,/api/catalog/pvt/specification/nonstructured,
3720,vtex.local,vtex.local:Master-Data-API-,DELETE,/api/dataentities/Address/documents/{id},DeleteCustomerAddress
3721,vtex.local,vtex.local:License-Manager-API,DELETE,/api/license-manager/users/{userId}/roles/{roleId},RemoveRolefromUser
3722,vtex.local,vtex.local:Reviews-and-Ratings-API,DELETE,/review/{reviewId},DeleteReview
3723,vtex.local,vtex.local:MasterData-API-,PATCH,/api/dataentities/{acronym}/documents,Createorupdatepartialdocument
3724,vtex.local,vtex.local:Profile-System,PATCH,/api/storage/profile-system/profiles/{profileId}/addresses/{addressId},UpdateClientAddress
3725,vtex.local,vtex.local:Subscriptions-API-(v2),PATCH,/subscriptions/{subscriptionId}/cancel,CancelSubscriptionsbySubscriptionId
3726,vtex.local,vtex.local:Price-Simulations,PUT,/_v/custom-prices/rules/{priceAssociationId},
3727,vtex.local,vtex.local:Catalog-API,PUT,/api/catalog/pvt/product/{productId},
3728,vtex.local,vtex.local:Catalog-API,PUT,/api/catalog/pvt/specification/{specificationId},
3729,vtex.local,vtex.local:Catalog-API,PUT,/api/catalog/pvt/supplier/{supplierId},
3730,vtex.local,vtex.local:Checkout-API,PUT,/api/checkout/pub/orders,PlaceOrder
3731,vtex.local,vtex.local:Customer-Credit-API,PUT,/api/creditcontrol/accounts/{creditAccountId}/tolerance,Changetoleranceofanaccount
3732,vtex.local,vtex.local:Logistics-API,PUT,/api/logistics/pvt/shipping-policies/{id},
3733,vtex.local,vtex.local:Promotions-,PUT,/api/rnb/pvt/import/calculatorConfiguration/{promotionId},
3734,vtex.local,vtex.local:Pricing-API,PUT,/pricing/pipeline/catalog/{priceTableId},
3735,vtex.local,vtex.local:Marketplace-APIs,PUT,/seller-register/pvt/seller-leads/{sellerLeadId},AcceptSellerLead
3736,vtex.local,vtex.local:Recurrence-(v1-,PUT,/subscriptions,Updaterecurrence
3737,vtex.local,vtex.local:Marketplace-APIs-,PUT,/suggestions/configuration,Saveaccountconfig
3738,vtex.local,vtex.local:VTEX-Do-API,PUT,/tasks/{taskId},EditTask
3739,walletobjects.googleapis.com,walletobjects.googleapis.com:pay-passes,PATCH,/walletobjects/v1/eventTicketObject/{resourceId},walletobjects.eventticketobject.patch
3740,walletobjects.googleapis.com,walletobjects.googleapis.com:pay-passes,PATCH,/walletobjects/v1/flightObject/{resourceId},walletobjects.flightobject.patch
3741,walletobjects.googleapis.com,walletobjects.googleapis.com:pay-passes,PATCH,/walletobjects/v1/genericClass/{resourceId},walletobjects.genericclass.patch
3742,walletobjects.googleapis.com,walletobjects.googleapis.com:pay-passes,PATCH,/walletobjects/v1/giftCardClass/{resourceId},walletobjects.giftcardclass.patch
3743,walletobjects.googleapis.com,walletobjects.googleapis.com:pay-passes,PATCH,/walletobjects/v1/issuer/{resourceId},walletobjects.issuer.patch
3744,walletobjects.googleapis.com,walletobjects.googleapis.com:pay-passes,PATCH,/walletobjects/v1/loyaltyObject/{resourceId},walletobjects.loyaltyobject.patch
3745,walletobjects.googleapis.com,walletobjects.googleapis.com:pay-passes,PATCH,/walletobjects/v1/offerClass/{resourceId},walletobjects.offerclass.patch
3746,walletobjects.googleapis.com,walletobjects.googleapis.com:pay-passes,PATCH,/walletobjects/v1/offerObject/{resourceId},walletobjects.offerobject.patch
3747,walletobjects.googleapis.com,walletobjects.googleapis.com:pay-passes,PATCH,/walletobjects/v1/transitClass/{resourceId},walletobjects.transitclass.patch
3748,walletobjects.googleapis.com,walletobjects.googleapis.com:pay-passes,PATCH,/walletobjects/v1/transitObject/{resourceId},walletobjects.transitobject.patch
3749,walletobjects.googleapis.com,walletobjects.googleapis.com:pay-passes,PUT,/walletobjects/v1/eventTicketClass/{resourceId},walletobjects.eventticketclass.update
3750,walletobjects.googleapis.com,walletobjects.googleapis.com:pay-passes,PUT,/walletobjects/v1/flightClass/{resourceId},walletobjects.flightclass.update
3751,walletobjects.googleapis.com,walletobjects.googleapis.com:pay-passes,PUT,/walletobjects/v1/flightObject/{resourceId},walletobjects.flightobject.update
3752,walletobjects.googleapis.com,walletobjects.googleapis.com:pay-passes,PUT,/walletobjects/v1/genericObject/{resourceId},walletobjects.genericobject.update
3753,walletobjects.googleapis.com,walletobjects.googleapis.com:pay-passes,PUT,/walletobjects/v1/giftCardObject/{resourceId},walletobjects.giftcardobject.update
3754,walletobjects.googleapis.com,walletobjects.googleapis.com:pay-passes,PUT,/walletobjects/v1/issuer/{resourceId},walletobjects.issuer.update
3755,walletobjects.googleapis.com,walletobjects.googleapis.com:pay-passes,PUT,/walletobjects/v1/loyaltyClass/{resourceId},walletobjects.loyaltyclass.update
3756,walletobjects.googleapis.com,walletobjects.googleapis.com:pay-passes,PUT,/walletobjects/v1/loyaltyObject/{resourceId},walletobjects.loyaltyobject.update
3757,walletobjects.googleapis.com,walletobjects.googleapis.com:pay-passes,PUT,/walletobjects/v1/offerClass/{resourceId},walletobjects.offerclass.update
3758,walletobjects.googleapis.com,walletobjects.googleapis.com:pay-passes,PUT,/walletobjects/v1/offerObject/{resourceId},walletobjects.offerobject.update
3759,walletobjects.googleapis.com,walletobjects.googleapis.com:pay-passes,PUT,/walletobjects/v1/transitClass/{resourceId},walletobjects.transitclass.update
3760,walletobjects.googleapis.com,walletobjects.googleapis.com:pay-passes,PUT,/walletobjects/v1/transitObject/{resourceId},walletobjects.transitobject.update
3761,walmart.com,walmart.com:inventory,PUT,/v3/inventories/{sku},updateMultiNodeInventory
3762,walmart.com,walmart.com:inventory,PUT,/v3/inventory,updateInventoryForAnItem
3763,walmart.com,walmart.com:price,PUT,/v3/price,updatePrice
3764,warwick.ac.uk,warwick.ac.uk:enterobase,PUT,/api/v2.0/{database}/assemblies/{barcode},
3765,warwick.ac.uk,warwick.ac.uk:enterobase,PUT,/api/v2.0/{database}/strains/{barcode},
3766,warwick.ac.uk,warwick.ac.uk:enterobase,PUT,/api/v2.0/{database}/traces/{barcode},
3767,watchful.li,watchful.li,DELETE,/audits/{id},deleteAuditById
3768,watchful.li,watchful.li,DELETE,/logs/{id},deleteLogById
3769,watchful.li,watchful.li,DELETE,/sites/{id},
3770,watchful.li,watchful.li,DELETE,/sites/{id}/monitor,deleteMonitor
3771,watchful.li,watchful.li,DELETE,/ssousers/{id},deleteSsoUserById
3772,watchful.li,watchful.li,DELETE,/tags/{id},
3773,watchful.li,watchful.li,PUT,/sites/{id},
3774,watchful.li,watchful.li,PUT,/ssousers/{id},UpdateSsoUsers
3775,watchful.li,watchful.li,PUT,/tags/{id},UpdateTag
3776,waterlinked.com,waterlinked.com,DELETE,/api/v1/poi/{ID},poi#Delete
3777,waterlinked.com,waterlinked.com,PATCH,/api/v1/poi/{ID},poi#Update
3778,waterlinked.com,waterlinked.com,PUT,/api/v1/config/antenna,config#ModifyAntennaConfig
3779,waterlinked.com,waterlinked.com,PUT,/api/v1/config/generic,config#Modify
3780,waterlinked.com,waterlinked.com,PUT,/api/v1/config/ip,config#ModifyIP
3781,waterlinked.com,waterlinked.com,PUT,/api/v1/config/receivers/{ID},config#ModifyReceiver
3782,waterlinked.com,waterlinked.com,PUT,/api/v1/config/wifi,config#ModifyWIFI
3783,waterlinked.com,waterlinked.com,PUT,/api/v1/external/depth,external#SetDepth
3784,waterlinked.com,waterlinked.com,PUT,/api/v1/external/imu,external#SetVehicleIMU
3785,waterlinked.com,waterlinked.com,PUT,/api/v1/external/master,external#SetMaster
3786,waterlinked.com,waterlinked.com,PUT,/api/v1/external/orientation,external#SetOrientation
3787,webflow.com,webflow.com,DELETE,/assets/{assetId},
3788,webflow.com,webflow.com,DELETE,/datasets/{datasetId},
3789,webflow.com,webflow.com,DELETE,/documents,
3790,webflow.com,webflow.com,DELETE,/models/{modelId},
3791,webflow.com,webflow.com,DELETE,/paymentMethods/{paymentMethodId},
3792,webflow.com,webflow.com,DELETE,/transitions/{transitionId},
3793,webflow.com,webflow.com,DELETE,/users/{userId},
3794,webflow.com,webflow.com,DELETE,/workflows/{workflowId},
3795,webflow.com,webflow.com,DELETE,/workflows/{workflowId}/executions/{executionId},
3796,webflow.com,webflow.com,PATCH,/assets/{assetId},
3797,webflow.com,webflow.com,PATCH,/documents/{documentId},
3798,webflow.com,webflow.com,PATCH,/models/{modelId},
3799,webflow.com,webflow.com,PATCH,/models/{modelId}/dataBundles/{dataBundleId},
3800,webflow.com,webflow.com,PATCH,/models/{modelId}/trainings/{trainingId},
3801,webflow.com,webflow.com,PATCH,/organizations/{organizationId},
3802,webflow.com,webflow.com,PATCH,/profiles/{profileId},
3803,webflow.com,webflow.com,PATCH,/secrets/{secretId},
3804,webflow.com,webflow.com,PATCH,/transitions/{transitionId},
3805,webflow.com,webflow.com,PATCH,/transitions/{transitionId}/executions/{executionId},
3806,webflow.com,webflow.com,PATCH,/users/{userId},
3807,webflow.com,webflow.com,PATCH,/workflows/{workflowId},
3808,webflow.com,webflow.com,PATCH,/workflows/{workflowId}/executions/{executionId},
3809,whapi.com,whapi.com:sessions,DELETE,/tickets/{tgt},logOut
3810,whapi.com,whapi.com:bets,PUT,/{betId}/cashin,cashin
3811,whapi.com,whapi.com:accounts,PUT,/account/plusCard/pin,updatePin
3812,whatsapp.local,whatsapp.local,DELETE,/certificates/webhooks/ca,DeleteWebhookCaCertificate
3813,whatsapp.local,whatsapp.local,DELETE,/groups/{GroupId}/admins,DemoteGroupAdmin
3814,whatsapp.local,whatsapp.local,DELETE,/groups/{GroupId}/icon,DeleteGroupIcon
3815,whatsapp.local,whatsapp.local,DELETE,/groups/{GroupId}/participants,RemoveGroupParticipant
3816,whatsapp.local,whatsapp.local,DELETE,/media/{MediaId},DeleteMedia
3817,whatsapp.local,whatsapp.local,DELETE,/settings/account/two-step,DisableTwoStep
3818,whatsapp.local,whatsapp.local,DELETE,/settings/application,ResetApplicationSettings
3819,whatsapp.local,whatsapp.local,DELETE,/settings/application/media/providers/{ProviderName},DeleteMediaProviders
3820,whatsapp.local,whatsapp.local,DELETE,/settings/profile/photo,DeleteProfilePhoto
3821,whatsapp.local,whatsapp.local,DELETE,/users/{UserUsername},DeleteUser
3822,whatsapp.local,whatsapp.local,PATCH,/groups/{GroupId}/admins,PromoteToGroupAdmin
3823,whatsapp.local,whatsapp.local,PATCH,/settings/application,UpdateApplicationSettings
3824,whatsapp.local,whatsapp.local,PATCH,/settings/profile/about,UpdateProfileAbout
3825,whatsapp.local,whatsapp.local,PUT,/groups/{GroupId},UpdateGroupInfo
3826,whatsapp.local,whatsapp.local,PUT,/messages/{MessageID},MarkMessageAsRead
3827,whatsapp.local,whatsapp.local,PUT,/users/{UserUsername},UpdateUser
3828,windows.net,windows.net:graphrbac,DELETE,/{tenantID}/applications/{applicationObjectId},Applications_Delete
3829,windows.net,windows.net:graphrbac,DELETE,/{tenantID}/applications/{applicationObjectId}/$links/owners/{ownerObjectId},Applications_RemoveOwner
3830,windows.net,windows.net:graphrbac,DELETE,/{tenantID}/groups/{groupObjectId}/$links/members/{memberObjectId},Groups_RemoveMember
3831,windows.net,windows.net:graphrbac,DELETE,/{tenantID}/groups/{objectId},Groups_Delete
3832,windows.net,windows.net:graphrbac,DELETE,/{tenantID}/servicePrincipals/{objectId},ServicePrincipals_Delete
3833,windows.net,windows.net:graphrbac,DELETE,/{tenantID}/servicePrincipals/{objectId}/$links/owners/{ownerObjectId},ServicePrincipals_RemoveOwner
3834,windows.net,windows.net:graphrbac,DELETE,/{tenantID}/users/{upnOrObjectId},Users_Delete
3835,windows.net,windows.net:batch-BatchService,DELETE,"/certificates(thumbprintAlgorithm={thumbprintAlgorithm},thumbprint={thumbprint})",Certificate_Delete
3836,windows.net,windows.net:batch-BatchService,DELETE,/jobs/{jobId},Job_Delete
3837,windows.net,windows.net:batch-BatchService,DELETE,/jobs/{jobId}/tasks/{taskId},Task_Delete
3838,windows.net,windows.net:batch-BatchService,DELETE,/pools/{poolId}/nodes/{nodeId}/files/{filePath},File_DeleteFromComputeNode
3839,windows.net,windows.net:batch-BatchService,DELETE,/pools/{poolId}/nodes/{nodeId}/users/{userName},ComputeNode_DeleteUser
3840,windows.net,windows.net:graphrbac,PATCH,/{tenantID}/applications/{applicationObjectId},Applications_Patch
3841,windows.net,windows.net:graphrbac,PATCH,/{tenantID}/applications/{applicationObjectId}/keyCredentials,Applications_UpdateKeyCredentials
3842,windows.net,windows.net:graphrbac,PATCH,/{tenantID}/applications/{applicationObjectId}/passwordCredentials,Applications_UpdatePasswordCredentials
3843,windows.net,windows.net:graphrbac,PATCH,/{tenantID}/servicePrincipals/{objectId}/keyCredentials,ServicePrincipals_UpdateKeyCredentials
3844,windows.net,windows.net:graphrbac,PATCH,/{tenantID}/servicePrincipals/{objectId}/passwordCredentials,ServicePrincipals_UpdatePasswordCredentials
3845,windows.net,windows.net:batch-BatchService,PATCH,/jobs/{jobId},Job_Patch
3846,windows.net,windows.net:batch-BatchService,PATCH,/jobschedules/{jobScheduleId},JobSchedule_Patch
3847,windows.net,windows.net:batch-BatchService,PATCH,/pools/{poolId},Pool_Patch
3848,windows.net,windows.net:batch-BatchService,PUT,/jobschedules/{jobScheduleId},JobSchedule_Update
3849,windows.net,windows.net:batch-BatchService,PUT,/pools/{poolId}/nodes/{nodeId}/users/{userName},ComputeNode_UpdateUser
3850,wiremock.org,wiremock.org:admin,DELETE,/__admin/mappings,
3851,wiremock.org,wiremock.org:admin,DELETE,/__admin/mappings/{stubMappingId},
3852,wiremock.org,wiremock.org:admin,DELETE,/__admin/requests,
3853,wiremock.org,wiremock.org:admin,DELETE,/__admin/requests/{requestId},
3854,wiremock.org,wiremock.org:admin,PUT,/__admin/mappings/{stubMappingId},
3855,wowza.com,wowza.com,DELETE,/live_streams/{id},deleteLiveStream
3856,wowza.com,wowza.com,DELETE,/schedules/{id},deleteSchedule
3857,wowza.com,wowza.com,DELETE,/stream_sources/{id},deleteStreamSource
3858,wowza.com,wowza.com,DELETE,/stream_targets/{id},deleteStreamTarget
3859,wowza.com,wowza.com,DELETE,/transcoders/{id},deleteTranscoder
3860,wowza.com,wowza.com,DELETE,/transcoders/{transcoder_id}/outputs/{id}/remove_stream_target,removeStreamTargetToTranscoderOutput
3861,wowza.com,wowza.com,DELETE,/transcoders/{transcoder_id}/outputs/{output_id}/output_stream_targets/{stream_target_id},deleteTranscoderOutputOutputStreamTarget
3862,wowza.com,wowza.com,DELETE,/transcoders/{transcoder_id}/properties/{id},deleteTranscoderProperty
3863,wowza.com,wowza.com,PATCH,/live_streams/{id},updateLiveStream
3864,wowza.com,wowza.com,PATCH,/players/{id},updatePlayer
3865,wowza.com,wowza.com,PATCH,/players/{player_id}/urls/{id},updatePlayerUrl
3866,wowza.com,wowza.com,PATCH,/stream_targets/{id},updateStreamTarget
3867,wowza.com,wowza.com,PATCH,/stream_targets/{stream_target_id}/geoblock,updateStreamTargetGeoblock
3868,wowza.com,wowza.com,PATCH,/transcoders/{transcoder_id}/outputs/{output_id}/output_stream_targets/{stream_target_id},updateTranscoderOutputOutputStreamTarget
3869,wowza.com,wowza.com,PUT,/live_streams/{id}/regenerate_connection_code,regenerateConnectionCodeLiveStream
3870,wowza.com,wowza.com,PUT,/live_streams/{id}/reset,resetLiveStream
3871,wowza.com,wowza.com,PUT,/live_streams/{id}/start,startLiveStream
3872,wowza.com,wowza.com,PUT,/live_streams/{id}/stop,stopLiveStream
3873,wowza.com,wowza.com,PUT,/schedules/{id}/disable,disableSchedule
3874,wowza.com,wowza.com,PUT,/transcoders/{id}/enable_all_stream_targets,enableAllStreamTargetsTranscoder
3875,wowza.com,wowza.com,PUT,/transcoders/{id}/start,startTranscoder
3876,wowza.com,wowza.com,PUT,/transcoders/{id}/stop,stopTranscoder
3877,xero.com,xero.com:xero_accounting,DELETE,/Accounts/{AccountID},deleteAccount
3878,xero.com,xero.com:xero-identity,DELETE,/Connections/{id},deleteConnection
3879,xero.com,xero.com:xero_accounting,DELETE,/ContactGroups/{ContactGroupID}/Contacts,deleteContactGroupContacts
3880,xero.com,xero.com:xero_files,DELETE,/Files/{FileId}/Associations/{ObjectId},deleteFileAssociation
3881,xero.com,xero.com:xero_files,DELETE,/Folders/{FolderId},deleteFolder
3882,xero.com,xero.com:xero_accounting,DELETE,/LinkedTransactions/{LinkedTransactionID},deleteLinkedTransaction
3883,xero.com,xero.com:xero_accounting,DELETE,/TrackingCategories/{TrackingCategoryID},deleteTrackingCategory
3884,xero.com,xero.com:xero_accounting,PUT,/Accounts,createAccount
3885,xero.com,xero.com:xero_accounting,PUT,/BankTransactions,createBankTransactions
3886,xero.com,xero.com:xero_accounting,PUT,/BankTransactions/{BankTransactionID}/Attachments/{FileName},createBankTransactionAttachmentByFileName
3887,xero.com,xero.com:xero_accounting,PUT,/Contacts,createContacts
3888,xero.com,xero.com:xero_accounting,PUT,/CreditNotes/{CreditNoteID}/Allocations,createCreditNoteAllocation
3889,xero.com,xero.com:xero_accounting,PUT,/CreditNotes/{CreditNoteID}/Attachments/{FileName},createCreditNoteAttachmentByFileName
3890,xero.com,xero.com:xero_accounting,PUT,/CreditNotes/{CreditNoteID}/History,createCreditNoteHistory
3891,xero.com,xero.com:xero_accounting,PUT,/ExpenseClaims,createExpenseClaims
3892,xero.com,xero.com:xero_accounting,PUT,/ExpenseClaims/{ExpenseClaimID}/History,createExpenseClaimHistory
3893,xero.com,xero.com:xero_files,PUT,/Folders/{FolderId},updateFolder
3894,xero.com,xero.com:xero_accounting,PUT,/Invoices,createInvoices
3895,xero.com,xero.com:xero_accounting,PUT,/Items/{ItemID}/History,createItemHistory
3896,xero.com,xero.com:xero_accounting,PUT,/Overpayments/{OverpaymentID}/History,createOverpaymentHistory
3897,xero.com,xero.com:xero_accounting,PUT,/Payments/{PaymentID}/History,createPaymentHistory
3898,xero.com,xero.com:xero_accounting,PUT,/PaymentServices,createPaymentService
3899,xtrf.eu,xtrf.eu,DELETE,/accounting/customers/invoices/{invoiceId},delete_1
3900,xtrf.eu,xtrf.eu,DELETE,/accounting/providers/invoices/{invoiceId},delete_6
3901,xtrf.eu,xtrf.eu,DELETE,/accounting/providers/payments/{paymentId},delete_7
3902,xtrf.eu,xtrf.eu,DELETE,/projects/{projectId},delete_12
3903,xtrf.eu,xtrf.eu,DELETE,/quotes/{quoteId},delete_13
3904,xtrf.eu,xtrf.eu,PUT,/browser/views/{viewId},update
3905,xtrf.eu,xtrf.eu,PUT,/customers/{customerId}/categories,updateCategories
3906,xtrf.eu,xtrf.eu,PUT,/jobs/{jobId}/dates,updateDates
3907,xtrf.eu,xtrf.eu,PUT,/projects/{projectId}/contacts,updateContacts
3908,xtrf.eu,xtrf.eu,PUT,/projects/{projectId}/customFields,updateCustomFields_3
3909,xtrf.eu,xtrf.eu,PUT,/projects/{projectId}/finance/payables/{payableId},updatePayable
3910,xtrf.eu,xtrf.eu,PUT,/quotes/{quoteId}/customFields,updateCustomFields_4
3911,xtrf.eu,xtrf.eu,PUT,/reports/{reportId}/preferred,setPreferred
3912,xtrf.eu,xtrf.eu,PUT,/users/{userId}/customFields,updateCustomFields_2
3913,xtrf.eu,xtrf.eu,PUT,/users/{userId}/customFields/{customFieldKey},updateCustomField_1
3914,xtrf.eu,xtrf.eu,PUT,/v2/jobs/{jobId}/files/sharedReferenceFiles/share,shareAsReferenceFiles
3915,xtrf.eu,xtrf.eu,PUT,/v2/jobs/{jobId}/files/sharedWorkFiles/share,shareAsWorkFiles
3916,xtrf.eu,xtrf.eu,PUT,/v2/jobs/{jobId}/vendor,assignVendor_1
3917,xtrf.eu,xtrf.eu,PUT,/v2/projects/{projectId}/clientDeadline,updateClientDeadline
3918,xtrf.eu,xtrf.eu,PUT,/v2/projects/{projectId}/customFields/{key},updateCustomField_2
3919,xtrf.eu,xtrf.eu,PUT,/v2/projects/{projectId}/files/add,addFiles_1
3920,xtrf.eu,xtrf.eu,PUT,/v2/quotes/{quoteId}/expectedDeliveryDate,updateExpectedDeliveryDate
3921,yodlee.com,yodlee.com,DELETE,/accounts/{accountId},deleteAccount
3922,yodlee.com,yodlee.com,DELETE,/auth/apiKey/{key},deleteApiKey
3923,yodlee.com,yodlee.com,DELETE,/auth/token,deleteToken
3924,yodlee.com,yodlee.com,DELETE,/cobrand/config/notifications/events/{eventName},deleteSubscribedEvent
3925,yodlee.com,yodlee.com,DELETE,/configs/notifications/events/{eventName},deleteSubscribedNotificationEvent
3926,yodlee.com,yodlee.com,DELETE,/documents/{documentId},deleteDocument
3927,yodlee.com,yodlee.com,DELETE,/providerAccounts/{providerAccountId},deleteProviderAccount
3928,yodlee.com,yodlee.com,DELETE,/transactions/categories/{categoryId},deleteTransactionCategory
3929,yodlee.com,yodlee.com,DELETE,/transactions/categories/rules/{ruleId},deleteTransactionCategorizationRule
3930,yodlee.com,yodlee.com,DELETE,/user/unregister,unregister
3931,yodlee.com,yodlee.com,PUT,/accounts/{accountId},updateAccount
3932,yodlee.com,yodlee.com,PUT,/cobrand/config/notifications/events/{eventName},updateSubscribedEvent
3933,yodlee.com,yodlee.com,PUT,/configs/notifications/events/{eventName},updateSubscribedNotificationEvent
3934,yodlee.com,yodlee.com,PUT,/providerAccounts,editCredentialsOrRefreshProviderAccount
3935,yodlee.com,yodlee.com,PUT,/providerAccounts/{providerAccountId}/preferences,updatePreferences
3936,yodlee.com,yodlee.com,PUT,/transactions/{transactionId},updateTransaction
3937,yodlee.com,yodlee.com,PUT,/transactions/categories,updateTransactionCategory
3938,yodlee.com,yodlee.com,PUT,/transactions/categories/rules/{ruleId},updateTransactionCategorizationRule
3939,yodlee.com,yodlee.com,PUT,/user,updateUser
3940,yodlee.com,yodlee.com,PUT,/verification,verifyChallengeDeposit
3941,youneedabudget.com,youneedabudget.com,DELETE,/budgets/{budget_id}/transactions/{transaction_id},deleteTransaction
3942,youneedabudget.com,youneedabudget.com,PATCH,/budgets/{budget_id}/months/{month}/categories/{category_id},updateMonthCategory
3943,youneedabudget.com,youneedabudget.com,PATCH,/budgets/{budget_id}/transactions,updateTransactions
3944,youneedabudget.com,youneedabudget.com,PUT,/budgets/{budget_id}/transactions/{transaction_id},updateTransaction
3945,zeit.co,zeit.co,DELETE,/v1/integrations/webhooks/:id,deleteWebhooks
3946,zeno.fm,zeno.fm,DELETE,/api/v2/podcasts/{podcastKey},deletePodcast
3947,zeno.fm,zeno.fm,DELETE,/api/v2/podcasts/{podcastKey}/episodes/{episodeKey},deletePodcast_1
3948,zeno.fm,zeno.fm,PUT,/api/v2/podcasts/{podcastKey},updatePodcast
3949,zeno.fm,zeno.fm,PUT,/api/v2/podcasts/{podcastKey}/episodes/{episodeKey},updatePodcastEpisode
3950,zoom.us,zoom.us,DELETE,/accounts/{accountId}/sip_trunk/internal_numbers/{numberId},deleteInternalNumber
3951,zoom.us,zoom.us,DELETE,/chat/channels/{channelId}/members/me,leaveChannel
3952,zoom.us,zoom.us,DELETE,/im/groups/{groupId}/members/{memberId},imGroupMembersDelete
3953,zoom.us,zoom.us,DELETE,/phone/call_queues/{callQueueId}/members,unassignAllMembers
3954,zoom.us,zoom.us,DELETE,/phone/shared_line_groups/{sharedLineGroupId}/members/{memberId},deleteAMemberSLG
3955,zoom.us,zoom.us,DELETE,/phone/sites/{siteId},deletePhoneSite
3956,zoom.us,zoom.us,DELETE,/users/{userId},userDelete
3957,zoom.us,zoom.us,DELETE,/users/{userId}/schedulers,userSchedulersDelete
3958,zoom.us,zoom.us,DELETE,/webinars/{webinarId}/panelists,webinarPanelistsDelete
3959,zoom.us,zoom.us,DELETE,/webinars/{webinarId}/panelists/{panelistId},webinarPanelistDelete
3960,zoom.us,zoom.us,DELETE,/webinars/{webinarId}/polls/{pollId},webinarPollDelete
3961,zoom.us,zoom.us,PATCH,/accounts/{accountId}/options,accountOptionsUpdate
3962,zoom.us,zoom.us,PATCH,/accounts/{accountId}/settings,accountSettingsUpdate
3963,zoom.us,zoom.us,PATCH,/chat/users/{userId}/channels/{channelId},updateChannel
3964,zoom.us,zoom.us,PATCH,/groups/{groupId}/lock_settings,groupLockedSettings
3965,zoom.us,zoom.us,PATCH,/h323/devices/{deviceId},deviceUpdate
3966,zoom.us,zoom.us,PATCH,/phone/common_area_phones/{commonAreaPhoneId},updateCommonAreaPhone
3967,zoom.us,zoom.us,PATCH,/rooms/account_settings,updateZoomRoomAccSettings
3968,zoom.us,zoom.us,PUT,/accounts/{accountId}/plans/base,accountPlanBaseUpdate
3969,zoom.us,zoom.us,PUT,/accounts/{accountId}/users/{userId}/account,switchUserAccount
3970,zoom.us,zoom.us,PUT,/meetings/{meetingId}/recordings/registrants/status,meetingRecordingRegistrantStatus
3971,zoom.us,zoom.us,PUT,/webinars/{webinarId}/polls/{pollId},webinarPollUpdate
3972,zoomconnect.com,zoomconnect.com,DELETE,/api/rest/v1/contacts/{contactId},
3973,zoomconnect.com,zoomconnect.com,DELETE,/api/rest/v1/messages/{messageId},
3974,zoomconnect.com,zoomconnect.com,DELETE,/api/rest/v1/templates/{templateId},
3975,zoomconnect.com,zoomconnect.com,DELETE,/api/rest/v1/voice/{messageId},
3976,zoomconnect.com,zoomconnect.com,PUT,/api/rest/v1/account/user,
3977,zoomconnect.com,zoomconnect.com,PUT,/api/rest/v1/messages/{messageId}/markRead,
3978,zoomconnect.com,zoomconnect.com,PUT,/api/rest/v1/messages/{messageId}/markUnread,
3979,zuora.com,zuora.com,DELETE,/notifications/email-templates/{id},DELETE_Delete_Email_Template
3980,zuora.com,zuora.com,DELETE,/v1/accounting-codes/{ac-id},DELETE_AccountingCode
3981,zuora.com,zuora.com,DELETE,/v1/object/bill-run/{id},Object_DELETEBillRun
3982,zuora.com,zuora.com,DELETE,/v1/object/payment-method/{id},Object_DELETEPaymentMethod
3983,zuora.com,zuora.com,DELETE,/v1/object/taxation-item/{id},Object_DELETETaxationItem
3984,zuora.com,zuora.com,DELETE,/v1/object/unit-of-measure/{id},Object_DELETEUnitOfMeasure
3985,zuora.com,zuora.com,DELETE,/workflows/{workflow_id},DELETE_Workflow
3986,zuora.com,zuora.com,PATCH,/objects/records/default/{object}/{id},Patch_PartialUpdateCustomObjectRecord
3987,zuora.com,zuora.com,PUT,/v1/accounting-codes/{ac-id}/activate,PUT_ActivateAccountingCode
3988,zuora.com,zuora.com,PUT,/v1/accounting-periods/{ap-id},PUT_UpdateAccountingPeriod
3989,zuora.com,zuora.com,PUT,/v1/creditmemos/{creditMemoId}/cancel,PUT_CancelCreditMemo
3990,zuora.com,zuora.com,PUT,/v1/entities/{id},PUT_Entities
3991,zuora.com,zuora.com,PUT,/v1/invoices/{invoiceId},PUT_UpdateInvoice
3992,zuora.com,zuora.com,PUT,/v1/object/feature/{id},Object_PUTFeature
3993,zuora.com,zuora.com,PUT,/v1/object/product-rate-plan/{id},Object_PUTProductRatePlan
3994,zuora.com,zuora.com,PUT,/v1/object/refund/{id},Object_PUTRefund
3995,zuora.com,zuora.com,PUT,/v1/payment-methods/{payment-method-id}/scrub,PUT_ScrubPaymentMethods
3996,zuora.com,zuora.com,PUT,/v1/payment-runs/{paymentRunId},PUT_PaymentRun
3997,zuora.com,zuora.com,PUT,/v1/revenue-items/revenue-schedules/{rs-number},PUT_CustomFieldsonRevenueItemsByRevenueSchedule
3998,zuora.com,zuora.com,PUT,/v1/revpro-accounting-codes,PUT_RevProAccountingCodes
3999,zuora.com,zuora.com,PUT,/v1/subscriptions/{subscription-key},PUT_Subscription
4000,zuora.com,zuora.com,PUT,/v1/users/{username}/deny-access,PUT_DenyUserAccess
