row_id,provider,method,path,operationId,summary,description
x22-3468,cloudflare,GET,/zones/{zone_id}/snippets,listZoneSnippets,List zone snippets,Fetches all snippets belonging to the zone.
x22-0383,cloudflare,GET,/accounts/{account_id}/artifacts/namespaces/{namespace}/repos/{name}/log,artifacts_repos_log_get,Read commit history,"Returns commit metadata walking backwards from a ref, branch, tag, or HEAD."
x22-4101,sentry,DELETE,/api/0/organizations/{organization_id_or_slug}/notifications/actions/{action_id}/,deleteOrganizationNotificationsAction,Delete a Spike Protection Notification Action,"Deletes a Spike Protection Notification Action.

Notification Actions notify a set of members when an action has been triggered through a notification service such as Slack or Sentry.
For example, organization owners and managers can receive an email when a spike occurs."
x22-2033,cloudflare,DELETE,/accounts/{account_id}/rulesets/{ruleset_id},deleteAccountRuleset,Delete an account ruleset,Deletes all versions of an existing account ruleset.
x22-0804,cloudflare,GET,/accounts/{account_id}/cloudforce-one/v2/requests/{project_type}/{request_id}/assets/list,get_DashboardAssetList,List assets in request (Customer),List all file assets for a request. Customer can only list assets from their own account.
x22-1727,cloudflare,PATCH,/accounts/{account_id}/mnm/rules/{rule_id},magic-network-monitoring-rules-update-rule,Update rule,Update a network monitoring rule for account.
x22-0735,cloudflare,POST,/accounts/{account_id}/cloudforce-one/v2/brand-protection/letter/templates,post_LetterTemplateCreate,Create letter template,Create a new user-defined takedown letter template
x22-1177,cloudflare,GET,/accounts/{account_id}/email-security/settings/allow_policies,email_security_list_allow_policies,List email allow policies,"Returns a paginated list of email allow policies. These policies exempt matching emails from security detection, allowing them to bypass disposition actions. Supports filtering by pattern type and policy attributes."
x22-2864,cloudflare,PATCH,/user/load_balancers/monitors/{monitor_id},load-balancer-monitors-patch-monitor,Patch Monitor,"Apply changes to an existing monitor, overwriting the supplied properties."
x22-2900,cloudflare,POST,/zones,zones-post,Create Zone,"Creates a new zone (domain) in your Cloudflare account.

The zone is created in a pending state and must be activated by updating your domain's
nameservers to point to Cloudflare, or by completing the verification process for partial
(CNAME) setups."
x22-2643,cloudflare,GET,/radar/bgp/routes/pfx2as,radar-get-bgp-pfx2as,Get prefix-to-ASN mapping,Retrieves the prefix-to-ASN mapping from global routing tables.
x22-0102,cloudflare,DELETE,/accounts/{account_id}/access/identity_providers/{identity_provider_id},access-identity-providers-delete-an-access-identity-provider,Delete an Access identity provider,Deletes an identity provider from Access.
x22-1928,cloudflare,GET,/accounts/{account_id}/realtime/kit/{app_id}/meetings/{meeting_id}/active-livestream,get-v2-meetings-meetingId-active-livestream,Fetch active livestreams for a meeting,Returns details of all active livestreams for the given meeting ID.
x22-1454,cloudflare,POST,/accounts/{account_id}/load_balancers/monitor_groups,account-load-balancer-monitor-groups-create-monitor-group,Create Monitor Group,Create a new monitor group.
x22-0293,cloudflare,GET,/accounts/{account_id}/ai-search/namespaces/{name}/instances,ai-search-namespace-list-instances,List AI Search instances.,List all AI Search instances in the account.
x22-3425,cloudflare,PATCH,/zones/{zone_id}/settings/nel,nel-settings-edit,Edit NEL setting,Updates the Network Error Logging (NEL) setting for a zone. Requires the NEL product feature to be enabled for the zone. The setting controls whether browsers report network errors to Cloudflare's NEL endpoint.
x22-3456,cloudflare,GET,/zones/{zone_id}/settings/{setting_id},zone-settings-get-single-setting,Get zone setting,Fetch a single zone setting by name
x22-2318,cloudflare,PATCH,/accounts/{account_id}/vuln_scanner/target_environments/{target_environment_id},edit-target-environment,Edit target environment,Updates a target environment with only the provided fields; omitted fields remain unchanged.
x22-0287,cloudflare,GET,/accounts/{account_id}/ai-search/namespaces,ai-search-list-namespaces,List namespaces,"List namespaces in the account, including their descriptions and creation times."
x22-3851,pagerduty,POST,/service_dependencies/associate,createServiceDependency,Associate service dependencies,"Create new dependencies between two services.

Business services model capabilities that span multiple technical services and that may be owned by several different teams.

A service can have a maximum of 2,000 dependencies with a depth limit of 100. If the limit is reached, the API will respond with an error.

For more information see the [API Concepts Document](../../api-reference/a47605517c19a-api-concepts#business-services)

Scoped OAuth requires: `services.write`"
x22-2504,cloudflare,GET,/accounts/{account_id}/zt_risk_scoring/behaviors,dlp-risk-score-behaviors-get,Get all behaviors and associated configuration,Retrieves configured risk score behaviors that define how user actions affect their overall risk score.
x22-1033,cloudflare,GET,/accounts/{account_id}/dex/warp-change-events,list-warp-change-events,List WARP change events.,List WARP configuration and enablement toggle change events by device.
x22-0464,cloudflare,POST,/accounts/{account_id}/browser-rendering/content,brapi-post_Content,Get HTML content.,Fetches rendered HTML content from provided URL or HTML. Check available options like `gotoOptions` and `waitFor*` to control page load behaviour.
x22-1288,cloudflare,GET,/accounts/{account_id}/flagship/apps/{app_id}/flags/{flag_key}/changelog,flagship_get_flag_changelog,Get flag changelog,"Returns the audit history for a flag, newest first. Each entry includes the event type and full flag state after the change; `update` entries include a field-level diff. Capped at 200 entries per flag."
x22-3487,cloudflare,GET,/zones/{zone_id}/speed_api/pages/{url}/tests,speed-list-test-history,List page test history,Test history (list of tests) for a specific webpage.
x22-2393,cloudflare,POST,/accounts/{account_id}/workers/observability/shared/query,shared.query.post,Create a sharable link to a query result,"Shared queries store the results of a previously run query, allowing you to share the results with others."
x22-0938,cloudflare,GET,/accounts/{account_id}/devices/deployment-groups,list-deployment-groups,List deployment groups,Lists all deployment groups for an account. Use deployment groups to assign target WARP client versions to specific devices. This endpoint is in Beta.
x22-2286,cloudflare,DELETE,/accounts/{account_id}/vectorize/v2/indexes/{index_name},vectorize-delete-vectorize-index,Delete Vectorize Index,Deletes the specified Vectorize Index.
x22-3656,pagerduty,POST,/enrichment/integrations/servicenow/{integration_id}/tables,addServiceNowTable,Add a CMDB table,"Adds a new ServiceNow CMDB table configuration to an existing integration. An integration may contain at most 8 tables. New tables are created with `status: disabled`; enable synchronization separately once the configuration has been validated.

<!-- theme: warning -->

> ### Early Access
> This API is in Early Access and may change at any time. Contact your PagerDuty account team to request access.

Scoped OAuth requires: `contextual_data.write`"
x22-2828,cloudflare,GET,/radar/traffic_anomalies,radar-get-traffic-anomalies,Get latest Internet traffic anomalies,"Retrieves the latest Internet traffic anomalies, which are signals that might indicate an outage. These alerts are automatically detected by Radar and manually verified by our team."
x22-0194,cloudflare,GET,/accounts/{account_id}/agent-memory/namespaces,agent-memory-namespace-list,List namespaces,Lists all namespaces for the given account. Results are paginated.
x22-2340,cloudflare,GET,/accounts/{account_id}/workers/dispatch/namespaces/{dispatch_namespace}/scripts,namespace-worker-list-scripts,List Workers for Platforms Scripts,Fetch a list of scripts uploaded to a Workers for Platforms dispatch namespace.
x22-3469,cloudflare,GET,/zones/{zone_id}/snippets/snippet_rules,listZoneSnippetRules,List zone snippet rules,Fetches all snippet rules belonging to the zone.
x22-2331,cloudflare,GET,/accounts/{account_id}/workers/account-settings,worker-account-settings-fetch-worker-account-settings,Fetch Workers Account Settings,Fetches Workers account settings for an account.
x22-2822,cloudflare,GET,/radar/tcp_resets_timeouts/summary,radar-get-tcp-resets-timeouts-summary,Get TCP resets and timeouts summary,Retrieves the distribution of connection stage by TCP connections terminated within the first 10 packets by a reset or timeout.
x22-1041,cloudflare,POST,/accounts/{account_id}/dlp/custom_prompt_topics,dlp-custom-prompt-topics-create,Create custom prompt topic,Creates a DLP custom prompt topic entry.
x22-1272,cloudflare,GET,/accounts/{account_id}/firewall/access_rules/rules/{rule_id},ip-access-rules-for-an-account-get-an-ip-access-rule,Get an IP Access rule,Fetches the details of an IP Access rule defined at the account level.
x22-2548,cloudflare,GET,/organizations/{organization_id}/profile,Organizations_getProfile,Get organization profile,Get an organizations profile if it exists. (Currently in Public Beta - see https://developers.cloudflare.com/fundamentals/organizations/)
x22-1152,cloudflare,GET,/accounts/{account_id}/dns_settings/views,dns-views-for-an-account-list-internal-dns-views,List Internal DNS Views,List DNS Internal Views for an Account
x22-2964,cloudflare,POST,/zones/{zone_id}/acm/total_tls,total-tls-enable-or-disable-total-tls,Enable or Disable Total TLS,Set Total TLS Settings or disable the feature for a Zone.
x22-1293,cloudflare,PUT,/accounts/{account_id}/gateway/apps/review_status,zero-trust-applications-review-status-update,Update applications review statuses,Update the statuses of your applications.
x22-2336,cloudflare,GET,/accounts/{account_id}/workers/dispatch/namespaces/{dispatch_namespace},namespace-worker-get-namespace,Get Workers for Platforms Dispatch Namespace,Get a Workers for Platforms dispatch namespace.
x22-2666,cloudflare,GET,/radar/ct/summary/{dimension},radar-get-ct-summary,Get certificate distribution by dimension,Retrieves an aggregated summary of certificates grouped by the specified dimension.
x22-3661,pagerduty,POST,/enrichment/integrations/servicenow/credentials,createServiceNowCredentials,Create ServiceNow credentials,"Creates the ServiceNow API credentials used to authenticate synchronization and test requests. Only one credential set is allowed per account, and it is shared across the account's ServiceNow integration. The password is never returned in responses.

<!-- theme: warning -->

> ### Early Access
> This API is in Early Access and may change at any time. Contact your PagerDuty account team to request access.

Scoped OAuth requires: `contextual_data.write`"
x22-3507,cloudflare,GET,/zones/{zone_id}/stream/usage,usage-analytics-get-zone-stream-usage,Get zone Stream usage,Retrieve Stream usage analytics for a zone. Returns time-series data for Stream billable minutes viewed. The gateway resolves the zone to its owning account and rewrites this path before forwarding to the backend usage handler.
x22-1038,cloudflare,DELETE,/accounts/{account_id}/diagnostics/endpoint-healthchecks/{id},diagnostics-endpoint-healthcheck-delete,Delete Endpoint Health Check,Delete Endpoint Health Check.
x22-2441,cloudflare,PUT,/accounts/{account_id}/workers/subdomain,worker-subdomain-create-subdomain,Create a Workers Subdomain,Creates a Workers subdomain for an account.
x22-3552,cloudflare,GET,/zones/{zone_id}/waiting_rooms/{waiting_room_id}/events/{event_id}/details,waiting-room-preview-active-event-details,Preview active event details,Previews an event's configuration as if it was active. Inherited fields from the waiting room will be displayed with their current values.
x22-0265,cloudflare,GET,/accounts/{account_id}/ai-gateway/gateways/{gateway_id}/routes/{id}/versions,aig-config-list-gateway-dynamic-route-versions,List all AI Gateway Dynamic Route Versions.,List all AI Gateway Dynamic Route Versions.
x22-2767,cloudflare,GET,/radar/http/top/ases,radar-get-http-top-ases-by-http-requests,Get top ASes by HTTP requests,Retrieves the top autonomous systems by HTTP requests.
x22-2641,cloudflare,GET,/radar/bgp/routes/moas,radar-get-bgp-pfx2as-moas,Get Multi-Origin AS (MOAS) prefixes,Retrieves all Multi-Origin AS (MOAS) prefixes in the global routing tables.
x22-1972,cloudflare,DELETE,/accounts/{account_id}/realtime/kit/{app_id}/webhooks/{webhook_id},deleteWebhook,Delete a webhook,Removes a webhook for the given webhook ID.
x22-2667,cloudflare,GET,/radar/ct/timeseries,radar-get-ct-timeseries,Get certificates time series,Retrieves certificate volume over time.
x22-0747,cloudflare,GET,/accounts/{account_id}/cloudforce-one/v2/brand-protection/takedown-notices,get_TakedownNoticeList,List takedown notices,List all takedown notices for the account.
x22-3974,pagerduty,GET,/users/{id}/oncall_handoff_notification_rules,getUserHandoffNotificationRules,List a User's Handoff Notification Rules,"List Handoff Notification Rules of your PagerDuty User.
Users are members of a PagerDuty account that have the ability to interact with Incidents and other data on the account.
For more information see the [API Concepts Document](../../api-reference/a47605517c19a-api-concepts#users)

Scoped OAuth requires: `users.read`"
x22-0896,cloudflare,POST,/accounts/{account_id}/d1/database/{database_id}/raw,d1-raw-database-query,Raw D1 Database query,Returns the query result rows as arrays rather than objects. This is a performance-optimized version of the /query endpoint.
x22-0121,cloudflare,PUT,/accounts/{account_id}/access/organizations/doh,zero-trust-organization-update-your-zero-trust-organization-doh-settings,Update your Zero Trust organization DoH settings,Updates the DoH settings for your Zero Trust organization.
x22-0012,cloudflare,POST,/accounts/{accountId}/v2/images/direct_upload,post_DirectUploadLink,Create authenticated direct upload URL,Create an authenticated direct upload URL for an image.
x22-3962,pagerduty,DELETE,/users/{id}/contact_methods/{contact_method_id},deleteUserContactMethod,Delete a user's contact method,"Remove a user's contact method.

Users are members of a PagerDuty account that have the ability to interact with Incidents and other data on the account.

For more information see the [API Concepts Document](../../api-reference/a47605517c19a-api-concepts#users)

Scoped OAuth requires: `users:contact_methods.write`"
x22-3157,cloudflare,GET,/zones/{zone_id}/email/sending/subdomains/{subdomain_id}/reputation/complaints,email-sending-subdomains-get-sending-subdomain-reputation-complaints,Get sending subdomain complaint count,Returns the matched complaint count for a sending subdomain in a half-open time window of up to seven days.
x22-2594,cloudflare,GET,/radar/attacks/layer3/summary/ip_version,radar-get-attacks-layer3-summary-by-ip-version,Get layer 3 attacks by IP version summary,Retrieves the distribution of layer 3 attacks by IP version.
x22-4096,sentry,GET,/api/0/organizations/{organization_id_or_slug}/monitors/{monitor_id_or_slug}/checkins/,listOrganizationMonitorCheckins,Retrieve Check-Ins for a Monitor,Retrieve a list of check-ins for a monitor
x22-0266,cloudflare,POST,/accounts/{account_id}/ai-gateway/gateways/{gateway_id}/routes/{id}/versions,aig-config-post-gateway-dynamic-route-version,Create a new AI Gateway Dynamic Route Version.,Create a new AI Gateway Dynamic Route Version.
x22-2363,cloudflare,DELETE,/accounts/{account_id}/workers/domains/{domain_id},workers.domains.delete,Detach Worker Domain,Detaches a domain from a Worker. Both the Worker and all of its previews are no longer routable using this domain.
x22-1893,cloudflare,GET,/accounts/{account_id}/r2/buckets/{bucket_name}/lifecycle,r2-get-bucket-lifecycle-configuration,Get Object Lifecycle Rules,Get object lifecycle rules for a bucket.
x22-1351,cloudflare,PATCH,/accounts/{account_id}/hyperdrive/configs/{hyperdrive_id},patch-hyperdrive,Update Hyperdrive,Updates and returns the specified fields of the Hyperdrive configuration. Custom caching settings are not kept if caching is disabled.
x22-1860,cloudflare,GET,/accounts/{account_id}/r2-catalog,list-catalogs,List R2 catalogs,"Returns a list of R2 buckets that have been enabled as Apache Iceberg catalogs
for the specified account. Each catalog represents an R2 bucket configured
to store Iceberg metadata and data files."
x22-1211,cloudflare,GET,/accounts/{account_id}/email-security/settings/sending_domain_restrictions,email_security_list_sending_domain_restrictions,List sending domain restrictions,Returns a paginated list of sending domain restrictions. These restrictions enforce TLS requirements for emails from specific domains. Mail without TLS from restricted domains will be dropped unless the subdomain is in the exclude list. Supports sorting and searching.
x22-1588,cloudflare,DELETE,/accounts/{account_id}/magic/cf1_sites/{cf1_site_id}/ramps/{ramp_id},magic-cf1-sites-delete-cf1-site-ramp,Delete CF1 Site Ramp,Deletes a specific ramp from a CF1 Site.
x22-1834,cloudflare,DELETE,/accounts/{account_id}/pipelines/{pipeline_name},deleteV4AccountsByAccount_idPipelinesByPipeline_name_deprecated,[DEPRECATED] Delete Pipeline,[DEPRECATED] Delete a pipeline. Use the new /pipelines/v1/pipelines endpoint instead.
x22-3443,cloudflare,PATCH,/zones/{zone_id}/settings/transformations_c2pa,zone-settings-change-transformations-c2pa-setting,Change Image Transformations C2PA setting,"C2PA (Coalition for Content Provenance and Authenticity) signing adds cryptographic metadata
to images processed through Cloudflare Image Transformations, enabling verification of image
authenticity and provenance."
x22-2610,cloudflare,GET,/radar/attacks/layer3/top/locations/origin,radar-get-attacks-layer3-top-origin-locations,Get top origin locations of layer 3 attacks,Retrieves the origin locations of layer 3 attacks.
x22-3172,cloudflare,PUT,/zones/{zone_id}/filters,filters-update-filters,Update filters,Updates one or more existing filters.
x22-3806,pagerduty,DELETE,/incidents/custom_fields/{field_id}/field_options/{field_option_id},deleteCustomFieldsFieldOption,Delete a Field Option,"<!-- theme: warning -->
> ### Deprecated
> This endpoint is deprecated and only works for fields on the Base Incident Type. \
> For more flexibility, we recommend using the Incident Types endpoint: \
> [/incidents/types/{type_id_or_name}/custom_fields/{field_id}/field_options/{field_option_id}](openapiv3.json/paths/~1incidents~1types~1{type_id_or_name}~1custom_fields~1{field_id}~1field_options~1{field_option_id}/delete)

Delete a Field Option for a Custom Field on the Base Incident Type.

Scoped OAuth requires: `custom_fields.write`"
x22-2405,cloudflare,PUT,/accounts/{account_id}/workers/scripts/{script_name},worker-script-upload-worker-module,Upload Worker Module,Upload a worker module. You can find more about the multipart metadata on our docs: https://developers.cloudflare.com/workers/configuration/multipart-upload-metadata/.
x22-0626,cloudflare,GET,/accounts/{account_id}/cloudforce-one/events/indicatorTypes,get_LegacyIndicatorTypesList,Lists all indicator types,This Method is deprecated. Please use /events/dataset/:dataset_id/indicatorTypes instead.
x22-1493,cloudflare,DELETE,/accounts/{account_id}/logpush/jobs/{job_id},delete-accounts-account_id-logpush-jobs-job_id,Delete Logpush job,Deletes a Logpush job.
x22-1706,cloudflare,GET,/accounts/{account_id}/managed-defense/vulnerability-discovery/scans/{scan_id},getAccountVulnerabilityDiscoveryScan,Get scan,Gets one customer-requested scan across its review and execution lifecycle.
x22-0930,cloudflare,POST,/accounts/{account_id}/data-security/posture/webhooks/jobs,CreateWebhookJobs,Create webhook jobs,Creates webhook jobs to send a finding instance to one or more configured webhooks.
x22-3938,pagerduty,DELETE,/teams/{id}/escalation_policies/{escalation_policy_id},deleteTeamEscalationPolicy,Remove an escalation policy from a team,"Remove an escalation policy from a team.

A team is a collection of Users and Escalation Policies that represent a group of people within an organization.

For more information see the [API Concepts Document](../../api-reference/a47605517c19a-api-concepts#teams)

Scoped OAuth requires: `teams.write`"
x22-0270,cloudflare,PUT,/accounts/{account_id}/ai-gateway/gateways/{id},aig-config-update-gateway,Update a Gateway,Updates an existing AI Gateway dataset.
x22-0371,cloudflare,POST,/accounts/{account_id}/artifacts/namespaces,artifacts_namespaces_create,Create a namespace,Creates an empty Artifacts namespace for an account.
x22-1306,cloudflare,PATCH,/accounts/{account_id}/gateway/configuration,zero-trust-accounts-patch-zero-trust-account-configuration,Patch Zero Trust account configuration,"Update (PATCH) a single subcollection of settings such as `antivirus`, `tls_decrypt`, `activity_log`, `block_page`, `browser_isolation`, `fips`, `body_scanning`, `certificate`, or `max_ttl_secs` without updating the entire configuration object. This endpoint returns an error if any settings collection lacks proper configuration."
x22-4035,pagerduty,DELETE,/workflows/integrations/{integration_id}/connections/{id},deleteWorkflowIntegrationConnection,Delete Workflow Integration Connection,"Delete a Workflow Integration Connection.

Scoped OAuth requires: `workflow_integrations:connections.write`"
x22-3705,pagerduty,DELETE,/event_orchestrations/{id}/cache_variables/{cache_variable_id},deleteCacheVarOnGlobalOrch,Delete a Cache Variable for a Global Event Orchestration,"Delete a Cache Variable for a Global Event Orchestration.

Cache Variables allow you to store event data on an Event Orchestration, which can then be used in Event Orchestration rules as part of conditions or actions.

For more information see the [API Concepts Document](../../api-reference/a47605517c19a-api-concepts#event-orchestrations)

Scoped OAuth requires: `event_orchestrations.write`"
x22-4257,sentry,GET,/api/0/organizations/{organization_id_or_slug}/issues/{issue_id}/tags/{key}/values/,listOrganizationIssueTagValues,List a Tag's Values for an Issue,"Returns a list of values associated with this key for an issue.
Returns at most 1000 values when paginated."
x22-2627,cloudflare,GET,/radar/attacks/layer7/timeseries_groups/mitigation_product,radar-get-attacks-layer7-timeseries-group-by-mitigation-product,Get layer 7 attacks by mitigation product time series,Retrieves the distribution of layer 7 attacks by mitigation product over time.
x22-2269,cloudflare,GET,/accounts/{account_id}/urlscanner/v2/result/{scan_id},urlscanner-get-scan-v2,Get URL scan,Get URL scan by uuid
x22-1498,cloudflare,POST,/accounts/{account_id}/logpush/transformers/preview,post-accounts-account_id-logpush-transformers-preview,Preview transformer,Executes a SQL transformer against a single input record and returns the transformed output. This is a stateless endpoint — nothing is persisted.
x22-2950,cloudflare,GET,/zones/{zone_id}/access/organizations,zone-level-zero-trust-organization-get-your-zero-trust-organization,Get your Zero Trust organization,Returns the configuration for your Zero Trust organization.
x22-2401,cloudflare,GET,/accounts/{account_id}/workers/placement/regions,worker-placement-list-regions,List Workers Smart Placement Regions,Returns a list of available placement regions organized by cloud provider. These regions can be used to configure Smart Placement for Workers.
x22-1651,cloudflare,PUT,/accounts/{account_id}/magic/ipsec_tunnels/{ipsec_tunnel_id},magic-ipsec-tunnels-update-ipsec-tunnel,Update IPsec Tunnel,Updates a specific IPsec tunnel associated with an account. Use `?validate_only=true` as an optional query parameter to only run validation without persisting changes.
x22-0814,cloudflare,PATCH,/accounts/{account_id}/cloudforce-one/v2/threat-signals/articles/{article_id},rssArticleMarkRead,Update Threat Signals article read status,Update Threat Signals article read status.
x22-0206,cloudflare,DELETE,/accounts/{account_id}/agent-memory/namespaces/{namespace_name}/profiles/{profile_name}/sessions/{session_id},agent-memory-session-delete,Delete a session,Marks all memories and messages in a profile that are tagged with the given session ID for deletion.
x22-4000,pagerduty,PUT,/v3/schedules/{id}/custom_shifts/{custom_shift_id},updateCustomShift,Update a custom shift,"<!-- theme: info -->

> **Important note:** Shift-based schedules use the V3 API and are not compatible with V2 automations. **To create automations for Shift-Based Schedules, you need to:**
>
> 1. **Update your automations** to use the V3 API for all new shift-based schedules
> 2. **Keep the V2 endpoint** for your existing schedules
>
> An upgrade tool for existing schedules is coming soon; your legacy schedules will keep working in the meantime. [Learn more](https://support.pagerduty.com/main/docs/shift-based-schedules-api-upgrade-examples).

Update an existing custom shift.

If the shift has already started, only `end_time` can be modified."
x22-0657,cloudflare,PATCH,/accounts/{account_id}/cloudforce-one/events/tags/{tag_uuid}/relationships/{rel_uuid},patch_TagRelationshipUpdate,Update a tag relationship,Partially updates a relationship by UUID. Requires datasetId query param.
x22-2511,cloudflare,DELETE,/accounts/{account_id}/zt_risk_scoring/integrations/{integration_id},dlp-zt-risk-score-integration-delete,Delete a risk score integration.,"Removes a Zero Trust risk score integration, disconnecting the external risk signal source."
x22-2821,cloudflare,GET,/radar/search/global,radar-get-search-global,"Search for locations, ASes, reports, and more","Searches for locations, autonomous systems, reports, bots, certificate logs, certificate authorities, industries and verticals. Location names can be localized by sending an `Accept-Language` HTTP header with a BCP 47 language tag (e.g., `Accept-Language: pt-PT`). The full quality-value chain is supported (e.g., `pt-PT,pt;q=0.9,en;q=0.8`)."
x22-0423,cloudflare,POST,/accounts/{account_id}/brand-protection/brands,postAccountsAccountIdBrandProtectionBrands,Create new brands,Return new brands
x22-2053,cloudflare,POST,/accounts/{account_id}/rum/v2/{ruleset_id}/rules,web-analytics-modify-rules,Update Web Analytics rules,Modifies one or more rules in a Web Analytics ruleset with a single request.
x22-1698,cloudflare,DELETE,/accounts/{account_id}/magic/sites/{site_id}/wans/{wan_id},magic-site-wans-delete-wan,Delete Site WAN,Remove a specific Site WAN.
x22-0334,cloudflare,GET,/accounts/{account_id}/ai/tasks/search,workers-ai-search-task,Task Search,"Searches Workers AI models by task type (e.g., text-generation, embeddings)."
x22-0304,cloudflare,DELETE,/accounts/{account_id}/ai-search/namespaces/{name}/instances/{id}/items/{item_id},ai-search-namespace-instance-delete-item,Delete Item.,Deletes a file from a managed AI Search instance and triggers a reindex.
x22-1158,cloudflare,GET,/accounts/{account_id}/email-security/investigate,email_security_investigate,Search email messages,Returns information for each email that matches the search parameter(s).
x22-1827,cloudflare,POST,/accounts/{account_id}/pipelines/v1/streams,postV4AccountsByAccount_idPipelinesV1Streams,Create Stream,Create a new Stream.
x22-4172,sentry,GET,/api/0/projects/{organization_id_or_slug}/{project_id_or_slug}/codeowners/{codeowners_id}/,retrieveProjectCodeOwners,Retrieve a Project's CODEOWNERS Configuration,Return a single CODEOWNERS configuration.
x22-2755,cloudflare,GET,/radar/http/timeseries,radar-get-http-timeseries,Get HTTP requests time series,Retrieves the HTTP requests over time.
x22-0247,cloudflare,DELETE,/accounts/{account_id}/ai-gateway/gateways/{gateway_id}/evaluations/{id},aig-config-delete-evaluations,Delete a Evaluation,Deletes an AI Gateway dataset.
x22-1432,cloudflare,GET,/accounts/{account_id}/intel/indicator-feeds/permissions/view,custom-indicator-feeds-view-permissions,List indicator feed permissions,Lists current access permissions for custom threat indicator feeds.
x22-1814,cloudflare,GET,/accounts/{account_id}/pcaps/{pcap_id}/download,magic-pcap-collection-download-simple-pcap,Download Simple PCAP,Download PCAP information into a file. Response is a binary PCAP file.
x22-2917,cloudflare,GET,/zones/{zone_id}/access/apps/ca,zone-level-access-short-lived-certificate-c-as-list-short-lived-certificate-c-as,List short-lived certificate CAs,Lists short-lived certificate CAs and their public keys.
x22-2886,cloudflare,POST,/user/subscriptions,user-subscription-create-user-subscription,Create User Subscription,Creates a user subscription.
x22-0682,cloudflare,DELETE,/accounts/{account_id}/cloudforce-one/requests/{request_id},cloudforce-one-request-delete,Delete a Request,Deletes a Cloudforce One intelligence request and all associated data.
x22-3146,cloudflare,DELETE,/zones/{zone_id}/email/routing/suppression/{suppression_id},delete_publicDeleteSuppressionZoneRouting,Delete zone email suppression,Deletes an email suppression for the specified zone.
x22-0558,cloudflare,POST,/accounts/{account_id}/challenges/widgets/{sitekey}/rotate_secret,accounts-turnstile-widget-rotate-secret,Rotate Secret for a Turnstile Widget,"Generate a new secret key for this widget. If `invalidate_immediately`
is set to `false`, the previous secret remains valid for 2 hours.

Note that secrets cannot be rotated again during the grace period."
x22-3968,pagerduty,GET,/users/{id}/notification_rules/{notification_rule_id},getUserNotificationRule,Get a user's notification rule,"Get details about a user's notification rule.

Users are members of a PagerDuty account that have the ability to interact with Incidents and other data on the account.

For more information see the [API Concepts Document](../../api-reference/a47605517c19a-api-concepts#users)

Scoped OAuth requires: `users:contact_methods.read`"
x22-2974,cloudflare,PUT,/zones/{zone_id}/ai-security/custom-topics,ai-security-custom-topics-put,Update the AI Security for Apps custom topics of a zone.,"Update the custom topic list of the zone, overwriting it entirely with the topics in the request, so include
every topic you want to keep. Changes can take up to a minute to propagate.

Each entry has a `label`, used to reference the topic in rule expressions and analytics, and a `topic`
description, which the classifier scores prompts against while AI Security for Apps is enabled. The following
rules apply:

- A zone can hold at most 20 topics.
- `label` must be 2–20 characters, using only lowercase letters (a–z), digits (0–9), and hyphens.
- `topic` must be 2–50 printable ASCII characters.
- Labels must be unique within the zone, and so must topic descriptions."
x22-1426,cloudflare,GET,/accounts/{account_id}/intel/domain/bulk,domain-intelligence-get-multiple-domain-details,Get Multiple Domain Details,"Returns security details and statistics about multiple domains in a
single request.

**Behavior change — domain ranking is becoming opt-in.** This endpoint
previously included domain ranking data in every response and accepted
a `skip_ranking=true` query parameter to opt out. That parameter is
being deprecated and ranking will no longer be returned by default.
Callers that want ranking data must pass `include_ranking=true`. The
`skip_ranking` parameter will be silently ignored once the change ships."
x22-3355,cloudflare,POST,/zones/{zone_id}/rulesets/{ruleset_id}/rules,createZoneRulesetRule,Create a zone ruleset rule,Adds a new rule to a zone ruleset. The rule will be added to the end of the existing list of rules in the ruleset by default.
x22-3274,cloudflare,GET,/zones/{zone_id}/logs/explorer/datasets/available,zones-logs-explorer-datasets-available-list,List available zone datasets,"Returns all dataset types that this zone can create. Each entry includes
the dataset schema and timestamp field.

The schema shows all possible fields for a dataset. However, not all
fields may be available for your account. When creating or updating a
dataset, only fields available to your account can be enabled. If you
request a field that is not available, you will receive an error."
x22-3999,pagerduty,GET,/v3/schedules/{id}/custom_shifts/{custom_shift_id},getCustomShift,Get a custom shift,"<!-- theme: info -->

> **Important note:** Shift-based schedules use the V3 API and are not compatible with V2 automations. **To create automations for Shift-Based Schedules, you need to:**
>
> 1. **Update your automations** to use the V3 API for all new shift-based schedules
> 2. **Keep the V2 endpoint** for your existing schedules
>
> An upgrade tool for existing schedules is coming soon; your legacy schedules will keep working in the meantime. [Learn more](https://support.pagerduty.com/main/docs/shift-based-schedules-api-upgrade-examples).

Retrieve a single custom shift by ID."
x22-1168,cloudflare,GET,/accounts/{account_id}/email-security/investigate/{investigate_id},email_security_get_message,Get message details,"Retrieves comprehensive details for a specific email message including headers, recipients, sender information, and current quarantine status. Use the investigate_id from search results to fetch detailed information."
x22-2933,cloudflare,GET,/zones/{zone_id}/access/certificates,zone-level-access-mtls-authentication-list-mtls-certificates,List mTLS certificates,Lists all mTLS certificates.
x22-3101,cloudflare,PATCH,/zones/{zone_id}/devices/policy/certificates,devices-update-policy-certificates,Update device certificate provisioning status,"Enable Zero Trust Clients to provision a certificate, containing a x509 subject, and referenced by Access device posture policies when the client visits MTLS protected domains. This facilitates device posture without a WARP session."
x22-3277,cloudflare,DELETE,/zones/{zone_id}/logs/explorer/datasets/{dataset_id},zones-logs-explorer-datasets-delete,Delete a zone dataset,"Deletes a Log Explorer dataset for the zone. Dataset deletion must not
be protected."
x22-3874,pagerduty,PUT,/services/custom_fields/{field_id},updateServiceCustomField,Update a Field,"Update a Custom Field for Services.

Scoped OAuth requires: `custom_fields.write`"
x22-1598,cloudflare,DELETE,/accounts/{account_id}/magic/cloud/catalog-syncs/{sync_id},catalog-syncs-delete,Delete Catalog Sync,Delete a Catalog Sync (Closed Beta).
x22-3627,pagerduty,DELETE,/automation_actions/runners/{id},deleteAutomationActionsRunner,Delete an Automation Action runner,Delete an Automation Action runner
x22-0278,cloudflare,DELETE,/accounts/{account_id}/ai-search/instances/{id},ai-search-delete-instance,Delete an AI Search instance.,"Permanently delete an AI Search instance and all its indexed data.

Deprecated: use /accounts/{account_id}/ai-search/namespaces/{name}/instances (and descendant paths) instead."
x22-4250,sentry,POST,/api/0/projects/{organization_id_or_slug}/{project_id_or_slug}/hooks/,Register a New Service Hook,,"Register a new service hook on a project.

Events include:

- event.alert: An alert is generated for an event (via rules).
- event.created: A new event has been processed.

This endpoint requires the 'servicehooks' feature to be enabled for your project."
x22-2814,cloudflare,GET,/radar/ranking/internet_services/categories,radar-get-ranking-internet-services-categories,List Internet services categories,Retrieves the list of Internet services categories.
x22-3598,pagerduty,POST,/analytics/metrics/responders/all,getAnalyticsMetricsRespondersAll,Get aggregated metrics for all responders,"Provides aggregated incident metrics for all selected responders.

Example metrics include Seconds to Resolve, Seconds to Engage, Snoozed Seconds, and Sleep Hour Interruptions. Metric definitions can be found in our [Knowledge Base](https://support.pagerduty.com/docs/insights#responders-list).

<!-- theme: info -->
> **Note:** Data availability reflects [pipeline processing cycles](https://support.pagerduty.com/main/docs/insights#:~:text=Data%20Update%20Schedule) and is generally within 24 hours under normal conditions.

Scoped OAuth requires: `analytics.write`"
x22-1760,cloudflare,POST,/accounts/{account_id}/one/integrations/{id}/pause,pause_integration_v2,Pause integration,"Pauses an integration, stopping all crawlers."
x22-3306,cloudflare,GET,/zones/{zone_id}/origin_tls_client_auth/hostnames/certificates/{certificate_id},per-hostname-authenticated-origin-pull-get-the-hostname-client-certificate,Get the Hostname Client Certificate,Get the certificate by ID to be used for client authentication on a hostname.
x22-1539,cloudflare,GET,/accounts/{account_id}/magic/advanced_tcp_protection/configs/prefixes/{prefix_id},getPrefix,Get prefix.,Get a prefix specified by the given UUID.
x22-3209,cloudflare,GET,/zones/{zone_id}/firewall/waf/packages/{package_id}/groups/{group_id},waf-rule-groups-get-a-waf-rule-group,Get a WAF rule group,"Fetches the details of a WAF rule group.

**Note:** Applies only to the [previous version of WAF managed rules](https://developers.cloudflare.com/support/firewall/managed-rules-web-application-firewall-waf/understanding-waf-managed-rules-web-application-firewall/)."
x22-4165,sentry,PUT,/api/0/organizations/{organization_id_or_slug}/workflows/{workflow_id}/,updateOrganizationWorkflow,Update an Alert by ID,Updates an alert.
x22-2229,cloudflare,GET,/accounts/{account_id}/tags/resources,tags-list,List tagged resources,Lists all tagged resources for an account.
x22-1687,cloudflare,DELETE,/accounts/{account_id}/magic/sites/{site_id}/lans/{lan_id},magic-site-lans-delete-lan,Delete Site LAN,Remove a specific Site LAN.
x22-2816,cloudflare,GET,/radar/ranking/internet_services/top,radar-get-ranking-top-internet-services,Get top Internet services,Retrieves top Internet services based on their rank.
x22-1006,cloudflare,GET,/accounts/{account_id}/dex/commands/devices,get-commands-eligible-devices,List devices eligible for remote captures,List devices with WARP client support for remote captures which have been connected in the last 1 hour.
x22-1962,cloudflare,GET,/accounts/{account_id}/realtime/kit/{app_id}/sessions/{session_id}/participants,GetSessionParticipants,Fetch participants list of a session,Returns a list of participants for the given session ID.
x22-2733,cloudflare,GET,/radar/email/security/top/tlds/spam/{spam},radar-get-email-security-top-tlds-by-spam,Get top TLDs by email spam classification,Retrieves the top TLDs by emails classified as spam or not.
x22-3269,cloudflare,POST,/zones/{zone_id}/logpush/validate/origin,post-zones-zone_id-logpush-validate-origin,Validate origin,Validates logpull origin with logpull_options.
x22-2270,cloudflare,POST,/accounts/{account_id}/urlscanner/v2/scan,urlscanner-create-scan-v2,Create URL Scan,Submit a URL to scan. Check limits at https://developers.cloudflare.com/security-center/investigate/scan-limits/.
x22-2672,cloudflare,GET,/radar/dns/summary/cache_hit,radar-get-dns-summary-by-cache-hit-status,Get DNS queries by cache status summary,Retrieves the distribution of DNS queries by cache status.
x22-0168,cloudflare,DELETE,/accounts/{account_id}/addressing/address_maps/{address_map_id}/zones/{zone_id},ip-address-management-address-maps-remove-a-zone-membership-from-an-address-map,Remove a zone membership from an Address Map,Remove a zone as a member of a particular address map.
x22-0356,cloudflare,POST,/accounts/{account_id}/alerting/v3/policies/{policy_id}/test,notification-policies-test-a-notification-policy,Test a Notification policy,Send a test notification for a policy to verify delivery mechanisms are working as expected.
x22-1822,cloudflare,GET,/accounts/{account_id}/pipelines/v1/sinks,getV4AccountsByAccount_idPipelinesV1Sinks,List Sinks,List/Filter Sinks in Account.
x22-4149,sentry,GET,/api/0/organizations/{organization_id_or_slug}/stats-summary/,getOrganizationStatsSummary,Retrieve an Organization's Events Count by Project,Query summarized event counts by project for your Organization. Also see https://docs.sentry.io/api/organizations/retrieve-event-counts-for-an-organization-v2/ for reference.
x22-0427,cloudflare,DELETE,/accounts/{account_id}/brand-protection/brands/patterns,deleteAccountsAccountIdBrandProtectionBrandsPatterns,Delete patterns for brands by ID,Return a success message after deleting patterns for brands by ID
x22-2506,cloudflare,GET,/accounts/{account_id}/zt_risk_scoring/integrations,dlp-zt-risk-score-integration-list,List all risk score integrations for the account.,Lists all configured Zero Trust risk score integrations for the account.
x22-3046,cloudflare,GET,/zones/{zone_id}/cache/origin_post_quantum_encryption,zone-cache-settings-get-origin-post-quantum-encryption-setting,Get Origin Post-Quantum Encryption setting,"Instructs Cloudflare to use Post-Quantum (PQ) key agreement algorithms when connecting to your origin. Preferred instructs Cloudflare to opportunistically send a Post-Quantum keyshare in the first message to the origin (for fastest connections when the origin supports and prefers PQ), supported means that PQ algorithms are advertised but only used when requested by the origin, and off means that PQ algorithms are not advertised."
x22-1813,cloudflare,GET,/accounts/{account_id}/pcaps/{pcap_id},magic-pcap-collection-get-pcap-request,Get PCAP request,Get information for a PCAP request by id.
x22-2075,cloudflare,DELETE,/accounts/{account_id}/secondary_dns/acls/{acl_id},secondary-dns-(-acl)-delete-acl,Delete ACL,Delete ACL.
x22-2919,cloudflare,PUT,/zones/{zone_id}/access/apps/{app_id},zone-level-access-applications-update-a-bookmark-application,Update an Access application,Updates an Access application.
x22-2020,cloudflare,GET,/accounts/{account_id}/rules/lists/{list_id}/items,lists-get-list-items,Get list items,Fetches all the items in the list.
x22-1980,cloudflare,POST,/accounts/{account_id}/registrar-sandbox/registrations,sandbox-registrar-domain-registration-create,Create Registration,"Starts a domain registration workflow.

### Prerequisites
- The account must not already be at the maximum supported domain limit.
    A single account may own up to 500 domains in total across registrations
    created through either the dashboard or this API.
- The domain must be on a supported extension for programmatic registration.
- Use `POST /domain-check` immediately before calling this endpoint to confirm
    real-time availability and pricing.

### Defaults
- `years`: defaults to the extension's minimum registration period (1 year for
    most extensions, but varies — for example, `.ai` (if supported) requires a minimum of 2 years).
- `auto_renew`: defaults to `false`. Setting it to `true` is an explicit
    opt-in authorizing Cloudflare to charge the account's default payment
    method up to 30 days before domain expiry to renew the registration.
    Renewal pricing may change over time based on registry pricing.
- `privacy_mode`: defaults to `redaction`.

### Premium domains
Premium domain registration is not currently supported by this API.
If `POST /domain-check` returns `tier: premium`, do not call this
endpoint for that domain.

### Response behavior
By default, the server holds the connection for a bounded, server-defined
amount of time while the registration completes. Most registrations finish
within this window and return `201 Created` with a completed workflow status.

If the registration is still processing after this synchronous wait window,
the server returns `202 Accepted`. Poll the URL in `links.self` to track progress.

To skip the wait and receive an immediate `202`, send `Prefer: respond-async`."
x22-2680,cloudflare,GET,/radar/dns/summary/response_code,radar-get-dns-summary-by-response-code,Get DNS queries by response code summary,Retrieves the distribution of DNS queries by response code.
x22-1386,cloudflare,PATCH,/accounts/{account_id}/images/v1/{image_id},cloudflare-images-update-image,Update image,"Update a CF Images image's metadata, creator, or access control. On access control change, all copies of the image are purged from cache."
x22-2275,cloudflare,GET,/accounts/{account_id}/vectorize/indexes/{index_name},vectorize-(-deprecated)-get-vectorize-index,Get Vectorize Index (Deprecated),Returns the specified Vectorize Index.
x22-3733,pagerduty,GET,/extensions,listExtensions,List extensions,"List existing extensions.

Extensions are representations of Extension Schema objects that are attached to Services.

For more information see the [API Concepts Document](../../api-reference/a47605517c19a-api-concepts#extensions)

Scoped OAuth requires: `extensions.read`"
x22-0920,cloudflare,GET,/accounts/{account_id}/data-security/posture/policies/logs,ListPolicyLogs,List policy invocation logs,"Returns a list of policy invocation logs for the given account, sourced from ClickHouse via Ready Analytics. Each entry represents one execution of a policy against a finding instance, including the actions (remediation jobs and webhooks) it dispatched.

Results are scoped to the requesting account's CASB integrations. The `integration_id` query parameter, when supplied, is intersected against the account's integration allowlist; values outside the allowlist are silently dropped.

Pagination is offset-based. The response does not include a total row count; clients should treat a result with fewer than `per_page` entries as the end of the list."
x22-0725,cloudflare,GET,/accounts/{account_id}/cloudforce-one/scans/results/{config_id},get_GetOpenPorts,Get the Latest Scan Result,"Retrieves the latest scan results for a Cloudforce One scan configuration, including discovered open ports."
x22-3030,cloudflare,GET,/zones/{zone_id}/bot_management,bot-management-for-a-zone-get-config,Get Zone Bot Management Config,Retrieve a zone's Bot Management Config
x22-3368,cloudflare,GET,/zones/{zone_id}/schema_validation/schemas/{schema_id}/operations,schema-validation-extract-operations-from-schema,Retrieve all operations from the schema,Retrieves all operations from the schema. Operations that already exist in API Shield Endpoint Management will be returned as full operations.
x22-2540,cloudflare,PUT,/organizations/{organization_id}/invites/{member_code},Organizations_handleOrganizationInvite,Handle organization invite,Accept or reject an invitation to a specific organization. (Currently in Public Beta - see https://developers.cloudflare.com/fundamentals/organizations/)
x22-3310,cloudflare,PUT,/zones/{zone_id}/origin_tls_client_auth/settings,zone-level-authenticated-origin-pulls-set-enablement-for-zone,Set Enablement for Zone,Enable or disable zone-level authenticated origin pulls. 'enabled' should be set true either before/after the certificate is uploaded to see the certificate in use.
x22-2876,cloudflare,GET,/user/load_balancers/pools/{pool_id}/references,load-balancer-pools-list-pool-references,List Pool References,Get the list of resources that reference the provided pool.
x22-1379,cloudflare,POST,/accounts/{account_id}/images/v1/variants,cloudflare-images-variants-create-a-variant,Create a variant,Create a CF Images variant that allows you to resize images for different use cases.
x22-0720,cloudflare,DELETE,/accounts/{account_id}/cloudforce-one/rules/{id},cloudforce-one-delete-rule,Delete a rule,Delete an existing rule.
x22-3969,pagerduty,PUT,/users/{id}/notification_rules/{notification_rule_id},updateUserNotificationRule,Update a user's notification rule,"Update a user's notification rule.

Users are members of a PagerDuty account that have the ability to interact with Incidents and other data on the account.

For more information see the [API Concepts Document](../../api-reference/a47605517c19a-api-concepts#users)

Scoped OAuth requires: `users:contact_methods.write`"
x22-0075,cloudflare,PUT,/accounts/{account_id}/access/bookmarks/{bookmark_id},access-bookmark-applications-(-deprecated)-update-a-bookmark-application,Update a Bookmark application,Updates a configured Bookmark application.
x22-1425,cloudflare,GET,/accounts/{account_id}/intel/domain-history,domain-history-get-domain-history,Get Domain History,Gets historical security threat and content categories currently and previously assigned to a domain.
x22-3664,pagerduty,DELETE,/enrichment/integrations/servicenow/credentials/{credentials_id},deleteServiceNowCredentials,Delete ServiceNow credentials,"Deletes the ServiceNow credentials. Credentials cannot be deleted while they are associated with an existing ServiceNow integration; delete the integration first.

<!-- theme: warning -->

> ### Early Access
> This API is in Early Access and may change at any time. Contact your PagerDuty account team to request access.

Scoped OAuth requires: `contextual_data.write`"
x22-0017,cloudflare,POST,/accounts/{account_identifier}/custom_pages/assets,custom-assets-for-an-account-create-a-custom-asset,Create a custom asset,Creates a new custom asset at the account level.
x22-3435,cloudflare,PATCH,/zones/{zone_id}/settings/rum,web-analytics-toggle-rum,Toggle RUM on/off for a zone,Toggles RUM on/off for an existing zone.
x22-3833,pagerduty,PUT,/rulesets/{id},updateRuleset,Update a Ruleset,"Update a Ruleset.
<!-- theme: warning -->
> ### End-of-life
> Rulesets and Event Rules will end-of-life soon. We highly recommend that you [migrate to Event Orchestration](https://support.pagerduty.com/docs/migrate-to-event-orchestration) as soon as possible so you can take advantage of the new functionality, such as improved UI, rule creation, APIs and Terraform support, advanced conditions, and rule nesting.

Rulesets allow you to route events to an endpoint and create collections of Event Rules, which define sets of actions to take based on event content.

For more information see the [API Concepts Document](../../api-reference/a47605517c19a-api-concepts#rulesets)

Scoped OAuth requires: `event_rules.write`"
x22-3360,cloudflare,DELETE,/zones/{zone_id}/rulesets/{ruleset_id}/versions/{ruleset_version},deleteZoneRulesetVersion,Delete a zone ruleset version,Deletes an existing version of a zone ruleset.
x22-3749,pagerduty,GET,/incident_workflows/triggers/{id},getIncidentWorkflowTrigger,Get a Trigger,"Retrieve an existing Incident Workflows Trigger

Scoped OAuth requires: `incident_workflows.read`"
x22-2426,cloudflare,POST,/accounts/{account_id}/workers/scripts/{script_name}/subdomain,worker-script-post-subdomain,Update Worker Script Subdomain,Enable or disable a Worker script on the workers.dev subdomain.
x22-1509,cloudflare,GET,/accounts/{account_id}/logs/audit/{id}/history,audit-logs-v2-get-account-audit-log-history,Get resource change history from an account audit log entry (Version 2),"Returns the chronological change history for the resource identified by the given audit log entry.

The endpoint first locates the source audit log entry by `id` (using `action_time` to narrow the lookup window), derives identifying filters from that entry, and then returns matching audit logs within the `since`/`before` window.

The `result_info.history_status` field indicates the quality of the resource identification used:
- `exact`: Resource was identified by the resource URI.
- `approximate`: Resource was identified without the resource URI.
- `unavailable`: The source audit log entry did not contain enough information to identify the resource; an empty result is returned."
x22-0051,cloudflare,POST,/accounts/{account_id}/access/ai-controls/mcp/servers/{id}/sync,mcp-portals-api-sync-server,Sync MCP Server Capabilities,"Syncs an MCP server's capabilities and returns the updated server state, including any connection errors."
x22-1557,cloudflare,GET,/accounts/{account_id}/magic/advanced_tcp_protection/configs/tcp_flow_protection/filters/{filter_id},getTcpFlowProtectionFilter,Get TCP Flow Protection filter.,Get a TCP Flow Protection filter specified by the given UUID.
x22-1549,cloudflare,POST,/accounts/{account_id}/magic/advanced_tcp_protection/configs/syn_protection/rules,createSynProtectionRule,Create SYN Protection rule.,Create a SYN Protection rule for an account.
x22-0826,cloudflare,DELETE,/accounts/{account_id}/cloudforce-one/v2/threat-signals/curated-feeds/{curated_feed_id},rssCuratedFeedDelete,Delete curated Threat Signals feed,Delete curated Threat Signals feed.
x22-2115,cloudflare,GET,/accounts/{account_id}/shares,shares-list,List account shares,Lists all account shares.
x22-3948,pagerduty,PUT,/templates/{id},updateTemplate,Update a template,"Update an existing template

Scoped OAuth requires: `templates.write`"
x22-3781,pagerduty,GET,/incidents/{id}/status_updates/subscribers,getIncidentNotificationSubscribers,List Notification Subscribers,"Retrieve a list of Notification Subscribers on the Incident.

<!-- theme: warning -->
> Users must be added through `POST /incident/{id}/status_updates/subscribers` to be returned from this endpoint.
Scoped OAuth requires: `subscribers.read`"
x22-3786,pagerduty,GET,/incidents/types/{type_id_or_name},getIncidentType,Get an Incident Type,"Get detailed information about a single incident type. Accepts either an incident type id, or an incident type name.

Incident Types are a feature which will allow customers to categorize incidents, such as a security incident, a major incident, or a fraud incident.

For more information see the [API Concepts Document](../../api-reference/a47605517c19a-api-concepts#incident)

Scoped OAuth requires: `incident_types.read`"
x22-0797,cloudflare,GET,/accounts/{account_id}/cloudforce-one/v2/requests/{project_type}/constants,get_RequestConstants,Get request constants,"Returns available priorities, statuses, and TLP levels for request workflows"
x22-1324,cloudflare,PUT,/accounts/{account_id}/gateway/logging,zero-trust-accounts-update-logging-settings-for-the-zero-trust-account,Update Zero Trust account logging settings,Update logging settings for the current Zero Trust account.
x22-3643,pagerduty,GET,/business_services/impactors,getBusinessServiceTopLevelImpactors,List Impactors affecting Business Services,"Retrieve a list of Impactors for the top-level Business Services on the account. Impactors are currently limited to Incidents.

This endpoint does not return an exhaustive list of Impactors but rather provides access to the highest priority Impactors for the Business Services in question up to the limit of 200.

To get Impactors for a specific set of Business Services, use the `ids[]` parameter.

The returned Impactors are sorted first by priority and secondarily by their creation date.
Scoped OAuth requires: `services.read`"
x22-2440,cloudflare,GET,/accounts/{account_id}/workers/subdomain,worker-subdomain-get-subdomain,Get a Workers Subdomain,Returns a Workers subdomain for an account.
x22-0096,cloudflare,PUT,/accounts/{account_id}/access/groups/{group_id},access-groups-update-an-access-group,Update an Access group,Updates a configured Access group.
x22-2295,cloudflare,POST,/accounts/{account_id}/vectorize/v2/indexes/{index_name}/query,vectorize-query-vector,Query Vectors,Finds vectors closest to a given vector in an index.
x22-1140,cloudflare,GET,/accounts/{account_id}/dns_firewall,dns-firewall-list-dns-firewall-clusters,List DNS Firewall Clusters,List DNS Firewall clusters for an account
x22-2656,cloudflare,GET,/radar/bots/crawlers/summary/{dimension},radar-get-crawlers-summary,Get crawler HTTP request distribution by dimension,"Retrieves an aggregated summary of HTTP requests from crawlers, grouped by the specified dimension."
x22-0674,cloudflare,GET,/accounts/{account_id}/cloudforce-one/requests/priority/quota,cloudforce-one-priority-quota,Get Priority Intelligence Requirement Quota,Retrieves quota usage for Cloudforce One priority requests.
x22-1151,cloudflare,PATCH,/accounts/{account_id}/dns_settings,dns-settings-for-an-account-update-dns-settings,Update DNS Settings,Update DNS settings for an account
x22-0029,cloudflare,GET,/accounts/{account_id}/abuse-reports/submitted/{report_id},GetSubmittedAbuseReport,Get a submitted abuse report,Retrieve a report submitted by the account.
x22-0863,cloudflare,GET,/accounts/{account_id}/connectivity/directory/services/{service_id},connectivity-services-get,Get Workers VPC connectivity service,Fetches a single Workers VPC connectivity service by its ID.
x22-3500,cloudflare,DELETE,/zones/{zone_id}/ssl/certificate_packs/{certificate_pack_id},certificate-packs-delete-advanced-certificate-manager-certificate-pack,Delete Advanced Certificate Manager Certificate Pack,"For a given zone, delete an advanced certificate pack."
x22-0702,cloudflare,DELETE,/accounts/{account_id}/cloudforce-one/rules/exemptions,cloudforce-one-remove-account-exemptions,Remove patterns from exemption rules,Remove regex patterns from per-account exemption rules. Missing keys leave that type untouched; non-existent patterns are silently skipped.
x22-1330,cloudflare,PUT,/accounts/{account_id}/gateway/pacfiles/{pacfile_id},zero-trust-gateway-pacfiles-update,Update a Zero Trust Gateway PAC file,Update a configured Zero Trust Gateway PAC file.
x22-0688,cloudflare,POST,/accounts/{account_id}/cloudforce-one/requests/{request_id}/message,cloudforce-one-request-message-list,List Request Messages,Lists messages in a Cloudforce One intelligence request conversation.
x22-0820,cloudflare,DELETE,/accounts/{account_id}/cloudforce-one/v2/threat-signals/articles/{article_id}/tags/{tag_id},rssArticleTagRemove,Remove tag from Threat Signals article,Remove tag from Threat Signals article.
x22-2080,cloudflare,DELETE,/accounts/{account_id}/secondary_dns/peers/{peer_id},secondary-dns-(-peer)-delete-peer,Delete Peer,Delete Peer.
x22-4145,sentry,GET,/api/0/organizations/{organization_id_or_slug}/sentry-app-components/,listOrganizationSentryAppComponents,List an Organization's Installed Sentry App Components,"**Experimental:** This API is under active development and may change.

Retrieve prepared UI components for installed custom integrations, including issue-link forms."
x22-3581,pagerduty,POST,/addons,createAddon,Install an Add-on,"Install an Add-on for your account.

Addon's are pieces of functionality that developers can write to insert new functionality into PagerDuty's UI.

Given a configuration containing a `src` parameter, that URL will be embedded in an `iframe` on a page that's available to users from a drop-down menu.

For more information see the [API Concepts Document](../../api-reference/a47605517c19a-api-concepts#add-ons)

Scoped OAuth requires: `addons.write`"
x22-3970,pagerduty,DELETE,/users/{id}/notification_rules/{notification_rule_id},deleteUserNotificationRule,Delete a user's notification rule,"Remove a user's notification rule.

Users are members of a PagerDuty account that have the ability to interact with Incidents and other data on the account.

For more information see the [API Concepts Document](../../api-reference/a47605517c19a-api-concepts#users)

Scoped OAuth requires: `users:contact_methods.write`"
x22-4221,sentry,POST,/api/0/projects/{organization_id_or_slug}/{project_id_or_slug}/repo/,linkProjectRepository,Link a Repository to a Project,"Link a repository to a project. The repository must already exist
in the organization (connected via a VCS integration). Idempotent:
returns 200 if the link already exists, 201 if created."
x22-0921,cloudflare,GET,/accounts/{account_id}/data-security/posture/policies/{policy_id},GetPolicyByID,Get a policy configuration by ID,"Retrieves the details of a specific policy configuration, including its
associated remediation and webhook actions."
x22-0995,cloudflare,POST,/accounts/{account_id}/devices/revoke,devices-revoke-devices,Revoke devices (deprecated),"Revokes a list of devices. Not supported when [multi-user mode](https://developers.cloudflare.com/cloudflare-one/connections/connect-devices/warp/deployment/mdm-deployment/windows-multiuser/) is enabled.

**Deprecated**: please use POST /accounts/{account_id}/devices/registrations/revoke instead."
x22-1218,cloudflare,POST,/accounts/{account_id}/email-security/settings/trusted_domains,email_security_create_trusted_domain,Create trusted email domain,Creates a new trusted domain pattern. Use for partner domains or approved senders that should bypass recent domain registration and similarity checks. Configure whether it prevents recent domain or spoof dispositions.
x22-1139,cloudflare,GET,/accounts/{account_id}/dls/regions/{region_id},publicGetRegion,Get a DLS region,
x22-1019,cloudflare,GET,/accounts/{account_id}/dex/fleet-status/over-time,dex-fleet-status-over-time,Get over time aggregate details for devices by dimension,"Get aggregate details for devices using WARP, up to 7 days."
x22-3268,cloudflare,POST,/zones/{zone_id}/logpush/validate/destination/exists,post-zones-zone_id-logpush-validate-destination-exists,Check destination exists,Checks if there is an existing job with a destination.
x22-1178,cloudflare,POST,/accounts/{account_id}/email-security/settings/allow_policies,email_security_create_allow_policy,Create email allow policy,Creates a new allow policy that exempts matching emails from security detections. Use with caution as this bypasses email security scanning. Policies can match on sender patterns and apply to specific detections or all detections.
x22-1854,cloudflare,POST,/accounts/{account_id}/queues/{queue_id}/messages/preview/ack,queues-ack-preview-messages,Delete Previewed Queue Messages,Delete messages returned by the legacy preview endpoint. This deprecated route is retained for compatibility; use the peek and purge endpoints for new integrations. Deleting messages this way does not count as delivery and does not affect metrics.
x22-3303,cloudflare,PUT,/zones/{zone_id}/origin_tls_client_auth/hostnames,per-hostname-authenticated-origin-pull-enable-or-disable-a-hostname-for-client-authentication,Enable or Disable a Hostname for Client Authentication,"Associate a hostname to a certificate and enable, disable or invalidate the association. If disabled, client certificate will not be sent to the hostname even if activated at the zone level. 100 maximum associations on a single certificate are allowed. Note: Use a null value for parameter *enabled* to invalidate the association."
x22-1071,cloudflare,GET,/accounts/{account_id}/dlp/document_fingerprints,dlp-document-fingerprints-read-all,Retrieve data about all document fingerprints.,Lists all document fingerprints configured for DLP scanning in the account.
x22-0309,cloudflare,GET,/accounts/{account_id}/ai-search/namespaces/{name}/instances/{id}/jobs,ai-search-namespace-instance-list-jobs,List Jobs,Lists indexing jobs for an AI Search instance.
x22-2795,cloudflare,GET,/radar/netflows/timeseries,radar-get-netflows-timeseries,Get network traffic time series,Retrieves network traffic (NetFlows) over time.
x22-4060,sentry,GET,/api/0/organizations/{organization_id_or_slug}/discover/saved/{query_id}/,getOrganizationDiscoverSavedQuery,Retrieve an Organization's Discover Saved Query,Retrieve a saved query.
x22-0435,cloudflare,DELETE,/accounts/{account_id}/brand-protection/logos/{logo_id},deleteAccountsAccountIdBrandProtectionLogosLogoId,Delete saved logo queries by ID,Return a success message after deleting saved logo queries by ID
x22-0768,cloudflare,GET,/accounts/{account_id}/cloudforce-one/v2/collections/{collection_id}/items,get_ItemQuery,Query collection items,Retrieves items from a collection with keyset pagination and optional column-based filters
x22-0106,cloudflare,GET,/accounts/{account_id}/access/idp_federation_grants,access-idp-federation-grants-list,List IdP federation grants,Lists the IdP federation grants owned by the account.
x22-3365,cloudflare,GET,/zones/{zone_id}/schema_validation/schemas/{schema_id},schema-validation-get-schema,Get details of a schema,Gets the contents and metadata of a specific OpenAPI schema uploaded to API Security.
x22-2935,cloudflare,GET,/zones/{zone_id}/access/certificates/settings,zone-level-access-mtls-authentication-list-mtls-certificates-hostname-settings,List all mTLS hostname settings,List all mTLS hostname settings for this zone.
x22-1624,cloudflare,POST,/accounts/{account_id}/magic/cloud/resources/policy-preview,resources-catalog-policy-preview,Preview Rego Query,Preview Rego query result against the latest resource catalog (Closed Beta).
x22-2430,cloudflare,DELETE,/accounts/{account_id}/workers/scripts/{script_name}/tails/{id},worker-tail-logs-delete-tail,Delete Worker Tail,Deletes a tail from a Worker.
x22-0727,cloudflare,POST,/accounts/{account_id}/cloudforce-one/v2/brand-protection/domain/matches/bulk-dismiss,post_BulkDismissMatches,Bulk dismiss or undismiss matches,"Dismiss or undismiss multiple matches in a single request. Accepts either the new format (matches: [{query_id, domain_id}]) for per-query control, or the legacy format (match_ids: [number]) which dismisses for all queries sharing each match's hash. Returns per-item success/error results."
x22-1511,cloudflare,POST,/accounts/{account_id}/logs/control/cmb/config,post-accounts-account_id-logs-control-cmb-config,Update CMB config,Updates CMB config.
x22-0535,cloudflare,DELETE,/accounts/{account_id}/calls/apps/{app_id},calls-apps-delete-app,Delete an SFU app,Deletes a Realtime SFU app.
x22-4080,sentry,GET,/api/0/organizations/{organization_id_or_slug}/issues/,listOrganizationIssues,List an Organization's Issues,"Return a list of issues for an organization. All parameters are supplied as query string parameters. A default query of `is:unresolved` is applied. To return all results, use an empty query value (i.e. ``?query=`)."
x22-1441,cloudflare,POST,/accounts/{account_id}/intel/miscategorization,miscategorization-create-miscategorization,Create Miscategorization,"Allows you to submit requests to change a domain’s category.

Requests that include category `169` (New Domains) or category `177` (Newly Seen)
in any of `content_adds`, `content_removes`, `security_adds`, or `security_removes`
will be rejected with a `400 Bad Request`. These categories are automatically
managed and fall off 30 days after they are applied."
x22-0575,cloudflare,GET,/accounts/{account_id}/cloudforce-one/events/countries,get_CountryRead,Retrieves countries information for all countries,Lists countries referenced in Cloudforce One threat intelligence data.
x22-4110,sentry,GET,/api/0/organizations/{organization_id_or_slug}/project-keys/,listOrganizationProjectKeys,List an Organization's Client Keys,"Return a list of client keys (DSNs) for all projects in an organization.

This paginated endpoint lists client keys across all projects in an organization. Each key includes the project ID
to identify which project it belongs to.

Query Parameters:
- team: Filter by team slug or ID to get keys only for that team's projects
- status: Filter by 'active' or 'inactive' to get keys with specific status"
x22-1871,cloudflare,GET,/accounts/{account_id}/r2-catalog/{bucket_name}/namespaces/{namespace}/tables/{table_name}/maintenance-configs,get-table-maintenance-config,Get table maintenance configuration,"Retrieve the maintenance configuration for a specific table,
including compaction settings."
x22-3117,cloudflare,PATCH,/zones/{zone_id}/dns_records/{dns_record_id},dns-records-for-a-zone-patch-dns-record,Update DNS Record,"Update an existing DNS record.

Notes:
- A/AAAA records cannot exist on the same name as CNAME records.
- NS records cannot exist on the same name as any other record type.
- Domain names are always represented in Punycode, even if Unicode
  characters were used when creating the record."
x22-0442,cloudflare,POST,/accounts/{account_id}/brand-protection/queries/bulk,postAccountsAccountIdBrandProtectionQueriesBulk,Create new saved string queries in bulk,Return a success message after creating new saved string queries in bulk
x22-2113,cloudflare,GET,/accounts/{account_id}/settings/ut-billing,account-settings-get-ut-billing-setting,Get Unique Transformations billing setting,"Retrieves the Unique Transformations billing configuration for an account.
When enabled, billing data is directed to the Transformations pipeline."
x22-0076,cloudflare,DELETE,/accounts/{account_id}/access/bookmarks/{bookmark_id},access-bookmark-applications-(-deprecated)-delete-a-bookmark-application,Delete a Bookmark application,Deletes a Bookmark application.
x22-4203,sentry,GET,/api/0/projects/{organization_id_or_slug}/{project_id_or_slug}/preprodartifacts/build-distribution/latest/,getProjectInstallableBuildLatest,Get the latest installable build for a project,"Get the latest installable build for a project.

Returns the latest installable build matching filter criteria.
When buildVersion is provided, also returns the current build and
whether an update is available."
x22-2791,cloudflare,GET,/radar/leaked_credential_checks/timeseries_groups/compromised,radar-get-leaked-credential-checks-timeseries-group-by-compromised,Get HTTP authentication requests by compromised credential status time series,Retrieves the distribution of HTTP authentication requests by compromised credential status over time.
x22-1887,cloudflare,PUT,/accounts/{account_id}/r2/buckets/{bucket_name}/domains/custom/{domain},r2-edit-custom-domain-settings,Configure Custom Domain Settings,Edit the configuration for a custom domain on an existing R2 bucket.
x22-3866,pagerduty,POST,/services/{id}/rules,createServiceEventRule,Create an Event Rule on a Service,"Create a new Event Rule on a Service.
<!-- theme: warning -->
> ### End-of-life
> Rulesets and Event Rules will end-of-life soon. We highly recommend that you [migrate to Event Orchestration](https://support.pagerduty.com/docs/migrate-to-event-orchestration) as soon as possible so you can take advantage of the new functionality, such as improved UI, rule creation, APIs and Terraform support, advanced conditions, and rule nesting.

Scoped OAuth requires: `services.write`"
x22-0816,cloudflare,POST,/accounts/{account_id}/cloudforce-one/v2/threat-signals/articles/{article_id}/skills/{skill_id}/diagnostic,rssArticleTagDiagnostic,Diagnose Threat Signals default tag skill,Diagnose Threat Signals default tag skill.
x22-1721,cloudflare,POST,/accounts/{account_id}/mnm/rules,magic-network-monitoring-rules-create-rules,Create rules,Create network monitoring rules for account. Currently only supports creating a single rule per API request.
x22-1473,cloudflare,DELETE,/accounts/{account_id}/load_balancers/pools/{pool_id},account-load-balancer-pools-delete-pool,Delete Pool,Delete a configured pool.
x22-3142,cloudflare,DELETE,/zones/{zone_id}/email/routing/rules/{rule_identifier},email-routing-routing-rules-delete-routing-rule,Delete routing rule,Delete a specific routing rule.
x22-2872,cloudflare,DELETE,/user/load_balancers/pools/{pool_id},load-balancer-pools-delete-pool,Delete Pool,Delete a configured pool.
x22-1192,cloudflare,POST,/accounts/{account_id}/email-security/settings/content_policies,email_security_create_content_policy,Create a content policy,Creates a new content policy. Emails whose subject or body matches the pattern will be subject to the configured action.
x22-2087,cloudflare,GET,/accounts/{account_id}/secrets_store/stores,secrets-store-list,List account stores,Lists all the stores in an account.
x22-2266,cloudflare,GET,/accounts/{account_id}/urlscanner/v2/dom/{scan_id},urlscanner-get-scan-dom-v2,Get URL scan's DOM,"Returns a plain text response, with the scan's DOM content as rendered by Chrome."
x22-2112,cloudflare,GET,/accounts/{account_id}/settings/transformations,account-settings-list-transformations,List Image Resizing configurations for account,"Returns a list of Image Resizing configurations across all zones for the account.
This endpoint is useful for retrieving the transformations (image_resizing) state
for all zones belonging to an account."
x22-1553,cloudflare,PATCH,/accounts/{account_id}/magic/advanced_tcp_protection/configs/syn_protection/rules/{rule_id},updateSynProtectionRule,Update SYN Protection rule.,Update a SYN Protection rule specified by the given UUID.
x22-2206,cloudflare,DELETE,/accounts/{account_id}/stream/{identifier}/captions/{language},stream-subtitles/-captions-delete-captions-or-subtitles,Delete captions or subtitles,Removes the captions or subtitles from a video.
x22-4218,sentry,GET,/api/0/projects/{organization_id_or_slug}/{project_id_or_slug}/replays/jobs/delete/,listProjectReplayDeletionJobs,List Replay Batch-Deletion Jobs,Retrieve a collection of replay delete jobs.
x22-2096,cloudflare,PATCH,/accounts/{account_id}/secrets_store/stores/{store_id}/secrets/{secret_id},secrets-store-patch-by-id,Patch a secret,Updates a single secret.
x22-1963,cloudflare,GET,/accounts/{account_id}/realtime/kit/{app_id}/sessions/{session_id}/participants/{participant_id},GetParticipantDetails,Fetch details of a participant,Returns details of the given participant ID for the given session ID. Use the peer report endpoint to retrieve call statistics.
x22-0663,cloudflare,POST,/accounts/{account_id}/cloudforce-one/events/{event_id},post_EventUpdate,Updates an event,Updates an event
x22-0641,cloudflare,PATCH,/accounts/{account_id}/cloudforce-one/events/tag-categories/{category_uuid},patch_TagCategoryUpdate,Updates a tag category (SoT),Updates a Source-of-Truth tag category by UUID.
x22-0540,cloudflare,DELETE,/accounts/{account_id}/calls/turn_keys/{key_id},calls-delete-turn-key,Delete TURN key,Deletes a Realtime TURN key.
x22-2774,cloudflare,GET,/radar/http/top/ases/os/{os},radar-get-http-top-ases-by-operating-system,Get top ASes by HTTP requests for an OS,"Retrieves the top autonomous systems, by HTTP requests, of the requested operating system."
x22-3353,cloudflare,PUT,/zones/{zone_id}/rulesets/{ruleset_id},updateZoneRuleset,Update a zone ruleset,"Updates a zone ruleset, creating a new version."
x22-3630,pagerduty,GET,/automation_actions/runners/{id}/teams/{team_id},getAutomationActionsRunnerTeamAssociation,Get the details of a runner / team relation,Gets the details of a runner / team relation
x22-1756,cloudflare,POST,/accounts/{account_id}/one/integrations,create_integration_v2,Create integration,"Creates a new integration for the specified application. Integration creation with OAuth is not supported by API at the moment. For other auth methods, use `GET /v2/applications/{application_id}/credential-guide` to see the required credential structure and example payloads for each vendor."
x22-0315,cloudflare,POST,/accounts/{account_id}/ai-search/namespaces/{name}/instances/{id}/search,ai-search-namespace-instance-search,Search,Executes a semantic search query against an AI Search instance to find relevant indexed content.
x22-2614,cloudflare,GET,/radar/attacks/layer7/summary/http_version,radar-get-attacks-layer7-summary-by-http-version,Get layer 7 attacks by HTTP version summary,Retrieves the distribution of layer 7 attacks by HTTP version.
x22-2433,cloudflare,GET,/accounts/{account_id}/workers/scripts/{script_name}/versions,worker-versions-list-versions,List Versions,List of Worker Versions. The first version in the list is the latest version.
x22-2024,cloudflare,GET,/accounts/{account_id}/rules/lists/{list_id}/items/{item_id},lists-get-a-list-item,Get a list item,Fetches a list item in the list.
x22-4064,sentry,GET,/api/0/organizations/{organization_id_or_slug}/eventids/{event_id}/,resolveOrganizationEventId,Resolve an Event ID,This resolves an event ID to the project slug and internal issue ID and internal event ID.
x22-0387,cloudflare,POST,/accounts/{account_id}/artifacts/namespaces/{namespace}/tokens,artifacts_tokens_create,Create a repository token,Creates a scoped Git token for a repository.
x22-3495,cloudflare,POST,/zones/{zone_id}/ssl/analyze,analyze-certificate-analyze-certificate,Analyze Certificate,"Returns the set of hostnames, the signature algorithm, and the expiration date of the certificate."
x22-3751,pagerduty,DELETE,/incident_workflows/triggers/{id},deleteIncidentWorkflowTrigger,Delete a Trigger,"Delete an existing Incident Workflow Trigger

Scoped OAuth requires: `incident_workflows.write`"
x22-3933,pagerduty,GET,/teams/{id},getTeam,Get a team,"Get details about an existing team.

A team is a collection of Users and Escalation Policies that represent a group of people within an organization.

For more information see the [API Concepts Document](../../api-reference/a47605517c19a-api-concepts#teams)

Scoped OAuth requires: `teams.read`"
x22-4146,sentry,GET,/api/0/organizations/{organization_id_or_slug}/sentry-apps/,listOrganizationSentryApps,Retrieve the custom integrations created by an organization,Retrieve the custom integrations for an organization
x22-3783,pagerduty,POST,/incidents/{id}/status_updates/unsubscribe,removeIncidentNotificationSubscribers,Remove Notification Subscriber,"Unsubscribes the matching Subscribers from Incident Status Update Notifications.

Scoped OAuth requires: `subscribers.write`"
x22-3113,cloudflare,GET,/zones/{zone_id}/dns_records/usage,dns-records-for-a-zone-get-usage,Get DNS Record Usage,"Get the current DNS record usage for a zone, including the number of records and the quota limit."
x22-0510,cloudflare,PATCH,/accounts/{account_id}/builds/triggers/{trigger_uuid}/environment_variables,upsertEnvironmentVariables,Set build variables,Add or replace build-time variables and secrets without changing unspecified keys.
x22-0072,cloudflare,GET,/accounts/{account_id}/access/bookmarks,access-bookmark-applications-(-deprecated)-list-bookmark-applications,List Bookmark applications,Lists Bookmark applications.
x22-1420,cloudflare,GET,/accounts/{account_id}/intel/attack-surface-report/issues/severity,get-security-center-issue-counts-by-severity,Retrieves Security Center Issue Counts by Severity,Retrieves Security Center issue counts aggregated by severity level.
x22-3884,pagerduty,PUT,/services/{id}/enablements/{feature_name},updateServiceFeatureEnablement,Update an Enablement for a Service,"Update the feature enablement setting for a specific product addon on a service. This setting controls enabling or disabling the set of features contained within the addon.
Currently, only `aiops` is supported as a valid feature enablement.

**Warning conditions**:
- If the account is not entitled to use AIOps features, the setting will be updated, but a warning will be returned.

Scoped OAuth requires: `services.write`"
x22-4028,pagerduty,DELETE,/webhook_subscriptions/oauth_clients/{id},deleteOauthClient,Delete an OAuth client,"Delete an OAuth client. This will also remove the OAuth client association from any webhook subscriptions using it.

Requires admin or owner role permissions."
x22-1181,cloudflare,PUT,/accounts/{account_id}/email-security/settings/allow_policies/{policy_id},email_security_replace_allow_policy,Replace an email allow policy,"Replaces an existing allow policy in full. Unlike PATCH, every field is taken from the request body, so optional fields that are omitted are reset rather than left untouched. Use this when managing policies declaratively."
x22-0110,cloudflare,GET,/accounts/{account_id}/access/keys,access-key-configuration-get-the-access-key-configuration,Get the Access key configuration,Gets the Access key rotation settings for an account.
x22-3983,pagerduty,GET,/users/{id}/status_update_notification_rules,getUserStatusUpdateNotificationRules,List a user's status update notification rules,"List status update notification rules of your PagerDuty user.

Users are members of a PagerDuty account that have the ability to interact with Incidents and other data on the account.

For more information see the [API Concepts Document](../../api-reference/a47605517c19a-api-concepts#users)

Scoped OAuth requires: `users.read`"
x22-2949,cloudflare,DELETE,/zones/{zone_id}/access/identity_providers/{identity_provider_id},zone-level-access-identity-providers-delete-an-access-identity-provider,Delete an Access identity provider,Deletes an identity provider from Access.
x22-1778,cloudflare,POST,/accounts/{account_id}/pages/projects/{project_name}/domains,pages-domains-add-domain,Add domain,Add a new domain for the Pages project.
x22-3454,cloudflare,GET,/zones/{zone_id}/settings/zaraz/workflow,get-zones-zone_identifier-zaraz-workflow,Get Zaraz workflow,Gets Zaraz workflow for a zone.
x22-0560,cloudflare,GET,/accounts/{account_id}/cloudforce-one/banner/{config_id},get_GetBanners,Get the Latest Banner Grab Result,"Retrieves the latest banner grab results for a Cloudforce One scan configuration, including service banners from open ports."
x22-1153,cloudflare,POST,/accounts/{account_id}/dns_settings/views,dns-views-for-an-account-create-internal-dns-views,Create Internal DNS View,Create Internal DNS View for an account
x22-1943,cloudflare,PATCH,/accounts/{account_id}/realtime/kit/{app_id}/meetings/{meeting_id}/participants/{participant_id},edit_participant,Edit a participant's detail,Updates a participant's details for the given meeting and participant ID.
x22-0903,cloudflare,GET,/accounts/{account_id}/data-security/posture/finding_types,ListFindingTypes,List all finding types,List all available finding types with pagination support.
x22-2489,cloudflare,GET,/accounts/{account_id}/zerotrust/connectivity_settings,zero-trust-accounts-get-connectivity-settings,Get Zero Trust Connectivity Settings,Gets the Zero Trust Connectivity Settings for the given account.
x22-2125,cloudflare,GET,/accounts/{account_id}/shares/{share_id}/recipients,share-recipients-list,List share recipients by share ID,"List share recipients by share ID. Returns **all** recipients
regardless of their `association_status` (associating, associated,
disassociating, disassociated). Callers that want only ""active""
recipients must filter client-side on the `association_status` field."
x22-1247,cloudflare,GET,/accounts/{account_id}/email/sending/suppression,get_publicListSuppressionSending,List account email suppressions,Lists email suppressions for the specified account.
x22-3040,cloudflare,PATCH,/zones/{zone_id}/cache/origin_cloud_regions,origin-cloud-regions-upsert,Create or update an origin cloud region mapping,"Adds or updates a single IP-to-cloud-region mapping for the zone. Unlike POST, this operation is idempotent — if a mapping for the IP already exists it is overwritten. Returns the complete updated list of all mappings for the zone. Returns 403 (code 1164) when the zone has reached the limit of 3,500 IP mappings."
x22-1472,cloudflare,PUT,/accounts/{account_id}/load_balancers/pools/{pool_id},account-load-balancer-pools-update-pool,Update Pool,Modify a configured pool.
x22-2249,cloudflare,GET,/accounts/{account_id}/tokens/verify,account-api-tokens-verify-token,Verify Token,Test whether a token works.
x22-3295,cloudflare,DELETE,/zones/{zone_id}/origin/cloud_regions/batch,origin-cloud-regions-v2-batch-delete,Batch delete origin cloud region mappings,Removes up to 100 IP-to-cloud-region mappings in a single request. Each IP is validated independently — successfully deleted items are returned in the `succeeded` array and IPs that could not be found or are invalid are returned in the `failed` array.
x22-4057,sentry,DELETE,/api/0/organizations/{organization_id_or_slug}/detectors/{detector_id}/,deleteOrganizationDetector,Delete a Monitor,Delete a monitor
x22-2752,cloudflare,GET,/radar/http/summary/post_quantum,radar-get-http-summary-by-post-quantum,Get HTTP requests by post-quantum support summary,Retrieves the distribution of HTTP requests by post-quantum support.
x22-4078,sentry,DELETE,/api/0/organizations/{organization_id_or_slug}/integrations/{integration_id}/,deleteOrganizationIntegration,Delete an Integration for an Organization,"OrganizationIntegrationBaseEndpoints expect both Integration and
OrganizationIntegration DB entries to exist for a given organization and
integration_id."
x22-0453,cloudflare,GET,/accounts/{account_id}/brand-protection/tracked-domains,getAccountsAccountIdBrandProtectionTrackedDomains,Read submitted domains by pattern,Return submitted domains based on pattern
x22-3641,pagerduty,GET,/business_services/{id}/supporting_services/impacts,getBusinessServiceSupportingServiceImpacts,"List the supporting Business Services for the given Business Service Id, sorted by impacted status.","Retrieve of Business Services that support the given Business Service sorted by highest Impact with `status` included.
This endpoint does not return an exhaustive list of Business Services but rather provides access to the most impacted up to the limit of 200.

The returned Business Services are sorted first by Impact, secondarily by most recently impacted, and finally by name.

To get impact information about a specific set of Business Services, use the `ids[]` parameter on the `/business_services/impacts` endpoint.
Scoped OAuth requires: `services.read`"
x22-1784,cloudflare,DELETE,/accounts/{account_id}/pages/projects/{project_name}/source,pages-project-disconnect-project-source,Disconnect project source,Disconnect the Git repository source from an existing Pages project.
x22-2019,cloudflare,DELETE,/accounts/{account_id}/rules/lists/{list_id},lists-delete-a-list,Delete a list,Deletes a specific list and all its items.
x22-4194,sentry,PUT,/api/0/projects/{organization_id_or_slug}/{project_id_or_slug}/monitors/{monitor_id_or_slug}/,updateProjectMonitor,Update a Monitor for a Project,Update a monitor.
x22-1941,cloudflare,PUT,/accounts/{account_id}/realtime/kit/{app_id}/meetings/{meeting_id}/participants/{participant_id},replace_participant,Replace a participant's detail,Replaces a participant's details for the given meeting and participant ID.
x22-1832,cloudflare,GET,/accounts/{account_id}/pipelines/{pipeline_name},getV4AccountsByAccount_idPipelinesByPipeline_name_deprecated,[DEPRECATED] Get Pipeline,[DEPRECATED] Get configuration of a pipeline. Use the new /pipelines/v1/pipelines endpoint instead.
x22-1384,cloudflare,GET,/accounts/{account_id}/images/v1/{image_id},cloudflare-images-image-details,Image details,Fetch details for a CF Images image.
x22-0132,cloudflare,GET,/accounts/{account_id}/access/saml_certificates/{saml_cert_set_id},access-saml-certificates-get-certificate-set,Get SAML certificate set,"Retrieves a specific SAML encryption certificate set by its UID, including both current and previous certificates if available."
x22-1143,cloudflare,DELETE,/accounts/{account_id}/dns_firewall/{dns_firewall_id},dns-firewall-delete-dns-firewall-cluster,Delete DNS Firewall Cluster,Delete a DNS Firewall cluster
x22-2230,cloudflare,GET,/accounts/{account_id}/tags/summary,tags-list-key-summary,List tag key summary,Lists all distinct tag keys and their distinct values across resources in an account.
x22-0129,cloudflare,GET,/accounts/{account_id}/access/policy-tests/{policy_test_id},access-policy-tests-get-an-update,Get the current status of a given Access policy test,Fetches the current status of a given Access policy test.
x22-0672,cloudflare,POST,/accounts/{account_id}/cloudforce-one/requests/priority,cloudforce-one-priority-list,List Priority Intelligence Requirements,Lists priority intelligence requests in Cloudforce One.
x22-3069,cloudflare,POST,/zones/{zone_id}/content-upload-scan/payloads,waf-content-scanning-add-custom-scan-expressions,Create Content Scanning custom expressions for a zone.,"Create one or more Content Scanning custom expressions, appending them to the existing list of the zone, and return the updated list. Each expression reaches content objects the scanner cannot find automatically, for example `lookup_json_string(http.request.body.raw, ""file"")`."
x22-2055,cloudflare,POST,/accounts/{account_id}/scim/v2/Groups,scim-groups-create,Create SCIM Group,Creates a new SCIM Group (user group) for the account. The `displayName` must not be empty and must not begin with `CF` (reserved for system groups).
x22-3695,pagerduty,GET,/event_orchestrations/{id}/unrouted,getOrchPathUnrouted,Get the Unrouted Orchestration for an Event Orchestration,"Get a Global Event Orchestration's Rules for Unrouted events.

An Unrouted Orchestration allows you to create a set of Event Rules that will be evaluated against all events that don't match any rules in the Global Orchestration's Router. Events that reach the Unrouted Orchestration will never be routed to a specific Service.

The Unrouted Orchestration evaluates Events sent to it against each of its rules, beginning with the rules in the ""start"" set. When a matching rule is found, it can modify and enhance the event and can route the event to another set of rules within this Unrouted Orchestration for further processing.

For more information see the [API Concepts Document](../../api-reference/a47605517c19a-api-concepts#event-orchestrations)

Scoped OAuth requires: `event_orchestrations.read`"
x22-3038,cloudflare,GET,/zones/{zone_id}/cache/origin_cloud_regions,origin-cloud-regions-list,List origin cloud region mappings,"Returns all IP-to-cloud-region mappings configured for the zone. Each mapping tells Cloudflare which cloud vendor and region hosts the origin at that IP, enabling the edge to route via the nearest Tiered Cache upper-tier co-located with that cloud provider. Returns an empty array when no mappings exist."
x22-1755,cloudflare,GET,/accounts/{account_id}/one/integrations,list_integrations_v2,List integrations,Returns a paginated list of integrations for the account.
x22-2928,cloudflare,DELETE,/zones/{zone_id}/access/apps/{app_id}/policies/{policy_id},zone-level-access-policies-delete-an-access-policy,Delete an Access policy,Delete an Access policy.
x22-2605,cloudflare,GET,/radar/attacks/layer3/timeseries_groups/vector,radar-get-attacks-layer3-timeseries-group-by-vector,Get layer 3 attacks by vector time series,Retrieves the distribution of layer 3 attacks by vector over time.
x22-1686,cloudflare,PUT,/accounts/{account_id}/magic/sites/{site_id}/lans/{lan_id},magic-site-lans-update-lan,Update Site LAN,Update a specific Site LAN.
x22-0122,cloudflare,POST,/accounts/{account_id}/access/organizations/revoke_user,zero-trust-organization-revoke-all-access-tokens-for-a-user,Revoke all Access tokens for a user,Revokes a user's access across all applications.
x22-3086,cloudflare,GET,/zones/{zone_id}/custom_hostnames,custom-hostname-for-a-zone-list-custom-hostnames,List Custom Hostnames,"List, search, sort, and filter all of your custom hostnames."
x22-4130,sentry,GET,/api/0/organizations/{organization_id_or_slug}/replay-selectors/,listOrganizationReplaySelectors,List an Organization's Selectors,Return a list of selectors for a given organization.
x22-0487,cloudflare,POST,/accounts/{account_id}/browser-rendering/pdf,brapi-post_Pdf,Get PDF.,Fetches rendered PDF from provided URL or HTML. Check available options like `gotoOptions` and `waitFor*` to control page load behaviour.
x22-2625,cloudflare,GET,/radar/attacks/layer7/timeseries_groups/ip_version,radar-get-attacks-layer7-timeseries-group-by-ip-version,Get layer 7 attacks by IP version time series,Retrieves the distribution of layer 7 attacks by IP version used over time.
x22-2868,cloudflare,POST,/user/load_balancers/pools,load-balancer-pools-create-pool,Create Pool,Create a new pool.
x22-0670,cloudflare,GET,/accounts/{account_id}/cloudforce-one/requests/constants,cloudforce-one-request-constants,"Get Request Priority, Status, and TLP constants","Retrieves constant values used in Cloudforce One requests, including valid statuses and types."
x22-4238,sentry,PUT,/api/0/teams/{organization_id_or_slug}/{team_id_or_slug}/,updateTeam,Update a Team,"Update various attributes and configurable settings for the given
team."
x22-2968,cloudflare,GET,/zones/{zone_id}/addressing/regional_hostnames/{hostname},dls-zone-regional-hostnames-fetch,Fetch Regional Hostname,"Fetch the configuration for a specific Regional Hostname, within a zone."
x22-0214,cloudflare,POST,/accounts/{account_id}/ai-gateway/billing/topup,aig-billing-create-topup,Create a top-up,"Create a credit top-up for the given account, charged to the account's default payment method."
x22-0907,cloudflare,POST,/accounts/{account_id}/data-security/posture/findings/export,CreateFindingExportCSV,Create new findings export request,Creates a CSV export for findings and accepts optional filters in the payload.
x22-3718,pagerduty,PUT,/event_orchestrations/{id}/enablements/{feature_name},updateEventOrchestrationFeatureEnablements,Update an Enablement for an Event Orchestration,"Update the feature enablement setting for a specific product addon on an Event Orchestration. This setting controls enabling or disabling the set of features contained within the addon.
Currently, only `aiops` is supported as a valid feature enablement.

**Warning conditions**:
- If the account is not entitled to use AIOps features, the setting will be updated, but a warning will be returned.

Scoped OAuth requires: `event_orchestrations.write`"
x22-2287,cloudflare,POST,/accounts/{account_id}/vectorize/v2/indexes/{index_name}/delete_by_ids,vectorize-delete-vectors-by-id,Delete Vectors By Identifier,Delete a set of vectors from an index by their vector identifiers.
x22-2062,cloudflare,GET,/accounts/{account_id}/scim/v2/Schemas,scim-schemas-list,List SCIM Schemas,"Returns the list of SCIM schemas supported by the Cloudflare SCIM service (RFC 7643 Section 7, RFC 7644 Section 4). Clients use this to introspect the attributes of each resource type. Query parameters are not supported on this endpoint."
x22-0045,cloudflare,GET,/accounts/{account_id}/access/ai-controls/mcp/portals/{portal_id}/servers/{server_id}/effective-redirect-uri,mcp-portals-api-effective-redirect-uri,Resolve an MCP server OAuth redirect URI,"Resolves the OAuth redirect URI to register for a portal and server based on the server's current shared callback setting. Use the returned value when setting up a new manual OAuth registration. This value is for display only: existing manual OAuth registrations continue using their stored redirect URI, so changing callback settings can make this result differ from the URI used at runtime."
x22-0517,cloudflare,POST,/accounts/{account_id}/builds/workers/{script_name}/deploy_hooks,createDeployHook,Create a deploy hook,Create an HTTP hook that starts a build for a selected Worker branch.
x22-0883,cloudflare,DELETE,/accounts/{account_id}/custom_csrs/{custom_csr_id},custom-csrs-for-an-account-delete-custom-csr,Delete Custom CSR,Delete a custom Certificate Signing Request (CSR) and its associated private key.
x22-2304,cloudflare,POST,/accounts/{account_id}/vuln_scanner/credential_sets/{credential_set_id}/credentials,create-credential,Create credential,Creates a new credential within a credential set.
x22-3145,cloudflare,GET,/zones/{zone_id}/email/routing/suppression/{suppression_id},get_publicGetSuppressionZoneRouting,Get zone email suppression,Retrieves a single email suppression for the specified zone.
x22-0665,cloudflare,GET,/accounts/{account_id}/cloudforce-one/events/{event_id}/raw/{raw_id},get_EventRawRead,Reads data for a raw event,Retrieves raw threat event data for a specific event in Cloudforce One.
x22-2085,cloudflare,DELETE,/accounts/{account_id}/secondary_dns/tsigs/{tsig_id},secondary-dns-(-tsig)-delete-tsig,Delete TSIG,Delete TSIG.
x22-3569,cloudflare,PUT,/zones/{zone_id}/web3/hostnames/{identifier}/ipfs_universal_path/content_list/entries/{content_list_entry_identifier},web3-hostname-edit-ipfs-universal-path-gateway-content-list-entry,Edit IPFS Universal Path Gateway Content List Entry,
x22-4024,pagerduty,GET,/webhook_subscriptions/oauth_clients,listOauthClients,List OAuth clients,"List all OAuth clients for webhook subscriptions. Maximum of 10 clients per account.

Requires admin or owner role permissions."
x22-4187,sentry,GET,/api/0/projects/{organization_id_or_slug}/{project_id_or_slug}/keys/,listProjectKeys,List a Project's Client Keys,Return a list of client keys bound to a project.
x22-3525,cloudflare,GET,/zones/{zone_id}/token_validation/rules,token-validation-rules-list,List token validation rules,"Lists token validation rules for the zone, with filters for configuration, action, state, ID, and host."
x22-0404,cloudflare,GET,/accounts/{account_id}/billing/history,account-billing-history-get-billing-history,Get Account Billing History,Gets the billing history for an account.
x22-2214,cloudflare,GET,/accounts/{account_id}/stream/{identifier}/embed,stream-videos-retreieve-embed-code-html,Deprecated: Retrieve legacy embed code HTML,"Fetches the legacy HTML code snippet to embed a video in a web page delivered through Cloudflare. On success, returns an HTML fragment for use on web pages to display a video. On failure, returns a JSON response body."
x22-4196,sentry,GET,/api/0/projects/{organization_id_or_slug}/{project_id_or_slug}/monitors/{monitor_id_or_slug}/checkins/,listProjectMonitorCheckins,Retrieve Check-Ins for a Monitor by Project,Retrieve a list of check-ins for a monitor
x22-4077,sentry,GET,/api/0/organizations/{organization_id_or_slug}/integrations/{integration_id}/,getOrganizationIntegration,Retrieve an Integration for an Organization,"OrganizationIntegrationBaseEndpoints expect both Integration and
OrganizationIntegration DB entries to exist for a given organization and
integration_id."
x22-2167,cloudflare,GET,/accounts/{account_id}/stream,stream-videos-list-videos,List videos,"Lists up to 1000 videos from a single request. For a specific range, refer to the optional parameters."
x22-0773,cloudflare,POST,/accounts/{account_id}/cloudforce-one/v2/collections/{collection_id}/search,post_ItemSearch,Search items (advanced filtering),"Search collection items with advanced filtering. Supports operators (eq, neq, gt, lt, gte, lte, contains, is_empty, is_not_empty) and AND/OR logic for complex queries."
x22-2691,cloudflare,GET,/radar/dns/timeseries_groups/query_type,radar-get-dns-timeseries-group-by-query-type,Get DNS queries by type time series,Retrieves the distribution of DNS queries by type over time.
x22-1308,cloudflare,GET,/accounts/{account_id}/gateway/dns_destination_ips,zero-trust-dns-destination-ips-list-dns-destination-ips,List Zero Trust Gateway DNS destination IPv4 address pairs,List Zero Trust Gateway IPv4 address pairs for an account.
x22-1748,cloudflare,PATCH,/accounts/{account_id}/oauth_clients/{oauth_client_id},oauth-clients-update,Update OAuth Client,Update an existing OAuth client. Only include fields you want to update.
x22-1428,cloudflare,POST,/accounts/{account_id}/intel/indicator-feeds,custom-indicator-feeds-create-indicator-feeds,Create new indicator feed,Creates a new custom threat indicator feed for sharing threat intelligence data.
x22-2687,cloudflare,GET,/radar/dns/timeseries_groups/dnssec_e2e,radar-get-dns-timeseries-group-by-dnssec-e2e-version,Get DNS queries by DNSSEC end-to-end time series,Retrieves the distribution of DNSSEC-validated answers by end-to-end security status over time.
x22-3602,pagerduty,GET,/analytics/raw/incidents/{id},getAnalyticsIncidentsById,Get raw data - single incident,"Provides enriched incident data and metrics for a single incident.

Example metrics include Seconds to Resolve, Seconds to Engage, Snoozed Seconds, and Sleep Hour Interruptions. Metric definitions can be found in our [Knowledge Base](https://support.pagerduty.com/docs/insights#incidents-list).

<!-- theme: info -->
> **Note:** Data availability reflects [pipeline processing cycles](https://support.pagerduty.com/main/docs/insights#:~:text=Data%20Update%20Schedule) and is generally within 24 hours under normal conditions.

Scoped OAuth requires: `analytics.read`"
x22-1030,cloudflare,GET,/accounts/{account_id}/dex/traceroute-tests/{test_id},dex-endpoints-traceroute-test-details,Get details and aggregate metrics for a traceroute test,Get test details and aggregate performance metrics for a traceroute test for a given time period between 1 hour and 7 days.
x22-0054,cloudflare,GET,/accounts/{account_id}/access/apps/ca,access-short-lived-certificate-c-as-list-short-lived-certificate-c-as,List short-lived certificate CAs,Lists short-lived certificate CAs and their public keys.
x22-0403,cloudflare,GET,/accounts/{account_id}/billing/credits,account-billing-get-credits,Get Account Credits,Gets the credit balance and eligibility for an account.
x22-2232,cloudflare,GET,/accounts/{account_id}/teamnet/routes,tunnel-route-list-tunnel-routes,List tunnel routes,Lists and filters private network routes in an account.
x22-2492,cloudflare,POST,/accounts/{account_id}/zerotrust/routes/hostname,zero-trust-networks-route-hostname-create,Create hostname route,Create a hostname route.
x22-0182,cloudflare,GET,/accounts/{account_id}/addressing/prefixes/{prefix_id}/bgp/status,ip-address-management-dynamic-advertisement-get-advertisement-status,Get Advertisement Status,"View the current advertisement state for a prefix.

**Deprecated:** Prefer the BGP Prefixes endpoints, which additionally allow for advertising and withdrawing 
subnets of an IP prefix."
x22-2841,cloudflare,POST,/tenants/{tenant_tag}/custom_ns,tenant-level-custom-nameservers-add-tenant-custom-nameserver,Add Tenant Custom Nameserver,Adds a custom nameserver for a tenant.
x22-1215,cloudflare,DELETE,/accounts/{account_id}/email-security/settings/sending_domain_restrictions/{sending_domain_restriction_id},email_security_delete_sending_domain_restriction,Delete a sending domain restriction,"Removes a sending domain restriction. After deletion, TLS will no longer be enforced for emails from this domain."
x22-0049,cloudflare,PUT,/accounts/{account_id}/access/ai-controls/mcp/servers/{id},mcp-portals-api-update-servers,Update an MCP Server,Updates an MCP server's configuration and credentials.
x22-1754,cloudflare,GET,/accounts/{account_id}/one/applications/{application_id}/setup-flows,get_application_setup_flows_v2,Get application setup flows,"Returns all available setup flows for the application, one per auth method."
x22-3493,cloudflare,POST,/zones/{zone_id}/speed_api/schedule/{url},speed-create-scheduled-test,Create scheduled page test,Creates a scheduled test for a page.
x22-0475,cloudflare,GET,/accounts/{account_id}/browser-rendering/devtools/browser/{session_id}/json/list,brapi-get_DevtoolsJsonList,List targets.,"Returns a list of all debuggable targets including tabs, pages, service workers, and other browser contexts."
x22-0042,cloudflare,GET,/accounts/{account_id}/access/ai-controls/mcp/portals/{id},mcp-portals-api-fetch-gateways,Read details of an MCP Portal,"Read the details of a single MCP Portal, including its configured servers."
x22-1001,cloudflare,GET,/accounts/{account_id}/devices/{device_id},devices-device-details,Get device (deprecated),"Fetches a single WARP device. Not supported when [multi-user mode](https://developers.cloudflare.com/cloudflare-one/connections/connect-devices/warp/deployment/mdm-deployment/windows-multiuser/) is enabled for the account.

**Deprecated**: please use one of the following endpoints instead:
- GET /accounts/{account_id}/devices/physical-devices/{device_id}
- GET /accounts/{account_id}/devices/registrations/{registration_id}"
x22-3448,cloudflare,GET,/zones/{zone_id}/settings/zaraz/default,get-zones-zone_identifier-zaraz-default,Get default Zaraz configuration,Gets default Zaraz configuration for a zone.
x22-0875,cloudflare,POST,/accounts/{account_id}/containers/image-preparations,prepareContainerImage,Prepare a container image,Idempotently starts or observes preparation of the runtime artifacts required to run one digest-pinned managed container image on Cloudflare's network. Returns 202 while durable preparation continues and 200 when the image is ready or preparation has reached a terminal error.
x22-0284,cloudflare,GET,/accounts/{account_id}/ai-search/instances/{id}/jobs/{job_id}/logs,ai-search-instance-list-job-logs,List Job Logs,"Lists log entries for an AI Search indexing job.

Deprecated: use /accounts/{account_id}/ai-search/namespaces/{name}/instances (and descendant paths) instead."
x22-1874,cloudflare,GET,/accounts/{account_id}/r2-catalog/{bucket_name}/namespaces/{namespace}/tables/{table_name}/maintenance-runs,list-table-maintenance-runs,List table maintenance runs,Retrieves recent table maintenance runs for the current table.
x22-2002,cloudflare,GET,/accounts/{account_id}/reporting/reports,reporting-reports-list,List generated reports,Lists all generated reports for an account.
x22-2154,cloudflare,POST,/accounts/{account_id}/storage/kv/namespaces,workers-kv-namespace-create-a-namespace,Create a Namespace,Creates a namespace under the given title. A `400` is returned if the account already owns a namespace with this title. A namespace must be explicitly deleted to be replaced.
x22-1565,cloudflare,PATCH,/accounts/{account_id}/magic/advanced_tcp_protection/configs/tcp_flow_protection/rules/{rule_id},updateTcpFlowProtectionRule,Update TCP Flow Protection rule.,Update a TCP Flow Protection rule specified by the given UUID.
x22-1199,cloudflare,DELETE,/accounts/{account_id}/email-security/settings/domains,email_security_delete_domains,Unprotect multiple email domains,Removes protection from multiple email domains. Deprecated; use the batch endpoint instead.
x22-0204,cloudflare,POST,/accounts/{account_id}/agent-memory/namespaces/{namespace_name}/profiles/{profile_name}/recall,agent-memory-recall,Recall memories,Retrieves memories relevant to the query and returns a synthesized answer.
x22-0667,cloudflare,PATCH,/accounts/{account_id}/cloudforce-one/events/{event_id}/raw/{raw_id},patch_EventRawUpdate,Updates a raw event,"Partially updates raw threat event data in Cloudforce One, modifying specific fields of the event."
x22-2716,cloudflare,GET,/radar/email/security/summary/spf,radar-get-email-security-summary-by-spf,Get email SPF validation summary,Retrieves the distribution of emails by SPF (Sender Policy Framework) validation.
x22-2475,cloudflare,POST,/accounts/{account_id}/workflows/{workflow_name}/instances/batch/delete,wor-batch-delete-workflow-instances,Batch delete instances of a workflow,Deletes multiple workflow instances in a single batch operation.
x22-2268,cloudflare,GET,/accounts/{account_id}/urlscanner/v2/responses/{response_id},urlscanner-get-response-v2,Get raw response,Returns the raw response of the network request. Find the `response_id` in the `data.requests.response.hash`.
x22-3343,cloudflare,GET,/zones/{zone_id}/rate_limits/{rate_limit_id},rate-limits-for-a-zone-get-a-rate-limit,Get a rate limit,**Deprecated**: This endpoint returns 410 Gone. Please use the Rulesets API instead.
x22-1967,cloudflare,GET,/accounts/{account_id}/realtime/kit/{app_id}/webhooks,getAllWebhooks,Fetch all webhooks details,Returns details of all webhooks for an App.
x22-1530,cloudflare,POST,/accounts/{account_id}/magic/advanced_tcp_protection/configs/allowlist,createAllowlistedPrefix,Create allowlist prefix.,Create an allowlist prefix for an account.
x22-2003,cloudflare,GET,/accounts/{account_id}/reporting/reports/{report_id},reporting-reports-get,Get a generated report,Gets a generated report by identifier.
x22-1947,cloudflare,GET,/accounts/{account_id}/realtime/kit/{app_id}/presets/{preset_id},get-presets-preset_id,Fetch details of a preset,Fetches details of a preset using the provided preset ID
x22-2723,cloudflare,GET,/radar/email/security/timeseries_groups/dmarc,radar-get-email-security-timeseries-group-by-dmarc,Get email DMARC validation time series,"Retrieves the distribution of emails by DMARC (Domain-based Message Authentication, Reporting and Conformance) validation over time."
x22-1534,cloudflare,PATCH,/accounts/{account_id}/magic/advanced_tcp_protection/configs/allowlist/{prefix_id},updateAllowlistPrefix,Update allowlist prefix.,Update an allowlist prefix specified by the given UUID.
x22-2228,cloudflare,GET,/accounts/{account_id}/tags/keys,tags-list-keys,List tag keys,Lists all distinct tag keys used across resources in an account.
x22-2040,cloudflare,GET,/accounts/{account_id}/rulesets/{ruleset_id}/versions/{ruleset_version}/by_tag/{rule_tag},listAccountRulesetVersionRulesByTag,List an account ruleset version's rules by tag,Fetches the rules of a managed account ruleset version for a given tag.
x22-4090,sentry,DELETE,/api/0/organizations/{organization_id_or_slug}/members/{member_id}/teams/{team_id_or_slug}/,deleteOrganizationMemberTeam,Delete an Organization Member from a Team,"Delete an organization member from a team.

Note the permission scopes vary depending on the type of authorization token. The following
table outlines the accepted scopes.
<table style=""width: 100%;"">
    <tr style=""width: 50%;"">
        <td style=""width: 50%; text-align: center; font-weight: bold; vertical-align: middle;""><a href=""https://docs.sentry.io/api/auth/#auth-tokens"">Org Auth Token</a></td>
        <td style=""width: 50%; text-align: left;"">
            <ul style=""list-style-type: none; padding-left: 0;"">
                <li><strong style=""color: #9c5f99;"">&bull; org:write</strong></li>
                <li><strong style=""color: #9c5f99;"">&bull; org:admin</strong></li>
                <li><strong style=""color: #9c5f99;"">&bull; team:admin</strong></li>
            </ul>
        </td>
    </tr>
    <tr style=""width: 50%;"">
        <td style=""width: 50%; text-align: center; font-weight: bold; vertical-align: middle;""><a href=""https://docs.sentry.io/api/auth/#user-authentication-tokens"">User Auth Token</a></td>
        <td style=""width: 50%; text-align: left;"">
            <ul style=""list-style-type: none; padding-left: 0;"">
                <li><strong style=""color: #9c5f99;"">&bull; org:read*</strong></li>
                <li><strong style=""color: #9c5f99;"">&bull; org:write</strong></li>
                <li><strong style=""color: #9c5f99;"">&bull; org:admin</strong></li>
                <li><strong style=""color: #9c5f99;"">&bull; team:admin</strong></li>
                <li><strong style=""color: #9c5f99;"">&bull; org:read + team:admin**</strong></li>
            </ul>
        </td>
    </tr>
</table>


\***`org:read`** can only be used to remove yourself from the teams you are a member of.


\*\*Team Admins must have both **`org:read`** and **`team:admin`** scopes in their user
authorization token to delete members from their teams."
x22-0448,cloudflare,POST,/accounts/{account_id}/brand-protection/scan-page,postAccountsAccountIdBrandProtectionScanPage,Create new logo queries from URLs,Return new logo queries created from URLs
x22-3185,cloudflare,DELETE,/zones/{zone_id}/firewall/lockdowns/{lock_downs_id},zone-lockdown-delete-a-zone-lockdown-rule,Delete a Zone Lockdown rule,Deletes an existing Zone Lockdown rule.
x22-2246,cloudflare,GET,/accounts/{account_id}/tokens,account-api-tokens-list-tokens,List Tokens,"List all Account Owned API tokens created for this account. Results include active, disabled, and recently-expired tokens when include_expired is set to true."
x22-1605,cloudflare,PATCH,/accounts/{account_id}/magic/cloud/onramps/magic_wan_address_space,onramps-mwan-addr-space-patch,Patch Magic WAN Address Space,Update the Magic WAN Address Space (Closed Beta).
x22-0953,cloudflare,GET,/accounts/{account_id}/devices/physical-devices,list-devices,List devices,Lists WARP devices.
x22-1154,cloudflare,GET,/accounts/{account_id}/dns_settings/views/{view_id},dns-views-for-an-account-get-internal-dns-view,DNS Internal View Details,Get DNS Internal View
x22-0345,cloudflare,GET,/accounts/{account_id}/alerting/v3/destinations/webhooks/{webhook_id},notification-webhooks-get-a-webhook,Get a webhook,Get details for a single webhooks destination.
x22-2395,cloudflare,POST,/accounts/{account_id}/workers/observability/telemetry/keys,telemetry.keys.list,List keys,List all the keys in your telemetry events.
x22-3043,cloudflare,GET,/zones/{zone_id}/cache/origin_cloud_regions/supported_regions,origin-cloud-regions-supported-regions,List supported cloud vendors and regions,Returns the cloud vendors and regions that are valid values for origin cloud region mappings. Each region includes the Tiered Cache upper-tier colocation codes that will be used for cache routing when a mapping targeting that region is active. Requires the zone to have Tiered Cache enabled.
x22-2658,cloudflare,GET,/radar/bots/summary/{dimension},radar-get-bots-summary,Get bots HTTP requests distribution by dimension,Retrieves an aggregated summary of bots HTTP requests grouped by the specified dimension.
x22-3282,cloudflare,GET,/zones/{zone_id}/logs/received/fields,get-zones-zone_id-logs-received-fields,List fields,"Lists all fields available. The response is json object with key-value pairs, where keys are field names, and values are descriptions."
x22-0002,cloudflare,POST,/accounts,account-creation,Create an Account,"Create an Account. To create the Account within an Organization, provide `unit.id` and omit `standalone`. To create a standalone Free Account, provide `standalone: true` and omit `unit`. Providing both fields is invalid. If you omit both fields, Cloudflare can determine the destination only when the User is an administrator of exactly one Organization. Cloudflare creates the Account in that Organization; otherwise, the request returns an error."
x22-2412,cloudflare,GET,/accounts/{account_id}/workers/scripts/{script_name}/deployments/{deployment_id},worker-deployments-get-deployment,Get Worker Deployment,Get information about a Worker Deployment.
x22-3163,cloudflare,GET,/zones/{zone_id}/environments,zonesEnvironmentsList,List zone environments,Lists configured environments for a zone.
x22-1040,cloudflare,GET,/accounts/{account_id}/dlp/custom_prompt_topics,dlp-custom-prompt-topics-list,List custom prompt topics,Lists all DLP custom prompt topic entries in an account.
x22-4079,sentry,GET,/api/0/organizations/{organization_id_or_slug}/integrations/{integration_id}/repos/,listOrganizationIntegrationRepositories,List Repositories Available to an Integration,"**Experimental:** This API is under active development and may change.

Get the list of repositories available in an integration
````````````````````````````````````````````````````````

Gets all repositories that an integration makes available,
and indicates whether or not you can search repositories
by name.

:qparam string search: Name fragment to search repositories by.
:qparam bool installableOnly: If true, return only repositories that can be installed.
                              If false or not provided, return all repositories.
:qparam bool accessibleOnly: If true, only return repositories that the integration
                             installation has access to, filtering locally instead of
                             using the provider's search API which may return results
                             beyond the installation's scope."
x22-3560,cloudflare,POST,/zones/{zone_id}/web3/hostnames,web3-hostname-create-web3-hostname,Create Web3 Hostname,
x22-3836,pagerduty,POST,/rulesets/{id}/rules,createRulesetEventRule,Create an Event Rule,"Create a new Event Rule.
<!-- theme: warning -->
> ### End-of-life
> Rulesets and Event Rules will end-of-life soon. We highly recommend that you [migrate to Event Orchestration](https://support.pagerduty.com/docs/migrate-to-event-orchestration) as soon as possible so you can take advantage of the new functionality, such as improved UI, rule creation, APIs and Terraform support, advanced conditions, and rule nesting.

Rulesets allow you to route events to an endpoint and create collections of Event Rules, which define sets of actions to take based on event content.

For more information see the [API Concepts Document](../../api-reference/a47605517c19a-api-concepts#rulesets)

Note: Create and Update on rules will accept 'description' or 'summary' interchangeably as an extraction action target. Get and List on rules will always return 'summary' as the target. If you are expecting 'description' please change your automation code to expect 'summary' instead.

Scoped OAuth requires: `event_rules.write`"
x22-1528,cloudflare,PATCH,/accounts/{account_id}/magic/advanced_dns_protection/configs/dns_protection/rules/{rule_id},updateDnsProtectionRule,Update DNS Protection rule.,Update a DNS Protection rule specified by the given UUID.
x22-0419,cloudflare,PATCH,/accounts/{account_id}/brand-protection/alerts/clear,patchAccountsAccountIdBrandProtectionAlertsClear,Update verification statuses of tracked URLs to awaiting by ID,Return a success message after updating verification statuses of tracked URLs to awaiting by ID
x22-2983,cloudflare,PATCH,/zones/{zone_id}/api_gateway/discovery/operations,api-shield-api-patch-discovered-operations,Edit discovered web and API operations,Updates the state of one or more discovered web and API operations.
x22-4235,sentry,PUT,/api/0/sentry-apps/{sentry_app_id_or_slug}/,updateSentryApp,Update an existing custom integration.,Update an existing custom integration.
x22-1562,cloudflare,DELETE,/accounts/{account_id}/magic/advanced_tcp_protection/configs/tcp_flow_protection/rules,deleteTcpFlowProtectionRulesForAccount,Delete all TCP Flow Protection rules.,Delete all TCP Flow Protection rules for an account.
x22-3793,pagerduty,GET,/incidents/types/{type_id_or_name}/custom_fields/{field_id}/field_options,listIncidentTypeCustomField,List Field Options on a Custom Field,"List field options for a custom field.

Custom Fields (CF) are a feature which will allow customers to extend Incidents with their own custom data,
to provide additional context and support features such as customized filtering, search and analytics.
Custom Fields can be applied to different incident types.

Scoped OAuth requires: `custom_fields.read`"
x22-2107,cloudflare,PATCH,/accounts/{account_id}/security-center/insights/{issue_id}/classification,update-security-center-insight-classification,Updates Security Center Insight Classification,"Updates the user classification for a Security Center insight. Valid values are 'false_positive' or 'accept_risk'. To reset, set classification to null. Cannot change directly between classification values - must reset to null first."
x22-4002,pagerduty,GET,/v3/schedules/{id}/overrides,listOverrides,List overrides,"<!-- theme: info -->

> **Important note:** Shift-based schedules use the V3 API and are not compatible with V2 automations. **To create automations for Shift-Based Schedules, you need to:**
>
> 1. **Update your automations** to use the V3 API for all new shift-based schedules
> 2. **Keep the V2 endpoint** for your existing schedules
>
> An upgrade tool for existing schedules is coming soon; your legacy schedules will keep working in the meantime. [Learn more](https://support.pagerduty.com/main/docs/shift-based-schedules-api-upgrade-examples).

Retrieve overrides for a schedule within a time range.

**`since` and `until` are required.**"
x22-0547,cloudflare,PUT,/accounts/{account_id}/cfd_tunnel/{tunnel_id}/configurations,cloudflare-tunnel-configuration-put-configuration,Update Tunnel configuration,"Replaces the configuration for a remotely managed Cloudflare Tunnel, including its ingress rules and origin request settings."
