row_id,provider,method,path,operationId,summary,description
x22-1161,cloudflare,GET,/accounts/{account_id}/email-security/investigate/bulk/{job_id},email_security_get_bulk_job,Get bulk action job details,Returns the status and details of a specific bulk action job.
x22-2224,cloudflare,POST,/accounts/{account_id}/subscriptions/{subscription_identifier}/cancel-reason,account-subscriptions-create-cancel-reason,Create Cancel Reason,Records a cancellation reason for an account subscription.
x22-0492,cloudflare,POST,/accounts/{account_id}/browser-rendering/snapshot,brapi-post_Snapshot,Get HTML content and screenshot.,"Returns the page's HTML content and screenshot. Control page loading with `gotoOptions` and `waitFor*` options. Customize screenshots with `viewport`, `fullPage`, `clip` and others."
x22-1620,cloudflare,POST,/accounts/{account_id}/magic/cloud/providers/{provider_id}/discover,providers-discover,Run Discovery,Run discovery for a Cloud Integration (Closed Beta).
x22-2850,cloudflare,PUT,/user/communication_preferences,user-communication-preferences-update,Update communication preferences,"Set one or more communication preferences for the authenticated user. Supply a map of preference keys to subscription states, and an optional language locale. This endpoint does not modify email verification settings. Callers authenticate with standard Cloudflare API tokens or keys."
x22-0001,cloudflare,GET,/accounts,accounts-list-accounts,List Accounts,List all accounts you have ownership or verified access to.
x22-2524,cloudflare,DELETE,/certificates/{certificate_id},origin-ca-revoke-certificate,Revoke Certificate,Revoke an existing Origin CA certificate by its serial number. You can use an Origin CA Key as your User Service Key or an API token when calling this endpoint ([see above](#requests)).
x22-4127,sentry,PUT,/api/0/organizations/{organization_id_or_slug}/releases/{version}/files/{file_id}/,updateOrganizationReleaseFile,Update an Organization Release File,"Update metadata of an existing release file. Currently only the name of the file
can be changed."
x22-0637,cloudflare,POST,/accounts/{account_id}/cloudforce-one/events/relate/{event_id}/create,post_EventReferenceCreate,Creates event references for a event,Creates event references for a event
x22-0541,cloudflare,GET,/accounts/{account_id}/cfd_tunnel,cloudflare-tunnel-list-cloudflare-tunnels,List Cloudflare Tunnels,Lists and filters Cloudflare Tunnels in an account.
x22-1560,cloudflare,GET,/accounts/{account_id}/magic/advanced_tcp_protection/configs/tcp_flow_protection/rules,listTcpFlowProtectionRulesForAccount,List all TCP Flow Protection rules.,List all TCP Flow Protection rules for an account.
x22-4144,sentry,PATCH,/api/0/organizations/{organization_id_or_slug}/scim/v2/Users/{member_id},updateOrganizationScimV2User,Update an Organization Member's Attributes,Update an organization member's attributes with a SCIM PATCH Request.
x22-2184,cloudflare,PUT,/accounts/{account_id}/stream/live_inputs/{live_input_identifier}/outputs/{output_identifier},stream-live-inputs-update-an-output,Update an output,Updates the state of an output.
x22-1408,cloudflare,PUT,/accounts/{account_id}/infrastructure/targets/batch,infra-targets-put-batch,Create new targets,Adds one or more targets.
x22-4253,sentry,DELETE,/api/0/projects/{organization_id_or_slug}/{project_id_or_slug}/hooks/{hook_id}/,Remove a Service Hook,,Remove a service hook.
x22-3196,cloudflare,POST,/zones/{zone_id}/firewall/ua_rules,user-agent-blocking-rules-create-a-user-agent-blocking-rule,Create a User Agent Blocking rule,Creates a new User Agent Blocking rule in a zone.
x22-0135,cloudflare,PATCH,/accounts/{account_id}/access/seats,zero-trust-seats-update-a-user-seat,Update a user seat,Removes a user from a Zero Trust seat when both `access_seat` and `gateway_seat` are set to false.
x22-3335,cloudflare,POST,/zones/{zone_id}/pay-per-crawl/configuration,pay-per-crawl.createConfig,Creates pay-per-crawl config for a zone,Creates the pay-per-crawl config for a zone.
x22-4223,sentry,GET,/api/0/projects/{organization_id_or_slug}/{project_id_or_slug}/symbol-sources/,listProjectSymbolSources,Retrieve a Project's Symbol Sources,List custom symbol sources configured for a project.
x22-2150,cloudflare,DELETE,/accounts/{account_id}/sso_connectors/{sso_connector_id},delete-sso-connector,Delete SSO connector,Deletes an SSO connector from the account.
x22-0280,cloudflare,GET,/accounts/{account_id}/ai-search/instances/{id}/jobs,ai-search-instance-list-jobs,List Jobs,"Lists indexing jobs for an AI Search instance.

Deprecated: use /accounts/{account_id}/ai-search/namespaces/{name}/instances (and descendant paths) instead."
x22-2710,cloudflare,GET,/radar/email/routing/timeseries_groups/{dimension},radar-get-email-routing-timeseries-group,Get email routing time series grouped by dimension,Retrieves the distribution of email routing metrics grouped by dimension over time.
x22-0281,cloudflare,POST,/accounts/{account_id}/ai-search/instances/{id}/jobs,ai-search-instance-create-job,Create new job,"Creates a new indexing job for an AI Search instance.

Deprecated: use /accounts/{account_id}/ai-search/namespaces/{name}/instances (and descendant paths) instead."
x22-2539,cloudflare,GET,/organizations/{organization_id}/billable/usage,billable-usage-v2-get-organization-usage,"Get Organization Usage (Version 2, Alpha, Restricted)","Returns cost and usage data for all accounts within an organization,
aligned with the [FinOps FOCUS v1.3](https://focus.finops.org/focus-specification/v1-3/)
Cost and Usage dataset specification.

Each record represents one billable metric for one account on one day.
This includes all metered usage, including usage that falls within
free-tier allowances and may result in zero cost. The response
includes usage for every account belonging to the specified
organization.

**Note:** Cost and pricing fields are not yet populated and
will be absent from responses until billing integration is complete.

When `from` and `to` are omitted, defaults to the start of the current
month through today. The maximum date range is 31 days.

An organization with no accounts, or an organization ID that does not
exist, returns a successful response with an empty result set rather
than an error."
x22-1596,cloudflare,GET,/accounts/{account_id}/magic/cloud/catalog-syncs/{sync_id},catalog-syncs-read,Read Catalog Sync,Read a Catalog Sync (Closed Beta).
x22-2073,cloudflare,GET,/accounts/{account_id}/secondary_dns/acls/{acl_id},secondary-dns-(-acl)-acl-details,ACL Details,Get ACL.
x22-2987,cloudflare,GET,/zones/{zone_id}/api_gateway/labels,api-shield-labels-get-labels,List operation labels,Returns all managed and user-defined labels available for web and API operations in the zone.
x22-0660,cloudflare,PATCH,/accounts/{account_id}/cloudforce-one/events/update/bulk,patch_EventUpdateBulk,Bulk update events,Updates multiple events with the same field values. Maximum 100 events per request.
x22-0551,cloudflare,POST,/accounts/{account_id}/cfd_tunnel/{tunnel_id}/management,cloudflare-tunnel-get-a-cloudflare-tunnel-management-token,Get a Cloudflare Tunnel management token,"Creates a short-lived management token for the requested Tunnel management resources, such as streaming logs. Treat the token as a secret."
x22-0381,cloudflare,POST,/accounts/{account_id}/artifacts/namespaces/{namespace}/repos/{name}/fork,artifacts_repos_fork,Fork a repository,Forks a source repository into a new repository.
x22-3993,pagerduty,GET,/v3/schedules/{id},getScheduleV3,Get a schedule,"<!-- theme: info -->

> **Important note:** Shift-based schedules use the V3 API and are not compatible with V2 automations. **To create automations for Shift-Based Schedules, you need to:**
>
> 1. **Update your automations** to use the V3 API for all new shift-based schedules
> 2. **Keep the V2 endpoint** for your existing schedules
>
> An upgrade tool for existing schedules is coming soon; your legacy schedules will keep working in the meantime. [Learn more](https://support.pagerduty.com/main/docs/shift-based-schedules-api-upgrade-examples).

Retrieve a schedule by ID including rotations and events. Optionally
include the computed final schedule for a time range.

Use `include[]=final_schedule` to get computed on-call assignments.
Use `since` and `until` to specify the time range."
x22-1708,cloudflare,GET,/accounts/{account_id}/media/usage,usage-analytics-get-account-media-usage,Get account Media usage,Retrieve Media usage analytics for an account. This endpoint shares the same backend handler as the Stream usage endpoint and returns identical Stream metrics (streamMinutesViewed). The gateway rewrites this path to the shared usage handler.
x22-0769,cloudflare,POST,/accounts/{account_id}/cloudforce-one/v2/collections/{collection_id}/items,post_ItemCreate,Create item(s),Create one or more items in a collection. Supports single item (data field) or bulk creation (data array). Item data is validated against the collection schema.
x22-3537,cloudflare,POST,/zones/{zone_id}/waiting_rooms,waiting-room-create-waiting-room,Create waiting room,Creates a new waiting room.
x22-2385,cloudflare,GET,/accounts/{account_id}/workers/observability/issues/{issueId}/occurrences,issues.occurrences.list,List issue occurrences,"List the retained error occurrences grouped into an issue, newest first."
x22-3224,cloudflare,PATCH,/zones/{zone_id}/healthchecks/{healthcheck_id},health-checks-patch-health-check,Patch Health Check,Patch a configured health check.
x22-3387,cloudflare,POST,/zones/{zone_id}/secondary_dns/outgoing/enable,secondary-dns-(-primary-zone)-enable-outgoing-zone-transfers,Enable Outgoing Zone Transfers,Enable outgoing zone transfers for primary zone.
x22-2090,cloudflare,DELETE,/accounts/{account_id}/secrets_store/stores/{store_id},secrets-store-delete-by-id,Delete a store,"Deletes a single store. By default, a store that still contains secrets
cannot be deleted and returns HTTP 409 (Conflict) with the ""store_not_empty""
error. Pass `force=true` to cascade-delete all secrets in the store.
Empty stores are always deleted regardless of the force parameter."
x22-2849,cloudflare,GET,/user/communication_preferences,user-communication-preferences-get,Get communication preferences,"Retrieve the communication preferences for the authenticated user, including email verification status, marketing subscription opt-in/opt-out state, and language locale. Callers authenticate with standard Cloudflare API tokens or keys."
x22-1419,cloudflare,GET,/accounts/{account_id}/intel/attack-surface-report/issues/class,get-security-center-issue-counts-by-class,Retrieves Security Center Issue Counts by Class,Retrieves Security Center issue counts aggregated by classification class.
x22-3257,cloudflare,GET,/zones/{zone_id}/logpush/datasets/{dataset_id}/jobs,get-zones-zone_id-logpush-datasets-dataset_id-jobs,List Logpush jobs for a dataset,Lists Logpush jobs for a zone for a dataset.
x22-1116,cloudflare,POST,/accounts/{account_id}/dlp/sensitivity_groups,dlp-sensitivity-groups-create,Creates a new sensitivity group.,"Creates a sensitivity group, optionally from a template."
x22-2256,cloudflare,DELETE,/accounts/{account_id}/triggers/{script_name},wor-delete-script-triggers,Delete script triggers,Deletes all event trigger declarations owned by a Worker script.
x22-4071,sentry,POST,/api/0/organizations/{organization_id_or_slug}/forwarding/,createOrganizationForwarding,Create a Data Forwarder for an Organization,"Creates a new data forwarder for an organization.
Only one data forwarder can be created per provider for a given organization.

Project-specific overrides can only be created after creating the data forwarder."
x22-1935,cloudflare,POST,/accounts/{account_id}/realtime/kit/{app_id}/meetings/{meeting_id}/active-session/poll,CreatePoll,Create a poll,Creates a new poll in an active session for the given meeting ID.
x22-2717,cloudflare,GET,/radar/email/security/summary/spoof,radar-get-email-security-summary-by-spoof,Get email spoof classification summary,Retrieves the proportion of emails by spoof classification (spoof vs. non-spoof).
x22-0673,cloudflare,POST,/accounts/{account_id}/cloudforce-one/requests/priority/new,cloudforce-one-priority-new,Create a New Priority Intelligence Requirement,Creates a new priority intelligence request in Cloudforce One.
x22-3233,cloudflare,DELETE,/zones/{zone_id}/hostnames/settings/{setting_id}/{hostname},per-hostname-tls-settings-delete,Delete TLS setting for hostname,Delete the tls setting value for the hostname.
x22-2271,cloudflare,GET,/accounts/{account_id}/urlscanner/v2/screenshots/{scan_id}.png,urlscanner-get-scan-screenshot-v2,Get screenshot,Get scan's screenshot by resolution (desktop/mobile/tablet).
x22-2088,cloudflare,POST,/accounts/{account_id}/secrets_store/stores,secrets-store-create,Create a store,Creates a store in the account.
x22-1622,cloudflare,GET,/accounts/{account_id}/magic/cloud/resources,resources-catalog-list,List Resources,List resources in the Resource Catalog (Closed Beta).
x22-2865,cloudflare,POST,/user/load_balancers/monitors/{monitor_id}/preview,load-balancer-monitors-preview-monitor,Preview Monitor,Preview pools using the specified monitor with provided monitor details. The returned preview_id can be used in the preview endpoint to retrieve the results.
x22-3134,cloudflare,PATCH,/zones/{zone_id}/email/routing/dns,email-routing-settings-unlock-email-routing-dns,Unlock Email Routing,Unlock MX Records previously locked by Email Routing.
x22-1043,cloudflare,PUT,/accounts/{account_id}/dlp/custom_prompt_topics/{entry_id},dlp-custom-prompt-topics-update,Update custom prompt topic,Updates a DLP custom prompt topic entry.
x22-4163,sentry,DELETE,/api/0/organizations/{organization_id_or_slug}/workflows/,deleteOrganizationWorkflows,Bulk Delete Alerts,Bulk delete alerts for a given organization
x22-2873,cloudflare,PATCH,/user/load_balancers/pools/{pool_id},load-balancer-pools-patch-pool,Patch Pool,"Apply changes to an existing pool, overwriting the supplied properties."
x22-2471,cloudflare,DELETE,/accounts/{account_id}/workflows/{workflow_name},wor-delete-workflow,Deletes a Workflow,Deletes a Workflow. This only deletes the Workflow and does not delete or modify any Worker associated to this Workflow or bounded to it.
x22-1014,cloudflare,GET,/accounts/{account_id}/dex/devices/{device_id}/fleet-status/live,devices-live-status,Get the latest status of a device.,Get the latest status of a device given device_id from the device_state table.
x22-1831,cloudflare,POST,/accounts/{account_id}/pipelines/v1/validate_sql,postV4AccountsByAccount_idPipelinesV1Validate_sql,Validate SQL,Validates that the Pipelines SQL is correct.
x22-2951,cloudflare,POST,/zones/{zone_id}/access/organizations,zone-level-zero-trust-organization-create-your-zero-trust-organization,Create your Zero Trust organization,Sets up a Zero Trust organization for your account.
x22-2670,cloudflare,POST,/radar/datasets/download,radar-post-reports-dataset-download-url,Get dataset download URL,Retrieves an URL to download a single dataset.
x22-0323,cloudflare,GET,/accounts/{account_id}/ai/authors/search,workers-ai-search-author,Author Search,Searches Workers AI models by author or organization name.
x22-0771,cloudflare,DELETE,/accounts/{account_id}/cloudforce-one/v2/collections/{collection_id}/items/{item_id},delete_ItemDelete,Delete collection item,Delete an item from a collection by its identifier.
x22-0829,cloudflare,POST,/accounts/{account_id}/cloudforce-one/v2/threat-signals/feeds,rssFeedCreate,Create Threat Signals feed,Create Threat Signals feed.
x22-3921,pagerduty,GET,/status_pages/{id}/subscriptions/{subscription_id},getStatusPageSubscription,Get a Status Page Subscription,"Get a Subscription for a Status Page by Status Page ID and Subscription ID.

Scoped OAuth requires: `status_pages.read`"
x22-2082,cloudflare,POST,/accounts/{account_id}/secondary_dns/tsigs,secondary-dns-(-tsig)-create-tsig,Create TSIG,Create TSIG.
x22-3768,pagerduty,PUT,/incidents/{id}/merge,mergeIncidents,Merge incidents,"Merge a list of source incidents into the target [incident](https://developer.pagerduty.com/api-reference/a47605517c19a-api-concepts#incidents).

After the merge is performed the target incident will contain the source incidents' [alerts](https://developer.pagerduty.com/api-reference/a47605517c19a-api-concepts#alerts),
and the source incidents will be resolved.

Only incidents that have alerts or incidents that were created manually in the UI can be merged.

Open incidents cannot be merged into a resolved incident. The target incident must be open.

An incident cannot have more than 1000 alerts. The server will return an error if merging the source incidents
will result in the target incident having more than 1000 alerts.

Scoped OAuth requires: `incidents.write`"
x22-0581,cloudflare,POST,/accounts/{account_id}/cloudforce-one/events/dataset/-/groups,post_GroupCreate,Create a group,Create a group
x22-2102,cloudflare,GET,/accounts/{account_id}/security-center/insights/scans,get-security-center-account-scans,Get Recent Account Scans,"Returns the most recent on-demand scans for the account, up to a maximum of 5. Each scan includes its ID, start time, and current status. This includes both account-wide and zone-scoped scans. Also returns quota information showing how many scans have been used and how many remain in the current 24-hour window."
x22-3300,cloudflare,GET,/zones/{zone_id}/origin_tls_client_auth,zone-level-authenticated-origin-pulls-list-certificates,List Certificates,Lists all client certificates configured for zone-level authenticated origin pulls.
x22-2204,cloudflare,GET,/accounts/{account_id}/stream/{identifier}/captions/{language},stream-subtitles/-captions-get-caption-or-subtitle-for-language,List captions or subtitles for a provided language,Lists the captions or subtitles for provided language.
x22-4009,pagerduty,GET,/v3/schedules/{id}/rotations/{rotation_id},getRotation,Get a rotation,"<!-- theme: info -->

> **Important note:** Shift-based schedules use the V3 API and are not compatible with V2 automations. **To create automations for Shift-Based Schedules, you need to:**
>
> 1. **Update your automations** to use the V3 API for all new shift-based schedules
> 2. **Keep the V2 endpoint** for your existing schedules
>
> An upgrade tool for existing schedules is coming soon; your legacy schedules will keep working in the meantime. [Learn more](https://support.pagerduty.com/main/docs/shift-based-schedules-api-upgrade-examples).

Retrieve a rotation by ID including all its events."
x22-0496,cloudflare,GET,/accounts/{account_id}/builds/builds/{build_uuid},getBuildByUuid,Get a Workers build,"Retrieve status, outcome, timestamps, trigger settings, and source metadata for a build UUID."
x22-3066,cloudflare,POST,/zones/{zone_id}/content-upload-scan/disable,waf-content-scanning-disable,Disable Content Scanning for a zone.,"Disable Content Scanning for a zone. The `cf.waf.content_scan.*` fields are no longer populated, so rules that reference them stop matching."
x22-1936,cloudflare,GET,/accounts/{account_id}/realtime/kit/{app_id}/meetings/{meeting_id}/livestream,livestream-session-details,Fetch livestream session details for a meeting,Returns livestream session details for the given meeting ID. Retreive the meeting ID using the `Create a meeting` API.
x22-4248,sentry,POST,/api/0/projects/{organization_id_or_slug}/{project_id_or_slug}/user-feedback/,Submit User Feedback,,"*This endpoint is DEPRECATED. We document it here for older SDKs and users who are still migrating to the [User Feedback Widget](https://docs.sentry.io/product/user-feedback/#user-feedback-widget) or [API](https://docs.sentry.io/platforms/javascript/user-feedback/#user-feedback-api)(multi-platform). If you are a new user, do not use this endpoint - unless you don't have a JS frontend, and your platform's SDK does not offer a feedback API.*

Feedback must be received by the server no more than 30 minutes after the event was saved.

Additionally, within 5 minutes of submitting feedback it may also be overwritten. This is useful in situations where you may need to retry sending a request due to network failures.

If feedback is rejected due to a mutability threshold, a 409 status code will be returned.

Note: Feedback may be submitted with DSN authentication (see auth documentation)."
x22-3003,cloudflare,DELETE,/zones/{zone_id}/api_gateway/operations/labels,api-shield-operations-bulk-delete-labels-to-operations,Remove labels from web or API operations,Removes labels from multiple web or API operations in one request.
x22-2587,cloudflare,GET,/radar/as112/top/locations,radar-get-dns-as112-top-locations,Get top locations by AS112 DNS queries,Retrieves the top locations by AS112 DNS queries.
x22-1618,cloudflare,DELETE,/accounts/{account_id}/magic/cloud/providers/{provider_id},providers-delete,Delete Cloud Integration,Delete a Cloud Integration (Closed Beta).
x22-0529,cloudflare,POST,/accounts/{account_id}/builds/workers/{script_tag}/previews/{preview_id}/builds,createPreviewBuild,Create preview build,Trigger a build for a single Preview.
x22-2517,cloudflare,GET,/analytics/sql/introspection,sql-api-introspection,List available analytics datasets,"Returns the analytics dataset catalogue. By default, the response contains dataset names and descriptions. Set `include_columns` to include each dataset's column names, descriptions, and data types. The caller must have Account Analytics Read permission on the account identified by `account_tag`. Dataset names, descriptions, and columns are the same for every authorized account. When `include_custom_attributes` is set, the response also includes custom attribute names and types discovered from that account's own data, which legitimately differs per caller."
x22-3717,pagerduty,GET,/event_orchestrations/{id}/enablements,listEventOrchestrationFeatureEnablements,List Enablements for an Event Orchestration,"List all feature enablement settings for an Event Orchestration. Currently, only the `aiops` enablement is supported.

For any account with the AIOps product addon, every Event Orchestration will have AIOps features enabled by default.

**Warning conditions**:
- If the account is not entitled to use AIOps features, a warning will be returned alongside the enablement data.

Scoped OAuth requires: `event_orchestrations.read`"
x22-1427,cloudflare,GET,/accounts/{account_id}/intel/indicator-feeds,custom-indicator-feeds-get-indicator-feeds,Get indicator feeds owned by this account,Retrieves details for all accessible custom threat indicator feeds.
x22-2705,cloudflare,GET,/radar/email/routing/timeseries_groups/dkim,radar-get-email-routing-timeseries-group-by-dkim,Get email DKIM validation time series,Retrieves the distribution of emails by DKIM (DomainKeys Identified Mail) validation over time.
x22-3366,cloudflare,DELETE,/zones/{zone_id}/schema_validation/schemas/{schema_id},schema-validation-delete-schema,Delete a schema,Permanently removes an uploaded OpenAPI schema from API Security. Operations using this schema will lose their validation rules.
x22-0153,cloudflare,GET,/accounts/{account_id}/access/users/{user_id}/active_sessions,zero-trust-users-get-active-sessions,Get active sessions,Get active sessions for a single user.
x22-0421,cloudflare,PATCH,/accounts/{account_id}/brand-protection/alerts/verify,patchAccountsAccountIdBrandProtectionAlertsVerify,Update verification statuses of tracked URLs to confirmed by ID,Return a success message after updating verification statuses of tracked URLs to confirmed by ID
x22-3437,cloudflare,PATCH,/zones/{zone_id}/settings/speed_brain,zone-settings-change-speed-brain-setting,Change Cloudflare Speed Brain setting,"Speed Brain lets compatible browsers speculate on content which can be prefetched or preloaded, making website
navigation faster. Refer to the Cloudflare Speed Brain documentation for more information."
x22-0530,cloudflare,POST,/accounts/{account_id}/bulk/subscriptions,account-subscriptions-bulk-create-subscription,Create Subscriptions,Creates multiple subscriptions for an account in a single request.
x22-2142,cloudflare,PUT,/accounts/{account_id}/slurper/jobs/{job_id}/pause,slurper-pause-job,Pause a job,Pauses a running R2 Super Slurper migration job. The job can be resumed later to continue transferring.
x22-3501,cloudflare,PATCH,/zones/{zone_id}/ssl/certificate_packs/{certificate_pack_id},certificate-packs-restart-validation-for-advanced-certificate-manager-certificate-pack,Restart Validation or Update Advanced Certificate Manager Certificate Pack,"For a given zone, restart validation or add cloudflare branding for an advanced certificate pack.  The former is only a validation operation for a Certificate Pack in a validation_timed_out status."
x22-1550,cloudflare,DELETE,/accounts/{account_id}/magic/advanced_tcp_protection/configs/syn_protection/rules,deleteSynProtectionRulesForAccount,Delete all SYN Protection rules.,Delete all SYN Protection rules for an account.
x22-0724,cloudflare,PATCH,/accounts/{account_id}/cloudforce-one/scans/config/{config_id},post_ConfigUpdate,Update an existing Scan Config,Updates an existing scan configuration in Cloudforce One's network scanning service.
x22-3482,cloudflare,PUT,/zones/{zone_id}/spectrum/apps/{app_id},spectrum-applications-update-spectrum-application-configuration-using-a-name-for-the-origin,Update Spectrum application configuration using a name for the origin,Updates a previously existing application's configuration that uses a name for the origin.
x22-0369,cloudflare,POST,/accounts/{account_id}/analytics_engine/sql,analytics-engine-sql-query-post,Execute an Analytics Engine SQL query via request body,"Executes a SQL query against Workers Analytics Engine data. Pass the SQL query in the request body as plain text. The response uses newline-delimited JSON (NDJSON) by default, or a single JSON object when the query includes a FORMAT JSON clause. Prefer this method for longer queries that may exceed URL length limits."
x22-2754,cloudflare,GET,/radar/http/summary/{dimension},radar-get-http-summary,Get HTTP requests summary by dimension,Retrieves the distribution of HTTP requests by the specified dimension.
x22-0209,cloudflare,GET,/accounts/{account_id}/ai-gateway/billing/invoice-history,aig-billing-get-invoice-history,Get invoice history,"Retrieve a list of past invoices with pagination, optionally filtered by type."
x22-0639,cloudflare,GET,/accounts/{account_id}/cloudforce-one/events/tag-categories/{category_uuid},get_TagCategoryDetail,Gets a tag category by UUID (SoT),"Returns a single Source-of-Truth tag category by UUID, including its full schema."
x22-2254,cloudflare,GET,/accounts/{account_id}/triggers/{script_name},wor-get-script-triggers,Get script triggers,Returns the event trigger declarations owned by a Worker script.
x22-0554,cloudflare,POST,/accounts/{account_id}/challenges/widgets,accounts-turnstile-widget-create,Create a Turnstile Widget,Lists challenge widgets.
x22-1823,cloudflare,POST,/accounts/{account_id}/pipelines/v1/sinks,postV4AccountsByAccount_idPipelinesV1Sinks,Create Sink,Create a new Sink.
x22-0648,cloudflare,PATCH,/accounts/{account_id}/cloudforce-one/events/tags/categories/{category_uuid},patch_LegacyTagCategoryUpdate,Updates a tag category (SoT),Deprecated; use PATCH /events/tag-categories/{category_uuid}. Available through 2026-11-28.
x22-1948,cloudflare,PUT,/accounts/{account_id}/realtime/kit/{app_id}/presets/{preset_id},put-presets-preset_id,Replace a preset,Replace all details for the preset using the provided preset ID.
x22-0015,cloudflare,GET,/accounts/{account_identifier}/custom_pages,custom-pages-for-an-account-list-custom-pages,List custom pages,Fetches all the custom pages at the account level.
x22-2444,cloudflare,POST,/accounts/{account_id}/workers/workers,createWorker,Create Worker,Create a new Worker.
x22-3825,pagerduty,GET,/oauth_delegations/revocation_requests/status,getOauthDelegationsRevocationRequestsStatus,Get OAuth delegations revocation requests status,"<!-- theme: warning -->
> ### Deprecated
> This endpoint is deprecated as OAuth token revocation is now synchronous. Please use the [DELETE /oauth_delegations endpoint](https://developer.pagerduty.com/api-reference/ad1161db75db1-delete-all-o-auth-delegations) instead.

Get the status of all OAuth delegations revocation requests for this account, specifically how many requests are still pending. As all requests are now synchronous, no pending requests will be found.

This endpoint is limited to account owners and admins.

Scoped OAuth requires: `oauth_delegations.read`"
x22-3246,cloudflare,POST,/zones/{zone_id}/leaked-credential-checks/detections,waf-product-api-leaked-credentials-create-detection,Create a custom detection location for a zone.,"Create a detection location for credentials that the default scan locations do not cover, using Rules language expressions such as `lookup_json_string(http.request.body.raw, ""user"")`. Only the username expression is required, and Leaked Credential Checks must be enabled on the zone."
x22-2365,cloudflare,GET,/accounts/{account_id}/workers/durable_objects/namespaces/{id}/objects,durable-objects-namespace-list-objects,List Objects in a Durable Object namespace,Returns the Durable Objects in a given Durable Object namespace.
x22-0994,cloudflare,POST,/accounts/{account_id}/devices/resilience/disconnect,devices-resilience-set-global-warp-override,Set Global WARP override state,Sets the Global WARP override state.
x22-3009,cloudflare,DELETE,/zones/{zone_id}/api_gateway/operations/{operation_id}/labels,api-shield-operations-delete-labels-from-operation,Remove labels from a web or API operation,Removes one or more labels from a web or API operation.
x22-0811,cloudflare,GET,/accounts/{account_id}/cloudforce-one/v2/threat-signals/articles,rssArticleList,List Threat Signals articles,List Threat Signals articles.
x22-0225,cloudflare,POST,/accounts/{account_id}/ai-gateway/custom-providers/costs,aig-config-create-account-provider-cost,Create a new Account Provider Cost,Creates a new AI Gateway.
x22-2059,cloudflare,PATCH,/accounts/{account_id}/scim/v2/Groups/{group_id},scim-groups-patch,Patch SCIM Group,"Partially updates a SCIM Group via PATCH operations (RFC 7644 Section 3.5.2). Supports add, remove, and replace operations on `members`, `displayName`, and `externalId`. For system groups (prefixed `cloudflare-v1-`), only member management operations are supported."
x22-1777,cloudflare,GET,/accounts/{account_id}/pages/projects/{project_name}/domains,pages-domains-get-domains,Get domains,Fetch a list of all domains associated with a Pages project.
x22-0412,cloudflare,GET,/accounts/{account_id}/billing/usage,usage-analytics-get-account-billing-usage,Get account billing usage,"Retrieve billing usage analytics for an account. Returns time-series data for all billable product metrics including Stream, Media (Images), Rate Limiting, Load Balancing, Argo, Workers, Workers KV, Image Resizing, and Spectrum."
x22-2052,cloudflare,GET,/accounts/{account_id}/rum/v2/{ruleset_id}/rules,web-analytics-list-rules,List rules in Web Analytics ruleset,Lists all the rules in a Web Analytics ruleset.
x22-2124,cloudflare,DELETE,/accounts/{account_id}/shares/{share_id}/excluded-recipients/{excluded_recipient_id},share-excluded-recipient-delete,Delete a share excluded recipient,Removes a single account from a share's excluded-recipient list. The account becomes eligible to receive the share again on the next reconciliation cycle.
x22-1224,cloudflare,GET,/accounts/{account_id}/email-security/settings/url_ignore_patterns,email_security_list_url_ignore_patterns,List URL ignore patterns,Returns a paginated list of URL rewrite ignore patterns for the account. URLs matching these patterns will not be rewritten.
x22-0629,cloudflare,GET,/accounts/{account_id}/cloudforce-one/events/queries,get_EventQueryList,List all saved event queries,Retrieve all saved event queries for the account
x22-2608,cloudflare,GET,/radar/attacks/layer3/top/attacks,radar-get-attacks-layer3-top-attacks,Get top layer 3 attack pairs (origin and target locations),Retrieves the top layer 3 attacks from origin to target location. Values are a percentage out of the total layer 3 attacks (with billing country). You can optionally limit the number of attacks by origin/target location (useful if all the top attacks are from or to the same location).
x22-3118,cloudflare,GET,/zones/{zone_id}/dns_settings,dns-settings-for-a-zone-list-dns-settings,Show DNS Settings,Show DNS settings for a zone
x22-1958,cloudflare,GET,/accounts/{account_id}/realtime/kit/{app_id}/sessions/peer-report/{peer_id},GetParticipantDataFromPeerId,Fetch details of peer,Returns participant details for the given peer ID along with call statistics.
x22-4133,sentry,GET,/api/0/organizations/{organization_id_or_slug}/repos/,listOrganizationRepos,List an Organization's Repositories,Return a list of version control repositories for a given organization.
x22-0552,cloudflare,GET,/accounts/{account_id}/cfd_tunnel/{tunnel_id}/token,cloudflare-tunnel-get-a-cloudflare-tunnel-token,Get a Cloudflare Tunnel token,Retrieves the token used to run cloudflared and associate it with a specific Cloudflare Tunnel. Treat the token as a secret.
x22-3067,cloudflare,POST,/zones/{zone_id}/content-upload-scan/enable,waf-content-scanning-enable,Enable Content Scanning for a zone.,"Enable Content Scanning for a zone, so that Cloudflare inspects content objects uploaded to the zone and checks them for malware. Scan results populate the `cf.waf.content_scan.*` fields, which you can reference in custom rules and rate limiting rules."
x22-2402,cloudflare,GET,/accounts/{account_id}/workers/scripts,worker-script-list-workers,List Worker Scripts,Fetch a list of uploaded Worker scripts.
x22-0362,cloudflare,POST,/accounts/{account_id}/analytics/query/data-security/content-findings/top-n,data-security-content-findings-top-n,Top integrations by content findings,Returns the top N integrations ranked by total content findings.
x22-2768,cloudflare,GET,/radar/http/top/ases/bot_class/{bot_class},radar-get-http-top-ases-by-bot-class,Get top ASes by HTTP requests for a bot class,"Retrieves the top autonomous systems, by HTTP requests, of the requested bot class."
x22-4210,sentry,GET,/api/0/projects/{organization_id_or_slug}/{project_id_or_slug}/releases/{version}/files/{file_id}/,getProjectReleaseFile,Retrieve a Project Release's File,"Return metadata for an individual file within a release. Does not return the file
contents unless `download` is set."
x22-1111,cloudflare,GET,/accounts/{account_id}/dlp/profiles/predefined/{profile_id}/config,dlp-profiles-get-predefined-profile-config,Get predefined profile config,"This is similar to `get_predefined` but only returns entries that are enabled.
This is needed for our terraform API
Fetches a predefined DLP profile by id."
x22-3735,pagerduty,GET,/extensions/{id},getExtension,Get an extension,"Get details about an existing extension.

Extensions are representations of Extension Schema objects that are attached to Services.

For more information see the [API Concepts Document](../../api-reference/a47605517c19a-api-concepts#extensions)

Scoped OAuth requires: `extensions.read`"
x22-3014,cloudflare,PUT,/zones/{zone_id}/api_gateway/settings/schema_validation,api-shield-schema-validation-update-zone-level-settings,Update zone level schema validation settings,Updates zone level schema validation settings on the zone. Deprecated; use `/zones/{zone_id}/schema_validation/settings` instead.
x22-4143,sentry,DELETE,/api/0/organizations/{organization_id_or_slug}/scim/v2/Users/{member_id},deleteOrganizationScimV2User,Delete an Organization Member via SCIM,Delete an organization member with a SCIM User DELETE Request.
x22-2799,cloudflare,GET,/radar/origins,radar-get-origins,List Origins,Retrieves a list of origins with their regions.
x22-0162,cloudflare,PATCH,/accounts/{account_id}/addressing/address_maps/{address_map_id},ip-address-management-address-maps-update-address-map,Update Address Map,Modify properties of an address map owned by the account.
x22-3289,cloudflare,DELETE,/zones/{zone_id}/observability/tracing/rules,zone.observability.tracing.rules.delete,Delete zone trace rules,Delete every sampling override from a zone's managed Cloudflare Traces ruleset.
x22-3975,pagerduty,POST,/users/{id}/oncall_handoff_notification_rules,createUserHandoffNotificationRule,Create a User Handoff Notification Rule,"Create a new Handoff Notification Rule.
Users are members of a PagerDuty account that have the ability to interact with Incidents and other data on the account.
For more information see the [API Concepts Document](../../api-reference/a47605517c19a-api-concepts#users)

Scoped OAuth requires: `users.write`"
x22-0481,cloudflare,GET,/accounts/{account_id}/browser-rendering/devtools/browser/{session_id}/page/{target_id},brapi-get_DevtoolsPage,Connect to a specific Chrome DevTools page.,Establishes a WebSocket connection to a specific Chrome DevTools target or page.
x22-2008,cloudflare,DELETE,/accounts/{account_id}/resource-library/applications/{id},deleteResourceLibraryApplication,Delete application,Delete a custom application and all of its versions. Deletion is rejected when other resources reference the application.
x22-3835,pagerduty,GET,/rulesets/{id}/rules,listRulesetEventRules,List Event Rules,"List all Event Rules on a Ruleset.
<!-- theme: warning -->
> ### End-of-life
> Rulesets and Event Rules will end-of-life soon. We highly recommend that you [migrate to Event Orchestration](https://support.pagerduty.com/docs/migrate-to-event-orchestration) as soon as possible so you can take advantage of the new functionality, such as improved UI, rule creation, APIs and Terraform support, advanced conditions, and rule nesting.

Rulesets allow you to route events to an endpoint and create collections of Event Rules, which define sets of actions to take based on event content.

For more information see the [API Concepts Document](../../api-reference/a47605517c19a-api-concepts#rulesets)

Note: Create and Update on rules will accept 'description' or 'summary' interchangeably as an extraction action target. Get and List on rules will always return 'summary' as the target. If you are expecting 'description' please change your automation code to expect 'summary' instead.

Scoped OAuth requires: `event_rules.read`"
x22-1752,cloudflare,GET,/accounts/{account_id}/one/applications/{application_id},get_application_v2,Get application details,"Returns full application details including auth methods, use cases, and permissions."
x22-1016,cloudflare,GET,/accounts/{account_id}/dex/devices/{device_id}/isps,dex-endpoints-list-device-isps,List device ISPs,List ISP information observed for a specific device during traceroute tests.
x22-1238,cloudflare,GET,/accounts/{account_id}/email/routing/suppression,get_publicListSuppressionRouting,List account email suppressions,Lists email suppressions for the specified account.
x22-1982,cloudflare,PATCH,/accounts/{account_id}/registrar-sandbox/registrations/{domain_name},sandbox-registrar-domain-registration-update,Update Registration,"Updates an existing domain registration.

By default, the server holds the connection for a bounded, server-defined
amount of time while the update completes. Most updates finish within this
window and return `200 OK` with a completed workflow status.

If the update is still processing after this synchronous wait window, the
server returns `202 Accepted`. Poll the URL in `links.self` to track progress.

To skip the wait and receive an immediate `202`, send `Prefer: respond-async`.

This endpoint currently supports updating `auto_renew` only."
x22-0319,cloudflare,POST,/accounts/{account_id}/ai-search/tokens,ai-search-create-tokens,Create a token,Create a stored Cloudflare credential for an AI Search instance to access its data source.
x22-4005,pagerduty,PUT,/v3/schedules/{id}/overrides/{override_id},updateOverride,Update an override,"<!-- theme: info -->

> **Important note:** Shift-based schedules use the V3 API and are not compatible with V2 automations. **To create automations for Shift-Based Schedules, you need to:**
>
> 1. **Update your automations** to use the V3 API for all new shift-based schedules
> 2. **Keep the V2 endpoint** for your existing schedules
>
> An upgrade tool for existing schedules is coming soon; your legacy schedules will keep working in the meantime. [Learn more](https://support.pagerduty.com/main/docs/shift-based-schedules-api-upgrade-examples).

Update an existing override."
x22-2679,cloudflare,GET,/radar/dns/summary/query_type,radar-get-dns-summary-by-query-type,Get DNS queries by type summary,Retrieves the distribution of DNS queries by type.
x22-1235,cloudflare,PATCH,/accounts/{account_id}/email/routing/addresses/{destination_address_identifier},email-routing-destination-addresses-update-destination-address,Update destination address,Updates the status of a specific destination address.
x22-1194,cloudflare,GET,/accounts/{account_id}/email-security/settings/content_policies/{policy_id},email_security_get_content_policy,Get a content policy,"Retrieves details for a specific content policy including its pattern, targets, and metadata."
x22-1398,cloudflare,GET,/accounts/{account_id}/images/v2/sourcingkit/migrations/{migration_id}/logs,cloudflare-images-sourcingkit-list-migration-logs,List migration logs,List log entries for a specific migration.
x22-3853,pagerduty,POST,/service_dependencies/disassociate,deleteServiceDependency,Disassociate service dependencies,"Disassociate dependencies between two services.

Business services model capabilities that span multiple technical services and that may be owned by several different teams.

For more information see the [API Concepts Document](../../api-reference/a47605517c19a-api-concepts#business-services)

Scoped OAuth requires: `services.write`"
x22-1654,cloudflare,GET,/accounts/{account_id}/magic/redundancy_groups,magic-redundancy-groups-list-redundancy-groups,List Redundancy Groups,"Lists redundancy groups associated with an account, including full member tunnel data."
x22-0144,cloudflare,POST,/accounts/{account_id}/access/tags,access-tags-create-tag,Create a tag,Create a tag
x22-2827,cloudflare,GET,/radar/tlds/{tld},radar-get-tld-details,Get TLD details,Retrieves the requested TLD information.
x22-3972,pagerduty,POST,/users/{id}/notification_subscriptions,createUserNotificationSubscriptions,Create Notification Subcriptions,"Create new Notification Subscriptions for the given User.

Scoped OAuth requires: `subscribers.write`"
x22-2472,cloudflare,GET,/accounts/{account_id}/workflows/{workflow_name}/instances,wor-list-workflow-instances,List of workflow instances,Lists all instances of a workflow with their execution status.
x22-3773,pagerduty,GET,/incidents/{id}/outlier_incident,getOutlierIncident,Get Outlier Incident,"Gets Outlier Incident information for a given Incident on its Service.

For more information see the [API Concepts Document](../../api-reference/a47605517c19a-api-concepts#outlier-incident)

Scoped OAuth requires: `incidents.read`"
x22-0615,cloudflare,DELETE,/accounts/{account_id}/cloudforce-one/events/datasets/{dataset_id}/events,delete_EventDelete,Deletes one or more events,Deletes one or more events
x22-4095,sentry,DELETE,/api/0/organizations/{organization_id_or_slug}/monitors/{monitor_id_or_slug}/,deleteOrganizationMonitor,Delete a Monitor or Monitor Environments,Delete a monitor or monitor environments.
x22-2498,cloudflare,GET,/accounts/{account_id}/zerotrust/subnets/initial_resolved_ip/{address_family},zero-trust-networks-subnet-get-initial-resolved-ip,Get Initial Resolved IP Subnet,Returns the account's default Initial Resolved IP Subnet for the given address family.
x22-3775,pagerduty,GET,/incidents/{id}/related_change_events,listIncidentRelatedChangeEvents,List related Change Events for an Incident,"List related Change Events for an Incident, as well as the reason these changes are correlated with the incident.

Change events represent service changes such as deploys, build completion, and configuration changes, providing information that is critical during incident triage or hypercare. For more information on change events, see [Change Events](https://support.pagerduty.com/docs/change-events).

The Change Correlation feature provides incident responders with recent change events that are most relevant to that incident. Change Correlation informs the responder why a particular change event was surfaced and correlated to an incident based on three key factors which include time, related service, or intelligence (machine learning).

Scoped OAuth requires: `incidents.read`"
x22-0226,cloudflare,GET,/accounts/{account_id}/ai-gateway/custom-providers/costs/{id},aig-config-fetch-account-provider-cost,Fetch a Account Provider Cost,Retrieves details for a specific AI Gateway dataset.
x22-0179,cloudflare,GET,/accounts/{account_id}/addressing/prefixes/{prefix_id}/bgp/prefixes/{bgp_prefix_id},ip-address-management-prefixes-fetch-bgp-prefix,Fetch BGP Prefix,Retrieve a single BGP Prefix according to its identifier
x22-2225,cloudflare,GET,/accounts/{account_id}/tags,tags-get,Get tags for an account-level resource,Retrieves tags for a specific account-level resource.
x22-3978,pagerduty,DELETE,/users/{id}/oncall_handoff_notification_rules/{oncall_handoff_notification_rule_id},deleteUserHandoffNotificationRule,Delete a User's Handoff Notification rule,"Remove a User's Handoff Notification Rule.
Users are members of a PagerDuty account that have the ability to interact with Incidents and other data on the account.
For more information see the [API Concepts Document](../../api-reference/a47605517c19a-api-concepts#users)

Scoped OAuth requires: `users.write`"
x22-0750,cloudflare,GET,/accounts/{account_id}/cloudforce-one/v2/brand-protection/takedown-notices/{notice_id},get_TakedownNoticeGet,Get takedown notice,Get a specific takedown notice by ID.
x22-1127,cloudflare,PUT,/accounts/{account_id}/dlp/sensitivity_groups/{sensitivity_group_id}/levels/{sensitivity_level_id},dlp-sensitivity-levels-update,Update the attributes of a single sensitivity level.,Updates a sensitivity level in a group.
x22-1287,cloudflare,DELETE,/accounts/{account_id}/flagship/apps/{app_id}/flags/{flag_key},flagship_delete_flag,Delete flag,Deletes a flag permanently. Subsequent evaluations fall back to the caller-supplied default. Cannot be undone.
x22-1491,cloudflare,GET,/accounts/{account_id}/logpush/jobs/{job_id},get-accounts-account_id-logpush-jobs-job_id,Get Logpush job details,Gets the details of a Logpush job.
x22-2866,cloudflare,GET,/user/load_balancers/monitors/{monitor_id}/references,load-balancer-monitors-list-monitor-references,List Monitor References,Get the list of resources that reference the provided monitor.
x22-3375,cloudflare,PUT,/zones/{zone_id}/schema_validation/settings/operations/{operation_id},schema-validation-update-per-operation-setting,Update per-operation schema validation setting,Fully updates schema validation settings for a specific API operation.
x22-0643,cloudflare,GET,/accounts/{account_id}/cloudforce-one/events/tags/categories,get_TagCategoryList,Lists all tag categories (SoT),Returns all Source-of-Truth tag categories for an account.
x22-1058,cloudflare,PUT,/accounts/{account_id}/dlp/data_tag_categories/{category_id}/data_tags/{tag_id},dlp-data-tags-update,Update the attributes of a single data tag.,Updates a data tag in a category.
x22-0895,cloudflare,POST,/accounts/{account_id}/d1/database/{database_id}/query,d1-query-database,Query D1 Database,Returns the query result as an object.
x22-1101,cloudflare,GET,/accounts/{account_id}/dlp/profiles,dlp-profiles-list-all-profiles,List all profiles,Lists all DLP profiles in an account.
x22-1923,cloudflare,GET,/accounts/{account_id}/realtime/kit/{app_id}/meetings,get_all_meetings,Fetch all meetings for an App,Returns all meetings for the given App ID.
x22-2758,cloudflare,GET,/radar/http/timeseries_groups/browser_family,radar-get-http-timeseries-group-by-browser-families,Get HTTP requests by user agent family time series,Retrieves the distribution of HTTP requests by user agent family over time.
x22-1353,cloudflare,POST,/accounts/{account_id}/hyperdrive/integrationsOperations/{integration}/createDatabaseSignature,create-hyperdrive-database-signature,Create Database Signature,"Returns a short-lived signed authorization for creating a database that is billed through Cloudflare. The caller passes these values to the integration partner's own CLI, which verifies the signature before creating the database. Requires the account to be entitled to Cloudflare-billed databases for the integration."
x22-1100,cloudflare,PUT,/accounts/{account_id}/dlp/payload_log,dlp-payload-log-put,Set payload log settings,"Enables or disables payload logging for DLP matches. When enabled, matched content is stored for review."
x22-1852,cloudflare,POST,/accounts/{account_id}/queues/{queue_id}/messages/peek,queues-peek-messages,Peek Queue Messages,"Peek messages from a Queue without leasing them. Each message includes a ref that can be passed to the purge endpoint, and remains available for subsequent peek or pull operations until it is purged."
x22-0418,cloudflare,PATCH,/accounts/{account_id}/brand-protection/alerts,patchAccountsAccountIdBrandProtectionAlerts,Update alerts on submitted domains by ID,Return a success message after updating alerts on submitted domains by ID
x22-0661,cloudflare,DELETE,/accounts/{account_id}/cloudforce-one/events/{dataset_id}/delete,delete_LegacyEventDelete,Deletes one or more events,Deprecated; use DELETE /events/datasets/{dataset_id}/events. Available through 2026-11-28.
x22-3377,cloudflare,POST,/zones/{zone_id}/secondary_dns/force_axfr,secondary-dns-(-secondary-zone)-force-axfr,Force AXFR,Sends AXFR zone transfer request to primary nameserver(s).
x22-3947,pagerduty,GET,/templates/{id},getTemplate,Get a template,"Get a single template on the account

Scoped OAuth requires: `templates.read`"
x22-3399,cloudflare,PATCH,/zones/{zone_id}/security-center/insights/{issue_id}/classification,update-zone-security-center-insight-classification,Updates Zone Security Center Insight Classification,"Updates the user classification for a zone-specific Security Center insight. Valid values are 'false_positive' or 'accept_risk'. To reset, set classification to null. Cannot change directly between classification values - must reset to null first."
x22-0689,cloudflare,POST,/accounts/{account_id}/cloudforce-one/requests/{request_id}/message/new,cloudforce-one-request-message-new,Create a New Request Message,Adds a message to a Cloudforce One intelligence request conversation.
x22-1477,cloudflare,GET,/accounts/{account_id}/load_balancers/pools/{pool_id}/references,account-load-balancer-pools-list-pool-references,List Pool References,Get the list of resources that reference the provided pool.
x22-2236,cloudflare,DELETE,/accounts/{account_id}/teamnet/routes/network/{ip_network_encoded},tunnel-route-delete-a-tunnel-route-with-cidr,Delete a tunnel route (CIDR Endpoint),"Deletes a private network route from an account. The CIDR in `ip_network_encoded` must be written in URL-encoded format. If no virtual_network_id is provided it will delete the route from the default vnet. If no tun_type is provided it will fetch the type from the tunnel_id or if that is missing it will assume Cloudflare Tunnel as default. If tunnel_id is provided it will delete the route from that tunnel, otherwise it will delete the route based on the vnet and tun_type."
x22-3727,pagerduty,GET,/enrichment/event_enrichments/{id}/associations,listEventEnrichmentAssociations,List Event Enrichment associations,"Event Enrichments allow you to automatically add contextual data to events as they're ingested, so that relevant information is available throughout the event, alert, and incident lifecycle. By leveraging the Contextual Data Platform (CDP), you can define rules that extract values from events or query enrichment schemas to populate event fields.

Associating an Event Orchestration or Service with an Event Enrichment allows for the enrichment to be evaluated when events are ingested for that Event Orchestration or Service

<!-- theme: warning -->

> ### Early Access
> This API is in Early Access and may change at any time. Contact your PagerDuty account team to request access.

Retrieve all items (Services or Event Orchestrations) associated with an Event Enrichment. If the API key lacks view access to an associated target, that item will not be returned in the results."
x22-3080,cloudflare,DELETE,/zones/{zone_id}/custom_certificates/{custom_certificate_id},custom-ssl-for-a-zone-delete-ssl-configuration,Delete SSL Configuration,Remove a SSL certificate from a zone.
x22-1008,cloudflare,GET,/accounts/{account_id}/dex/commands/{command_id}/downloads/{filename},get-commands-command-id-downloads-filename,Download command output file,Downloads artifacts for an executed command. Bulk downloads are not supported
x22-3932,pagerduty,POST,/teams,createTeam,Create a team,"Create a new Team.

A team is a collection of Users and Escalation Policies that represent a group of people within an organization.

For more information see the [API Concepts Document](../../api-reference/a47605517c19a-api-concepts#teams)

Scoped OAuth requires: `teams.write`"
x22-2277,cloudflare,DELETE,/accounts/{account_id}/vectorize/indexes/{index_name},vectorize-(-deprecated)-delete-vectorize-index,Delete Vectorize Index (Deprecated),Deletes the specified Vectorize Index.
x22-0809,cloudflare,GET,/accounts/{account_id}/cloudforce-one/v2/requests/{project_type}/{request_id}/messages/{message_id},get_MessageRead,Read a single message for an RFI request,Returns the details for a specific message belonging to an RFI request.
x22-4232,sentry,POST,/api/0/sentry-app-installations/{uuid}/external-issue-actions/,executeSentryAppInstallationExternalIssueAction,Create or Link an External Issue Through a Sentry App,"**Experimental:** This API is under active development and may change.

Invoke the installed app's issue-link callback and store the returned association.
Submit the app-specific form fields alongside `groupId`, `action`, and `uri`."
x22-3935,pagerduty,DELETE,/teams/{id},deleteTeam,Delete a team,"Remove an existing team.

Succeeds only if the team has no associated Escalation Policies, Services, Schedules and Subteams.

All associated unresovled incidents will be reassigned to another team (if specified) or will loose team association, thus becoming account-level (with visibility implications).

Note that the incidents reassignment process is asynchronous and has no guarantee to complete before the API call return.

A team is a collection of Users and Escalation Policies that represent a group of people within an organization.

For more information see the [API Concepts Document](../../api-reference/a47605517c19a-api-concepts#teams)

Scoped OAuth requires: `teams.write`"
x22-2786,cloudflare,GET,/radar/http/top/locations/tls_version/{tls_version},radar-get-http-top-locations-by-tls-version,Get top locations by HTTP requests for a TLS version,"Retrieves the top locations, by HTTP requests, of the requested TLS protocol version."
x22-1590,cloudflare,PUT,/accounts/{account_id}/magic/cf_interconnects,magic-interconnects-update-multiple-interconnects,Update multiple interconnects,Updates multiple interconnects associated with an account. Use `?validate_only=true` as an optional query parameter to only run validation without persisting changes.
x22-0245,cloudflare,POST,/accounts/{account_id}/ai-gateway/gateways/{gateway_id}/evaluations,aig-config-create-evaluations,Create a new Evaluation,Creates a new AI Gateway.
x22-0963,cloudflare,GET,/accounts/{account_id}/devices/policy/fallback_domains,devices-get-local-domain-fallback-list,Get your Local Domain Fallback list,Fetches a list of domains to bypass Gateway DNS resolution. These domains will use the specified local DNS resolver instead.
x22-2914,cloudflare,PATCH,/zones/{zone_id},zones-0-patch,Edit Zone,Edits a zone. Only one zone property can be changed at a time.
x22-0522,cloudflare,DELETE,/accounts/{account_id}/builds/workers/{script_tag},deleteWorkerBuild,Delete Worker build configuration,Delete build settings and triggers for a Worker tag and cancel unfinished builds. The Worker is not deleted.
x22-2904,cloudflare,GET,/zones/{zone_identifier}/custom_pages/assets,custom-assets-for-a-zone-list-custom-assets,List custom assets,Fetches all the custom assets at the zone level.
x22-2588,cloudflare,GET,/radar/as112/top/locations/dnssec/{dnssec},radar-get-dns-as112-top-locations-by-dnssec,Get top locations by AS112 DNS queries with DNSSEC support,Retrieves the top locations of DNS queries to AS112 with DNSSEC (DNS Security Extensions) support.
x22-3449,cloudflare,GET,/zones/{zone_id}/settings/zaraz/export,get-zones-zone_identifier-zaraz-export,Export Zaraz configuration,"Exports full current published Zaraz configuration for a zone, secret variables included."
x22-0452,cloudflare,GET,/accounts/{account_id}/brand-protection/total-queries,getAccountsAccountIdBrandProtectionTotalQueries,Read the total number of saved string queries,Return the total number of saved string queries
x22-0431,cloudflare,GET,/accounts/{account_id}/brand-protection/logo-matches/download,getAccountsAccountIdBrandProtectionLogoMatchesDownload,Download matches for logo queries by ID,Return matches as CSV for logo queries based on ID
x22-2123,cloudflare,GET,/accounts/{account_id}/shares/{share_id}/excluded-recipients/{excluded_recipient_id},share-excluded-recipients-get-by-id,Get share excluded recipient by ID,Gets a single excluded recipient of a share by its identifier tag.
x22-3151,cloudflare,GET,/zones/{zone_id}/email/sending/subdomains/{subdomain_id},email-sending-subdomains-get-sending-subdomain,Get a sending subdomain,Gets information for a specific sending subdomain.
x22-3747,pagerduty,GET,/incident_workflows/triggers,listIncidentWorkflowTriggers,List Triggers,"List existing Incident Workflow Triggers

Scoped OAuth requires: `incident_workflows.read`"
x22-4106,sentry,GET,/api/0/organizations/{organization_id_or_slug}/preprodartifacts/snapshots/{snapshot_id}/images/{image_identifier}/,getOrganizationPreprodArtifactSnapshotImage,Retrieve Snapshot image detail,"Retrieve detailed information for a single image within a snapshot.

The `image_identifier` can be either the image filename or its content
hash. The response includes head and base image metadata, comparison
status, diff image URL, diff percentage, and previous filename for
renames.

This endpoint uses a flat response format with nullable fields designed
for LLM/MCP consumers.

This endpoint requires a bearer token with `project:read` access."
x22-1628,cloudflare,GET,/accounts/{account_id}/magic/connectors/{connector_id},mconn-connectors-get,Get Connector,Gets a Magic WAN Connector.
x22-2569,cloudflare,GET,/radar/annotations/outages,radar-get-annotations-outages,Get latest Internet outages and anomalies,Retrieves the latest Internet outages and anomalies.
x22-0927,cloudflare,GET,/accounts/{account_id}/data-security/posture/webhooks,ListWebhooks,List webhook configurations,"Retrieves all webhook configurations for the authenticated account.
Returns an array of webhook configurations that can be used to send finding notifications."
x22-3639,pagerduty,GET,/business_services/{id}/subscribers,getBusinessServiceSubscribers,List Business Service Subscribers,"Retrieve a list of Notification Subscribers on the Business Service.

<!-- theme: warning -->
> Users must be added through `POST /business_services/{id}/subscribers` to be returned from this endpoint.
Scoped OAuth requires: `subscribers.read`"
x22-3990,pagerduty,GET,/vendors,listVendors,List vendors,"List all vendors.

A PagerDuty Vendor represents a specific type of integration. AWS Cloudwatch, Splunk, Datadog are all examples of vendors

For more information see the [API Concepts Document](../../api-reference/a47605517c19a-api-concepts#vendors)

Scoped OAuth requires: `vendors.read`"
x22-1878,cloudflare,PUT,/accounts/{account_id}/r2/buckets/{bucket_name},r2-create-bucket-by-name,Create Bucket (by name),"Creates a new R2 bucket using the name from the URL path. Similar to `r2-create-bucket` (POST), but the bucket name comes from the path and the optional storage class is supplied via the `cf-r2-storage-class` header. There is no request body. Unlike the POST variant, this endpoint does not accept a location hint — the bucket is placed in the R2 region for the caller's edge colo. Use the POST variant if you need to set a `locationHint`."
x22-4197,sentry,GET,/api/0/projects/{organization_id_or_slug}/{project_id_or_slug}/ownership/,getProjectOwnership,Retrieve Ownership Configuration for a Project,Returns details on a project's ownership configuration.
x22-1117,cloudflare,GET,/accounts/{account_id}/dlp/sensitivity_groups/templates,dlp-sensitivity-group-templates-list,Retrieve all sensitivity group templates in an account,Lists available sensitivity group templates.
x22-2473,cloudflare,POST,/accounts/{account_id}/workflows/{workflow_name}/instances,wor-create-new-workflow-instance,Create a new workflow instance,"Creates a new instance of a workflow, starting its execution."
x22-1255,cloudflare,DELETE,/accounts/{account_id}/email/sending/suppressions/{suppression_id},delete_publicDeleteSendingSuppression,Delete account Email Sending suppression,"Deletes the suppression, its note, and every legacy internal zone membership, allowing future delivery attempts to the address."
x22-2537,cloudflare,DELETE,/organizations/{organization_id},Organizations_delete,Delete organization.,"Delete an organization. The organization MUST be empty before deleting.
It must not contain any sub-organizations, accounts, members or users. (Currently in Public Beta - see https://developers.cloudflare.com/fundamentals/organizations/)

**Access Control:** Restricted to enterprise organizations."
x22-1345,cloudflare,POST,/accounts/{account_id}/gateway/rules/{rule_id}/reset_expiration,zero-trust-gateway-rules-reset-expiration-zero-trust-gateway-rule,Reset the expiration of a Zero Trust Gateway Rule,Resets the expiration of a Zero Trust Gateway Rule if its duration elapsed and it has a default duration. The Zero Trust Gateway Rule must have values  for both `expiration.expires_at` and `expiration.duration`.
x22-3952,pagerduty,GET,/users,listUsers,List users,"List users of your PagerDuty account, optionally filtered by a search query.

Users are members of a PagerDuty account that have the ability to interact with Incidents and other data on the account.

For more information see the [API Concepts Document](../../api-reference/a47605517c19a-api-concepts#users)

Scoped OAuth requires: `users.read`"
x22-3594,pagerduty,POST,/analytics/metrics/incidents/services/all,getAnalyticsMetricsIncidentsServiceAll,Get aggregated metrics for all services,"Provides aggregated metrics across all services.

Example metrics include Seconds to Resolve, Seconds to Engage, Snoozed Seconds, and Sleep Hour Interruptions. Metric definitions can be found in our [Knowledge Base](https://support.pagerduty.com/docs/insights#services-list).

<!-- theme: info -->
> A `team_ids` or `service_ids` filter is required for [user-level API keys](https://support.pagerduty.com/docs/using-the-api#section-generating-a-personal-rest-api-key) or keys generated through an OAuth flow. Account-level API keys do not have this requirement.
<!-- theme: info -->
> **Note:** Data availability reflects [pipeline processing cycles](https://support.pagerduty.com/main/docs/insights#:~:text=Data%20Update%20Schedule) and is generally within 24 hours under normal conditions.

Scoped OAuth requires: `analytics.write`"
x22-0741,cloudflare,GET,/accounts/{account_id}/cloudforce-one/v2/brand-protection/logo/queries,get_GetLogoQueries,Get logo queries,Get all saved brand protection logo queries for an account. Optionally specify id to get a single query. Set download=true to include base64-encoded image data.
x22-0160,cloudflare,GET,/accounts/{account_id}/addressing/address_maps/{address_map_id},ip-address-management-address-maps-address-map-details,Address Map Details,Show a particular address map owned by the account.
x22-2407,cloudflare,POST,/accounts/{account_id}/workers/scripts/{script_name}/assets-upload-session,worker-script-update-create-assets-upload-session,Create Worker Assets Upload Session,"Start uploading a collection of assets for use in a Worker version. To learn more about the direct uploads of assets, see https://developers.cloudflare.com/workers/static-assets/direct-upload/."
x22-0093,cloudflare,GET,/accounts/{account_id}/access/groups,access-groups-list-access-groups,List Access groups,Lists all Access groups.
x22-2315,cloudflare,GET,/accounts/{account_id}/vuln_scanner/target_environments/{target_environment_id},get-target-environment,Get target environment,Returns a single target environment by ID.
x22-2151,cloudflare,PATCH,/accounts/{account_id}/sso_connectors/{sso_connector_id},update-sso-connector-state,Update SSO connector state,Updates the state or configuration of an SSO connector.
x22-0325,cloudflare,POST,/accounts/{account_id}/ai/finetunes,workers-ai-create-finetune,Create a new Finetune,Creates a new fine-tuning job for a Workers AI model using custom training data.
x22-3222,cloudflare,PUT,/zones/{zone_id}/healthchecks/{healthcheck_id},health-checks-update-health-check,Update Health Check,Update a configured health check.
x22-1135,cloudflare,GET,/accounts/{account_id}/dls/regional_services/prefix_bindings/{binding_id},publicGetPrefixBinding,Get a DLS prefix binding,
x22-1819,cloudflare,POST,/accounts/{account_id}/pipelines/v1/pipelines,postV4AccountsByAccount_idPipelinesV1Pipelines,Create Pipeline,Create a new Pipeline.
x22-0854,cloudflare,GET,/accounts/{account_id}/cni/interconnects/{icon}/loa,get_interconnect_loa,Generate the Letter of Authorization (LOA) for a given interconnect,"Downloads the Letter of Authorization (LOA) for a network interconnect, required for
physical cross-connect provisioning."
x22-0349,cloudflare,GET,/accounts/{account_id}/alerting/v3/policies,notification-policies-list-notification-policies,List Notification policies,Get a list of all Notification policies.
x22-2790,cloudflare,GET,/radar/leaked_credential_checks/timeseries_groups/bot_class,radar-get-leaked-credential-checks-timeseries-group-by-bot-class,Get HTTP authentication requests by bot class time series,Retrieves the distribution of HTTP authentication requests by bot class over time.
x22-3939,pagerduty,GET,/teams/{id}/members,listTeamUsers,List members of a team,"Get information about members on a team.

A team is a collection of Users and Escalation Policies that represent a group of people within an organization.

For more information see the [API Concepts Document](../../api-reference/a47605517c19a-api-concepts#teams)

Scoped OAuth requires: `teams.read`"
x22-3204,cloudflare,DELETE,/zones/{zone_id}/firewall/waf/overrides/{overrides_id},waf-overrides-delete-a-waf-override,Delete a WAF override,"**This endpoint has been deprecated and returns 410 Gone. Please use the [Rulesets API](https://developers.cloudflare.com/ruleset-engine/) instead.**

Previously deleted an existing URI-based WAF override."
x22-2615,cloudflare,GET,/radar/attacks/layer7/summary/industry,radar-get-attacks-layer7-summary-by-industry,Get layer 7 attacks by targeted industry summary,Retrieves the distribution of layer 7 attacks by targeted industry.
x22-3244,cloudflare,POST,/zones/{zone_id}/leaked-credential-checks,waf-product-api-leaked-credentials-set-status,Update the Leaked Credential Checks status for a zone.,"Update the Leaked Credential Checks status for the zone, enabling or disabling the detection. While enabled, the detection populates the `cf.waf.credential_check.*` fields, which you can reference in custom rules and rate limiting rules to challenge or block requests carrying compromised credentials."
x22-2092,cloudflare,POST,/accounts/{account_id}/secrets_store/stores/{store_id}/secrets,secrets-store-secret-create,Create a secret,Creates a secret in the account.
x22-3711,pagerduty,GET,/event_orchestrations/services/{service_id}/cache_variables/{cache_variable_id},getCacheVarOnServiceOrch,Get a Cache Variable for a Service Event Orchestration,"Get a Cache Variable for a Service Event Orchestration.

Cache Variables allow you to store event data on an Event Orchestration, which can then be used in Event Orchestration rules as part of conditions or actions.

For more information see the [API Concepts Document](../../api-reference/a47605517c19a-api-concepts#event-orchestrations)

Scoped OAuth requires: `services.read`"
x22-2464,cloudflare,GET,/accounts/{account_id}/workers/workers/{worker_id}/versions/{version_id},getWorkerVersion,Get Worker Version,Get details about a specific Worker version.
x22-2644,cloudflare,GET,/radar/bgp/routes/realtime,radar-get-bgp-routes-realtime,Get real-time BGP routes for a prefix,"Retrieves real-time BGP routes for a prefix, using public real-time data collectors (RouteViews and RIPE RIS)."
x22-0916,cloudflare,POST,/accounts/{account_id}/data-security/posture/findings/{finding_id}/tune_finding_severity,ChangeFindingSeverity,Update the severity for a finding,"Update the severity of a Finding.
This will update the `severity_override` field on the Finding payload with the new severity value."
x22-2410,cloudflare,GET,/accounts/{account_id}/workers/scripts/{script_name}/deployments,worker-deployments-list-deployments,List Worker Deployments,List Worker deployments. The first deployment in the list is the latest deployment actively serving traffic.
x22-0384,cloudflare,GET,/accounts/{account_id}/artifacts/namespaces/{namespace}/repos/{name}/raw/{ref}/{path},artifacts_repos_raw_get,Read a raw file with content type,"Returns file bytes resolved by ref and path, with a sniffed content type and browser-safe response headers."
x22-0020,cloudflare,DELETE,/accounts/{account_identifier}/custom_pages/assets/{asset_name},custom-assets-for-an-account-delete-a-custom-asset,Delete a custom asset,Deletes an existing custom asset.
x22-0455,cloudflare,PATCH,/accounts/{account_id}/brand-protection/verify,patchAccountsAccountIdBrandProtectionVerify,Update verification statuses of submitted URLs to confirmed by ID,Return a success message after updating verification statuses of submitted URLs to confirmed by ID
x22-2984,cloudflare,GET,/zones/{zone_id}/api_gateway/discovery/operations/{discovery_id},api-shield-api-discovery-retrieve-discovered-operation-by-id,Get a discovered web or API operation,Returns a discovered web or API operation by discovery ID.
x22-2857,cloudflare,GET,/user/invites/{invite_id},user'-s-invites-invitation-details,Invitation Details,Gets the details of an invitation.
x22-2449,cloudflare,GET,/accounts/{account_id}/workers/workers/{worker_id}/previews,workers.previews.list,List Previews,List all Previews for a Worker.
x22-0760,cloudflare,POST,/accounts/{account_id}/cloudforce-one/v2/collections,post_CollectionCreate,Create a new collection,"Creates a collection with four patterns: schema-only (empty collection), rows-only (inferred schema), schema+rows (validated data), or file upload (CSV/JSON/JSONL)"
x22-2205,cloudflare,PUT,/accounts/{account_id}/stream/{identifier}/captions/{language},stream-subtitles/-captions-upload-captions-or-subtitles,Upload captions or subtitles,Uploads the caption or subtitle file to the endpoint for a specific BCP47 language. One caption or subtitle file per language is allowed.
x22-1806,cloudflare,POST,/accounts/{account_id}/payment-methods/{payment_method_id}/set-as-default,account-billing-set-default-payment-method,Set Default Payment Method,Sets a payment method as the default for an account.
x22-4264,sentry,GET,/api/0/organizations/{organization_id_or_slug}/issues/{issue_id}/,getOrganizationIssue,Retrieve an Issue,"Return details on an individual issue, including its basic stats, comment
and user-report counts, and a summary of the latest event."
x22-3906,pagerduty,GET,/status_pages/{id}/posts,listStatusPagePosts,List Status Page Posts,"List Posts for a Status Page by Status Page ID.

Scoped OAuth requires: `status_pages.read`"
x22-3369,cloudflare,GET,/zones/{zone_id}/schema_validation/settings,schema-validation-get-settings,Get global schema validation settings,Retrieves the current global schema validation settings for a zone.
x22-3543,cloudflare,PUT,/zones/{zone_id}/waiting_rooms/{waiting_room_id},waiting-room-update-waiting-room,Update waiting room,Updates a configured waiting room.
x22-0316,cloudflare,GET,/accounts/{account_id}/ai-search/namespaces/{name}/instances/{id}/stats,ai-search-namespace-stats,Get instance statistics.,Retrieve usage and indexing statistics for an AI Search instance.
x22-0800,cloudflare,GET,/accounts/{account_id}/cloudforce-one/v2/requests/{project_type}/types,get_DashboardRequestTypesList,List visible request types for a project (dashboard),"Returns request types available to dashboard (external) callers. For restricted project types (e.g. legal-response), only the allowlisted subset is returned."
x22-1921,cloudflare,GET,/accounts/{account_id}/realtime/kit/{app_id}/livestreams/{livestream_id},get-v2-livestream-session-livestream-id,Fetch livestream details using livestream ID,Returns details of a livestream with sessions for the given livestream ID. Retreive the livestream ID using the `Start livestreaming a meeting` API.
x22-1660,cloudflare,POST,/accounts/{account_id}/magic/routes,magic-static-routes-create-routes,Create a Route,Creates a new Magic static route. Use `?validate_only=true` as an optional query parameter to run validation only without persisting changes.
x22-0046,cloudflare,GET,/accounts/{account_id}/access/ai-controls/mcp/servers,mcp-portals-api-list-servers,List MCP Servers,Lists all MCP servers configured for the account.
x22-1833,cloudflare,PUT,/accounts/{account_id}/pipelines/{pipeline_name},putV4AccountsByAccount_idPipelinesByPipeline_name_deprecated,[DEPRECATED] Update Pipeline,[DEPRECATED] Update an existing pipeline. Use the new /pipelines/v1/pipelines endpoint instead.
x22-0159,cloudflare,POST,/accounts/{account_id}/addressing/address_maps,ip-address-management-address-maps-create-address-map,Create Address Map,Create a new address map under the account.
x22-3660,pagerduty,GET,/enrichment/integrations/servicenow/{integration_id}/tables/{table_id}/test,testServiceNowTable,Test a CMDB table,"Validates a ServiceNow CMDB table configuration by running a live query against ServiceNow and returning up to 10 sample records. Use this before enabling synchronization to confirm that the credentials, table name, query filter, and mapped fields are correct. Records are returned keyed by ServiceNow field name.

<!-- theme: warning -->

> ### Early Access
> This API is in Early Access and may change at any time. Contact your PagerDuty account team to request access.

Scoped OAuth requires: `contextual_data.read`"
x22-2690,cloudflare,GET,/radar/dns/timeseries_groups/protocol,radar-get-dns-timeseries-group-by-protocol,Get DNS queries by protocol time series,Retrieves the distribution of DNS queries by DNS transport protocol over time.
x22-1032,cloudflare,GET,/accounts/{account_id}/dex/traceroute-tests/{test_id}/percentiles,dex-endpoints-traceroute-test-percentiles,Get percentiles for a traceroute test,Get percentiles for a traceroute test for a given time period between 1 hour and 7 days.
x22-1730,cloudflare,GET,/accounts/{account_id}/moq/relays,moq-relays-list,List relays,"Lists all MoQ relays for the account. Returns only metadata.
Config, status, and tokens are omitted.

Results are cursor-paginated (keyset on the `created` timestamp).
Use `created_before` / `created_after` with the `created` value of the
first/last item in a page to fetch the adjacent page. `result_info`
reports the page `count` and the `total` matching the cursor filters."
x22-1946,cloudflare,POST,/accounts/{account_id}/realtime/kit/{app_id}/presets,post-presets,Create a preset,Creates a preset belonging to the current App
x22-0520,cloudflare,DELETE,/accounts/{account_id}/builds/workers/{script_name}/deploy_hooks/{deploy_hook_uuid},deleteDeployHook,Delete a deploy hook,Delete a deploy hook so its UUID can no longer start builds.
x22-4185,sentry,GET,/api/0/projects/{organization_id_or_slug}/{project_id_or_slug}/filters/,listProjectFilters,List a Project's Data Filters,"Retrieve a list of filters for a given project.
`active` will be either a boolean or a list for the legacy browser filters."
x22-3423,cloudflare,PATCH,/zones/{zone_id}/settings/image_resizing,zone-settings-change-image-resizing-setting,Change Image Transformations setting,"Sets the Image Transformations setting for a zone. Accepted values are `off`, `on`, `open`, and `latest`."
x22-3667,pagerduty,POST,/enrichment/schemas,createEnrichmentSchema,Create an enrichment schema,"Creates an enrichment schema. Provide a JSON body to define the schema explicitly (returns `201`), or upload a CSV file as `multipart/form-data` or `text/csv` to auto-generate a schema from the file's columns — the first column becomes a query field and the rest become enriched fields (returns `202` once the file is accepted for processing). A schema must include 1-3 query fields and at least one enriched field, up to 25 fields total, with unique (case-insensitive) field names. Schemas created through the API are always `CSV`, and an account may have at most 25 CSV schemas. CSV uploads are limited to 10 MB.

<!-- theme: warning -->

> ### Early Access
> This API is in Early Access and may change at any time. Contact your PagerDuty account team to request access.

Scoped OAuth requires: `contextual_data.write`"
x22-4247,sentry,GET,/api/0/projects/{organization_id_or_slug}/{project_id_or_slug}/user-feedback/,List a Project's User Feedback,,"Return a list of user feedback items within this project.

*This list does not include submissions from the [User Feedback Widget](https://docs.sentry.io/product/user-feedback/#user-feedback-widget). This is because it is based on an older format called User Reports - read more [here](https://develop.sentry.dev/application/feedback-architecture/#user-reports). To return a list of user feedback items from the widget, please use the [issue API](https://docs.sentry.io/api/events/list-a-projects-issues/) with the filter `issue.category:feedback`.*"
x22-2290,cloudflare,POST,/accounts/{account_id}/vectorize/v2/indexes/{index_name}/insert,vectorize-insert-vector,Insert Vectors,Inserts vectors into the specified index and returns a mutation id corresponding to the vectors enqueued for insertion.
x22-2381,cloudflare,GET,/accounts/{account_id}/workers/observability/issues/summary,issues.summary,Summarize detected issues,Retrieve aggregate issue counts for the account.
x22-0022,cloudflare,GET,/accounts/{account_identifier}/custom_pages/{identifier},custom-pages-for-an-account-get-a-custom-page,Get a custom page,Fetches the details of a custom page.
x22-1157,cloudflare,GET,/accounts/{account_id}/email-security/analytics/monthly_report,email_security_get_monthly_report,Get monthly report,"Returns an aggregated monthly email security report including detections, dispositions, and policy activity for the trailing 12 months."
x22-3374,cloudflare,GET,/zones/{zone_id}/schema_validation/settings/operations/{operation_id},schema-validation-get-per-operation-setting,Get per-operation schema validation setting,Retrieves the schema validation settings configured for a specific API operation.
x22-0394,cloudflare,GET,/accounts/{account_id}/autorag/rags/{id}/jobs/{job_id}/logs,autorag-config-list-job-logs,List Job Logs,Lists logs for an AutoRAG job.
x22-4059,sentry,POST,/api/0/organizations/{organization_id_or_slug}/discover/saved/,createOrganizationDiscoverSavedQuery,Create a New Saved Query,Create a new saved query for the given organization.
x22-3706,pagerduty,GET,/event_orchestrations/{id}/cache_variables/{cache_variable_id}/data,getExternalDataCacheVarDataOnGlobalOrch,Get Data for an External Data Cache Variable on a Global Event Orchestration,"Get the data for an `external_data` type Cache Variable on a Global Orchestration.

Use External Data type Cache Variables to store string, number, or boolean values via a dedicated API endpoint. These stored values can then be used in conditions or actions in Event Orchestration rules.

For more information see the [Knowledge Base](https://support.pagerduty.com/main/docs/event-orchestration-cache-variables)

Scoped OAuth requires: `event_orchestrations.read`"
x22-1275,cloudflare,GET,/accounts/{account_id}/flagship/apps,flagship_list_apps,List apps,Lists all apps in the account. Returns identity and audit fields only — flag definitions are not included.
x22-4018,pagerduty,POST,/webhook_subscriptions,createWebhookSubscription,Create a webhook subscription,"Creates a new webhook subscription.

For more information on webhook subscriptions and how they are used to configure v3 webhooks
see the [Webhooks v3 Developer Documentation](https://developer.pagerduty.com/docs/webhooks/v3-overview/).

Scoped OAuth requires: `webhook_subscriptions.write`"
x22-1513,cloudflare,GET,/accounts/{account_id}/logs/explorer/datasets,accounts-logs-explorer-datasets-list,List account datasets,"Returns all Log Explorer datasets configured for the account.

Pass `include_zones=true` to also include zone-level datasets that
belong to this account. List responses omit the `fields` property;
use the single-dataset endpoint to retrieve field configuration."
x22-0374,cloudflare,GET,/accounts/{account_id}/artifacts/namespaces/{namespace}/repos,artifacts_repos_list,List repositories,Lists repositories in a namespace.
x22-2780,cloudflare,GET,/radar/http/top/locations/browser_family/{browser_family},radar-get-http-top-locations-by-browser-family,Get top locations by HTTP requests for a browser family,"Retrieves the top locations, by HTTP requests, of the requested browser family."
x22-1248,cloudflare,POST,/accounts/{account_id}/email/sending/suppression,post_publicNewSuppressionSending,Create account email suppression,Creates a new email suppression for the specified account.
x22-1082,cloudflare,GET,/accounts/{account_id}/dlp/email/rules/{rule_id},dlp-email-scanner-get-rule,Get an email scanner rule,"Gets detailed configuration for a specific DLP email scanning rule, including detection patterns and actions."
x22-1230,cloudflare,GET,/accounts/{account_id}/email-security/submissions,email_security_submissions,Get reclassify submissions,"Returns information for submissions made to reclassify emails. Shows the status, outcome, and disposition changes for reclassification requests made by users or the security team. Useful for tracking false positive/negative reports."
x22-1633,cloudflare,POST,/accounts/{account_id}/magic/connectors/{connector_id}/interrupts,mconn-connector-interrupts-create,Create Interrupt,Creates an interrupt for a Magic WAN Connector.
x22-4226,sentry,DELETE,/api/0/projects/{organization_id_or_slug}/{project_id_or_slug}/symbol-sources/,deleteProjectSymbolSource,Delete a Symbol Source from a Project,Delete a custom symbol source from a project.
x22-0143,cloudflare,GET,/accounts/{account_id}/access/tags,access-tags-list-tags,List tags,List tags
x22-2756,cloudflare,GET,/radar/http/timeseries_groups/bot_class,radar-get-http-timeseries-group-by-bot-class,Get HTTP requests by bot class time series,Retrieves the distribution of HTTP requests classified as automated or human over time. Visit https://developers.cloudflare.com/radar/concepts/bot-classes/ for more information.
x22-0981,cloudflare,DELETE,/accounts/{account_id}/devices/posture/integration/{integration_id},device-posture-integrations-delete-device-posture-integration,Delete a device posture integration,Delete a configured device posture integration.
x22-0533,cloudflare,GET,/accounts/{account_id}/calls/apps/{app_id},calls-apps-retrieve-app-details,Retrieve SFU app details,Fetches details for a single Realtime SFU app.
x22-3929,pagerduty,DELETE,/tags/{id},deleteTag,Delete a tag,"Remove an existing Tag.

A Tag is applied to Escalation Policies, Teams or Users and can be used to filter them.

For more information see the [API Concepts Document](../../api-reference/a47605517c19a-api-concepts#tags)

Scoped OAuth requires: `tags.write`"
x22-3078,cloudflare,PUT,/zones/{zone_id}/custom_certificates/prioritize,custom-ssl-for-a-zone-re-prioritize-ssl-certificates,Re-prioritize SSL Certificates,"If a zone has multiple SSL certificates, you can set the order in which they should be used during a request. The higher priority will break ties across overlapping 'legacy_custom' certificates."
x22-3913,pagerduty,GET,/status_pages/{id}/posts/{post_id}/post_updates/{post_update_id},getPostUpdate,Get a Status Page Post Update,"Get a Post Update for a Post by Post ID and Post Update ID.

Scoped OAuth requires: `status_pages.read`"
x22-4191,sentry,DELETE,/api/0/projects/{organization_id_or_slug}/{project_id_or_slug}/keys/{key_id}/,deleteProjectKey,Delete a Client Key,Delete a client key for a given project.
x22-1260,cloudflare,PUT,/accounts/{account_id}/event_notifications/r2/{bucket_name}/configuration/queues/{queue_id},r2-put-event-notification-config,Create Event Notification Rule,Create event notification rule.
x22-1804,cloudflare,PUT,/accounts/{account_id}/payment-methods/{payment_method_id},account-billing-update-payment-method,Update Payment Method,Updates a payment method for an account.
x22-1250,cloudflare,DELETE,/accounts/{account_id}/email/sending/suppression/{suppression_id},delete_publicDeleteSuppressionSending,Delete account email suppression,Deletes an email suppression for the specified account.
x22-4047,sentry,GET,/api/0/organizations/{organization_id_or_slug}/dashboards/,listOrganizationDashboards,List an Organization's Custom Dashboards,Retrieve a list of custom dashboards that are associated with the given organization.
x22-4254,sentry,GET,/api/0/projects/{organization_id_or_slug}/{project_id_or_slug}/issues/,List a Project's Issues,,"**Deprecated**: This endpoint has been replaced with the [Organization Issues endpoint](/api/events/list-an-organizations-issues/) which
supports filtering on project and additional functionality.

Return a list of issues (groups) bound to a project.  All parameters are supplied as query string parameters. 

 A default query of ``is:unresolved`` is applied. To return results with other statuses send an new query value (i.e. ``?query=`` for all results).

The ``statsPeriod`` parameter can be used to select the timeline stats which should be present. Possible values are: ``""""`` (disable),``""24h""`` (default), ``""14d""``

User feedback items from the [User Feedback Widget](https://docs.sentry.io/product/user-feedback/#user-feedback-widget) are built off the issue platform, so to return a list of user feedback items for a specific project, filter for `issue.category:feedback`."
x22-2888,cloudflare,DELETE,/user/subscriptions/{identifier},user-subscription-delete-user-subscription,Delete User Subscription,Deletes a user's subscription.
x22-1340,cloudflare,GET,/accounts/{account_id}/gateway/rules/tenant,zero-trust-gateway-rules-list-zero-trust-gateway-rules-tenant,List Zero Trust Gateway rules inherited from the parent account,List Zero Trust Gateway rules for the parent account of an account in the MSP configuration.
x22-1075,cloudflare,PUT,/accounts/{account_id}/dlp/document_fingerprints/{document_fingerprint_id},dlp-document-fingerprints-upload,Uploads a new version for a document fingerprint.,Uploads a new document to create or update a fingerprint. The document structure is analyzed to enable detection of similar documents.
x22-1401,cloudflare,POST,/accounts/{account_id}/images/v2/sourcingkit/sources/connectivity-precheck,cloudflare-images-sourcingkit-precheck-source-connectivity,Precheck source connectivity,"Verify connectivity to a storage bucket before creating a source. Returns
connectivity status without persisting any state."
x22-0610,cloudflare,PUT,/accounts/{account_id}/cloudforce-one/events/dataset/{dataset_id}/permissions/{grant_id},put_PermissionUpdate,Update a permission for dataset,Update a permission
x22-1362,cloudflare,POST,/accounts/{account_id}/iam/user_groups,account-user-group-create,Create User Group,Create a new user group under the specified account.
x22-4206,sentry,GET,/api/0/projects/{organization_id_or_slug}/{project_id_or_slug}/releases/,listProjectReleases,List a Project's Releases,Retrieve a list of releases for a given project.
x22-0268,cloudflare,GET,/accounts/{account_id}/ai-gateway/gateways/{gateway_id}/url/{provider},aig-config-get-gateway-url,Get Gateway URL,Retrieves the endpoint URL for an AI Gateway.
x22-1595,cloudflare,GET,/accounts/{account_id}/magic/cloud/catalog-syncs/prebuilt-policies,catalog-syncs-prebuilt-policies-list,List Prebuilt Policies,List prebuilt catalog sync policies (Closed Beta).
x22-1035,cloudflare,POST,/accounts/{account_id}/diagnostics/endpoint-healthchecks,diagnostics-endpoint-healthcheck-create,Endpoint Health Check,Create Endpoint Health Check.
x22-1662,cloudflare,DELETE,/accounts/{account_id}/magic/routes,magic-static-routes-delete-many-routes,Delete Many Routes,Delete multiple Magic static routes.
x22-2438,cloudflare,GET,/accounts/{account_id}/workers/services/{service_name}/environments/{environment_name}/settings,worker-script-environment-get-settings,Get Worker Environment Settings,Get Worker script settings for an environment.
x22-2259,cloudflare,GET,/accounts/{account_id}/urlscanner/response/{response_id},urlscanner-get-response-text,Get raw response,Returns the plain response of the network request.
x22-0770,cloudflare,GET,/accounts/{account_id}/cloudforce-one/v2/collections/{collection_id}/items/{item_id},get_ItemGet,Get collection item,Retrieve a single item from a collection by its identifier.
x22-1837,cloudflare,GET,/accounts/{account_id}/queues,queues-list,List Queues,Returns the queues owned by an account.
x22-2288,cloudflare,POST,/accounts/{account_id}/vectorize/v2/indexes/{index_name}/get_by_ids,vectorize-get-vectors-by-id,Get Vectors By Identifier,Get a set of vectors from an index by their vector identifiers.
x22-2804,cloudflare,GET,/radar/post_quantum/origin/summary/{dimension},radar-get-origin-post-quantum-summary,Get Origin Post-Quantum Data Summary,Returns a summary of origin post-quantum data grouped by the specified dimension.
x22-1512,cloudflare,DELETE,/accounts/{account_id}/logs/control/cmb/config,delete-accounts-account_id-logs-control-cmb-config,Delete CMB config,Deletes CMB config.
x22-2725,cloudflare,GET,/radar/email/security/timeseries_groups/spam,radar-get-email-security-timeseries-group-by-spam,Get email spam classification time series,Retrieves the distribution of emails by spam classification (spam vs. non-spam) over time.
x22-0176,cloudflare,PATCH,/accounts/{account_id}/addressing/prefixes/{prefix_id},ip-address-management-prefixes-update-prefix-description,Update Prefix Description,Modify the description for a prefix owned by the account.
x22-1927,cloudflare,PATCH,/accounts/{account_id}/realtime/kit/{app_id}/meetings/{meeting_id},update_meeting,Update a meeting,Updates a meeting in an App for the given meeting ID.
x22-2979,cloudflare,GET,/zones/{zone_id}/api_gateway/configuration,api-shield-settings-retrieve-information-about-specific-configuration-properties,Get session identifier settings,"Returns the authentication identifier characteristics configured for the zone. Header, cookie, or JWT claim values identify distinct API sessions."
x22-1623,cloudflare,GET,/accounts/{account_id}/magic/cloud/resources/export,resources-catalog-export,Export Resources,Export resources in the Resource Catalog as a JSON file (Closed Beta).
x22-3989,pagerduty,GET,/users/me,getCurrentUser,Get the current user,"Get details about the current user.

This endpoint can only be used with a [user-level API key](https://support.pagerduty.com/docs/using-the-api#section-generating-a-personal-rest-api-key) or a key generated through an OAuth flow. This will not work if the request is made with an account-level access token.

Users are members of a PagerDuty account that have the ability to interact with Incidents and other data on the account.

For more information see the [API Concepts Document](../../api-reference/a47605517c19a-api-concepts#users)"
x22-3617,pagerduty,GET,/automation_actions/actions/{id}/teams,getAutomationActionsActionTeamAssociations,Get all team references associated with an Automation Action,Gets all team references associated with an Automation Action
x22-0561,cloudflare,POST,/accounts/{account_id}/cloudforce-one/binary,post_BinDBPost,Posts a file to Binary Storage,Uploads a binary file to Cloudforce One's binary database for malware analysis and threat intelligence correlation.
x22-1373,cloudflare,POST,/accounts/{account_id}/images/v1/direct_upload,cloudflare-images-create-authenticated-direct-upload-url-v-1,Create authenticated direct upload URL V1,"Direct uploads allow users to upload images without API keys. A common use
case are web apps, client-side applications, or mobile devices where users
upload content directly to Cloudflare Images. This method creates a one-time
upload URL. Use the V2 endpoint for additional features such as custom IDs and
metadata."
x22-3154,cloudflare,GET,/zones/{zone_id}/email/sending/subdomains/{subdomain_id}/dns,email-sending-subdomains-get-sending-subdomain-dns,Get sending subdomain DNS records,Returns the expected DNS records for a sending subdomain.
x22-0405,cloudflare,GET,/accounts/{account_id}/billing/profile,account-billing-profile-get-billing-profile,Get Billing Profile,Gets the current billing profile for the account.
x22-2874,cloudflare,GET,/user/load_balancers/pools/{pool_id}/health,load-balancer-pools-pool-health-details,Pool Health Details,Fetch the latest pool health status for a single pool.
x22-1969,cloudflare,GET,/accounts/{account_id}/realtime/kit/{app_id}/webhooks/all,getAllWebhookEvents,Fetch all supported webhook events,Returns the list of webhook event names supported by RealtimeKit.
x22-2963,cloudflare,GET,/zones/{zone_id}/acm/total_tls,total-tls-total-tls-settings-details,Total TLS Settings Details,Get Total TLS Settings for a Zone.
x22-3614,pagerduty,POST,/automation_actions/actions/{id}/services,createAutomationActionServiceAssocation,Associate an Automation Action with a service,Associate an Automation Action with a service
x22-0625,cloudflare,GET,/accounts/{account_id}/cloudforce-one/events/indicator-types,get_IndicatorTypesList,Lists indicator types across multiple datasets,Lists indicator types across multiple datasets
x22-3789,pagerduty,POST,/incidents/types/{type_id_or_name}/custom_fields,createIncidentTypeCustomField,Create a Custom Field for an Incident Type,"Create a Custom Field for an Incident Type

Custom Fields (CF) are a feature which will allow customers to extend Incidents with their own custom data,
to provide additional context and support features such as customized filtering, search and analytics.
Custom Fields can be applied to different incident types.

Scoped OAuth requires: `custom_fields.write`"
x22-0756,cloudflare,DELETE,/accounts/{account_id}/cloudforce-one/v2/brand-protection/takedown-notices/{notice_id}/letters/{letter_id},delete_TakedownLetterDelete,Delete takedown letter,Delete a specific takedown letter and its associated PDF from storage.
x22-3843,pagerduty,PUT,/schedules/{id},updateSchedule,Update a schedule,"Update an existing on-call schedule.

A Schedule determines the time periods that users are On-Call.

For more information see the [API Concepts Document](../../api-reference/a47605517c19a-api-concepts#schedules)

Scoped OAuth requires: `schedules.write`"
x22-0305,cloudflare,PATCH,/accounts/{account_id}/ai-search/namespaces/{name}/instances/{id}/items/{item_id},ai-search-namespace-instance-sync-item,Sync Item.,Syncs an item to an AI Search instance index.
x22-1328,cloudflare,POST,/accounts/{account_id}/gateway/pacfiles,zero-trust-gateway-pacfiles-create-pacfile,Create a PAC file,Create a new Zero Trust Gateway PAC file.
x22-1939,cloudflare,POST,/accounts/{account_id}/realtime/kit/{app_id}/meetings/{meeting_id}/participants,add_participant,Add a participant,Adds a participant to the given meeting ID.
x22-4236,sentry,DELETE,/api/0/sentry-apps/{sentry_app_id_or_slug}/,deleteSentryApp,Delete a custom integration.,Delete a custom integration.
x22-3143,cloudflare,GET,/zones/{zone_id}/email/routing/suppression,get_publicListSuppressionZoneRouting,List zone email suppressions,Lists email suppressions for the specified zone.
x22-3621,pagerduty,GET,/automation_actions/invocations,listAutomationActionInvocations,List Invocations,List Invocations
x22-2434,cloudflare,POST,/accounts/{account_id}/workers/scripts/{script_name}/versions,worker-versions-upload-version,Upload Version,Upload a Worker Version without deploying to Cloudflare's network. You can find more about the multipart metadata on our docs: https://developers.cloudflare.com/workers/configuration/multipart-upload-metadata/.
x22-3031,cloudflare,PUT,/zones/{zone_id}/bot_management,bot-management-for-a-zone-update-config,Update Zone Bot Management Config,"Updates the Bot Management configuration for a zone.

This API is used to update:
- **Bot Fight Mode**
- **Super Bot Fight Mode**
- **Bot Management for Enterprise**

See [Bot Plans](https://developers.cloudflare.com/bots/plans/) for more information on the different plans
\
If you recently upgraded or downgraded your plan, refer to the following examples to clean up old configurations.
Copy and paste the example body to remove old zone configurations based on your current plan.
#### Clean up configuration for Bot Fight Mode plan
```json
{
  ""sbfm_likely_automated"": ""allow"",
  ""sbfm_definitely_automated"": ""allow"",
  ""sbfm_verified_bots"": ""allow"",
  ""sbfm_static_resource_protection"": false,
  ""optimize_wordpress"": false,
  ""suppress_session_score"": false
}
```
#### Clean up configuration for SBFM Pro plan
```json
{
  ""sbfm_likely_automated"": ""allow"",
  ""fight_mode"": false
}
```
#### Clean up configuration for SBFM Biz plan
```json
{
  ""fight_mode"": false
}
```
#### Clean up configuration for BM Enterprise Subscription plan
It is strongly recommended that you ensure you have [custom rules](https://developers.cloudflare.com/waf/custom-rules/) in place to protect your zone before disabling the SBFM rules. Without these protections, your zone is vulnerable to attacks.
```json
{
  ""sbfm_likely_automated"": ""allow"",
  ""sbfm_definitely_automated"": ""allow"",
  ""sbfm_verified_bots"": ""allow"",
  ""sbfm_static_resource_protection"": false,
  ""optimize_wordpress"": false,
  ""fight_mode"": false
}
```"
x22-3288,cloudflare,PUT,/zones/{zone_id}/observability/tracing/rules,zone.observability.tracing.rules.update,Replace zone trace rules,Replace all sampling overrides in a zone's managed Cloudflare Traces ruleset. Rules are evaluated in the supplied order.
x22-3967,pagerduty,POST,/users/{id}/notification_rules,createUserNotificationRule,Create a user notification rule,"Create a new notification rule.

Users are members of a PagerDuty account that have the ability to interact with Incidents and other data on the account.

For more information see the [API Concepts Document](../../api-reference/a47605517c19a-api-concepts#users)

Scoped OAuth requires: `users:contact_methods.write`"
x22-3416,cloudflare,GET,/zones/{zone_id}/settings/fonts,zone-settings-get-fonts-setting,Get Cloudflare Fonts setting,"Enhance your website's font delivery with Cloudflare Fonts. Deliver Google Hosted fonts from your own domain,
boost performance, and enhance user privacy. Refer to the Cloudflare Fonts documentation for more information."
x22-2533,cloudflare,GET,/organizations,Organization_listOrganizations,List organizations the user has access to,Retrieve a list of organizations a particular user has access to. (Currently in Public Beta - see https://developers.cloudflare.com/fundamentals/organizations/)
x22-0440,cloudflare,DELETE,/accounts/{account_id}/brand-protection/queries,deleteAccountsAccountIdBrandProtectionQueries,Delete saved string queries by ID,Return a success message after deleting saved string queries by ID
x22-3056,cloudflare,PATCH,/zones/{zone_id}/cache/variants,zone-cache-settings-change-variants-setting,Change variants setting,"Variant support enables caching variants of images with certain file extensions in addition to the original. This only applies when the origin server sends the 'Vary: Accept' response header. If the origin server sends 'Vary: Accept' but does not serve the variant requested, the response will not be cached. This will be indicated with BYPASS cache status in the response headers."
x22-0977,cloudflare,POST,/accounts/{account_id}/devices/posture,device-posture-rules-create-device-posture-rule,Create a device posture rule,Creates a new device posture rule.
x22-3299,cloudflare,DELETE,/zones/{zone_id}/origin/cloud_regions/{origin_ip},origin-cloud-regions-v2-delete,Delete an origin cloud region mapping,Removes the cloud region mapping for a single origin IP address. The IP path parameter is normalized before lookup. Returns the deleted IP on success. Returns 404 if no mapping exists for the specified IP. When the last mapping for the zone is removed the underlying rule record is also deleted.
x22-0882,cloudflare,GET,/accounts/{account_id}/custom_csrs/{custom_csr_id},custom-csrs-for-an-account-custom-csr-details,Custom CSR Details,Retrieve details for a specific custom Certificate Signing Request (CSR).
x22-3363,cloudflare,POST,/zones/{zone_id}/schema_validation/schemas,schema-validation-create-schema,Upload a schema,Uploads an OpenAPI schema that defines expected request formats for API operations.
x22-3663,pagerduty,PUT,/enrichment/integrations/servicenow/credentials/{credentials_id},updateServiceNowCredentials,Update ServiceNow credentials,"Updates the ServiceNow credentials. Supports partial updates — only the fields provided in the request are changed. If a password is provided, it replaces the stored password. The password is never returned.

<!-- theme: warning -->

> ### Early Access
> This API is in Early Access and may change at any time. Contact your PagerDuty account team to request access.

Scoped OAuth requires: `contextual_data.write`"
x22-4251,sentry,GET,/api/0/projects/{organization_id_or_slug}/{project_id_or_slug}/hooks/{hook_id}/,Retrieve a Service Hook,,Return a service hook bound to a project.
x22-0229,cloudflare,GET,/accounts/{account_id}/ai-gateway/custom-providers/{id},aig-config-fetch-account-provider,Fetch a Account Provider,Retrieves details for a specific AI Gateway dataset.
x22-0852,cloudflare,GET,/accounts/{account_id}/cni/interconnects/{icon},get_interconnect,Get information about an interconnect object,Retrieves configuration and status details for a specific network interconnect.
x22-3558,cloudflare,GET,/zones/{zone_id}/waiting_rooms/{waiting_room_id}/status,waiting-room-get-waiting-room-status,Get waiting room status,"Fetches the status of a configured waiting room. Response fields include:
1. `status`: String indicating the status of the waiting room. The possible status are:
	- **not_queueing** indicates that the configured thresholds have not been met and all users are going through to the origin.
	- **queueing** indicates that the thresholds have been met and some users are held in the waiting room.
	- **event_prequeueing** indicates that an event is active and is currently prequeueing users before it starts.
	- **suspended** indicates that the room is suspended.
2. `event_id`: String of the current event's `id` if an event is active, otherwise an empty string.
3. `estimated_queued_users`: Integer of the estimated number of users currently waiting in the queue.
4. `estimated_total_active_users`: Integer of the estimated number of users currently active on the origin.
5. `max_estimated_time_minutes`: Integer of the maximum estimated time currently presented to the users."
x22-3255,cloudflare,PATCH,/zones/{zone_id}/load_balancers/{load_balancer_id},load-balancers-patch-load-balancer,Patch Load Balancer,"Apply changes to an existing load balancer, overwriting the supplied properties."
x22-2967,cloudflare,POST,/zones/{zone_id}/addressing/regional_hostnames,dls-zone-regional-hostnames-create,Create Regional Hostname,Create a new Regional Hostname entry. Cloudflare will only use data centers that are physically located within the chosen region to decrypt and service HTTPS traffic. Learn more about [Regional Services](https://developers.cloudflare.com/data-localization/regional-services/get-started/).
x22-3876,pagerduty,GET,/services/custom_fields/{field_id}/field_options,listServiceCustomFieldOptions,List Field Options,"List all options for a given field.

Scoped OAuth requires: `custom_fields.read`"
x22-4027,pagerduty,PUT,/webhook_subscriptions/oauth_clients/{id},updateOauthClient,Update an OAuth client,"Update an existing OAuth client. Any change will trigger token validation with the OAuth server.

Requires admin or owner role permissions."
x22-3331,cloudflare,DELETE,/zones/{zone_id}/pagerules/{pagerule_id},page-rules-delete-a-page-rule,Delete a Page Rule,Deletes an existing Page Rule.
x22-3759,pagerduty,GET,/incidents/{id}/alerts,listIncidentAlerts,List alerts for an incident,"List alerts for the specified incident.

An incident represents a problem or an issue that needs to be addressed and resolved.

For more information see the [API Concepts Document](../../api-reference/a47605517c19a-api-concepts#incidents)

Scoped OAuth requires: `incidents.read`"
x22-2834,cloudflare,GET,/signed-url,getSignedUrl,Internal route for testing signed URLs,Internal route for testing signed URLs.
x22-0842,cloudflare,PATCH,/accounts/{account_id}/cloudforce-one/v2/threat-signals/skills/{skill_id},rssSkillUpdate,Update Threat Signals skill,Update Threat Signals skill.
x22-0224,cloudflare,GET,/accounts/{account_id}/ai-gateway/custom-providers/costs,aig-config-list-account-provider-cost,List Account Provider Costs,Lists all AI Gateway evaluator types configured for the account.
x22-2218,cloudflare,POST,/accounts/{account_id}/subscriptions/cancel-downgrade,account-subscriptions-cancel-delayed-downgrade,Cancel Delayed Downgrade,Cancels pending delayed downgrades for the specified subscriptions.
x22-1587,cloudflare,GET,/accounts/{account_id}/magic/cf1_sites/{cf1_site_id}/ramps/{ramp_id},magic-cf1-sites-get-cf1-site-ramp,Get CF1 Site Ramp,Gets a specific ramp for a CF1 Site.
x22-0739,cloudflare,DELETE,/accounts/{account_id}/cloudforce-one/v2/brand-protection/letter/templates/{template_id},delete_LetterTemplateDelete,Delete letter template,Delete a user-defined takedown letter template. System templates cannot be deleted.
x22-3771,pagerduty,PUT,/incidents/{id}/notes/{note_id},updateIncidentNote,Update a note on an incident,"Update an existing note for the specified incident.

An incident represents a problem or an issue that needs to be addressed and resolved.

For more information see the [API Concepts Document](../../api-reference/a47605517c19a-api-concepts#incidents)

Scoped OAuth requires: `incidents.write`"
x22-0502,cloudflare,GET,/accounts/{account_id}/builds/tokens,listBuildTokens,List build tokens,List metadata for build tokens available to the current user without returning their secrets.
x22-3890,pagerduty,GET,/standards/scores/{resource_type},listResourceStandardsManyServices,List resources' standards scores,"List standards applied to a set of resources

Scoped OAuth requires: `standards.read`"
x22-2844,cloudflare,PATCH,/user,user-edit-user,Edit User,Edit part of your user details.
x22-3393,cloudflare,GET,/zones/{zone_id}/security-center/insights/partner-count,get-zone-security-center-partner-insight-count,Retrieves a Partner Zone Security Center Insight Count,"Retrieves the uncapped count of active, non-dismissed, unclassified RiskRecon insights for the zone."
x22-3697,pagerduty,GET,/event_orchestrations/services/{service_id},getOrchPathService,Get the Service Orchestration for a Service,"Get a Service Orchestration.

A Service Orchestration allows you to create a set of Event Rules. The Service Orchestration evaluates Events sent to this Service against each of its rules, beginning with the rules in the ""start"" set. When a matching rule is found, it can modify and enhance the event and can route the event to another set of rules within this Service Orchestration for further processing.

For more information see the [API Concepts Document](../../api-reference/a47605517c19a-api-concepts#event-orchestrations)

Scoped OAuth requires: `services.read`"
x22-4113,sentry,POST,/api/0/organizations/{organization_id_or_slug}/projects/{project_id_or_slug}/detectors/,createOrganizationProjectDetector,Create a Monitor for a Project,Create a Monitor for a project
x22-0173,cloudflare,POST,/accounts/{account_id}/addressing/prefixes,ip-address-management-prefixes-add-prefix,Add Prefix,Add a new prefix under the account.
x22-3923,pagerduty,GET,/sre_agent/memories,listSreMemories,List SRE Agent memories,"Search SRE Agent memories for the account.

Memories are knowledge learned by the SRE Agent, including service runbooks, service profiles,
incident playbooks, and incident summaries. Filter by service ID, incident ID, or memory type to retrieve
relevant memories.

Scoped OAuth requires: `incident.read`"
x22-0606,cloudflare,PATCH,/accounts/{account_id}/cloudforce-one/events/dataset/{dataset_id}/indicators/{indicator_id}/relationships/{rel_uuid},patch_IndicatorRelationshipUpdate,Update a relationship,Partially updates a relationship by UUID. Only provided fields are changed.
x22-0636,cloudflare,DELETE,/accounts/{account_id}/cloudforce-one/events/relate/{event_id},delete_EventReferenceDelete,Removes an event reference,Removes a reference link between related threat events in Cloudforce One.
x22-2894,cloudflare,GET,/user/tokens/{token_id},user-api-tokens-token-details,Token Details,Get information about a specific token.
x22-2179,cloudflare,DELETE,/accounts/{account_id}/stream/live_inputs/{live_input_identifier},stream-live-inputs-delete-a-live-input,Delete a live input,"Permanently delete a live input, making it inaccessible and blocking current and future broadcasts to it. Existing recordings will be retained."
x22-0732,cloudflare,POST,/accounts/{account_id}/cloudforce-one/v2/brand-protection/domain/trial,post_DomainTrial,Analyze domains for brand impersonation,Uses AI to scan all domains in the lookback table and identify potential phishing or impersonation attempts against the given brand string.
x22-4275,sentry,GET,/api/0/organizations/{organization_id_or_slug}/issues/{issue_id}/integrations/{integration_id}/,Retrieve an Integration's Issue Config for an Issue,,"Retrieve the form fields needed to either link an existing external issue
(such as a Jira ticket or GitHub issue) to a Sentry issue, or create a new
one. The returned `linkIssueConfig`/`createIssueConfig` describes the fields
to submit back to this endpoint via `PUT`/`POST` respectively."
x22-0363,cloudflare,POST,/accounts/{account_id}/analytics/query/data-security/findings/summary,data-security-findings-summary,Data security findings summary,Returns aggregate current-period and previous-period totals for CASB findings.
x22-2200,cloudflare,POST,/accounts/{account_id}/stream/{identifier}/audio/copy,add-audio-track,Add audio tracks to a video,Adds an additional audio track to a video using the provided audio track URL.
x22-1999,cloudflare,PATCH,/accounts/{account_id}/reporting/industry,reporting-industry-update,Update an account industry,Updates the industry classification for an account.
x22-0542,cloudflare,POST,/accounts/{account_id}/cfd_tunnel,cloudflare-tunnel-create-a-cloudflare-tunnel,Create a Cloudflare Tunnel,"Creates a remotely or locally managed Cloudflare Tunnel in an account. After creation, retrieve its token and run cloudflared to establish the connector connection."
x22-0016,cloudflare,GET,/accounts/{account_identifier}/custom_pages/assets,custom-assets-for-an-account-list-custom-assets,List custom assets,Fetches all the custom assets at the account level.
x22-1423,cloudflare,GET,/accounts/{account_id}/intel/dns,passive-dns-by-ip-get-passive-dns-by-ip,Get Passive DNS by IP,Gets a list of all the domains that have resolved to a specific IP address.
x22-2099,cloudflare,GET,/accounts/{account_id}/security-center/insights/audit-log,get-security-center-account-audit-log,Retrieves Account Audit Log,"Lists audit log entries for all Security Center insights in the account, showing changes to insight status and classification."
x22-1682,cloudflare,PATCH,/accounts/{account_id}/magic/sites/{site_id}/app_configs/{app_config_id},magic-site-app-configs-patch-app-config,Update an App Config,Updates an App Config for a site
x22-2773,cloudflare,GET,/radar/http/top/ases/ip_version/{ip_version},radar-get-http-top-ases-by-ip-version,Get top ASes by HTTP requests for an IP version,"Retrieves the top autonomous systems, by HTTP requests, of the requested IP version."
x22-2380,cloudflare,DELETE,/accounts/{account_id}/workers/observability/issues/groups/{groupId}/members/{issueId},issues.groups.members.remove,Remove an issue group member,"Remove an issue from a group, dissolving the group when fewer than two members remain."
x22-3992,pagerduty,POST,/v3/schedules,createScheduleV3,Create a schedule,"<!-- theme: info -->

> **Important note:** Shift-based schedules use the V3 API and are not compatible with V2 automations. **To create automations for Shift-Based Schedules, you need to:**
>
> 1. **Update your automations** to use the V3 API for all new shift-based schedules
> 2. **Keep the V2 endpoint** for your existing schedules
>
> An upgrade tool for existing schedules is coming soon; your legacy schedules will keep working in the meantime. [Learn more](https://support.pagerduty.com/main/docs/shift-based-schedules-api-upgrade-examples).

Create a new on-call schedule with basic metadata. Rotations and events
must be added via separate API calls after creation.

**Rejected fields:** `rotations` and `escalation_policies` are not
accepted in the request body and will result in a 400 error."
x22-0365,cloudflare,POST,/accounts/{account_id}/analytics/query/{dataset}/summary,art-analytics-query-summary,Query analytics summary,Returns aggregate summary stats for a dataset. Includes current-period and previous-period totals for trend comparison.
x22-3486,cloudflare,GET,/zones/{zone_id}/speed_api/pages,speed-list-pages,List tested webpages,Lists all webpages which have been tested.
x22-1856,cloudflare,POST,/accounts/{account_id}/queues/{queue_id}/messages/purge,queues-purge-messages,Purge Peeked Queue Messages,Delete messages from a Queue by using refs returned by the peek endpoint. Purging messages does not count as delivery and does not affect metrics.
x22-3161,cloudflare,DELETE,/zones/{zone_id}/email/sending/suppression/{suppression_id},delete_publicDeleteSuppressionZoneSending,Delete zone email suppression,Deletes an email suppression for the specified zone.
x22-1375,cloudflare,PUT,/accounts/{account_id}/images/v1/keys/{signing_key_name},cloudflare-images-keys-add-signing-key,Create a new Signing Key,Create a new CF Images signing key with specified name. Returns all keys available.
x22-1200,cloudflare,POST,/accounts/{account_id}/email-security/settings/domains/batch,email_security_batch_domains,Batch domain operations,"Executes multiple domain operations in a single request. All four operation arrays
(deletes, patches, puts, posts) are required and executed in order.
Send empty arrays for unused operations."
x22-0111,cloudflare,PUT,/accounts/{account_id}/access/keys,access-key-configuration-update-the-access-key-configuration,Update the Access key configuration,Updates the Access key rotation settings for an account.
x22-1952,cloudflare,POST,/accounts/{account_id}/realtime/kit/{app_id}/recordings,start_recording,Start recording a meeting,"Starts recording a meeting. The meeting can be started by an App admin directly, or a participant with permissions to start a recording, based on the type of authorization used."
x22-2120,cloudflare,GET,/accounts/{account_id}/shares/{share_id}/excluded-recipients,share-excluded-recipients-list,List share excluded recipients by share ID,Lists the accounts excluded from an organization-targeted share. Only valid for shares with `target_type=organization`.
x22-2647,cloudflare,GET,/radar/bgp/rpki/aspa/changes,radar-get-bgp-rpki-aspa-changes,Get ASPA changes over time,"Retrieves ASPA (Autonomous System Provider Authorization) changes over time. Returns daily aggregated changes including additions, removals, and modifications of ASPA objects."
x22-2037,cloudflare,GET,/accounts/{account_id}/rulesets/{ruleset_id}/versions,listAccountRulesetVersions,List an account ruleset's versions,Fetches the versions of an account ruleset.
x22-3894,pagerduty,GET,/status_dashboards/{id}/service_impacts,getStatusDashboardServiceImpactsById,Get impacted Business Services for a Status Dashboard by `id`.,"Get impacted Business Services for a Status Dashboard by `id`

This endpoint does not return an exhaustive list of Business Services but rather provides access to the most impacted on the specified Status Dashboard up to the limit of 200.

The returned Business Services are sorted first by Impact, secondarily by most recently impacted, and finally by name.

To get Impact information about a specific Business Service on the Status Dashboard that does not appear in the Impact-sorted response, use the `ids[]` parameter on the `/business_services/impacts` endpoint.

Scoped OAuth requires: `status_dashboards.read`"
x22-3068,cloudflare,GET,/zones/{zone_id}/content-upload-scan/payloads,waf-content-scanning-list-custom-scan-expressions,List the Content Scanning custom expressions of a zone.,"List the Content Scanning custom expressions configured for the zone, each with its own identifier. A custom expression tells the scanner how to reach content objects in a request it cannot parse on its own, such as files Base64-encoded inside a JSON body."
x22-3492,cloudflare,GET,/zones/{zone_id}/speed_api/schedule/{url},speed-get-scheduled-test,Get a page test schedule,Retrieves the test schedule for a page in a specific region.
x22-1198,cloudflare,POST,/accounts/{account_id}/email-security/settings/domains,email_security_create_domains,Add a new email domain,Protects a new email domain by adding it to Email Security. Accepts a flat configuration object covering all delivery modes. Returns the newly created domain configuration.
x22-0137,cloudflare,POST,/accounts/{account_id}/access/service_tokens,access-service-tokens-create-a-service-token,Create a service token,"Generates a new service token. **Note:** This is the only time you can get the Client Secret. If you lose the Client Secret, you will have to rotate the Client Secret or create a new service token."
x22-0034,cloudflare,POST,/accounts/{account_id}/abuse-reports/{report_id}/mitigations/appeal,RequestReview,Request review on mitigations,Request a review for mitigations on an account. Repeating a request for a mitigation with an unresolved appeal is idempotent and returns that mitigation in the in-review state.
x22-1026,cloudflare,PATCH,/accounts/{account_id}/dex/rules/{rule_id},update-dex-rule,Update a DEX Rule,Update a DEX Rule.
x22-3007,cloudflare,POST,/zones/{zone_id}/api_gateway/operations/{operation_id}/labels,api-shield-operations-post-labels-to-operation,Attach labels to a web or API operation,Attaches one or more labels to a web or API operation.
x22-0754,cloudflare,POST,/accounts/{account_id}/cloudforce-one/v2/brand-protection/takedown-notices/{notice_id}/letters,post_TakedownLetterCreate,Create takedown letter,Generate a takedown letter for a notice and persist the rendered text. The PDF is generated lazily on download.
x22-2280,cloudflare,POST,/accounts/{account_id}/vectorize/indexes/{index_name}/insert,vectorize-(-deprecated)-insert-vector,Insert Vectors (Deprecated),Inserts vectors into the specified index and returns the count of the vectors successfully inserted.
