row_id,provider,method,path,operationId,summary,description
x22-3738,pagerduty,POST,/extensions/{id}/enable,enableExtension,Enable an extension,"Enable an extension that is temporarily disabled. (This API does not require a request body.)

Extensions are representations of Extension Schema objects that are attached to Services.

For more information see the [API Concepts Document](../../api-reference/a47605517c19a-api-concepts#extensions)

Scoped OAuth requires: `extensions.write`"
x22-3684,pagerduty,DELETE,/event_orchestrations/{id},deleteOrchestration,Delete an Orchestration,"Delete a Global Event Orchestration.

Once deleted, you will no longer be able to ingest events into PagerDuty using this Orchestration's Routing Key.

For more information see the [API Concepts Document](../../api-reference/a47605517c19a-api-concepts#event-orchestrations)

Scoped OAuth requires: `event_orchestrations.write`"
x22-2127,cloudflare,PUT,/accounts/{account_id}/shares/{share_id}/recipients,share-recipients-update,Update a share's recipients,"Replaces the full recipient list for an account-targeted share. The
server computes the diff between the current and desired recipients:
new accounts are added, accounts no longer in the list are marked for
disassociation, and unchanged accounts are left as-is.

Returns an error if the share targets an organization
(`target_type=organization`); org-targeted shares derive their
recipients dynamically from org membership and cannot be modified
through this endpoint."
x22-3650,pagerduty,GET,/change_events/{id},getChangeEvent,Get a Change Event,"Get details about an existing Change Event.

Scoped OAuth requires: `change_events.read`"
x22-1256,cloudflare,PATCH,/accounts/{account_id}/email/sending/suppressions/{suppression_id},patch_publicUpdateSendingSuppression,Update account Email Sending suppression,Updates expiry or advisory note fields without changing legacy internal zone memberships.
x22-1636,cloudflare,GET,/accounts/{account_id}/magic/connectors/{connector_id}/telemetry/events/{event_t}.{event_n},mconn-connector-telemetry-events-get,Get Event,Gets Magic WAN Connector Telemetry Event
x22-4054,sentry,DELETE,/api/0/organizations/{organization_id_or_slug}/detectors/,deleteOrganizationDetectors,Bulk Delete Monitors,Bulk delete Monitors for a given organization
x22-3480,cloudflare,POST,/zones/{zone_id}/spectrum/apps,spectrum-applications-create-spectrum-application-using-a-name-for-the-origin,Create Spectrum application using a name for the origin,Creates a new Spectrum application from a configuration using a name for the origin.
x22-0346,cloudflare,PUT,/accounts/{account_id}/alerting/v3/destinations/webhooks/{webhook_id},notification-webhooks-update-a-webhook,Update a webhook,Update a webhook destination.
x22-2858,cloudflare,PATCH,/user/invites/{invite_id},user'-s-invites-respond-to-invitation,Respond to Invitation,Responds to an invitation.
x22-3018,cloudflare,GET,/zones/{zone_id}/api_gateway/user_schemas/hosts,api-shield-schema-validation-retrieve-user-schema-hosts,Retrieve schema hosts in a zone,Lists all unique hosts found in uploaded OpenAPI schemas for the zone. Useful for understanding which domains have schema coverage. Deprecated; use `/zones/{zone_id}/schema_validation/schemas/hosts` instead.
x22-0777,cloudflare,GET,/accounts/{account_id}/cloudforce-one/v2/credential-monitor/matches,get_MatchList,List credential matches,Get credential matches for the account's monitored domains.
x22-1924,cloudflare,POST,/accounts/{account_id}/realtime/kit/{app_id}/meetings,create_meeting,Create a meeting,Create a meeting for the given App ID.
x22-3016,cloudflare,GET,/zones/{zone_id}/api_gateway/user_schemas,api-shield-schema-validation-retrieve-information-about-all-schemas,Retrieve information about all schemas on a zone,"Lists all OpenAPI schemas uploaded to API Shield for the zone, including their validation status and associated operations. Deprecated; use `/zones/{zone_id}/schema_validation/schemas` instead."
x22-3926,pagerduty,GET,/tags,listTags,List tags,"List all of your account's tags.

A Tag is applied to Escalation Policies, Teams or Users and can be used to filter them.

For more information see the [API Concepts Document](../../api-reference/a47605517c19a-api-concepts#tags)

Scoped OAuth requires: `tags.read`"
x22-3320,cloudflare,POST,/zones/{zone_id}/page_shield/policies,page-shield-create-policy,Create a content security rule,Creates a rule that applies a client-side security action when its filter expression matches.
x22-0887,cloudflare,GET,/accounts/{account_id}/d1/database,d1-list-databases,List D1 Databases,Returns a list of D1 databases.
x22-2420,cloudflare,PATCH,/accounts/{account_id}/workers/scripts/{script_name}/secrets-bulk,worker-patch-script-secrets-bulk,Patch multiple Worker script secrets,"Create, update, or delete multiple secrets on a Worker script in a single operation using JSON Merge Patch (RFC 7396).
This operation creates a single version with all changes included.
Prefer this API instead of changing many secrets individually.

Usage:

- To create or update a secret, set its value to a secret object.
- To delete a secret, set its value to `null`.
- Secrets not included in the request are left unchanged."
x22-3930,pagerduty,GET,/tags/{id}/{entity_type},getTagsByEntityType,Get connected entities,"Get related Users, Teams or Escalation Policies for the Tag.

A Tag is applied to Escalation Policies, Teams or Users and can be used to filter them.

For more information see the [API Concepts Document](../../api-reference/a47605517c19a-api-concepts#tags)

Scoped OAuth requires: `tags.read`"
x22-1518,cloudflare,DELETE,/accounts/{account_id}/logs/explorer/datasets/{dataset_id},accounts-logs-explorer-datasets-delete,Delete an account dataset,"Deletes a Log Explorer dataset for the account. Dataset deletion must not
be protected."
x22-2621,cloudflare,GET,/radar/attacks/layer7/timeseries,radar-get-attacks-layer7-timeseries,Get layer 7 attacks time series,Retrieves layer 7 attacks over time.
x22-4233,sentry,GET,/api/0/sentry-app-installations/{uuid}/external-requests/,getSentryAppInstallationExternalRequestOptions,Retrieve a Sentry App's Select Field Options,"**Experimental:** This API is under active development and may change.

Request select options from the installed app. Each choice contains its value followed by its label."
x22-1112,cloudflare,POST,/accounts/{account_id}/dlp/profiles/predefined/{profile_id}/config,dlp-profiles-create-predefined-profile-config,Create predefined profile,"This is similar to `update_predefined` but only returns entries that are enabled.
This is needed for our terraform API
Creates a DLP predefined profile. Only supports enabling/disabling entries."
x22-1183,cloudflare,PATCH,/accounts/{account_id}/email-security/settings/allow_policies/{policy_id},email_security_update_allow_policy,Update an email allow policy,Updates an existing allow policy. Only provided fields will be modified. Changes take effect for new emails matching the pattern.
x22-1403,cloudflare,DELETE,/accounts/{account_id}/images/v2/sourcingkit/sources/{source_id},cloudflare-images-sourcingkit-delete-source,Delete a sourcing kit source,Delete an existing migration source. Sources with active migrations cannot be deleted.
x22-4001,pagerduty,DELETE,/v3/schedules/{id}/custom_shifts/{custom_shift_id},deleteCustomShift,Delete a custom shift,"<!-- theme: info -->

> **Important note:** Shift-based schedules use the V3 API and are not compatible with V2 automations. **To create automations for Shift-Based Schedules, you need to:**
>
> 1. **Update your automations** to use the V3 API for all new shift-based schedules
> 2. **Keep the V2 endpoint** for your existing schedules
>
> An upgrade tool for existing schedules is coming soon; your legacy schedules will keep working in the meantime. [Learn more](https://support.pagerduty.com/main/docs/shift-based-schedules-api-upgrade-examples).

Delete a custom shift by ID. When the shift is not started, it deletes the shift entirely. If the shift is already started, it sets the end_time to now. It returns Bad Request when shift is already ended."
x22-0658,cloudflare,GET,/accounts/{account_id}/cloudforce-one/events/targetIndustries,get_TargetIndustryList,Lists target industries across multiple datasets,Retrieves the catalog of industry classifications used in Cloudforce One threat intelligence.
x22-1315,cloudflare,DELETE,/accounts/{account_id}/gateway/lists/{list_id},zero-trust-lists-delete-zero-trust-list,Delete Zero Trust list,Deletes a Zero Trust list.
x22-3132,cloudflare,POST,/zones/{zone_id}/email/routing/dns,email-routing-settings-enable-email-routing-dns,Enable Email Routing,Enable you Email Routing zone. Add and lock the necessary MX and SPF records.
x22-3119,cloudflare,PATCH,/zones/{zone_id}/dns_settings,dns-settings-for-a-zone-update-dns-settings,Update DNS Settings,Update DNS settings for a zone
x22-3575,cloudflare,DELETE,/zones/{zone_id}/workers/routes/{route_id},worker-routes-delete-route,Delete Worker Route,Deletes a Worker route.
x22-0711,cloudflare,POST,/accounts/{account_id}/cloudforce-one/rules/structured/validate,cloudforce-one-validate-email-rule,Validate an email rule,Validates structured email rule syntax and metadata.
x22-0988,cloudflare,POST,/accounts/{account_id}/devices/registrations/revoke,revoke-registrations,Revoke registrations,Revokes a list of WARP registrations.
x22-0195,cloudflare,POST,/accounts/{account_id}/agent-memory/namespaces,agent-memory-namespace-create,Create a namespace,Creates a new memory namespace owned by the account.
x22-2535,cloudflare,GET,/organizations/{organization_id},Organizations_retrieve,Get organization,Retrieve the details of a certain organization. (Currently in Public Beta - see https://developers.cloudflare.com/fundamentals/organizations/)
x22-3340,cloudflare,GET,/zones/{zone_id}/rate_limit_analytics,rate-limit-analytics-get-zone-analytics,Get Rate Limiting Analytics,"Returns rate limiting analytics for a zone over the specified time period.
The time period divides into time segments of a given length. Each segment
contains total action counts and action counts broken down by colo."
x22-3557,cloudflare,PATCH,/zones/{zone_id}/waiting_rooms/{waiting_room_id}/rules/{rule_id},waiting-room-patch-waiting-room-rule,Patch Waiting Room Rule,Patches a rule for a waiting room.
x22-3140,cloudflare,GET,/zones/{zone_id}/email/routing/rules/{rule_identifier},email-routing-routing-rules-get-routing-rule,Get routing rule,Get information for a specific routing rule already created.
x22-2394,cloudflare,GET,/accounts/{account_id}/workers/observability/shared/query/{id},shared.query.get,View a query that has been shared,"Shared queries store the results of a previously run query, allowing you to share the results with others."
x22-1037,cloudflare,PUT,/accounts/{account_id}/diagnostics/endpoint-healthchecks/{id},diagnostics-endpoint-healthcheck-update,Update Endpoint Health Check,Update a Endpoint Health Check.
x22-2148,cloudflare,POST,/accounts/{account_id}/sso_connectors,init-new-sso-connector,Initialize new SSO connector,Creates a new SSO connector for logging into Cloudflare through an identity provider.
x22-1086,cloudflare,POST,/accounts/{account_id}/dlp/entries,dlp-entries-create-entry,Create custom entry,Creates a DLP custom entry.
x22-0860,cloudflare,GET,/accounts/{account_id}/cni/slots/{slot},get_slot,Get information about the specified slot,Gets information about a specific infrastructure slot allocation.
x22-0721,cloudflare,GET,/accounts/{account_id}/cloudforce-one/scans/config,get_ConfigFetch,List Scan Configs,Lists scan configurations for Cloudforce One's network scanning service.
x22-1471,cloudflare,GET,/accounts/{account_id}/load_balancers/pools/{pool_id},account-load-balancer-pools-pool-details,Pool Details,Fetch a single configured pool.
x22-1917,cloudflare,GET,/accounts/{account_id}/realtime/kit/{app_id}/analytics/livestreams/daywise,get-livestream-analytics-daywise,Fetch day-wise analytics data for your livestreams,Returns day-wise livestream analytics for the specified time range.
x22-1299,cloudflare,POST,/accounts/{account_id}/gateway/certificates,zero-trust-certificates-create-zero-trust-certificate,Create Zero Trust certificate,Create a new Zero Trust certificate.
x22-0004,cloudflare,GET,/accounts/{accountId}/v1/images,get_ImageList,Get a list of images,List images for an account.
x22-1017,cloudflare,GET,/accounts/{account_id}/dex/fleet-status/devices,dex-fleet-status-devices,List details of devices using WARP.,List details of devices using WARP.
x22-3652,pagerduty,GET,/enrichment/integrations/servicenow,listServiceNowIntegrations,List ServiceNow integrations,"Lists the ServiceNow enrichment integrations for the account, including their CMDB tables, field mappings, and credentials. Because only one integration is allowed per account, this returns at most one integration.

<!-- theme: warning -->

> ### Early Access
> This API is in Early Access and may change at any time. Contact your PagerDuty account team to request access.

Scoped OAuth requires: `contextual_data.read`"
x22-2677,cloudflare,GET,/radar/dns/summary/matching_answer,radar-get-dns-summary-by-matching-answer-status,Get DNS queries by matching answer summary,Retrieves the distribution of DNS queries by matching answers.
x22-0549,cloudflare,DELETE,/accounts/{account_id}/cfd_tunnel/{tunnel_id}/connections,cloudflare-tunnel-clean-up-cloudflare-tunnel-connections,Clean up Cloudflare Tunnel connections,Removes a connection (aka Cloudflare Tunnel Connector) from a Cloudflare Tunnel independently of its current state. If no connector id (client_id) is provided all connectors will be removed. We recommend running this command after rotating tokens.
x22-3669,pagerduty,PUT,/enrichment/schemas/{schema_id},updateEnrichmentSchema,Update an enrichment schema,"Updates the name and/or description of an enrichment schema. At least one of `name` or `description` must be provided. Schema fields cannot be changed after creation.

<!-- theme: warning -->

> ### Early Access
> This API is in Early Access and may change at any time. Contact your PagerDuty account team to request access.

Scoped OAuth requires: `contextual_data.write`"
x22-2829,cloudflare,GET,/radar/traffic_anomalies/locations,radar-get-traffic-anomalies-top,Get top locations by total traffic anomalies,"Retrieves the sum of Internet traffic anomalies, grouped by location. These anomalies are signals that might indicate an outage, automatically detected by Radar and manually verified by our team."
x22-2209,cloudflare,GET,/accounts/{account_id}/stream/{identifier}/downloads,stream-mp4-downloads-list-downloads,List downloads,Lists the downloads created for a video.
x22-3053,cloudflare,PATCH,/zones/{zone_id}/cache/tiered_cache_smart_topology_enable,smart-tiered-cache-patch-smart-tiered-cache-setting,Patch Smart Tiered Cache setting,"Smart Tiered Cache dynamically selects the single closest upper tier for each of your website’s origins with no configuration required, using our in-house performance and routing data. Cloudflare collects latency data for each request to an origin, and uses the latency data to determine how well any upper-tier data center is connected with an origin. As a result, Cloudflare can select the data center with the lowest latency to be the upper-tier for an origin."
x22-1940,cloudflare,GET,/accounts/{account_id}/realtime/kit/{app_id}/meetings/{meeting_id}/participants/{participant_id},get_meeting_participant,Fetch a participant's detail,Returns a participant details for the given meeting and participant ID.
x22-1907,cloudflare,DELETE,/accounts/{account_id}/r2/buckets/{bucket_name}/sippy,r2-delete-bucket-sippy-config,Disable Sippy,Disables Sippy on this bucket.
x22-3544,cloudflare,DELETE,/zones/{zone_id}/waiting_rooms/{waiting_room_id},waiting-room-delete-waiting-room,Delete waiting room,Deletes a waiting room.
x22-0445,cloudflare,GET,/accounts/{account_id}/brand-protection/recent-submissions,getAccountsAccountIdBrandProtectionRecentSubmissions,Read recent URL submissions,Return recent URL submissions
x22-0462,cloudflare,POST,/accounts/{account_id}/browser-extension/config/logs/extension-events/search,accounts-browser-extension-config-extension-events-search,Search browser extension event logs,"Searches browser extension event logs for an account. The request accepts
only supported fields and filters; raw SQL is not accepted."
x22-1007,cloudflare,GET,/accounts/{account_id}/dex/commands/quota,get-commands-quota,"Returns account commands usage, quota, and reset time","Retrieves the current quota usage and limits for device commands within a specific account, including the time when the quota will reset"
x22-0084,cloudflare,GET,/accounts/{account_id}/access/custom_pages,access-custom-pages-list-custom-pages,List custom pages,List custom pages
x22-0258,cloudflare,GET,/accounts/{account_id}/ai-gateway/gateways/{gateway_id}/routes,aig-config-list-gateway-dynamic-routes,List all AI Gateway Dynamic Routes.,List all AI Gateway Dynamic Routes.
x22-3927,pagerduty,POST,/tags,createTags,Create a tag,"Create a Tag.

A Tag is applied to Escalation Policies, Teams or Users and can be used to filter them.

For more information see the [API Concepts Document](../../api-reference/a47605517c19a-api-concepts#tags)

Scoped OAuth requires: `tags.write`"
x22-4031,pagerduty,GET,/workflows/integrations/connections,listWorkflowIntegrationConnections,List all Workflow Integration Connections,"List all Workflow Integration Connections.

Scoped OAuth requires: `workflow_integrations:connections.read`"
x22-2051,cloudflare,DELETE,/accounts/{account_id}/rum/v2/{ruleset_id}/rule/{rule_id},web-analytics-delete-rule,Delete a Web Analytics rule,Deletes an existing rule from a Web Analytics ruleset.
x22-0181,cloudflare,PATCH,/accounts/{account_id}/addressing/prefixes/{prefix_id}/bgp/prefixes/{bgp_prefix_id},ip-address-management-prefixes-update-bgp-prefix,Update BGP Prefix,"Update the properties of a BGP Prefix, such as the on demand advertisement status (advertised or withdrawn)."
x22-4111,sentry,GET,/api/0/organizations/{organization_id_or_slug}/projects/,listOrganizationProjects,List an Organization's Projects,Return a list of projects bound to a organization.
x22-4174,sentry,DELETE,/api/0/projects/{organization_id_or_slug}/{project_id_or_slug}/codeowners/{codeowners_id}/,deleteProjectCodeOwners,Delete a Project's CODEOWNERS Configuration,Delete a CODEOWNERS configuration.
x22-3336,cloudflare,PATCH,/zones/{zone_id}/pay-per-crawl/configuration,pay-per-crawl.patchConfig,Changes pay-per-crawl config for a zone,Changes the pay-per-crawl config for a zone.
x22-3351,cloudflare,GET,/zones/{zone_id}/rulesets/phases/{ruleset_phase}/entrypoint/versions/{ruleset_version},getZoneEntrypointRulesetVersion,Get a zone entry point ruleset version,Fetches a specific version of a zone entry point ruleset.
x22-0812,cloudflare,PATCH,/accounts/{account_id}/cloudforce-one/v2/threat-signals/articles,rssArticleBulkMarkRead,Bulk update Threat Signals article read status,Bulk update Threat Signals article read status.
x22-0499,cloudflare,PUT,/accounts/{account_id}/builds/repos/connections,upsertRepoConnection,Create or update a repository connection,Save the repository connection required by build triggers.
x22-1576,cloudflare,PUT,/accounts/{account_id}/magic/bgp/filter_profiles/{profile_id},magic-bgp-update-filter-profile,Update BGP Filter Profile,"Updates a BGP filter profile. Omitted properties are left unchanged. To clear an existing description send `description: """"`."
x22-1144,cloudflare,PATCH,/accounts/{account_id}/dns_firewall/{dns_firewall_id},dns-firewall-update-dns-firewall-cluster,Update DNS Firewall Cluster,Modify the configuration of a DNS Firewall cluster
x22-1180,cloudflare,GET,/accounts/{account_id}/email-security/settings/allow_policies/{policy_id},email_security_get_allow_policy,Get an email allow policy,"Retrieves details for a specific allow policy including its pattern, dispositions that are exempted, and whether it applies to all detections."
x22-3112,cloudflare,POST,/zones/{zone_id}/dns_records/scan/trigger,dns-records-for-a-zone-trigger-dns-scan,Trigger DNS Record Scan,"Initiates an asynchronous scan for common DNS records on your domain. Note that this **does not** automatically add records to your zone. The scan runs in the background, and results can be reviewed later using the `/scan/review` endpoints. Useful if you haven't updated your nameservers yet."
x22-2251,cloudflare,PUT,/accounts/{account_id}/tokens/{token_id},account-api-tokens-update-token,Update Token,Update an existing token.
x22-3441,cloudflare,PATCH,/zones/{zone_id}/settings/transformations_allowed_origins,zone-settings-change-transformations-allowed-origins-setting,Change Image Transformations Allowed Origins setting,"Media Transformations Allowed Origins restricts transformations for images and video served through
Cloudflare's network to requests originating from specified domains. Refer to the
Image Transformations and Video Transformations documentation for more information."
x22-3766,pagerduty,PUT,/incidents/{id}/custom_fields/values,setIncidentFieldValues,Update Custom Field Values,"Set custom field values for an incident.

Scoped OAuth requires: `incidents.write`"
x22-3677,pagerduty,PUT,/escalation_policies/{id},updateEscalationPolicy,Update an escalation policy,"Updates an existing escalation policy and rules.

Escalation policies define which user should be alerted at which time.

For more information see the [API Concepts Document](../../api-reference/a47605517c19a-api-concepts#escalation-policies)

Scoped OAuth requires: `escalation_policies.write`"
x22-0738,cloudflare,PUT,/accounts/{account_id}/cloudforce-one/v2/brand-protection/letter/templates/{template_id},put_LetterTemplateUpdate,Update letter template,Update a user-defined takedown letter template. System templates cannot be modified.
x22-0300,cloudflare,GET,/accounts/{account_id}/ai-search/namespaces/{name}/instances/{id}/items,ai-search-namespace-instance-list-items,Items List.,Lists indexed items in an AI Search instance.
x22-1319,cloudflare,POST,/accounts/{account_id}/gateway/locations,zero-trust-gateway-locations-create-zero-trust-gateway-location,Create a Zero Trust Gateway location,Create a new Zero Trust Gateway location.
x22-2961,cloudflare,GET,/zones/{zone_id}/acm/custom_trust_store/{custom_origin_trust_store_id},custom-origin-trust-store-details,Custom Origin Trust Store Details,"Retrieves details about a specific root CA certificate in the custom origin trust store, including expiration and subject information."
x22-3731,pagerduty,PUT,/enrichment/event_enrichments/{id}/rules,updateEventEnrichmentRules,Update Event Enrichment rules,"Event Enrichments allow you to automatically add contextual data to events as they're ingested, so that relevant information is available throughout the event, alert, and incident lifecycle. By leveraging the Contextual Data Platform (CDP), you can define rules that extract values from events or query enrichment schemas to populate event fields.

<!-- theme: warning -->

> ### Early Access
> This API is in Early Access and may change at any time. Contact your PagerDuty account team to request access.

Update the enrichment rules for a specific Event Enrichment. Performs a full replacement of the rules set."
x22-4121,sentry,GET,/api/0/organizations/{organization_id_or_slug}/releases/{version}/commits/,listOrganizationReleaseCommits,List an Organization Release's Commits,Retrieve a list of commits for a given release.
x22-3267,cloudflare,POST,/zones/{zone_id}/logpush/validate/destination,post-zones-zone_id-logpush-validate-destination,Validate destination,Validates destination.
x22-3271,cloudflare,POST,/zones/{zone_id}/logs/control/retention/flag,post-zones-zone_id-logs-control-retention-flag,Update log retention flag,Updates log retention flag for Logpull API.
x22-2515,cloudflare,GET,/analytics/sql,sql-api-query-get,Query analytics datasets,"Executes a SQL query against the analytics datasets available to the caller. SQL placeholders can be bound with query parameters named `param_<name>`, such as `param_status=404` for `$status`."
x22-4016,pagerduty,GET,/vendors/{id},getVendor,Get a vendor,"Get details about one specific vendor.

A PagerDuty Vendor represents a specific type of integration. AWS Cloudwatch, Splunk, Datadog are all examples of vendors

For more information see the [API Concepts Document](../../api-reference/a47605517c19a-api-concepts#vendors)

Scoped OAuth requires: `vendors.read`"
x22-3108,cloudflare,POST,/zones/{zone_id}/dns_records/import,dns-records-for-a-zone-import-dns-records,Import DNS Records,"You can upload your [BIND config](https://en.wikipedia.org/wiki/Zone_file ""Zone file"") through this endpoint. It assumes that cURL is called from a location with bind_config.txt (valid BIND config) present.

See [the documentation](https://developers.cloudflare.com/dns/manage-dns-records/how-to/import-and-export/ ""Import and export records"") for more information."
x22-1718,cloudflare,PATCH,/accounts/{account_id}/mnm/config,magic-network-monitoring-configuration-update-account-configuration-fields,Update account configuration fields,Update fields in an existing network monitoring configuration.
x22-1691,cloudflare,PUT,/accounts/{account_id}/magic/sites/{site_id}/netflow_config,magic-site-netflow-config-update-netflow-config,Update NetFlow Configuration,Updates NetFlow configuration for a site (partial update).
x22-3936,pagerduty,GET,/teams/{id}/audit/records,listTeamsAuditRecords,List audit records for a team,"The returned records are sorted by the `execution_time` from newest to oldest.

See [`Cursor-based pagination`](https://developer.pagerduty.com/docs/rest-api-v2/pagination/) for instructions on how to paginate through the result set.

For more information see the [Audit API Document](https://developer.pagerduty.com/docs/rest-api-v2/audit-records-api/).

Scoped OAuth requires: `audit_records.read`"
x22-3774,pagerduty,GET,/incidents/{id}/past_incidents,getPastIncidents,Get Past Incidents,"Past Incidents returns Incidents within the past 6 months that have similar metadata and were generated on the same Service as the parent Incident. By default, 5 Past Incidents are returned. Note: This feature is currently available as part of the Event Intelligence package or Digital Operations plan only.

For more information see the [API Concepts Document](../../api-reference/a47605517c19a-api-concepts#past_incidents)

Scoped OAuth requires: `incidents.read`"
x22-1002,cloudflare,GET,/accounts/{account_id}/devices/{device_id}/override_codes,devices-list-admin-override-code-for-device,Get override codes (deprecated),"Fetches a one-time use admin override code for a device. This relies on the **Admin Override** setting being enabled in your device configuration. Not supported when [multi-user mode](https://developers.cloudflare.com/cloudflare-one/connections/connect-devices/warp/deployment/mdm-deployment/windows-multiuser/) is enabled for the account.
**Deprecated:** please use GET /accounts/{account_id}/devices/registrations/{registration_id}/override_codes instead."
x22-2686,cloudflare,GET,/radar/dns/timeseries_groups/dnssec_aware,radar-get-dns-timeseries-group-by-dnssec-awareness,Get DNS queries by DNSSEC awareness time series,Retrieves the distribution of DNS queries by DNSSEC (DNS Security Extensions) client awareness over time.
x22-1579,cloudflare,PUT,/accounts/{account_id}/magic/bgp/settings,magic-bgp-update-settings,Update BGP Settings,"Modifies the BGP settings for an account, including the default ASN and redistribution configuration."
x22-3900,pagerduty,GET,/status_pages/{id}/services,listStatusPageServices,List Status Page Services,"List Services for a Status Page by Status Page ID.

Scoped OAuth requires: `status_pages.read`"
x22-1540,cloudflare,DELETE,/accounts/{account_id}/magic/advanced_tcp_protection/configs/prefixes/{prefix_id},deletePrefix,Delete prefix.,Delete the prefix for an account given a UUID.
x22-2744,cloudflare,GET,/radar/geolocations,radar-get-geolocations,List Geolocations,"Retrieves a list of geolocations. Geolocation names can be localized by sending an `Accept-Language` HTTP header with a BCP 47 language tag (e.g., `Accept-Language: pt-PT`). The full quality-value chain is supported (e.g., `pt-PT,pt;q=0.9,en;q=0.8`)."
x22-0220,cloudflare,POST,/accounts/{account_id}/ai-gateway/billing/topup/status,aig-billing-check-topup-status,Check top-up status,Get the payment processing status of a top-up by its invoice ID.
x22-1611,cloudflare,POST,/accounts/{account_id}/magic/cloud/onramps/{onramp_id}/export,onramps-export,Export as Terraform,Export an On-ramp to terraform ready file(s) (Closed Beta).
x22-1164,cloudflare,GET,/accounts/{account_id}/email-security/investigate/bulk/{job_id}/messages,email_security_get_bulk_job_messages,List messages for a bulk action job,"Returns the individual messages associated with a bulk action job, including their processing status."
x22-2926,cloudflare,GET,/zones/{zone_id}/access/apps/{app_id}/policies/{policy_id},zone-level-access-policies-get-an-access-policy,Get an Access policy,Fetches a single Access policy.
x22-3502,cloudflare,GET,/zones/{zone_id}/ssl/recommendation,ssl/-tls-mode-recommendation-ssl/-tls-recommendation,SSL/TLS Recommendation,Retrieve the SSL/TLS Recommender's recommendation for a zone.
x22-4171,sentry,POST,/api/0/projects/{organization_id_or_slug}/{project_id_or_slug}/codeowners/,createProjectCodeOwners,Create a CODEOWNERS Configuration for a Project,Create a CODEOWNERS configuration for a project.
x22-1538,cloudflare,POST,/accounts/{account_id}/magic/advanced_tcp_protection/configs/prefixes/bulk,bulkCreatePrefixes,Create multiple prefixes.,Create multiple prefixes for an account.
x22-3848,pagerduty,DELETE,/schedules/{id}/overrides/{override_id},deleteScheduleOverride,Delete an override,"Remove an override.

You cannot remove a past override.

If the override start time is before the current time, but the end time is after the current time, the override will be truncated to the current time.

If the override is truncated, the status code will be 200 OK, as opposed to a 204 No Content for a successful delete.

A Schedule determines the time periods that users are On-Call.

For more information see the [API Concepts Document](../../api-reference/a47605517c19a-api-concepts#schedules)

Scoped OAuth requires: `schedules.write`"
x22-3258,cloudflare,GET,/zones/{zone_id}/logpush/edge/jobs,get-zones-zone_id-logpush-edge-jobs,List Instant Logs jobs,Lists Instant Logs jobs for a zone.
x22-1789,cloudflare,POST,/accounts/{account_id}/pay-per-crawl/crawler/stripe,pay-per-crawl.crawlerCreateStripeConfig,Creates the stripe config for a crawler,Creates the stripe config for a crawler.
x22-3559,cloudflare,GET,/zones/{zone_id}/web3/hostnames,web3-hostname-list-web3-hostnames,List Web3 Hostnames,
x22-1360,cloudflare,DELETE,/accounts/{account_id}/iam/resource_groups/{resource_group_id},account-resource-group-delete,Remove Resource Group,Remove a resource group from an account.
x22-1049,cloudflare,DELETE,/accounts/{account_id}/dlp/data_classes/{data_class_id},dlp-data-classes-delete,Delete a single data class,Deletes a data class from the account.
x22-4062,sentry,DELETE,/api/0/organizations/{organization_id_or_slug}/discover/saved/{query_id}/,deleteOrganizationDiscoverSavedQuery,Delete an Organization's Discover Saved Query,Delete a saved query.
x22-1380,cloudflare,GET,/accounts/{account_id}/images/v1/variants/{variant_id},cloudflare-images-variants-variant-details,Variant details,Fetch details for a CF Images variant.
x22-4068,sentry,PUT,/api/0/organizations/{organization_id_or_slug}/external-users/{external_user_id}/,updateOrganizationExternalUser,Update an External User,Update a user in an external provider that is currently linked to a Sentry user.
x22-0834,cloudflare,GET,/accounts/{account_id}/cloudforce-one/v2/threat-signals/feeds/{feed_id}/skills,rssFeedSkillsGet,Get Threat Signals feed skills,Get Threat Signals feed skills.
x22-0867,cloudflare,POST,/accounts/{account_id}/containers/applications,createApplication,Create a new application,"Create a Containers application.

Use `scheduling_policy: ""default""` for a scheduler-backed application. The
Containers scheduler maintains the requested instance count and manages
deployment configuration, placement, scaling, versions, and rollouts.

Use `scheduling_policy: ""durable_object""` for a Durable Object-managed
application. Each Durable Object creates and manages the lifecycle of its
container instance. Supply `name`, `scheduling_policy`, and `durable_objects`,
with optional `configuration` and optional top-level `observability` settings.
Deployment configuration, scaling, constraints, versions, and rollouts do not apply."
x22-3055,cloudflare,DELETE,/zones/{zone_id}/cache/variants,zone-cache-settings-delete-variants-setting,Delete variants setting,"Variant support enables caching variants of images with certain file extensions in addition to the original. This only applies when the origin server sends the 'Vary: Accept' response header. If the origin server sends 'Vary: Accept' but does not serve the variant requested, the response will not be cached. This will be indicated with BYPASS cache status in the response headers."
x22-1793,cloudflare,POST,/accounts/{account_id}/pay-per-crawl/publisher/stripe,pay-per-crawl.publisherCreateStripeConfig,Creates the stripe config for a publisher,Creates the stripe config for a publisher.
x22-1571,cloudflare,DELETE,/accounts/{account_id}/magic/apps/{account_app_id},magic-account-apps-delete-app,Delete Account App,Deletes specific Account App.
x22-1864,cloudflare,POST,/accounts/{account_id}/r2-catalog/{bucket_name}/disable,disable-catalog,Disable R2 catalog,"Disable an R2 bucket as a catalog. This operation deactivates the catalog
but preserves existing metadata and data files. The catalog can be
re-enabled later."
x22-3472,cloudflare,GET,/zones/{zone_id}/snippets/{snippet_name},getZoneSnippet,Get a zone snippet,Fetches a snippet belonging to the zone.
x22-0358,cloudflare,POST,/accounts/{account_id}/alerting/v3/silences,notification-silences-create-silences,Create Silences,Creates a new silence for an account.
x22-0360,cloudflare,GET,/accounts/{account_id}/alerting/v3/silences/{silence_id},notification-silences-get-silence,Get Silence,Gets a specific silence for an account.
x22-0415,cloudflare,GET,/accounts/{account_id}/botnet_feed/configs/asn,botnet-threat-feed-list-asn,Get list of ASNs,Gets a list of all ASNs registered for a user for the DDoS Botnet Feed API.
x22-2027,cloudflare,GET,/accounts/{account_id}/rulesets/phases/{ruleset_phase}/entrypoint,getAccountEntrypointRuleset,Get an account entry point ruleset,Fetches the latest version of the account entry point ruleset for a given phase.
x22-0197,cloudflare,DELETE,/accounts/{account_id}/agent-memory/namespaces/{namespace_name},agent-memory-namespace-delete,Delete a namespace,Deletes a namespace.
x22-2316,cloudflare,PUT,/accounts/{account_id}/vuln_scanner/target_environments/{target_environment_id},update-target-environment,Update target environment,Replaces a target environment. All fields must be provided.
x22-1942,cloudflare,DELETE,/accounts/{account_id}/realtime/kit/{app_id}/meetings/{meeting_id}/participants/{participant_id},delete_meeting_participant,Delete a participant,Deletes a participant for the given meeting and participant ID.
x22-2344,cloudflare,DELETE,/accounts/{account_id}/workers/dispatch/namespaces/{dispatch_namespace}/scripts/{script_name},namespace-worker-script-delete-worker,Delete Workers for Platforms Script,Delete a script from a Workers for Platforms dispatch namespace. This call has no response body on a successful delete.
x22-4243,sentry,GET,/api/0/teams/{organization_id_or_slug}/{team_id_or_slug}/members/,listTeamMembers,List a Team's Members,"List all members on a team.

The response will not include members with pending invites."
x22-0794,cloudflare,GET,/accounts/{account_id}/cloudforce-one/v2/requests/legal-response/access-check,get_LegalResponseAccessCheck,Check if current user is allowlisted for Legal Response,Returns whether the JWT-authenticated user's email is on the legal-response allowlist. This endpoint is purely informational for UI gating; actual access enforcement is performed by `legalResponseMiddleware` on real legal-response endpoints. Read-only — no Durable Object writes are performed.
x22-4030,pagerduty,GET,/workflows/integrations/{id},getWorkflowIntegration,Get Workflow Integration,"Get details about a Workflow Integration.

Scoped OAuth requires: `workflow_integrations.read`"
x22-1929,cloudflare,POST,/accounts/{account_id}/realtime/kit/{app_id}/meetings/{meeting_id}/active-livestream/stop,stop_livestreaming,Stop livestreaming a meeting,Stops the active livestream of a meeting associated with the given meeting ID. Retreive the meeting ID using the `Create a meeting` API.
x22-0631,cloudflare,GET,/accounts/{account_id}/cloudforce-one/events/queries/{query_id},get_EventQueryRead,Read a saved event query,Retrieve a saved event query by its ID
x22-1894,cloudflare,PUT,/accounts/{account_id}/r2/buckets/{bucket_name}/lifecycle,r2-put-bucket-lifecycle-configuration,Put Object Lifecycle Rules,Set the object lifecycle rules for a bucket.
x22-0891,cloudflare,DELETE,/accounts/{account_id}/d1/database/{database_id},d1-delete-database,Delete D1 Database,Deletes the specified D1 database.
x22-1994,cloudflare,GET,/accounts/{account_id}/registrar/registrations/{domain_name},registrar-domain-registration-get,Get Registration,"Returns the current state of a domain registration.

This is the canonical read endpoint for a domain you own. It returns
the full registration resource including current settings and expiration.
When the registration resource is ready, both `created_at` and `expires_at`
are present in the response."
x22-3693,pagerduty,GET,/event_orchestrations/{id}/router,getOrchPathRouter,Get the Router for an Event Orchestration,"Get a Global Orchestration's Routing Rules.

An Orchestration Router allows you to create a set of Event Rules. The Router evaluates Events you send to this Global Orchestration against each of its rules, one at a time, and routes the event to a specific Service based on the first rule that matches. If an event doesn't match any rules, it'll be sent to service specified in as the `catch_all` or the ""Unrouted"" Orchestration if no service is specified.

For more information see the [API Concepts Document](../../api-reference/a47605517c19a-api-concepts#event-orchestrations)

Scoped OAuth requires: `event_orchestrations.read`"
x22-0718,cloudflare,GET,/accounts/{account_id}/cloudforce-one/rules/{id},cloudforce-one-get-rule,Get a rule,Get a single rule by ID.
x22-2684,cloudflare,GET,/radar/dns/timeseries_groups/cache_hit,radar-get-dns-timeseries-group-by-cache-hit-status,Get DNS queries by cache status time series,Retrieves the distribution of DNS queries by cache status over time.
x22-3301,cloudflare,POST,/zones/{zone_id}/origin_tls_client_auth,zone-level-authenticated-origin-pulls-upload-certificate,Upload Certificate,"Upload your own certificate you want Cloudflare to use for edge-to-origin communication to override the shared certificate. Please note that it is important to keep only one certificate active. Also, make sure to enable zone-level authenticated origin pulls by making a PUT call to settings endpoint to see the uploaded certificate in use."
x22-2532,cloudflare,GET,/oauth/scopes,oauth-scopes-list,List OAuth Scopes,List all available OAuth scopes. This endpoint requires authentication but has no authorization role requirements.
x22-1835,cloudflare,GET,/accounts/{account_id}/profile,Accounts_getAccountProfile,Get account profile,"Retrieves the profile information for a specific Cloudflare account, including organization details, settings, and metadata. This endpoint is commonly used to verify account access and retrieve account-level configuration."
x22-1102,cloudflare,GET,/accounts/{account_id}/dlp/profiles/custom,dlp-profiles-list-all-custom-profiles,List all custom profiles,Lists all DLP custom profiles in an account.
x22-2397,cloudflare,POST,/accounts/{account_id}/workers/observability/telemetry/live-tail/heartbeat,telemetry.live-tail.heartbeat.get,Live tail heartbeat,Notify live tail that user is still eligible to receive live events.
x22-1113,cloudflare,PUT,/accounts/{account_id}/dlp/profiles/predefined/{profile_id}/config,dlp-profiles-update-predefined-profile-config,Update predefined profile config,"This is similar to `update_predefined` but only returns entries that are enabled.
This is needed for our terraform API
Updates a DLP predefined profile. Only supports enabling/disabling entries."
x22-0396,cloudflare,PATCH,/accounts/{account_id}/autorag/rags/{id}/sync,autorag-config-sync,Sync,Starts synchronization for an AutoRAG.
x22-3408,cloudflare,GET,/zones/{zone_id}/settings/auto_origin_tls_kex,ssl-detector-auto-origin-tls-kex-get-enrollment,Get Auto-Origin TLS KEX enrollment status for the given zone,"When enabled, Cloudflare automatically selects the preferred TLS key-exchange algorithm to use when establishing the TLS connection to the zone's origin, picking from the algorithms permitted by the zone's `origin_tls_compliance_modes` setting. When disabled, the default key-exchange ordering is used."
x22-2296,cloudflare,POST,/accounts/{account_id}/vectorize/v2/indexes/{index_name}/upsert,vectorize-upsert-vector,Upsert Vectors,"Upserts vectors into the specified index, creating them if they do not exist and returns a mutation id corresponding to the vectors enqueued for upsertion."
x22-3792,pagerduty,DELETE,/incidents/types/{type_id_or_name}/custom_fields/{field_id},deleteIncidentTypeCustomField,Delete a Custom Field for an Incident Type,"Delete a custom field for an incident type.

Custom Fields (CF) are a feature which will allow customers to extend Incidents with their own custom data,
to provide additional context and support features such as customized filtering, search and analytics.
Custom Fields can be applied to different incident types.

Scoped OAuth requires: `custom_fields.write`"
x22-1820,cloudflare,GET,/accounts/{account_id}/pipelines/v1/pipelines/{pipeline_id},getV4AccountsByAccount_idPipelinesV1PipelinesByPipeline_id,Get Pipeline Details,Get Pipeline details.
x22-2310,cloudflare,POST,/accounts/{account_id}/vuln_scanner/scans,create-scan,Create scan,Creates and starts a new vulnerability scan. The response may include non-fatal warnings in the `messages` array.
x22-1133,cloudflare,GET,/accounts/{account_id}/dls/regional_services/prefix_bindings,publicListPrefixBindings,List DLS prefix bindings for an account,
x22-2339,cloudflare,PATCH,/accounts/{account_id}/workers/dispatch/namespaces/{dispatch_namespace},namespace-worker-patch-namespace,Patch Workers for Platforms Dispatch Namespace,Patch a Workers for Platforms dispatch namespace. Omitted fields are left unchanged.
x22-0858,cloudflare,PUT,/accounts/{account_id}/cni/settings,update_settings,Update the current settings for the active account,Updates configuration settings for the specified resource or service.
x22-0774,cloudflare,GET,/accounts/{account_id}/cloudforce-one/v2/credential-monitor/domains,get_DomainList,List monitored domains,List all domains registered for credential monitoring.
x22-3229,cloudflare,GET,/zones/{zone_id}/hold/{zone_name},zones-0-hold-zone-name-get,Get Zone Hold by Zone Name,"Retrieve whether a given hostname is subject to a zone hold, and metadata about the hold.
This endpoint checks whether the given hostname (or any of its ancestor domains) is blocked
by an active zone hold. If a hold with `include_subdomains` is active on an ancestor domain,
that hold is returned. This endpoint is used internally by SSL/COMS to check hold status
during zone activation."
x22-1259,cloudflare,GET,/accounts/{account_id}/event_notifications/r2/{bucket_name}/configuration/queues/{queue_id},r2-get-event-notification-config,Get Event Notification Rule,Get a single event notification rule.
x22-0140,cloudflare,DELETE,/accounts/{account_id}/access/service_tokens/{service_token_id},access-service-tokens-delete-a-service-token,Delete a service token,Deletes a service token.
x22-2958,cloudflare,DELETE,/zones/{zone_id}/access/service_tokens/{service_token_id},zone-level-access-service-tokens-delete-a-service-token,Delete a service token,Deletes a service token.
x22-1009,cloudflare,GET,/accounts/{account_id}/dex/devices/dex_tests,device-dex-test-details,List Device DEX tests,Fetch all DEX tests.
x22-0429,cloudflare,GET,/accounts/{account_id}/brand-protection/domain-info,getAccountsAccountIdBrandProtectionDomainInfo,Read submitted domains by ID,Return submitted domains based on ID
x22-3477,cloudflare,GET,/zones/{zone_id}/spectrum/analytics/events/bytime,spectrum-analytics-(-by-time)-get-analytics-by-time,Get analytics by time,Retrieves a list of aggregate metrics grouped by time interval.
x22-0494,cloudflare,GET,/accounts/{account_id}/builds/builds,getBuildsByVersionIds,Get builds by Worker version,Retrieve builds associated with one or more Worker version IDs.
x22-3546,cloudflare,GET,/zones/{zone_id}/waiting_rooms/{waiting_room_id}/events,waiting-room-list-events,List events,Lists events for a waiting room.
x22-1751,cloudflare,GET,/accounts/{account_id}/one/applications,list_applications_v2,List applications,Returns a list of available applications with use cases and permissions.
x22-1126,cloudflare,GET,/accounts/{account_id}/dlp/sensitivity_groups/{sensitivity_group_id}/levels/{sensitivity_level_id},dlp-sensitivity-levels-read,Retrieve a specific sensitivity level.,Gets a sensitivity level from a group.
x22-2798,cloudflare,GET,/radar/netflows/top/locations,radar-get-netflows-top-locations,Get top locations by network traffic,Retrieves the top locations by network traffic (NetFlows).
x22-3136,cloudflare,GET,/zones/{zone_id}/email/routing/rules,email-routing-routing-rules-list-routing-rules,List routing rules,Lists existing routing rules.
x22-3606,pagerduty,GET,/audit/records,listAuditRecords,List audit records,"List audit trail records matching provided query params or default criteria.

The returned records are sorted by the `execution_time` from newest to oldest.

See [`Cursor-based pagination`](https://developer.pagerduty.com/docs/rest-api-v2/pagination/) for instructions on how to paginate through the result set.

Only admins, account owners, or global API tokens on PagerDuty account [pricing plans](https://www.pagerduty.com/pricing) with the ""Audit Trail"" feature can access this endpoint.

For other role based access to audit records by resource ID, see the resource's API documentation.

For more information see the [Audit API Document](https://developer.pagerduty.com/docs/rest-api-v2/audit-records-api/).

Scoped OAuth requires: `audit_records.read`"
x22-2713,cloudflare,GET,/radar/email/security/summary/dmarc,radar-get-email-security-summary-by-dmarc,Get email DMARC validation summary,"Retrieves the distribution of emails by DMARC (Domain-based Message Authentication, Reporting and Conformance) validation."
x22-0730,cloudflare,DELETE,/accounts/{account_id}/cloudforce-one/v2/brand-protection/domain/queries/{query_id},delete_DeleteDomainQuery,Delete domain query,Delete a saved brand protection domain query from the account_queries table. This operation will remove the query from the durable object database. Returns 404 if the query ID doesn't exist.
x22-3075,cloudflare,PATCH,/zones/{zone_id}/ct/alerting,ct-alerting-update-subscription,Update CT Alerting Subscription,"Create or update the Certificate Transparency alerting subscription for a zone. Enables or disables email notifications when certificates are issued for the zone's domains.
The `enabled` field is required on every request and controls whether the subscription is active. The `emails` field is optional and, when provided, replaces the stored recipient list for the zone. When `emails` is omitted, the stored recipient list is preserved and only the enabled state is toggled. A maximum of 100 email addresses may be configured per zone.
Requests that omit `enabled` are rejected with error code 1008.
Subscribe and unsubscribe notification emails are only sent for recipients whose effective subscription state changes. Idempotent requests (no state change) send no notification email."
x22-2559,cloudflare,GET,/radar/ai/bots/timeseries_groups/{dimension},radar-get-ai-bots-timeseries-group,Get time series distribution of AI bots HTTP requests by dimension.,"Retrieves the distribution of HTTP requests from AI bots, grouped by the specified dimension over time."
x22-2856,cloudflare,GET,/user/invites,user'-s-invites-list-invitations,List Invitations,Lists all invitations associated with my user.
x22-1104,cloudflare,GET,/accounts/{account_id}/dlp/profiles/custom/{profile_id},dlp-profiles-get-custom-profile,Get custom profile,Fetches a custom DLP profile by id.
x22-1088,cloudflare,POST,/accounts/{account_id}/dlp/entries/integration,dlp-entries-create-integration-entry,Create integration entry,"Integration entries can't be created, this will update an existing integration entry.
This is needed for our generated terraform API."
x22-0594,cloudflare,GET,/accounts/{account_id}/cloudforce-one/events/dataset/{dataset_id}/events/{event_id},get_EventRead,Reads an event,Retrieves a specific event by its UUID.
x22-0947,cloudflare,PATCH,/accounts/{account_id}/devices/ip-profiles/{profile_id},update-ip-profile,Update IP profile,"Updates a WARP Device IP profile. Currently, only IPv4 Device subnets can be associated."
x22-1251,cloudflare,GET,/accounts/{account_id}/email/sending/suppressions,get_publicListSendingSuppressions,List account Email Sending suppressions,"Lists every active Email Sending suppression owned by the account, including legacy rows with internal zone memberships."
x22-3996,pagerduty,GET,/v3/schedules/{id}/audit/records,listSchedulesAuditRecordsV3,List audit records for a schedule,"<!-- theme: info -->

> **Important note:** Shift-based schedules use the V3 API and are not compatible with V2 automations. **To create automations for Shift-Based Schedules, you need to:**
>
> 1. **Update your automations** to use the V3 API for all new shift-based schedules
> 2. **Keep the V2 endpoint** for your existing schedules
>
> An upgrade tool for existing schedules is coming soon; your legacy schedules will keep working in the meantime. [Learn more](https://support.pagerduty.com/main/docs/shift-based-schedules-api-upgrade-examples).

The returned records are sorted by the `execution_time` from newest to oldest.

See [`Cursor-based pagination`](https://developer.pagerduty.com/docs/rest-api-v2/pagination/) for instructions on how to paginate through the result set.

For more information see the [Audit API Document](https://developer.pagerduty.com/docs/rest-api-v2/audit-records-api/).

Scoped OAuth requires: `audit_records.read`"
x22-0781,cloudflare,GET,/accounts/{account_id}/cloudforce-one/v2/priority-intelligence/constants,get_PirConstants,"Get PIR constants (methods, dimensions, and TLP values)","Requirements is the existing free-form PIR method. Interests is the experimental structured-interest method, evaluated independently from requirements."
x22-2930,cloudflare,PUT,/zones/{zone_id}/access/apps/{app_id}/settings,zone-level-access-applications-put-update-access-application-settings,Update application settings,Updates application settings.
x22-1145,cloudflare,GET,/accounts/{account_id}/dns_firewall/{dns_firewall_id}/dns_analytics/report,dns-firewall-analytics-table,Table,"Retrieves a list of summarised aggregate metrics over a given time period.

See [Analytics API properties](https://developers.cloudflare.com/dns/reference/analytics-api-properties/) for detailed information about the available query parameters."
x22-0125,cloudflare,GET,/accounts/{account_id}/access/policies/{policy_id},access-policies-get-an-access-reusable-policy,Get an Access reusable policy,Fetches a single Access reusable policy.
x22-3778,pagerduty,PUT,/incidents/{id}/responder_requests/cancel,cancelIncidentResponderRequest,Cancel responder requests for an incident,"Cancel pending responder requests for the specified incident.

This endpoint allows you to cancel responder requests for specified targets that are in a pending state. Only responders who have not yet joined or declined can be cancelled. This endpoint requires the account to have access to the [responder requests](https://support.pagerduty.com/main/docs/add-responders) feature.

**Account Ability Requirement**: The account must have the `coordinated_responding` ability. Returns 402 Payment Required if the ability is missing. You can use the [List Abilities API](openapiv3.json/paths/~1abilities/get) to check account abilities.

**State Constraints**: Only responders in the `pending` state can be cancelled. Responders who have already `joined` or `declined` are not affected (the result will indicate their current state).

**User vs Escalation Policy Behavior**:
- **Users**: Direct cancellation, updates state to `user_cancelled`, stops notifications
- **Escalation Policies**: Stops the escalation process, updates state of all pending users from that escalation policy to `user_cancelled` and stops notifications

**Result Values**:
- `cancelled`: Successfully cancelled
- `joined`: User already joined (not cancelled)
- `declined`: User already declined (not cancelled)
- `not_found`: Target not found or not part of any responder request

Scoped OAuth requires: `incidents.write`"
x22-0215,cloudflare,GET,/accounts/{account_id}/ai-gateway/billing/topup/config,aig-billing-get-topup-config,Get auto top-up configuration,"Retrieve the current auto top-up threshold, amount, and any error state."
x22-3915,pagerduty,DELETE,/status_pages/{id}/posts/{post_id}/post_updates/{post_update_id},deleteStatusPagePostUpdate,Delete a Status Page Post Update,"Delete a Post Update for a Post by Post ID and Post Update ID.

Scoped OAuth requires: `status_pages.write`"
x22-3166,cloudflare,PATCH,/zones/{zone_id}/environments,zonesEnvironmentsEdit,Partially update zone environments,Applies partial updates to zone environments.
x22-2314,cloudflare,POST,/accounts/{account_id}/vuln_scanner/target_environments,create-target-environment,Create target environment,Creates a new target environment for the account.
x22-0888,cloudflare,POST,/accounts/{account_id}/d1/database,d1-create-database,Create D1 Database,Returns the created D1 database.
x22-1036,cloudflare,GET,/accounts/{account_id}/diagnostics/endpoint-healthchecks/{id},diagnostics-endpoint-healthcheck-get,Get Endpoint Health Check,Get a single Endpoint Health Check.
x22-2698,cloudflare,GET,/radar/email/routing/summary/dkim,radar-get-email-routing-summary-by-dkim,Get email DKIM validation summary,Retrieves the distribution of emails by DKIM (DomainKeys Identified Mail) validation.
x22-3780,pagerduty,POST,/incidents/{id}/status_updates,createIncidentStatusUpdate,Create a status update on an incident,"Create a new status update for the specified incident. Optionally pass `subject` and `html_message` properties in the request body to override the email notification that gets sent.

An incident represents a problem or an issue that needs to be addressed and resolved.

For more information see the [API Concepts Document](../../api-reference/a47605517c19a-api-concepts#incidents)

Scoped OAuth requires: `incidents.write`"
x22-0700,cloudflare,POST,/accounts/{account_id}/cloudforce-one/rules/exemptions,cloudforce-one-add-account-exemptions,Add patterns to exemption rules,Add regex patterns to per-account exemption rules (union semantics). Missing keys leave that type untouched; duplicates are silently deduped.
x22-0925,cloudflare,POST,/accounts/{account_id}/data-security/posture/remediations/jobs,CreateRemediationJobs,Creates remediation jobs,Create one or more remediation jobs tied to a specific Cloudflare Account.
x22-4160,sentry,GET,/api/0/organizations/{organization_id_or_slug}/workflows/,listOrganizationWorkflows,Fetch Alerts,Returns a list of alerts for a given organization
x22-2373,cloudflare,POST,/accounts/{account_id}/workers/observability/issues/automations,issues.automations.create,Create an issue automation,Create an account or service issue automation.
x22-0872,cloudflare,GET,/accounts/{account_id}/containers/applications/{application_id}/instances/{instance_id},getContainerInstance,Get a container instance,Returns a container instance belonging to an application.
x22-2108,cloudflare,GET,/accounts/{account_id}/security-center/insights/{issue_id}/context,get-security-center-insight-context,Retrieves Security Center Insight Context,Returns the full context payload for an insight. This endpoint is used for insights with large payloads that are not included inline in the list response.
x22-0366,cloudflare,POST,/accounts/{account_id}/analytics/query/{dataset}/timeseries,art-analytics-query-timeseries,Query analytics timeseries,"Returns time-bucketed analytics data for a dataset. Includes time slots, each containing the requested stats, group-by dimensions, and resolution-controlled bucket size (e.g. `hour`, `day`)."
x22-3339,cloudflare,POST,/zones/{zone_id}/purge_cache,zone-purge,Purge Cached Content,"### Purge All Cached Content
Removes ALL files from Cloudflare's cache. All tiers can purge everything.
```
{""purge_everything"": true}
```

### Purge Cached Content by URL
Granularly removes one or more files from Cloudflare's cache by specifying URLs. All tiers can purge by URL.

To purge files with custom cache keys, include the headers used to compute the cache key as in the example. If you have a device type or geo in your cache key, you will need to include the CF-Device-Type or CF-IPCountry headers. If you have lang in your cache key, you will need to include the Accept-Language header.

**NB:** When including the Origin header, be sure to include the **scheme** and **hostname**. The port number can be omitted if it is the default port (80 for http, 443 for https), but must be included otherwise.

Single file purge example with files:
```
{""files"": [""http://www.example.com/css/styles.css"", ""http://www.example.com/js/index.js""]}
```
Single file purge example with url and header pairs:
```
{""files"": [{""url"": ""http://www.example.com/cat_picture.jpg"", ""headers"": {""CF-IPCountry"": ""US"", ""CF-Device-Type"": ""desktop"", ""Accept-Language"": ""zh-CN""}}, {""url"": ""http://www.example.com/dog_picture.jpg"", ""headers"": {""CF-IPCountry"": ""EU"", ""CF-Device-Type"": ""mobile"", ""Accept-Language"": ""en-US""}}]}
```

### Purge Cached Content by Tag, Host or Prefix
Granularly removes one or more files from Cloudflare's cache either by specifying the host, the associated Cache-Tag, or a Prefix.

Flex purge with tags:
```
{""tags"": [""a-cache-tag"", ""another-cache-tag""]}
```
Flex purge with hosts:
```
{""hosts"": [""www.example.com"", ""images.example.com""]}
```
Flex purge with prefixes:
```
{""prefixes"": [""www.example.com/foo"", ""images.example.com/bar/baz""]}
```

### Availability and limits
Please refer to [purge cache availability and limits documentation page](https://developers.cloudflare.com/cache/how-to/purge-cache/#availability-and-limits)."
x22-3041,cloudflare,DELETE,/zones/{zone_id}/cache/origin_cloud_regions/batch,origin-cloud-regions-batch-delete,Batch delete origin cloud region mappings,Removes up to 100 IP-to-cloud-region mappings in a single request. Each IP is validated independently — successfully deleted items are returned in the `succeeded` array and IPs that could not be found or are invalid are returned in the `failed` array.
x22-1169,cloudflare,GET,/accounts/{account_id}/email-security/investigate/{investigate_id}/action_log,email_security_get_message_action_log,Get action log for a message,"Returns the list of post-delivery actions (moves, quarantine releases, previews, etc.) that have been applied to a specific email message."
x22-3551,cloudflare,PATCH,/zones/{zone_id}/waiting_rooms/{waiting_room_id}/events/{event_id},waiting-room-patch-event,Patch event,Patches a configured event for a waiting room.
x22-3743,pagerduty,DELETE,/incident_workflows/{id},deleteIncidentWorkflow,Delete an Incident Workflow,"Delete an existing Incident Workflow

An Incident Workflow is a sequence of configurable Steps and associated Triggers that can execute automated Actions for a given Incident.

Scoped OAuth requires: `incident_workflows.write`"
x22-1889,cloudflare,GET,/accounts/{account_id}/r2/buckets/{bucket_name}/domains/managed,r2-get-bucket-public-policy,Get r2.dev Domain of Bucket,Gets state of public access over the bucket's R2-managed (r2.dev) domain.
x22-0468,cloudflare,GET,/accounts/{account_id}/browser-rendering/devtools/browser,brapi-get_DevtoolsBrowserAcquire,Acquire and connect to browser session.,"Acquires and establishes a WebSocket connection to a browser session. Session guardrails may be supplied in the `cf-brapi-guardrails` header as base64url-encoded JSON of the same `guardrails` object the POST body accepts (for example `{""allowedDomains"":[""*.example.com""]}`)."
x22-2571,cloudflare,GET,/radar/annotations/{id},radar-get-annotation-by-id,Get annotation by ID,Retrieves a single annotation by ID.
x22-3724,pagerduty,GET,/enrichment/event_enrichments/{id},getEventEnrichment,Get an Event Enrichment,"Event Enrichments allow you to automatically add contextual data to events as they're ingested, so that relevant information is available throughout the event, alert, and incident lifecycle. By leveraging the Contextual Data Platform (CDP), you can define rules that extract values from events or query enrichment schemas to populate event fields.

<!-- theme: warning -->

> ### Early Access
> This API is in Early Access and may change at any time. Contact your PagerDuty account team to request access.

Retrieve details of a specific Event Enrichment."
x22-3960,pagerduty,GET,/users/{id}/contact_methods/{contact_method_id},getUserContactMethod,Get a user's contact method,"Get details about a User's contact method.

Users are members of a PagerDuty account that have the ability to interact with Incidents and other data on the account.

For more information see the [API Concepts Document](../../api-reference/a47605517c19a-api-concepts#users)

Scoped OAuth requires: `users:contact_methods.read`"
x22-3378,cloudflare,GET,/zones/{zone_id}/secondary_dns/incoming,secondary-dns-(-secondary-zone)-secondary-zone-configuration-details,Secondary Zone Configuration Details,Get secondary zone configuration for incoming zone transfers.
x22-0801,cloudflare,GET,/accounts/{account_id}/cloudforce-one/v2/requests/{project_type}/user/me,get_UserGetSelf,Get current user profile,Get the current user's profile in a specific RFI project.
x22-2375,cloudflare,PUT,/accounts/{account_id}/workers/observability/issues/automations/{automationId},issues.automations.update,Update an issue automation,Replace an issue automation configuration.
x22-3342,cloudflare,POST,/zones/{zone_id}/rate_limits,rate-limits-for-a-zone-create-a-rate-limit,Create a rate limit,**Deprecated**: This endpoint returns 410 Gone. Please use the Rulesets API instead.
x22-3047,cloudflare,PUT,/zones/{zone_id}/cache/origin_post_quantum_encryption,zone-cache-settings-change-origin-post-quantum-encryption-setting,Change Origin Post-Quantum Encryption setting,"Instructs Cloudflare to use Post-Quantum (PQ) key agreement algorithms when connecting to your origin. Preferred instructs Cloudflare to opportunistically send a Post-Quantum keyshare in the first message to the origin (for fastest connections when the origin supports and prefers PQ), supported means that PQ algorithms are advertised but only used when requested by the origin, and off means that PQ algorithms are not advertised."
x22-3008,cloudflare,PUT,/zones/{zone_id}/api_gateway/operations/{operation_id}/labels,api-shield-operations-put-labels-to-operation,Replace labels on a web or API operation,Replaces the complete label set on a web or API operation.
x22-0302,cloudflare,PUT,/accounts/{account_id}/ai-search/namespaces/{name}/instances/{id}/items,ai-search-namespace-instance-create-or-update-item,Create or Update Item.,Creates or updates an indexed item in an AI Search instance.
x22-2068,cloudflare,PUT,/accounts/{account_id}/scim/v2/Users/{user_id},scim-users-put,Replace SCIM User,"Replaces a SCIM User resource (RFC 7644 Section 3.5.1). Fully replaces the mutable attributes of the user. Supports updating `userName`, `name`, `emails`, and `active`."
x22-3465,cloudflare,PUT,/zones/{zone_id}/smart_shield/healthchecks/{healthcheck_id},smart-shield-update-health-check,Update Health Check,Update a configured health check.
x22-1095,cloudflare,PUT,/accounts/{account_id}/dlp/entries/{entry_id},dlp-entries-update-entry,Update entry,Updates a DLP entry.
x22-2081,cloudflare,GET,/accounts/{account_id}/secondary_dns/tsigs,secondary-dns-(-tsig)-list-tsi-gs,List TSIGs,List TSIGs.
x22-3213,cloudflare,PATCH,/zones/{zone_id}/firewall/waf/packages/{package_id}/rules/{rule_id},waf-rules-update-a-waf-rule,Update a WAF rule,"Updates a WAF rule. You can only update the mode/action of the rule.

**Note:** Applies only to the [previous version of WAF managed rules](https://developers.cloudflare.com/support/firewall/managed-rules-web-application-firewall-waf/understanding-waf-managed-rules-web-application-firewall/)."
x22-3347,cloudflare,POST,/zones/{zone_id}/rulesets,createZoneRuleset,Create a zone ruleset,Creates a ruleset at the zone level.
x22-2776,cloudflare,GET,/radar/http/top/browser,radar-get-http-top-browsers,Get top user agents by HTTP requests,Retrieves the top user agents by HTTP requests.
x22-4132,sentry,GET,/api/0/organizations/{organization_id_or_slug}/replays/{replay_id}/,getOrganizationReplay,Retrieve a Replay Instance,Return details on an individual replay.
x22-2859,cloudflare,GET,/user/load_balancers/monitors,load-balancer-monitors-list-monitors,List Monitors,List configured monitors for a user.
x22-1920,cloudflare,GET,/accounts/{account_id}/realtime/kit/{app_id}/livestreams/sessions/{livestream-session-id},get-v2-livestreams-livestream-session-id,Fetch livestream session details using livestream session ID,Returns livestream session details for the given livestream session ID. Retrieve the `livestream_session_id`using the `Fetch livestream session details using a session ID` API.
x22-2439,cloudflare,PATCH,/accounts/{account_id}/workers/services/{service_name}/environments/{environment_name}/settings,worker-script-environment-patch-settings,Patch Worker Environment Settings,"Patch Worker script metadata for an environment, such as bindings."
x22-0676,cloudflare,PUT,/accounts/{account_id}/cloudforce-one/requests/priority/{priority_id},cloudforce-one-priority-update,Update a Priority Intelligence Requirement,Updates a priority intelligence request in Cloudforce One.
x22-1896,cloudflare,PUT,/accounts/{account_id}/r2/buckets/{bucket_name}/local-uploads,r2-put-bucket-local-uploads-configuration,Put Local Uploads Configuration,"Set the local uploads configuration for a bucket. When enabled, object's data is written to the nearest region first, then asynchronously replicated to the bucket's primary region."
x22-0871,cloudflare,GET,/accounts/{account_id}/containers/applications/{application_id}/instances,listContainerInstances,List container instances,Lists container instances belonging to an application.
x22-3595,pagerduty,POST,/analytics/metrics/incidents/teams,getAnalyticsMetricsIncidentsTeam,Get aggregated team data,"Provides aggregated metrics for incidents aggregated into units of time by team.

Example metrics include Seconds to Resolve, Seconds to Engage, Snoozed Seconds, and Sleep Hour Interruptions. Metric definitions can be found in our [Knowledge Base](https://support.pagerduty.com/docs/insights#teams-list).
Data can be aggregated by day, week or month in addition to by team, or provided just as a collection of aggregates for each team in the dataset for the entire period.  If a unit is provided, each row in the returned dataset will include a 'range_start' timestamp.

<!-- theme: info -->
> A `team_ids` or `service_ids` filter is required for [user-level API keys](https://support.pagerduty.com/docs/using-the-api#section-generating-a-personal-rest-api-key) or keys generated through an OAuth flow. Account-level API keys do not have this requirement.
<!-- theme: info -->
> **Note:** Data availability reflects [pipeline processing cycles](https://support.pagerduty.com/main/docs/insights#:~:text=Data%20Update%20Schedule) and is generally within 24 hours under normal conditions.

Scoped OAuth requires: `analytics.write`"
x22-3242,cloudflare,PATCH,/zones/{zone_id}/keyless_certificates/{keyless_certificate_id},keyless-ssl-for-a-zone-edit-keyless-ssl-configuration,Edit Keyless SSL Configuration,"This will update attributes of a Keyless SSL. Consists of one or more of the following:  host,name,port."
x22-3330,cloudflare,PUT,/zones/{zone_id}/pagerules/{pagerule_id},page-rules-update-a-page-rule,Update a Page Rule,Replaces the configuration of an existing Page Rule. The configuration of the updated Page Rule will exactly match the data passed in the API request.
x22-2547,cloudflare,POST,/organizations/{organization_id}/members:batchCreate,Members_batchCreate,Batch create organization members,Batch create multiple memberships that grant access to a specific Organization.
x22-0693,cloudflare,POST,/accounts/{account_id}/cloudforce-one/rules,cloudforce-one-create-rule,Create a rule,Create a new detection rule.
x22-2491,cloudflare,GET,/accounts/{account_id}/zerotrust/routes/hostname,zero-trust-networks-route-hostname-list,List hostname routes,Lists and filters hostname routes in an account.
x22-0664,cloudflare,PATCH,/accounts/{account_id}/cloudforce-one/events/{event_id},patch_EventUpdate,Updates an event,"Partially updates a threat event in Cloudforce One, modifying specific fields without replacing the entire event."
x22-2842,cloudflare,DELETE,/tenants/{tenant_tag}/custom_ns/{custom_ns_id},tenant-level-custom-nameservers-delete-tenant-custom-nameserver,Delete Tenant Custom Nameserver,Deletes a tenant's custom nameserver.
x22-3352,cloudflare,GET,/zones/{zone_id}/rulesets/{ruleset_id},getZoneRuleset,Get a zone ruleset,Fetches the latest version of a zone ruleset.
x22-0108,cloudflare,GET,/accounts/{account_id}/access/idp_federation_grants/{grant_id},access-idp-federation-grants-get,Get an IdP federation grant,Retrieves a single IdP federation grant by its UID.
x22-1604,cloudflare,PUT,/accounts/{account_id}/magic/cloud/onramps/magic_wan_address_space,onramps-mwan-addr-space-update,Update Magic WAN Address Space,Update the Magic WAN Address Space (Closed Beta).
x22-0751,cloudflare,PUT,/accounts/{account_id}/cloudforce-one/v2/brand-protection/takedown-notices/{notice_id},put_TakedownNoticeUpdate,Update takedown notice,"Update a takedown notice (e.g. change status to sent, resolved, etc.)."
x22-0955,cloudflare,DELETE,/accounts/{account_id}/devices/physical-devices/{device_id},delete-device,Delete device,Deletes a WARP device.
x22-3612,pagerduty,POST,/automation_actions/actions/{id}/invocations,createAutomationActionInvocation,Create an Invocation,Invokes an Action
x22-0855,cloudflare,GET,/accounts/{account_id}/cni/interconnects/{icon}/loa/default,get_interconnect_loa_default_name,Get the default customer name for LOA generation,"Retrieves the default customer name that will be used in the LOA if no name is provided to the
`/accounts/{account_id}/cni/interconnects/{icon}/loa` endpoint."
x22-3074,cloudflare,GET,/zones/{zone_id}/ct/alerting,ct-alerting-get-subscription,Get CT Alerting Subscription,"Retrieve the Certificate Transparency alerting subscription settings for a zone. Returns whether CT monitoring is enabled and the list of email addresses that receive alerts, if any have been configured."
x22-0335,cloudflare,POST,/accounts/{account_id}/ai/tomarkdown,workers-ai-post-to-markdown,Convert Files into Markdown,Converts uploaded files into Markdown format using Workers AI.
x22-0879,cloudflare,POST,/accounts/{account_id}/containers/registries/{domain}/credentials,generateImageRegistryCredentials,Generate a JWT to interact with the specified image registry.,Generates credentials for accessing a configured container image registry.
x22-3875,pagerduty,DELETE,/services/custom_fields/{field_id},deleteServiceCustomField,Delete a Field,"Delete a Custom Field from Services.

Scoped OAuth requires: `custom_fields.write`"
x22-3513,cloudflare,PUT,/zones/{zone_id}/subscriptions,zone-subscription-update-zone-subscriptions,Update Zone Subscription,"Updates zone subscriptions, either plan or add-ons. Retained for audit-log coverage. Use the singular `/zones/{zone_id}/subscription` path instead."
x22-2462,cloudflare,GET,/accounts/{account_id}/workers/workers/{worker_id}/versions/latest,getLatestWorkerVersion,Get Latest Worker Version,Get details about the most recently created Worker version.
x22-1052,cloudflare,GET,/accounts/{account_id}/dlp/data_tag_categories/{category_id},dlp-data-tag-categories-read,Retrieve a specific data tag category.,Gets a data tag category and its tags.
x22-1910,cloudflare,GET,/accounts/{account_id}/r2/buckets/{bucket_name}/storage-class-migration-jobs/{job_id},r2-get-storage-class-migration-job,Get Storage Class Migration Job,Gets the current status of a storage-class migration job.
x22-0736,cloudflare,GET,/accounts/{account_id}/cloudforce-one/v2/brand-protection/letter/templates/examples,get_LetterTemplateExamples,List example letter templates,List system-provided example templates that can be used as starting points when creating custom templates. These templates cannot be used directly for letter generation.
x22-1684,cloudflare,POST,/accounts/{account_id}/magic/sites/{site_id}/lans,magic-site-lans-create-lan,Create a new Site LAN,"Creates a new Site LAN. If the site is in high availability mode, static_addressing is required along with secondary and virtual address."
x22-1469,cloudflare,POST,/accounts/{account_id}/load_balancers/pools,account-load-balancer-pools-create-pool,Create Pool,Create a new pool.
x22-3179,cloudflare,DELETE,/zones/{zone_id}/firewall/access_rules/rules/{rule_id},ip-access-rules-for-a-zone-delete-an-ip-access-rule,Delete an IP Access rule,"Deletes an IP Access rule defined at the zone level.

Optionally, you can use the `cascade` property to specify that you wish to delete similar rules in other zones managed by the same zone owner."
x22-4193,sentry,GET,/api/0/projects/{organization_id_or_slug}/{project_id_or_slug}/monitors/{monitor_id_or_slug}/,getProjectMonitor,Retrieve a Monitor for a Project,Retrieves details for a monitor.
x22-1918,cloudflare,GET,/accounts/{account_id}/realtime/kit/{app_id}/analytics/livestreams/overall,get-livestream-analytics-complete,Fetch complete analytics data for your livestreams,Returns livestream analytics for the specified time range.
x22-1069,cloudflare,POST,/accounts/{account_id}/dlp/datasets/{dataset_id}/versions/{version},dlp-datasets-define-columns,Sets the column information for a multi-column upload,"This is used for multi-column EDMv2 datasets. The EDMv2 format can only be
created in the Cloudflare dashboard. The columns in the response appear in
the same order as in the request."
x22-1376,cloudflare,DELETE,/accounts/{account_id}/images/v1/keys/{signing_key_name},cloudflare-images-keys-delete-signing-key,Delete Signing Key,"Delete a CF Images signing key with specified name. Returns all keys available.
When the last key is removed, a new default signing key will be generated."
x22-2732,cloudflare,GET,/radar/email/security/top/tlds/malicious/{malicious},radar-get-email-security-top-tlds-by-malicious,Get top TLDs by email malicious classification,Retrieves the top TLDs by emails classified as malicious or not.
x22-1872,cloudflare,POST,/accounts/{account_id}/r2-catalog/{bucket_name}/namespaces/{namespace}/tables/{table_name}/maintenance-configs,update-table-maintenance-config,Update table maintenance configuration,"Update the maintenance configuration for a specific table. This allows you to
enable or disable compaction and adjust target file sizes for optimization."
x22-1368,cloudflare,PUT,/accounts/{account_id}/iam/user_groups/{user_group_id}/members,account-user-group-members-update,Update User Group Members,Replace the set of members attached to a User Group.
x22-3316,cloudflare,GET,/zones/{zone_id}/page_shield/connections/{connection_id},page-shield-get-connection,Get a detected connection,Returns a webpage connection detected on the zone by connection ID.
x22-2761,cloudflare,GET,/radar/http/timeseries_groups/http_version,radar-get-http-timeseries-group-by-http-version,Get HTTP requests by HTTP version time series,Retrieves the distribution of HTTP requests by HTTP version over time.
x22-1645,cloudflare,DELETE,/accounts/{account_id}/magic/gre_tunnels/{gre_tunnel_id},magic-gre-tunnels-delete-gre-tunnel,Delete GRE Tunnel,Disables and removes a specific static GRE tunnel. Use `?validate_only=true` as an optional query parameter to only run validation without persisting changes.
x22-0090,cloudflare,GET,/accounts/{account_id}/access/gateway_ca,access-gateway-ca-list-SSH-ca,List SSH Certificate Authorities (CA),Lists SSH Certificate Authorities (CA).
x22-3911,pagerduty,GET,/status_pages/{id}/posts/{post_id}/post_updates,listStatusPagePostUpdates,List Status Page Post Updates,"List Post Updates for a Status Page by Status Page ID and Post ID.

Scoped OAuth requires: `status_pages.read`"
x22-3521,cloudflare,DELETE,/zones/{zone_id}/token_validation/config/{config_id},token-validation-config-delete,Delete a token validation configuration,Deletes a JWT validation configuration from the zone.
x22-1012,cloudflare,PUT,/accounts/{account_id}/dex/devices/dex_tests/{dex_test_id},device-dex-test-update-device-dex-test,Update Device DEX test,Update a DEX test.
x22-2871,cloudflare,PUT,/user/load_balancers/pools/{pool_id},load-balancer-pools-update-pool,Update Pool,Modify a configured pool.
x22-1344,cloudflare,PATCH,/accounts/{account_id}/gateway/rules/{rule_id},zero-trust-gateway-rules-patch-zero-trust-gateway-rule,Patch a Zero Trust Gateway rule,"Update select fields of an existing Zero Trust Gateway rule. Only the fields provided in the request body are updated. This endpoint supports a limited subset of fields (`name`, `description`, `precedence`, `enabled`). To update other fields such as `action`, `traffic`, `identity`, `device_posture`, `rule_settings`, `schedule`, or `expiration`, use the PUT endpoint for a full rule replacement."
x22-1506,cloudflare,POST,/accounts/{account_id}/logpush/validate/origin,post-accounts-account_id-logpush-validate-origin,Validate origin,Validates logpull origin with logpull_options.
x22-0638,cloudflare,POST,/accounts/{account_id}/cloudforce-one/events/relationships/create,post_CreateEventRelationship,Create a relationship between two events,Creates a directed relationship between two events. The relationship is from parent to child with a specified type.
x22-1424,cloudflare,GET,/accounts/{account_id}/intel/domain,domain-intelligence-get-domain-details,Get Domain Details,Gets security details and statistics about a domain.
x22-2156,cloudflare,PUT,/accounts/{account_id}/storage/kv/namespaces/{namespace_id},workers-kv-namespace-rename-a-namespace,Rename a Namespace,Modifies a namespace's title.
x22-2923,cloudflare,DELETE,/zones/{zone_id}/access/apps/{app_id}/ca,zone-level-access-short-lived-certificate-c-as-delete-a-short-lived-certificate-ca,Delete a short-lived certificate CA,Deletes a short-lived certificate CA.
x22-4003,pagerduty,POST,/v3/schedules/{id}/overrides,createOverrides,Create overrides,"<!-- theme: info -->

> **Important note:** Shift-based schedules use the V3 API and are not compatible with V2 automations. **To create automations for Shift-Based Schedules, you need to:**
>
> 1. **Update your automations** to use the V3 API for all new shift-based schedules
> 2. **Keep the V2 endpoint** for your existing schedules
>
> An upgrade tool for existing schedules is coming soon; your legacy schedules will keep working in the meantime. [Learn more](https://support.pagerduty.com/main/docs/shift-based-schedules-api-upgrade-examples).

Create one or more overrides for a schedule. An override temporarily
replaces a scheduled on-call member with a different member for a
specific time period.

Each override must reference either a `rotation_id` or a
`custom_shift_id` (not both). The overriding member must belong to
the account.

**Note:** The create response wraps the result in an `overrides` array.
Single-resource endpoints (get, update) wrap in `override` (singular)."
x22-1053,cloudflare,PUT,/accounts/{account_id}/dlp/data_tag_categories/{category_id},dlp-data-tag-categories-update,Update the attributes of a single data tag category.,Updates a data tag category and its tags.
x22-2826,cloudflare,GET,/radar/tlds/performance/timeseries_groups/{dimension},radar-get-tlds-performance-timeseries-groups,Get TLD Performance Over Time,Returns a timeseries of TLD authoritative nameserver performance grouped by the specified dimension.
x22-1743,cloudflare,GET,/accounts/{account_id}/mtls_certificates/{mtls_certificate_id}/associations,m-tls-certificate-management-list-m-tls-certificate-associations,List mTLS certificate associations,Lists all active associations between the certificate and Cloudflare services.
x22-2555,cloudflare,GET,/radar/ai/bots/summary/user_agent,radar-get-ai-bots-summary-by-user-agent,Get AI user agents summary,Retrieves the distribution of traffic by AI user agent.
x22-2697,cloudflare,GET,/radar/email/routing/summary/arc,radar-get-email-routing-summary-by-arc,Get email ARC validation summary,Retrieves the distribution of emails by ARC (Authenticated Received Chain) validation.
x22-2521,cloudflare,GET,/certificates,origin-ca-list-certificates,List Certificates,List all existing Origin CA certificates for a given zone. You can use an Origin CA Key as your User Service Key or an API token when calling this endpoint ([see above](#requests)).
x22-1812,cloudflare,DELETE,/accounts/{account_id}/pcaps/ownership/{ownership_id},magic-pcap-collection-delete-buckets-for-full-packet-captures,Delete buckets for full packet captures,Deletes buckets added to the packet captures API.
x22-0476,cloudflare,GET,/accounts/{account_id}/browser-rendering/devtools/browser/{session_id}/json/list/{target_id},brapi-get_DevtoolsJsonTarget,Get a target by ID.,Returns the debuggable target with the given ID.
x22-2847,cloudflare,GET,/user/billing/history,user-billing-history-(-deprecated)-billing-history-details,Billing History Details,Accesses your billing history object.
x22-1855,cloudflare,POST,/accounts/{account_id}/queues/{queue_id}/messages/pull,queues-pull-messages,Pull Queue Messages,Pulls a batch of messages from a Queue for an HTTP pull consumer.
x22-2262,cloudflare,GET,/accounts/{account_id}/urlscanner/scan/{scan_id},urlscanner-get-scan,Get URL scan,Get URL scan by uuid
x22-4227,sentry,GET,/api/0/projects/{organization_id_or_slug}/{project_id_or_slug}/teams/,listProjectTeams,List a Project's Teams,Return a list of teams that have access to this project.
x22-3687,pagerduty,GET,/event_orchestrations/{id}/integrations/{integration_id},getOrchestrationIntegration,Get an Integration for an Event Orchestration,"Get an Integration associated with this Event Orchestrations.

You can use the Routing Key from this Integration to send events to PagerDuty!

For more information see the [API Concepts Document](../../api-reference/a47605517c19a-api-concepts#event-orchestrations)

Scoped OAuth requires: `event_orchestrations.read`"
x22-2793,cloudflare,GET,/radar/netflows/summary,radar-get-netflows-summary-deprecated,Get network traffic summary,Retrieves the distribution of network traffic (NetFlows) by HTTP vs other protocols.
x22-3326,cloudflare,GET,/zones/{zone_id}/pagerules,page-rules-list-page-rules,List Page Rules,Fetches Page Rules in a zone.
x22-3691,pagerduty,GET,/event_orchestrations/{id}/global,getOrchPathGlobal,Get the Global Orchestration for an Event Orchestration,"Get the Global Orchestration for an Event Orchestration.

Global Orchestration Rules allows you to create a set of Event Rules. These rules evaluate against all Events sent to an Event Orchestration. When a matching rule is found, it can modify and enhance the event and can route the event to another set of Global Rules within this Orchestration for further processing.

For more information see the [API Concepts Document](../../api-reference/a47605517c19a-api-concepts#event-orchestrations)

Scoped OAuth requires: `event_orchestrations.read`"
x22-3187,cloudflare,POST,/zones/{zone_id}/firewall/rules,firewall-rules-create-firewall-rules,Create firewall rules,"**This endpoint has been deprecated and returns 410 Gone. Please use the [Rulesets API](https://developers.cloudflare.com/ruleset-engine/) instead.**

Create one or more firewall rules."
x22-2541,cloudflare,GET,/organizations/{organization_id}/logs/audit,audit-logs-v2-get-organization-audit-logs,Get organization audit logs (Version 2),Gets a list of audit logs for an organization.
x22-3131,cloudflare,GET,/zones/{zone_id}/email/routing/dns,email-routing-settings-email-routing-dns-settings,Email Routing - DNS settings,Show the DNS records needed to configure your Email Routing zone.
x22-1529,cloudflare,GET,/accounts/{account_id}/magic/advanced_tcp_protection/configs/allowlist,listAllowlistPrefixesForAccount,List all allowlist prefixes.,List all allowlist prefixes for an account.
x22-4039,pagerduty,POST,/recommendations/event_orchestrations/services/{service_id}/rules/{recommendation_id}/accept,acceptRecommendedRule,Accept a recommended rule,"Accept a recommended rule and apply it to the service's Event Orchestration.

Scoped OAuth requires: `recommendations.write`"
x22-0832,cloudflare,PATCH,/accounts/{account_id}/cloudforce-one/v2/threat-signals/feeds/{feed_id},rssFeedUpdate,Update Threat Signals feed,Update Threat Signals feed.
x22-1268,cloudflare,PUT,/accounts/{account_id}/field_extractors/{extractor},updateFieldExtractor,Update Field Extractor,Replaces all custom extraction rules for an extractor type. Omitted rules are deleted.
x22-2660,cloudflare,GET,/radar/bots/timeseries_groups/{dimension},radar-get-bots-timeseries-group,Get time series distribution of bots HTTP requests by dimension.,"Retrieves the distribution of HTTP requests from bots, grouped by the specified dimension over time."
x22-0785,cloudflare,GET,/accounts/{account_id}/cloudforce-one/v2/priority-intelligence/interests/backtests/{backtest_id},get_PirInterestBacktestGet,Get a persisted account-interest backtest,Returns a previously completed account-interest backtest by ID. The backtest must belong to this account.
x22-2525,cloudflare,POST,/internal/submit,postInternalSubmit,Internal route for testing URL submissions,Internal route for testing URL submissions.
x22-3946,pagerduty,POST,/templates,createTemplate,Create a template,"Create a new template

Scoped OAuth requires: `templates.write`"
x22-1440,cloudflare,GET,/accounts/{account_id}/intel/ip-lists,ip-list-get-ip-lists,Get Available IP Lists,"Returns a list of available IP list categories (e.g., anonymizer, botnetcc, malware, tor, vpn, open_proxies). This endpoint provides metadata about which IP lists are available in the system."
x22-0792,cloudflare,PUT,/accounts/{account_id}/cloudforce-one/v2/priority-intelligence/{priority_id},put_PirUpdate,Update a priority intelligence requirement,Updates a free-form Priority Intelligence Requirement for the authenticated account.
x22-0347,cloudflare,DELETE,/accounts/{account_id}/alerting/v3/destinations/webhooks/{webhook_id},notification-webhooks-delete-a-webhook,Delete a webhook,Delete a configured webhook destination.
x22-2607,cloudflare,GET,/radar/attacks/layer3/timeseries_groups/{dimension},radar-get-attacks-layer3-timeseries-group,Get layer 3 attacks time series grouped by dimension,Retrieves the distribution of layer 3 attacks grouped by dimension over time.
x22-3578,pagerduty,GET,/abilities,listAbilities,List abilities,"List all of your account's abilities, by name.

""Abilities"" describes your account's capabilities by feature name. For example `""teams""`.

An ability may be available to your account based on things like your pricing plan or account state.

For more information see the [API Concepts Document](../../api-reference/a47605517c19a-api-concepts#abilities)

Scoped OAuth requires: `abilities.read`"
x22-0101,cloudflare,PUT,/accounts/{account_id}/access/identity_providers/{identity_provider_id},access-identity-providers-update-an-access-identity-provider,Update an Access identity provider,Updates a configured identity provider.
x22-2137,cloudflare,PUT,/accounts/{account_id}/slurper/jobs/abortAll,slurper-abort-all-jobs,Abort all jobs,"Cancels all running R2 Super Slurper migration jobs for the account. Any objects in the middle of a transfer will finish, but no new objects will start transferring."
x22-0207,cloudflare,POST,/accounts/{account_id}/agent-memory/namespaces/{namespace_name}/profiles/{profile_name}/summary,agent-memory-summary,Get a profile summary,Generates a paste-ready prompt block summarizing everything stored in a memory profile.
x22-0767,cloudflare,GET,/accounts/{account_id}/cloudforce-one/v2/collections/{collection_id}/export,get_CollectionExportEndpoint,"Export collection to CSV, JSONL, or Markdown","Streams collection data in the requested format. Supports CSV (default), JSONL, or Markdown via Accept header. Queries items in batches of 1000 to avoid memory/timeout limits."
x22-1768,cloudflare,GET,/accounts/{account_id}/pages/projects/{project_name}/deployments,pages-deployment-get-deployments,Get deployments,Fetch a list of project deployments.
x22-1004,cloudflare,GET,/accounts/{account_id}/dex/commands,get-commands,List account commands,"Retrieves a paginated list of commands issued to devices under the specified account, optionally filtered by time range, device, or other parameters"
x22-0314,cloudflare,POST,/accounts/{account_id}/ai-search/namespaces/{name}/instances/{id}/purge_cache,ai-search-namespace-purge-instance-cache,Purge search cache.,"Purges all cached search results for an AI Search instance. A new internal cache key is generated, immediately orphaning all prior cached entries."
x22-0611,cloudflare,DELETE,/accounts/{account_id}/cloudforce-one/events/dataset/{dataset_id}/permissions/{grant_id},delete_PermissionDelete,Delete a permission for dataset,Delete a permission
x22-0493,cloudflare,GET,/accounts/{account_id}/builds/account/limits,getAccountLimits,Get build-minute availability,Return whether the account's build-minute allowance is exhausted and when it refreshes.
x22-3814,pagerduty,GET,/licenses,listLicenses,List Licenses,"List the Licenses associated with your Account

Scoped OAuth requires: `licenses.read`"
x22-2668,cloudflare,GET,/radar/ct/timeseries_groups/{dimension},radar-get-ct-timeseries-group,Get time series of certificate distribution by dimension,Retrieves the distribution of certificates grouped by the specified dimension over time.
x22-3337,cloudflare,GET,/zones/{zone_id}/precursor,precursor-for-a-zone-get-config,Get Zone Precursor Config,"Retrieve a zone's Precursor configuration: the zone-level
`default_mode` and the ordered list of `enforcement_rules`."
x22-3401,cloudflare,GET,/zones/{zone_id}/security-center/securitytxt,get-security-txt,Retrieves security.txt,"Retrieves the current security.txt file configuration for a zone, used for security vulnerability reporting."
x22-3359,cloudflare,GET,/zones/{zone_id}/rulesets/{ruleset_id}/versions/{ruleset_version},getZoneRulesetVersion,Get a zone ruleset version,Fetches a specific version of a zone ruleset.
x22-2929,cloudflare,POST,/zones/{zone_id}/access/apps/{app_id}/revoke_tokens,zone-level-access-applications-revoke-service-tokens,Revoke application tokens,Revokes all tokens issued for an application.
x22-1435,cloudflare,GET,/accounts/{account_id}/intel/indicator-feeds/{feed_id}/data,custom-indicator-feeds-get-indicator-feed-data,Get indicator feed data,Retrieves the raw data entries in a custom threat indicator feed.
x22-1415,cloudflare,GET,/accounts/{account_id}/intel/asn/{asn},asn-intelligence-get-asn-overview,Get ASN Overview.,Gets an overview of the Autonomous System Number (ASN) and a list of subnets for it.
x22-2276,cloudflare,PUT,/accounts/{account_id}/vectorize/indexes/{index_name},vectorize-(-deprecated)-update-vectorize-index,Update Vectorize Index (Deprecated),Updates and returns the specified Vectorize Index.
x22-0815,cloudflare,GET,/accounts/{account_id}/cloudforce-one/v2/threat-signals/articles/{article_id}/content,rssArticleContentGet,Get Threat Signals article content,Get Threat Signals article content.
x22-1520,cloudflare,POST,/accounts/{account_id}/logs/explorer/query/sql,accounts-logs-explorer-query-post,Run a log query,"Run a SQL query against account-level datasets.

Timestamp fields are RFC3339 strings. Filter with:
  WHERE {timestamp_field} >= now() - INTERVAL '30' DAY
  WHERE {timestamp_field} >= '2026-04-01T00:00:00Z'
  WHERE {timestamp_field} BETWEEN '2026-04-01T00:00:00Z' AND '2026-04-30T23:59:59Z'

List configured account datasets to see enabled account-level datasets.
Zone-level datasets will not appear here.
List available account datasets to inspect their schemas and timestamp fields.

For more information about the datasets, and the meaning of each field, check out https://developers.cloudflare.com/logs/logpush/logpush-job/datasets/"
x22-0628,cloudflare,GET,/accounts/{account_id}/cloudforce-one/events/indicators/aggregate,get_IndicatorAggregate,Aggregate indicators by column(s),"Aggregate threat indicators by one or more columns (e.g., indicatorType, value) across datasets. Returns top-N groups ordered by count."
x22-1826,cloudflare,GET,/accounts/{account_id}/pipelines/v1/streams,getV4AccountsByAccount_idPipelinesV1Streams,List Streams,List/Filter Streams in Account.
x22-1333,cloudflare,POST,/accounts/{account_id}/gateway/proxy_endpoints,zero-trust-gateway-proxy-endpoints-create-proxy-endpoint,Create a proxy endpoint,Create a new Zero Trust Gateway proxy endpoint.
x22-0048,cloudflare,GET,/accounts/{account_id}/access/ai-controls/mcp/servers/{id},mcp-portals-api-fetch-servers,Read the details of an MCP Server,Retrieves an MCP server's configuration and capability sync state.
x22-4015,pagerduty,DELETE,/v3/schedules/{id}/rotations/{rotation_id}/events/{event_id},deleteEvent,Delete an event,"<!-- theme: info -->

> **Important note:** Shift-based schedules use the V3 API and are not compatible with V2 automations. **To create automations for Shift-Based Schedules, you need to:**
>
> 1. **Update your automations** to use the V3 API for all new shift-based schedules
> 2. **Keep the V2 endpoint** for your existing schedules
>
> An upgrade tool for existing schedules is coming soon; your legacy schedules will keep working in the meantime. [Learn more](https://support.pagerduty.com/main/docs/shift-based-schedules-api-upgrade-examples).

Delete an event from a rotation."
x22-3868,pagerduty,GET,/services/{id}/rules/{rule_id},getServiceEventRule,Get an Event Rule from a Service,"Get an Event Rule from a Service.
<!-- theme: warning -->
> ### End-of-life
> Rulesets and Event Rules will end-of-life soon. We highly recommend that you [migrate to Event Orchestration](https://support.pagerduty.com/docs/migrate-to-event-orchestration) as soon as possible so you can take advantage of the new functionality, such as improved UI, rule creation, APIs and Terraform support, advanced conditions, and rule nesting.

Scoped OAuth requires: `services.read`"
x22-2392,cloudflare,PATCH,/accounts/{account_id}/workers/observability/queries/{queryId},queries.patch,Update query,Update saved query.
x22-2582,cloudflare,GET,/radar/as112/timeseries_groups/ip_version,radar-get-dns-as112-timeseries-group-by-ip-version,Get AS112 DNS queries by IP version time series,Retrieves the distribution of AS112 DNS queries by IP version over time.
x22-1672,cloudflare,GET,/accounts/{account_id}/magic/sites/{site_id}/acls,magic-site-acls-list-acls,List Site ACLs,Lists Site ACLs associated with an account.
x22-1336,cloudflare,PATCH,/accounts/{account_id}/gateway/proxy_endpoints/{proxy_endpoint_id},zero-trust-gateway-proxy-endpoints-update-proxy-endpoint,Update a proxy endpoint,Update a configured Zero Trust Gateway proxy endpoint.
x22-2991,cloudflare,DELETE,/zones/{zone_id}/api_gateway/labels/user,api-shield-labels-delete-user-labels,Delete user-defined operation labels,Deletes one or more user-defined labels and removes their associations with web and API operations.
x22-1495,cloudflare,POST,/accounts/{account_id}/logpush/ownership/validate,post-accounts-account_id-logpush-ownership-validate,Validate ownership challenge,Validates ownership challenge of the destination.
x22-0035,cloudflare,GET,/accounts/{account_id}/abuse-reports/{report_param},GetAbuseReport,Abuse Report Details,Retrieve the details of an abuse report.
x22-3089,cloudflare,PUT,/zones/{zone_id}/custom_hostnames/fallback_origin,custom-hostname-fallback-origin-for-a-zone-update-fallback-origin-for-custom-hostnames,Update Fallback Origin for Custom Hostnames,Updates the fallback origin configuration for custom hostnames on a zone. Sets the default origin server for custom hostname traffic.
x22-0675,cloudflare,GET,/accounts/{account_id}/cloudforce-one/requests/priority/{priority_id},cloudforce-one-priority-get,Get a Priority Intelligence Requirement,Retrieves a specific priority intelligence request from Cloudforce One.
x22-3603,pagerduty,GET,/analytics/raw/incidents/{id}/responses,getAnalyticsIncidentResponsesById,Get raw responses from a single incident,"Provides enriched responder data for a single incident.

Example metrics include Time to Respond, Responder Type, and Response Status. See metric definitions below.

<!-- theme: info -->
> **Note:** Data availability reflects [pipeline processing cycles](https://support.pagerduty.com/main/docs/insights#:~:text=Data%20Update%20Schedule) and is generally within 24 hours under normal conditions.
Scoped OAuth requires: `analytics.read`"
x22-3961,pagerduty,PUT,/users/{id}/contact_methods/{contact_method_id},updateUserContactMethod,Update a user's contact method,"Update a User's contact method.

Users are members of a PagerDuty account that have the ability to interact with Incidents and other data on the account.

For more information see the [API Concepts Document](../../api-reference/a47605517c19a-api-concepts#users)

Scoped OAuth requires: `users:contact_methods.write`"
x22-3651,pagerduty,PUT,/change_events/{id},updateChangeEvent,Update a Change Event,"Update an existing Change Event

Scoped OAuth requires: `change_events.write`"
x22-1263,cloudflare,POST,/accounts/{account_id}/event_subscriptions/subscriptions,subscriptions-create,Create Event Subscription,Creates an event subscription for a Queue.
x22-1334,cloudflare,GET,/accounts/{account_id}/gateway/proxy_endpoints/{proxy_endpoint_id},zero-trust-gateway-proxy-endpoints-proxy-endpoint-details,Get a proxy endpoint,Get a single Zero Trust Gateway proxy endpoint.
x22-3279,cloudflare,POST,/zones/{zone_id}/logs/explorer/query/sql,zones-logs-explorer-query-post,Run a log query,"Run a SQL query against zone-level datasets.

Timestamp fields are RFC3339 strings. Filter with:
  WHERE {timestamp_field} >= now() - INTERVAL '30' DAY
  WHERE {timestamp_field} >= '2026-04-01T00:00:00Z'
  WHERE {timestamp_field} BETWEEN '2026-04-01T00:00:00Z' AND '2026-04-30T23:59:59Z'

List configured zone datasets to see enabled zone-level datasets.
List available zone datasets to inspect their schemas and timestamp fields.

For more information about the datasets, and the meaning of each field, check out https://developers.cloudflare.com/logs/logpush/logpush-job/datasets/"
x22-2692,cloudflare,GET,/radar/dns/timeseries_groups/response_code,radar-get-dns-timeseries-group-by-response-code,Get DNS queries by response code time series,Retrieves the distribution of DNS queries by response code over time.
x22-0032,cloudflare,GET,/accounts/{account_id}/abuse-reports/{report_id}/emails,ListEmails,List abuse report emails,List emails sent to the customer for an abuse report. Returns all successful customer emails sent for the specified abuse report. Does not include emails sent to hosts or submitters.
x22-4036,pagerduty,PATCH,/workflows/integrations/{integration_id}/connections/{id},updateWorkflowIntegrationConnection,Update Workflow Integration Connection,"Update an existing Workflow Integration Connection.

Scoped OAuth requires: `workflow_integrations:connections.write`"
x22-1118,cloudflare,GET,/accounts/{account_id}/dlp/sensitivity_groups/templates/{template_id},dlp-sensitivity-group-template-read,Retrieve a specific sensitivity group template.,Gets an available sensitivity group template.
x22-2187,cloudflare,GET,/accounts/{account_id}/stream/storage-usage,stream-videos-storage-usage,Storage use,Returns information about an account's storage use.
x22-2100,cloudflare,GET,/accounts/{account_id}/security-center/insights/class,get-security-center-insight-counts-by-class,Retrieves Security Center Insight Counts by Class,Retrieves Security Center insight counts aggregated by classification class.
x22-1055,cloudflare,GET,/accounts/{account_id}/dlp/data_tag_categories/{category_id}/data_tags,dlp-data-tags-list,Retrieve all data tags in a data tag category,Lists data tags in a category.
x22-2104,cloudflare,GET,/accounts/{account_id}/security-center/insights/severity,get-security-center-insight-counts-by-severity,Retrieves Security Center Insight Counts by Severity,"Retrieves Security Center insight counts aggregated by severity level (critical, high, medium, low)."
x22-2538,cloudflare,GET,/organizations/{organization_id}/accounts,Organizations_getAccounts,Get organization accounts,Retrieve a list of accounts that belong to a specific organization. (Currently in Public Beta - see https://developers.cloudflare.com/fundamentals/organizations/)
x22-1617,cloudflare,PUT,/accounts/{account_id}/magic/cloud/providers/{provider_id},providers-update,Update Cloud Integration,Update a Cloud Integration (Closed Beta).
x22-2359,cloudflare,DELETE,/accounts/{account_id}/workers/dispatch/namespaces/{dispatch_namespace}/scripts/{script_name}/tags/{tag},namespace-worker-delete-script-tag,Delete Workers for Platforms Script Tag,Delete a tag from a script uploaded to a Workers for Platforms dispatch namespace.
x22-0456,cloudflare,GET,/accounts/{account_id}/browser-extension/config,accounts-browser-extension-config-get,Get browser extension configuration,Returns the browser extension configuration for an account.
x22-3063,cloudflare,PATCH,/zones/{zone_id}/client_certificates/{client_certificate_id},client-certificate-for-a-zone-edit-client-certificate,Reactivate Client Certificate,"If a API Shield mTLS Client Certificate is in a pending_revocation state, you may reactivate it with this endpoint."
x22-0595,cloudflare,POST,/accounts/{account_id}/cloudforce-one/events/dataset/{dataset_id}/indicatorTypes/create,post_IndicatorTypeCreate,Create a new indicator type,Creates a new indicator type and initializes its dedicated Durable Object
x22-2384,cloudflare,POST,/accounts/{account_id}/workers/observability/issues/{issueId}/notification-runs,issues.notificationRuns.create,Notify about an issue,"Send the issue to one ANS policy, or every matching Real-Time Issue policy when no policy ID is provided."
x22-3073,cloudflare,PUT,/zones/{zone_id}/content-upload-scan/settings,waf-content-scanning-update-settings,Update the Content Scanning status for a zone.,Update the Content Scanning status by setting the status value to `enabled` or `disabled`. This is equivalent to calling the dedicated enable and disable endpoints.
x22-1131,cloudflare,DELETE,/accounts/{account_id}/dlp/settings,dlp-settings-delete,Delete (reset) DLP account-level settings to initial values.,Deletes account-level DLP settings and returns the initial values.
x22-4268,sentry,POST,/api/0/organizations/{organization_id_or_slug}/issues/{issue_id}/autofix/,startOrganizationIssueAutofix,Start Seer Issue Fix,"Trigger a Seer Issue Fix run for a specific issue.

The issue fix process can:
- Identify the root cause of the issue
- Propose a solution
- Generate code changes
- Create a pull request with the fix

The process runs asynchronously, and you can get the state using the GET endpoint."
x22-3367,cloudflare,PATCH,/zones/{zone_id}/schema_validation/schemas/{schema_id},schema-validation-edit-schema,Set schema validation state,Enables or disables validation for an uploaded OpenAPI schema without changing the schema document.
x22-2038,cloudflare,GET,/accounts/{account_id}/rulesets/{ruleset_id}/versions/{ruleset_version},getAccountRulesetVersion,Get an account ruleset version,Fetches a specific version of an account ruleset.
x22-3514,cloudflare,DELETE,/zones/{zone_id}/subscriptions,zone-subscription-delete-zone-subscriptions,Delete Zone Subscription,Deletes a zone's subscription. Retained for audit-log coverage. Use the singular `/zones/{zone_id}/subscription` path instead.
x22-1444,cloudflare,GET,/accounts/{account_id}/intel/sinkholes/{sinkhole_id},sinkhole-config-get-sinkhole,Get a sinkhole,Get the specified sinkhole by its unique identifier.
x22-3584,pagerduty,DELETE,/addons/{id},deleteAddon,Delete an Add-on,"Remove an existing Add-on.

Addon's are pieces of functionality that developers can write to insert new functionality into PagerDuty's UI.

For more information see the [API Concepts Document](../../api-reference/a47605517c19a-api-concepts#add-ons)

Scoped OAuth requires: `addons.write`"
x22-1602,cloudflare,POST,/accounts/{account_id}/magic/cloud/onramps,onramps-create,Create On-ramp,Create a new On-ramp (Closed Beta).
x22-2803,cloudflare,GET,/radar/origins/{slug},radar-get-origin-details,Get Origin details,Retrieves the requested origin information with its regions.
x22-3871,pagerduty,GET,/services/custom_fields,listServiceCustomFields,List Fields,"List Custom Fields available for Services.

Scoped OAuth requires: `custom_fields.read`"
x22-2764,cloudflare,GET,/radar/http/timeseries_groups/post_quantum,radar-get-http-timeseries-group-by-post-quantum,Get HTTP requests by post-quantum support time series,Retrieves the distribution of HTTP requests by post-quantum support over time.
x22-0434,cloudflare,GET,/accounts/{account_id}/brand-protection/logos/{logo_id},getAccountsAccountIdBrandProtectionLogosLogoId,Read saved logo queries by ID,Return saved logo queries based on ID
x22-1327,cloudflare,GET,/accounts/{account_id}/gateway/pacfiles,zero-trust-gateway-pacfiles-list,List PAC files,List all Zero Trust Gateway PAC files for an account.
x22-0576,cloudflare,POST,/accounts/{account_id}/cloudforce-one/events/create,post_EventCreate,Creates a new event,"To create a dataset, see the [`Create Dataset`](https://developers.cloudflare.com/api/resources/cloudforce_one/subresources/threat_events/subresources/datasets/methods/create/) endpoint. When `datasetId` parameter is unspecified, it will be created in a default dataset named `Cloudforce One Threat Events`."
x22-1080,cloudflare,POST,/accounts/{account_id}/dlp/email/rules,dlp-email-scanner-create-rule,Create email scanner rule,Creates a new DLP email scanning rule that defines what content patterns to detect in email messages and what actions to take.
x22-1791,cloudflare,GET,/accounts/{account_id}/pay-per-crawl/crawlers,pay-per-crawl.listCrawlers,List pay-per-crawl crawlers,Lists the crawlers known to pay-per-crawl.
x22-2248,cloudflare,GET,/accounts/{account_id}/tokens/permission_groups,account-api-tokens-list-permission-groups,List Permission Groups,Find all available permission groups for Account Owned API Tokens
x22-3094,cloudflare,PATCH,/zones/{zone_id}/custom_hostnames/{custom_hostname_id},custom-hostname-for-a-zone-edit-custom-hostname,Edit Custom Hostname,"Modify SSL configuration for a custom hostname. When sent with SSL config that matches existing config, used to indicate that hostname should pass domain control validation (DCV). Can also be used to change validation type, e.g., from 'http' to 'email'. Bundle an existing certificate with another certificate by using the ""custom_cert_bundle"" field. The bundling process supports combining certificates as long as the following condition is met. One certificate must use the RSA algorithm, and the other must use the ECDSA algorithm."
x22-2480,cloudflare,POST,/accounts/{account_id}/workflows/{workflow_name}/instances/{instance_id}/events/{event_type},wor-send-event-workflow-instance,Send event to instance,Sends an event to a running workflow instance to trigger state transitions.
x22-2734,cloudflare,GET,/radar/email/security/top/tlds/spoof/{spoof},radar-get-email-security-top-tlds-by-spoof,Get top TLDs by email spoof classification,Retrieves the top TLDs by emails classified as spoof or not.
x22-2565,cloudflare,GET,/radar/ai/inference/timeseries_groups/{dimension},radar-get-ai-inference-timeseries-group,Get time series distribution of Workers AI inference by dimension.,"Retrieves the distribution of the number of inferences run on Workers AI, grouped by the specified dimension over time."
x22-3186,cloudflare,GET,/zones/{zone_id}/firewall/rules,firewall-rules-list-firewall-rules,List firewall rules,"**This endpoint has been deprecated and returns 410 Gone. Please use the [Rulesets API](https://developers.cloudflare.com/ruleset-engine/) instead.**

Fetches firewall rules in a zone. You can filter the results using several optional parameters."
x22-3587,pagerduty,GET,/alert_grouping_settings/{id},getAlertGroupingSetting,Get an Alert Grouping Setting,"Get an existing Alert Grouping Setting.

The settings part of Alert Grouper service allows us to create Alert Grouping Settings and configs that are required to be used during grouping of the alerts.

Scoped OAuth requires: `services.read`"
x22-2553,cloudflare,POST,/pages/assets/upsert-hashes,pages-assets-upsert-hashes,Upsert asset hashes,"Register the provided file hashes as recently uploaded to the Pages
asset store. Used as part of the Pages Direct Upload workflow so future
deployments can avoid re-uploading files that are already present.

Authenticate with the JWT obtained from the upload-token endpoint:
GET /accounts/{account_id}/pages/projects/{project_name}/upload-token"
x22-0009,cloudflare,PATCH,/accounts/{accountId}/v1/images/{imageId},patch_ImageEdit,Update an image,Update an image's metadata.
x22-2514,cloudflare,POST,/accounts/{account_id}/zt_risk_scoring/{user_id}/reset,dlp-risk-score-reset-post,Clear the risk score for a particular user,"Resets risk scores for specified users, clearing their accumulated risk history."
x22-1062,cloudflare,GET,/accounts/{account_id}/dlp/datasets,dlp-datasets-read-all,Fetch all datasets,"Lists all DLP datasets configured for the account, including custom word lists and EDM datasets."
x22-2897,cloudflare,PUT,/user/tokens/{token_id}/value,user-api-tokens-roll-token,Roll Token,Roll the token secret.
x22-3682,pagerduty,GET,/event_orchestrations/{id},getOrchestration,Get an Orchestration,"Get a Global Event Orchestration.

Global Event Orchestrations allow you define a set of Global Rules and Router Rules, so that when you ingest events using the Orchestration's Routing Key your events will have actions applied via the Global Rules & then routed to the correct Service by the Router Rules, based on the event's content.

For more information see the [API Concepts Document](../../api-reference/a47605517c19a-api-concepts#event-orchestrations)

Scoped OAuth requires: `event_orchestrations.read`"
x22-4231,sentry,GET,/api/0/seer/models/,listSeerModels,List Seer AI Models,"Get list of actively used LLM model names from Seer.

Returns the list of AI models that are currently used in production in Seer.
This endpoint does not require authentication and can be used to discover which models Seer uses.

Requests to this endpoint should use the region-specific domain
eg. `us.sentry.io` or `de.sentry.io`"
x22-1137,cloudflare,PATCH,/accounts/{account_id}/dls/regional_services/prefix_bindings/{binding_id},publicPatchPrefixBinding,Update a DLS prefix binding,
x22-3899,pagerduty,GET,/status_pages/{id}/impacts/{impact_id},getStatusPageImpact,Get a Status Page Impact,"Get an Impact for a Status Page by Status Page ID and Impact ID.

Scoped OAuth requires: `status_pages.read`"
x22-0940,cloudflare,GET,/accounts/{account_id}/devices/deployment-groups/{group_id},get-deployment-group,Get deployment group,Fetches a single deployment group by its ID. This endpoint is in Beta.
x22-4204,sentry,POST,/api/0/projects/{organization_id_or_slug}/{project_id_or_slug}/preprodartifacts/snapshots/,uploadProjectPreprodArtifactSnapshot,Upload a Snapshot,"Upload a new snapshot with image metadata.

The request body is a JSON object containing `app_id` (required),
`images` (required, a mapping of filenames to image metadata objects),
and optional VCS fields (`head_sha`, `base_sha`, `provider`,
`head_repo_name`, `head_ref`, `base_repo_name`, `base_ref`, `pr_number`).

When VCS info with a `base_sha` is provided and a matching base snapshot
exists, a comparison is automatically triggered.

This endpoint requires a bearer token with `project:write` access."
x22-0782,cloudflare,GET,/accounts/{account_id}/cloudforce-one/v2/priority-intelligence/interests,get_PirInterestList,List account interests for PIR Option 2,Lists structured account interests for Priority Intelligence Option 2. Filter by enabled state and paginate results.
x22-4211,sentry,PUT,/api/0/projects/{organization_id_or_slug}/{project_id_or_slug}/releases/{version}/files/{file_id}/,updateProjectReleaseFile,Update a Project Release File,"Update metadata of an existing release file. Currently only the name of the file
can be changed."
x22-1370,cloudflare,DELETE,/accounts/{account_id}/iam/user_groups/{user_group_id}/members/{member_id},account-user-group-member-delete,Remove User Group Member,Remove a member from User Group
x22-1659,cloudflare,GET,/accounts/{account_id}/magic/routes,magic-static-routes-list-routes,List Routes,List all Magic static routes.
x22-0614,cloudflare,POST,/accounts/{account_id}/cloudforce-one/events/datasets/populate,post_DatasetPopulate,Populate dataset-specific lookup tables from existing Events data with batch processing,Populate dataset-specific lookup tables from existing Events data with batch processing
x22-2757,cloudflare,GET,/radar/http/timeseries_groups/browser,radar-get-http-timeseries-group-by-browsers,Get HTTP requests by user agent time series,Retrieves the distribution of HTTP requests by user agent over time.
x22-0130,cloudflare,GET,/accounts/{account_id}/access/policy-tests/{policy_test_id}/users,access-policy-tests-get-a-user-page,Get an Access policy test users page,Fetches a single page of user results from an Access policy test.
x22-0079,cloudflare,GET,/accounts/{account_id}/access/certificates/settings,access-mtls-authentication-list-mtls-certificates-hostname-settings,List all mTLS hostname settings,List all mTLS hostname settings for this account.
x22-3686,pagerduty,POST,/event_orchestrations/{id}/integrations,postOrchestrationIntegration,Create an Integration for an Event Orchestration,"Create an Integration associated with this Event Orchestration.

You can then use the Routing Key from this new Integration to send events to PagerDuty!

For more information see the [API Concepts Document](../../api-reference/a47605517c19a-api-concepts#event-orchestrations)

Scoped OAuth requires: `event_orchestrations.write`"
x22-3050,cloudflare,GET,/zones/{zone_id}/cache/tiered_cache_smart_topology_enable,smart-tiered-cache-get-smart-tiered-cache-setting,Get Smart Tiered Cache setting,"Smart Tiered Cache dynamically selects the single closest upper tier for each of your website’s origins with no configuration required, using our in-house performance and routing data. Cloudflare collects latency data for each request to an origin, and uses the latency data to determine how well any upper-tier data center is connected with an origin. As a result, Cloudflare can select the data center with the lowest latency to be the upper-tier for an origin."
x22-2885,cloudflare,GET,/user/subscriptions,user-subscription-get-user-subscriptions,Get User Subscriptions,Lists all of a user's subscriptions.
x22-3032,cloudflare,GET,/zones/{zone_id}/bot_management/feedback,bot-management-zone-feedback-list,List zone feedback reports,Returns all feedback reports previously submitted for the specified zone. Feedback reports help improve detection by sharing samples of traffic that were misclassified as bots or humans.
x22-2135,cloudflare,GET,/accounts/{account_id}/slurper/jobs,slurper-list-jobs,List jobs,Lists all R2 Super Slurper migration jobs for the account with their status.
x22-2134,cloudflare,DELETE,/accounts/{account_id}/shares/{share_id}/resources/{share_resource_id},share-resource-delete,Delete a share resource,"Deletion is not immediate, an updated share resource object with a new status will be returned."
x22-0681,cloudflare,PUT,/accounts/{account_id}/cloudforce-one/requests/{request_id},cloudforce-one-request-update,Update a Request,Updating a request alters the request in the Cloudforce One queue. This API may be used to update any attributes of the request after the initial submission. Only fields that you choose to update need to be add to the request body.
x22-1084,cloudflare,DELETE,/accounts/{account_id}/dlp/email/rules/{rule_id},dlp-email-scanner-delete-rule,Delete email scanner rule,Removes a DLP email scanning rule. The rule will no longer be applied to email messages.
x22-3184,cloudflare,PUT,/zones/{zone_id}/firewall/lockdowns/{lock_downs_id},zone-lockdown-update-a-zone-lockdown-rule,Update a Zone Lockdown rule,Updates an existing Zone Lockdown rule.
x22-0388,cloudflare,DELETE,/accounts/{account_id}/artifacts/namespaces/{namespace}/tokens/{id},artifacts_tokens_revoke,Revoke a token,Revokes an Artifacts repository token.
x22-2801,cloudflare,GET,/radar/origins/timeseries,radar-get-origins-timeseries,Get origin metrics time series,Retrieves the time series of origin metrics for the specified origin.
