row_id,part,provider,method,path,operationId
x22-0001,2,cloudflare,GET,/accounts,accounts-list-accounts
x22-0002,4,cloudflare,POST,/accounts,account-creation
x22-0003,1,cloudflare,POST,/accounts/move,Accounts_batchMoveAccounts
x22-0004,9,cloudflare,GET,/accounts/{accountId}/v1/images,get_ImageList
x22-0005,6,cloudflare,POST,/accounts/{accountId}/v1/images,post_ImageUpload
x22-0006,7,cloudflare,GET,/accounts/{accountId}/v1/images/{imageId},get_ImageGet
x22-0007,6,cloudflare,PUT,/accounts/{accountId}/v1/images/{imageId},put_ImageDirectUpload
x22-0008,8,cloudflare,DELETE,/accounts/{accountId}/v1/images/{imageId},delete_ImageDelete
x22-0009,9,cloudflare,PATCH,/accounts/{accountId}/v1/images/{imageId},patch_ImageEdit
x22-0010,7,cloudflare,GET,/accounts/{accountId}/v1/images/{imageId}/blob,get_ImageGetBlob
x22-0011,10,cloudflare,GET,/accounts/{accountId}/v2/images,get__accounts_accountId_v2_images
x22-0012,4,cloudflare,POST,/accounts/{accountId}/v2/images/direct_upload,post_DirectUploadLink
x22-0013,6,cloudflare,GET,/accounts/{accountId}/zones/{zoneId}/v1/images/flows,get_FlowsGet
x22-0014,1,cloudflare,PUT,/accounts/{accountId}/zones/{zoneId}/v1/images/flows,put_FlowsUpdate
x22-0015,2,cloudflare,GET,/accounts/{account_identifier}/custom_pages,custom-pages-for-an-account-list-custom-pages
x22-0016,2,cloudflare,GET,/accounts/{account_identifier}/custom_pages/assets,custom-assets-for-an-account-list-custom-assets
x22-0017,4,cloudflare,POST,/accounts/{account_identifier}/custom_pages/assets,custom-assets-for-an-account-create-a-custom-asset
x22-0018,5,cloudflare,GET,/accounts/{account_identifier}/custom_pages/assets/{asset_name},custom-assets-for-an-account-get-a-custom-asset
x22-0019,5,cloudflare,PUT,/accounts/{account_identifier}/custom_pages/assets/{asset_name},custom-assets-for-an-account-update-a-custom-asset
x22-0020,2,cloudflare,DELETE,/accounts/{account_identifier}/custom_pages/assets/{asset_name},custom-assets-for-an-account-delete-a-custom-asset
x22-0021,5,cloudflare,POST,/accounts/{account_identifier}/custom_pages/preview_tokens,custom-pages-for-an-account-create-preview-token
x22-0022,2,cloudflare,GET,/accounts/{account_identifier}/custom_pages/{identifier},custom-pages-for-an-account-get-a-custom-page
x22-0023,5,cloudflare,PUT,/accounts/{account_identifier}/custom_pages/{identifier},custom-pages-for-an-account-update-a-custom-page
x22-0024,1,cloudflare,GET,/accounts/{account_id},accounts-account-details
x22-0025,6,cloudflare,PUT,/accounts/{account_id},accounts-update-account
x22-0026,10,cloudflare,DELETE,/accounts/{account_id},account-deletion
x22-0027,3,cloudflare,GET,/accounts/{account_id}/abuse-reports,ListAbuseReports
x22-0028,6,cloudflare,GET,/accounts/{account_id}/abuse-reports/submitted,ListSubmittedAbuseReports
x22-0029,4,cloudflare,GET,/accounts/{account_id}/abuse-reports/submitted/{report_id},GetSubmittedAbuseReport
x22-0030,10,cloudflare,GET,/accounts/{account_id}/abuse-reports/submitted/{report_id}/emails,ListSubmittedAbuseReportEmails
x22-0031,5,cloudflare,GET,/accounts/{account_id}/abuse-reports/{report_id}/appeals/eligibility,CheckAppealEligibility
x22-0032,9,cloudflare,GET,/accounts/{account_id}/abuse-reports/{report_id}/emails,ListEmails
x22-0033,10,cloudflare,GET,/accounts/{account_id}/abuse-reports/{report_id}/mitigations,ListMitigations
x22-0034,2,cloudflare,POST,/accounts/{account_id}/abuse-reports/{report_id}/mitigations/appeal,RequestReview
x22-0035,9,cloudflare,GET,/accounts/{account_id}/abuse-reports/{report_param},GetAbuseReport
x22-0036,1,cloudflare,POST,/accounts/{account_id}/abuse-reports/{report_param},SubmitAbuseReport
x22-0037,3,cloudflare,GET,/accounts/{account_id}/access/ai-controls/mcp/analytics/portals/{portal_id}/tool-calls/timeseries,mcp-portals-api-portal-tool-call-timeseries
x22-0038,7,cloudflare,GET,/accounts/{account_id}/access/ai-controls/mcp/analytics/servers/{server_id}/tool-calls/timeseries,mcp-portals-api-server-tool-call-timeseries
x22-0039,8,cloudflare,GET,/accounts/{account_id}/access/ai-controls/mcp/analytics/tool-calls/timeseries,mcp-portals-api-account-tool-call-timeseries
x22-0040,10,cloudflare,GET,/accounts/{account_id}/access/ai-controls/mcp/portals,mcp-portals-api-list-portals
x22-0041,3,cloudflare,POST,/accounts/{account_id}/access/ai-controls/mcp/portals,mcp-portals-api-create-portals
x22-0042,4,cloudflare,GET,/accounts/{account_id}/access/ai-controls/mcp/portals/{id},mcp-portals-api-fetch-gateways
x22-0043,7,cloudflare,PUT,/accounts/{account_id}/access/ai-controls/mcp/portals/{id},mcp-portals-api-update-portals
x22-0044,7,cloudflare,DELETE,/accounts/{account_id}/access/ai-controls/mcp/portals/{id},mcp-portals-api-delete-portals
x22-0045,4,cloudflare,GET,/accounts/{account_id}/access/ai-controls/mcp/portals/{portal_id}/servers/{server_id}/effective-redirect-uri,mcp-portals-api-effective-redirect-uri
x22-0046,2,cloudflare,GET,/accounts/{account_id}/access/ai-controls/mcp/servers,mcp-portals-api-list-servers
x22-0047,3,cloudflare,POST,/accounts/{account_id}/access/ai-controls/mcp/servers,mcp-portals-api-create-servers
x22-0048,9,cloudflare,GET,/accounts/{account_id}/access/ai-controls/mcp/servers/{id},mcp-portals-api-fetch-servers
x22-0049,4,cloudflare,PUT,/accounts/{account_id}/access/ai-controls/mcp/servers/{id},mcp-portals-api-update-servers
x22-0050,6,cloudflare,DELETE,/accounts/{account_id}/access/ai-controls/mcp/servers/{id},mcp-portals-api-delete-servers
x22-0051,4,cloudflare,POST,/accounts/{account_id}/access/ai-controls/mcp/servers/{id}/sync,mcp-portals-api-sync-server
x22-0052,1,cloudflare,GET,/accounts/{account_id}/access/apps,access-applications-list-access-applications
x22-0053,10,cloudflare,POST,/accounts/{account_id}/access/apps,access-applications-add-an-application
x22-0054,4,cloudflare,GET,/accounts/{account_id}/access/apps/ca,access-short-lived-certificate-c-as-list-short-lived-certificate-c-as
x22-0055,3,cloudflare,GET,/accounts/{account_id}/access/apps/{app_id},access-applications-get-an-access-application
x22-0056,7,cloudflare,PUT,/accounts/{account_id}/access/apps/{app_id},access-applications-update-an-access-application
x22-0057,8,cloudflare,DELETE,/accounts/{account_id}/access/apps/{app_id},access-applications-delete-an-access-application
x22-0058,6,cloudflare,GET,/accounts/{account_id}/access/apps/{app_id}/ca,access-short-lived-certificate-c-as-get-a-short-lived-certificate-ca
x22-0059,1,cloudflare,POST,/accounts/{account_id}/access/apps/{app_id}/ca,access-short-lived-certificate-c-as-create-a-short-lived-certificate-ca
x22-0060,1,cloudflare,DELETE,/accounts/{account_id}/access/apps/{app_id}/ca,access-short-lived-certificate-c-as-delete-a-short-lived-certificate-ca
x22-0061,1,cloudflare,GET,/accounts/{account_id}/access/apps/{app_id}/policies,access-policies-list-access-app-policies
x22-0062,10,cloudflare,POST,/accounts/{account_id}/access/apps/{app_id}/policies,access-policies-create-an-access-policy
x22-0063,6,cloudflare,GET,/accounts/{account_id}/access/apps/{app_id}/policies/{policy_id},access-policies-get-an-access-policy
x22-0064,6,cloudflare,PUT,/accounts/{account_id}/access/apps/{app_id}/policies/{policy_id},access-policies-update-an-access-policy
x22-0065,1,cloudflare,DELETE,/accounts/{account_id}/access/apps/{app_id}/policies/{policy_id},access-policies-delete-an-access-policy
x22-0066,7,cloudflare,PUT,/accounts/{account_id}/access/apps/{app_id}/policies/{policy_id}/make_reusable,access-policies-convert-reusable
x22-0067,6,cloudflare,POST,/accounts/{account_id}/access/apps/{app_id}/revoke_tokens,access-applications-revoke-service-tokens
x22-0068,7,cloudflare,PUT,/accounts/{account_id}/access/apps/{app_id}/settings,access-applications-put-update-access-application-settings
x22-0069,8,cloudflare,PATCH,/accounts/{account_id}/access/apps/{app_id}/settings,access-applications-patch-update-access-application-settings
x22-0070,5,cloudflare,GET,/accounts/{account_id}/access/apps/{app_id}/user_policy_checks,access-applications-test-access-policies
x22-0071,6,cloudflare,GET,/accounts/{account_id}/access/authenticator_device_aaguids,access-authenticator-device-aaguids-list
x22-0072,4,cloudflare,GET,/accounts/{account_id}/access/bookmarks,access-bookmark-applications-(-deprecated)-list-bookmark-applications
x22-0073,7,cloudflare,GET,/accounts/{account_id}/access/bookmarks/{bookmark_id},access-bookmark-applications-(-deprecated)-get-a-bookmark-application
x22-0074,5,cloudflare,POST,/accounts/{account_id}/access/bookmarks/{bookmark_id},access-bookmark-applications-(-deprecated)-create-a-bookmark-application
x22-0075,4,cloudflare,PUT,/accounts/{account_id}/access/bookmarks/{bookmark_id},access-bookmark-applications-(-deprecated)-update-a-bookmark-application
x22-0076,4,cloudflare,DELETE,/accounts/{account_id}/access/bookmarks/{bookmark_id},access-bookmark-applications-(-deprecated)-delete-a-bookmark-application
x22-0077,8,cloudflare,GET,/accounts/{account_id}/access/certificates,access-mtls-authentication-list-mtls-certificates
x22-0078,5,cloudflare,POST,/accounts/{account_id}/access/certificates,access-mtls-authentication-add-an-mtls-certificate
x22-0079,9,cloudflare,GET,/accounts/{account_id}/access/certificates/settings,access-mtls-authentication-list-mtls-certificates-hostname-settings
x22-0080,8,cloudflare,PUT,/accounts/{account_id}/access/certificates/settings,access-mtls-authentication-update-an-mtls-certificate-settings
x22-0081,5,cloudflare,GET,/accounts/{account_id}/access/certificates/{certificate_id},access-mtls-authentication-get-an-mtls-certificate
x22-0082,10,cloudflare,PUT,/accounts/{account_id}/access/certificates/{certificate_id},access-mtls-authentication-update-an-mtls-certificate
x22-0083,3,cloudflare,DELETE,/accounts/{account_id}/access/certificates/{certificate_id},access-mtls-authentication-delete-an-mtls-certificate
x22-0084,9,cloudflare,GET,/accounts/{account_id}/access/custom_pages,access-custom-pages-list-custom-pages
x22-0085,8,cloudflare,POST,/accounts/{account_id}/access/custom_pages,access-custom-pages-create-a-custom-page
x22-0086,8,cloudflare,POST,/accounts/{account_id}/access/custom_pages/validate,access-custom-pages-validate-a-custom-page-template
x22-0087,3,cloudflare,GET,/accounts/{account_id}/access/custom_pages/{custom_page_id},access-custom-pages-get-a-custom-page
x22-0088,8,cloudflare,PUT,/accounts/{account_id}/access/custom_pages/{custom_page_id},access-custom-pages-update-a-custom-page
x22-0089,7,cloudflare,DELETE,/accounts/{account_id}/access/custom_pages/{custom_page_id},access-custom-pages-delete-a-custom-page
x22-0090,9,cloudflare,GET,/accounts/{account_id}/access/gateway_ca,access-gateway-ca-list-SSH-ca
x22-0091,10,cloudflare,POST,/accounts/{account_id}/access/gateway_ca,access-gateway-ca-add-an-SSH-ca
x22-0092,10,cloudflare,DELETE,/accounts/{account_id}/access/gateway_ca/{certificate_id},access-gateway-ca-delete-an-SSH-ca
x22-0093,2,cloudflare,GET,/accounts/{account_id}/access/groups,access-groups-list-access-groups
x22-0094,8,cloudflare,POST,/accounts/{account_id}/access/groups,access-groups-create-an-access-group
x22-0095,1,cloudflare,GET,/accounts/{account_id}/access/groups/{group_id},access-groups-get-an-access-group
x22-0096,4,cloudflare,PUT,/accounts/{account_id}/access/groups/{group_id},access-groups-update-an-access-group
x22-0097,3,cloudflare,DELETE,/accounts/{account_id}/access/groups/{group_id},access-groups-delete-an-access-group
x22-0098,1,cloudflare,GET,/accounts/{account_id}/access/identity_providers,access-identity-providers-list-access-identity-providers
x22-0099,10,cloudflare,POST,/accounts/{account_id}/access/identity_providers,access-identity-providers-add-an-access-identity-provider
x22-0100,3,cloudflare,GET,/accounts/{account_id}/access/identity_providers/{identity_provider_id},access-identity-providers-get-an-access-identity-provider
x22-0101,9,cloudflare,PUT,/accounts/{account_id}/access/identity_providers/{identity_provider_id},access-identity-providers-update-an-access-identity-provider
x22-0102,4,cloudflare,DELETE,/accounts/{account_id}/access/identity_providers/{identity_provider_id},access-identity-providers-delete-an-access-identity-provider
x22-0103,10,cloudflare,POST,/accounts/{account_id}/access/identity_providers/{identity_provider_id}/saml_certificate,access-identity-providers-create-saml-certificate-for-identity-provider
x22-0104,8,cloudflare,GET,/accounts/{account_id}/access/identity_providers/{identity_provider_id}/scim/groups,access-identity-providers-list-scim-group-resources
x22-0105,1,cloudflare,GET,/accounts/{account_id}/access/identity_providers/{identity_provider_id}/scim/users,access-identity-providers-list-scim-user-resources
x22-0106,4,cloudflare,GET,/accounts/{account_id}/access/idp_federation_grants,access-idp-federation-grants-list
x22-0107,1,cloudflare,POST,/accounts/{account_id}/access/idp_federation_grants,access-idp-federation-grants-create
x22-0108,9,cloudflare,GET,/accounts/{account_id}/access/idp_federation_grants/{grant_id},access-idp-federation-grants-get
x22-0109,6,cloudflare,DELETE,/accounts/{account_id}/access/idp_federation_grants/{grant_id},access-idp-federation-grants-delete
x22-0110,4,cloudflare,GET,/accounts/{account_id}/access/keys,access-key-configuration-get-the-access-key-configuration
x22-0111,2,cloudflare,PUT,/accounts/{account_id}/access/keys,access-key-configuration-update-the-access-key-configuration
x22-0112,7,cloudflare,POST,/accounts/{account_id}/access/keys/rotate,access-key-configuration-rotate-access-keys
x22-0113,6,cloudflare,GET,/accounts/{account_id}/access/logs/access_requests,access-authentication-logs-get-access-authentication-logs
x22-0114,5,cloudflare,GET,/accounts/{account_id}/access/logs/jit_requests,access-jit-request-logs-list
x22-0115,6,cloudflare,GET,/accounts/{account_id}/access/logs/jit_requests/{knock_request_id},access-jit-request-logs-get
x22-0116,7,cloudflare,GET,/accounts/{account_id}/access/logs/scim/updates,access-scim-update-logs-list-access-scim-update-logs
x22-0117,10,cloudflare,GET,/accounts/{account_id}/access/organizations,zero-trust-organization-get-your-zero-trust-organization
x22-0118,3,cloudflare,POST,/accounts/{account_id}/access/organizations,zero-trust-organization-create-your-zero-trust-organization
x22-0119,7,cloudflare,PUT,/accounts/{account_id}/access/organizations,zero-trust-organization-update-your-zero-trust-organization
x22-0120,7,cloudflare,GET,/accounts/{account_id}/access/organizations/doh,zero-trust-organization-get-your-zero-trust-organization-doh-settings
x22-0121,4,cloudflare,PUT,/accounts/{account_id}/access/organizations/doh,zero-trust-organization-update-your-zero-trust-organization-doh-settings
x22-0122,4,cloudflare,POST,/accounts/{account_id}/access/organizations/revoke_user,zero-trust-organization-revoke-all-access-tokens-for-a-user
x22-0123,3,cloudflare,GET,/accounts/{account_id}/access/policies,access-policies-list-access-reusable-policies
x22-0124,1,cloudflare,POST,/accounts/{account_id}/access/policies,access-policies-create-an-access-reusable-policy
x22-0125,9,cloudflare,GET,/accounts/{account_id}/access/policies/{policy_id},access-policies-get-an-access-reusable-policy
x22-0126,1,cloudflare,PUT,/accounts/{account_id}/access/policies/{policy_id},access-policies-update-an-access-reusable-policy
x22-0127,3,cloudflare,DELETE,/accounts/{account_id}/access/policies/{policy_id},access-policies-delete-an-access-reusable-policy
x22-0128,6,cloudflare,POST,/accounts/{account_id}/access/policy-tests,access-policy-tests
x22-0129,4,cloudflare,GET,/accounts/{account_id}/access/policy-tests/{policy_test_id},access-policy-tests-get-an-update
x22-0130,9,cloudflare,GET,/accounts/{account_id}/access/policy-tests/{policy_test_id}/users,access-policy-tests-get-a-user-page
x22-0131,7,cloudflare,GET,/accounts/{account_id}/access/saml_certificates,access-saml-certificates-list-certificate-sets
x22-0132,4,cloudflare,GET,/accounts/{account_id}/access/saml_certificates/{saml_cert_set_id},access-saml-certificates-get-certificate-set
x22-0133,10,cloudflare,GET,/accounts/{account_id}/access/saml_certificates/{saml_cert_set_id}/pem,access-saml-certificates-get-pem
x22-0134,3,cloudflare,POST,/accounts/{account_id}/access/saml_certificates/{saml_cert_set_id}/rotate,access-saml-certificates-rotate-certificate
x22-0135,2,cloudflare,PATCH,/accounts/{account_id}/access/seats,zero-trust-seats-update-a-user-seat
x22-0136,6,cloudflare,GET,/accounts/{account_id}/access/service_tokens,access-service-tokens-list-service-tokens
x22-0137,2,cloudflare,POST,/accounts/{account_id}/access/service_tokens,access-service-tokens-create-a-service-token
x22-0138,3,cloudflare,GET,/accounts/{account_id}/access/service_tokens/{service_token_id},access-service-tokens-get-a-service-token
x22-0139,8,cloudflare,PUT,/accounts/{account_id}/access/service_tokens/{service_token_id},access-service-tokens-update-a-service-token
x22-0140,9,cloudflare,DELETE,/accounts/{account_id}/access/service_tokens/{service_token_id},access-service-tokens-delete-a-service-token
x22-0141,7,cloudflare,POST,/accounts/{account_id}/access/service_tokens/{service_token_id}/refresh,access-service-tokens-refresh-a-service-token
x22-0142,3,cloudflare,POST,/accounts/{account_id}/access/service_tokens/{service_token_id}/rotate,access-service-tokens-rotate-a-service-token
x22-0143,2,cloudflare,GET,/accounts/{account_id}/access/tags,access-tags-list-tags
x22-0144,2,cloudflare,POST,/accounts/{account_id}/access/tags,access-tags-create-tag
x22-0145,5,cloudflare,GET,/accounts/{account_id}/access/tags/{tag_name},access-tags-get-a-tag
x22-0146,6,cloudflare,PUT,/accounts/{account_id}/access/tags/{tag_name},access-tags-update-a-tag
x22-0147,10,cloudflare,DELETE,/accounts/{account_id}/access/tags/{tag_name},access-tags-delete-a-tag
x22-0148,7,cloudflare,GET,/accounts/{account_id}/access/users,zero-trust-users-get-users
x22-0149,7,cloudflare,POST,/accounts/{account_id}/access/users,zero-trust-users-create-user
x22-0150,5,cloudflare,GET,/accounts/{account_id}/access/users/{user_id},zero-trust-users-get-user
x22-0151,7,cloudflare,PUT,/accounts/{account_id}/access/users/{user_id},zero-trust-users-update-user
x22-0152,8,cloudflare,DELETE,/accounts/{account_id}/access/users/{user_id},zero-trust-users-delete-user
x22-0153,2,cloudflare,GET,/accounts/{account_id}/access/users/{user_id}/active_sessions,zero-trust-users-get-active-sessions
x22-0154,10,cloudflare,GET,/accounts/{account_id}/access/users/{user_id}/active_sessions/{nonce},zero-trust-users-get-active-session
x22-0155,8,cloudflare,GET,/accounts/{account_id}/access/users/{user_id}/failed_logins,zero-trust-users-get-failed-logins
x22-0156,1,cloudflare,GET,/accounts/{account_id}/access/users/{user_id}/last_seen_identity,zero-trust-users-get-last-seen-identity
x22-0157,5,cloudflare,DELETE,/accounts/{account_id}/access/users/{user_id}/mfa_authenticators/{authenticator_id},zero-trust-users-delete-mfa-authenticator
x22-0158,10,cloudflare,GET,/accounts/{account_id}/addressing/address_maps,ip-address-management-address-maps-list-address-maps
x22-0159,2,cloudflare,POST,/accounts/{account_id}/addressing/address_maps,ip-address-management-address-maps-create-address-map
x22-0160,2,cloudflare,GET,/accounts/{account_id}/addressing/address_maps/{address_map_id},ip-address-management-address-maps-address-map-details
x22-0161,5,cloudflare,DELETE,/accounts/{account_id}/addressing/address_maps/{address_map_id},ip-address-management-address-maps-delete-address-map
x22-0162,2,cloudflare,PATCH,/accounts/{account_id}/addressing/address_maps/{address_map_id},ip-address-management-address-maps-update-address-map
x22-0163,8,cloudflare,PUT,/accounts/{account_id}/addressing/address_maps/{address_map_id}/accounts/{member_account_id},ip-address-management-address-maps-add-an-account-membership-to-an-address-map
x22-0164,5,cloudflare,DELETE,/accounts/{account_id}/addressing/address_maps/{address_map_id}/accounts/{member_account_id},ip-address-management-address-maps-remove-an-account-membership-from-an-address-map
x22-0165,5,cloudflare,PUT,/accounts/{account_id}/addressing/address_maps/{address_map_id}/ips/{ip_address},ip-address-management-address-maps-add-an-ip-to-an-address-map
x22-0166,1,cloudflare,DELETE,/accounts/{account_id}/addressing/address_maps/{address_map_id}/ips/{ip_address},ip-address-management-address-maps-remove-an-ip-from-an-address-map
x22-0167,7,cloudflare,PUT,/accounts/{account_id}/addressing/address_maps/{address_map_id}/zones/{zone_id},ip-address-management-address-maps-add-a-zone-membership-to-an-address-map
x22-0168,4,cloudflare,DELETE,/accounts/{account_id}/addressing/address_maps/{address_map_id}/zones/{zone_id},ip-address-management-address-maps-remove-a-zone-membership-from-an-address-map
x22-0169,7,cloudflare,GET,/accounts/{account_id}/addressing/leases,ip-address-management-list-leases
x22-0170,1,cloudflare,POST,/accounts/{account_id}/addressing/loa_documents,ip-address-management-prefixes-upload-loa-document
x22-0171,5,cloudflare,GET,/accounts/{account_id}/addressing/loa_documents/{loa_document_id}/download,ip-address-management-prefixes-download-loa-document
x22-0172,5,cloudflare,GET,/accounts/{account_id}/addressing/prefixes,ip-address-management-prefixes-list-prefixes
x22-0173,2,cloudflare,POST,/accounts/{account_id}/addressing/prefixes,ip-address-management-prefixes-add-prefix
x22-0174,7,cloudflare,GET,/accounts/{account_id}/addressing/prefixes/{prefix_id},ip-address-management-prefixes-prefix-details
x22-0175,10,cloudflare,DELETE,/accounts/{account_id}/addressing/prefixes/{prefix_id},ip-address-management-prefixes-delete-prefix
x22-0176,2,cloudflare,PATCH,/accounts/{account_id}/addressing/prefixes/{prefix_id},ip-address-management-prefixes-update-prefix-description
x22-0177,10,cloudflare,GET,/accounts/{account_id}/addressing/prefixes/{prefix_id}/bgp/prefixes,ip-address-management-prefixes-list-bgp-prefixes
x22-0178,5,cloudflare,POST,/accounts/{account_id}/addressing/prefixes/{prefix_id}/bgp/prefixes,ip-address-management-prefixes-create-bgp-prefix
x22-0179,2,cloudflare,GET,/accounts/{account_id}/addressing/prefixes/{prefix_id}/bgp/prefixes/{bgp_prefix_id},ip-address-management-prefixes-fetch-bgp-prefix
x22-0180,8,cloudflare,DELETE,/accounts/{account_id}/addressing/prefixes/{prefix_id}/bgp/prefixes/{bgp_prefix_id},ip-address-management-prefixes-delete-bgp-prefix
x22-0181,9,cloudflare,PATCH,/accounts/{account_id}/addressing/prefixes/{prefix_id}/bgp/prefixes/{bgp_prefix_id},ip-address-management-prefixes-update-bgp-prefix
x22-0182,4,cloudflare,GET,/accounts/{account_id}/addressing/prefixes/{prefix_id}/bgp/status,ip-address-management-dynamic-advertisement-get-advertisement-status
x22-0183,5,cloudflare,PATCH,/accounts/{account_id}/addressing/prefixes/{prefix_id}/bgp/status,ip-address-management-dynamic-advertisement-update-prefix-dynamic-advertisement-status
x22-0184,6,cloudflare,GET,/accounts/{account_id}/addressing/prefixes/{prefix_id}/bindings,ip-address-management-service-bindings-list-service-bindings
x22-0185,7,cloudflare,POST,/accounts/{account_id}/addressing/prefixes/{prefix_id}/bindings,ip-address-management-service-bindings-create-service-binding
x22-0186,10,cloudflare,GET,/accounts/{account_id}/addressing/prefixes/{prefix_id}/bindings/{binding_id},ip-address-management-service-bindings-get-service-binding
x22-0187,7,cloudflare,DELETE,/accounts/{account_id}/addressing/prefixes/{prefix_id}/bindings/{binding_id},ip-address-management-service-bindings-delete-service-binding
x22-0188,1,cloudflare,GET,/accounts/{account_id}/addressing/prefixes/{prefix_id}/delegations,ip-address-management-prefix-delegation-list-prefix-delegations
x22-0189,7,cloudflare,POST,/accounts/{account_id}/addressing/prefixes/{prefix_id}/delegations,ip-address-management-prefix-delegation-create-prefix-delegation
x22-0190,10,cloudflare,DELETE,/accounts/{account_id}/addressing/prefixes/{prefix_id}/delegations/{delegation_id},ip-address-management-prefix-delegation-delete-prefix-delegation
x22-0191,1,cloudflare,POST,/accounts/{account_id}/addressing/prefixes/{prefix_id}/validate,ip-address-management-prefixes-validate-prefix
x22-0192,1,cloudflare,GET,/accounts/{account_id}/addressing/regional_hostnames/regions,dls-account-regional-hostnames-list-regions
x22-0193,10,cloudflare,GET,/accounts/{account_id}/addressing/services,ip-address-management-service-bindings-list-services
x22-0194,4,cloudflare,GET,/accounts/{account_id}/agent-memory/namespaces,agent-memory-namespace-list
x22-0195,9,cloudflare,POST,/accounts/{account_id}/agent-memory/namespaces,agent-memory-namespace-create
x22-0196,5,cloudflare,GET,/accounts/{account_id}/agent-memory/namespaces/{namespace_name},agent-memory-namespace-get
x22-0197,9,cloudflare,DELETE,/accounts/{account_id}/agent-memory/namespaces/{namespace_name},agent-memory-namespace-delete
x22-0198,7,cloudflare,GET,/accounts/{account_id}/agent-memory/namespaces/{namespace_name}/profiles,agent-memory-profile-list
x22-0199,1,cloudflare,DELETE,/accounts/{account_id}/agent-memory/namespaces/{namespace_name}/profiles/{profile_name},agent-memory-profile-delete
x22-0200,10,cloudflare,POST,/accounts/{account_id}/agent-memory/namespaces/{namespace_name}/profiles/{profile_name}/ingest,agent-memory-ingest
x22-0201,1,cloudflare,GET,/accounts/{account_id}/agent-memory/namespaces/{namespace_name}/profiles/{profile_name}/memories,agent-memory-memory-list
x22-0202,8,cloudflare,GET,/accounts/{account_id}/agent-memory/namespaces/{namespace_name}/profiles/{profile_name}/memories/{memory_id},agent-memory-memory-get
x22-0203,5,cloudflare,DELETE,/accounts/{account_id}/agent-memory/namespaces/{namespace_name}/profiles/{profile_name}/memories/{memory_id},agent-memory-memory-delete
x22-0204,4,cloudflare,POST,/accounts/{account_id}/agent-memory/namespaces/{namespace_name}/profiles/{profile_name}/recall,agent-memory-recall
x22-0205,1,cloudflare,POST,/accounts/{account_id}/agent-memory/namespaces/{namespace_name}/profiles/{profile_name}/remember,agent-memory-remember
x22-0206,4,cloudflare,DELETE,/accounts/{account_id}/agent-memory/namespaces/{namespace_name}/profiles/{profile_name}/sessions/{session_id},agent-memory-session-delete
x22-0207,9,cloudflare,POST,/accounts/{account_id}/agent-memory/namespaces/{namespace_name}/profiles/{profile_name}/summary,agent-memory-summary
x22-0208,8,cloudflare,GET,/accounts/{account_id}/ai-gateway/billing/credit-balance,aig-billing-get-credit-balance
x22-0209,2,cloudflare,GET,/accounts/{account_id}/ai-gateway/billing/invoice-history,aig-billing-get-invoice-history
x22-0210,8,cloudflare,GET,/accounts/{account_id}/ai-gateway/billing/invoice-preview,aig-billing-get-invoice-preview
x22-0211,1,cloudflare,GET,/accounts/{account_id}/ai-gateway/billing/spending-limit,aig-billing-get-spending-limit
x22-0212,3,cloudflare,POST,/accounts/{account_id}/ai-gateway/billing/spending-limit,aig-billing-set-spending-limit
x22-0213,6,cloudflare,DELETE,/accounts/{account_id}/ai-gateway/billing/spending-limit,aig-billing-delete-spending-limit
x22-0214,4,cloudflare,POST,/accounts/{account_id}/ai-gateway/billing/topup,aig-billing-create-topup
x22-0215,9,cloudflare,GET,/accounts/{account_id}/ai-gateway/billing/topup/config,aig-billing-get-topup-config
x22-0216,7,cloudflare,POST,/accounts/{account_id}/ai-gateway/billing/topup/config,aig-billing-set-topup-config
x22-0217,8,cloudflare,DELETE,/accounts/{account_id}/ai-gateway/billing/topup/config,aig-billing-delete-topup-config
x22-0218,7,cloudflare,POST,/accounts/{account_id}/ai-gateway/billing/topup/eligibility,aig-billing-topup-eligibility
x22-0219,3,cloudflare,GET,/accounts/{account_id}/ai-gateway/billing/topup/limits,aig-billing-get-topup-limits
x22-0220,9,cloudflare,POST,/accounts/{account_id}/ai-gateway/billing/topup/status,aig-billing-check-topup-status
x22-0221,6,cloudflare,GET,/accounts/{account_id}/ai-gateway/billing/usage-history,aig-billing-get-usage-history
x22-0222,7,cloudflare,GET,/accounts/{account_id}/ai-gateway/custom-providers,aig-config-list-account-provider
x22-0223,8,cloudflare,POST,/accounts/{account_id}/ai-gateway/custom-providers,aig-config-create-account-provider
x22-0224,2,cloudflare,GET,/accounts/{account_id}/ai-gateway/custom-providers/costs,aig-config-list-account-provider-cost
x22-0225,2,cloudflare,POST,/accounts/{account_id}/ai-gateway/custom-providers/costs,aig-config-create-account-provider-cost
x22-0226,2,cloudflare,GET,/accounts/{account_id}/ai-gateway/custom-providers/costs/{id},aig-config-fetch-account-provider-cost
x22-0227,1,cloudflare,DELETE,/accounts/{account_id}/ai-gateway/custom-providers/costs/{id},aig-config-delete-account-provider-cost
x22-0228,6,cloudflare,PATCH,/accounts/{account_id}/ai-gateway/custom-providers/costs/{id},aig-config-update-account-provider-cost
x22-0229,2,cloudflare,GET,/accounts/{account_id}/ai-gateway/custom-providers/{id},aig-config-fetch-account-provider
x22-0230,8,cloudflare,DELETE,/accounts/{account_id}/ai-gateway/custom-providers/{id},aig-config-delete-account-provider
x22-0231,6,cloudflare,PATCH,/accounts/{account_id}/ai-gateway/custom-providers/{id},aig-config-update-account-provider
x22-0232,7,cloudflare,GET,/accounts/{account_id}/ai-gateway/evaluation-types,aig-config-list-evaluators
x22-0233,1,cloudflare,GET,/accounts/{account_id}/ai-gateway/gateways,aig-config-list-gateway
x22-0234,6,cloudflare,POST,/accounts/{account_id}/ai-gateway/gateways,aig-config-create-gateway
x22-0235,3,cloudflare,GET,/accounts/{account_id}/ai-gateway/gateways/{gateway_id}/custom-domains,aig-config-list-custom-domain
x22-0236,8,cloudflare,POST,/accounts/{account_id}/ai-gateway/gateways/{gateway_id}/custom-domains,aig-config-create-custom-domain
x22-0237,10,cloudflare,GET,/accounts/{account_id}/ai-gateway/gateways/{gateway_id}/custom-domains/{hostname},aig-config-fetch-custom-domain
x22-0238,8,cloudflare,DELETE,/accounts/{account_id}/ai-gateway/gateways/{gateway_id}/custom-domains/{hostname},aig-config-delete-custom-domain
x22-0239,6,cloudflare,GET,/accounts/{account_id}/ai-gateway/gateways/{gateway_id}/datasets,aig-config-list-dataset
x22-0240,1,cloudflare,POST,/accounts/{account_id}/ai-gateway/gateways/{gateway_id}/datasets,aig-config-create-dataset
x22-0241,1,cloudflare,GET,/accounts/{account_id}/ai-gateway/gateways/{gateway_id}/datasets/{id},aig-config-fetch-dataset
x22-0242,6,cloudflare,PUT,/accounts/{account_id}/ai-gateway/gateways/{gateway_id}/datasets/{id},aig-config-update-dataset
x22-0243,10,cloudflare,DELETE,/accounts/{account_id}/ai-gateway/gateways/{gateway_id}/datasets/{id},aig-config-delete-dataset
x22-0244,10,cloudflare,GET,/accounts/{account_id}/ai-gateway/gateways/{gateway_id}/evaluations,aig-config-list-evaluations
x22-0245,2,cloudflare,POST,/accounts/{account_id}/ai-gateway/gateways/{gateway_id}/evaluations,aig-config-create-evaluations
x22-0246,1,cloudflare,GET,/accounts/{account_id}/ai-gateway/gateways/{gateway_id}/evaluations/{id},aig-config-fetch-evaluations
x22-0247,4,cloudflare,DELETE,/accounts/{account_id}/ai-gateway/gateways/{gateway_id}/evaluations/{id},aig-config-delete-evaluations
x22-0248,6,cloudflare,GET,/accounts/{account_id}/ai-gateway/gateways/{gateway_id}/logs,aig-config-list-gateway-logs
x22-0249,3,cloudflare,DELETE,/accounts/{account_id}/ai-gateway/gateways/{gateway_id}/logs,aig-config-delete-gateway-logs
x22-0250,3,cloudflare,GET,/accounts/{account_id}/ai-gateway/gateways/{gateway_id}/logs/{id},aig-config-get-gateway-log-detail
x22-0251,3,cloudflare,PATCH,/accounts/{account_id}/ai-gateway/gateways/{gateway_id}/logs/{id},aig-config-patch-gateway-log
x22-0252,8,cloudflare,GET,/accounts/{account_id}/ai-gateway/gateways/{gateway_id}/logs/{id}/request,aig-config-get-gateway-log-request
x22-0253,5,cloudflare,GET,/accounts/{account_id}/ai-gateway/gateways/{gateway_id}/logs/{id}/response,aig-config-get-gateway-log-response
x22-0254,3,cloudflare,GET,/accounts/{account_id}/ai-gateway/gateways/{gateway_id}/provider_configs,aig-config-list-providers
x22-0255,8,cloudflare,POST,/accounts/{account_id}/ai-gateway/gateways/{gateway_id}/provider_configs,aig-config-create-providers
x22-0256,6,cloudflare,PUT,/accounts/{account_id}/ai-gateway/gateways/{gateway_id}/provider_configs/{id},aig-config-update-providers
x22-0257,8,cloudflare,DELETE,/accounts/{account_id}/ai-gateway/gateways/{gateway_id}/provider_configs/{id},aig-config-delete-providers
x22-0258,9,cloudflare,GET,/accounts/{account_id}/ai-gateway/gateways/{gateway_id}/routes,aig-config-list-gateway-dynamic-routes
x22-0259,5,cloudflare,POST,/accounts/{account_id}/ai-gateway/gateways/{gateway_id}/routes,aig-config-post-gateway-dynamic-route
x22-0260,1,cloudflare,GET,/accounts/{account_id}/ai-gateway/gateways/{gateway_id}/routes/{id},aig-config-get-gateway-dynamic-route
x22-0261,7,cloudflare,DELETE,/accounts/{account_id}/ai-gateway/gateways/{gateway_id}/routes/{id},aig-config-delete-gateway-dynamic-route
x22-0262,3,cloudflare,PATCH,/accounts/{account_id}/ai-gateway/gateways/{gateway_id}/routes/{id},aig-config-update-gateway-dynamic-route
x22-0263,1,cloudflare,GET,/accounts/{account_id}/ai-gateway/gateways/{gateway_id}/routes/{id}/deployments,aig-config-list-gateway-dynamic-route-deployments
x22-0264,8,cloudflare,POST,/accounts/{account_id}/ai-gateway/gateways/{gateway_id}/routes/{id}/deployments,aig-config-post-gateway-dynamic-route-deployment
x22-0265,4,cloudflare,GET,/accounts/{account_id}/ai-gateway/gateways/{gateway_id}/routes/{id}/versions,aig-config-list-gateway-dynamic-route-versions
x22-0266,4,cloudflare,POST,/accounts/{account_id}/ai-gateway/gateways/{gateway_id}/routes/{id}/versions,aig-config-post-gateway-dynamic-route-version
x22-0267,8,cloudflare,GET,/accounts/{account_id}/ai-gateway/gateways/{gateway_id}/routes/{id}/versions/{version_id},aig-config-get-gateway-dynamic-route-version
x22-0268,2,cloudflare,GET,/accounts/{account_id}/ai-gateway/gateways/{gateway_id}/url/{provider},aig-config-get-gateway-url
x22-0269,8,cloudflare,GET,/accounts/{account_id}/ai-gateway/gateways/{id},aig-config-fetch-gateway
x22-0270,4,cloudflare,PUT,/accounts/{account_id}/ai-gateway/gateways/{id},aig-config-update-gateway
x22-0271,3,cloudflare,DELETE,/accounts/{account_id}/ai-gateway/gateways/{id},aig-config-delete-gateway
x22-0272,10,cloudflare,GET,/accounts/{account_id}/ai-gateway/logging-state,aig-config-get-logging-state
x22-0273,8,cloudflare,PATCH,/accounts/{account_id}/ai-gateway/logging-state,aig-config-patch-logging-state
x22-0274,1,cloudflare,GET,/accounts/{account_id}/ai-search/instances,ai-search-list-instances
x22-0275,6,cloudflare,POST,/accounts/{account_id}/ai-search/instances,ai-search-create-instance
x22-0276,7,cloudflare,GET,/accounts/{account_id}/ai-search/instances/{id},ai-search-fetch-instance
x22-0277,5,cloudflare,PUT,/accounts/{account_id}/ai-search/instances/{id},ai-search-update-instance
x22-0278,4,cloudflare,DELETE,/accounts/{account_id}/ai-search/instances/{id},ai-search-delete-instance
x22-0279,3,cloudflare,POST,/accounts/{account_id}/ai-search/instances/{id}/chat/completions,ai-search-instance-chat-completion
x22-0280,2,cloudflare,GET,/accounts/{account_id}/ai-search/instances/{id}/jobs,ai-search-instance-list-jobs
x22-0281,2,cloudflare,POST,/accounts/{account_id}/ai-search/instances/{id}/jobs,ai-search-instance-create-job
x22-0282,5,cloudflare,GET,/accounts/{account_id}/ai-search/instances/{id}/jobs/{job_id},ai-search-instance-get-job
x22-0283,10,cloudflare,PATCH,/accounts/{account_id}/ai-search/instances/{id}/jobs/{job_id},ai-search-instance-change-job-status
x22-0284,4,cloudflare,GET,/accounts/{account_id}/ai-search/instances/{id}/jobs/{job_id}/logs,ai-search-instance-list-job-logs
x22-0285,1,cloudflare,POST,/accounts/{account_id}/ai-search/instances/{id}/search,ai-search-instance-search
x22-0286,1,cloudflare,GET,/accounts/{account_id}/ai-search/instances/{id}/stats,ai-search-stats
x22-0287,4,cloudflare,GET,/accounts/{account_id}/ai-search/namespaces,ai-search-list-namespaces
x22-0288,3,cloudflare,POST,/accounts/{account_id}/ai-search/namespaces,ai-search-create-namespace
x22-0289,3,cloudflare,GET,/accounts/{account_id}/ai-search/namespaces/{name},ai-search-fetch-namespace
x22-0290,8,cloudflare,PUT,/accounts/{account_id}/ai-search/namespaces/{name},ai-search-update-namespace
x22-0291,3,cloudflare,DELETE,/accounts/{account_id}/ai-search/namespaces/{name},ai-search-delete-namespace
x22-0292,7,cloudflare,POST,/accounts/{account_id}/ai-search/namespaces/{name}/chat/completions,ai-search-namespace-multi-instance-chat-completion
x22-0293,4,cloudflare,GET,/accounts/{account_id}/ai-search/namespaces/{name}/instances,ai-search-namespace-list-instances
x22-0294,1,cloudflare,POST,/accounts/{account_id}/ai-search/namespaces/{name}/instances,ai-search-namespace-create-instance
x22-0295,6,cloudflare,GET,/accounts/{account_id}/ai-search/namespaces/{name}/instances/{id},ai-search-namespace-fetch-instance
x22-0296,6,cloudflare,PUT,/accounts/{account_id}/ai-search/namespaces/{name}/instances/{id},ai-search-namespace-update-instance
x22-0297,8,cloudflare,DELETE,/accounts/{account_id}/ai-search/namespaces/{name}/instances/{id},ai-search-namespace-delete-instance
x22-0298,6,cloudflare,PATCH,/accounts/{account_id}/ai-search/namespaces/{name}/instances/{id},ai-search-move-instance
x22-0299,8,cloudflare,POST,/accounts/{account_id}/ai-search/namespaces/{name}/instances/{id}/chat/completions,ai-search-namespace-instance-chat-completion
x22-0300,9,cloudflare,GET,/accounts/{account_id}/ai-search/namespaces/{name}/instances/{id}/items,ai-search-namespace-instance-list-items
x22-0301,1,cloudflare,POST,/accounts/{account_id}/ai-search/namespaces/{name}/instances/{id}/items,ai-search-namespace-instance-upload-item
x22-0302,9,cloudflare,PUT,/accounts/{account_id}/ai-search/namespaces/{name}/instances/{id}/items,ai-search-namespace-instance-create-or-update-item
x22-0303,6,cloudflare,GET,/accounts/{account_id}/ai-search/namespaces/{name}/instances/{id}/items/{item_id},ai-search-namespace-instance-get-item
x22-0304,4,cloudflare,DELETE,/accounts/{account_id}/ai-search/namespaces/{name}/instances/{id}/items/{item_id},ai-search-namespace-instance-delete-item
x22-0305,2,cloudflare,PATCH,/accounts/{account_id}/ai-search/namespaces/{name}/instances/{id}/items/{item_id},ai-search-namespace-instance-sync-item
x22-0306,1,cloudflare,GET,/accounts/{account_id}/ai-search/namespaces/{name}/instances/{id}/items/{item_id}/chunks,ai-search-namespace-instance-list-item-chunks
x22-0307,3,cloudflare,GET,/accounts/{account_id}/ai-search/namespaces/{name}/instances/{id}/items/{item_id}/download,ai-search-namespace-instance-get-item-content
x22-0308,1,cloudflare,GET,/accounts/{account_id}/ai-search/namespaces/{name}/instances/{id}/items/{item_id}/logs,ai-search-namespace-instance-logs-item
x22-0309,4,cloudflare,GET,/accounts/{account_id}/ai-search/namespaces/{name}/instances/{id}/jobs,ai-search-namespace-instance-list-jobs
x22-0310,6,cloudflare,POST,/accounts/{account_id}/ai-search/namespaces/{name}/instances/{id}/jobs,ai-search-namespace-instance-create-job
x22-0311,10,cloudflare,GET,/accounts/{account_id}/ai-search/namespaces/{name}/instances/{id}/jobs/{job_id},ai-search-namespace-instance-get-job
x22-0312,3,cloudflare,PATCH,/accounts/{account_id}/ai-search/namespaces/{name}/instances/{id}/jobs/{job_id},ai-search-namespace-instance-change-job-status
x22-0313,3,cloudflare,GET,/accounts/{account_id}/ai-search/namespaces/{name}/instances/{id}/jobs/{job_id}/logs,ai-search-namespace-instance-list-job-logs
x22-0314,9,cloudflare,POST,/accounts/{account_id}/ai-search/namespaces/{name}/instances/{id}/purge_cache,ai-search-namespace-purge-instance-cache
x22-0315,4,cloudflare,POST,/accounts/{account_id}/ai-search/namespaces/{name}/instances/{id}/search,ai-search-namespace-instance-search
x22-0316,2,cloudflare,GET,/accounts/{account_id}/ai-search/namespaces/{name}/instances/{id}/stats,ai-search-namespace-stats
x22-0317,8,cloudflare,POST,/accounts/{account_id}/ai-search/namespaces/{name}/search,ai-search-namespace-multi-instance-search
x22-0318,8,cloudflare,GET,/accounts/{account_id}/ai-search/tokens,ai-search-list-tokens
x22-0319,2,cloudflare,POST,/accounts/{account_id}/ai-search/tokens,ai-search-create-tokens
x22-0320,8,cloudflare,GET,/accounts/{account_id}/ai-search/tokens/{id},ai-search-fetch-tokens
x22-0321,10,cloudflare,PUT,/accounts/{account_id}/ai-search/tokens/{id},ai-search-update-tokens
x22-0322,5,cloudflare,DELETE,/accounts/{account_id}/ai-search/tokens/{id},ai-search-delete-tokens
x22-0323,2,cloudflare,GET,/accounts/{account_id}/ai/authors/search,workers-ai-search-author
x22-0324,7,cloudflare,GET,/accounts/{account_id}/ai/finetunes,workers-ai-list-finetunes
x22-0325,2,cloudflare,POST,/accounts/{account_id}/ai/finetunes,workers-ai-create-finetune
x22-0326,7,cloudflare,GET,/accounts/{account_id}/ai/finetunes/public,workers-ai-list-public-finetunes
x22-0327,6,cloudflare,DELETE,/accounts/{account_id}/ai/finetunes/{finetune_id},workers-ai-delete-finetune
x22-0328,7,cloudflare,POST,/accounts/{account_id}/ai/finetunes/{finetune_id}/finetune-assets,workers-ai-upload-finetune-asset
x22-0329,8,cloudflare,GET,/accounts/{account_id}/ai/finetunes/{finetune_id}/finetune-assets/{file_name},workers-ai-download-finetune-asset
x22-0330,7,cloudflare,GET,/accounts/{account_id}/ai/models/schema,workers-ai-get-model-schema
x22-0331,1,cloudflare,GET,/accounts/{account_id}/ai/models/search,workers-ai-search-model
x22-0332,8,cloudflare,POST,/accounts/{account_id}/ai/run,workers-ai-post-run-generic
x22-0333,1,cloudflare,POST,/accounts/{account_id}/ai/run/{model_name},workers-ai-post-run-model
x22-0334,4,cloudflare,GET,/accounts/{account_id}/ai/tasks/search,workers-ai-search-task
x22-0335,9,cloudflare,POST,/accounts/{account_id}/ai/tomarkdown,workers-ai-post-to-markdown
x22-0336,5,cloudflare,GET,/accounts/{account_id}/ai/tomarkdown/supported,workers-ai-get-to-markdown-supported
x22-0337,3,cloudflare,GET,/accounts/{account_id}/alerting/v3/available_alerts,notification-alert-types-get-alert-types
x22-0338,8,cloudflare,GET,/accounts/{account_id}/alerting/v3/destinations/eligible,notification-mechanism-eligibility-get-delivery-mechanism-eligibility
x22-0339,6,cloudflare,GET,/accounts/{account_id}/alerting/v3/destinations/pagerduty,notification-destinations-with-pager-duty-list-pager-duty-services
x22-0340,1,cloudflare,DELETE,/accounts/{account_id}/alerting/v3/destinations/pagerduty,notification-destinations-with-pager-duty-delete-pager-duty-services
x22-0341,7,cloudflare,POST,/accounts/{account_id}/alerting/v3/destinations/pagerduty/connect,notification-destinations-with-pager-duty-connect-pager-duty
x22-0342,5,cloudflare,GET,/accounts/{account_id}/alerting/v3/destinations/pagerduty/connect/{token_id},notification-destinations-with-pager-duty-connect-pager-duty-token
x22-0343,1,cloudflare,GET,/accounts/{account_id}/alerting/v3/destinations/webhooks,notification-webhooks-list-webhooks
x22-0344,3,cloudflare,POST,/accounts/{account_id}/alerting/v3/destinations/webhooks,notification-webhooks-create-a-webhook
x22-0345,4,cloudflare,GET,/accounts/{account_id}/alerting/v3/destinations/webhooks/{webhook_id},notification-webhooks-get-a-webhook
x22-0346,9,cloudflare,PUT,/accounts/{account_id}/alerting/v3/destinations/webhooks/{webhook_id},notification-webhooks-update-a-webhook
x22-0347,9,cloudflare,DELETE,/accounts/{account_id}/alerting/v3/destinations/webhooks/{webhook_id},notification-webhooks-delete-a-webhook
x22-0348,7,cloudflare,GET,/accounts/{account_id}/alerting/v3/history,notification-history-list-history
x22-0349,2,cloudflare,GET,/accounts/{account_id}/alerting/v3/policies,notification-policies-list-notification-policies
x22-0350,5,cloudflare,POST,/accounts/{account_id}/alerting/v3/policies,notification-policies-create-a-notification-policy
x22-0351,8,cloudflare,GET,/accounts/{account_id}/alerting/v3/policies/{policy_id},notification-policies-get-a-notification-policy
x22-0352,1,cloudflare,PUT,/accounts/{account_id}/alerting/v3/policies/{policy_id},notification-policies-update-a-notification-policy
x22-0353,3,cloudflare,DELETE,/accounts/{account_id}/alerting/v3/policies/{policy_id},notification-policies-delete-a-notification-policy
x22-0354,6,cloudflare,GET,/accounts/{account_id}/alerting/v3/policies/{policy_id}/email/unsubscribe,notification-policies-show-email-unsubscribe-details
x22-0355,3,cloudflare,POST,/accounts/{account_id}/alerting/v3/policies/{policy_id}/email/unsubscribe,notification-policies-unsubscribe-email-from-notification-policy
x22-0356,4,cloudflare,POST,/accounts/{account_id}/alerting/v3/policies/{policy_id}/test,notification-policies-test-a-notification-policy
x22-0357,7,cloudflare,GET,/accounts/{account_id}/alerting/v3/silences,notification-silences-list-silences
x22-0358,9,cloudflare,POST,/accounts/{account_id}/alerting/v3/silences,notification-silences-create-silences
x22-0359,6,cloudflare,PUT,/accounts/{account_id}/alerting/v3/silences,notification-silences-update-silences
x22-0360,9,cloudflare,GET,/accounts/{account_id}/alerting/v3/silences/{silence_id},notification-silences-get-silence
x22-0361,8,cloudflare,DELETE,/accounts/{account_id}/alerting/v3/silences/{silence_id},notification-silences-delete-silences
x22-0362,2,cloudflare,POST,/accounts/{account_id}/analytics/query/data-security/content-findings/top-n,data-security-content-findings-top-n
x22-0363,2,cloudflare,POST,/accounts/{account_id}/analytics/query/data-security/findings/summary,data-security-findings-summary
x22-0364,7,cloudflare,POST,/accounts/{account_id}/analytics/query/data-security/findings/timeseries,data-security-findings-timeseries
x22-0365,2,cloudflare,POST,/accounts/{account_id}/analytics/query/{dataset}/summary,art-analytics-query-summary
x22-0366,9,cloudflare,POST,/accounts/{account_id}/analytics/query/{dataset}/timeseries,art-analytics-query-timeseries
x22-0367,6,cloudflare,POST,/accounts/{account_id}/analytics/query/{dataset}/top-n,art-analytics-query-top-n
x22-0368,10,cloudflare,GET,/accounts/{account_id}/analytics_engine/sql,analytics-engine-sql-query-get
x22-0369,2,cloudflare,POST,/accounts/{account_id}/analytics_engine/sql,analytics-engine-sql-query-post
x22-0370,6,cloudflare,GET,/accounts/{account_id}/artifacts/namespaces,artifacts_namespaces_list
x22-0371,4,cloudflare,POST,/accounts/{account_id}/artifacts/namespaces,artifacts_namespaces_create
x22-0372,5,cloudflare,GET,/accounts/{account_id}/artifacts/namespaces/{namespace},artifacts_namespaces_get
x22-0373,1,cloudflare,DELETE,/accounts/{account_id}/artifacts/namespaces/{namespace},artifacts_namespaces_delete
x22-0374,2,cloudflare,GET,/accounts/{account_id}/artifacts/namespaces/{namespace}/repos,artifacts_repos_list
x22-0375,5,cloudflare,POST,/accounts/{account_id}/artifacts/namespaces/{namespace}/repos,artifacts_repos_create
x22-0376,10,cloudflare,GET,/accounts/{account_id}/artifacts/namespaces/{namespace}/repos/{name},artifacts_repos_get
x22-0377,6,cloudflare,DELETE,/accounts/{account_id}/artifacts/namespaces/{namespace}/repos/{name},artifacts_repos_delete
x22-0378,7,cloudflare,GET,/accounts/{account_id}/artifacts/namespaces/{namespace}/repos/{name}/blob/{hash},artifacts_repos_blob_get
x22-0379,10,cloudflare,GET,/accounts/{account_id}/artifacts/namespaces/{namespace}/repos/{name}/commit/{hash},artifacts_repos_commit_get
x22-0380,5,cloudflare,GET,/accounts/{account_id}/artifacts/namespaces/{namespace}/repos/{name}/file,artifacts_repos_file_get
x22-0381,2,cloudflare,POST,/accounts/{account_id}/artifacts/namespaces/{namespace}/repos/{name}/fork,artifacts_repos_fork
x22-0382,8,cloudflare,POST,/accounts/{account_id}/artifacts/namespaces/{namespace}/repos/{name}/import,artifacts_repos_import
x22-0383,4,cloudflare,GET,/accounts/{account_id}/artifacts/namespaces/{namespace}/repos/{name}/log,artifacts_repos_log_get
x22-0384,2,cloudflare,GET,/accounts/{account_id}/artifacts/namespaces/{namespace}/repos/{name}/raw/{ref}/{path},artifacts_repos_raw_get
x22-0385,5,cloudflare,GET,/accounts/{account_id}/artifacts/namespaces/{namespace}/repos/{name}/tokens,artifacts_repo_tokens_list
x22-0386,8,cloudflare,GET,/accounts/{account_id}/artifacts/namespaces/{namespace}/repos/{name}/tree/{hash},artifacts_repos_tree_get
x22-0387,4,cloudflare,POST,/accounts/{account_id}/artifacts/namespaces/{namespace}/tokens,artifacts_tokens_create
x22-0388,9,cloudflare,DELETE,/accounts/{account_id}/artifacts/namespaces/{namespace}/tokens/{id},artifacts_tokens_revoke
x22-0389,10,cloudflare,GET,/accounts/{account_id}/audit_logs,audit-logs-get-account-audit-logs
x22-0390,5,cloudflare,POST,/accounts/{account_id}/autorag/rags/{id}/ai-search,autorag-config-ai-search
x22-0391,7,cloudflare,GET,/accounts/{account_id}/autorag/rags/{id}/files,autorag-config-files
x22-0392,5,cloudflare,GET,/accounts/{account_id}/autorag/rags/{id}/jobs,autorag-config-list-jobs
x22-0393,10,cloudflare,GET,/accounts/{account_id}/autorag/rags/{id}/jobs/{job_id},autorag-config-get-job
x22-0394,2,cloudflare,GET,/accounts/{account_id}/autorag/rags/{id}/jobs/{job_id}/logs,autorag-config-list-job-logs
x22-0395,6,cloudflare,POST,/accounts/{account_id}/autorag/rags/{id}/search,autorag-config-search
x22-0396,9,cloudflare,PATCH,/accounts/{account_id}/autorag/rags/{id}/sync,autorag-config-sync
x22-0397,5,cloudflare,GET,/accounts/{account_id}/billable-usage,billable-usage-get-v1-account-usage
x22-0398,10,cloudflare,GET,/accounts/{account_id}/billable-usage/info,billable-usage-get-v1-account-usage-info
x22-0399,3,cloudflare,GET,/accounts/{account_id}/billable/usage,billable-usage-v2-get-account-usage
x22-0400,7,cloudflare,POST,/accounts/{account_id}/billable/usage,billable-usage-v2-query-account-usage
x22-0401,7,cloudflare,GET,/accounts/{account_id}/billable/usage/billable-metrics,billable-usage-v2-get-account-billable-metrics
x22-0402,6,cloudflare,GET,/accounts/{account_id}/billing/bad-debt,account-billing-get-bad-debt
x22-0403,4,cloudflare,GET,/accounts/{account_id}/billing/credits,account-billing-get-credits
x22-0404,4,cloudflare,GET,/accounts/{account_id}/billing/history,account-billing-history-get-billing-history
x22-0405,2,cloudflare,GET,/accounts/{account_id}/billing/profile,account-billing-profile-get-billing-profile
x22-0406,3,cloudflare,POST,/accounts/{account_id}/billing/profile,account-billing-profile-create-billing-profile
x22-0407,7,cloudflare,PUT,/accounts/{account_id}/billing/profile,account-billing-profile-update-billing-profile
x22-0408,6,cloudflare,DELETE,/accounts/{account_id}/billing/profile,account-billing-profile-delete-billing-profile
x22-0409,8,cloudflare,PATCH,/accounts/{account_id}/billing/profile,account-billing-profile-update-billing-email
x22-0410,10,cloudflare,POST,/accounts/{account_id}/billing/profile/payment-method,account-billing-create-payment-intent
x22-0411,3,cloudflare,GET,/accounts/{account_id}/billing/unpaid-invoice,account-billing-get-unpaid-invoices
x22-0412,2,cloudflare,GET,/accounts/{account_id}/billing/usage,usage-analytics-get-account-billing-usage
x22-0413,5,cloudflare,GET,/accounts/{account_id}/botnet_feed/asn/{asn_id}/day_report,botnet-threat-feed-get-day-report
x22-0414,3,cloudflare,GET,/accounts/{account_id}/botnet_feed/asn/{asn_id}/full_report,botnet-threat-feed-get-full-report
x22-0415,9,cloudflare,GET,/accounts/{account_id}/botnet_feed/configs/asn,botnet-threat-feed-list-asn
x22-0416,8,cloudflare,DELETE,/accounts/{account_id}/botnet_feed/configs/asn/{asn_id},botnet-threat-feed-delete-asn
x22-0417,7,cloudflare,GET,/accounts/{account_id}/brand-protection/alerts,getAccountsAccountIdBrandProtectionAlerts
x22-0418,2,cloudflare,PATCH,/accounts/{account_id}/brand-protection/alerts,patchAccountsAccountIdBrandProtectionAlerts
x22-0419,4,cloudflare,PATCH,/accounts/{account_id}/brand-protection/alerts/clear,patchAccountsAccountIdBrandProtectionAlertsClear
x22-0420,8,cloudflare,PATCH,/accounts/{account_id}/brand-protection/alerts/refute,patchAccountsAccountIdBrandProtectionAlertsRefute
x22-0421,2,cloudflare,PATCH,/accounts/{account_id}/brand-protection/alerts/verify,patchAccountsAccountIdBrandProtectionAlertsVerify
x22-0422,8,cloudflare,GET,/accounts/{account_id}/brand-protection/brands,getAccountsAccountIdBrandProtectionBrands
x22-0423,4,cloudflare,POST,/accounts/{account_id}/brand-protection/brands,postAccountsAccountIdBrandProtectionBrands
x22-0424,7,cloudflare,DELETE,/accounts/{account_id}/brand-protection/brands,deleteAccountsAccountIdBrandProtectionBrands
x22-0425,1,cloudflare,GET,/accounts/{account_id}/brand-protection/brands/patterns,getAccountsAccountIdBrandProtectionBrandsPatterns
x22-0426,10,cloudflare,POST,/accounts/{account_id}/brand-protection/brands/patterns,postAccountsAccountIdBrandProtectionBrandsPatterns
x22-0427,4,cloudflare,DELETE,/accounts/{account_id}/brand-protection/brands/patterns,deleteAccountsAccountIdBrandProtectionBrandsPatterns
x22-0428,7,cloudflare,PATCH,/accounts/{account_id}/brand-protection/clear,patchAccountsAccountIdBrandProtectionClear
x22-0429,9,cloudflare,GET,/accounts/{account_id}/brand-protection/domain-info,getAccountsAccountIdBrandProtectionDomainInfo
x22-0430,1,cloudflare,GET,/accounts/{account_id}/brand-protection/logo-matches,getAccountsAccountIdBrandProtectionLogoMatches
x22-0431,2,cloudflare,GET,/accounts/{account_id}/brand-protection/logo-matches/download,getAccountsAccountIdBrandProtectionLogoMatchesDownload
x22-0432,3,cloudflare,GET,/accounts/{account_id}/brand-protection/logos,getAccountsAccountIdBrandProtectionLogos
x22-0433,8,cloudflare,POST,/accounts/{account_id}/brand-protection/logos,postAccountsAccountIdBrandProtectionLogos
x22-0434,9,cloudflare,GET,/accounts/{account_id}/brand-protection/logos/{logo_id},getAccountsAccountIdBrandProtectionLogosLogoId
x22-0435,4,cloudflare,DELETE,/accounts/{account_id}/brand-protection/logos/{logo_id},deleteAccountsAccountIdBrandProtectionLogosLogoId
x22-0436,3,cloudflare,GET,/accounts/{account_id}/brand-protection/matches,getAccountsAccountIdBrandProtectionMatches
x22-0437,3,cloudflare,GET,/accounts/{account_id}/brand-protection/matches/download,getAccountsAccountIdBrandProtectionMatchesDownload
x22-0438,10,cloudflare,GET,/accounts/{account_id}/brand-protection/queries,getAccountsAccountIdBrandProtectionQueries
x22-0439,3,cloudflare,POST,/accounts/{account_id}/brand-protection/queries,postAccountsAccountIdBrandProtectionQueries
x22-0440,2,cloudflare,DELETE,/accounts/{account_id}/brand-protection/queries,deleteAccountsAccountIdBrandProtectionQueries
x22-0441,7,cloudflare,PATCH,/accounts/{account_id}/brand-protection/queries,patchAccountsAccountIdBrandProtectionQueries
x22-0442,4,cloudflare,POST,/accounts/{account_id}/brand-protection/queries/bulk,postAccountsAccountIdBrandProtectionQueriesBulk
x22-0443,8,cloudflare,POST,/accounts/{account_id}/brand-protection/queries/{query_id}/matches/{domain_id}/dismiss,postAccountsAccountIdBrandProtectionQueriesQueryIdMatchesDomainIdDismiss
x22-0444,7,cloudflare,POST,/accounts/{account_id}/brand-protection/queries/{query_id}/matches/{domain_id}/undismiss,postAccountsAccountIdBrandProtectionQueriesQueryIdMatchesDomainIdUndismiss
x22-0445,9,cloudflare,GET,/accounts/{account_id}/brand-protection/recent-submissions,getAccountsAccountIdBrandProtectionRecentSubmissions
x22-0446,10,cloudflare,PATCH,/accounts/{account_id}/brand-protection/refute,patchAccountsAccountIdBrandProtectionRefute
x22-0447,1,cloudflare,POST,/accounts/{account_id}/brand-protection/scan-logo,postAccountsAccountIdBrandProtectionScanLogo
x22-0448,4,cloudflare,POST,/accounts/{account_id}/brand-protection/scan-page,postAccountsAccountIdBrandProtectionScanPage
x22-0449,6,cloudflare,POST,/accounts/{account_id}/brand-protection/search,postAccountsAccountIdBrandProtectionSearch
x22-0450,10,cloudflare,GET,/accounts/{account_id}/brand-protection/submission-info,getAccountsAccountIdBrandProtectionSubmissionInfo
x22-0451,3,cloudflare,POST,/accounts/{account_id}/brand-protection/submit,postAccountsAccountIdBrandProtectionSubmit
x22-0452,2,cloudflare,GET,/accounts/{account_id}/brand-protection/total-queries,getAccountsAccountIdBrandProtectionTotalQueries
x22-0453,4,cloudflare,GET,/accounts/{account_id}/brand-protection/tracked-domains,getAccountsAccountIdBrandProtectionTrackedDomains
x22-0454,7,cloudflare,GET,/accounts/{account_id}/brand-protection/url-info,getAccountsAccountIdBrandProtectionUrlInfo
x22-0455,2,cloudflare,PATCH,/accounts/{account_id}/brand-protection/verify,patchAccountsAccountIdBrandProtectionVerify
x22-0456,9,cloudflare,GET,/accounts/{account_id}/browser-extension/config,accounts-browser-extension-config-get
x22-0457,10,cloudflare,POST,/accounts/{account_id}/browser-extension/config,accounts-browser-extension-config-post
x22-0458,10,cloudflare,PUT,/accounts/{account_id}/browser-extension/config,accounts-browser-extension-config-put
x22-0459,3,cloudflare,DELETE,/accounts/{account_id}/browser-extension/config,accounts-browser-extension-config-delete
x22-0460,5,cloudflare,GET,/accounts/{account_id}/browser-extension/config/inventories,accounts-browser-extension-inventories-list
x22-0461,8,cloudflare,GET,/accounts/{account_id}/browser-extension/config/inventories/{registration_id},accounts-browser-extension-inventories-get
x22-0462,9,cloudflare,POST,/accounts/{account_id}/browser-extension/config/logs/extension-events/search,accounts-browser-extension-config-extension-events-search
x22-0463,10,cloudflare,POST,/accounts/{account_id}/browser-rendering/accessibilityTree,brapi-post_AccessibilityTree
x22-0464,4,cloudflare,POST,/accounts/{account_id}/browser-rendering/content,brapi-post_Content
x22-0465,5,cloudflare,POST,/accounts/{account_id}/browser-rendering/crawl,brapi-post_Crawl
x22-0466,7,cloudflare,GET,/accounts/{account_id}/browser-rendering/crawl/{job_id},brapi-get_CrawlResult
x22-0467,6,cloudflare,DELETE,/accounts/{account_id}/browser-rendering/crawl/{job_id},brapi-delete_CancelCrawl
x22-0468,9,cloudflare,GET,/accounts/{account_id}/browser-rendering/devtools/browser,brapi-get_DevtoolsBrowserAcquire
x22-0469,3,cloudflare,POST,/accounts/{account_id}/browser-rendering/devtools/browser,brapi-post_DevtoolsAcquire
x22-0470,7,cloudflare,GET,/accounts/{account_id}/browser-rendering/devtools/browser/{session_id},brapi-get_DevtoolsBrowser
x22-0471,3,cloudflare,DELETE,/accounts/{account_id}/browser-rendering/devtools/browser/{session_id},brapi-delete_DevtoolsBrowserDelete
x22-0472,8,cloudflare,GET,/accounts/{account_id}/browser-rendering/devtools/browser/{session_id}/json,brapi-get_DevtoolsJson
x22-0473,3,cloudflare,GET,/accounts/{account_id}/browser-rendering/devtools/browser/{session_id}/json/activate/{target_id},brapi-get_DevtoolsJsonActivate
x22-0474,7,cloudflare,GET,/accounts/{account_id}/browser-rendering/devtools/browser/{session_id}/json/close/{target_id},brapi-get_DevtoolsJsonClose
x22-0475,4,cloudflare,GET,/accounts/{account_id}/browser-rendering/devtools/browser/{session_id}/json/list,brapi-get_DevtoolsJsonList
x22-0476,9,cloudflare,GET,/accounts/{account_id}/browser-rendering/devtools/browser/{session_id}/json/list/{target_id},brapi-get_DevtoolsJsonTarget
x22-0477,1,cloudflare,PUT,/accounts/{account_id}/browser-rendering/devtools/browser/{session_id}/json/new,brapi-put_DevtoolsJsonNew
x22-0478,6,cloudflare,GET,/accounts/{account_id}/browser-rendering/devtools/browser/{session_id}/json/protocol,brapi-get_DevtoolsJsonProtocol
x22-0479,1,cloudflare,GET,/accounts/{account_id}/browser-rendering/devtools/browser/{session_id}/json/version,brapi-get_DevtoolsJsonVersion
x22-0480,1,cloudflare,POST,/accounts/{account_id}/browser-rendering/devtools/browser/{session_id}/live_view,brapi-post_DevtoolsLiveView
x22-0481,2,cloudflare,GET,/accounts/{account_id}/browser-rendering/devtools/browser/{session_id}/page/{target_id},brapi-get_DevtoolsPage
x22-0482,1,cloudflare,GET,/accounts/{account_id}/browser-rendering/devtools/session,brapi-get_DevtoolsSessionList
x22-0483,3,cloudflare,GET,/accounts/{account_id}/browser-rendering/devtools/session/{session_id},brapi-get_DevtoolsSessionDetails
x22-0484,8,cloudflare,POST,/accounts/{account_id}/browser-rendering/json,brapi-post_Json
x22-0485,7,cloudflare,POST,/accounts/{account_id}/browser-rendering/links,brapi-post_Links
x22-0486,1,cloudflare,POST,/accounts/{account_id}/browser-rendering/markdown,brapi-post_Markdown
x22-0487,4,cloudflare,POST,/accounts/{account_id}/browser-rendering/pdf,brapi-post_Pdf
x22-0488,3,cloudflare,GET,/accounts/{account_id}/browser-rendering/recording/{session_id},brapi-get_Recording
x22-0489,1,cloudflare,GET,/accounts/{account_id}/browser-rendering/recording/{session_id}/network,brapi-get_RecordingNetwork
x22-0490,3,cloudflare,POST,/accounts/{account_id}/browser-rendering/scrape,brapi-post_Scrape
x22-0491,1,cloudflare,POST,/accounts/{account_id}/browser-rendering/screenshot,brapi-post_Screenshot
x22-0492,2,cloudflare,POST,/accounts/{account_id}/browser-rendering/snapshot,brapi-post_Snapshot
x22-0493,9,cloudflare,GET,/accounts/{account_id}/builds/account/limits,getAccountLimits
x22-0494,9,cloudflare,GET,/accounts/{account_id}/builds/builds,getBuildsByVersionIds
x22-0495,5,cloudflare,GET,/accounts/{account_id}/builds/builds/latest,getLatestBuildsByScripts
x22-0496,2,cloudflare,GET,/accounts/{account_id}/builds/builds/{build_uuid},getBuildByUuid
x22-0497,6,cloudflare,PUT,/accounts/{account_id}/builds/builds/{build_uuid}/cancel,cancelBuildByUuid
x22-0498,8,cloudflare,GET,/accounts/{account_id}/builds/builds/{build_uuid}/logs,getBuildLogs
x22-0499,9,cloudflare,PUT,/accounts/{account_id}/builds/repos/connections,upsertRepoConnection
x22-0500,3,cloudflare,DELETE,/accounts/{account_id}/builds/repos/connections/{repo_connection_uuid},deleteRepoConnection
x22-0501,1,cloudflare,GET,/accounts/{account_id}/builds/repos/{provider_type}/{provider_account_id}/{repo_id}/config_autofill,getWorkerConfigAutofill
x22-0502,2,cloudflare,GET,/accounts/{account_id}/builds/tokens,listBuildTokens
x22-0503,7,cloudflare,POST,/accounts/{account_id}/builds/tokens,createBuildToken
x22-0504,5,cloudflare,DELETE,/accounts/{account_id}/builds/tokens/{build_token_uuid},deleteBuildToken
x22-0505,7,cloudflare,POST,/accounts/{account_id}/builds/triggers,createTrigger
x22-0506,6,cloudflare,DELETE,/accounts/{account_id}/builds/triggers/{trigger_uuid},deleteTrigger
x22-0507,6,cloudflare,PATCH,/accounts/{account_id}/builds/triggers/{trigger_uuid},updateTrigger
x22-0508,8,cloudflare,POST,/accounts/{account_id}/builds/triggers/{trigger_uuid}/builds,createManualBuild
x22-0509,6,cloudflare,GET,/accounts/{account_id}/builds/triggers/{trigger_uuid}/environment_variables,listEnvironmentVariables
x22-0510,4,cloudflare,PATCH,/accounts/{account_id}/builds/triggers/{trigger_uuid}/environment_variables,upsertEnvironmentVariables
x22-0511,6,cloudflare,DELETE,/accounts/{account_id}/builds/triggers/{trigger_uuid}/environment_variables/{environment_variable_key},deleteEnvironmentVariable
x22-0512,8,cloudflare,POST,/accounts/{account_id}/builds/triggers/{trigger_uuid}/purge_build_cache,purgeBuildCache
x22-0513,10,cloudflare,POST,/accounts/{account_id}/builds/workers,createWorkerBuild
x22-0514,1,cloudflare,GET,/accounts/{account_id}/builds/workers/{external_script_id}/builds,listBuildsByScript
x22-0515,7,cloudflare,GET,/accounts/{account_id}/builds/workers/{external_script_id}/triggers,listTriggersByScript
x22-0516,1,cloudflare,GET,/accounts/{account_id}/builds/workers/{script_name}/deploy_hooks,listDeployHooks
x22-0517,4,cloudflare,POST,/accounts/{account_id}/builds/workers/{script_name}/deploy_hooks,createDeployHook
x22-0518,10,cloudflare,GET,/accounts/{account_id}/builds/workers/{script_name}/deploy_hooks/{deploy_hook_uuid},getDeployHook
x22-0519,5,cloudflare,PUT,/accounts/{account_id}/builds/workers/{script_name}/deploy_hooks/{deploy_hook_uuid},updateDeployHook
x22-0520,2,cloudflare,DELETE,/accounts/{account_id}/builds/workers/{script_name}/deploy_hooks/{deploy_hook_uuid},deleteDeployHook
x22-0521,10,cloudflare,GET,/accounts/{account_id}/builds/workers/{script_tag},getWorkerBuild
x22-0522,2,cloudflare,DELETE,/accounts/{account_id}/builds/workers/{script_tag},deleteWorkerBuild
x22-0523,7,cloudflare,PATCH,/accounts/{account_id}/builds/workers/{script_tag},updateWorkerBuild
x22-0524,6,cloudflare,POST,/accounts/{account_id}/builds/workers/{script_tag}/migrate_to_previews,migrateWorkerToPreviews
x22-0525,8,cloudflare,GET,/accounts/{account_id}/builds/workers/{script_tag}/previews,listWorkerPreviews
x22-0526,5,cloudflare,GET,/accounts/{account_id}/builds/workers/{script_tag}/previews/{preview_id},getWorkerPreview
x22-0527,1,cloudflare,PATCH,/accounts/{account_id}/builds/workers/{script_tag}/previews/{preview_id},updateWorkerPreview
x22-0528,6,cloudflare,GET,/accounts/{account_id}/builds/workers/{script_tag}/previews/{preview_id}/builds,listBuildsByPreview
x22-0529,2,cloudflare,POST,/accounts/{account_id}/builds/workers/{script_tag}/previews/{preview_id}/builds,createPreviewBuild
x22-0530,2,cloudflare,POST,/accounts/{account_id}/bulk/subscriptions,account-subscriptions-bulk-create-subscription
x22-0531,1,cloudflare,GET,/accounts/{account_id}/calls/apps,calls-apps-list
x22-0532,1,cloudflare,POST,/accounts/{account_id}/calls/apps,calls-apps-create-a-new-app
x22-0533,2,cloudflare,GET,/accounts/{account_id}/calls/apps/{app_id},calls-apps-retrieve-app-details
x22-0534,7,cloudflare,PUT,/accounts/{account_id}/calls/apps/{app_id},calls-apps-update-app-details
x22-0535,4,cloudflare,DELETE,/accounts/{account_id}/calls/apps/{app_id},calls-apps-delete-app
x22-0536,1,cloudflare,GET,/accounts/{account_id}/calls/turn_keys,calls-turn-key-list
x22-0537,3,cloudflare,POST,/accounts/{account_id}/calls/turn_keys,calls-turn-key-create
x22-0538,8,cloudflare,GET,/accounts/{account_id}/calls/turn_keys/{key_id},calls-retrieve-turn-key-details
x22-0539,10,cloudflare,PUT,/accounts/{account_id}/calls/turn_keys/{key_id},calls-update-turn-key
x22-0540,4,cloudflare,DELETE,/accounts/{account_id}/calls/turn_keys/{key_id},calls-delete-turn-key
x22-0541,2,cloudflare,GET,/accounts/{account_id}/cfd_tunnel,cloudflare-tunnel-list-cloudflare-tunnels
x22-0542,2,cloudflare,POST,/accounts/{account_id}/cfd_tunnel,cloudflare-tunnel-create-a-cloudflare-tunnel
x22-0543,6,cloudflare,GET,/accounts/{account_id}/cfd_tunnel/{tunnel_id},cloudflare-tunnel-get-a-cloudflare-tunnel
x22-0544,10,cloudflare,DELETE,/accounts/{account_id}/cfd_tunnel/{tunnel_id},cloudflare-tunnel-delete-a-cloudflare-tunnel
x22-0545,3,cloudflare,PATCH,/accounts/{account_id}/cfd_tunnel/{tunnel_id},cloudflare-tunnel-update-a-cloudflare-tunnel
x22-0546,6,cloudflare,GET,/accounts/{account_id}/cfd_tunnel/{tunnel_id}/configurations,cloudflare-tunnel-configuration-get-configuration
x22-0547,4,cloudflare,PUT,/accounts/{account_id}/cfd_tunnel/{tunnel_id}/configurations,cloudflare-tunnel-configuration-put-configuration
x22-0548,3,cloudflare,GET,/accounts/{account_id}/cfd_tunnel/{tunnel_id}/connections,cloudflare-tunnel-list-cloudflare-tunnel-connections
x22-0549,9,cloudflare,DELETE,/accounts/{account_id}/cfd_tunnel/{tunnel_id}/connections,cloudflare-tunnel-clean-up-cloudflare-tunnel-connections
x22-0550,7,cloudflare,GET,/accounts/{account_id}/cfd_tunnel/{tunnel_id}/connectors/{connector_id},cloudflare-tunnel-get-cloudflare-tunnel-connector
x22-0551,2,cloudflare,POST,/accounts/{account_id}/cfd_tunnel/{tunnel_id}/management,cloudflare-tunnel-get-a-cloudflare-tunnel-management-token
x22-0552,2,cloudflare,GET,/accounts/{account_id}/cfd_tunnel/{tunnel_id}/token,cloudflare-tunnel-get-a-cloudflare-tunnel-token
x22-0553,8,cloudflare,GET,/accounts/{account_id}/challenges/widgets,accounts-turnstile-widgets-list
x22-0554,2,cloudflare,POST,/accounts/{account_id}/challenges/widgets,accounts-turnstile-widget-create
x22-0555,3,cloudflare,GET,/accounts/{account_id}/challenges/widgets/{sitekey},accounts-turnstile-widget-get
x22-0556,7,cloudflare,PUT,/accounts/{account_id}/challenges/widgets/{sitekey},accounts-turnstile-widget-update
x22-0557,10,cloudflare,DELETE,/accounts/{account_id}/challenges/widgets/{sitekey},accounts-turnstile-widget-delete
x22-0558,4,cloudflare,POST,/accounts/{account_id}/challenges/widgets/{sitekey}/rotate_secret,accounts-turnstile-widget-rotate-secret
x22-0559,3,cloudflare,POST,/accounts/{account_id}/client-secret,account-billing-create-setup-intent
x22-0560,4,cloudflare,GET,/accounts/{account_id}/cloudforce-one/banner/{config_id},get_GetBanners
x22-0561,2,cloudflare,POST,/accounts/{account_id}/cloudforce-one/binary,post_BinDBPost
x22-0562,8,cloudflare,GET,/accounts/{account_id}/cloudforce-one/binary/{hash},get_BinDBGetBinary
x22-0563,1,cloudflare,GET,/accounts/{account_id}/cloudforce-one/events,get_EventListGet
x22-0564,7,cloudflare,POST,/accounts/{account_id}/cloudforce-one/events,post_EventList
x22-0565,1,cloudflare,GET,/accounts/{account_id}/cloudforce-one/events/aggregate,get_EventAggregate
x22-0566,6,cloudflare,GET,/accounts/{account_id}/cloudforce-one/events/attackers,get_AttackerList
x22-0567,6,cloudflare,GET,/accounts/{account_id}/cloudforce-one/events/by-id/{event_id}/relationships,get_EventRelationships
x22-0568,8,cloudflare,GET,/accounts/{account_id}/cloudforce-one/events/categories,get_CategoryList
x22-0569,7,cloudflare,GET,/accounts/{account_id}/cloudforce-one/events/categories/catalog,get_CategoryListComplete
x22-0570,10,cloudflare,POST,/accounts/{account_id}/cloudforce-one/events/categories/create,post_CategoryCreate
x22-0571,8,cloudflare,GET,/accounts/{account_id}/cloudforce-one/events/categories/{category_id},get_LegacyCategoryRead
x22-0572,5,cloudflare,POST,/accounts/{account_id}/cloudforce-one/events/categories/{category_id},post_LegacyCategoryUpdate
x22-0573,8,cloudflare,DELETE,/accounts/{account_id}/cloudforce-one/events/categories/{category_id},delete_LegacyCategoryDelete
x22-0574,8,cloudflare,PATCH,/accounts/{account_id}/cloudforce-one/events/categories/{category_id},patch_LegacyCategoryUpdate
x22-0575,4,cloudflare,GET,/accounts/{account_id}/cloudforce-one/events/countries,get_CountryRead
x22-0576,9,cloudflare,POST,/accounts/{account_id}/cloudforce-one/events/create,post_EventCreate
x22-0577,6,cloudflare,POST,/accounts/{account_id}/cloudforce-one/events/create/bulk,post_EventCreateBulk
x22-0578,10,cloudflare,POST,/accounts/{account_id}/cloudforce-one/events/create/bulk/relationships,post_DOSEventCreateBulkWithRelationships
x22-0579,3,cloudflare,GET,/accounts/{account_id}/cloudforce-one/events/dataset,get_DatasetList
x22-0580,1,cloudflare,GET,/accounts/{account_id}/cloudforce-one/events/dataset/-/groups,get_GroupList
x22-0581,2,cloudflare,POST,/accounts/{account_id}/cloudforce-one/events/dataset/-/groups,post_GroupCreate
x22-0582,5,cloudflare,GET,/accounts/{account_id}/cloudforce-one/events/dataset/-/groups/{group_id},get_GroupRead
x22-0583,10,cloudflare,PUT,/accounts/{account_id}/cloudforce-one/events/dataset/-/groups/{group_id},put_GroupUpdate
x22-0584,1,cloudflare,DELETE,/accounts/{account_id}/cloudforce-one/events/dataset/-/groups/{group_id},delete_GroupDelete
x22-0585,8,cloudflare,GET,/accounts/{account_id}/cloudforce-one/events/dataset/-/groups/{group_id}/members,get_GroupMemberList
x22-0586,1,cloudflare,POST,/accounts/{account_id}/cloudforce-one/events/dataset/-/groups/{group_id}/members,post_GroupMemberCreate
x22-0587,7,cloudflare,DELETE,/accounts/{account_id}/cloudforce-one/events/dataset/-/groups/{group_id}/members/{member_id},delete_GroupMemberDelete
x22-0588,8,cloudflare,POST,/accounts/{account_id}/cloudforce-one/events/dataset/create,post_DatasetCreate
x22-0589,5,cloudflare,GET,/accounts/{account_id}/cloudforce-one/events/dataset/{dataset_id},get_DatasetRead
x22-0590,10,cloudflare,POST,/accounts/{account_id}/cloudforce-one/events/dataset/{dataset_id},post_DatasetUpdate
x22-0591,8,cloudflare,DELETE,/accounts/{account_id}/cloudforce-one/events/dataset/{dataset_id},delete_DatasetDelete
x22-0592,5,cloudflare,PATCH,/accounts/{account_id}/cloudforce-one/events/dataset/{dataset_id},patch_DatasetUpdate
x22-0593,5,cloudflare,POST,/accounts/{account_id}/cloudforce-one/events/dataset/{dataset_id}/copy,post_EventCopyToNewDS
x22-0594,9,cloudflare,GET,/accounts/{account_id}/cloudforce-one/events/dataset/{dataset_id}/events/{event_id},get_EventRead
x22-0595,9,cloudflare,POST,/accounts/{account_id}/cloudforce-one/events/dataset/{dataset_id}/indicatorTypes/create,post_IndicatorTypeCreate
x22-0596,5,cloudflare,GET,/accounts/{account_id}/cloudforce-one/events/dataset/{dataset_id}/indicators,get_IndicatorListLegacy
x22-0597,8,cloudflare,POST,/accounts/{account_id}/cloudforce-one/events/dataset/{dataset_id}/indicators/bulk,post_IndicatorCreateBulk
x22-0598,1,cloudflare,POST,/accounts/{account_id}/cloudforce-one/events/dataset/{dataset_id}/indicators/create,post_IndicatorCreate
x22-0599,5,cloudflare,GET,/accounts/{account_id}/cloudforce-one/events/dataset/{dataset_id}/indicators/tags,get_IndicatorTagsList
x22-0600,7,cloudflare,GET,/accounts/{account_id}/cloudforce-one/events/dataset/{dataset_id}/indicators/{indicator_id},get_IndicatorRead
x22-0601,10,cloudflare,DELETE,/accounts/{account_id}/cloudforce-one/events/dataset/{dataset_id}/indicators/{indicator_id},delete_IndicatorDelete
x22-0602,6,cloudflare,PATCH,/accounts/{account_id}/cloudforce-one/events/dataset/{dataset_id}/indicators/{indicator_id},patch_IndicatorUpdate
x22-0603,7,cloudflare,GET,/accounts/{account_id}/cloudforce-one/events/dataset/{dataset_id}/indicators/{indicator_id}/relationships,get_IndicatorRelationshipsList
x22-0604,10,cloudflare,POST,/accounts/{account_id}/cloudforce-one/events/dataset/{dataset_id}/indicators/{indicator_id}/relationships,post_IndicatorRelationshipCreate
x22-0605,3,cloudflare,DELETE,/accounts/{account_id}/cloudforce-one/events/dataset/{dataset_id}/indicators/{indicator_id}/relationships/{rel_uuid},delete_IndicatorRelationshipDelete
x22-0606,2,cloudflare,PATCH,/accounts/{account_id}/cloudforce-one/events/dataset/{dataset_id}/indicators/{indicator_id}/relationships/{rel_uuid},patch_IndicatorRelationshipUpdate
x22-0607,10,cloudflare,POST,/accounts/{account_id}/cloudforce-one/events/dataset/{dataset_id}/move,post_EventMoveToNewDS
x22-0608,6,cloudflare,GET,/accounts/{account_id}/cloudforce-one/events/dataset/{dataset_id}/permissions,get_PermissionList
x22-0609,1,cloudflare,POST,/accounts/{account_id}/cloudforce-one/events/dataset/{dataset_id}/permissions,post_PermissionCreate
x22-0610,2,cloudflare,PUT,/accounts/{account_id}/cloudforce-one/events/dataset/{dataset_id}/permissions/{grant_id},put_PermissionUpdate
x22-0611,9,cloudflare,DELETE,/accounts/{account_id}/cloudforce-one/events/dataset/{dataset_id}/permissions/{grant_id},delete_PermissionDelete
x22-0612,6,cloudflare,GET,/accounts/{account_id}/cloudforce-one/events/dataset/{dataset_id}/tags/{tag_uuid}/indicators,get_DatasetTagIndicatorsList
x22-0613,5,cloudflare,GET,/accounts/{account_id}/cloudforce-one/events/dataset/{dataset_id}/targetIndustries,get_TargetIndustryListByDataset
x22-0614,9,cloudflare,POST,/accounts/{account_id}/cloudforce-one/events/datasets/populate,post_DatasetPopulate
x22-0615,2,cloudflare,DELETE,/accounts/{account_id}/cloudforce-one/events/datasets/{dataset_id}/events,delete_EventDelete
x22-0616,5,cloudflare,GET,/accounts/{account_id}/cloudforce-one/events/datasets/{dataset_id}/events/{event_id}/raw,get_EventRawReadDS
x22-0617,1,cloudflare,GET,/accounts/{account_id}/cloudforce-one/events/event-categories/by-id/{category_id},get_CategoryRead
x22-0618,6,cloudflare,POST,/accounts/{account_id}/cloudforce-one/events/event-categories/by-id/{category_id},post_CategoryUpdate
x22-0619,8,cloudflare,DELETE,/accounts/{account_id}/cloudforce-one/events/event-categories/by-id/{category_id},delete_CategoryDelete
x22-0620,3,cloudflare,PATCH,/accounts/{account_id}/cloudforce-one/events/event-categories/by-id/{category_id},patch_CategoryUpdate
x22-0621,7,cloudflare,DELETE,/accounts/{account_id}/cloudforce-one/events/event_tag/{event_id},delete_EventTagDelete
x22-0622,3,cloudflare,POST,/accounts/{account_id}/cloudforce-one/events/event_tag/{event_id}/create,post_EventTagCreate
x22-0623,10,cloudflare,GET,/accounts/{account_id}/cloudforce-one/events/graph,get_EventGraph
x22-0624,8,cloudflare,POST,/accounts/{account_id}/cloudforce-one/events/graphql,post_EventGraphQL
x22-0625,2,cloudflare,GET,/accounts/{account_id}/cloudforce-one/events/indicator-types,get_IndicatorTypesList
x22-0626,4,cloudflare,GET,/accounts/{account_id}/cloudforce-one/events/indicatorTypes,get_LegacyIndicatorTypesList
x22-0627,5,cloudflare,GET,/accounts/{account_id}/cloudforce-one/events/indicators,get_IndicatorList
x22-0628,9,cloudflare,GET,/accounts/{account_id}/cloudforce-one/events/indicators/aggregate,get_IndicatorAggregate
x22-0629,2,cloudflare,GET,/accounts/{account_id}/cloudforce-one/events/queries,get_EventQueryList
x22-0630,1,cloudflare,POST,/accounts/{account_id}/cloudforce-one/events/queries/create,post_EventQueryCreate
x22-0631,9,cloudflare,GET,/accounts/{account_id}/cloudforce-one/events/queries/{query_id},get_EventQueryRead
x22-0632,10,cloudflare,POST,/accounts/{account_id}/cloudforce-one/events/queries/{query_id},post_EventQueryUpdate
x22-0633,6,cloudflare,DELETE,/accounts/{account_id}/cloudforce-one/events/queries/{query_id},delete_EventQueryDelete
x22-0634,5,cloudflare,PATCH,/accounts/{account_id}/cloudforce-one/events/queries/{query_id},patch_EventQueryUpdate
x22-0635,8,cloudflare,GET,/accounts/{account_id}/cloudforce-one/events/raw/{dataset_id}/{event_id},get_LegacyEventRawReadDS
x22-0636,2,cloudflare,DELETE,/accounts/{account_id}/cloudforce-one/events/relate/{event_id},delete_EventReferenceDelete
x22-0637,2,cloudflare,POST,/accounts/{account_id}/cloudforce-one/events/relate/{event_id}/create,post_EventReferenceCreate
x22-0638,9,cloudflare,POST,/accounts/{account_id}/cloudforce-one/events/relationships/create,post_CreateEventRelationship
x22-0639,2,cloudflare,GET,/accounts/{account_id}/cloudforce-one/events/tag-categories/{category_uuid},get_TagCategoryDetail
x22-0640,6,cloudflare,DELETE,/accounts/{account_id}/cloudforce-one/events/tag-categories/{category_uuid},delete_TagCategoryDelete
x22-0641,4,cloudflare,PATCH,/accounts/{account_id}/cloudforce-one/events/tag-categories/{category_uuid},patch_TagCategoryUpdate
x22-0642,5,cloudflare,GET,/accounts/{account_id}/cloudforce-one/events/tags,get_TagList
x22-0643,2,cloudflare,GET,/accounts/{account_id}/cloudforce-one/events/tags/categories,get_TagCategoryList
x22-0644,1,cloudflare,GET,/accounts/{account_id}/cloudforce-one/events/tags/categories/actors,get_TaggedActorList
x22-0645,3,cloudflare,POST,/accounts/{account_id}/cloudforce-one/events/tags/categories/create,post_TagCategoryCreate
x22-0646,7,cloudflare,GET,/accounts/{account_id}/cloudforce-one/events/tags/categories/{category_uuid},get_LegacyTagCategoryDetail
x22-0647,10,cloudflare,DELETE,/accounts/{account_id}/cloudforce-one/events/tags/categories/{category_uuid},delete_LegacyTagCategoryDelete
x22-0648,2,cloudflare,PATCH,/accounts/{account_id}/cloudforce-one/events/tags/categories/{category_uuid},patch_LegacyTagCategoryUpdate
x22-0649,5,cloudflare,POST,/accounts/{account_id}/cloudforce-one/events/tags/create,post_TagCreate
x22-0650,10,cloudflare,GET,/accounts/{account_id}/cloudforce-one/events/tags/{tag_uuid},get_TagDetail
x22-0651,10,cloudflare,DELETE,/accounts/{account_id}/cloudforce-one/events/tags/{tag_uuid},delete_TagDelete
x22-0652,8,cloudflare,PATCH,/accounts/{account_id}/cloudforce-one/events/tags/{tag_uuid},patch_TagUpdate
x22-0653,6,cloudflare,GET,/accounts/{account_id}/cloudforce-one/events/tags/{tag_uuid}/indicators,get_TagIndicatorsList
x22-0654,7,cloudflare,GET,/accounts/{account_id}/cloudforce-one/events/tags/{tag_uuid}/relationships,get_TagRelationshipsList
x22-0655,8,cloudflare,POST,/accounts/{account_id}/cloudforce-one/events/tags/{tag_uuid}/relationships,post_TagRelationshipCreate
x22-0656,7,cloudflare,DELETE,/accounts/{account_id}/cloudforce-one/events/tags/{tag_uuid}/relationships/{rel_uuid},delete_TagRelationshipDelete
x22-0657,4,cloudflare,PATCH,/accounts/{account_id}/cloudforce-one/events/tags/{tag_uuid}/relationships/{rel_uuid},patch_TagRelationshipUpdate
x22-0658,9,cloudflare,GET,/accounts/{account_id}/cloudforce-one/events/targetIndustries,get_TargetIndustryList
x22-0659,1,cloudflare,GET,/accounts/{account_id}/cloudforce-one/events/targetIndustries/catalog,get_TargetIndustryListComplete
x22-0660,2,cloudflare,PATCH,/accounts/{account_id}/cloudforce-one/events/update/bulk,patch_EventUpdateBulk
x22-0661,2,cloudflare,DELETE,/accounts/{account_id}/cloudforce-one/events/{dataset_id}/delete,delete_LegacyEventDelete
x22-0662,8,cloudflare,GET,/accounts/{account_id}/cloudforce-one/events/{event_id},get_EventReadDeprecated
x22-0663,4,cloudflare,POST,/accounts/{account_id}/cloudforce-one/events/{event_id},post_EventUpdate
x22-0664,9,cloudflare,PATCH,/accounts/{account_id}/cloudforce-one/events/{event_id},patch_EventUpdate
x22-0665,4,cloudflare,GET,/accounts/{account_id}/cloudforce-one/events/{event_id}/raw/{raw_id},get_EventRawRead
x22-0666,10,cloudflare,POST,/accounts/{account_id}/cloudforce-one/events/{event_id}/raw/{raw_id},post_EventRawUpdate
x22-0667,4,cloudflare,PATCH,/accounts/{account_id}/cloudforce-one/events/{event_id}/raw/{raw_id},patch_EventRawUpdate
x22-0668,1,cloudflare,GET,/accounts/{account_id}/cloudforce-one/events/{event_id}/relationships,get_LegacyEventRelationships
x22-0669,5,cloudflare,POST,/accounts/{account_id}/cloudforce-one/requests,cloudforce-one-request-list
x22-0670,4,cloudflare,GET,/accounts/{account_id}/cloudforce-one/requests/constants,cloudforce-one-request-constants
x22-0671,7,cloudflare,POST,/accounts/{account_id}/cloudforce-one/requests/new,cloudforce-one-request-new
x22-0672,4,cloudflare,POST,/accounts/{account_id}/cloudforce-one/requests/priority,cloudforce-one-priority-list
x22-0673,2,cloudflare,POST,/accounts/{account_id}/cloudforce-one/requests/priority/new,cloudforce-one-priority-new
x22-0674,4,cloudflare,GET,/accounts/{account_id}/cloudforce-one/requests/priority/quota,cloudforce-one-priority-quota
x22-0675,9,cloudflare,GET,/accounts/{account_id}/cloudforce-one/requests/priority/{priority_id},cloudforce-one-priority-get
x22-0676,9,cloudflare,PUT,/accounts/{account_id}/cloudforce-one/requests/priority/{priority_id},cloudforce-one-priority-update
x22-0677,6,cloudflare,DELETE,/accounts/{account_id}/cloudforce-one/requests/priority/{priority_id},cloudforce-one-priority-delete
x22-0678,3,cloudflare,GET,/accounts/{account_id}/cloudforce-one/requests/quota,cloudforce-one-request-quota
x22-0679,7,cloudflare,GET,/accounts/{account_id}/cloudforce-one/requests/types,cloudforce-one-request-types
x22-0680,10,cloudflare,GET,/accounts/{account_id}/cloudforce-one/requests/{request_id},cloudforce-one-request-get
x22-0681,9,cloudflare,PUT,/accounts/{account_id}/cloudforce-one/requests/{request_id},cloudforce-one-request-update
x22-0682,4,cloudflare,DELETE,/accounts/{account_id}/cloudforce-one/requests/{request_id},cloudforce-one-request-delete
x22-0683,5,cloudflare,POST,/accounts/{account_id}/cloudforce-one/requests/{request_id}/asset,cloudforce-one-request-asset-list
x22-0684,5,cloudflare,POST,/accounts/{account_id}/cloudforce-one/requests/{request_id}/asset/new,cloudforce-one-request-asset-new
x22-0685,3,cloudflare,GET,/accounts/{account_id}/cloudforce-one/requests/{request_id}/asset/{asset_id},cloudforce-one-request-asset-get
x22-0686,8,cloudflare,PUT,/accounts/{account_id}/cloudforce-one/requests/{request_id}/asset/{asset_id},cloudforce-one-request-asset-update
x22-0687,3,cloudflare,DELETE,/accounts/{account_id}/cloudforce-one/requests/{request_id}/asset/{asset_id},cloudforce-one-request-asset-delete
x22-0688,4,cloudflare,POST,/accounts/{account_id}/cloudforce-one/requests/{request_id}/message,cloudforce-one-request-message-list
x22-0689,2,cloudflare,POST,/accounts/{account_id}/cloudforce-one/requests/{request_id}/message/new,cloudforce-one-request-message-new
x22-0690,3,cloudflare,PUT,/accounts/{account_id}/cloudforce-one/requests/{request_id}/message/{message_id},cloudforce-one-request-message-update
x22-0691,10,cloudflare,DELETE,/accounts/{account_id}/cloudforce-one/requests/{request_id}/message/{message_id},cloudforce-one-request-message-delete
x22-0692,7,cloudflare,GET,/accounts/{account_id}/cloudforce-one/rules,cloudforce-one-list-rules
x22-0693,9,cloudflare,POST,/accounts/{account_id}/cloudforce-one/rules,cloudforce-one-create-rule
x22-0694,6,cloudflare,DELETE,/accounts/{account_id}/cloudforce-one/rules,cloudforce-one-delete-all-rules
x22-0695,10,cloudflare,GET,/accounts/{account_id}/cloudforce-one/rules/approvals,cloudforce-one-list-rule-approvals
x22-0696,1,cloudflare,GET,/accounts/{account_id}/cloudforce-one/rules/approvals/{id},cloudforce-one-get-rule-approval
x22-0697,6,cloudflare,POST,/accounts/{account_id}/cloudforce-one/rules/approvals/{id}/cancel,cloudforce-one-cancel-rule-approval
x22-0698,7,cloudflare,POST,/accounts/{account_id}/cloudforce-one/rules/approvals/{id}/resubmit,cloudforce-one-resubmit-rule-approval
x22-0699,6,cloudflare,GET,/accounts/{account_id}/cloudforce-one/rules/exemptions,cloudforce-one-get-exemptions
x22-0700,9,cloudflare,POST,/accounts/{account_id}/cloudforce-one/rules/exemptions,cloudforce-one-add-account-exemptions
x22-0701,10,cloudflare,PUT,/accounts/{account_id}/cloudforce-one/rules/exemptions,cloudforce-one-update-account-exemptions
x22-0702,4,cloudflare,DELETE,/accounts/{account_id}/cloudforce-one/rules/exemptions,cloudforce-one-remove-account-exemptions
x22-0703,10,cloudflare,GET,/accounts/{account_id}/cloudforce-one/rules/managed,cloudforce-one-get-managed-rules
x22-0704,1,cloudflare,GET,/accounts/{account_id}/cloudforce-one/rules/search,cloudforce-one-search-rules
x22-0705,10,cloudflare,GET,/accounts/{account_id}/cloudforce-one/rules/stats,cloudforce-one-get-rule-stats
x22-0706,6,cloudflare,GET,/accounts/{account_id}/cloudforce-one/rules/structured,cloudforce-one-list-email-rules
x22-0707,6,cloudflare,POST,/accounts/{account_id}/cloudforce-one/rules/structured,cloudforce-one-create-email-rule
x22-0708,7,cloudflare,PUT,/accounts/{account_id}/cloudforce-one/rules/structured/approvals/{id},cloudforce-one-update-pending-email-rule-approval
x22-0709,10,cloudflare,POST,/accounts/{account_id}/cloudforce-one/rules/structured/approvals/{id}/resubmit,cloudforce-one-resubmit-email-rule-approval
x22-0710,10,cloudflare,GET,/accounts/{account_id}/cloudforce-one/rules/structured/schema,cloudforce-one-get-email-rule-schema
x22-0711,9,cloudflare,POST,/accounts/{account_id}/cloudforce-one/rules/structured/validate,cloudforce-one-validate-email-rule
x22-0712,5,cloudflare,GET,/accounts/{account_id}/cloudforce-one/rules/structured/{id},cloudforce-one-get-email-rule
x22-0713,10,cloudflare,PUT,/accounts/{account_id}/cloudforce-one/rules/structured/{id},cloudforce-one-update-email-rule
x22-0714,1,cloudflare,DELETE,/accounts/{account_id}/cloudforce-one/rules/structured/{id},cloudforce-one-delete-email-rule
x22-0715,5,cloudflare,POST,/accounts/{account_id}/cloudforce-one/rules/structured/{id}/test,cloudforce-one-test-email-rule
x22-0716,1,cloudflare,GET,/accounts/{account_id}/cloudforce-one/rules/tree,cloudforce-one-get-rule-tree
x22-0717,8,cloudflare,POST,/accounts/{account_id}/cloudforce-one/rules/validate,cloudforce-one-validate-rule
x22-0718,9,cloudflare,GET,/accounts/{account_id}/cloudforce-one/rules/{id},cloudforce-one-get-rule
x22-0719,8,cloudflare,PUT,/accounts/{account_id}/cloudforce-one/rules/{id},cloudforce-one-update-rule
x22-0720,4,cloudflare,DELETE,/accounts/{account_id}/cloudforce-one/rules/{id},cloudforce-one-delete-rule
x22-0721,9,cloudflare,GET,/accounts/{account_id}/cloudforce-one/scans/config,get_ConfigFetch
x22-0722,8,cloudflare,POST,/accounts/{account_id}/cloudforce-one/scans/config,post_ConfigCreate
x22-0723,8,cloudflare,DELETE,/accounts/{account_id}/cloudforce-one/scans/config/{config_id},delete_DeleteScans
x22-0724,2,cloudflare,PATCH,/accounts/{account_id}/cloudforce-one/scans/config/{config_id},post_ConfigUpdate
x22-0725,4,cloudflare,GET,/accounts/{account_id}/cloudforce-one/scans/results/{config_id},get_GetOpenPorts
x22-0726,10,cloudflare,GET,/accounts/{account_id}/cloudforce-one/v2/brand-protection/domain/matches,get_DomainMatchList
x22-0727,4,cloudflare,POST,/accounts/{account_id}/cloudforce-one/v2/brand-protection/domain/matches/bulk-dismiss,post_BulkDismissMatches
x22-0728,10,cloudflare,GET,/accounts/{account_id}/cloudforce-one/v2/brand-protection/domain/queries,get_GetDomainQueries
x22-0729,1,cloudflare,POST,/accounts/{account_id}/cloudforce-one/v2/brand-protection/domain/queries,post_InsertDomainQuery
x22-0730,9,cloudflare,DELETE,/accounts/{account_id}/cloudforce-one/v2/brand-protection/domain/queries/{query_id},delete_DeleteDomainQuery
x22-0731,3,cloudflare,PATCH,/accounts/{account_id}/cloudforce-one/v2/brand-protection/domain/queries/{query_id},patch_UpdateDomainQuery
x22-0732,2,cloudflare,POST,/accounts/{account_id}/cloudforce-one/v2/brand-protection/domain/trial,post_DomainTrial
x22-0733,6,cloudflare,POST,/accounts/{account_id}/cloudforce-one/v2/brand-protection/letter/generate,post_LetterGenerate
x22-0734,10,cloudflare,GET,/accounts/{account_id}/cloudforce-one/v2/brand-protection/letter/templates,get_LetterTemplateList
x22-0735,4,cloudflare,POST,/accounts/{account_id}/cloudforce-one/v2/brand-protection/letter/templates,post_LetterTemplateCreate
x22-0736,9,cloudflare,GET,/accounts/{account_id}/cloudforce-one/v2/brand-protection/letter/templates/examples,get_LetterTemplateExamples
x22-0737,7,cloudflare,GET,/accounts/{account_id}/cloudforce-one/v2/brand-protection/letter/templates/{template_id},get_LetterTemplateGet
x22-0738,9,cloudflare,PUT,/accounts/{account_id}/cloudforce-one/v2/brand-protection/letter/templates/{template_id},put_LetterTemplateUpdate
x22-0739,2,cloudflare,DELETE,/accounts/{account_id}/cloudforce-one/v2/brand-protection/letter/templates/{template_id},delete_LetterTemplateDelete
x22-0740,3,cloudflare,GET,/accounts/{account_id}/cloudforce-one/v2/brand-protection/logo/matches,get_LogoMatchList
x22-0741,2,cloudflare,GET,/accounts/{account_id}/cloudforce-one/v2/brand-protection/logo/queries,get_GetLogoQueries
x22-0742,3,cloudflare,POST,/accounts/{account_id}/cloudforce-one/v2/brand-protection/logo/queries,post_InsertLogoQuery
x22-0743,7,cloudflare,DELETE,/accounts/{account_id}/cloudforce-one/v2/brand-protection/logo/queries/{query_id},delete_DeleteLogoQuery
x22-0744,3,cloudflare,POST,/accounts/{account_id}/cloudforce-one/v2/brand-protection/logo/search,post_SearchLogoSimilarity
x22-0745,5,cloudflare,POST,/accounts/{account_id}/cloudforce-one/v2/brand-protection/queries/{query_id}/matches/{domain_id}/dismiss,post_DismissMatch
x22-0746,10,cloudflare,POST,/accounts/{account_id}/cloudforce-one/v2/brand-protection/queries/{query_id}/matches/{domain_id}/undismiss,post_UndismissMatch
x22-0747,4,cloudflare,GET,/accounts/{account_id}/cloudforce-one/v2/brand-protection/takedown-notices,get_TakedownNoticeList
x22-0748,5,cloudflare,POST,/accounts/{account_id}/cloudforce-one/v2/brand-protection/takedown-notices,post_TakedownNoticeCreate
x22-0749,5,cloudflare,POST,/accounts/{account_id}/cloudforce-one/v2/brand-protection/takedown-notices/lookup,post_TakedownNoticeLookup
x22-0750,2,cloudflare,GET,/accounts/{account_id}/cloudforce-one/v2/brand-protection/takedown-notices/{notice_id},get_TakedownNoticeGet
x22-0751,9,cloudflare,PUT,/accounts/{account_id}/cloudforce-one/v2/brand-protection/takedown-notices/{notice_id},put_TakedownNoticeUpdate
x22-0752,10,cloudflare,DELETE,/accounts/{account_id}/cloudforce-one/v2/brand-protection/takedown-notices/{notice_id},delete_TakedownNoticeDelete
x22-0753,1,cloudflare,GET,/accounts/{account_id}/cloudforce-one/v2/brand-protection/takedown-notices/{notice_id}/letters,get_TakedownLetterList
x22-0754,2,cloudflare,POST,/accounts/{account_id}/cloudforce-one/v2/brand-protection/takedown-notices/{notice_id}/letters,post_TakedownLetterCreate
x22-0755,3,cloudflare,GET,/accounts/{account_id}/cloudforce-one/v2/brand-protection/takedown-notices/{notice_id}/letters/{letter_id},get_TakedownLetterGet
x22-0756,2,cloudflare,DELETE,/accounts/{account_id}/cloudforce-one/v2/brand-protection/takedown-notices/{notice_id}/letters/{letter_id},delete_TakedownLetterDelete
x22-0757,10,cloudflare,GET,/accounts/{account_id}/cloudforce-one/v2/brand-protection/takedown-notices/{notice_id}/letters/{letter_id}/pdf,get_TakedownLetterPdfGet
x22-0758,7,cloudflare,GET,/accounts/{account_id}/cloudforce-one/v2/brand-protection/total-queries,get_TotalQueries
x22-0759,7,cloudflare,GET,/accounts/{account_id}/cloudforce-one/v2/collections,get_CollectionList
x22-0760,2,cloudflare,POST,/accounts/{account_id}/cloudforce-one/v2/collections,post_CollectionCreate
x22-0761,1,cloudflare,GET,/accounts/{account_id}/cloudforce-one/v2/collections/{collection_id},get_CollectionGet
x22-0762,1,cloudflare,DELETE,/accounts/{account_id}/cloudforce-one/v2/collections/{collection_id},delete_CollectionDelete
x22-0763,8,cloudflare,PATCH,/accounts/{account_id}/cloudforce-one/v2/collections/{collection_id},patch_CollectionUpdate
x22-0764,3,cloudflare,POST,/accounts/{account_id}/cloudforce-one/v2/collections/{collection_id}/columns,post_ColumnAdd
x22-0765,8,cloudflare,DELETE,/accounts/{account_id}/cloudforce-one/v2/collections/{collection_id}/columns/{column_id},delete_ColumnDelete
x22-0766,8,cloudflare,PATCH,/accounts/{account_id}/cloudforce-one/v2/collections/{collection_id}/columns/{column_id},patch_ColumnUpdate
x22-0767,9,cloudflare,GET,/accounts/{account_id}/cloudforce-one/v2/collections/{collection_id}/export,get_CollectionExportEndpoint
x22-0768,4,cloudflare,GET,/accounts/{account_id}/cloudforce-one/v2/collections/{collection_id}/items,get_ItemQuery
x22-0769,2,cloudflare,POST,/accounts/{account_id}/cloudforce-one/v2/collections/{collection_id}/items,post_ItemCreate
x22-0770,2,cloudflare,GET,/accounts/{account_id}/cloudforce-one/v2/collections/{collection_id}/items/{item_id},get_ItemGet
x22-0771,2,cloudflare,DELETE,/accounts/{account_id}/cloudforce-one/v2/collections/{collection_id}/items/{item_id},delete_ItemDelete
x22-0772,3,cloudflare,PATCH,/accounts/{account_id}/cloudforce-one/v2/collections/{collection_id}/items/{item_id},patch_ItemUpdate
x22-0773,4,cloudflare,POST,/accounts/{account_id}/cloudforce-one/v2/collections/{collection_id}/search,post_ItemSearch
x22-0774,9,cloudflare,GET,/accounts/{account_id}/cloudforce-one/v2/credential-monitor/domains,get_DomainList
x22-0775,3,cloudflare,POST,/accounts/{account_id}/cloudforce-one/v2/credential-monitor/domains,post_DomainCreate
x22-0776,6,cloudflare,DELETE,/accounts/{account_id}/cloudforce-one/v2/credential-monitor/domains/{id},delete_DomainDelete
x22-0777,9,cloudflare,GET,/accounts/{account_id}/cloudforce-one/v2/credential-monitor/matches,get_MatchList
x22-0778,8,cloudflare,POST,/accounts/{account_id}/cloudforce-one/v2/events/graphql,post_EventGraphQLV2
x22-0779,7,cloudflare,GET,/accounts/{account_id}/cloudforce-one/v2/priority-intelligence,get_PirList
x22-0780,5,cloudflare,POST,/accounts/{account_id}/cloudforce-one/v2/priority-intelligence,post_PirCreate
x22-0781,9,cloudflare,GET,/accounts/{account_id}/cloudforce-one/v2/priority-intelligence/constants,get_PirConstants
x22-0782,9,cloudflare,GET,/accounts/{account_id}/cloudforce-one/v2/priority-intelligence/interests,get_PirInterestList
x22-0783,8,cloudflare,POST,/accounts/{account_id}/cloudforce-one/v2/priority-intelligence/interests,post_PirInterestCreate
x22-0784,8,cloudflare,POST,/accounts/{account_id}/cloudforce-one/v2/priority-intelligence/interests/backtests,post_PirInterestBacktestCreate
x22-0785,9,cloudflare,GET,/accounts/{account_id}/cloudforce-one/v2/priority-intelligence/interests/backtests/{backtest_id},get_PirInterestBacktestGet
x22-0786,1,cloudflare,POST,/accounts/{account_id}/cloudforce-one/v2/priority-intelligence/interests/evaluations,post_PirInterestEvaluationCreate
x22-0787,3,cloudflare,GET,/accounts/{account_id}/cloudforce-one/v2/priority-intelligence/interests/evaluations/{evaluation_id},get_PirInterestEvaluationGet
x22-0788,10,cloudflare,DELETE,/accounts/{account_id}/cloudforce-one/v2/priority-intelligence/interests/{interest_id},delete_PirInterestDelete
x22-0789,7,cloudflare,PATCH,/accounts/{account_id}/cloudforce-one/v2/priority-intelligence/interests/{interest_id},patch_PirInterestUpdate
x22-0790,7,cloudflare,POST,/accounts/{account_id}/cloudforce-one/v2/priority-intelligence/quota,post_PirQuota
x22-0791,3,cloudflare,GET,/accounts/{account_id}/cloudforce-one/v2/priority-intelligence/{priority_id},get_PirGet
x22-0792,9,cloudflare,PUT,/accounts/{account_id}/cloudforce-one/v2/priority-intelligence/{priority_id},put_PirUpdate
x22-0793,7,cloudflare,DELETE,/accounts/{account_id}/cloudforce-one/v2/priority-intelligence/{priority_id},delete_PirDelete
x22-0794,9,cloudflare,GET,/accounts/{account_id}/cloudforce-one/v2/requests/legal-response/access-check,get_LegalResponseAccessCheck
x22-0795,5,cloudflare,GET,/accounts/{account_id}/cloudforce-one/v2/requests/{project_type},get_RequestList
x22-0796,5,cloudflare,POST,/accounts/{account_id}/cloudforce-one/v2/requests/{project_type},post_RequestCreate
x22-0797,4,cloudflare,GET,/accounts/{account_id}/cloudforce-one/v2/requests/{project_type}/constants,get_RequestConstants
x22-0798,1,cloudflare,GET,/accounts/{account_id}/cloudforce-one/v2/requests/{project_type}/metadata,get_DashboardMetadataFieldList
x22-0799,8,cloudflare,GET,/accounts/{account_id}/cloudforce-one/v2/requests/{project_type}/quota,get_RequestQuota
x22-0800,2,cloudflare,GET,/accounts/{account_id}/cloudforce-one/v2/requests/{project_type}/types,get_DashboardRequestTypesList
x22-0801,9,cloudflare,GET,/accounts/{account_id}/cloudforce-one/v2/requests/{project_type}/user/me,get_UserGetSelf
x22-0802,7,cloudflare,GET,/accounts/{account_id}/cloudforce-one/v2/requests/{project_type}/{request_id},get_RequestRead
x22-0803,8,cloudflare,PUT,/accounts/{account_id}/cloudforce-one/v2/requests/{project_type}/{request_id},put_RequestUpdate
x22-0804,4,cloudflare,GET,/accounts/{account_id}/cloudforce-one/v2/requests/{project_type}/{request_id}/assets/list,get_DashboardAssetList
x22-0805,1,cloudflare,POST,/accounts/{account_id}/cloudforce-one/v2/requests/{project_type}/{request_id}/assets/upload,post_DashboardAssetUpload
x22-0806,6,cloudflare,GET,/accounts/{account_id}/cloudforce-one/v2/requests/{project_type}/{request_id}/assets/{asset_id}/download,get_DashboardAssetDownload
x22-0807,3,cloudflare,GET,/accounts/{account_id}/cloudforce-one/v2/requests/{project_type}/{request_id}/messages,get_MessageList
x22-0808,1,cloudflare,POST,/accounts/{account_id}/cloudforce-one/v2/requests/{project_type}/{request_id}/messages/new,post_MessageCreate
x22-0809,2,cloudflare,GET,/accounts/{account_id}/cloudforce-one/v2/requests/{project_type}/{request_id}/messages/{message_id},get_MessageRead
x22-0810,8,cloudflare,PUT,/accounts/{account_id}/cloudforce-one/v2/requests/{project_type}/{request_id}/messages/{message_id},put_MessageUpdate
x22-0811,2,cloudflare,GET,/accounts/{account_id}/cloudforce-one/v2/threat-signals/articles,rssArticleList
x22-0812,9,cloudflare,PATCH,/accounts/{account_id}/cloudforce-one/v2/threat-signals/articles,rssArticleBulkMarkRead
x22-0813,5,cloudflare,GET,/accounts/{account_id}/cloudforce-one/v2/threat-signals/articles/{article_id},rssArticleGet
x22-0814,4,cloudflare,PATCH,/accounts/{account_id}/cloudforce-one/v2/threat-signals/articles/{article_id},rssArticleMarkRead
x22-0815,9,cloudflare,GET,/accounts/{account_id}/cloudforce-one/v2/threat-signals/articles/{article_id}/content,rssArticleContentGet
x22-0816,4,cloudflare,POST,/accounts/{account_id}/cloudforce-one/v2/threat-signals/articles/{article_id}/skills/{skill_id}/diagnostic,rssArticleTagDiagnostic
x22-0817,7,cloudflare,GET,/accounts/{account_id}/cloudforce-one/v2/threat-signals/articles/{article_id}/skills/{skill_id}/output,rssArticleSkillOutputGet
x22-0818,7,cloudflare,POST,/accounts/{account_id}/cloudforce-one/v2/threat-signals/articles/{article_id}/tag,rssArticleTagGenerate
x22-0819,1,cloudflare,POST,/accounts/{account_id}/cloudforce-one/v2/threat-signals/articles/{article_id}/tags,rssArticleTagAdd
x22-0820,4,cloudflare,DELETE,/accounts/{account_id}/cloudforce-one/v2/threat-signals/articles/{article_id}/tags/{tag_id},rssArticleTagRemove
x22-0821,1,cloudflare,GET,/accounts/{account_id}/cloudforce-one/v2/threat-signals/categories,rssFeedCategoryList
x22-0822,10,cloudflare,GET,/accounts/{account_id}/cloudforce-one/v2/threat-signals/curated-feeds,rssCuratedFeedList
x22-0823,7,cloudflare,POST,/accounts/{account_id}/cloudforce-one/v2/threat-signals/curated-feeds,rssCuratedFeedCreate
x22-0824,1,cloudflare,POST,/accounts/{account_id}/cloudforce-one/v2/threat-signals/curated-feeds/bulk,rssCuratedFeedBulkCreate
x22-0825,7,cloudflare,PATCH,/accounts/{account_id}/cloudforce-one/v2/threat-signals/curated-feeds/opt-out,rssCuratedFeedOptOut
x22-0826,4,cloudflare,DELETE,/accounts/{account_id}/cloudforce-one/v2/threat-signals/curated-feeds/{curated_feed_id},rssCuratedFeedDelete
x22-0827,5,cloudflare,PATCH,/accounts/{account_id}/cloudforce-one/v2/threat-signals/curated-feeds/{curated_feed_id},rssCuratedFeedUpdate
x22-0828,1,cloudflare,GET,/accounts/{account_id}/cloudforce-one/v2/threat-signals/feeds,rssFeedList
x22-0829,2,cloudflare,POST,/accounts/{account_id}/cloudforce-one/v2/threat-signals/feeds,rssFeedCreate
x22-0830,5,cloudflare,POST,/accounts/{account_id}/cloudforce-one/v2/threat-signals/feeds/poll,rssFeedPoll
x22-0831,5,cloudflare,DELETE,/accounts/{account_id}/cloudforce-one/v2/threat-signals/feeds/{feed_id},rssFeedDelete
x22-0832,9,cloudflare,PATCH,/accounts/{account_id}/cloudforce-one/v2/threat-signals/feeds/{feed_id},rssFeedUpdate
x22-0833,5,cloudflare,GET,/accounts/{account_id}/cloudforce-one/v2/threat-signals/feeds/{feed_id}/raw,rssFeedRawGet
x22-0834,9,cloudflare,GET,/accounts/{account_id}/cloudforce-one/v2/threat-signals/feeds/{feed_id}/skills,rssFeedSkillsGet
x22-0835,6,cloudflare,PUT,/accounts/{account_id}/cloudforce-one/v2/threat-signals/feeds/{feed_id}/skills,rssFeedSkillsSet
x22-0836,5,cloudflare,GET,/accounts/{account_id}/cloudforce-one/v2/threat-signals/health,rssHealth
x22-0837,3,cloudflare,GET,/accounts/{account_id}/cloudforce-one/v2/threat-signals/indicators,rssArticleIndicatorList
x22-0838,8,cloudflare,GET,/accounts/{account_id}/cloudforce-one/v2/threat-signals/skills,rssSkillList
x22-0839,10,cloudflare,POST,/accounts/{account_id}/cloudforce-one/v2/threat-signals/skills,rssSkillCreate
x22-0840,8,cloudflare,GET,/accounts/{account_id}/cloudforce-one/v2/threat-signals/skills/{skill_id},rssSkillGet
x22-0841,10,cloudflare,DELETE,/accounts/{account_id}/cloudforce-one/v2/threat-signals/skills/{skill_id},rssSkillDelete
x22-0842,2,cloudflare,PATCH,/accounts/{account_id}/cloudforce-one/v2/threat-signals/skills/{skill_id},rssSkillUpdate
x22-0843,10,cloudflare,GET,/accounts/{account_id}/cloudforce-one/v2/threat-signals/skills/{skill_id}/tag-categories,rssSkillTagCategoriesGet
x22-0844,10,cloudflare,PUT,/accounts/{account_id}/cloudforce-one/v2/threat-signals/skills/{skill_id}/tag-categories,rssSkillTagCategoriesReplace
x22-0845,10,cloudflare,GET,/accounts/{account_id}/cni/cnis,list_cnis
x22-0846,8,cloudflare,POST,/accounts/{account_id}/cni/cnis,create_cni
x22-0847,3,cloudflare,GET,/accounts/{account_id}/cni/cnis/{cni},get_cni
x22-0848,1,cloudflare,PUT,/accounts/{account_id}/cni/cnis/{cni},update_cni
x22-0849,1,cloudflare,DELETE,/accounts/{account_id}/cni/cnis/{cni},delete_cni
x22-0850,5,cloudflare,GET,/accounts/{account_id}/cni/interconnects,list_interconnects
x22-0851,10,cloudflare,POST,/accounts/{account_id}/cni/interconnects,create_interconnect
x22-0852,2,cloudflare,GET,/accounts/{account_id}/cni/interconnects/{icon},get_interconnect
x22-0853,8,cloudflare,DELETE,/accounts/{account_id}/cni/interconnects/{icon},delete_interconnect
x22-0854,2,cloudflare,GET,/accounts/{account_id}/cni/interconnects/{icon}/loa,get_interconnect_loa
x22-0855,9,cloudflare,GET,/accounts/{account_id}/cni/interconnects/{icon}/loa/default,get_interconnect_loa_default_name
x22-0856,10,cloudflare,GET,/accounts/{account_id}/cni/interconnects/{icon}/status,get_interconnect_status
x22-0857,10,cloudflare,GET,/accounts/{account_id}/cni/settings,get_settings
x22-0858,9,cloudflare,PUT,/accounts/{account_id}/cni/settings,update_settings
x22-0859,5,cloudflare,GET,/accounts/{account_id}/cni/slots,list_slots
x22-0860,9,cloudflare,GET,/accounts/{account_id}/cni/slots/{slot},get_slot
x22-0861,1,cloudflare,GET,/accounts/{account_id}/connectivity/directory/services,connectivity-services-list
x22-0862,7,cloudflare,POST,/accounts/{account_id}/connectivity/directory/services,connectivity-services-post
x22-0863,4,cloudflare,GET,/accounts/{account_id}/connectivity/directory/services/{service_id},connectivity-services-get
x22-0864,1,cloudflare,PUT,/accounts/{account_id}/connectivity/directory/services/{service_id},connectivity-services-put
x22-0865,6,cloudflare,DELETE,/accounts/{account_id}/connectivity/directory/services/{service_id},connectivity-services-delete
x22-0866,10,cloudflare,GET,/accounts/{account_id}/containers/applications,listApplications
x22-0867,9,cloudflare,POST,/accounts/{account_id}/containers/applications,createApplication
x22-0868,6,cloudflare,GET,/accounts/{account_id}/containers/applications/{application_id},getApplication
x22-0869,7,cloudflare,DELETE,/accounts/{account_id}/containers/applications/{application_id},deleteApplication
x22-0870,1,cloudflare,PATCH,/accounts/{account_id}/containers/applications/{application_id},modifyApplication
x22-0871,9,cloudflare,GET,/accounts/{account_id}/containers/applications/{application_id}/instances,listContainerInstances
x22-0872,9,cloudflare,GET,/accounts/{account_id}/containers/applications/{application_id}/instances/{instance_id},getContainerInstance
x22-0873,6,cloudflare,POST,/accounts/{account_id}/containers/applications/{application_id}/rollouts,createApplicationRollout
x22-0874,6,cloudflare,GET,/accounts/{account_id}/containers/applications/{application_id}/versions,listApplicationVersions
x22-0875,4,cloudflare,POST,/accounts/{account_id}/containers/image-preparations,prepareContainerImage
x22-0876,6,cloudflare,GET,/accounts/{account_id}/containers/registries,listImageRegistries
x22-0877,6,cloudflare,POST,/accounts/{account_id}/containers/registries,createImageRegistry
x22-0878,10,cloudflare,DELETE,/accounts/{account_id}/containers/registries/{domain},deleteImageRegistry
x22-0879,9,cloudflare,POST,/accounts/{account_id}/containers/registries/{domain}/credentials,generateImageRegistryCredentials
x22-0880,1,cloudflare,GET,/accounts/{account_id}/custom_csrs,custom-csrs-for-an-account-list-custom-csrs
x22-0881,3,cloudflare,POST,/accounts/{account_id}/custom_csrs,custom-csrs-for-an-account-create-custom-csr
x22-0882,2,cloudflare,GET,/accounts/{account_id}/custom_csrs/{custom_csr_id},custom-csrs-for-an-account-custom-csr-details
x22-0883,4,cloudflare,DELETE,/accounts/{account_id}/custom_csrs/{custom_csr_id},custom-csrs-for-an-account-delete-custom-csr
x22-0884,10,cloudflare,GET,/accounts/{account_id}/custom_ns,account-level-custom-nameservers-list-account-custom-nameservers
x22-0885,7,cloudflare,POST,/accounts/{account_id}/custom_ns,account-level-custom-nameservers-add-account-custom-nameserver
x22-0886,10,cloudflare,DELETE,/accounts/{account_id}/custom_ns/{custom_ns_id},account-level-custom-nameservers-delete-account-custom-nameserver
x22-0887,9,cloudflare,GET,/accounts/{account_id}/d1/database,d1-list-databases
x22-0888,9,cloudflare,POST,/accounts/{account_id}/d1/database,d1-create-database
x22-0889,10,cloudflare,GET,/accounts/{account_id}/d1/database/{database_id},d1-get-database
x22-0890,5,cloudflare,PUT,/accounts/{account_id}/d1/database/{database_id},d1-update-database
x22-0891,9,cloudflare,DELETE,/accounts/{account_id}/d1/database/{database_id},d1-delete-database
x22-0892,5,cloudflare,PATCH,/accounts/{account_id}/d1/database/{database_id},d1-update-partial-database
x22-0893,3,cloudflare,POST,/accounts/{account_id}/d1/database/{database_id}/export,d1-export-database
x22-0894,5,cloudflare,POST,/accounts/{account_id}/d1/database/{database_id}/import,d1-import-database
x22-0895,2,cloudflare,POST,/accounts/{account_id}/d1/database/{database_id}/query,d1-query-database
x22-0896,4,cloudflare,POST,/accounts/{account_id}/d1/database/{database_id}/raw,d1-raw-database-query
x22-0897,6,cloudflare,GET,/accounts/{account_id}/d1/database/{database_id}/time_travel/bookmark,d1-time-travel-get-bookmark
x22-0898,5,cloudflare,POST,/accounts/{account_id}/d1/database/{database_id}/time_travel/restore,d1-time-travel-restore
x22-0899,3,cloudflare,GET,/accounts/{account_id}/data-security/posture/content,ListContentAssets
x22-0900,6,cloudflare,POST,/accounts/{account_id}/data-security/posture/content/export,CreateContentExport
x22-0901,10,cloudflare,GET,/accounts/{account_id}/data-security/posture/exports,ListExportJobs
x22-0902,7,cloudflare,GET,/accounts/{account_id}/data-security/posture/exports/{id},GetExportJob
x22-0903,4,cloudflare,GET,/accounts/{account_id}/data-security/posture/finding_types,ListFindingTypes
x22-0904,5,cloudflare,GET,/accounts/{account_id}/data-security/posture/finding_types/{finding_type_id},GetFindingType
x22-0905,3,cloudflare,GET,/accounts/{account_id}/data-security/posture/finding_types/{finding_type_id}/remediation_types,GetRemediationTypesForFindingType
x22-0906,8,cloudflare,GET,/accounts/{account_id}/data-security/posture/findings,ListFindings
x22-0907,4,cloudflare,POST,/accounts/{account_id}/data-security/posture/findings/export,CreateFindingExportCSV
x22-0908,5,cloudflare,POST,/accounts/{account_id}/data-security/posture/findings/ignore,IgnoreFinding
x22-0909,3,cloudflare,POST,/accounts/{account_id}/data-security/posture/findings/unignore,UnIgnoreFinding
x22-0910,8,cloudflare,GET,/accounts/{account_id}/data-security/posture/findings/{finding_id},GetFinding
x22-0911,5,cloudflare,GET,/accounts/{account_id}/data-security/posture/findings/{finding_id}/instances,ListFindingInstances
x22-0912,3,cloudflare,POST,/accounts/{account_id}/data-security/posture/findings/{finding_id}/instances/archive,ArchiveFindingInstance
x22-0913,6,cloudflare,POST,/accounts/{account_id}/data-security/posture/findings/{finding_id}/instances/unarchive,UnarchiveFindingInstance
x22-0914,10,cloudflare,GET,/accounts/{account_id}/data-security/posture/findings/{finding_id}/instances/{instance_id},GetFindingInstance
x22-0915,8,cloudflare,POST,/accounts/{account_id}/data-security/posture/findings/{finding_id}/reset_finding_severity,ResetFindingSeverity
x22-0916,2,cloudflare,POST,/accounts/{account_id}/data-security/posture/findings/{finding_id}/tune_finding_severity,ChangeFindingSeverity
x22-0917,6,cloudflare,POST,/accounts/{account_id}/data-security/posture/findings/{storage_namespace_id}/instances/export,CreateFindingInstancesExportCSV
x22-0918,1,cloudflare,GET,/accounts/{account_id}/data-security/posture/policies,ListPolicies
x22-0919,6,cloudflare,POST,/accounts/{account_id}/data-security/posture/policies,CreatePolicy
x22-0920,4,cloudflare,GET,/accounts/{account_id}/data-security/posture/policies/logs,ListPolicyLogs
x22-0921,4,cloudflare,GET,/accounts/{account_id}/data-security/posture/policies/{policy_id},GetPolicyByID
x22-0922,1,cloudflare,PUT,/accounts/{account_id}/data-security/posture/policies/{policy_id},UpdatePolicy
x22-0923,8,cloudflare,DELETE,/accounts/{account_id}/data-security/posture/policies/{policy_id},DeletePolicy
x22-0924,6,cloudflare,GET,/accounts/{account_id}/data-security/posture/remediations/jobs,ListRemediationJobs
x22-0925,9,cloudflare,POST,/accounts/{account_id}/data-security/posture/remediations/jobs,CreateRemediationJobs
x22-0926,1,cloudflare,POST,/accounts/{account_id}/data-security/posture/remediations/jobs/export,CreateRemediationJobsExportCSV
x22-0927,2,cloudflare,GET,/accounts/{account_id}/data-security/posture/webhooks,ListWebhooks
x22-0928,5,cloudflare,POST,/accounts/{account_id}/data-security/posture/webhooks,CreateWebhook
x22-0929,8,cloudflare,POST,/accounts/{account_id}/data-security/posture/webhooks/evaluate,EvaluateNewWebhook
x22-0930,4,cloudflare,POST,/accounts/{account_id}/data-security/posture/webhooks/jobs,CreateWebhookJobs
x22-0931,1,cloudflare,GET,/accounts/{account_id}/data-security/posture/webhooks/{webhook_id},GetWebhookConfigByID
x22-0932,8,cloudflare,PUT,/accounts/{account_id}/data-security/posture/webhooks/{webhook_id},UpdateWebhook
x22-0933,5,cloudflare,DELETE,/accounts/{account_id}/data-security/posture/webhooks/{webhook_id},DeleteWebhook
x22-0934,5,cloudflare,POST,/accounts/{account_id}/data-security/posture/webhooks/{webhook_id}/evaluate,EvaluateExistingWebhook
x22-0935,7,cloudflare,GET,/accounts/{account_id}/devices,devices-list-devices
x22-0936,5,cloudflare,GET,/accounts/{account_id}/devices/client-versions,list-client-versions
x22-0937,1,cloudflare,GET,/accounts/{account_id}/devices/client-versions/target-environments,list-client-target-environments
x22-0938,4,cloudflare,GET,/accounts/{account_id}/devices/deployment-groups,list-deployment-groups
x22-0939,1,cloudflare,POST,/accounts/{account_id}/devices/deployment-groups,create-deployment-group
x22-0940,9,cloudflare,GET,/accounts/{account_id}/devices/deployment-groups/{group_id},get-deployment-group
x22-0941,8,cloudflare,DELETE,/accounts/{account_id}/devices/deployment-groups/{group_id},delete-deployment-group
x22-0942,8,cloudflare,PATCH,/accounts/{account_id}/devices/deployment-groups/{group_id},update-deployment-group
x22-0943,6,cloudflare,GET,/accounts/{account_id}/devices/ip-profiles,list-ip-profiles
x22-0944,3,cloudflare,POST,/accounts/{account_id}/devices/ip-profiles,create-ip-profile
x22-0945,10,cloudflare,GET,/accounts/{account_id}/devices/ip-profiles/{profile_id},get-ip-profile
x22-0946,3,cloudflare,DELETE,/accounts/{account_id}/devices/ip-profiles/{profile_id},delete-ip-profile
x22-0947,9,cloudflare,PATCH,/accounts/{account_id}/devices/ip-profiles/{profile_id},update-ip-profile
x22-0948,7,cloudflare,GET,/accounts/{account_id}/devices/networks,device-managed-networks-list-device-managed-networks
x22-0949,8,cloudflare,POST,/accounts/{account_id}/devices/networks,device-managed-networks-create-device-managed-network
x22-0950,8,cloudflare,GET,/accounts/{account_id}/devices/networks/{network_id},device-managed-networks-device-managed-network-details
x22-0951,6,cloudflare,PUT,/accounts/{account_id}/devices/networks/{network_id},device-managed-networks-update-device-managed-network
x22-0952,3,cloudflare,DELETE,/accounts/{account_id}/devices/networks/{network_id},device-managed-networks-delete-device-managed-network
x22-0953,4,cloudflare,GET,/accounts/{account_id}/devices/physical-devices,list-devices
x22-0954,7,cloudflare,GET,/accounts/{account_id}/devices/physical-devices/{device_id},get-device
x22-0955,9,cloudflare,DELETE,/accounts/{account_id}/devices/physical-devices/{device_id},delete-device
x22-0956,1,cloudflare,POST,/accounts/{account_id}/devices/physical-devices/{device_id}/revoke,revoke-device
x22-0957,7,cloudflare,GET,/accounts/{account_id}/devices/policies,devices-list-device-settings-policies
x22-0958,3,cloudflare,GET,/accounts/{account_id}/devices/policy,devices-get-default-device-settings-policy
x22-0959,5,cloudflare,POST,/accounts/{account_id}/devices/policy,devices-create-device-settings-policy
x22-0960,1,cloudflare,PATCH,/accounts/{account_id}/devices/policy,devices-update-default-device-settings-policy
x22-0961,1,cloudflare,GET,/accounts/{account_id}/devices/policy/exclude,devices-get-split-tunnel-exclude-list
x22-0962,7,cloudflare,PUT,/accounts/{account_id}/devices/policy/exclude,devices-set-split-tunnel-exclude-list
x22-0963,2,cloudflare,GET,/accounts/{account_id}/devices/policy/fallback_domains,devices-get-local-domain-fallback-list
x22-0964,5,cloudflare,PUT,/accounts/{account_id}/devices/policy/fallback_domains,devices-set-local-domain-fallback-list
x22-0965,3,cloudflare,GET,/accounts/{account_id}/devices/policy/include,devices-get-split-tunnel-include-list
x22-0966,7,cloudflare,PUT,/accounts/{account_id}/devices/policy/include,devices-set-split-tunnel-include-list
x22-0967,3,cloudflare,GET,/accounts/{account_id}/devices/policy/{policy_id},devices-get-device-settings-policy-by-id
x22-0968,7,cloudflare,DELETE,/accounts/{account_id}/devices/policy/{policy_id},devices-delete-device-settings-policy
x22-0969,3,cloudflare,PATCH,/accounts/{account_id}/devices/policy/{policy_id},devices-update-device-settings-policy
x22-0970,1,cloudflare,GET,/accounts/{account_id}/devices/policy/{policy_id}/exclude,devices-get-split-tunnel-exclude-list-for-a-device-settings-policy
x22-0971,3,cloudflare,PUT,/accounts/{account_id}/devices/policy/{policy_id}/exclude,devices-set-split-tunnel-exclude-list-for-a-device-settings-policy
x22-0972,8,cloudflare,GET,/accounts/{account_id}/devices/policy/{policy_id}/fallback_domains,devices-get-local-domain-fallback-list-for-a-device-settings-policy
x22-0973,7,cloudflare,PUT,/accounts/{account_id}/devices/policy/{policy_id}/fallback_domains,devices-set-local-domain-fallback-list-for-a-device-settings-policy
x22-0974,8,cloudflare,GET,/accounts/{account_id}/devices/policy/{policy_id}/include,devices-get-split-tunnel-include-list-for-a-device-settings-policy
x22-0975,3,cloudflare,PUT,/accounts/{account_id}/devices/policy/{policy_id}/include,devices-set-split-tunnel-include-list-for-a-device-settings-policy
x22-0976,8,cloudflare,GET,/accounts/{account_id}/devices/posture,device-posture-rules-list-device-posture-rules
x22-0977,2,cloudflare,POST,/accounts/{account_id}/devices/posture,device-posture-rules-create-device-posture-rule
x22-0978,3,cloudflare,GET,/accounts/{account_id}/devices/posture/integration,device-posture-integrations-list-device-posture-integrations
x22-0979,5,cloudflare,POST,/accounts/{account_id}/devices/posture/integration,device-posture-integrations-create-device-posture-integration
x22-0980,5,cloudflare,GET,/accounts/{account_id}/devices/posture/integration/{integration_id},device-posture-integrations-device-posture-integration-details
x22-0981,2,cloudflare,DELETE,/accounts/{account_id}/devices/posture/integration/{integration_id},device-posture-integrations-delete-device-posture-integration
x22-0982,3,cloudflare,PATCH,/accounts/{account_id}/devices/posture/integration/{integration_id},device-posture-integrations-update-device-posture-integration
x22-0983,3,cloudflare,GET,/accounts/{account_id}/devices/posture/{rule_id},device-posture-rules-device-posture-rules-details
x22-0984,5,cloudflare,PUT,/accounts/{account_id}/devices/posture/{rule_id},device-posture-rules-update-device-posture-rule
x22-0985,7,cloudflare,DELETE,/accounts/{account_id}/devices/posture/{rule_id},device-posture-rules-delete-device-posture-rule
x22-0986,3,cloudflare,GET,/accounts/{account_id}/devices/registrations,list-registrations
x22-0987,3,cloudflare,DELETE,/accounts/{account_id}/devices/registrations,delete-registrations
x22-0988,9,cloudflare,POST,/accounts/{account_id}/devices/registrations/revoke,revoke-registrations
x22-0989,7,cloudflare,POST,/accounts/{account_id}/devices/registrations/unrevoke,unrevoke-registrations
x22-0990,3,cloudflare,GET,/accounts/{account_id}/devices/registrations/{registration_id},get-registration
x22-0991,3,cloudflare,DELETE,/accounts/{account_id}/devices/registrations/{registration_id},delete-registration
x22-0992,7,cloudflare,GET,/accounts/{account_id}/devices/registrations/{registration_id}/override_codes,get-registration-override-codes
x22-0993,10,cloudflare,GET,/accounts/{account_id}/devices/resilience/disconnect,devices-resilience-retrieve-global-warp-override
x22-0994,2,cloudflare,POST,/accounts/{account_id}/devices/resilience/disconnect,devices-resilience-set-global-warp-override
x22-0995,4,cloudflare,POST,/accounts/{account_id}/devices/revoke,devices-revoke-devices
x22-0996,7,cloudflare,GET,/accounts/{account_id}/devices/settings,zero-trust-accounts-get-device-settings-for-zero-trust-account
x22-0997,3,cloudflare,PUT,/accounts/{account_id}/devices/settings,zero-trust-accounts-update-device-settings-for-the-zero-trust-account
x22-0998,1,cloudflare,DELETE,/accounts/{account_id}/devices/settings,zero-trust-accounts-delete-device-settings-for-zero-trust-account
x22-0999,6,cloudflare,PATCH,/accounts/{account_id}/devices/settings,zero-trust-accounts-patch-device-settings-for-the-zero-trust-account
x22-1000,6,cloudflare,POST,/accounts/{account_id}/devices/unrevoke,devices-unrevoke-devices
x22-1001,4,cloudflare,GET,/accounts/{account_id}/devices/{device_id},devices-device-details
x22-1002,9,cloudflare,GET,/accounts/{account_id}/devices/{device_id}/override_codes,devices-list-admin-override-code-for-device
x22-1003,7,cloudflare,GET,/accounts/{account_id}/dex/colos,dex-endpoints-list-colos
x22-1004,9,cloudflare,GET,/accounts/{account_id}/dex/commands,get-commands
x22-1005,3,cloudflare,POST,/accounts/{account_id}/dex/commands,post-commands
x22-1006,4,cloudflare,GET,/accounts/{account_id}/dex/commands/devices,get-commands-eligible-devices
x22-1007,9,cloudflare,GET,/accounts/{account_id}/dex/commands/quota,get-commands-quota
x22-1008,2,cloudflare,GET,/accounts/{account_id}/dex/commands/{command_id}/downloads/{filename},get-commands-command-id-downloads-filename
x22-1009,9,cloudflare,GET,/accounts/{account_id}/dex/devices/dex_tests,device-dex-test-details
x22-1010,5,cloudflare,POST,/accounts/{account_id}/dex/devices/dex_tests,device-dex-test-create-device-dex-test
x22-1011,3,cloudflare,GET,/accounts/{account_id}/dex/devices/dex_tests/{dex_test_id},device-dex-test-get-device-dex-test
x22-1012,9,cloudflare,PUT,/accounts/{account_id}/dex/devices/dex_tests/{dex_test_id},device-dex-test-update-device-dex-test
x22-1013,1,cloudflare,DELETE,/accounts/{account_id}/dex/devices/dex_tests/{dex_test_id},device-dex-test-delete-device-dex-test
x22-1014,2,cloudflare,GET,/accounts/{account_id}/dex/devices/{device_id}/fleet-status/live,devices-live-status
x22-1015,7,cloudflare,GET,/accounts/{account_id}/dex/devices/{device_id}/fleet-status/over-time,dex-device-status-over-time
x22-1016,2,cloudflare,GET,/accounts/{account_id}/dex/devices/{device_id}/isps,dex-endpoints-list-device-isps
x22-1017,9,cloudflare,GET,/accounts/{account_id}/dex/fleet-status/devices,dex-fleet-status-devices
x22-1018,7,cloudflare,GET,/accounts/{account_id}/dex/fleet-status/live,dex-fleet-status-live
x22-1019,4,cloudflare,GET,/accounts/{account_id}/dex/fleet-status/over-time,dex-fleet-status-over-time
x22-1020,1,cloudflare,GET,/accounts/{account_id}/dex/http-tests/{test_id},dex-endpoints-http-test-details
x22-1021,3,cloudflare,GET,/accounts/{account_id}/dex/http-tests/{test_id}/percentiles,dex-endpoints-http-test-percentiles
x22-1022,6,cloudflare,GET,/accounts/{account_id}/dex/rules,list-dex-rules
x22-1023,7,cloudflare,POST,/accounts/{account_id}/dex/rules,create-dex-rule
x22-1024,7,cloudflare,GET,/accounts/{account_id}/dex/rules/{rule_id},get-dex-rule
x22-1025,7,cloudflare,DELETE,/accounts/{account_id}/dex/rules/{rule_id},delete-dex-rule
x22-1026,2,cloudflare,PATCH,/accounts/{account_id}/dex/rules/{rule_id},update-dex-rule
x22-1027,10,cloudflare,GET,/accounts/{account_id}/dex/tests/overview,dex-endpoints-list-tests-overview
x22-1028,1,cloudflare,GET,/accounts/{account_id}/dex/tests/unique-devices,dex-endpoints-tests-unique-devices
x22-1029,7,cloudflare,GET,/accounts/{account_id}/dex/traceroute-test-results/{test_result_id}/network-path,dex-endpoints-traceroute-test-result-network-path
x22-1030,4,cloudflare,GET,/accounts/{account_id}/dex/traceroute-tests/{test_id},dex-endpoints-traceroute-test-details
x22-1031,1,cloudflare,GET,/accounts/{account_id}/dex/traceroute-tests/{test_id}/network-path,dex-endpoints-traceroute-test-network-path
x22-1032,2,cloudflare,GET,/accounts/{account_id}/dex/traceroute-tests/{test_id}/percentiles,dex-endpoints-traceroute-test-percentiles
x22-1033,4,cloudflare,GET,/accounts/{account_id}/dex/warp-change-events,list-warp-change-events
x22-1034,8,cloudflare,GET,/accounts/{account_id}/diagnostics/endpoint-healthchecks,diagnostics-endpoint-healthcheck-list
x22-1035,2,cloudflare,POST,/accounts/{account_id}/diagnostics/endpoint-healthchecks,diagnostics-endpoint-healthcheck-create
x22-1036,9,cloudflare,GET,/accounts/{account_id}/diagnostics/endpoint-healthchecks/{id},diagnostics-endpoint-healthcheck-get
x22-1037,9,cloudflare,PUT,/accounts/{account_id}/diagnostics/endpoint-healthchecks/{id},diagnostics-endpoint-healthcheck-update
x22-1038,4,cloudflare,DELETE,/accounts/{account_id}/diagnostics/endpoint-healthchecks/{id},diagnostics-endpoint-healthcheck-delete
x22-1039,8,cloudflare,POST,/accounts/{account_id}/diagnostics/traceroute,diagnostics-traceroute
x22-1040,4,cloudflare,GET,/accounts/{account_id}/dlp/custom_prompt_topics,dlp-custom-prompt-topics-list
x22-1041,4,cloudflare,POST,/accounts/{account_id}/dlp/custom_prompt_topics,dlp-custom-prompt-topics-create
x22-1042,8,cloudflare,GET,/accounts/{account_id}/dlp/custom_prompt_topics/{entry_id},dlp-custom-prompt-topics-get
x22-1043,2,cloudflare,PUT,/accounts/{account_id}/dlp/custom_prompt_topics/{entry_id},dlp-custom-prompt-topics-update
x22-1044,3,cloudflare,DELETE,/accounts/{account_id}/dlp/custom_prompt_topics/{entry_id},dlp-custom-prompt-topics-delete
x22-1045,10,cloudflare,GET,/accounts/{account_id}/dlp/data_classes,dlp-data-classes-list
x22-1046,5,cloudflare,POST,/accounts/{account_id}/dlp/data_classes,dlp-data-classes-create
x22-1047,6,cloudflare,GET,/accounts/{account_id}/dlp/data_classes/{data_class_id},dlp-data-classes-read
x22-1048,8,cloudflare,PUT,/accounts/{account_id}/dlp/data_classes/{data_class_id},dlp-data-classes-update
x22-1049,9,cloudflare,DELETE,/accounts/{account_id}/dlp/data_classes/{data_class_id},dlp-data-classes-delete
x22-1050,8,cloudflare,GET,/accounts/{account_id}/dlp/data_tag_categories,dlp-data-tag-categories-list
x22-1051,6,cloudflare,POST,/accounts/{account_id}/dlp/data_tag_categories,dlp-data-tag-categories-create
x22-1052,9,cloudflare,GET,/accounts/{account_id}/dlp/data_tag_categories/{category_id},dlp-data-tag-categories-read
x22-1053,9,cloudflare,PUT,/accounts/{account_id}/dlp/data_tag_categories/{category_id},dlp-data-tag-categories-update
x22-1054,10,cloudflare,DELETE,/accounts/{account_id}/dlp/data_tag_categories/{category_id},dlp-data-tag-categories-delete
x22-1055,9,cloudflare,GET,/accounts/{account_id}/dlp/data_tag_categories/{category_id}/data_tags,dlp-data-tags-list
x22-1056,7,cloudflare,POST,/accounts/{account_id}/dlp/data_tag_categories/{category_id}/data_tags,dlp-data-tags-create
x22-1057,5,cloudflare,GET,/accounts/{account_id}/dlp/data_tag_categories/{category_id}/data_tags/{tag_id},dlp-data-tags-read
x22-1058,2,cloudflare,PUT,/accounts/{account_id}/dlp/data_tag_categories/{category_id}/data_tags/{tag_id},dlp-data-tags-update
x22-1059,5,cloudflare,DELETE,/accounts/{account_id}/dlp/data_tag_categories/{category_id}/data_tags/{tag_id},dlp-data-tags-delete
x22-1060,1,cloudflare,GET,/accounts/{account_id}/dlp/data_tag_category_templates,dlp-data-tag-category-templates-list
x22-1061,3,cloudflare,GET,/accounts/{account_id}/dlp/data_tag_category_templates/{template_id},dlp-data-tag-category-template-read
x22-1062,9,cloudflare,GET,/accounts/{account_id}/dlp/datasets,dlp-datasets-read-all
x22-1063,1,cloudflare,POST,/accounts/{account_id}/dlp/datasets,dlp-datasets-create
x22-1064,5,cloudflare,GET,/accounts/{account_id}/dlp/datasets/{dataset_id},dlp-datasets-read
x22-1065,1,cloudflare,PUT,/accounts/{account_id}/dlp/datasets/{dataset_id},dlp-datasets-update
x22-1066,8,cloudflare,DELETE,/accounts/{account_id}/dlp/datasets/{dataset_id},dlp-datasets-delete
x22-1067,10,cloudflare,POST,/accounts/{account_id}/dlp/datasets/{dataset_id}/upload,dlp-datasets-create-version
x22-1068,8,cloudflare,POST,/accounts/{account_id}/dlp/datasets/{dataset_id}/upload/{version},dlp-datasets-upload-version
x22-1069,9,cloudflare,POST,/accounts/{account_id}/dlp/datasets/{dataset_id}/versions/{version},dlp-datasets-define-columns
x22-1070,10,cloudflare,POST,/accounts/{account_id}/dlp/datasets/{dataset_id}/versions/{version}/entries/{entry_id},dlp-datasets-upload-dataset-column
x22-1071,4,cloudflare,GET,/accounts/{account_id}/dlp/document_fingerprints,dlp-document-fingerprints-read-all
x22-1072,10,cloudflare,POST,/accounts/{account_id}/dlp/document_fingerprints,dlp-document-fingerprints-create
x22-1073,10,cloudflare,GET,/accounts/{account_id}/dlp/document_fingerprints/{document_fingerprint_id},dlp-document-fingerprints-read
x22-1074,5,cloudflare,POST,/accounts/{account_id}/dlp/document_fingerprints/{document_fingerprint_id},dlp-document-fingerprints-update
x22-1075,2,cloudflare,PUT,/accounts/{account_id}/dlp/document_fingerprints/{document_fingerprint_id},dlp-document-fingerprints-upload
x22-1076,1,cloudflare,DELETE,/accounts/{account_id}/dlp/document_fingerprints/{document_fingerprint_id},dlp-document-fingerprints-delete
x22-1077,6,cloudflare,GET,/accounts/{account_id}/dlp/email/account_mapping,dlp-email-scanner-get-account-mapping
x22-1078,6,cloudflare,POST,/accounts/{account_id}/dlp/email/account_mapping,dlp-email-scanner-create-account-mapping
x22-1079,8,cloudflare,GET,/accounts/{account_id}/dlp/email/rules,dlp-email-scanner-list-all-rules
x22-1080,9,cloudflare,POST,/accounts/{account_id}/dlp/email/rules,dlp-email-scanner-create-rule
x22-1081,10,cloudflare,PATCH,/accounts/{account_id}/dlp/email/rules,dlp-email-scanner-update-rule-priorities
x22-1082,2,cloudflare,GET,/accounts/{account_id}/dlp/email/rules/{rule_id},dlp-email-scanner-get-rule
x22-1083,5,cloudflare,PUT,/accounts/{account_id}/dlp/email/rules/{rule_id},dlp-email-scanner-update-rule
x22-1084,9,cloudflare,DELETE,/accounts/{account_id}/dlp/email/rules/{rule_id},dlp-email-scanner-delete-rule
x22-1085,7,cloudflare,GET,/accounts/{account_id}/dlp/entries,dlp-entries-list-all-entries
x22-1086,9,cloudflare,POST,/accounts/{account_id}/dlp/entries,dlp-entries-create-entry
x22-1087,8,cloudflare,PUT,/accounts/{account_id}/dlp/entries/custom/{entry_id},dlp-entries-update-custom-entry
x22-1088,9,cloudflare,POST,/accounts/{account_id}/dlp/entries/integration,dlp-entries-create-integration-entry
x22-1089,8,cloudflare,PUT,/accounts/{account_id}/dlp/entries/integration/{entry_id},dlp-entries-update-integration-entry
x22-1090,1,cloudflare,DELETE,/accounts/{account_id}/dlp/entries/integration/{entry_id},dlp-entries-delete-integration-entry
x22-1091,10,cloudflare,POST,/accounts/{account_id}/dlp/entries/predefined,dlp-entries-create-predefined-entry
x22-1092,3,cloudflare,PUT,/accounts/{account_id}/dlp/entries/predefined/{entry_id},dlp-entries-update-predefined-entry
x22-1093,10,cloudflare,DELETE,/accounts/{account_id}/dlp/entries/predefined/{entry_id},dlp-entries-delete-predefined-entry
x22-1094,3,cloudflare,GET,/accounts/{account_id}/dlp/entries/{entry_id},dlp-entries-get-dlp-entry
x22-1095,9,cloudflare,PUT,/accounts/{account_id}/dlp/entries/{entry_id},dlp-entries-update-entry
x22-1096,1,cloudflare,DELETE,/accounts/{account_id}/dlp/entries/{entry_id},dlp-entries-delete-entry
x22-1097,6,cloudflare,GET,/accounts/{account_id}/dlp/limits,dlp-limits-get
x22-1098,7,cloudflare,POST,/accounts/{account_id}/dlp/patterns/validate,dlp-pattern-validate
x22-1099,3,cloudflare,GET,/accounts/{account_id}/dlp/payload_log,dlp-payload-log-get
x22-1100,2,cloudflare,PUT,/accounts/{account_id}/dlp/payload_log,dlp-payload-log-put
x22-1101,2,cloudflare,GET,/accounts/{account_id}/dlp/profiles,dlp-profiles-list-all-profiles
x22-1102,9,cloudflare,GET,/accounts/{account_id}/dlp/profiles/custom,dlp-profiles-list-all-custom-profiles
x22-1103,1,cloudflare,POST,/accounts/{account_id}/dlp/profiles/custom,dlp-profiles-create-custom-profiles
x22-1104,9,cloudflare,GET,/accounts/{account_id}/dlp/profiles/custom/{profile_id},dlp-profiles-get-custom-profile
x22-1105,7,cloudflare,PUT,/accounts/{account_id}/dlp/profiles/custom/{profile_id},dlp-profiles-update-custom-profile
x22-1106,5,cloudflare,DELETE,/accounts/{account_id}/dlp/profiles/custom/{profile_id},dlp-profiles-delete-custom-profile
x22-1107,5,cloudflare,POST,/accounts/{account_id}/dlp/profiles/predefined,dlp-profiles-create-predefined-profile
x22-1108,5,cloudflare,GET,/accounts/{account_id}/dlp/profiles/predefined/{profile_id},dlp-profiles-get-predefined-profile
x22-1109,1,cloudflare,PUT,/accounts/{account_id}/dlp/profiles/predefined/{profile_id},dlp-profiles-update-predefined-profile
x22-1110,7,cloudflare,DELETE,/accounts/{account_id}/dlp/profiles/predefined/{profile_id},dlp-profiles-delete-predefined-profile
x22-1111,2,cloudflare,GET,/accounts/{account_id}/dlp/profiles/predefined/{profile_id}/config,dlp-profiles-get-predefined-profile-config
x22-1112,9,cloudflare,POST,/accounts/{account_id}/dlp/profiles/predefined/{profile_id}/config,dlp-profiles-create-predefined-profile-config
x22-1113,9,cloudflare,PUT,/accounts/{account_id}/dlp/profiles/predefined/{profile_id}/config,dlp-profiles-update-predefined-profile-config
x22-1114,10,cloudflare,GET,/accounts/{account_id}/dlp/profiles/{profile_id},dlp-profiles-get-dlp-profile
x22-1115,7,cloudflare,GET,/accounts/{account_id}/dlp/sensitivity_groups,dlp-sensitivity-groups-list
x22-1116,2,cloudflare,POST,/accounts/{account_id}/dlp/sensitivity_groups,dlp-sensitivity-groups-create
x22-1117,2,cloudflare,GET,/accounts/{account_id}/dlp/sensitivity_groups/templates,dlp-sensitivity-group-templates-list
x22-1118,9,cloudflare,GET,/accounts/{account_id}/dlp/sensitivity_groups/templates/{template_id},dlp-sensitivity-group-template-read
x22-1119,7,cloudflare,GET,/accounts/{account_id}/dlp/sensitivity_groups/{sensitivity_group_id},dlp-sensitivity-groups-read
x22-1120,1,cloudflare,PUT,/accounts/{account_id}/dlp/sensitivity_groups/{sensitivity_group_id},dlp-sensitivity-groups-update
x22-1121,7,cloudflare,DELETE,/accounts/{account_id}/dlp/sensitivity_groups/{sensitivity_group_id},dlp-sensitivity-groups-delete
x22-1122,8,cloudflare,GET,/accounts/{account_id}/dlp/sensitivity_groups/{sensitivity_group_id}/level_order,dlp-sensitivity-groups-get-level-order
x22-1123,8,cloudflare,PUT,/accounts/{account_id}/dlp/sensitivity_groups/{sensitivity_group_id}/level_order,dlp-sensitivity-groups-put-level-order
x22-1124,8,cloudflare,GET,/accounts/{account_id}/dlp/sensitivity_groups/{sensitivity_group_id}/levels,dlp-sensitivity-levels-list
x22-1125,5,cloudflare,POST,/accounts/{account_id}/dlp/sensitivity_groups/{sensitivity_group_id}/levels,dlp-sensitivity-levels-create
x22-1126,9,cloudflare,GET,/accounts/{account_id}/dlp/sensitivity_groups/{sensitivity_group_id}/levels/{sensitivity_level_id},dlp-sensitivity-levels-read
x22-1127,2,cloudflare,PUT,/accounts/{account_id}/dlp/sensitivity_groups/{sensitivity_group_id}/levels/{sensitivity_level_id},dlp-sensitivity-levels-update
x22-1128,10,cloudflare,DELETE,/accounts/{account_id}/dlp/sensitivity_groups/{sensitivity_group_id}/levels/{sensitivity_level_id},dlp-sensitivity-levels-delete
x22-1129,8,cloudflare,GET,/accounts/{account_id}/dlp/settings,dlp-settings-get
x22-1130,3,cloudflare,PUT,/accounts/{account_id}/dlp/settings,dlp-settings-update
x22-1131,9,cloudflare,DELETE,/accounts/{account_id}/dlp/settings,dlp-settings-delete
x22-1132,8,cloudflare,PATCH,/accounts/{account_id}/dlp/settings,dlp-settings-edit
x22-1133,9,cloudflare,GET,/accounts/{account_id}/dls/regional_services/prefix_bindings,publicListPrefixBindings
x22-1134,10,cloudflare,POST,/accounts/{account_id}/dls/regional_services/prefix_bindings,publicCreatePrefixBinding
x22-1135,2,cloudflare,GET,/accounts/{account_id}/dls/regional_services/prefix_bindings/{binding_id},publicGetPrefixBinding
x22-1136,5,cloudflare,DELETE,/accounts/{account_id}/dls/regional_services/prefix_bindings/{binding_id},publicDeletePrefixBinding
x22-1137,9,cloudflare,PATCH,/accounts/{account_id}/dls/regional_services/prefix_bindings/{binding_id},publicPatchPrefixBinding
x22-1138,3,cloudflare,GET,/accounts/{account_id}/dls/regions,publicListRegions
x22-1139,4,cloudflare,GET,/accounts/{account_id}/dls/regions/{region_id},publicGetRegion
x22-1140,4,cloudflare,GET,/accounts/{account_id}/dns_firewall,dns-firewall-list-dns-firewall-clusters
x22-1141,3,cloudflare,POST,/accounts/{account_id}/dns_firewall,dns-firewall-create-dns-firewall-cluster
x22-1142,1,cloudflare,GET,/accounts/{account_id}/dns_firewall/{dns_firewall_id},dns-firewall-dns-firewall-cluster-details
x22-1143,4,cloudflare,DELETE,/accounts/{account_id}/dns_firewall/{dns_firewall_id},dns-firewall-delete-dns-firewall-cluster
x22-1144,9,cloudflare,PATCH,/accounts/{account_id}/dns_firewall/{dns_firewall_id},dns-firewall-update-dns-firewall-cluster
x22-1145,9,cloudflare,GET,/accounts/{account_id}/dns_firewall/{dns_firewall_id}/dns_analytics/report,dns-firewall-analytics-table
x22-1146,6,cloudflare,GET,/accounts/{account_id}/dns_firewall/{dns_firewall_id}/dns_analytics/report/bytime,dns-firewall-analytics-by-time
x22-1147,3,cloudflare,GET,/accounts/{account_id}/dns_firewall/{dns_firewall_id}/reverse_dns,dns-firewall-show-dns-firewall-cluster-reverse-dns
x22-1148,3,cloudflare,PATCH,/accounts/{account_id}/dns_firewall/{dns_firewall_id}/reverse_dns,dns-firewall-update-dns-firewall-cluster-reverse-dns
x22-1149,6,cloudflare,GET,/accounts/{account_id}/dns_records/usage,dns-records-for-an-account-get-usage
x22-1150,6,cloudflare,GET,/accounts/{account_id}/dns_settings,dns-settings-for-an-account-list-dns-settings
x22-1151,4,cloudflare,PATCH,/accounts/{account_id}/dns_settings,dns-settings-for-an-account-update-dns-settings
x22-1152,4,cloudflare,GET,/accounts/{account_id}/dns_settings/views,dns-views-for-an-account-list-internal-dns-views
x22-1153,4,cloudflare,POST,/accounts/{account_id}/dns_settings/views,dns-views-for-an-account-create-internal-dns-views
x22-1154,4,cloudflare,GET,/accounts/{account_id}/dns_settings/views/{view_id},dns-views-for-an-account-get-internal-dns-view
x22-1155,10,cloudflare,DELETE,/accounts/{account_id}/dns_settings/views/{view_id},dns-views-for-an-account-delete-internal-dns-view
x22-1156,3,cloudflare,PATCH,/accounts/{account_id}/dns_settings/views/{view_id},dns-views-for-an-account-update-internal-dns-view
x22-1157,2,cloudflare,GET,/accounts/{account_id}/email-security/analytics/monthly_report,email_security_get_monthly_report
x22-1158,4,cloudflare,GET,/accounts/{account_id}/email-security/investigate,email_security_investigate
x22-1159,10,cloudflare,GET,/accounts/{account_id}/email-security/investigate/bulk,email_security_get_bulk_jobs
x22-1160,6,cloudflare,POST,/accounts/{account_id}/email-security/investigate/bulk,email_security_create_bulk_job
x22-1161,2,cloudflare,GET,/accounts/{account_id}/email-security/investigate/bulk/{job_id},email_security_get_bulk_job
x22-1162,6,cloudflare,DELETE,/accounts/{account_id}/email-security/investigate/bulk/{job_id},email_security_delete_bulk_job
x22-1163,8,cloudflare,POST,/accounts/{account_id}/email-security/investigate/bulk/{job_id}/cancel,email_security_cancel_bulk_job
x22-1164,9,cloudflare,GET,/accounts/{account_id}/email-security/investigate/bulk/{job_id}/messages,email_security_get_bulk_job_messages
x22-1165,10,cloudflare,POST,/accounts/{account_id}/email-security/investigate/move,email_security_post_bulk_move
x22-1166,6,cloudflare,POST,/accounts/{account_id}/email-security/investigate/preview,email_security_post_preview
x22-1167,1,cloudflare,POST,/accounts/{account_id}/email-security/investigate/release,email_security_post_release
x22-1168,4,cloudflare,GET,/accounts/{account_id}/email-security/investigate/{investigate_id},email_security_get_message
x22-1169,9,cloudflare,GET,/accounts/{account_id}/email-security/investigate/{investigate_id}/action_log,email_security_get_message_action_log
x22-1170,7,cloudflare,GET,/accounts/{account_id}/email-security/investigate/{investigate_id}/detections,email_security_get_message_detections
x22-1171,8,cloudflare,POST,/accounts/{account_id}/email-security/investigate/{investigate_id}/move,email_security_post_message_move
x22-1172,6,cloudflare,GET,/accounts/{account_id}/email-security/investigate/{investigate_id}/preview,email_security_get_message_preview
x22-1173,7,cloudflare,GET,/accounts/{account_id}/email-security/investigate/{investigate_id}/raw,email_security_get_message_raw
x22-1174,6,cloudflare,POST,/accounts/{account_id}/email-security/investigate/{investigate_id}/reclassify,email_security_post_reclassify
x22-1175,6,cloudflare,GET,/accounts/{account_id}/email-security/investigate/{investigate_id}/trace,email_security_get_message_trace
x22-1176,7,cloudflare,GET,/accounts/{account_id}/email-security/phishguard/reports,email_security_get_phishguard_reports
x22-1177,4,cloudflare,GET,/accounts/{account_id}/email-security/settings/allow_policies,email_security_list_allow_policies
x22-1178,4,cloudflare,POST,/accounts/{account_id}/email-security/settings/allow_policies,email_security_create_allow_policy
x22-1179,8,cloudflare,POST,/accounts/{account_id}/email-security/settings/allow_policies/batch,email_security_batch_allow_policies
x22-1180,9,cloudflare,GET,/accounts/{account_id}/email-security/settings/allow_policies/{policy_id},email_security_get_allow_policy
x22-1181,4,cloudflare,PUT,/accounts/{account_id}/email-security/settings/allow_policies/{policy_id},email_security_replace_allow_policy
x22-1182,8,cloudflare,DELETE,/accounts/{account_id}/email-security/settings/allow_policies/{policy_id},email_security_delete_allow_policy
x22-1183,9,cloudflare,PATCH,/accounts/{account_id}/email-security/settings/allow_policies/{policy_id},email_security_update_allow_policy
x22-1184,7,cloudflare,GET,/accounts/{account_id}/email-security/settings/block_senders,email_security_list_blocked_senders
x22-1185,6,cloudflare,POST,/accounts/{account_id}/email-security/settings/block_senders,email_security_create_blocked_sender
x22-1186,10,cloudflare,POST,/accounts/{account_id}/email-security/settings/block_senders/batch,email_security_batch_blocked_senders
x22-1187,3,cloudflare,GET,/accounts/{account_id}/email-security/settings/block_senders/{pattern_id},email_security_get_blocked_sender
x22-1188,7,cloudflare,PUT,/accounts/{account_id}/email-security/settings/block_senders/{pattern_id},email_security_replace_blocked_sender
x22-1189,5,cloudflare,DELETE,/accounts/{account_id}/email-security/settings/block_senders/{pattern_id},email_security_delete_blocked_sender
x22-1190,6,cloudflare,PATCH,/accounts/{account_id}/email-security/settings/block_senders/{pattern_id},email_security_update_blocked_sender
x22-1191,10,cloudflare,GET,/accounts/{account_id}/email-security/settings/content_policies,email_security_list_content_policies
x22-1192,4,cloudflare,POST,/accounts/{account_id}/email-security/settings/content_policies,email_security_create_content_policy
x22-1193,7,cloudflare,POST,/accounts/{account_id}/email-security/settings/content_policies/batch,email_security_batch_content_policies
x22-1194,2,cloudflare,GET,/accounts/{account_id}/email-security/settings/content_policies/{policy_id},email_security_get_content_policy
x22-1195,1,cloudflare,DELETE,/accounts/{account_id}/email-security/settings/content_policies/{policy_id},email_security_delete_content_policy
x22-1196,3,cloudflare,PATCH,/accounts/{account_id}/email-security/settings/content_policies/{policy_id},email_security_update_content_policy
x22-1197,5,cloudflare,GET,/accounts/{account_id}/email-security/settings/domains,email_security_list_domains
x22-1198,2,cloudflare,POST,/accounts/{account_id}/email-security/settings/domains,email_security_create_domains
x22-1199,4,cloudflare,DELETE,/accounts/{account_id}/email-security/settings/domains,email_security_delete_domains
x22-1200,2,cloudflare,POST,/accounts/{account_id}/email-security/settings/domains/batch,email_security_batch_domains
x22-1201,3,cloudflare,GET,/accounts/{account_id}/email-security/settings/domains/{domain_id},email_security_get_domain
x22-1202,10,cloudflare,PUT,/accounts/{account_id}/email-security/settings/domains/{domain_id},email_security_replace_domain
x22-1203,6,cloudflare,DELETE,/accounts/{account_id}/email-security/settings/domains/{domain_id},email_security_delete_domain
x22-1204,6,cloudflare,PATCH,/accounts/{account_id}/email-security/settings/domains/{domain_id},email_security_update_domain
x22-1205,6,cloudflare,GET,/accounts/{account_id}/email-security/settings/domains/{domain_id}/verification,email_security_get_domain_verification
x22-1206,8,cloudflare,GET,/accounts/{account_id}/email-security/settings/impersonation_registry,email_security_list_impersonation_registry
x22-1207,7,cloudflare,POST,/accounts/{account_id}/email-security/settings/impersonation_registry,email_security_create_impersonation_registry
x22-1208,3,cloudflare,GET,/accounts/{account_id}/email-security/settings/impersonation_registry/{impersonation_registry_id},email_security_get_impersonation_registry
x22-1209,3,cloudflare,DELETE,/accounts/{account_id}/email-security/settings/impersonation_registry/{impersonation_registry_id},email_security_delete_impersonation_registry
x22-1210,1,cloudflare,PATCH,/accounts/{account_id}/email-security/settings/impersonation_registry/{impersonation_registry_id},email_security_update_impersonation_registry
x22-1211,4,cloudflare,GET,/accounts/{account_id}/email-security/settings/sending_domain_restrictions,email_security_list_sending_domain_restrictions
x22-1212,3,cloudflare,POST,/accounts/{account_id}/email-security/settings/sending_domain_restrictions,email_security_create_sending_domain_restriction
x22-1213,7,cloudflare,POST,/accounts/{account_id}/email-security/settings/sending_domain_restrictions/batch,email_security_batch_sending_domain_restrictions
x22-1214,7,cloudflare,GET,/accounts/{account_id}/email-security/settings/sending_domain_restrictions/{sending_domain_restriction_id},email_security_get_sending_domain_restriction
x22-1215,4,cloudflare,DELETE,/accounts/{account_id}/email-security/settings/sending_domain_restrictions/{sending_domain_restriction_id},email_security_delete_sending_domain_restriction
x22-1216,3,cloudflare,PATCH,/accounts/{account_id}/email-security/settings/sending_domain_restrictions/{sending_domain_restriction_id},email_security_update_sending_domain_restriction
x22-1217,10,cloudflare,GET,/accounts/{account_id}/email-security/settings/trusted_domains,email_security_list_trusted_domains
x22-1218,4,cloudflare,POST,/accounts/{account_id}/email-security/settings/trusted_domains,email_security_create_trusted_domain
x22-1219,10,cloudflare,POST,/accounts/{account_id}/email-security/settings/trusted_domains/batch,email_security_batch_trusted_domains
x22-1220,7,cloudflare,GET,/accounts/{account_id}/email-security/settings/trusted_domains/{trusted_domain_id},email_security_get_trusted_domain
x22-1221,5,cloudflare,PUT,/accounts/{account_id}/email-security/settings/trusted_domains/{trusted_domain_id},email_security_replace_trusted_domain
x22-1222,8,cloudflare,DELETE,/accounts/{account_id}/email-security/settings/trusted_domains/{trusted_domain_id},email_security_delete_trusted_domain
x22-1223,3,cloudflare,PATCH,/accounts/{account_id}/email-security/settings/trusted_domains/{trusted_domain_id},email_security_update_trusted_domain
x22-1224,2,cloudflare,GET,/accounts/{account_id}/email-security/settings/url_ignore_patterns,email_security_list_url_ignore_patterns
x22-1225,3,cloudflare,POST,/accounts/{account_id}/email-security/settings/url_ignore_patterns,email_security_create_url_ignore_pattern
x22-1226,3,cloudflare,POST,/accounts/{account_id}/email-security/settings/url_ignore_patterns/batch,email_security_batch_url_ignore_patterns
x22-1227,7,cloudflare,GET,/accounts/{account_id}/email-security/settings/url_ignore_patterns/{pattern_id},email_security_get_url_ignore_pattern
x22-1228,1,cloudflare,DELETE,/accounts/{account_id}/email-security/settings/url_ignore_patterns/{pattern_id},email_security_delete_url_ignore_pattern
x22-1229,8,cloudflare,PATCH,/accounts/{account_id}/email-security/settings/url_ignore_patterns/{pattern_id},email_security_update_url_ignore_pattern
x22-1230,2,cloudflare,GET,/accounts/{account_id}/email-security/submissions,email_security_submissions
x22-1231,5,cloudflare,GET,/accounts/{account_id}/email/routing/addresses,email-routing-destination-addresses-list-destination-addresses
x22-1232,6,cloudflare,POST,/accounts/{account_id}/email/routing/addresses,email-routing-destination-addresses-create-a-destination-address
x22-1233,5,cloudflare,GET,/accounts/{account_id}/email/routing/addresses/{destination_address_identifier},email-routing-destination-addresses-get-a-destination-address
x22-1234,7,cloudflare,DELETE,/accounts/{account_id}/email/routing/addresses/{destination_address_identifier},email-routing-destination-addresses-delete-destination-address
x22-1235,2,cloudflare,PATCH,/accounts/{account_id}/email/routing/addresses/{destination_address_identifier},email-routing-destination-addresses-update-destination-address
x22-1236,7,cloudflare,GET,/accounts/{account_id}/email/routing/rules,email-routing-routing-rules-list-account-routing-rules
x22-1237,10,cloudflare,POST,/accounts/{account_id}/email/routing/rules/plan,email-routing-routing-rules-plan-account-routing-rules
x22-1238,2,cloudflare,GET,/accounts/{account_id}/email/routing/suppression,get_publicListSuppressionRouting
x22-1239,8,cloudflare,POST,/accounts/{account_id}/email/routing/suppression,post_publicNewSuppressionRouting
x22-1240,3,cloudflare,GET,/accounts/{account_id}/email/routing/suppression/{suppression_id},get_publicGetSuppressionRouting
x22-1241,1,cloudflare,DELETE,/accounts/{account_id}/email/routing/suppression/{suppression_id},delete_publicDeleteSuppressionRouting
x22-1242,5,cloudflare,GET,/accounts/{account_id}/email/sending/limits,email-sending-get-sending-limits
x22-1243,6,cloudflare,GET,/accounts/{account_id}/email/sending/messages/{message_id},email-sending-get-email-message
x22-1244,5,cloudflare,GET,/accounts/{account_id}/email/sending/reputation,email-sending-get-reputation
x22-1245,3,cloudflare,POST,/accounts/{account_id}/email/sending/send,email-sending-account-send-builder
x22-1246,7,cloudflare,POST,/accounts/{account_id}/email/sending/send_raw,email-sending-account-send-raw-message
x22-1247,4,cloudflare,GET,/accounts/{account_id}/email/sending/suppression,get_publicListSuppressionSending
x22-1248,2,cloudflare,POST,/accounts/{account_id}/email/sending/suppression,post_publicNewSuppressionSending
x22-1249,10,cloudflare,GET,/accounts/{account_id}/email/sending/suppression/{suppression_id},get_publicGetSuppressionSending
x22-1250,2,cloudflare,DELETE,/accounts/{account_id}/email/sending/suppression/{suppression_id},delete_publicDeleteSuppressionSending
x22-1251,9,cloudflare,GET,/accounts/{account_id}/email/sending/suppressions,get_publicListSendingSuppressions
x22-1252,6,cloudflare,POST,/accounts/{account_id}/email/sending/suppressions,post_publicCreateSendingSuppression
x22-1253,7,cloudflare,POST,/accounts/{account_id}/email/sending/suppressions/bulk,post_publicBulkCreateSendingSuppressions
x22-1254,1,cloudflare,GET,/accounts/{account_id}/email/sending/suppressions/{suppression_id},get_publicGetSendingSuppression
x22-1255,2,cloudflare,DELETE,/accounts/{account_id}/email/sending/suppressions/{suppression_id},delete_publicDeleteSendingSuppression
x22-1256,9,cloudflare,PATCH,/accounts/{account_id}/email/sending/suppressions/{suppression_id},patch_publicUpdateSendingSuppression
x22-1257,10,cloudflare,GET,/accounts/{account_id}/entitlements,entitlements-get-account-entitlements
x22-1258,3,cloudflare,GET,/accounts/{account_id}/event_notifications/r2/{bucket_name}/configuration,r2-get-event-notification-configs
x22-1259,9,cloudflare,GET,/accounts/{account_id}/event_notifications/r2/{bucket_name}/configuration/queues/{queue_id},r2-get-event-notification-config
x22-1260,2,cloudflare,PUT,/accounts/{account_id}/event_notifications/r2/{bucket_name}/configuration/queues/{queue_id},r2-put-event-notification-config
x22-1261,8,cloudflare,DELETE,/accounts/{account_id}/event_notifications/r2/{bucket_name}/configuration/queues/{queue_id},r2-event-notification-delete-config
x22-1262,1,cloudflare,GET,/accounts/{account_id}/event_subscriptions/subscriptions,subscriptions-list
x22-1263,9,cloudflare,POST,/accounts/{account_id}/event_subscriptions/subscriptions,subscriptions-create
x22-1264,5,cloudflare,GET,/accounts/{account_id}/event_subscriptions/subscriptions/{subscription_id},subscriptions-get
x22-1265,10,cloudflare,DELETE,/accounts/{account_id}/event_subscriptions/subscriptions/{subscription_id},subscriptions-delete
x22-1266,1,cloudflare,PATCH,/accounts/{account_id}/event_subscriptions/subscriptions/{subscription_id},subscriptions-patch
x22-1267,7,cloudflare,GET,/accounts/{account_id}/field_extractors/{extractor},getFieldExtractor
x22-1268,9,cloudflare,PUT,/accounts/{account_id}/field_extractors/{extractor},updateFieldExtractor
x22-1269,6,cloudflare,DELETE,/accounts/{account_id}/field_extractors/{extractor},deleteFieldExtractor
x22-1270,3,cloudflare,GET,/accounts/{account_id}/firewall/access_rules/rules,ip-access-rules-for-an-account-list-ip-access-rules
x22-1271,5,cloudflare,POST,/accounts/{account_id}/firewall/access_rules/rules,ip-access-rules-for-an-account-create-an-ip-access-rule
x22-1272,4,cloudflare,GET,/accounts/{account_id}/firewall/access_rules/rules/{rule_id},ip-access-rules-for-an-account-get-an-ip-access-rule
x22-1273,10,cloudflare,DELETE,/accounts/{account_id}/firewall/access_rules/rules/{rule_id},ip-access-rules-for-an-account-delete-an-ip-access-rule
x22-1274,1,cloudflare,PATCH,/accounts/{account_id}/firewall/access_rules/rules/{rule_id},ip-access-rules-for-an-account-update-an-ip-access-rule
x22-1275,2,cloudflare,GET,/accounts/{account_id}/flagship/apps,flagship_list_apps
x22-1276,1,cloudflare,POST,/accounts/{account_id}/flagship/apps,flagship_create_app
x22-1277,8,cloudflare,GET,/accounts/{account_id}/flagship/apps/{app_id},flagship_get_app
x22-1278,6,cloudflare,PUT,/accounts/{account_id}/flagship/apps/{app_id},flagship_update_app
x22-1279,6,cloudflare,DELETE,/accounts/{account_id}/flagship/apps/{app_id},flagship_delete_app
x22-1280,5,cloudflare,GET,/accounts/{account_id}/flagship/apps/{app_id}/definitions,flagship_get_definitions
x22-1281,5,cloudflare,GET,/accounts/{account_id}/flagship/apps/{app_id}/evaluate,flagship_evaluate_flag
x22-1282,5,cloudflare,POST,/accounts/{account_id}/flagship/apps/{app_id}/evaluate,flagship_evaluate_flag_post
x22-1283,3,cloudflare,GET,/accounts/{account_id}/flagship/apps/{app_id}/flags,flagship_list_flags
x22-1284,6,cloudflare,POST,/accounts/{account_id}/flagship/apps/{app_id}/flags,flagship_create_flag
x22-1285,3,cloudflare,GET,/accounts/{account_id}/flagship/apps/{app_id}/flags/{flag_key},flagship_get_flag
x22-1286,7,cloudflare,PUT,/accounts/{account_id}/flagship/apps/{app_id}/flags/{flag_key},flagship_update_flag
x22-1287,2,cloudflare,DELETE,/accounts/{account_id}/flagship/apps/{app_id}/flags/{flag_key},flagship_delete_flag
x22-1288,4,cloudflare,GET,/accounts/{account_id}/flagship/apps/{app_id}/flags/{flag_key}/changelog,flagship_get_flag_changelog
x22-1289,1,cloudflare,GET,/accounts/{account_id}/gateway,zero-trust-accounts-get-zero-trust-account-information
x22-1290,10,cloudflare,POST,/accounts/{account_id}/gateway,zero-trust-accounts-create-zero-trust-account
x22-1291,8,cloudflare,GET,/accounts/{account_id}/gateway/app_types,zero-trust-gateway-application-and-application-type-mappings-list-application-and-application-type-mappings
x22-1292,1,cloudflare,GET,/accounts/{account_id}/gateway/apps/review_status,zero-trust-applications-review-status-list
x22-1293,4,cloudflare,PUT,/accounts/{account_id}/gateway/apps/review_status,zero-trust-applications-review-status-update
x22-1294,6,cloudflare,GET,/accounts/{account_id}/gateway/audit_ssh_settings,zero-trust-get-audit-ssh-settings
x22-1295,8,cloudflare,PUT,/accounts/{account_id}/gateway/audit_ssh_settings,zero-trust-update-audit-ssh-settings
x22-1296,7,cloudflare,POST,/accounts/{account_id}/gateway/audit_ssh_settings/rotate_seed,zero-trust-rotate-ssh-account-seed
x22-1297,10,cloudflare,GET,/accounts/{account_id}/gateway/categories,zero-trust-gateway-categories-list-categories
x22-1298,10,cloudflare,GET,/accounts/{account_id}/gateway/certificates,zero-trust-certificates-list-zero-trust-certificates
x22-1299,9,cloudflare,POST,/accounts/{account_id}/gateway/certificates,zero-trust-certificates-create-zero-trust-certificate
x22-1300,10,cloudflare,GET,/accounts/{account_id}/gateway/certificates/{certificate_id},zero-trust-certificates-zero-trust-certificate-details
x22-1301,7,cloudflare,DELETE,/accounts/{account_id}/gateway/certificates/{certificate_id},zero-trust-certificates-delete-zero-trust-certificate
x22-1302,8,cloudflare,POST,/accounts/{account_id}/gateway/certificates/{certificate_id}/activate,zero-trust-certificates-activate-zero-trust-certificate
x22-1303,8,cloudflare,POST,/accounts/{account_id}/gateway/certificates/{certificate_id}/deactivate,zero-trust-certificates-deactivate-zero-trust-certificate
x22-1304,3,cloudflare,GET,/accounts/{account_id}/gateway/configuration,zero-trust-accounts-get-zero-trust-account-configuration
x22-1305,8,cloudflare,PUT,/accounts/{account_id}/gateway/configuration,zero-trust-accounts-update-zero-trust-account-configuration.
x22-1306,4,cloudflare,PATCH,/accounts/{account_id}/gateway/configuration,zero-trust-accounts-patch-zero-trust-account-configuration
x22-1307,6,cloudflare,GET,/accounts/{account_id}/gateway/configuration/custom_certificate,zero-trust-accounts-get-zero-trust-certificate-configuration
x22-1308,4,cloudflare,GET,/accounts/{account_id}/gateway/dns_destination_ips,zero-trust-dns-destination-ips-list-dns-destination-ips
x22-1309,5,cloudflare,GET,/accounts/{account_id}/gateway/egress_cidr_pairs,zero-trust-accounts-get-egress-cidr-pairs
x22-1310,10,cloudflare,GET,/accounts/{account_id}/gateway/lists,zero-trust-lists-list-zero-trust-lists
x22-1311,6,cloudflare,POST,/accounts/{account_id}/gateway/lists,zero-trust-lists-create-zero-trust-list
x22-1312,5,cloudflare,POST,/accounts/{account_id}/gateway/lists/upload,zero-trust-lists-create-zero-trust-list-from-csv
x22-1313,3,cloudflare,GET,/accounts/{account_id}/gateway/lists/{list_id},zero-trust-lists-zero-trust-list-details
x22-1314,8,cloudflare,PUT,/accounts/{account_id}/gateway/lists/{list_id},zero-trust-lists-update-zero-trust-list
x22-1315,9,cloudflare,DELETE,/accounts/{account_id}/gateway/lists/{list_id},zero-trust-lists-delete-zero-trust-list
x22-1316,7,cloudflare,PATCH,/accounts/{account_id}/gateway/lists/{list_id},zero-trust-lists-patch-zero-trust-list
x22-1317,1,cloudflare,GET,/accounts/{account_id}/gateway/lists/{list_id}/items,zero-trust-lists-zero-trust-list-items
x22-1318,5,cloudflare,GET,/accounts/{account_id}/gateway/locations,zero-trust-gateway-locations-list-zero-trust-gateway-locations
x22-1319,9,cloudflare,POST,/accounts/{account_id}/gateway/locations,zero-trust-gateway-locations-create-zero-trust-gateway-location
x22-1320,3,cloudflare,GET,/accounts/{account_id}/gateway/locations/{location_id},zero-trust-gateway-locations-zero-trust-gateway-location-details
x22-1321,5,cloudflare,PUT,/accounts/{account_id}/gateway/locations/{location_id},zero-trust-gateway-locations-update-zero-trust-gateway-location
x22-1322,5,cloudflare,DELETE,/accounts/{account_id}/gateway/locations/{location_id},zero-trust-gateway-locations-delete-zero-trust-gateway-location
x22-1323,10,cloudflare,GET,/accounts/{account_id}/gateway/logging,zero-trust-accounts-get-logging-settings-for-the-zero-trust-account
x22-1324,4,cloudflare,PUT,/accounts/{account_id}/gateway/logging,zero-trust-accounts-update-logging-settings-for-the-zero-trust-account
x22-1325,6,cloudflare,GET,/accounts/{account_id}/gateway/operations,zero-trust-gateway-operations-list-zero-trust-gateway-operations
x22-1326,8,cloudflare,GET,/accounts/{account_id}/gateway/operations/{operation_id},zero-trust-gateway-operations-zero-trust-gateway-operation-details
x22-1327,9,cloudflare,GET,/accounts/{account_id}/gateway/pacfiles,zero-trust-gateway-pacfiles-list
x22-1328,2,cloudflare,POST,/accounts/{account_id}/gateway/pacfiles,zero-trust-gateway-pacfiles-create-pacfile
x22-1329,8,cloudflare,GET,/accounts/{account_id}/gateway/pacfiles/{pacfile_id},zero-trust-gateway-pacfiles-details
x22-1330,4,cloudflare,PUT,/accounts/{account_id}/gateway/pacfiles/{pacfile_id},zero-trust-gateway-pacfiles-update
x22-1331,7,cloudflare,DELETE,/accounts/{account_id}/gateway/pacfiles/{pacfile_id},zero-trust-gateway-pacfiles-delete
x22-1332,8,cloudflare,GET,/accounts/{account_id}/gateway/proxy_endpoints,zero-trust-gateway-proxy-endpoints-list-proxy-endpoints
x22-1333,9,cloudflare,POST,/accounts/{account_id}/gateway/proxy_endpoints,zero-trust-gateway-proxy-endpoints-create-proxy-endpoint
x22-1334,9,cloudflare,GET,/accounts/{account_id}/gateway/proxy_endpoints/{proxy_endpoint_id},zero-trust-gateway-proxy-endpoints-proxy-endpoint-details
x22-1335,3,cloudflare,DELETE,/accounts/{account_id}/gateway/proxy_endpoints/{proxy_endpoint_id},zero-trust-gateway-proxy-endpoints-delete-proxy-endpoint
x22-1336,9,cloudflare,PATCH,/accounts/{account_id}/gateway/proxy_endpoints/{proxy_endpoint_id},zero-trust-gateway-proxy-endpoints-update-proxy-endpoint
x22-1337,3,cloudflare,GET,/accounts/{account_id}/gateway/rules,zero-trust-gateway-rules-list-zero-trust-gateway-rules
x22-1338,10,cloudflare,POST,/accounts/{account_id}/gateway/rules,zero-trust-gateway-rules-create-zero-trust-gateway-rule
x22-1339,1,cloudflare,PATCH,/accounts/{account_id}/gateway/rules,zero-trust-gateway-rules-patch-multiple-zero-trust-gateway-rules
x22-1340,2,cloudflare,GET,/accounts/{account_id}/gateway/rules/tenant,zero-trust-gateway-rules-list-zero-trust-gateway-rules-tenant
x22-1341,3,cloudflare,GET,/accounts/{account_id}/gateway/rules/{rule_id},zero-trust-gateway-rules-zero-trust-gateway-rule-details
x22-1342,1,cloudflare,PUT,/accounts/{account_id}/gateway/rules/{rule_id},zero-trust-gateway-rules-update-zero-trust-gateway-rule
x22-1343,1,cloudflare,DELETE,/accounts/{account_id}/gateway/rules/{rule_id},zero-trust-gateway-rules-delete-zero-trust-gateway-rule
x22-1344,9,cloudflare,PATCH,/accounts/{account_id}/gateway/rules/{rule_id},zero-trust-gateway-rules-patch-zero-trust-gateway-rule
x22-1345,2,cloudflare,POST,/accounts/{account_id}/gateway/rules/{rule_id}/reset_expiration,zero-trust-gateway-rules-reset-expiration-zero-trust-gateway-rule
x22-1346,10,cloudflare,GET,/accounts/{account_id}/hyperdrive/configs,list-hyperdrive
x22-1347,6,cloudflare,POST,/accounts/{account_id}/hyperdrive/configs,create-hyperdrive
x22-1348,7,cloudflare,GET,/accounts/{account_id}/hyperdrive/configs/{hyperdrive_id},get-hyperdrive
x22-1349,5,cloudflare,PUT,/accounts/{account_id}/hyperdrive/configs/{hyperdrive_id},update-hyperdrive
x22-1350,10,cloudflare,DELETE,/accounts/{account_id}/hyperdrive/configs/{hyperdrive_id},delete-hyperdrive
x22-1351,4,cloudflare,PATCH,/accounts/{account_id}/hyperdrive/configs/{hyperdrive_id},patch-hyperdrive
x22-1352,6,cloudflare,POST,/accounts/{account_id}/hyperdrive/configs/{hyperdrive_id}/restart,restart-hyperdrive
x22-1353,2,cloudflare,POST,/accounts/{account_id}/hyperdrive/integrationsOperations/{integration}/createDatabaseSignature,create-hyperdrive-database-signature
x22-1354,7,cloudflare,GET,/accounts/{account_id}/iam/permission_groups,account-permission-group-list
x22-1355,8,cloudflare,GET,/accounts/{account_id}/iam/permission_groups/{permission_group_id},account-permission-group-details
x22-1356,1,cloudflare,GET,/accounts/{account_id}/iam/resource_groups,account-resource-group-list
x22-1357,8,cloudflare,POST,/accounts/{account_id}/iam/resource_groups,account-resource-group-create
x22-1358,10,cloudflare,GET,/accounts/{account_id}/iam/resource_groups/{resource_group_id},account-resource-group-details
x22-1359,6,cloudflare,PUT,/accounts/{account_id}/iam/resource_groups/{resource_group_id},account-resource-group-update
x22-1360,9,cloudflare,DELETE,/accounts/{account_id}/iam/resource_groups/{resource_group_id},account-resource-group-delete
x22-1361,10,cloudflare,GET,/accounts/{account_id}/iam/user_groups,account-user-group-list
x22-1362,2,cloudflare,POST,/accounts/{account_id}/iam/user_groups,account-user-group-create
x22-1363,5,cloudflare,GET,/accounts/{account_id}/iam/user_groups/{user_group_id},account-user-group-details
x22-1364,7,cloudflare,PUT,/accounts/{account_id}/iam/user_groups/{user_group_id},account-user-group-update
x22-1365,1,cloudflare,DELETE,/accounts/{account_id}/iam/user_groups/{user_group_id},account-user-group-delete
x22-1366,6,cloudflare,GET,/accounts/{account_id}/iam/user_groups/{user_group_id}/members,account-user-group-member-list
x22-1367,8,cloudflare,POST,/accounts/{account_id}/iam/user_groups/{user_group_id}/members,account-user-group-member-create
x22-1368,9,cloudflare,PUT,/accounts/{account_id}/iam/user_groups/{user_group_id}/members,account-user-group-members-update
x22-1369,1,cloudflare,GET,/accounts/{account_id}/iam/user_groups/{user_group_id}/members/{member_id},account-user-group-member-get
x22-1370,9,cloudflare,DELETE,/accounts/{account_id}/iam/user_groups/{user_group_id}/members/{member_id},account-user-group-member-delete
x22-1371,1,cloudflare,GET,/accounts/{account_id}/images/v1,cloudflare-images-list-images
x22-1372,6,cloudflare,POST,/accounts/{account_id}/images/v1,cloudflare-images-upload-an-image-via-url
x22-1373,2,cloudflare,POST,/accounts/{account_id}/images/v1/direct_upload,cloudflare-images-create-authenticated-direct-upload-url-v-1
x22-1374,5,cloudflare,GET,/accounts/{account_id}/images/v1/keys,cloudflare-images-keys-list-signing-keys
x22-1375,2,cloudflare,PUT,/accounts/{account_id}/images/v1/keys/{signing_key_name},cloudflare-images-keys-add-signing-key
x22-1376,9,cloudflare,DELETE,/accounts/{account_id}/images/v1/keys/{signing_key_name},cloudflare-images-keys-delete-signing-key
x22-1377,8,cloudflare,GET,/accounts/{account_id}/images/v1/stats,cloudflare-images-images-usage-statistics
x22-1378,5,cloudflare,GET,/accounts/{account_id}/images/v1/variants,cloudflare-images-variants-list-variants
x22-1379,4,cloudflare,POST,/accounts/{account_id}/images/v1/variants,cloudflare-images-variants-create-a-variant
x22-1380,9,cloudflare,GET,/accounts/{account_id}/images/v1/variants/{variant_id},cloudflare-images-variants-variant-details
x22-1381,5,cloudflare,DELETE,/accounts/{account_id}/images/v1/variants/{variant_id},cloudflare-images-variants-delete-a-variant
x22-1382,5,cloudflare,PATCH,/accounts/{account_id}/images/v1/variants/{variant_id},cloudflare-images-variants-update-a-variant
x22-1383,8,cloudflare,GET,/accounts/{account_id}/images/v1/variants/{variant_id}/flat,cloudflare-images-variants-variant-details-flat
x22-1384,4,cloudflare,GET,/accounts/{account_id}/images/v1/{image_id},cloudflare-images-image-details
x22-1385,3,cloudflare,DELETE,/accounts/{account_id}/images/v1/{image_id},cloudflare-images-delete-image
x22-1386,4,cloudflare,PATCH,/accounts/{account_id}/images/v1/{image_id},cloudflare-images-update-image
x22-1387,8,cloudflare,GET,/accounts/{account_id}/images/v1/{image_id}/blob,cloudflare-images-base-image
x22-1388,3,cloudflare,GET,/accounts/{account_id}/images/v2,cloudflare-images-list-images-v2
x22-1389,3,cloudflare,POST,/accounts/{account_id}/images/v2/direct_upload,cloudflare-images-create-authenticated-direct-upload-url-v-2
x22-1390,8,cloudflare,GET,/accounts/{account_id}/images/v2/metadata/keys,cloudflare-images-list-metadata-keys
x22-1391,5,cloudflare,GET,/accounts/{account_id}/images/v2/sourcingkit/migrations,cloudflare-images-sourcingkit-list-migrations
x22-1392,7,cloudflare,POST,/accounts/{account_id}/images/v2/sourcingkit/migrations,cloudflare-images-sourcingkit-create-migration
x22-1393,7,cloudflare,GET,/accounts/{account_id}/images/v2/sourcingkit/migrations/{migration_id},cloudflare-images-sourcingkit-get-migration
x22-1394,3,cloudflare,DELETE,/accounts/{account_id}/images/v2/sourcingkit/migrations/{migration_id},cloudflare-images-sourcingkit-delete-migration
x22-1395,8,cloudflare,GET,/accounts/{account_id}/images/v2/sourcingkit/migrations/{migration_id}/lifecycle,cloudflare-images-sourcingkit-get-migration-progress
x22-1396,6,cloudflare,PATCH,/accounts/{account_id}/images/v2/sourcingkit/migrations/{migration_id}/lifecycle/abort,cloudflare-images-sourcingkit-abort-migration
x22-1397,3,cloudflare,PATCH,/accounts/{account_id}/images/v2/sourcingkit/migrations/{migration_id}/lifecycle/start,cloudflare-images-sourcingkit-start-migration
x22-1398,2,cloudflare,GET,/accounts/{account_id}/images/v2/sourcingkit/migrations/{migration_id}/logs,cloudflare-images-sourcingkit-list-migration-logs
x22-1399,3,cloudflare,GET,/accounts/{account_id}/images/v2/sourcingkit/sources,cloudflare-images-sourcingkit-list-sources
x22-1400,7,cloudflare,POST,/accounts/{account_id}/images/v2/sourcingkit/sources,cloudflare-images-sourcingkit-create-source
x22-1401,2,cloudflare,POST,/accounts/{account_id}/images/v2/sourcingkit/sources/connectivity-precheck,cloudflare-images-sourcingkit-precheck-source-connectivity
x22-1402,6,cloudflare,GET,/accounts/{account_id}/images/v2/sourcingkit/sources/{source_id},cloudflare-images-sourcingkit-get-source
x22-1403,9,cloudflare,DELETE,/accounts/{account_id}/images/v2/sourcingkit/sources/{source_id},cloudflare-images-sourcingkit-delete-source
x22-1404,6,cloudflare,PATCH,/accounts/{account_id}/images/v2/sourcingkit/sources/{source_id},cloudflare-images-sourcingkit-update-source
x22-1405,10,cloudflare,GET,/accounts/{account_id}/images/v2/sourcingkit/sources/{source_id}/connectivity,cloudflare-images-sourcingkit-get-source-connectivity
x22-1406,1,cloudflare,GET,/accounts/{account_id}/infrastructure/targets,infra-targets-list
x22-1407,1,cloudflare,POST,/accounts/{account_id}/infrastructure/targets,infra-targets-post
x22-1408,2,cloudflare,PUT,/accounts/{account_id}/infrastructure/targets/batch,infra-targets-put-batch
x22-1409,3,cloudflare,DELETE,/accounts/{account_id}/infrastructure/targets/batch,infra-targets-delete-batch
x22-1410,10,cloudflare,POST,/accounts/{account_id}/infrastructure/targets/batch_delete,infra-targets-delete-batch-post
x22-1411,10,cloudflare,POST,/accounts/{account_id}/infrastructure/targets/batch_tags,infra-targets-post-batch-tags
x22-1412,1,cloudflare,GET,/accounts/{account_id}/infrastructure/targets/{target_id},infra-targets-get
x22-1413,1,cloudflare,PUT,/accounts/{account_id}/infrastructure/targets/{target_id},infra-targets-put
x22-1414,1,cloudflare,DELETE,/accounts/{account_id}/infrastructure/targets/{target_id},infra-targets-delete
x22-1415,9,cloudflare,GET,/accounts/{account_id}/intel/asn/{asn},asn-intelligence-get-asn-overview
x22-1416,3,cloudflare,GET,/accounts/{account_id}/intel/asn/{asn}/subnets,asn-intelligence-get-asn-subnets
x22-1417,3,cloudflare,GET,/accounts/{account_id}/intel/attack-surface-report/issue-types,get-security-center-issue-types
x22-1418,10,cloudflare,GET,/accounts/{account_id}/intel/attack-surface-report/issues,get-security-center-issues
x22-1419,2,cloudflare,GET,/accounts/{account_id}/intel/attack-surface-report/issues/class,get-security-center-issue-counts-by-class
x22-1420,4,cloudflare,GET,/accounts/{account_id}/intel/attack-surface-report/issues/severity,get-security-center-issue-counts-by-severity
x22-1421,7,cloudflare,GET,/accounts/{account_id}/intel/attack-surface-report/issues/type,get-security-center-issue-counts-by-type
x22-1422,10,cloudflare,PUT,/accounts/{account_id}/intel/attack-surface-report/issues/{issue_id}/dismiss,archive-security-center-insight-deprecated
x22-1423,2,cloudflare,GET,/accounts/{account_id}/intel/dns,passive-dns-by-ip-get-passive-dns-by-ip
x22-1424,9,cloudflare,GET,/accounts/{account_id}/intel/domain,domain-intelligence-get-domain-details
x22-1425,4,cloudflare,GET,/accounts/{account_id}/intel/domain-history,domain-history-get-domain-history
x22-1426,4,cloudflare,GET,/accounts/{account_id}/intel/domain/bulk,domain-intelligence-get-multiple-domain-details
x22-1427,2,cloudflare,GET,/accounts/{account_id}/intel/indicator-feeds,custom-indicator-feeds-get-indicator-feeds
x22-1428,4,cloudflare,POST,/accounts/{account_id}/intel/indicator-feeds,custom-indicator-feeds-create-indicator-feeds
x22-1429,8,cloudflare,PUT,/accounts/{account_id}/intel/indicator-feeds/permissions/add,custom-indicator-feeds-add-permission
x22-1430,1,cloudflare,PUT,/accounts/{account_id}/intel/indicator-feeds/permissions/createProvider,custom-indicator-feeds-create-provider
x22-1431,3,cloudflare,PUT,/accounts/{account_id}/intel/indicator-feeds/permissions/remove,custom-indicator-feeds-remove-permission
x22-1432,4,cloudflare,GET,/accounts/{account_id}/intel/indicator-feeds/permissions/view,custom-indicator-feeds-view-permissions
x22-1433,8,cloudflare,GET,/accounts/{account_id}/intel/indicator-feeds/{feed_id},custom-indicator-feeds-get-indicator-feed-metadata
x22-1434,7,cloudflare,PUT,/accounts/{account_id}/intel/indicator-feeds/{feed_id},custom-indicator-feeds-update-indicator-feed-metadata
x22-1435,9,cloudflare,GET,/accounts/{account_id}/intel/indicator-feeds/{feed_id}/data,custom-indicator-feeds-get-indicator-feed-data
x22-1436,7,cloudflare,GET,/accounts/{account_id}/intel/indicator-feeds/{feed_id}/download,custom-indicator-feeds-download-indicator-feed-data
x22-1437,7,cloudflare,PUT,/accounts/{account_id}/intel/indicator-feeds/{feed_id}/snapshot,custom-indicator-feeds-update-indicator-feed-data
x22-1438,6,cloudflare,GET,/accounts/{account_id}/intel/indicator-feeds/{feed_id}/uploads/{upload_id},custom-indicator-feeds-get-upload-status
x22-1439,10,cloudflare,GET,/accounts/{account_id}/intel/ip,ip-intelligence-get-ip-overview
x22-1440,9,cloudflare,GET,/accounts/{account_id}/intel/ip-lists,ip-list-get-ip-lists
x22-1441,4,cloudflare,POST,/accounts/{account_id}/intel/miscategorization,miscategorization-create-miscategorization
x22-1442,10,cloudflare,GET,/accounts/{account_id}/intel/sinkholes,sinkhole-config-list-sinkholes
x22-1443,7,cloudflare,POST,/accounts/{account_id}/intel/sinkholes,sinkhole-config-create-sinkhole
x22-1444,9,cloudflare,GET,/accounts/{account_id}/intel/sinkholes/{sinkhole_id},sinkhole-config-get-sinkhole
x22-1445,6,cloudflare,PUT,/accounts/{account_id}/intel/sinkholes/{sinkhole_id},sinkhole-config-update-sinkhole
x22-1446,8,cloudflare,DELETE,/accounts/{account_id}/intel/sinkholes/{sinkhole_id},sinkhole-config-delete-sinkhole
x22-1447,3,cloudflare,GET,/accounts/{account_id}/intel/sinkholes/{sinkhole_id}/ingresses,sinkhole-config-list-sinkhole-ingresses
x22-1448,7,cloudflare,GET,/accounts/{account_id}/intel/url,url-intelligence-get-url-intelligence
x22-1449,10,cloudflare,GET,/accounts/{account_id}/intel/whois,whois-record-get-whois-record
x22-1450,8,cloudflare,PATCH,/accounts/{account_id}/invoices,account-billing-toggle-pdf-invoices
x22-1451,10,cloudflare,GET,/accounts/{account_id}/load_balancers,account-load-balancers-list-account-load-balancers
x22-1452,7,cloudflare,POST,/accounts/{account_id}/load_balancers,account-load-balancers-create-account-load-balancer
x22-1453,6,cloudflare,GET,/accounts/{account_id}/load_balancers/monitor_groups,account-load-balancer-monitor-groups-list-monitor-groups
x22-1454,4,cloudflare,POST,/accounts/{account_id}/load_balancers/monitor_groups,account-load-balancer-monitor-groups-create-monitor-group
x22-1455,6,cloudflare,GET,/accounts/{account_id}/load_balancers/monitor_groups/{monitor_group_id},account-load-balancer-monitor-groups-monitor-group-details
x22-1456,6,cloudflare,PUT,/accounts/{account_id}/load_balancers/monitor_groups/{monitor_group_id},account-load-balancer-monitor-groups-update-monitor-group
x22-1457,1,cloudflare,DELETE,/accounts/{account_id}/load_balancers/monitor_groups/{monitor_group_id},account-load-balancer-monitor-groups-delete-monitor-group
x22-1458,8,cloudflare,PATCH,/accounts/{account_id}/load_balancers/monitor_groups/{monitor_group_id},account-load-balancer-monitor-groups-patch-monitor-group
x22-1459,6,cloudflare,GET,/accounts/{account_id}/load_balancers/monitor_groups/{monitor_group_id}/references,account-load-balancer-monitor-groups-list-monitor-group-references
x22-1460,7,cloudflare,GET,/accounts/{account_id}/load_balancers/monitors,account-load-balancer-monitors-list-monitors
x22-1461,6,cloudflare,POST,/accounts/{account_id}/load_balancers/monitors,account-load-balancer-monitors-create-monitor
x22-1462,1,cloudflare,GET,/accounts/{account_id}/load_balancers/monitors/{monitor_id},account-load-balancer-monitors-monitor-details
x22-1463,5,cloudflare,PUT,/accounts/{account_id}/load_balancers/monitors/{monitor_id},account-load-balancer-monitors-update-monitor
x22-1464,8,cloudflare,DELETE,/accounts/{account_id}/load_balancers/monitors/{monitor_id},account-load-balancer-monitors-delete-monitor
x22-1465,7,cloudflare,PATCH,/accounts/{account_id}/load_balancers/monitors/{monitor_id},account-load-balancer-monitors-patch-monitor
x22-1466,6,cloudflare,POST,/accounts/{account_id}/load_balancers/monitors/{monitor_id}/preview,account-load-balancer-monitors-preview-monitor
x22-1467,7,cloudflare,GET,/accounts/{account_id}/load_balancers/monitors/{monitor_id}/references,account-load-balancer-monitors-list-monitor-references
x22-1468,6,cloudflare,GET,/accounts/{account_id}/load_balancers/pools,account-load-balancer-pools-list-pools
x22-1469,9,cloudflare,POST,/accounts/{account_id}/load_balancers/pools,account-load-balancer-pools-create-pool
x22-1470,8,cloudflare,PATCH,/accounts/{account_id}/load_balancers/pools,account-load-balancer-pools-patch-pools
x22-1471,9,cloudflare,GET,/accounts/{account_id}/load_balancers/pools/{pool_id},account-load-balancer-pools-pool-details
x22-1472,4,cloudflare,PUT,/accounts/{account_id}/load_balancers/pools/{pool_id},account-load-balancer-pools-update-pool
x22-1473,4,cloudflare,DELETE,/accounts/{account_id}/load_balancers/pools/{pool_id},account-load-balancer-pools-delete-pool
x22-1474,10,cloudflare,PATCH,/accounts/{account_id}/load_balancers/pools/{pool_id},account-load-balancer-pools-patch-pool
x22-1475,6,cloudflare,GET,/accounts/{account_id}/load_balancers/pools/{pool_id}/health,account-load-balancer-pools-pool-health-details
x22-1476,5,cloudflare,POST,/accounts/{account_id}/load_balancers/pools/{pool_id}/preview,account-load-balancer-pools-preview-pool
x22-1477,2,cloudflare,GET,/accounts/{account_id}/load_balancers/pools/{pool_id}/references,account-load-balancer-pools-list-pool-references
x22-1478,1,cloudflare,GET,/accounts/{account_id}/load_balancers/preview/{preview_id},account-load-balancer-monitors-preview-result
x22-1479,3,cloudflare,GET,/accounts/{account_id}/load_balancers/regions,load-balancer-regions-list-regions
x22-1480,5,cloudflare,GET,/accounts/{account_id}/load_balancers/regions/{region_id},load-balancer-regions-get-region
x22-1481,7,cloudflare,GET,/accounts/{account_id}/load_balancers/search,account-load-balancer-search-search-resources
x22-1482,8,cloudflare,GET,/accounts/{account_id}/load_balancers/usage,account-load-balancers-list-load-balancer-usage
x22-1483,8,cloudflare,GET,/accounts/{account_id}/load_balancers/{load_balancer_id},account-load-balancers-account-load-balancer-details
x22-1484,5,cloudflare,PUT,/accounts/{account_id}/load_balancers/{load_balancer_id},account-load-balancers-update-account-load-balancer
x22-1485,3,cloudflare,DELETE,/accounts/{account_id}/load_balancers/{load_balancer_id},account-load-balancers-delete-account-load-balancer
x22-1486,6,cloudflare,PATCH,/accounts/{account_id}/load_balancers/{load_balancer_id},account-load-balancers-patch-account-load-balancer
x22-1487,5,cloudflare,GET,/accounts/{account_id}/logpush/datasets/{dataset_id}/fields,get-accounts-account_id-logpush-datasets-dataset_id-fields
x22-1488,8,cloudflare,GET,/accounts/{account_id}/logpush/datasets/{dataset_id}/jobs,get-accounts-account_id-logpush-datasets-dataset_id-jobs
x22-1489,6,cloudflare,GET,/accounts/{account_id}/logpush/jobs,get-accounts-account_id-logpush-jobs
x22-1490,3,cloudflare,POST,/accounts/{account_id}/logpush/jobs,post-accounts-account_id-logpush-jobs
x22-1491,2,cloudflare,GET,/accounts/{account_id}/logpush/jobs/{job_id},get-accounts-account_id-logpush-jobs-job_id
x22-1492,6,cloudflare,PUT,/accounts/{account_id}/logpush/jobs/{job_id},put-accounts-account_id-logpush-jobs-job_id
x22-1493,4,cloudflare,DELETE,/accounts/{account_id}/logpush/jobs/{job_id},delete-accounts-account_id-logpush-jobs-job_id
x22-1494,8,cloudflare,POST,/accounts/{account_id}/logpush/ownership,post-accounts-account_id-logpush-ownership
x22-1495,9,cloudflare,POST,/accounts/{account_id}/logpush/ownership/validate,post-accounts-account_id-logpush-ownership-validate
x22-1496,3,cloudflare,GET,/accounts/{account_id}/logpush/transformers,get-accounts-account_id-logpush-transformers
x22-1497,6,cloudflare,POST,/accounts/{account_id}/logpush/transformers,post-accounts-account_id-logpush-transformers
x22-1498,4,cloudflare,POST,/accounts/{account_id}/logpush/transformers/preview,post-accounts-account_id-logpush-transformers-preview
x22-1499,3,cloudflare,GET,/accounts/{account_id}/logpush/transformers/{transformer_id},get-accounts-account_id-logpush-transformers-transformer_id
x22-1500,5,cloudflare,PUT,/accounts/{account_id}/logpush/transformers/{transformer_id},put-accounts-account_id-logpush-transformers-transformer_id
x22-1501,3,cloudflare,DELETE,/accounts/{account_id}/logpush/transformers/{transformer_id},delete-accounts-account_id-logpush-transformers-transformer_id
x22-1502,3,cloudflare,GET,/accounts/{account_id}/logpush/transformers/{transformer_id}/content,get-accounts-account_id-logpush-transformers-transformer_id-content
x22-1503,7,cloudflare,GET,/accounts/{account_id}/logpush/transformers/{transformer_id}/versions,get-accounts-account_id-logpush-transformers-transformer_id-versions
x22-1504,7,cloudflare,POST,/accounts/{account_id}/logpush/validate/destination,delete-accounts-account_id-logpush-validate-destination
x22-1505,1,cloudflare,POST,/accounts/{account_id}/logpush/validate/destination/exists,delete-accounts-account_id-logpush-validate-destination-exists
x22-1506,9,cloudflare,POST,/accounts/{account_id}/logpush/validate/origin,post-accounts-account_id-logpush-validate-origin
x22-1507,8,cloudflare,GET,/accounts/{account_id}/logs/audit,audit-logs-v2-get-account-audit-logs
x22-1508,1,cloudflare,GET,/accounts/{account_id}/logs/audit/product_categories,audit-logs-v2-list-account-product-categories
x22-1509,4,cloudflare,GET,/accounts/{account_id}/logs/audit/{id}/history,audit-logs-v2-get-account-audit-log-history
x22-1510,1,cloudflare,GET,/accounts/{account_id}/logs/control/cmb/config,get-accounts-account_id-logs-control-cmb-config
x22-1511,4,cloudflare,POST,/accounts/{account_id}/logs/control/cmb/config,post-accounts-account_id-logs-control-cmb-config
x22-1512,2,cloudflare,DELETE,/accounts/{account_id}/logs/control/cmb/config,delete-accounts-account_id-logs-control-cmb-config
x22-1513,2,cloudflare,GET,/accounts/{account_id}/logs/explorer/datasets,accounts-logs-explorer-datasets-list
x22-1514,5,cloudflare,POST,/accounts/{account_id}/logs/explorer/datasets,accounts-logs-explorer-datasets-create
x22-1515,7,cloudflare,GET,/accounts/{account_id}/logs/explorer/datasets/available,accounts-logs-explorer-datasets-available-list
x22-1516,8,cloudflare,GET,/accounts/{account_id}/logs/explorer/datasets/{dataset_id},accounts-logs-explorer-datasets-get
x22-1517,5,cloudflare,PUT,/accounts/{account_id}/logs/explorer/datasets/{dataset_id},accounts-logs-explorer-datasets-update
x22-1518,9,cloudflare,DELETE,/accounts/{account_id}/logs/explorer/datasets/{dataset_id},accounts-logs-explorer-datasets-delete
x22-1519,5,cloudflare,GET,/accounts/{account_id}/logs/explorer/query/sql,accounts-logs-explorer-query-get
x22-1520,9,cloudflare,POST,/accounts/{account_id}/logs/explorer/query/sql,accounts-logs-explorer-query-post
x22-1521,8,cloudflare,GET,/accounts/{account_id}/logs/list,logpull-list-log-files
x22-1522,6,cloudflare,GET,/accounts/{account_id}/logs/retrieve,logpull-retrieve-logs
x22-1523,1,cloudflare,GET,/accounts/{account_id}/magic/advanced_dns_protection/configs/dns_protection/rules,listDnsProtectionRulesForAccount
x22-1524,7,cloudflare,POST,/accounts/{account_id}/magic/advanced_dns_protection/configs/dns_protection/rules,createDnsProtectionRule
x22-1525,1,cloudflare,DELETE,/accounts/{account_id}/magic/advanced_dns_protection/configs/dns_protection/rules,deleteDnsProtectionRulesForAccount
x22-1526,1,cloudflare,GET,/accounts/{account_id}/magic/advanced_dns_protection/configs/dns_protection/rules/{rule_id},getDnsProtectionRule
x22-1527,6,cloudflare,DELETE,/accounts/{account_id}/magic/advanced_dns_protection/configs/dns_protection/rules/{rule_id},deleteDnsProtectionRule
x22-1528,4,cloudflare,PATCH,/accounts/{account_id}/magic/advanced_dns_protection/configs/dns_protection/rules/{rule_id},updateDnsProtectionRule
x22-1529,9,cloudflare,GET,/accounts/{account_id}/magic/advanced_tcp_protection/configs/allowlist,listAllowlistPrefixesForAccount
x22-1530,4,cloudflare,POST,/accounts/{account_id}/magic/advanced_tcp_protection/configs/allowlist,createAllowlistedPrefix
x22-1531,5,cloudflare,DELETE,/accounts/{account_id}/magic/advanced_tcp_protection/configs/allowlist,deleteAllowlistPrefixesForAccount
x22-1532,3,cloudflare,GET,/accounts/{account_id}/magic/advanced_tcp_protection/configs/allowlist/{prefix_id},getAllowlistPrefix
x22-1533,5,cloudflare,DELETE,/accounts/{account_id}/magic/advanced_tcp_protection/configs/allowlist/{prefix_id},deleteAllowlistPrefix
x22-1534,4,cloudflare,PATCH,/accounts/{account_id}/magic/advanced_tcp_protection/configs/allowlist/{prefix_id},updateAllowlistPrefix
x22-1535,7,cloudflare,GET,/accounts/{account_id}/magic/advanced_tcp_protection/configs/prefixes,listPrefixesForAccount
x22-1536,3,cloudflare,POST,/accounts/{account_id}/magic/advanced_tcp_protection/configs/prefixes,createPrefix
x22-1537,6,cloudflare,DELETE,/accounts/{account_id}/magic/advanced_tcp_protection/configs/prefixes,deletePrefixesForAccount
x22-1538,9,cloudflare,POST,/accounts/{account_id}/magic/advanced_tcp_protection/configs/prefixes/bulk,bulkCreatePrefixes
x22-1539,4,cloudflare,GET,/accounts/{account_id}/magic/advanced_tcp_protection/configs/prefixes/{prefix_id},getPrefix
x22-1540,9,cloudflare,DELETE,/accounts/{account_id}/magic/advanced_tcp_protection/configs/prefixes/{prefix_id},deletePrefix
x22-1541,7,cloudflare,PATCH,/accounts/{account_id}/magic/advanced_tcp_protection/configs/prefixes/{prefix_id},updatePrefix
x22-1542,6,cloudflare,GET,/accounts/{account_id}/magic/advanced_tcp_protection/configs/syn_protection/filters,listSynProtectionFiltersForAccount
x22-1543,1,cloudflare,POST,/accounts/{account_id}/magic/advanced_tcp_protection/configs/syn_protection/filters,createSynProtectionFilter
x22-1544,7,cloudflare,DELETE,/accounts/{account_id}/magic/advanced_tcp_protection/configs/syn_protection/filters,deleteSynProtectionFiltersForAccount
x22-1545,6,cloudflare,GET,/accounts/{account_id}/magic/advanced_tcp_protection/configs/syn_protection/filters/{filter_id},getSynProtectionFilter
x22-1546,1,cloudflare,DELETE,/accounts/{account_id}/magic/advanced_tcp_protection/configs/syn_protection/filters/{filter_id},deleteSynProtectionFilter
x22-1547,3,cloudflare,PATCH,/accounts/{account_id}/magic/advanced_tcp_protection/configs/syn_protection/filters/{filter_id},updateSynProtectionFilter
x22-1548,3,cloudflare,GET,/accounts/{account_id}/magic/advanced_tcp_protection/configs/syn_protection/rules,listSynProtectionRulesForAccount
x22-1549,4,cloudflare,POST,/accounts/{account_id}/magic/advanced_tcp_protection/configs/syn_protection/rules,createSynProtectionRule
x22-1550,2,cloudflare,DELETE,/accounts/{account_id}/magic/advanced_tcp_protection/configs/syn_protection/rules,deleteSynProtectionRulesForAccount
x22-1551,10,cloudflare,GET,/accounts/{account_id}/magic/advanced_tcp_protection/configs/syn_protection/rules/{rule_id},getSynProtectionRule
x22-1552,6,cloudflare,DELETE,/accounts/{account_id}/magic/advanced_tcp_protection/configs/syn_protection/rules/{rule_id},deleteSynProtectionRule
x22-1553,4,cloudflare,PATCH,/accounts/{account_id}/magic/advanced_tcp_protection/configs/syn_protection/rules/{rule_id},updateSynProtectionRule
x22-1554,5,cloudflare,GET,/accounts/{account_id}/magic/advanced_tcp_protection/configs/tcp_flow_protection/filters,listTcpFlowProtectionFiltersForAccount
x22-1555,7,cloudflare,POST,/accounts/{account_id}/magic/advanced_tcp_protection/configs/tcp_flow_protection/filters,createTcpFlowProtectionFilter
x22-1556,5,cloudflare,DELETE,/accounts/{account_id}/magic/advanced_tcp_protection/configs/tcp_flow_protection/filters,deleteTcpFlowProtectionFiltersForAccount
x22-1557,4,cloudflare,GET,/accounts/{account_id}/magic/advanced_tcp_protection/configs/tcp_flow_protection/filters/{filter_id},getTcpFlowProtectionFilter
x22-1558,1,cloudflare,DELETE,/accounts/{account_id}/magic/advanced_tcp_protection/configs/tcp_flow_protection/filters/{filter_id},deleteTcpFlowProtectionFilter
x22-1559,3,cloudflare,PATCH,/accounts/{account_id}/magic/advanced_tcp_protection/configs/tcp_flow_protection/filters/{filter_id},updateTcpFlowProtectionFilter
x22-1560,2,cloudflare,GET,/accounts/{account_id}/magic/advanced_tcp_protection/configs/tcp_flow_protection/rules,listTcpFlowProtectionRulesForAccount
x22-1561,8,cloudflare,POST,/accounts/{account_id}/magic/advanced_tcp_protection/configs/tcp_flow_protection/rules,createTcpFlowProtectionRule
x22-1562,4,cloudflare,DELETE,/accounts/{account_id}/magic/advanced_tcp_protection/configs/tcp_flow_protection/rules,deleteTcpFlowProtectionRulesForAccount
x22-1563,7,cloudflare,GET,/accounts/{account_id}/magic/advanced_tcp_protection/configs/tcp_flow_protection/rules/{rule_id},getTcpFlowProtectionRule
x22-1564,7,cloudflare,DELETE,/accounts/{account_id}/magic/advanced_tcp_protection/configs/tcp_flow_protection/rules/{rule_id},deleteTcpFlowProtectionRule
x22-1565,4,cloudflare,PATCH,/accounts/{account_id}/magic/advanced_tcp_protection/configs/tcp_flow_protection/rules/{rule_id},updateTcpFlowProtectionRule
x22-1566,3,cloudflare,GET,/accounts/{account_id}/magic/advanced_tcp_protection/configs/tcp_protection_status,getProtectionStatus
x22-1567,1,cloudflare,PATCH,/accounts/{account_id}/magic/advanced_tcp_protection/configs/tcp_protection_status,updateProtectionStatus
x22-1568,3,cloudflare,GET,/accounts/{account_id}/magic/apps,magic-account-apps-list-apps
x22-1569,10,cloudflare,POST,/accounts/{account_id}/magic/apps,magic-account-apps-add-app
x22-1570,5,cloudflare,PUT,/accounts/{account_id}/magic/apps/{account_app_id},magic-account-apps-update-app
x22-1571,9,cloudflare,DELETE,/accounts/{account_id}/magic/apps/{account_app_id},magic-account-apps-delete-app
x22-1572,6,cloudflare,PATCH,/accounts/{account_id}/magic/apps/{account_app_id},magic-account-apps-patch-app
x22-1573,8,cloudflare,GET,/accounts/{account_id}/magic/bgp/filter_profiles,magic-bgp-list-filter-profiles
x22-1574,6,cloudflare,POST,/accounts/{account_id}/magic/bgp/filter_profiles,magic-bgp-create-filter-profile
x22-1575,6,cloudflare,GET,/accounts/{account_id}/magic/bgp/filter_profiles/{profile_id},magic-bgp-get-filter-profile
x22-1576,9,cloudflare,PUT,/accounts/{account_id}/magic/bgp/filter_profiles/{profile_id},magic-bgp-update-filter-profile
x22-1577,3,cloudflare,DELETE,/accounts/{account_id}/magic/bgp/filter_profiles/{profile_id},magic-bgp-delete-filter-profile
x22-1578,7,cloudflare,GET,/accounts/{account_id}/magic/bgp/settings,magic-bgp-get-settings
x22-1579,9,cloudflare,PUT,/accounts/{account_id}/magic/bgp/settings,magic-bgp-update-settings
x22-1580,3,cloudflare,GET,/accounts/{account_id}/magic/cf1_sites,magic-cf1-sites-list-cf1-sites
x22-1581,6,cloudflare,POST,/accounts/{account_id}/magic/cf1_sites,magic-cf1-sites-create-cf1-sites
x22-1582,10,cloudflare,GET,/accounts/{account_id}/magic/cf1_sites/{cf1_site_id},magic-cf1-sites-get-cf1-site
x22-1583,10,cloudflare,DELETE,/accounts/{account_id}/magic/cf1_sites/{cf1_site_id},magic-cf1-sites-delete-cf1-site
x22-1584,5,cloudflare,PATCH,/accounts/{account_id}/magic/cf1_sites/{cf1_site_id},magic-cf1-sites-update-cf1-site
x22-1585,1,cloudflare,GET,/accounts/{account_id}/magic/cf1_sites/{cf1_site_id}/ramps,magic-cf1-sites-list-cf1-site-ramps
x22-1586,7,cloudflare,POST,/accounts/{account_id}/magic/cf1_sites/{cf1_site_id}/ramps,magic-cf1-sites-create-cf1-site-ramps
x22-1587,2,cloudflare,GET,/accounts/{account_id}/magic/cf1_sites/{cf1_site_id}/ramps/{ramp_id},magic-cf1-sites-get-cf1-site-ramp
x22-1588,4,cloudflare,DELETE,/accounts/{account_id}/magic/cf1_sites/{cf1_site_id}/ramps/{ramp_id},magic-cf1-sites-delete-cf1-site-ramp
x22-1589,5,cloudflare,GET,/accounts/{account_id}/magic/cf_interconnects,magic-interconnects-list-interconnects
x22-1590,2,cloudflare,PUT,/accounts/{account_id}/magic/cf_interconnects,magic-interconnects-update-multiple-interconnects
x22-1591,6,cloudflare,GET,/accounts/{account_id}/magic/cf_interconnects/{cf_interconnect_id},magic-interconnects-list-interconnect-details
x22-1592,10,cloudflare,PUT,/accounts/{account_id}/magic/cf_interconnects/{cf_interconnect_id},magic-interconnects-update-interconnect
x22-1593,8,cloudflare,GET,/accounts/{account_id}/magic/cloud/catalog-syncs,catalog-syncs-list
x22-1594,6,cloudflare,POST,/accounts/{account_id}/magic/cloud/catalog-syncs,catalog-syncs-create
x22-1595,2,cloudflare,GET,/accounts/{account_id}/magic/cloud/catalog-syncs/prebuilt-policies,catalog-syncs-prebuilt-policies-list
x22-1596,2,cloudflare,GET,/accounts/{account_id}/magic/cloud/catalog-syncs/{sync_id},catalog-syncs-read
x22-1597,7,cloudflare,PUT,/accounts/{account_id}/magic/cloud/catalog-syncs/{sync_id},catalog-syncs-update
x22-1598,4,cloudflare,DELETE,/accounts/{account_id}/magic/cloud/catalog-syncs/{sync_id},catalog-syncs-delete
x22-1599,7,cloudflare,PATCH,/accounts/{account_id}/magic/cloud/catalog-syncs/{sync_id},catalog-syncs-patch
x22-1600,6,cloudflare,POST,/accounts/{account_id}/magic/cloud/catalog-syncs/{sync_id}/refresh,catalog-syncs-refresh
x22-1601,8,cloudflare,GET,/accounts/{account_id}/magic/cloud/onramps,onramps-list
x22-1602,9,cloudflare,POST,/accounts/{account_id}/magic/cloud/onramps,onramps-create
x22-1603,10,cloudflare,GET,/accounts/{account_id}/magic/cloud/onramps/magic_wan_address_space,onramps-mwan-addr-space-read
x22-1604,9,cloudflare,PUT,/accounts/{account_id}/magic/cloud/onramps/magic_wan_address_space,onramps-mwan-addr-space-update
x22-1605,4,cloudflare,PATCH,/accounts/{account_id}/magic/cloud/onramps/magic_wan_address_space,onramps-mwan-addr-space-patch
x22-1606,5,cloudflare,GET,/accounts/{account_id}/magic/cloud/onramps/{onramp_id},onramps-read
x22-1607,6,cloudflare,PUT,/accounts/{account_id}/magic/cloud/onramps/{onramp_id},onramps-update
x22-1608,5,cloudflare,DELETE,/accounts/{account_id}/magic/cloud/onramps/{onramp_id},onramps-delete
x22-1609,5,cloudflare,PATCH,/accounts/{account_id}/magic/cloud/onramps/{onramp_id},onramps-patch
x22-1610,5,cloudflare,POST,/accounts/{account_id}/magic/cloud/onramps/{onramp_id}/apply,onramps-apply
x22-1611,9,cloudflare,POST,/accounts/{account_id}/magic/cloud/onramps/{onramp_id}/export,onramps-export
x22-1612,1,cloudflare,POST,/accounts/{account_id}/magic/cloud/onramps/{onramp_id}/plan,onramps-plan
x22-1613,3,cloudflare,GET,/accounts/{account_id}/magic/cloud/providers,providers-list
x22-1614,7,cloudflare,POST,/accounts/{account_id}/magic/cloud/providers,providers-create
x22-1615,7,cloudflare,POST,/accounts/{account_id}/magic/cloud/providers/discover,providers-discover-all
x22-1616,6,cloudflare,GET,/accounts/{account_id}/magic/cloud/providers/{provider_id},providers-read
x22-1617,9,cloudflare,PUT,/accounts/{account_id}/magic/cloud/providers/{provider_id},providers-update
x22-1618,2,cloudflare,DELETE,/accounts/{account_id}/magic/cloud/providers/{provider_id},providers-delete
x22-1619,8,cloudflare,PATCH,/accounts/{account_id}/magic/cloud/providers/{provider_id},providers-patch
x22-1620,2,cloudflare,POST,/accounts/{account_id}/magic/cloud/providers/{provider_id}/discover,providers-discover
x22-1621,10,cloudflare,GET,/accounts/{account_id}/magic/cloud/providers/{provider_id}/initial_setup,providers-initial-setup
x22-1622,2,cloudflare,GET,/accounts/{account_id}/magic/cloud/resources,resources-catalog-list
x22-1623,2,cloudflare,GET,/accounts/{account_id}/magic/cloud/resources/export,resources-catalog-export
x22-1624,4,cloudflare,POST,/accounts/{account_id}/magic/cloud/resources/policy-preview,resources-catalog-policy-preview
x22-1625,6,cloudflare,GET,/accounts/{account_id}/magic/cloud/resources/{resource_id},resources-catalog-read
x22-1626,6,cloudflare,GET,/accounts/{account_id}/magic/connectors,mconn-connectors-list
x22-1627,3,cloudflare,POST,/accounts/{account_id}/magic/connectors,mconn-connectors-create
x22-1628,2,cloudflare,GET,/accounts/{account_id}/magic/connectors/{connector_id},mconn-connectors-get
x22-1629,5,cloudflare,PUT,/accounts/{account_id}/magic/connectors/{connector_id},mconn-connectors-update
x22-1630,8,cloudflare,DELETE,/accounts/{account_id}/magic/connectors/{connector_id},mconn-connectors-delete
x22-1631,5,cloudflare,PATCH,/accounts/{account_id}/magic/connectors/{connector_id},mconn-connectors-edit
x22-1632,10,cloudflare,GET,/accounts/{account_id}/magic/connectors/{connector_id}/interrupts,mconn-connector-interrupts-list
x22-1633,2,cloudflare,POST,/accounts/{account_id}/magic/connectors/{connector_id}/interrupts,mconn-connector-interrupts-create
x22-1634,10,cloudflare,GET,/accounts/{account_id}/magic/connectors/{connector_id}/telemetry/events,mconn-connector-telemetry-events-list
x22-1635,8,cloudflare,GET,/accounts/{account_id}/magic/connectors/{connector_id}/telemetry/events/latest,mconn-connector-telemetry-events-latest-get
x22-1636,9,cloudflare,GET,/accounts/{account_id}/magic/connectors/{connector_id}/telemetry/events/{event_t}.{event_n},mconn-connector-telemetry-events-get
x22-1637,5,cloudflare,GET,/accounts/{account_id}/magic/connectors/{connector_id}/telemetry/snapshots,mconn-connector-telemetry-snapshots-list
x22-1638,8,cloudflare,GET,/accounts/{account_id}/magic/connectors/{connector_id}/telemetry/snapshots/latest,mconn-connector-telemetry-snapshots-latest-get
x22-1639,5,cloudflare,GET,/accounts/{account_id}/magic/connectors/{connector_id}/telemetry/snapshots/{snapshot_t},mconn-connector-telemetry-snapshots-get
x22-1640,1,cloudflare,GET,/accounts/{account_id}/magic/gre_tunnels,magic-gre-tunnels-list-gre-tunnels
x22-1641,5,cloudflare,POST,/accounts/{account_id}/magic/gre_tunnels,magic-gre-tunnels-create-gre-tunnels
x22-1642,7,cloudflare,PUT,/accounts/{account_id}/magic/gre_tunnels,magic-gre-tunnels-update-multiple-gre-tunnels
x22-1643,10,cloudflare,GET,/accounts/{account_id}/magic/gre_tunnels/{gre_tunnel_id},magic-gre-tunnels-list-gre-tunnel-details
x22-1644,3,cloudflare,PUT,/accounts/{account_id}/magic/gre_tunnels/{gre_tunnel_id},magic-gre-tunnels-update-gre-tunnel
x22-1645,9,cloudflare,DELETE,/accounts/{account_id}/magic/gre_tunnels/{gre_tunnel_id},magic-gre-tunnels-delete-gre-tunnel
x22-1646,1,cloudflare,GET,/accounts/{account_id}/magic/ipsec_tunnels,magic-ipsec-tunnels-list-ipsec-tunnels
x22-1647,3,cloudflare,POST,/accounts/{account_id}/magic/ipsec_tunnels,magic-ipsec-tunnels-create-ipsec-tunnels
x22-1648,10,cloudflare,PUT,/accounts/{account_id}/magic/ipsec_tunnels,magic-ipsec-tunnels-update-multiple-ipsec-tunnels
x22-1649,3,cloudflare,POST,/accounts/{account_id}/magic/ipsec_tunnels/psk,magic-ipsec-tunnels-set-pre-shared-keys-for-ipsec-tunnels
x22-1650,1,cloudflare,GET,/accounts/{account_id}/magic/ipsec_tunnels/{ipsec_tunnel_id},magic-ipsec-tunnels-list-ipsec-tunnel-details
x22-1651,4,cloudflare,PUT,/accounts/{account_id}/magic/ipsec_tunnels/{ipsec_tunnel_id},magic-ipsec-tunnels-update-ipsec-tunnel
x22-1652,10,cloudflare,DELETE,/accounts/{account_id}/magic/ipsec_tunnels/{ipsec_tunnel_id},magic-ipsec-tunnels-delete-ipsec-tunnel
x22-1653,1,cloudflare,POST,/accounts/{account_id}/magic/ipsec_tunnels/{ipsec_tunnel_id}/psk_generate,magic-ipsec-tunnels-generate-pre-shared-key-(-psk)-for-ipsec-tunnels
x22-1654,2,cloudflare,GET,/accounts/{account_id}/magic/redundancy_groups,magic-redundancy-groups-list-redundancy-groups
x22-1655,6,cloudflare,POST,/accounts/{account_id}/magic/redundancy_groups,magic-redundancy-groups-create-redundancy-group
x22-1656,10,cloudflare,GET,/accounts/{account_id}/magic/redundancy_groups/{redundancy_group_id},magic-redundancy-groups-get-redundancy-group
x22-1657,5,cloudflare,PUT,/accounts/{account_id}/magic/redundancy_groups/{redundancy_group_id},magic-redundancy-groups-update-redundancy-group
x22-1658,1,cloudflare,DELETE,/accounts/{account_id}/magic/redundancy_groups/{redundancy_group_id},magic-redundancy-groups-delete-redundancy-group
x22-1659,9,cloudflare,GET,/accounts/{account_id}/magic/routes,magic-static-routes-list-routes
x22-1660,2,cloudflare,POST,/accounts/{account_id}/magic/routes,magic-static-routes-create-routes
x22-1661,1,cloudflare,PUT,/accounts/{account_id}/magic/routes,magic-static-routes-update-many-routes
x22-1662,2,cloudflare,DELETE,/accounts/{account_id}/magic/routes,magic-static-routes-delete-many-routes
x22-1663,3,cloudflare,GET,/accounts/{account_id}/magic/routes/{route_id},magic-static-routes-route-details
x22-1664,8,cloudflare,PUT,/accounts/{account_id}/magic/routes/{route_id},magic-static-routes-update-route
x22-1665,5,cloudflare,DELETE,/accounts/{account_id}/magic/routes/{route_id},magic-static-routes-delete-route
x22-1666,5,cloudflare,GET,/accounts/{account_id}/magic/sites,magic-sites-list-sites
x22-1667,1,cloudflare,POST,/accounts/{account_id}/magic/sites,magic-sites-create-site
x22-1668,10,cloudflare,GET,/accounts/{account_id}/magic/sites/{site_id},magic-sites-site-details
x22-1669,8,cloudflare,PUT,/accounts/{account_id}/magic/sites/{site_id},magic-sites-update-site
x22-1670,3,cloudflare,DELETE,/accounts/{account_id}/magic/sites/{site_id},magic-sites-delete-site
x22-1671,7,cloudflare,PATCH,/accounts/{account_id}/magic/sites/{site_id},magic-sites-patch-site
x22-1672,9,cloudflare,GET,/accounts/{account_id}/magic/sites/{site_id}/acls,magic-site-acls-list-acls
x22-1673,8,cloudflare,POST,/accounts/{account_id}/magic/sites/{site_id}/acls,magic-site-acls-create-acl
x22-1674,5,cloudflare,GET,/accounts/{account_id}/magic/sites/{site_id}/acls/{acl_id},magic-site-acls-acl-details
x22-1675,7,cloudflare,PUT,/accounts/{account_id}/magic/sites/{site_id}/acls/{acl_id},magic-site-acls-update-acl
x22-1676,8,cloudflare,DELETE,/accounts/{account_id}/magic/sites/{site_id}/acls/{acl_id},magic-site-acls-delete-acl
x22-1677,6,cloudflare,PATCH,/accounts/{account_id}/magic/sites/{site_id}/acls/{acl_id},magic-site-acls-patch-acl
x22-1678,8,cloudflare,GET,/accounts/{account_id}/magic/sites/{site_id}/app_configs,magic-site-app-configs-list-app-configs
x22-1679,10,cloudflare,POST,/accounts/{account_id}/magic/sites/{site_id}/app_configs,magic-site-app-configs-add-app-config
x22-1680,6,cloudflare,PUT,/accounts/{account_id}/magic/sites/{site_id}/app_configs/{app_config_id},magic-site-app-configs-update-app-config
x22-1681,10,cloudflare,DELETE,/accounts/{account_id}/magic/sites/{site_id}/app_configs/{app_config_id},magic-site-app-configs-delete-app-config
x22-1682,2,cloudflare,PATCH,/accounts/{account_id}/magic/sites/{site_id}/app_configs/{app_config_id},magic-site-app-configs-patch-app-config
x22-1683,8,cloudflare,GET,/accounts/{account_id}/magic/sites/{site_id}/lans,magic-site-lans-list-lans
x22-1684,9,cloudflare,POST,/accounts/{account_id}/magic/sites/{site_id}/lans,magic-site-lans-create-lan
x22-1685,7,cloudflare,GET,/accounts/{account_id}/magic/sites/{site_id}/lans/{lan_id},magic-site-lans-lan-details
x22-1686,4,cloudflare,PUT,/accounts/{account_id}/magic/sites/{site_id}/lans/{lan_id},magic-site-lans-update-lan
x22-1687,4,cloudflare,DELETE,/accounts/{account_id}/magic/sites/{site_id}/lans/{lan_id},magic-site-lans-delete-lan
x22-1688,5,cloudflare,PATCH,/accounts/{account_id}/magic/sites/{site_id}/lans/{lan_id},magic-site-lans-patch-lan
x22-1689,10,cloudflare,GET,/accounts/{account_id}/magic/sites/{site_id}/netflow_config,magic-site-netflow-config-details
x22-1690,6,cloudflare,POST,/accounts/{account_id}/magic/sites/{site_id}/netflow_config,magic-site-netflow-config-create-netflow-config
x22-1691,9,cloudflare,PUT,/accounts/{account_id}/magic/sites/{site_id}/netflow_config,magic-site-netflow-config-update-netflow-config
x22-1692,1,cloudflare,DELETE,/accounts/{account_id}/magic/sites/{site_id}/netflow_config,magic-site-netflow-config-delete-netflow-config
x22-1693,3,cloudflare,PATCH,/accounts/{account_id}/magic/sites/{site_id}/netflow_config,magic-site-netflow-config-patch-netflow-config
x22-1694,1,cloudflare,GET,/accounts/{account_id}/magic/sites/{site_id}/wans,magic-site-wans-list-wans
x22-1695,5,cloudflare,POST,/accounts/{account_id}/magic/sites/{site_id}/wans,magic-site-wans-create-wan
x22-1696,1,cloudflare,GET,/accounts/{account_id}/magic/sites/{site_id}/wans/{wan_id},magic-site-wans-wan-details
x22-1697,1,cloudflare,PUT,/accounts/{account_id}/magic/sites/{site_id}/wans/{wan_id},magic-site-wans-update-wan
x22-1698,4,cloudflare,DELETE,/accounts/{account_id}/magic/sites/{site_id}/wans/{wan_id},magic-site-wans-delete-wan
x22-1699,8,cloudflare,PATCH,/accounts/{account_id}/magic/sites/{site_id}/wans/{wan_id},magic-site-wans-patch-wan
x22-1700,5,cloudflare,GET,/accounts/{account_id}/managed-defense/vulnerability-discovery/repos,listAccountVulnerabilityDiscoveryRepositories
x22-1701,10,cloudflare,POST,/accounts/{account_id}/managed-defense/vulnerability-discovery/repos,createAccountVulnerabilityDiscoveryRepository
x22-1702,7,cloudflare,GET,/accounts/{account_id}/managed-defense/vulnerability-discovery/repos/{repo_id},getAccountVulnerabilityDiscoveryRepository
x22-1703,6,cloudflare,GET,/accounts/{account_id}/managed-defense/vulnerability-discovery/repos/{repo_id}/scans/{scan_id}/report,getAccountRepositoryVulnerabilityDiscoveryReport
x22-1704,1,cloudflare,GET,/accounts/{account_id}/managed-defense/vulnerability-discovery/scans,listAccountVulnerabilityDiscoveryScans
x22-1705,10,cloudflare,POST,/accounts/{account_id}/managed-defense/vulnerability-discovery/scans,createAccountVulnerabilityDiscoveryScan
x22-1706,4,cloudflare,GET,/accounts/{account_id}/managed-defense/vulnerability-discovery/scans/{scan_id},getAccountVulnerabilityDiscoveryScan
x22-1707,5,cloudflare,GET,/accounts/{account_id}/managed-defense/vulnerability-discovery/scans/{scan_id}/report,getAccountVulnerabilityDiscoveryConsolidatedReport
x22-1708,2,cloudflare,GET,/accounts/{account_id}/media/usage,usage-analytics-get-account-media-usage
x22-1709,3,cloudflare,GET,/accounts/{account_id}/members,account-members-list-members
x22-1710,1,cloudflare,POST,/accounts/{account_id}/members,account-members-add-member
x22-1711,5,cloudflare,GET,/accounts/{account_id}/members/{member_id},account-members-member-details
x22-1712,10,cloudflare,PUT,/accounts/{account_id}/members/{member_id},account-members-update-member
x22-1713,7,cloudflare,DELETE,/accounts/{account_id}/members/{member_id},account-members-remove-member
x22-1714,8,cloudflare,GET,/accounts/{account_id}/mnm/config,magic-network-monitoring-configuration-list-account-configuration
x22-1715,3,cloudflare,POST,/accounts/{account_id}/mnm/config,magic-network-monitoring-configuration-create-account-configuration
x22-1716,6,cloudflare,PUT,/accounts/{account_id}/mnm/config,magic-network-monitoring-configuration-update-an-entire-account-configuration
x22-1717,1,cloudflare,DELETE,/accounts/{account_id}/mnm/config,magic-network-monitoring-configuration-delete-account-configuration
x22-1718,9,cloudflare,PATCH,/accounts/{account_id}/mnm/config,magic-network-monitoring-configuration-update-account-configuration-fields
x22-1719,6,cloudflare,GET,/accounts/{account_id}/mnm/config/full,magic-network-monitoring-configuration-list-rules-and-account-configuration
x22-1720,8,cloudflare,GET,/accounts/{account_id}/mnm/rules,magic-network-monitoring-rules-list-rules
x22-1721,4,cloudflare,POST,/accounts/{account_id}/mnm/rules,magic-network-monitoring-rules-create-rules
x22-1722,7,cloudflare,PUT,/accounts/{account_id}/mnm/rules,magic-network-monitoring-rules-update-rules
x22-1723,6,cloudflare,POST,/accounts/{account_id}/mnm/rules/bulk,magic-network-monitoring-rules-create-rules-bulk
x22-1724,10,cloudflare,PUT,/accounts/{account_id}/mnm/rules/bulk,magic-network-monitoring-rules-update-rules-bulk
x22-1725,6,cloudflare,GET,/accounts/{account_id}/mnm/rules/{rule_id},magic-network-monitoring-rules-get-rule
x22-1726,1,cloudflare,DELETE,/accounts/{account_id}/mnm/rules/{rule_id},magic-network-monitoring-rules-delete-rule
x22-1727,4,cloudflare,PATCH,/accounts/{account_id}/mnm/rules/{rule_id},magic-network-monitoring-rules-update-rule
x22-1728,7,cloudflare,PATCH,/accounts/{account_id}/mnm/rules/{rule_id}/advertisement,magic-network-monitoring-rules-update-advertisement-for-rule
x22-1729,10,cloudflare,POST,/accounts/{account_id}/mnm/vpc-flows/token,magic-network-monitoring-vpc-flows-generate-authentication-token
x22-1730,2,cloudflare,GET,/accounts/{account_id}/moq/relays,moq-relays-list
x22-1731,3,cloudflare,POST,/accounts/{account_id}/moq/relays,moq-relays-create
x22-1732,3,cloudflare,GET,/accounts/{account_id}/moq/relays/{relay_id},moq-relays-get
x22-1733,7,cloudflare,PUT,/accounts/{account_id}/moq/relays/{relay_id},moq-relays-update
x22-1734,3,cloudflare,DELETE,/accounts/{account_id}/moq/relays/{relay_id},moq-relays-delete
x22-1735,8,cloudflare,GET,/accounts/{account_id}/moq/relays/{relay_id}/tokens,moq-relays-tokens-list
x22-1736,5,cloudflare,POST,/accounts/{account_id}/moq/relays/{relay_id}/tokens,moq-relays-tokens-create
x22-1737,1,cloudflare,DELETE,/accounts/{account_id}/moq/relays/{relay_id}/tokens/{jti},moq-relays-tokens-delete
x22-1738,5,cloudflare,POST,/accounts/{account_id}/move,Accounts_moveAccounts
x22-1739,5,cloudflare,GET,/accounts/{account_id}/mtls_certificates,m-tls-certificate-management-list-m-tls-certificates
x22-1740,5,cloudflare,POST,/accounts/{account_id}/mtls_certificates,m-tls-certificate-management-upload-m-tls-certificate
x22-1741,8,cloudflare,GET,/accounts/{account_id}/mtls_certificates/{mtls_certificate_id},m-tls-certificate-management-get-m-tls-certificate
x22-1742,10,cloudflare,DELETE,/accounts/{account_id}/mtls_certificates/{mtls_certificate_id},m-tls-certificate-management-delete-m-tls-certificate
x22-1743,9,cloudflare,GET,/accounts/{account_id}/mtls_certificates/{mtls_certificate_id}/associations,m-tls-certificate-management-list-m-tls-certificate-associations
x22-1744,5,cloudflare,GET,/accounts/{account_id}/oauth_clients,oauth-clients-list
x22-1745,6,cloudflare,POST,/accounts/{account_id}/oauth_clients,oauth-clients-create
x22-1746,1,cloudflare,GET,/accounts/{account_id}/oauth_clients/{oauth_client_id},oauth-clients-get
x22-1747,6,cloudflare,DELETE,/accounts/{account_id}/oauth_clients/{oauth_client_id},oauth-clients-delete
x22-1748,4,cloudflare,PATCH,/accounts/{account_id}/oauth_clients/{oauth_client_id},oauth-clients-update
x22-1749,3,cloudflare,POST,/accounts/{account_id}/oauth_clients/{oauth_client_id}/rotate_secret,oauth-clients-rotate-secret
x22-1750,7,cloudflare,DELETE,/accounts/{account_id}/oauth_clients/{oauth_client_id}/rotate_secret,oauth-clients-delete-rotated-secret
x22-1751,9,cloudflare,GET,/accounts/{account_id}/one/applications,list_applications_v2
x22-1752,2,cloudflare,GET,/accounts/{account_id}/one/applications/{application_id},get_application_v2
x22-1753,1,cloudflare,GET,/accounts/{account_id}/one/applications/{application_id}/auth-methods,get_application_auth_methods_v2
x22-1754,4,cloudflare,GET,/accounts/{account_id}/one/applications/{application_id}/setup-flows,get_application_setup_flows_v2
x22-1755,4,cloudflare,GET,/accounts/{account_id}/one/integrations,list_integrations_v2
x22-1756,4,cloudflare,POST,/accounts/{account_id}/one/integrations,create_integration_v2
x22-1757,6,cloudflare,GET,/accounts/{account_id}/one/integrations/{id},get_integration_v2
x22-1758,5,cloudflare,DELETE,/accounts/{account_id}/one/integrations/{id},delete_integration_v2
x22-1759,8,cloudflare,PATCH,/accounts/{account_id}/one/integrations/{id},update_integration_v2
x22-1760,4,cloudflare,POST,/accounts/{account_id}/one/integrations/{id}/pause,pause_integration_v2
x22-1761,3,cloudflare,POST,/accounts/{account_id}/one/integrations/{id}/resume,resume_integration_v2
x22-1762,8,cloudflare,GET,/accounts/{account_id}/organizations,Accounts_listAccountOrganizations
x22-1763,6,cloudflare,GET,/accounts/{account_id}/pages/projects,pages-project-get-projects
x22-1764,1,cloudflare,POST,/accounts/{account_id}/pages/projects,pages-project-create-project
x22-1765,7,cloudflare,GET,/accounts/{account_id}/pages/projects/{project_name},pages-project-get-project
x22-1766,5,cloudflare,DELETE,/accounts/{account_id}/pages/projects/{project_name},pages-project-delete-project
x22-1767,10,cloudflare,PATCH,/accounts/{account_id}/pages/projects/{project_name},pages-project-update-project
x22-1768,9,cloudflare,GET,/accounts/{account_id}/pages/projects/{project_name}/deployments,pages-deployment-get-deployments
x22-1769,5,cloudflare,POST,/accounts/{account_id}/pages/projects/{project_name}/deployments,pages-deployment-create-deployment
x22-1770,10,cloudflare,GET,/accounts/{account_id}/pages/projects/{project_name}/deployments/{deployment_id},pages-deployment-get-deployment-info
x22-1771,6,cloudflare,DELETE,/accounts/{account_id}/pages/projects/{project_name}/deployments/{deployment_id},pages-deployment-delete-deployment
x22-1772,7,cloudflare,GET,/accounts/{account_id}/pages/projects/{project_name}/deployments/{deployment_id}/history/logs,pages-deployment-get-deployment-logs
x22-1773,5,cloudflare,POST,/accounts/{account_id}/pages/projects/{project_name}/deployments/{deployment_id}/retry,pages-deployment-retry-deployment
x22-1774,5,cloudflare,POST,/accounts/{account_id}/pages/projects/{project_name}/deployments/{deployment_id}/rollback,pages-deployment-rollback-deployment
x22-1775,10,cloudflare,POST,/accounts/{account_id}/pages/projects/{project_name}/deployments/{deployment_id}/tails,pages-deployment-create-tail
x22-1776,5,cloudflare,DELETE,/accounts/{account_id}/pages/projects/{project_name}/deployments/{deployment_id}/tails/{tail_id},pages-deployment-delete-tail
x22-1777,2,cloudflare,GET,/accounts/{account_id}/pages/projects/{project_name}/domains,pages-domains-get-domains
x22-1778,4,cloudflare,POST,/accounts/{account_id}/pages/projects/{project_name}/domains,pages-domains-add-domain
x22-1779,8,cloudflare,GET,/accounts/{account_id}/pages/projects/{project_name}/domains/{domain_name},pages-domains-get-domain
x22-1780,8,cloudflare,DELETE,/accounts/{account_id}/pages/projects/{project_name}/domains/{domain_name},pages-domains-delete-domain
x22-1781,1,cloudflare,PATCH,/accounts/{account_id}/pages/projects/{project_name}/domains/{domain_name},pages-domains-patch-domain
x22-1782,6,cloudflare,POST,/accounts/{account_id}/pages/projects/{project_name}/purge_build_cache,pages-purge-build-cache
x22-1783,7,cloudflare,POST,/accounts/{account_id}/pages/projects/{project_name}/source,pages-project-connect-project-source
x22-1784,4,cloudflare,DELETE,/accounts/{account_id}/pages/projects/{project_name}/source,pages-project-disconnect-project-source
x22-1785,7,cloudflare,GET,/accounts/{account_id}/pages/projects/{project_name}/upload-token,pages-project-get-upload-token
x22-1786,8,cloudflare,POST,/accounts/{account_id}/pay-bad-debt,account-billing-pay-bad-debt
x22-1787,5,cloudflare,POST,/accounts/{account_id}/pay-invoice,account-billing-pay-invoice
x22-1788,7,cloudflare,GET,/accounts/{account_id}/pay-per-crawl/crawler/stripe,pay-per-crawl.crawlerGetStripeConfig
x22-1789,9,cloudflare,POST,/accounts/{account_id}/pay-per-crawl/crawler/stripe,pay-per-crawl.crawlerCreateStripeConfig
x22-1790,5,cloudflare,DELETE,/accounts/{account_id}/pay-per-crawl/crawler/stripe,pay-per-crawl.crawlerDeleteStripeConfig
x22-1791,9,cloudflare,GET,/accounts/{account_id}/pay-per-crawl/crawlers,pay-per-crawl.listCrawlers
x22-1792,5,cloudflare,GET,/accounts/{account_id}/pay-per-crawl/publisher/stripe,pay-per-crawl.publisherGetStripeConfig
x22-1793,9,cloudflare,POST,/accounts/{account_id}/pay-per-crawl/publisher/stripe,pay-per-crawl.publisherCreateStripeConfig
x22-1794,10,cloudflare,DELETE,/accounts/{account_id}/pay-per-crawl/publisher/stripe,pay-per-crawl.publisherDeleteStripeConfig
x22-1795,6,cloudflare,GET,/accounts/{account_id}/pay-per-crawl/signature_link,pay-per-crawl.getTermsSignatureLink
x22-1796,3,cloudflare,GET,/accounts/{account_id}/pay-per-crawl/terms,pay-per-crawl.getTerms
x22-1797,8,cloudflare,GET,/accounts/{account_id}/pay-per-crawl/terms/signature,pay-per-crawl.getTermsSignature
x22-1798,3,cloudflare,POST,/accounts/{account_id}/pay-per-crawl/terms/signature,pay-per-crawl.sendTermsSignatureEvent
x22-1799,6,cloudflare,PATCH,/accounts/{account_id}/pay-per-crawl/zones_can_be_enabled,pay-per-crawl.setZonesCanBeEnabled
x22-1800,1,cloudflare,POST,/accounts/{account_id}/pay-per-crawl/zones_can_be_enabled/query,pay-per-crawl.queryZonesCanBeEnabled
x22-1801,7,cloudflare,GET,/accounts/{account_id}/payment-methods,account-billing-list-payment-methods
x22-1802,1,cloudflare,POST,/accounts/{account_id}/payment-methods,account-billing-create-payment-method
x22-1803,1,cloudflare,GET,/accounts/{account_id}/payment-methods/{payment_method_id},account-billing-get-payment-method
x22-1804,2,cloudflare,PUT,/accounts/{account_id}/payment-methods/{payment_method_id},account-billing-update-payment-method
x22-1805,7,cloudflare,DELETE,/accounts/{account_id}/payment-methods/{payment_method_id},account-billing-delete-payment-method
x22-1806,2,cloudflare,POST,/accounts/{account_id}/payment-methods/{payment_method_id}/set-as-default,account-billing-set-default-payment-method
x22-1807,7,cloudflare,GET,/accounts/{account_id}/pcaps,magic-pcap-collection-list-packet-capture-requests
x22-1808,10,cloudflare,POST,/accounts/{account_id}/pcaps,magic-pcap-collection-create-pcap-request
x22-1809,3,cloudflare,GET,/accounts/{account_id}/pcaps/ownership,magic-pcap-collection-list-pca-ps-bucket-ownership
x22-1810,1,cloudflare,POST,/accounts/{account_id}/pcaps/ownership,magic-pcap-collection-add-buckets-for-full-packet-captures
x22-1811,6,cloudflare,POST,/accounts/{account_id}/pcaps/ownership/validate,magic-pcap-collection-validate-buckets-for-full-packet-captures
x22-1812,9,cloudflare,DELETE,/accounts/{account_id}/pcaps/ownership/{ownership_id},magic-pcap-collection-delete-buckets-for-full-packet-captures
x22-1813,4,cloudflare,GET,/accounts/{account_id}/pcaps/{pcap_id},magic-pcap-collection-get-pcap-request
x22-1814,4,cloudflare,GET,/accounts/{account_id}/pcaps/{pcap_id}/download,magic-pcap-collection-download-simple-pcap
x22-1815,7,cloudflare,PUT,/accounts/{account_id}/pcaps/{pcap_id}/stop,magic-pcap-collection-stop-full-pcap
x22-1816,7,cloudflare,GET,/accounts/{account_id}/pipelines,getV4AccountsByAccount_idPipelines_deprecated
x22-1817,8,cloudflare,POST,/accounts/{account_id}/pipelines,postV4AccountsByAccount_idPipelines_deprecated
x22-1818,7,cloudflare,GET,/accounts/{account_id}/pipelines/v1/pipelines,getV4AccountsByAccount_idPipelinesV1Pipelines
x22-1819,2,cloudflare,POST,/accounts/{account_id}/pipelines/v1/pipelines,postV4AccountsByAccount_idPipelinesV1Pipelines
x22-1820,9,cloudflare,GET,/accounts/{account_id}/pipelines/v1/pipelines/{pipeline_id},getV4AccountsByAccount_idPipelinesV1PipelinesByPipeline_id
x22-1821,7,cloudflare,DELETE,/accounts/{account_id}/pipelines/v1/pipelines/{pipeline_id},deleteV4AccountsByAccount_idPipelinesV1PipelinesByPipeline_id
x22-1822,4,cloudflare,GET,/accounts/{account_id}/pipelines/v1/sinks,getV4AccountsByAccount_idPipelinesV1Sinks
x22-1823,2,cloudflare,POST,/accounts/{account_id}/pipelines/v1/sinks,postV4AccountsByAccount_idPipelinesV1Sinks
x22-1824,3,cloudflare,GET,/accounts/{account_id}/pipelines/v1/sinks/{sink_id},getV4AccountsByAccount_idPipelinesV1SinksBySink_id
x22-1825,7,cloudflare,DELETE,/accounts/{account_id}/pipelines/v1/sinks/{sink_id},deleteV4AccountsByAccount_idPipelinesV1SinksBySink_id
x22-1826,9,cloudflare,GET,/accounts/{account_id}/pipelines/v1/streams,getV4AccountsByAccount_idPipelinesV1Streams
x22-1827,4,cloudflare,POST,/accounts/{account_id}/pipelines/v1/streams,postV4AccountsByAccount_idPipelinesV1Streams
x22-1828,7,cloudflare,GET,/accounts/{account_id}/pipelines/v1/streams/{stream_id},getV4AccountsByAccount_idPipelinesV1StreamsByStream_id
x22-1829,6,cloudflare,DELETE,/accounts/{account_id}/pipelines/v1/streams/{stream_id},deleteV4AccountsByAccount_idPipelinesV1StreamsByStream_id
x22-1830,10,cloudflare,PATCH,/accounts/{account_id}/pipelines/v1/streams/{stream_id},patchV4AccountsByAccount_idPipelinesV1StreamsByStream_id
x22-1831,2,cloudflare,POST,/accounts/{account_id}/pipelines/v1/validate_sql,postV4AccountsByAccount_idPipelinesV1Validate_sql
x22-1832,4,cloudflare,GET,/accounts/{account_id}/pipelines/{pipeline_name},getV4AccountsByAccount_idPipelinesByPipeline_name_deprecated
x22-1833,2,cloudflare,PUT,/accounts/{account_id}/pipelines/{pipeline_name},putV4AccountsByAccount_idPipelinesByPipeline_name_deprecated
x22-1834,4,cloudflare,DELETE,/accounts/{account_id}/pipelines/{pipeline_name},deleteV4AccountsByAccount_idPipelinesByPipeline_name_deprecated
x22-1835,9,cloudflare,GET,/accounts/{account_id}/profile,Accounts_getAccountProfile
x22-1836,1,cloudflare,PUT,/accounts/{account_id}/profile,Accounts_modifyAccountProfile
x22-1837,2,cloudflare,GET,/accounts/{account_id}/queues,queues-list
x22-1838,6,cloudflare,POST,/accounts/{account_id}/queues,queues-create
x22-1839,6,cloudflare,GET,/accounts/{account_id}/queues/{queue_id},queues-get
x22-1840,1,cloudflare,PUT,/accounts/{account_id}/queues/{queue_id},queues-update
x22-1841,5,cloudflare,DELETE,/accounts/{account_id}/queues/{queue_id},queues-delete
x22-1842,10,cloudflare,PATCH,/accounts/{account_id}/queues/{queue_id},queues-update-partial
x22-1843,7,cloudflare,GET,/accounts/{account_id}/queues/{queue_id}/consumers,queues-list-consumers
x22-1844,5,cloudflare,POST,/accounts/{account_id}/queues/{queue_id}/consumers,queues-create-consumer
x22-1845,3,cloudflare,GET,/accounts/{account_id}/queues/{queue_id}/consumers/{consumer_id},queues-get-consumer
x22-1846,10,cloudflare,PUT,/accounts/{account_id}/queues/{queue_id}/consumers/{consumer_id},queues-update-consumer
x22-1847,1,cloudflare,DELETE,/accounts/{account_id}/queues/{queue_id}/consumers/{consumer_id},queues-delete-consumer
x22-1848,8,cloudflare,POST,/accounts/{account_id}/queues/{queue_id}/messages,queues-push-message
x22-1849,5,cloudflare,POST,/accounts/{account_id}/queues/{queue_id}/messages/ack,queues-ack-messages
x22-1850,7,cloudflare,POST,/accounts/{account_id}/queues/{queue_id}/messages/batch,queues-push-messages
x22-1851,10,cloudflare,POST,/accounts/{account_id}/queues/{queue_id}/messages/extend,queues-extend-messages
x22-1852,2,cloudflare,POST,/accounts/{account_id}/queues/{queue_id}/messages/peek,queues-peek-messages
x22-1853,6,cloudflare,POST,/accounts/{account_id}/queues/{queue_id}/messages/preview,queues-preview-messages
x22-1854,4,cloudflare,POST,/accounts/{account_id}/queues/{queue_id}/messages/preview/ack,queues-ack-preview-messages
x22-1855,9,cloudflare,POST,/accounts/{account_id}/queues/{queue_id}/messages/pull,queues-pull-messages
x22-1856,2,cloudflare,POST,/accounts/{account_id}/queues/{queue_id}/messages/purge,queues-purge-messages
x22-1857,10,cloudflare,GET,/accounts/{account_id}/queues/{queue_id}/metrics,queues-get-metrics
x22-1858,10,cloudflare,GET,/accounts/{account_id}/queues/{queue_id}/purge,queues-purge-get
x22-1859,6,cloudflare,POST,/accounts/{account_id}/queues/{queue_id}/purge,queues-purge
x22-1860,4,cloudflare,GET,/accounts/{account_id}/r2-catalog,list-catalogs
x22-1861,8,cloudflare,GET,/accounts/{account_id}/r2-catalog/{bucket_name},get-catalog-details
x22-1862,8,cloudflare,POST,/accounts/{account_id}/r2-catalog/{bucket_name}/credential,store-credentials
x22-1863,5,cloudflare,POST,/accounts/{account_id}/r2-catalog/{bucket_name}/delete,delete-catalog
x22-1864,9,cloudflare,POST,/accounts/{account_id}/r2-catalog/{bucket_name}/disable,disable-catalog
x22-1865,3,cloudflare,POST,/accounts/{account_id}/r2-catalog/{bucket_name}/enable,enable-catalog
x22-1866,5,cloudflare,GET,/accounts/{account_id}/r2-catalog/{bucket_name}/maintenance-configs,get-maintenance-config
x22-1867,7,cloudflare,POST,/accounts/{account_id}/r2-catalog/{bucket_name}/maintenance-configs,update-maintenance-config
x22-1868,3,cloudflare,GET,/accounts/{account_id}/r2-catalog/{bucket_name}/namespaces,list-namespaces
x22-1869,3,cloudflare,GET,/accounts/{account_id}/r2-catalog/{bucket_name}/namespaces/{namespace}/tables,list-tables
x22-1870,6,cloudflare,GET,/accounts/{account_id}/r2-catalog/{bucket_name}/namespaces/{namespace}/tables/{table_name},get-table
x22-1871,4,cloudflare,GET,/accounts/{account_id}/r2-catalog/{bucket_name}/namespaces/{namespace}/tables/{table_name}/maintenance-configs,get-table-maintenance-config
x22-1872,9,cloudflare,POST,/accounts/{account_id}/r2-catalog/{bucket_name}/namespaces/{namespace}/tables/{table_name}/maintenance-configs,update-table-maintenance-config
x22-1873,8,cloudflare,POST,/accounts/{account_id}/r2-catalog/{bucket_name}/namespaces/{namespace}/tables/{table_name}/maintenance-configs/{configuration_type}/queue,queue-table-maintenance
x22-1874,4,cloudflare,GET,/accounts/{account_id}/r2-catalog/{bucket_name}/namespaces/{namespace}/tables/{table_name}/maintenance-runs,list-table-maintenance-runs
x22-1875,8,cloudflare,GET,/accounts/{account_id}/r2/buckets,r2-list-buckets
x22-1876,5,cloudflare,POST,/accounts/{account_id}/r2/buckets,r2-create-bucket
x22-1877,10,cloudflare,GET,/accounts/{account_id}/r2/buckets/{bucket_name},r2-get-bucket
x22-1878,2,cloudflare,PUT,/accounts/{account_id}/r2/buckets/{bucket_name},r2-create-bucket-by-name
x22-1879,1,cloudflare,DELETE,/accounts/{account_id}/r2/buckets/{bucket_name},r2-delete-bucket
x22-1880,3,cloudflare,PATCH,/accounts/{account_id}/r2/buckets/{bucket_name},r2-patch-bucket
x22-1881,5,cloudflare,GET,/accounts/{account_id}/r2/buckets/{bucket_name}/cors,r2-get-bucket-cors-policy
x22-1882,5,cloudflare,PUT,/accounts/{account_id}/r2/buckets/{bucket_name}/cors,r2-put-bucket-cors-policy
x22-1883,3,cloudflare,DELETE,/accounts/{account_id}/r2/buckets/{bucket_name}/cors,r2-delete-bucket-cors-policy
x22-1884,1,cloudflare,GET,/accounts/{account_id}/r2/buckets/{bucket_name}/domains/custom,r2-list-custom-domains
x22-1885,10,cloudflare,POST,/accounts/{account_id}/r2/buckets/{bucket_name}/domains/custom,r2-add-custom-domain
x22-1886,3,cloudflare,GET,/accounts/{account_id}/r2/buckets/{bucket_name}/domains/custom/{domain},r2-get-custom-domain-settings
x22-1887,4,cloudflare,PUT,/accounts/{account_id}/r2/buckets/{bucket_name}/domains/custom/{domain},r2-edit-custom-domain-settings
x22-1888,8,cloudflare,DELETE,/accounts/{account_id}/r2/buckets/{bucket_name}/domains/custom/{domain},r2-delete-custom-domain
x22-1889,9,cloudflare,GET,/accounts/{account_id}/r2/buckets/{bucket_name}/domains/managed,r2-get-bucket-public-policy
x22-1890,5,cloudflare,PUT,/accounts/{account_id}/r2/buckets/{bucket_name}/domains/managed,r2-put-bucket-public-policy
x22-1891,10,cloudflare,GET,/accounts/{account_id}/r2/buckets/{bucket_name}/jobs,r2-list-bucket-jobs
x22-1892,10,cloudflare,GET,/accounts/{account_id}/r2/buckets/{bucket_name}/jobs/{job_id},r2-get-bucket-job
x22-1893,4,cloudflare,GET,/accounts/{account_id}/r2/buckets/{bucket_name}/lifecycle,r2-get-bucket-lifecycle-configuration
x22-1894,9,cloudflare,PUT,/accounts/{account_id}/r2/buckets/{bucket_name}/lifecycle,r2-put-bucket-lifecycle-configuration
x22-1895,1,cloudflare,GET,/accounts/{account_id}/r2/buckets/{bucket_name}/local-uploads,r2-get-bucket-local-uploads-configuration
x22-1896,9,cloudflare,PUT,/accounts/{account_id}/r2/buckets/{bucket_name}/local-uploads,r2-put-bucket-local-uploads-configuration
x22-1897,10,cloudflare,GET,/accounts/{account_id}/r2/buckets/{bucket_name}/lock,r2-get-bucket-lock-configuration
x22-1898,1,cloudflare,PUT,/accounts/{account_id}/r2/buckets/{bucket_name}/lock,r2-put-bucket-lock-configuration
x22-1899,7,cloudflare,DELETE,/accounts/{account_id}/r2/buckets/{bucket_name}/lock,r2-delete-bucket-lock-configuration
x22-1900,6,cloudflare,GET,/accounts/{account_id}/r2/buckets/{bucket_name}/objects,r2-list-objects
x22-1901,5,cloudflare,DELETE,/accounts/{account_id}/r2/buckets/{bucket_name}/objects,r2-delete-objects
x22-1902,1,cloudflare,GET,/accounts/{account_id}/r2/buckets/{bucket_name}/objects/{object_key},r2-get-object
x22-1903,10,cloudflare,PUT,/accounts/{account_id}/r2/buckets/{bucket_name}/objects/{object_key},r2-put-object
x22-1904,6,cloudflare,DELETE,/accounts/{account_id}/r2/buckets/{bucket_name}/objects/{object_key},r2-delete-object
x22-1905,3,cloudflare,GET,/accounts/{account_id}/r2/buckets/{bucket_name}/sippy,r2-get-bucket-sippy-config
x22-1906,5,cloudflare,PUT,/accounts/{account_id}/r2/buckets/{bucket_name}/sippy,r2-put-bucket-sippy-config
x22-1907,9,cloudflare,DELETE,/accounts/{account_id}/r2/buckets/{bucket_name}/sippy,r2-delete-bucket-sippy-config
x22-1908,3,cloudflare,GET,/accounts/{account_id}/r2/buckets/{bucket_name}/storage-class-migration-jobs,r2-list-storage-class-migration-jobs
x22-1909,5,cloudflare,POST,/accounts/{account_id}/r2/buckets/{bucket_name}/storage-class-migration-jobs,r2-create-storage-class-migration-job
x22-1910,9,cloudflare,GET,/accounts/{account_id}/r2/buckets/{bucket_name}/storage-class-migration-jobs/{job_id},r2-get-storage-class-migration-job
x22-1911,3,cloudflare,GET,/accounts/{account_id}/r2/metrics,r2-get-account-level-metrics
x22-1912,8,cloudflare,POST,/accounts/{account_id}/r2/temp-access-credentials,r2-create-temp-access-credentials
x22-1913,5,cloudflare,GET,/accounts/{account_id}/realtime/kit/apps,get_apps
x22-1914,5,cloudflare,POST,/accounts/{account_id}/realtime/kit/apps,create_app
x22-1915,3,cloudflare,GET,/accounts/{account_id}/realtime/kit/apps/{app_id},get_app
x22-1916,3,cloudflare,GET,/accounts/{account_id}/realtime/kit/{app_id}/analytics/daywise,get-org-analytics
x22-1917,9,cloudflare,GET,/accounts/{account_id}/realtime/kit/{app_id}/analytics/livestreams/daywise,get-livestream-analytics-daywise
x22-1918,9,cloudflare,GET,/accounts/{account_id}/realtime/kit/{app_id}/analytics/livestreams/overall,get-livestream-analytics-complete
x22-1919,6,cloudflare,GET,/accounts/{account_id}/realtime/kit/{app_id}/livestreams,fetch_all_livestreams
x22-1920,9,cloudflare,GET,/accounts/{account_id}/realtime/kit/{app_id}/livestreams/sessions/{livestream-session-id},get-v2-livestreams-livestream-session-id
x22-1921,2,cloudflare,GET,/accounts/{account_id}/realtime/kit/{app_id}/livestreams/{livestream_id},get-v2-livestream-session-livestream-id
x22-1922,8,cloudflare,GET,/accounts/{account_id}/realtime/kit/{app_id}/livestreams/{livestream_id}/active-livestream-session,get-v2-active-livestream-session-details
x22-1923,2,cloudflare,GET,/accounts/{account_id}/realtime/kit/{app_id}/meetings,get_all_meetings
x22-1924,9,cloudflare,POST,/accounts/{account_id}/realtime/kit/{app_id}/meetings,create_meeting
x22-1925,1,cloudflare,GET,/accounts/{account_id}/realtime/kit/{app_id}/meetings/{meeting_id},get_meeting
x22-1926,1,cloudflare,PUT,/accounts/{account_id}/realtime/kit/{app_id}/meetings/{meeting_id},replace_meeting
x22-1927,2,cloudflare,PATCH,/accounts/{account_id}/realtime/kit/{app_id}/meetings/{meeting_id},update_meeting
x22-1928,4,cloudflare,GET,/accounts/{account_id}/realtime/kit/{app_id}/meetings/{meeting_id}/active-livestream,get-v2-meetings-meetingId-active-livestream
x22-1929,9,cloudflare,POST,/accounts/{account_id}/realtime/kit/{app_id}/meetings/{meeting_id}/active-livestream/stop,stop_livestreaming
x22-1930,10,cloudflare,GET,/accounts/{account_id}/realtime/kit/{app_id}/meetings/{meeting_id}/active-session,GetActiveSession
x22-1931,3,cloudflare,POST,/accounts/{account_id}/realtime/kit/{app_id}/meetings/{meeting_id}/active-session/kick,KickPartcipants
x22-1932,1,cloudflare,POST,/accounts/{account_id}/realtime/kit/{app_id}/meetings/{meeting_id}/active-session/kick-all,KickAllParticipants
x22-1933,1,cloudflare,POST,/accounts/{account_id}/realtime/kit/{app_id}/meetings/{meeting_id}/active-session/mute,MuteParticipants
x22-1934,8,cloudflare,POST,/accounts/{account_id}/realtime/kit/{app_id}/meetings/{meeting_id}/active-session/mute-all,MuteAllParticipants
x22-1935,2,cloudflare,POST,/accounts/{account_id}/realtime/kit/{app_id}/meetings/{meeting_id}/active-session/poll,CreatePoll
x22-1936,2,cloudflare,GET,/accounts/{account_id}/realtime/kit/{app_id}/meetings/{meeting_id}/livestream,livestream-session-details
x22-1937,10,cloudflare,POST,/accounts/{account_id}/realtime/kit/{app_id}/meetings/{meeting_id}/livestreams,start-livestreaming
x22-1938,3,cloudflare,GET,/accounts/{account_id}/realtime/kit/{app_id}/meetings/{meeting_id}/participants,get_meeting_participants
x22-1939,2,cloudflare,POST,/accounts/{account_id}/realtime/kit/{app_id}/meetings/{meeting_id}/participants,add_participant
x22-1940,9,cloudflare,GET,/accounts/{account_id}/realtime/kit/{app_id}/meetings/{meeting_id}/participants/{participant_id},get_meeting_participant
x22-1941,4,cloudflare,PUT,/accounts/{account_id}/realtime/kit/{app_id}/meetings/{meeting_id}/participants/{participant_id},replace_participant
x22-1942,9,cloudflare,DELETE,/accounts/{account_id}/realtime/kit/{app_id}/meetings/{meeting_id}/participants/{participant_id},delete_meeting_participant
x22-1943,4,cloudflare,PATCH,/accounts/{account_id}/realtime/kit/{app_id}/meetings/{meeting_id}/participants/{participant_id},edit_participant
x22-1944,7,cloudflare,POST,/accounts/{account_id}/realtime/kit/{app_id}/meetings/{meeting_id}/participants/{participant_id}/token,regenerate_token
x22-1945,10,cloudflare,GET,/accounts/{account_id}/realtime/kit/{app_id}/presets,get-presets
x22-1946,2,cloudflare,POST,/accounts/{account_id}/realtime/kit/{app_id}/presets,post-presets
x22-1947,4,cloudflare,GET,/accounts/{account_id}/realtime/kit/{app_id}/presets/{preset_id},get-presets-preset_id
x22-1948,2,cloudflare,PUT,/accounts/{account_id}/realtime/kit/{app_id}/presets/{preset_id},put-presets-preset_id
x22-1949,1,cloudflare,DELETE,/accounts/{account_id}/realtime/kit/{app_id}/presets/{preset_id},delete-presets-preset_id
x22-1950,5,cloudflare,PATCH,/accounts/{account_id}/realtime/kit/{app_id}/presets/{preset_id},patch-presets-preset_id
x22-1951,3,cloudflare,GET,/accounts/{account_id}/realtime/kit/{app_id}/recordings,get_all_recordings
x22-1952,2,cloudflare,POST,/accounts/{account_id}/realtime/kit/{app_id}/recordings,start_recording
x22-1953,3,cloudflare,GET,/accounts/{account_id}/realtime/kit/{app_id}/recordings/active-recording/{meeting_id},get_active_recording
x22-1954,10,cloudflare,POST,/accounts/{account_id}/realtime/kit/{app_id}/recordings/track,startTrackRecordingForAMeeting
x22-1955,6,cloudflare,GET,/accounts/{account_id}/realtime/kit/{app_id}/recordings/{recording_id},get_one_recording
x22-1956,8,cloudflare,PUT,/accounts/{account_id}/realtime/kit/{app_id}/recordings/{recording_id},pause_resume_stop_recording
x22-1957,10,cloudflare,GET,/accounts/{account_id}/realtime/kit/{app_id}/sessions,GetSessions
x22-1958,2,cloudflare,GET,/accounts/{account_id}/realtime/kit/{app_id}/sessions/peer-report/{peer_id},GetParticipantDataFromPeerId
x22-1959,10,cloudflare,GET,/accounts/{account_id}/realtime/kit/{app_id}/sessions/{session_id},GetSessionDetails
x22-1960,6,cloudflare,GET,/accounts/{account_id}/realtime/kit/{app_id}/sessions/{session_id}/chat,GetSessionChat
x22-1961,6,cloudflare,GET,/accounts/{account_id}/realtime/kit/{app_id}/sessions/{session_id}/livestream-sessions,get-v2-livestreamsession-session-meetingId-active-livestream
x22-1962,4,cloudflare,GET,/accounts/{account_id}/realtime/kit/{app_id}/sessions/{session_id}/participants,GetSessionParticipants
x22-1963,4,cloudflare,GET,/accounts/{account_id}/realtime/kit/{app_id}/sessions/{session_id}/participants/{participant_id},GetParticipantDetails
x22-1964,7,cloudflare,GET,/accounts/{account_id}/realtime/kit/{app_id}/sessions/{session_id}/summary,GetSessionSummary
x22-1965,5,cloudflare,POST,/accounts/{account_id}/realtime/kit/{app_id}/sessions/{session_id}/summary,post-sessions-session_id-summary
x22-1966,1,cloudflare,GET,/accounts/{account_id}/realtime/kit/{app_id}/sessions/{session_id}/transcript,GetSessionTranscript
x22-1967,4,cloudflare,GET,/accounts/{account_id}/realtime/kit/{app_id}/webhooks,getAllWebhooks
x22-1968,10,cloudflare,POST,/accounts/{account_id}/realtime/kit/{app_id}/webhooks,addWebhook
x22-1969,2,cloudflare,GET,/accounts/{account_id}/realtime/kit/{app_id}/webhooks/all,getAllWebhookEvents
x22-1970,10,cloudflare,GET,/accounts/{account_id}/realtime/kit/{app_id}/webhooks/{webhook_id},getWebhook
x22-1971,10,cloudflare,PUT,/accounts/{account_id}/realtime/kit/{app_id}/webhooks/{webhook_id},replaceWebhook
x22-1972,4,cloudflare,DELETE,/accounts/{account_id}/realtime/kit/{app_id}/webhooks/{webhook_id},deleteWebhook
x22-1973,6,cloudflare,PATCH,/accounts/{account_id}/realtime/kit/{app_id}/webhooks/{webhook_id},editWebhook
x22-1974,10,cloudflare,GET,/accounts/{account_id}/receipts/{receipt_id}/pdf,account-billing-get-receipt-pdf
x22-1975,10,cloudflare,POST,/accounts/{account_id}/registrar-sandbox/domain-check,sandbox-registrar-domain-discovery-check
x22-1976,7,cloudflare,GET,/accounts/{account_id}/registrar-sandbox/domain-search,sandbox-registrar-domain-discovery-search
x22-1977,7,cloudflare,GET,/accounts/{account_id}/registrar-sandbox/extensions,sandbox-registrar-extension-list
x22-1978,8,cloudflare,GET,/accounts/{account_id}/registrar-sandbox/extensions/{extension},sandbox-registrar-extension-get
x22-1979,10,cloudflare,GET,/accounts/{account_id}/registrar-sandbox/registrations,sandbox-registrar-domain-registration-list
x22-1980,4,cloudflare,POST,/accounts/{account_id}/registrar-sandbox/registrations,sandbox-registrar-domain-registration-create
x22-1981,8,cloudflare,GET,/accounts/{account_id}/registrar-sandbox/registrations/{domain_name},sandbox-registrar-domain-registration-get
x22-1982,2,cloudflare,PATCH,/accounts/{account_id}/registrar-sandbox/registrations/{domain_name},sandbox-registrar-domain-registration-update
x22-1983,8,cloudflare,GET,/accounts/{account_id}/registrar-sandbox/registrations/{domain_name}/registration-status,sandbox-registrar-domain-registration-get-status
x22-1984,10,cloudflare,GET,/accounts/{account_id}/registrar-sandbox/registrations/{domain_name}/update-status,sandbox-registrar-domain-registration-get-update-status
x22-1985,10,cloudflare,POST,/accounts/{account_id}/registrar/domain-check,registrar-domain-discovery-check
x22-1986,6,cloudflare,GET,/accounts/{account_id}/registrar/domain-search,registrar-domain-discovery-search
x22-1987,8,cloudflare,GET,/accounts/{account_id}/registrar/domains,registrar-domains-list-domains
x22-1988,3,cloudflare,GET,/accounts/{account_id}/registrar/domains/{domain_name},registrar-domains-get-domain
x22-1989,1,cloudflare,PUT,/accounts/{account_id}/registrar/domains/{domain_name},registrar-domains-update-domain
x22-1990,10,cloudflare,GET,/accounts/{account_id}/registrar/extensions,registrar-extension-list
x22-1991,3,cloudflare,GET,/accounts/{account_id}/registrar/extensions/{extension},registrar-extension-get
x22-1992,10,cloudflare,GET,/accounts/{account_id}/registrar/registrations,registrar-domain-registration-list
x22-1993,3,cloudflare,POST,/accounts/{account_id}/registrar/registrations,registrar-domain-registration-create
x22-1994,9,cloudflare,GET,/accounts/{account_id}/registrar/registrations/{domain_name},registrar-domain-registration-get
x22-1995,8,cloudflare,PATCH,/accounts/{account_id}/registrar/registrations/{domain_name},registrar-domain-registration-update
x22-1996,6,cloudflare,GET,/accounts/{account_id}/registrar/registrations/{domain_name}/registration-status,registrar-domain-registration-get-status
x22-1997,8,cloudflare,GET,/accounts/{account_id}/registrar/registrations/{domain_name}/update-status,registrar-domain-registration-get-update-status
x22-1998,5,cloudflare,GET,/accounts/{account_id}/reporting/industry,reporting-industry-get
x22-1999,2,cloudflare,PATCH,/accounts/{account_id}/reporting/industry,reporting-industry-update
x22-2000,8,cloudflare,GET,/accounts/{account_id}/reporting/policies,reporting-policies-list
x22-2001,7,cloudflare,GET,/accounts/{account_id}/reporting/policies/{policy_id},reporting-policies-get
x22-2002,4,cloudflare,GET,/accounts/{account_id}/reporting/reports,reporting-reports-list
x22-2003,4,cloudflare,GET,/accounts/{account_id}/reporting/reports/{report_id},reporting-reports-get
x22-2004,10,cloudflare,POST,/accounts/{account_id}/request-tracer/trace,account-request-tracer-request-trace
x22-2005,1,cloudflare,GET,/accounts/{account_id}/resource-library/applications,getResourceLibraryApplications
x22-2006,3,cloudflare,POST,/accounts/{account_id}/resource-library/applications,createResourceLibraryApplication
x22-2007,1,cloudflare,GET,/accounts/{account_id}/resource-library/applications/{id},getResourceLibraryApplicationById
x22-2008,2,cloudflare,DELETE,/accounts/{account_id}/resource-library/applications/{id},deleteResourceLibraryApplication
x22-2009,1,cloudflare,PATCH,/accounts/{account_id}/resource-library/applications/{id},updateResourceLibraryApplication
x22-2010,6,cloudflare,GET,/accounts/{account_id}/resource-library/categories,getResourceLibraryCategories
x22-2011,10,cloudflare,GET,/accounts/{account_id}/resource-library/categories/{id},getResourceLibraryCategoryById
x22-2012,10,cloudflare,GET,/accounts/{account_id}/roles,account-roles-list-roles
x22-2013,1,cloudflare,GET,/accounts/{account_id}/roles/{role_id},account-roles-role-details
x22-2014,1,cloudflare,GET,/accounts/{account_id}/rules/lists,lists-get-lists
x22-2015,5,cloudflare,POST,/accounts/{account_id}/rules/lists,lists-create-a-list
x22-2016,8,cloudflare,GET,/accounts/{account_id}/rules/lists/bulk_operations/{operation_id},lists-get-bulk-operation-status
x22-2017,1,cloudflare,GET,/accounts/{account_id}/rules/lists/{list_id},lists-get-a-list
x22-2018,6,cloudflare,PUT,/accounts/{account_id}/rules/lists/{list_id},lists-update-a-list
x22-2019,4,cloudflare,DELETE,/accounts/{account_id}/rules/lists/{list_id},lists-delete-a-list
x22-2020,4,cloudflare,GET,/accounts/{account_id}/rules/lists/{list_id}/items,lists-get-list-items
x22-2021,8,cloudflare,POST,/accounts/{account_id}/rules/lists/{list_id}/items,lists-create-list-items
x22-2022,1,cloudflare,PUT,/accounts/{account_id}/rules/lists/{list_id}/items,lists-update-all-list-items
x22-2023,10,cloudflare,DELETE,/accounts/{account_id}/rules/lists/{list_id}/items,lists-delete-list-items
x22-2024,4,cloudflare,GET,/accounts/{account_id}/rules/lists/{list_id}/items/{item_id},lists-get-a-list-item
x22-2025,3,cloudflare,GET,/accounts/{account_id}/rulesets,listAccountRulesets
x22-2026,7,cloudflare,POST,/accounts/{account_id}/rulesets,createAccountRuleset
x22-2027,9,cloudflare,GET,/accounts/{account_id}/rulesets/phases/{ruleset_phase}/entrypoint,getAccountEntrypointRuleset
x22-2028,5,cloudflare,PUT,/accounts/{account_id}/rulesets/phases/{ruleset_phase}/entrypoint,updateAccountEntrypointRuleset
x22-2029,7,cloudflare,GET,/accounts/{account_id}/rulesets/phases/{ruleset_phase}/entrypoint/versions,listAccountEntrypointRulesetVersions
x22-2030,6,cloudflare,GET,/accounts/{account_id}/rulesets/phases/{ruleset_phase}/entrypoint/versions/{ruleset_version},getAccountEntrypointRulesetVersion
x22-2031,5,cloudflare,GET,/accounts/{account_id}/rulesets/{ruleset_id},getAccountRuleset
x22-2032,6,cloudflare,PUT,/accounts/{account_id}/rulesets/{ruleset_id},updateAccountRuleset
x22-2033,4,cloudflare,DELETE,/accounts/{account_id}/rulesets/{ruleset_id},deleteAccountRuleset
x22-2034,8,cloudflare,POST,/accounts/{account_id}/rulesets/{ruleset_id}/rules,createAccountRulesetRule
x22-2035,10,cloudflare,DELETE,/accounts/{account_id}/rulesets/{ruleset_id}/rules/{rule_id},deleteAccountRulesetRule
x22-2036,5,cloudflare,PATCH,/accounts/{account_id}/rulesets/{ruleset_id}/rules/{rule_id},updateAccountRulesetRule
x22-2037,2,cloudflare,GET,/accounts/{account_id}/rulesets/{ruleset_id}/versions,listAccountRulesetVersions
x22-2038,9,cloudflare,GET,/accounts/{account_id}/rulesets/{ruleset_id}/versions/{ruleset_version},getAccountRulesetVersion
x22-2039,10,cloudflare,DELETE,/accounts/{account_id}/rulesets/{ruleset_id}/versions/{ruleset_version},deleteAccountRulesetVersion
x22-2040,4,cloudflare,GET,/accounts/{account_id}/rulesets/{ruleset_id}/versions/{ruleset_version}/by_tag/{rule_tag},listAccountRulesetVersionRulesByTag
x22-2041,8,cloudflare,POST,/accounts/{account_id}/rum/site_info,web-analytics-create-site
x22-2042,5,cloudflare,GET,/accounts/{account_id}/rum/site_info/list,web-analytics-list-sites
x22-2043,7,cloudflare,GET,/accounts/{account_id}/rum/site_info/site_tag/list,web-analytics-list-site-tags
x22-2044,3,cloudflare,GET,/accounts/{account_id}/rum/site_info/validate/{hostname},web-analytics-validate-site-hostname
x22-2045,6,cloudflare,GET,/accounts/{account_id}/rum/site_info/zone_tag/list,web-analytics-list-zone-tags
x22-2046,8,cloudflare,GET,/accounts/{account_id}/rum/site_info/{site_id},web-analytics-get-site
x22-2047,10,cloudflare,PUT,/accounts/{account_id}/rum/site_info/{site_id},web-analytics-update-site
x22-2048,1,cloudflare,DELETE,/accounts/{account_id}/rum/site_info/{site_id},web-analytics-delete-site
x22-2049,6,cloudflare,POST,/accounts/{account_id}/rum/v2/{ruleset_id}/rule,web-analytics-create-rule
x22-2050,10,cloudflare,PUT,/accounts/{account_id}/rum/v2/{ruleset_id}/rule/{rule_id},web-analytics-update-rule
x22-2051,9,cloudflare,DELETE,/accounts/{account_id}/rum/v2/{ruleset_id}/rule/{rule_id},web-analytics-delete-rule
x22-2052,2,cloudflare,GET,/accounts/{account_id}/rum/v2/{ruleset_id}/rules,web-analytics-list-rules
x22-2053,4,cloudflare,POST,/accounts/{account_id}/rum/v2/{ruleset_id}/rules,web-analytics-modify-rules
x22-2054,10,cloudflare,GET,/accounts/{account_id}/scim/v2/Groups,scim-groups-list
x22-2055,4,cloudflare,POST,/accounts/{account_id}/scim/v2/Groups,scim-groups-create
x22-2056,5,cloudflare,GET,/accounts/{account_id}/scim/v2/Groups/{group_id},scim-groups-get
x22-2057,8,cloudflare,PUT,/accounts/{account_id}/scim/v2/Groups/{group_id},scim-groups-put
x22-2058,6,cloudflare,DELETE,/accounts/{account_id}/scim/v2/Groups/{group_id},scim-groups-delete
x22-2059,2,cloudflare,PATCH,/accounts/{account_id}/scim/v2/Groups/{group_id},scim-groups-patch
x22-2060,5,cloudflare,GET,/accounts/{account_id}/scim/v2/ResourceTypes,scim-resource-types-list
x22-2061,5,cloudflare,GET,/accounts/{account_id}/scim/v2/ResourceTypes/{resource_type_id},scim-resource-types-get
x22-2062,4,cloudflare,GET,/accounts/{account_id}/scim/v2/Schemas,scim-schemas-list
x22-2063,3,cloudflare,GET,/accounts/{account_id}/scim/v2/Schemas/{schema_id},scim-schemas-get
x22-2064,3,cloudflare,GET,/accounts/{account_id}/scim/v2/ServiceProviderConfig,scim-service-provider-config-get
x22-2065,6,cloudflare,GET,/accounts/{account_id}/scim/v2/Users,scim-users-list
x22-2066,5,cloudflare,POST,/accounts/{account_id}/scim/v2/Users,scim-users-create
x22-2067,5,cloudflare,GET,/accounts/{account_id}/scim/v2/Users/{user_id},scim-users-get
x22-2068,9,cloudflare,PUT,/accounts/{account_id}/scim/v2/Users/{user_id},scim-users-put
x22-2069,6,cloudflare,DELETE,/accounts/{account_id}/scim/v2/Users/{user_id},scim-users-delete
x22-2070,7,cloudflare,PATCH,/accounts/{account_id}/scim/v2/Users/{user_id},scim-users-patch
x22-2071,7,cloudflare,GET,/accounts/{account_id}/secondary_dns/acls,secondary-dns-(-acl)-list-ac-ls
x22-2072,1,cloudflare,POST,/accounts/{account_id}/secondary_dns/acls,secondary-dns-(-acl)-create-acl
x22-2073,2,cloudflare,GET,/accounts/{account_id}/secondary_dns/acls/{acl_id},secondary-dns-(-acl)-acl-details
x22-2074,8,cloudflare,PUT,/accounts/{account_id}/secondary_dns/acls/{acl_id},secondary-dns-(-acl)-update-acl
x22-2075,4,cloudflare,DELETE,/accounts/{account_id}/secondary_dns/acls/{acl_id},secondary-dns-(-acl)-delete-acl
x22-2076,1,cloudflare,GET,/accounts/{account_id}/secondary_dns/peers,secondary-dns-(-peer)-list-peers
x22-2077,8,cloudflare,POST,/accounts/{account_id}/secondary_dns/peers,secondary-dns-(-peer)-create-peer
x22-2078,3,cloudflare,GET,/accounts/{account_id}/secondary_dns/peers/{peer_id},secondary-dns-(-peer)-peer-details
x22-2079,7,cloudflare,PUT,/accounts/{account_id}/secondary_dns/peers/{peer_id},secondary-dns-(-peer)-update-peer
x22-2080,4,cloudflare,DELETE,/accounts/{account_id}/secondary_dns/peers/{peer_id},secondary-dns-(-peer)-delete-peer
x22-2081,9,cloudflare,GET,/accounts/{account_id}/secondary_dns/tsigs,secondary-dns-(-tsig)-list-tsi-gs
x22-2082,2,cloudflare,POST,/accounts/{account_id}/secondary_dns/tsigs,secondary-dns-(-tsig)-create-tsig
x22-2083,5,cloudflare,GET,/accounts/{account_id}/secondary_dns/tsigs/{tsig_id},secondary-dns-(-tsig)-tsig-details
x22-2084,1,cloudflare,PUT,/accounts/{account_id}/secondary_dns/tsigs/{tsig_id},secondary-dns-(-tsig)-update-tsig
x22-2085,4,cloudflare,DELETE,/accounts/{account_id}/secondary_dns/tsigs/{tsig_id},secondary-dns-(-tsig)-delete-tsig
x22-2086,3,cloudflare,GET,/accounts/{account_id}/secrets_store/quota,secrets-store-quota
x22-2087,4,cloudflare,GET,/accounts/{account_id}/secrets_store/stores,secrets-store-list
x22-2088,2,cloudflare,POST,/accounts/{account_id}/secrets_store/stores,secrets-store-create
x22-2089,5,cloudflare,GET,/accounts/{account_id}/secrets_store/stores/{store_id},secrets-store-get-store-by-id
x22-2090,2,cloudflare,DELETE,/accounts/{account_id}/secrets_store/stores/{store_id},secrets-store-delete-by-id
x22-2091,7,cloudflare,GET,/accounts/{account_id}/secrets_store/stores/{store_id}/secrets,secrets-store-secrets-list
x22-2092,2,cloudflare,POST,/accounts/{account_id}/secrets_store/stores/{store_id}/secrets,secrets-store-secret-create
x22-2093,1,cloudflare,DELETE,/accounts/{account_id}/secrets_store/stores/{store_id}/secrets,secrets-store-delete-bulk
x22-2094,6,cloudflare,GET,/accounts/{account_id}/secrets_store/stores/{store_id}/secrets/{secret_id},secrets-store-get-by-id
x22-2095,5,cloudflare,DELETE,/accounts/{account_id}/secrets_store/stores/{store_id}/secrets/{secret_id},secrets-store-secret-delete-by-id
x22-2096,4,cloudflare,PATCH,/accounts/{account_id}/secrets_store/stores/{store_id}/secrets/{secret_id},secrets-store-patch-by-id
x22-2097,8,cloudflare,POST,/accounts/{account_id}/secrets_store/stores/{store_id}/secrets/{secret_id}/duplicate,secrets-store-duplicate-by-id
x22-2098,3,cloudflare,GET,/accounts/{account_id}/security-center/insights,get-security-center-insights
x22-2099,2,cloudflare,GET,/accounts/{account_id}/security-center/insights/audit-log,get-security-center-account-audit-log
x22-2100,9,cloudflare,GET,/accounts/{account_id}/security-center/insights/class,get-security-center-insight-counts-by-class
x22-2101,8,cloudflare,GET,/accounts/{account_id}/security-center/insights/partner-count,get-security-center-partner-insight-count
x22-2102,2,cloudflare,GET,/accounts/{account_id}/security-center/insights/scans,get-security-center-account-scans
x22-2103,7,cloudflare,POST,/accounts/{account_id}/security-center/insights/scans,start-security-center-account-scan
x22-2104,9,cloudflare,GET,/accounts/{account_id}/security-center/insights/severity,get-security-center-insight-counts-by-severity
x22-2105,3,cloudflare,GET,/accounts/{account_id}/security-center/insights/type,get-security-center-insight-counts-by-type
x22-2106,10,cloudflare,GET,/accounts/{account_id}/security-center/insights/{issue_id}/audit-log,get-security-center-issue-audit-log
x22-2107,4,cloudflare,PATCH,/accounts/{account_id}/security-center/insights/{issue_id}/classification,update-security-center-insight-classification
x22-2108,9,cloudflare,GET,/accounts/{account_id}/security-center/insights/{issue_id}/context,get-security-center-insight-context
x22-2109,5,cloudflare,PUT,/accounts/{account_id}/security-center/insights/{issue_id}/dismiss,archive-security-center-insight
x22-2110,1,cloudflare,GET,/accounts/{account_id}/security-center/state,get-security-center-account-state
x22-2111,8,cloudflare,PUT,/accounts/{account_id}/security-center/state,update-security-center-account-state
x22-2112,4,cloudflare,GET,/accounts/{account_id}/settings/transformations,account-settings-list-transformations
x22-2113,4,cloudflare,GET,/accounts/{account_id}/settings/ut-billing,account-settings-get-ut-billing-setting
x22-2114,1,cloudflare,PATCH,/accounts/{account_id}/settings/ut-billing,account-settings-change-ut-billing-setting
x22-2115,4,cloudflare,GET,/accounts/{account_id}/shares,shares-list
x22-2116,3,cloudflare,POST,/accounts/{account_id}/shares,share-create
x22-2117,8,cloudflare,GET,/accounts/{account_id}/shares/{share_id},shares-get-by-id
x22-2118,7,cloudflare,PUT,/accounts/{account_id}/shares/{share_id},share-update
x22-2119,5,cloudflare,DELETE,/accounts/{account_id}/shares/{share_id},share-delete
x22-2120,2,cloudflare,GET,/accounts/{account_id}/shares/{share_id}/excluded-recipients,share-excluded-recipients-list
x22-2121,3,cloudflare,POST,/accounts/{account_id}/shares/{share_id}/excluded-recipients,share-excluded-recipient-create
x22-2122,5,cloudflare,PUT,/accounts/{account_id}/shares/{share_id}/excluded-recipients,share-excluded-recipients-update
x22-2123,2,cloudflare,GET,/accounts/{account_id}/shares/{share_id}/excluded-recipients/{excluded_recipient_id},share-excluded-recipients-get-by-id
x22-2124,2,cloudflare,DELETE,/accounts/{account_id}/shares/{share_id}/excluded-recipients/{excluded_recipient_id},share-excluded-recipient-delete
x22-2125,4,cloudflare,GET,/accounts/{account_id}/shares/{share_id}/recipients,share-recipients-list
x22-2126,10,cloudflare,POST,/accounts/{account_id}/shares/{share_id}/recipients,share-recipient-create
x22-2127,9,cloudflare,PUT,/accounts/{account_id}/shares/{share_id}/recipients,share-recipients-update
x22-2128,10,cloudflare,GET,/accounts/{account_id}/shares/{share_id}/recipients/{recipient_id},share-recipients-get-by-id
x22-2129,8,cloudflare,DELETE,/accounts/{account_id}/shares/{share_id}/recipients/{recipient_id},share-recipient-delete
x22-2130,7,cloudflare,GET,/accounts/{account_id}/shares/{share_id}/resources,share-resources-list
x22-2131,8,cloudflare,POST,/accounts/{account_id}/shares/{share_id}/resources,share-resource-create
x22-2132,3,cloudflare,GET,/accounts/{account_id}/shares/{share_id}/resources/{share_resource_id},share-resources-get-by-id
x22-2133,1,cloudflare,PUT,/accounts/{account_id}/shares/{share_id}/resources/{share_resource_id},share-resource-update
x22-2134,9,cloudflare,DELETE,/accounts/{account_id}/shares/{share_id}/resources/{share_resource_id},share-resource-delete
x22-2135,9,cloudflare,GET,/accounts/{account_id}/slurper/jobs,slurper-list-jobs
x22-2136,7,cloudflare,POST,/accounts/{account_id}/slurper/jobs,slurper-create-job
x22-2137,9,cloudflare,PUT,/accounts/{account_id}/slurper/jobs/abortAll,slurper-abort-all-jobs
x22-2138,7,cloudflare,GET,/accounts/{account_id}/slurper/jobs/{job_id},slurper-get-job
x22-2139,3,cloudflare,DELETE,/accounts/{account_id}/slurper/jobs/{job_id},slurper-delete-job
x22-2140,10,cloudflare,PUT,/accounts/{account_id}/slurper/jobs/{job_id}/abort,slurper-abort-job
x22-2141,10,cloudflare,GET,/accounts/{account_id}/slurper/jobs/{job_id}/logs,slurper-get-job-logs
x22-2142,2,cloudflare,PUT,/accounts/{account_id}/slurper/jobs/{job_id}/pause,slurper-pause-job
x22-2143,6,cloudflare,GET,/accounts/{account_id}/slurper/jobs/{job_id}/progress,slurper-get-job-progress
x22-2144,3,cloudflare,PUT,/accounts/{account_id}/slurper/jobs/{job_id}/resume,slurper-resume-job
x22-2145,3,cloudflare,PUT,/accounts/{account_id}/slurper/source/connectivity-precheck,slurper-check-source-connectivity
x22-2146,3,cloudflare,PUT,/accounts/{account_id}/slurper/target/connectivity-precheck,slurper-check-target-connectivity
x22-2147,5,cloudflare,GET,/accounts/{account_id}/sso_connectors,get-all-sso-connectors
x22-2148,9,cloudflare,POST,/accounts/{account_id}/sso_connectors,init-new-sso-connector
x22-2149,5,cloudflare,GET,/accounts/{account_id}/sso_connectors/{sso_connector_id},get-sso-connector
x22-2150,2,cloudflare,DELETE,/accounts/{account_id}/sso_connectors/{sso_connector_id},delete-sso-connector
x22-2151,2,cloudflare,PATCH,/accounts/{account_id}/sso_connectors/{sso_connector_id},update-sso-connector-state
x22-2152,3,cloudflare,POST,/accounts/{account_id}/sso_connectors/{sso_connector_id}/begin_verification,begin-sso-connector-verification
x22-2153,1,cloudflare,GET,/accounts/{account_id}/storage/kv/namespaces,workers-kv-namespace-list-namespaces
x22-2154,4,cloudflare,POST,/accounts/{account_id}/storage/kv/namespaces,workers-kv-namespace-create-a-namespace
x22-2155,6,cloudflare,GET,/accounts/{account_id}/storage/kv/namespaces/{namespace_id},workers-kv-namespace-get-a-namespace
x22-2156,9,cloudflare,PUT,/accounts/{account_id}/storage/kv/namespaces/{namespace_id},workers-kv-namespace-rename-a-namespace
x22-2157,3,cloudflare,DELETE,/accounts/{account_id}/storage/kv/namespaces/{namespace_id},workers-kv-namespace-remove-a-namespace
x22-2158,7,cloudflare,PUT,/accounts/{account_id}/storage/kv/namespaces/{namespace_id}/bulk,workers-kv-namespace-write-multiple-key-value-pairs
x22-2159,6,cloudflare,DELETE,/accounts/{account_id}/storage/kv/namespaces/{namespace_id}/bulk,workers-kv-namespace-delete-multiple-key-value-pairs-deprecated
x22-2160,7,cloudflare,POST,/accounts/{account_id}/storage/kv/namespaces/{namespace_id}/bulk/delete,workers-kv-namespace-delete-multiple-key-value-pairs
x22-2161,6,cloudflare,POST,/accounts/{account_id}/storage/kv/namespaces/{namespace_id}/bulk/get,workers-kv-namespace-get-multiple-key-value-pairs
x22-2162,1,cloudflare,GET,/accounts/{account_id}/storage/kv/namespaces/{namespace_id}/keys,workers-kv-namespace-list-a-namespace'-s-keys
x22-2163,6,cloudflare,GET,/accounts/{account_id}/storage/kv/namespaces/{namespace_id}/metadata/{key_name},workers-kv-namespace-read-the-metadata-for-a-key
x22-2164,5,cloudflare,GET,/accounts/{account_id}/storage/kv/namespaces/{namespace_id}/values/{key_name},workers-kv-namespace-read-key-value-pair
x22-2165,10,cloudflare,PUT,/accounts/{account_id}/storage/kv/namespaces/{namespace_id}/values/{key_name},workers-kv-namespace-write-key-value-pair-with-metadata
x22-2166,5,cloudflare,DELETE,/accounts/{account_id}/storage/kv/namespaces/{namespace_id}/values/{key_name},workers-kv-namespace-delete-key-value-pair
x22-2167,4,cloudflare,GET,/accounts/{account_id}/stream,stream-videos-list-videos
x22-2168,7,cloudflare,POST,/accounts/{account_id}/stream,stream-videos-initiate-video-uploads-using-tus
x22-2169,7,cloudflare,POST,/accounts/{account_id}/stream/clip,stream-video-clipping-clip-videos-given-a-start-and-end-time
x22-2170,7,cloudflare,POST,/accounts/{account_id}/stream/copy,stream-videos-upload-videos-from-a-url
x22-2171,1,cloudflare,POST,/accounts/{account_id}/stream/direct_upload,stream-videos-upload-videos-via-direct-upload-ur-ls
x22-2172,6,cloudflare,GET,/accounts/{account_id}/stream/keys,stream-signing-keys-list-signing-keys
x22-2173,6,cloudflare,POST,/accounts/{account_id}/stream/keys,stream-signing-keys-create-signing-keys
x22-2174,1,cloudflare,DELETE,/accounts/{account_id}/stream/keys/{identifier},stream-signing-keys-delete-signing-keys
x22-2175,1,cloudflare,GET,/accounts/{account_id}/stream/live_inputs,stream-live-inputs-list-live-inputs
x22-2176,7,cloudflare,POST,/accounts/{account_id}/stream/live_inputs,stream-live-inputs-create-a-live-input
x22-2177,10,cloudflare,GET,/accounts/{account_id}/stream/live_inputs/{live_input_identifier},stream-live-inputs-retrieve-a-live-input
x22-2178,10,cloudflare,PUT,/accounts/{account_id}/stream/live_inputs/{live_input_identifier},stream-live-inputs-update-a-live-input
x22-2179,2,cloudflare,DELETE,/accounts/{account_id}/stream/live_inputs/{live_input_identifier},stream-live-inputs-delete-a-live-input
x22-2180,10,cloudflare,POST,/accounts/{account_id}/stream/live_inputs/{live_input_identifier}/disable,stream-live-inputs-disable-a-live-input
x22-2181,5,cloudflare,POST,/accounts/{account_id}/stream/live_inputs/{live_input_identifier}/enable,stream-live-inputs-enable-a-live-input
x22-2182,10,cloudflare,GET,/accounts/{account_id}/stream/live_inputs/{live_input_identifier}/outputs,stream-live-inputs-list-all-outputs-associated-with-a-specified-live-input
x22-2183,6,cloudflare,POST,/accounts/{account_id}/stream/live_inputs/{live_input_identifier}/outputs,"stream-live-inputs-create-a-new-output,-connected-to-a-live-input"
x22-2184,2,cloudflare,PUT,/accounts/{account_id}/stream/live_inputs/{live_input_identifier}/outputs/{output_identifier},stream-live-inputs-update-an-output
x22-2185,8,cloudflare,DELETE,/accounts/{account_id}/stream/live_inputs/{live_input_identifier}/outputs/{output_identifier},stream-live-inputs-delete-an-output
x22-2186,5,cloudflare,POST,/accounts/{account_id}/stream/live_inputs/{live_input_identifier}/rotate_keys,stream-live-inputs-rotate-keys-for-a-live-input
x22-2187,9,cloudflare,GET,/accounts/{account_id}/stream/storage-usage,stream-videos-storage-usage
x22-2188,1,cloudflare,GET,/accounts/{account_id}/stream/usage,usage-analytics-get-account-stream-usage
x22-2189,6,cloudflare,GET,/accounts/{account_id}/stream/watermarks,stream-watermark-profile-list-watermark-profiles
x22-2190,6,cloudflare,POST,/accounts/{account_id}/stream/watermarks,stream-watermark-profile-create-watermark-profiles-via-basic-upload
x22-2191,7,cloudflare,GET,/accounts/{account_id}/stream/watermarks/{identifier},stream-watermark-profile-watermark-profile-details
x22-2192,7,cloudflare,DELETE,/accounts/{account_id}/stream/watermarks/{identifier},stream-watermark-profile-delete-watermark-profiles
x22-2193,8,cloudflare,GET,/accounts/{account_id}/stream/webhook,stream-webhook-view-webhooks
x22-2194,3,cloudflare,PUT,/accounts/{account_id}/stream/webhook,stream-webhook-create-webhooks
x22-2195,3,cloudflare,DELETE,/accounts/{account_id}/stream/webhook,stream-webhook-delete-webhooks
x22-2196,5,cloudflare,GET,/accounts/{account_id}/stream/{identifier},stream-videos-retrieve-video-details
x22-2197,5,cloudflare,POST,/accounts/{account_id}/stream/{identifier},stream-videos-update-video-details
x22-2198,8,cloudflare,DELETE,/accounts/{account_id}/stream/{identifier},stream-videos-delete-video
x22-2199,10,cloudflare,GET,/accounts/{account_id}/stream/{identifier}/audio,list-audio-tracks
x22-2200,2,cloudflare,POST,/accounts/{account_id}/stream/{identifier}/audio/copy,add-audio-track
x22-2201,5,cloudflare,DELETE,/accounts/{account_id}/stream/{identifier}/audio/{audio_identifier},delete-audio-tracks
x22-2202,1,cloudflare,PATCH,/accounts/{account_id}/stream/{identifier}/audio/{audio_identifier},edit-audio-tracks
x22-2203,8,cloudflare,GET,/accounts/{account_id}/stream/{identifier}/captions,stream-subtitles/-captions-list-captions-or-subtitles
x22-2204,2,cloudflare,GET,/accounts/{account_id}/stream/{identifier}/captions/{language},stream-subtitles/-captions-get-caption-or-subtitle-for-language
x22-2205,2,cloudflare,PUT,/accounts/{account_id}/stream/{identifier}/captions/{language},stream-subtitles/-captions-upload-captions-or-subtitles
x22-2206,4,cloudflare,DELETE,/accounts/{account_id}/stream/{identifier}/captions/{language},stream-subtitles/-captions-delete-captions-or-subtitles
x22-2207,10,cloudflare,POST,/accounts/{account_id}/stream/{identifier}/captions/{language}/generate,stream-subtitles/-captions-generate-caption-or-subtitle-for-language
x22-2208,10,cloudflare,GET,/accounts/{account_id}/stream/{identifier}/captions/{language}/vtt,stream-subtitles/-captions-get-vtt-caption-or-subtitle
x22-2209,9,cloudflare,GET,/accounts/{account_id}/stream/{identifier}/downloads,stream-mp4-downloads-list-downloads
x22-2210,3,cloudflare,POST,/accounts/{account_id}/stream/{identifier}/downloads,stream-mp4-downloads-create-downloads
x22-2211,6,cloudflare,DELETE,/accounts/{account_id}/stream/{identifier}/downloads,stream-mp4-downloads-delete-downloads
x22-2212,7,cloudflare,POST,/accounts/{account_id}/stream/{identifier}/downloads/{download_type},stream-downloads-create-type-specific-downloads
x22-2213,6,cloudflare,DELETE,/accounts/{account_id}/stream/{identifier}/downloads/{download_type},stream-downloads-delete-type-specific-downloads
x22-2214,4,cloudflare,GET,/accounts/{account_id}/stream/{identifier}/embed,stream-videos-retreieve-embed-code-html
x22-2215,8,cloudflare,POST,/accounts/{account_id}/stream/{identifier}/token,stream-videos-create-signed-url-tokens-for-videos
x22-2216,10,cloudflare,GET,/accounts/{account_id}/subscriptions,account-subscriptions-list-subscriptions
x22-2217,8,cloudflare,POST,/accounts/{account_id}/subscriptions,account-subscriptions-create-subscription
x22-2218,2,cloudflare,POST,/accounts/{account_id}/subscriptions/cancel-downgrade,account-subscriptions-cancel-delayed-downgrade
x22-2219,3,cloudflare,GET,/accounts/{account_id}/subscriptions/{subscription_identifier},account-subscriptions-get-subscription
x22-2220,6,cloudflare,PUT,/accounts/{account_id}/subscriptions/{subscription_identifier},account-subscriptions-update-subscription
x22-2221,1,cloudflare,DELETE,/accounts/{account_id}/subscriptions/{subscription_identifier},account-subscriptions-delete-subscription
x22-2222,1,cloudflare,POST,/accounts/{account_id}/subscriptions/{subscription_identifier}/action/append,account-subscriptions-action-append-subscription
x22-2223,7,cloudflare,GET,/accounts/{account_id}/subscriptions/{subscription_identifier}/cancel-reason,account-subscriptions-get-cancel-reason
x22-2224,2,cloudflare,POST,/accounts/{account_id}/subscriptions/{subscription_identifier}/cancel-reason,account-subscriptions-create-cancel-reason
x22-2225,2,cloudflare,GET,/accounts/{account_id}/tags,tags-get
x22-2226,7,cloudflare,PUT,/accounts/{account_id}/tags,tags-set
x22-2227,5,cloudflare,DELETE,/accounts/{account_id}/tags,tags-delete
x22-2228,4,cloudflare,GET,/accounts/{account_id}/tags/keys,tags-list-keys
x22-2229,4,cloudflare,GET,/accounts/{account_id}/tags/resources,tags-list
x22-2230,4,cloudflare,GET,/accounts/{account_id}/tags/summary,tags-list-key-summary
x22-2231,10,cloudflare,GET,/accounts/{account_id}/tags/values/{tag_key},tags-list-values
x22-2232,4,cloudflare,GET,/accounts/{account_id}/teamnet/routes,tunnel-route-list-tunnel-routes
x22-2233,7,cloudflare,POST,/accounts/{account_id}/teamnet/routes,tunnel-route-create-a-tunnel-route
x22-2234,6,cloudflare,GET,/accounts/{account_id}/teamnet/routes/ip/{ip},tunnel-route-get-tunnel-route-by-ip
x22-2235,10,cloudflare,POST,/accounts/{account_id}/teamnet/routes/network/{ip_network_encoded},tunnel-route-create-a-tunnel-route-with-cidr
x22-2236,2,cloudflare,DELETE,/accounts/{account_id}/teamnet/routes/network/{ip_network_encoded},tunnel-route-delete-a-tunnel-route-with-cidr
x22-2237,7,cloudflare,PATCH,/accounts/{account_id}/teamnet/routes/network/{ip_network_encoded},tunnel-route-update-a-tunnel-route-with-cidr
x22-2238,10,cloudflare,GET,/accounts/{account_id}/teamnet/routes/{route_id},tunnel-route-get-tunnel-route
x22-2239,1,cloudflare,DELETE,/accounts/{account_id}/teamnet/routes/{route_id},tunnel-route-delete-a-tunnel-route
x22-2240,5,cloudflare,PATCH,/accounts/{account_id}/teamnet/routes/{route_id},tunnel-route-update-a-tunnel-route
x22-2241,3,cloudflare,GET,/accounts/{account_id}/teamnet/virtual_networks,tunnel-virtual-network-list-virtual-networks
x22-2242,1,cloudflare,POST,/accounts/{account_id}/teamnet/virtual_networks,tunnel-virtual-network-create-a-virtual-network
x22-2243,7,cloudflare,GET,/accounts/{account_id}/teamnet/virtual_networks/{virtual_network_id},tunnel-virtual-network-get
x22-2244,5,cloudflare,DELETE,/accounts/{account_id}/teamnet/virtual_networks/{virtual_network_id},tunnel-virtual-network-delete
x22-2245,5,cloudflare,PATCH,/accounts/{account_id}/teamnet/virtual_networks/{virtual_network_id},tunnel-virtual-network-update
x22-2246,4,cloudflare,GET,/accounts/{account_id}/tokens,account-api-tokens-list-tokens
x22-2247,8,cloudflare,POST,/accounts/{account_id}/tokens,account-api-tokens-create-token
x22-2248,9,cloudflare,GET,/accounts/{account_id}/tokens/permission_groups,account-api-tokens-list-permission-groups
x22-2249,4,cloudflare,GET,/accounts/{account_id}/tokens/verify,account-api-tokens-verify-token
x22-2250,5,cloudflare,GET,/accounts/{account_id}/tokens/{token_id},account-api-tokens-token-details
x22-2251,9,cloudflare,PUT,/accounts/{account_id}/tokens/{token_id},account-api-tokens-update-token
x22-2252,10,cloudflare,DELETE,/accounts/{account_id}/tokens/{token_id},account-api-tokens-delete-token
x22-2253,8,cloudflare,PUT,/accounts/{account_id}/tokens/{token_id}/value,account-api-tokens-roll-token
x22-2254,2,cloudflare,GET,/accounts/{account_id}/triggers/{script_name},wor-get-script-triggers
x22-2255,1,cloudflare,PUT,/accounts/{account_id}/triggers/{script_name},wor-replace-script-triggers
x22-2256,2,cloudflare,DELETE,/accounts/{account_id}/triggers/{script_name},wor-delete-script-triggers
x22-2257,7,cloudflare,PATCH,/accounts/{account_id}/triggers/{script_name},wor-add-script-triggers
x22-2258,6,cloudflare,GET,/accounts/{account_id}/tunnels,cloudflare-tunnel-list-all-tunnels
x22-2259,2,cloudflare,GET,/accounts/{account_id}/urlscanner/response/{response_id},urlscanner-get-response-text
x22-2260,3,cloudflare,GET,/accounts/{account_id}/urlscanner/scan,urlscanner-search-scans
x22-2261,5,cloudflare,POST,/accounts/{account_id}/urlscanner/scan,urlscanner-create-scan
x22-2262,9,cloudflare,GET,/accounts/{account_id}/urlscanner/scan/{scan_id},urlscanner-get-scan
x22-2263,10,cloudflare,GET,/accounts/{account_id}/urlscanner/scan/{scan_id}/har,urlscanner-get-scan-har
x22-2264,8,cloudflare,GET,/accounts/{account_id}/urlscanner/scan/{scan_id}/screenshot,urlscanner-get-scan-screenshot
x22-2265,5,cloudflare,POST,/accounts/{account_id}/urlscanner/v2/bulk,urlscanner-create-scan-bulk-v2
x22-2266,4,cloudflare,GET,/accounts/{account_id}/urlscanner/v2/dom/{scan_id},urlscanner-get-scan-dom-v2
x22-2267,10,cloudflare,GET,/accounts/{account_id}/urlscanner/v2/har/{scan_id},urlscanner-get-scan-har-v2
x22-2268,4,cloudflare,GET,/accounts/{account_id}/urlscanner/v2/responses/{response_id},urlscanner-get-response-v2
x22-2269,4,cloudflare,GET,/accounts/{account_id}/urlscanner/v2/result/{scan_id},urlscanner-get-scan-v2
x22-2270,4,cloudflare,POST,/accounts/{account_id}/urlscanner/v2/scan,urlscanner-create-scan-v2
x22-2271,2,cloudflare,GET,/accounts/{account_id}/urlscanner/v2/screenshots/{scan_id}.png,urlscanner-get-scan-screenshot-v2
x22-2272,8,cloudflare,GET,/accounts/{account_id}/urlscanner/v2/search,urlscanner-search-scans-v2
x22-2273,10,cloudflare,GET,/accounts/{account_id}/vectorize/indexes,vectorize-(-deprecated)-list-vectorize-indexes
x22-2274,3,cloudflare,POST,/accounts/{account_id}/vectorize/indexes,vectorize-(-deprecated)-create-vectorize-index
x22-2275,4,cloudflare,GET,/accounts/{account_id}/vectorize/indexes/{index_name},vectorize-(-deprecated)-get-vectorize-index
x22-2276,9,cloudflare,PUT,/accounts/{account_id}/vectorize/indexes/{index_name},vectorize-(-deprecated)-update-vectorize-index
x22-2277,2,cloudflare,DELETE,/accounts/{account_id}/vectorize/indexes/{index_name},vectorize-(-deprecated)-delete-vectorize-index
x22-2278,8,cloudflare,POST,/accounts/{account_id}/vectorize/indexes/{index_name}/delete-by-ids,vectorize-(-deprecated)-delete-vectors-by-id
x22-2279,6,cloudflare,POST,/accounts/{account_id}/vectorize/indexes/{index_name}/get-by-ids,vectorize-(-deprecated)-get-vectors-by-id
x22-2280,2,cloudflare,POST,/accounts/{account_id}/vectorize/indexes/{index_name}/insert,vectorize-(-deprecated)-insert-vector
x22-2281,3,cloudflare,POST,/accounts/{account_id}/vectorize/indexes/{index_name}/query,vectorize-(-deprecated)-query-vector
x22-2282,1,cloudflare,POST,/accounts/{account_id}/vectorize/indexes/{index_name}/upsert,vectorize-(-deprecated)-upsert-vector
x22-2283,3,cloudflare,GET,/accounts/{account_id}/vectorize/v2/indexes,vectorize-list-vectorize-indexes
x22-2284,3,cloudflare,POST,/accounts/{account_id}/vectorize/v2/indexes,vectorize-create-vectorize-index
x22-2285,8,cloudflare,GET,/accounts/{account_id}/vectorize/v2/indexes/{index_name},vectorize-get-vectorize-index
x22-2286,4,cloudflare,DELETE,/accounts/{account_id}/vectorize/v2/indexes/{index_name},vectorize-delete-vectorize-index
x22-2287,4,cloudflare,POST,/accounts/{account_id}/vectorize/v2/indexes/{index_name}/delete_by_ids,vectorize-delete-vectors-by-id
x22-2288,2,cloudflare,POST,/accounts/{account_id}/vectorize/v2/indexes/{index_name}/get_by_ids,vectorize-get-vectors-by-id
x22-2289,1,cloudflare,GET,/accounts/{account_id}/vectorize/v2/indexes/{index_name}/info,vectorize-index-info
x22-2290,2,cloudflare,POST,/accounts/{account_id}/vectorize/v2/indexes/{index_name}/insert,vectorize-insert-vector
x22-2291,8,cloudflare,GET,/accounts/{account_id}/vectorize/v2/indexes/{index_name}/list,vectorize-list-vectors
x22-2292,6,cloudflare,POST,/accounts/{account_id}/vectorize/v2/indexes/{index_name}/metadata_index/create,vectorize-create-metadata-index
x22-2293,3,cloudflare,POST,/accounts/{account_id}/vectorize/v2/indexes/{index_name}/metadata_index/delete,vectorize-delete-metadata-index
x22-2294,5,cloudflare,GET,/accounts/{account_id}/vectorize/v2/indexes/{index_name}/metadata_index/list,vectorize-list-metadata-indexes
x22-2295,4,cloudflare,POST,/accounts/{account_id}/vectorize/v2/indexes/{index_name}/query,vectorize-query-vector
x22-2296,9,cloudflare,POST,/accounts/{account_id}/vectorize/v2/indexes/{index_name}/upsert,vectorize-upsert-vector
x22-2297,3,cloudflare,GET,/accounts/{account_id}/vuln_scanner/credential_sets,list-credential-sets
x22-2298,8,cloudflare,POST,/accounts/{account_id}/vuln_scanner/credential_sets,create-credential-set
x22-2299,10,cloudflare,GET,/accounts/{account_id}/vuln_scanner/credential_sets/{credential_set_id},get-credential-set
x22-2300,10,cloudflare,PUT,/accounts/{account_id}/vuln_scanner/credential_sets/{credential_set_id},update-credential-set
x22-2301,3,cloudflare,DELETE,/accounts/{account_id}/vuln_scanner/credential_sets/{credential_set_id},delete-credential-set
x22-2302,5,cloudflare,PATCH,/accounts/{account_id}/vuln_scanner/credential_sets/{credential_set_id},edit-credential-set
x22-2303,10,cloudflare,GET,/accounts/{account_id}/vuln_scanner/credential_sets/{credential_set_id}/credentials,list-credentials
x22-2304,4,cloudflare,POST,/accounts/{account_id}/vuln_scanner/credential_sets/{credential_set_id}/credentials,create-credential
x22-2305,8,cloudflare,GET,/accounts/{account_id}/vuln_scanner/credential_sets/{credential_set_id}/credentials/{credential_id},get-credential
x22-2306,5,cloudflare,PUT,/accounts/{account_id}/vuln_scanner/credential_sets/{credential_set_id}/credentials/{credential_id},update-credential
x22-2307,10,cloudflare,DELETE,/accounts/{account_id}/vuln_scanner/credential_sets/{credential_set_id}/credentials/{credential_id},delete-credential
x22-2308,6,cloudflare,PATCH,/accounts/{account_id}/vuln_scanner/credential_sets/{credential_set_id}/credentials/{credential_id},edit-credential
x22-2309,7,cloudflare,GET,/accounts/{account_id}/vuln_scanner/scans,list-scans
x22-2310,9,cloudflare,POST,/accounts/{account_id}/vuln_scanner/scans,create-scan
x22-2311,1,cloudflare,GET,/accounts/{account_id}/vuln_scanner/scans/{scan_id},get-scan
x22-2312,10,cloudflare,DELETE,/accounts/{account_id}/vuln_scanner/scans/{scan_id},delete-scan
x22-2313,10,cloudflare,GET,/accounts/{account_id}/vuln_scanner/target_environments,list-target-environments
x22-2314,9,cloudflare,POST,/accounts/{account_id}/vuln_scanner/target_environments,create-target-environment
x22-2315,2,cloudflare,GET,/accounts/{account_id}/vuln_scanner/target_environments/{target_environment_id},get-target-environment
x22-2316,9,cloudflare,PUT,/accounts/{account_id}/vuln_scanner/target_environments/{target_environment_id},update-target-environment
x22-2317,3,cloudflare,DELETE,/accounts/{account_id}/vuln_scanner/target_environments/{target_environment_id},delete-target-environment
x22-2318,4,cloudflare,PATCH,/accounts/{account_id}/vuln_scanner/target_environments/{target_environment_id},edit-target-environment
x22-2319,1,cloudflare,GET,/accounts/{account_id}/waiting_rooms,waiting-room-list-waiting-rooms-account
x22-2320,7,cloudflare,GET,/accounts/{account_id}/warp_connector,cloudflare-tunnel-list-warp-connector-tunnels
x22-2321,3,cloudflare,POST,/accounts/{account_id}/warp_connector,cloudflare-tunnel-create-a-warp-connector-tunnel
x22-2322,6,cloudflare,GET,/accounts/{account_id}/warp_connector/{tunnel_id},cloudflare-tunnel-get-a-warp-connector-tunnel
x22-2323,8,cloudflare,DELETE,/accounts/{account_id}/warp_connector/{tunnel_id},cloudflare-tunnel-delete-a-warp-connector-tunnel
x22-2324,8,cloudflare,PATCH,/accounts/{account_id}/warp_connector/{tunnel_id},cloudflare-tunnel-update-a-warp-connector-tunnel
x22-2325,10,cloudflare,GET,/accounts/{account_id}/warp_connector/{tunnel_id}/configurations,cloudflare-tunnel-configuration-get-warp-connector-configuration
x22-2326,7,cloudflare,PUT,/accounts/{account_id}/warp_connector/{tunnel_id}/configurations,cloudflare-tunnel-configuration-update-warp-connector-configuration
x22-2327,5,cloudflare,GET,/accounts/{account_id}/warp_connector/{tunnel_id}/connections,cloudflare-tunnel-list-warp-connector-tunnel-connections
x22-2328,6,cloudflare,GET,/accounts/{account_id}/warp_connector/{tunnel_id}/connectors/{connector_id},cloudflare-tunnel-get-warp-connector-tunnel-connector
x22-2329,3,cloudflare,PUT,/accounts/{account_id}/warp_connector/{tunnel_id}/failover,cloudflare-tunnel-manual-failover-warp-connector-tunnel
x22-2330,6,cloudflare,GET,/accounts/{account_id}/warp_connector/{tunnel_id}/token,cloudflare-tunnel-get-a-warp-connector-tunnel-token
x22-2331,4,cloudflare,GET,/accounts/{account_id}/workers/account-settings,worker-account-settings-fetch-worker-account-settings
x22-2332,10,cloudflare,PUT,/accounts/{account_id}/workers/account-settings,worker-account-settings-create-worker-account-settings
x22-2333,10,cloudflare,POST,/accounts/{account_id}/workers/assets/upload,worker-assets-upload
x22-2334,6,cloudflare,GET,/accounts/{account_id}/workers/dispatch/namespaces,namespace-worker-list
x22-2335,6,cloudflare,POST,/accounts/{account_id}/workers/dispatch/namespaces,namespace-worker-create
x22-2336,4,cloudflare,GET,/accounts/{account_id}/workers/dispatch/namespaces/{dispatch_namespace},namespace-worker-get-namespace
x22-2337,6,cloudflare,PUT,/accounts/{account_id}/workers/dispatch/namespaces/{dispatch_namespace},namespace-worker-put-namespace
x22-2338,8,cloudflare,DELETE,/accounts/{account_id}/workers/dispatch/namespaces/{dispatch_namespace},namespace-worker-delete-namespace
x22-2339,9,cloudflare,PATCH,/accounts/{account_id}/workers/dispatch/namespaces/{dispatch_namespace},namespace-worker-patch-namespace
x22-2340,4,cloudflare,GET,/accounts/{account_id}/workers/dispatch/namespaces/{dispatch_namespace}/scripts,namespace-worker-list-scripts
x22-2341,10,cloudflare,DELETE,/accounts/{account_id}/workers/dispatch/namespaces/{dispatch_namespace}/scripts,namespace-worker-delete-scripts
x22-2342,7,cloudflare,GET,/accounts/{account_id}/workers/dispatch/namespaces/{dispatch_namespace}/scripts/{script_name},namespace-worker-script-worker-details
x22-2343,10,cloudflare,PUT,/accounts/{account_id}/workers/dispatch/namespaces/{dispatch_namespace}/scripts/{script_name},namespace-worker-script-upload-worker-module
x22-2344,9,cloudflare,DELETE,/accounts/{account_id}/workers/dispatch/namespaces/{dispatch_namespace}/scripts/{script_name},namespace-worker-script-delete-worker
x22-2345,3,cloudflare,POST,/accounts/{account_id}/workers/dispatch/namespaces/{dispatch_namespace}/scripts/{script_name}/assets-upload-session,namespace-worker-script-update-create-assets-upload-session
x22-2346,1,cloudflare,GET,/accounts/{account_id}/workers/dispatch/namespaces/{dispatch_namespace}/scripts/{script_name}/bindings,namespace-worker-get-script-bindings
x22-2347,3,cloudflare,GET,/accounts/{account_id}/workers/dispatch/namespaces/{dispatch_namespace}/scripts/{script_name}/content,namespace-worker-get-script-content
x22-2348,1,cloudflare,PUT,/accounts/{account_id}/workers/dispatch/namespaces/{dispatch_namespace}/scripts/{script_name}/content,namespace-worker-put-script-content
x22-2349,5,cloudflare,GET,/accounts/{account_id}/workers/dispatch/namespaces/{dispatch_namespace}/scripts/{script_name}/secrets,namespace-worker-list-script-secrets
x22-2350,10,cloudflare,PUT,/accounts/{account_id}/workers/dispatch/namespaces/{dispatch_namespace}/scripts/{script_name}/secrets,namespace-worker-put-script-secrets
x22-2351,6,cloudflare,PATCH,/accounts/{account_id}/workers/dispatch/namespaces/{dispatch_namespace}/scripts/{script_name}/secrets-bulk,namespace-worker-patch-script-secrets-bulk
x22-2352,7,cloudflare,GET,/accounts/{account_id}/workers/dispatch/namespaces/{dispatch_namespace}/scripts/{script_name}/secrets/{secret_name},namespace-worker-get-script-secrets
x22-2353,1,cloudflare,DELETE,/accounts/{account_id}/workers/dispatch/namespaces/{dispatch_namespace}/scripts/{script_name}/secrets/{secret_name},namespace-worker-delete-script-secret
x22-2354,3,cloudflare,GET,/accounts/{account_id}/workers/dispatch/namespaces/{dispatch_namespace}/scripts/{script_name}/settings,namespace-worker-get-script-settings
x22-2355,3,cloudflare,PATCH,/accounts/{account_id}/workers/dispatch/namespaces/{dispatch_namespace}/scripts/{script_name}/settings,namespace-worker-patch-script-settings
x22-2356,7,cloudflare,GET,/accounts/{account_id}/workers/dispatch/namespaces/{dispatch_namespace}/scripts/{script_name}/tags,namespace-worker-get-script-tags
x22-2357,5,cloudflare,PUT,/accounts/{account_id}/workers/dispatch/namespaces/{dispatch_namespace}/scripts/{script_name}/tags,namespace-worker-put-script-tags
x22-2358,3,cloudflare,PUT,/accounts/{account_id}/workers/dispatch/namespaces/{dispatch_namespace}/scripts/{script_name}/tags/{tag},namespace-worker-put-script-tag
x22-2359,9,cloudflare,DELETE,/accounts/{account_id}/workers/dispatch/namespaces/{dispatch_namespace}/scripts/{script_name}/tags/{tag},namespace-worker-delete-script-tag
x22-2360,8,cloudflare,GET,/accounts/{account_id}/workers/domains,workers.domains.list
x22-2361,8,cloudflare,PUT,/accounts/{account_id}/workers/domains,workers.domains.update
x22-2362,3,cloudflare,GET,/accounts/{account_id}/workers/domains/{domain_id},workers.domains.get
x22-2363,4,cloudflare,DELETE,/accounts/{account_id}/workers/domains/{domain_id},workers.domains.delete
x22-2364,7,cloudflare,GET,/accounts/{account_id}/workers/durable_objects/namespaces,durable-objects-namespace-list-namespaces
x22-2365,2,cloudflare,GET,/accounts/{account_id}/workers/durable_objects/namespaces/{id}/objects,durable-objects-namespace-list-objects
x22-2366,1,cloudflare,POST,/accounts/{account_id}/workers/durable_objects/namespaces/{id}/query/v2,durable-objects-namespace-query
x22-2367,8,cloudflare,GET,/accounts/{account_id}/workers/observability/destinations,destination.list
x22-2368,6,cloudflare,POST,/accounts/{account_id}/workers/observability/destinations,destination.create
x22-2369,7,cloudflare,DELETE,/accounts/{account_id}/workers/observability/destinations/{slug},destinations.delete
x22-2370,3,cloudflare,PATCH,/accounts/{account_id}/workers/observability/destinations/{slug},destination.update
x22-2371,6,cloudflare,GET,/accounts/{account_id}/workers/observability/issues,issues.list
x22-2372,10,cloudflare,GET,/accounts/{account_id}/workers/observability/issues/automations,issues.automations.list
x22-2373,9,cloudflare,POST,/accounts/{account_id}/workers/observability/issues/automations,issues.automations.create
x22-2374,3,cloudflare,GET,/accounts/{account_id}/workers/observability/issues/automations/{automationId},issues.automations.get
x22-2375,9,cloudflare,PUT,/accounts/{account_id}/workers/observability/issues/automations/{automationId},issues.automations.update
x22-2376,8,cloudflare,DELETE,/accounts/{account_id}/workers/observability/issues/automations/{automationId},issues.automations.delete
x22-2377,1,cloudflare,POST,/accounts/{account_id}/workers/observability/issues/groups,issues.groups.create
x22-2378,3,cloudflare,DELETE,/accounts/{account_id}/workers/observability/issues/groups/{groupId},issues.groups.delete
x22-2379,10,cloudflare,POST,/accounts/{account_id}/workers/observability/issues/groups/{groupId}/members,issues.groups.members.add
x22-2380,2,cloudflare,DELETE,/accounts/{account_id}/workers/observability/issues/groups/{groupId}/members/{issueId},issues.groups.members.remove
x22-2381,2,cloudflare,GET,/accounts/{account_id}/workers/observability/issues/summary,issues.summary
x22-2382,10,cloudflare,GET,/accounts/{account_id}/workers/observability/issues/{issueId},issues.get
x22-2383,5,cloudflare,PATCH,/accounts/{account_id}/workers/observability/issues/{issueId},issues.patch
x22-2384,9,cloudflare,POST,/accounts/{account_id}/workers/observability/issues/{issueId}/notification-runs,issues.notificationRuns.create
x22-2385,2,cloudflare,GET,/accounts/{account_id}/workers/observability/issues/{issueId}/occurrences,issues.occurrences.list
x22-2386,7,cloudflare,GET,/accounts/{account_id}/workers/observability/metricsexport,metricsExport.list
x22-2387,8,cloudflare,POST,/accounts/{account_id}/workers/observability/metricsexport,metricsExport.upsert
x22-2388,1,cloudflare,GET,/accounts/{account_id}/workers/observability/queries,queries.list
x22-2389,6,cloudflare,POST,/accounts/{account_id}/workers/observability/queries,queries.post
x22-2390,1,cloudflare,GET,/accounts/{account_id}/workers/observability/queries/{queryId},queries.get
x22-2391,3,cloudflare,DELETE,/accounts/{account_id}/workers/observability/queries/{queryId},queries.delete
x22-2392,9,cloudflare,PATCH,/accounts/{account_id}/workers/observability/queries/{queryId},queries.patch
x22-2393,4,cloudflare,POST,/accounts/{account_id}/workers/observability/shared/query,shared.query.post
x22-2394,9,cloudflare,GET,/accounts/{account_id}/workers/observability/shared/query/{id},shared.query.get
x22-2395,4,cloudflare,POST,/accounts/{account_id}/workers/observability/telemetry/keys,telemetry.keys.list
x22-2396,3,cloudflare,POST,/accounts/{account_id}/workers/observability/telemetry/live-tail,telemetry.live-tail.post
x22-2397,9,cloudflare,POST,/accounts/{account_id}/workers/observability/telemetry/live-tail/heartbeat,telemetry.live-tail.heartbeat.get
x22-2398,3,cloudflare,POST,/accounts/{account_id}/workers/observability/telemetry/query,telemetry.query
x22-2399,6,cloudflare,POST,/accounts/{account_id}/workers/observability/telemetry/values,telemetry.values.list
x22-2400,10,cloudflare,GET,/accounts/{account_id}/workers/observability/usage,usage.get
x22-2401,4,cloudflare,GET,/accounts/{account_id}/workers/placement/regions,worker-placement-list-regions
x22-2402,2,cloudflare,GET,/accounts/{account_id}/workers/scripts,worker-script-list-workers
x22-2403,8,cloudflare,GET,/accounts/{account_id}/workers/scripts-search,worker-script-search-workers
x22-2404,6,cloudflare,GET,/accounts/{account_id}/workers/scripts/{script_name},worker-script-download-worker
x22-2405,4,cloudflare,PUT,/accounts/{account_id}/workers/scripts/{script_name},worker-script-upload-worker-module
x22-2406,3,cloudflare,DELETE,/accounts/{account_id}/workers/scripts/{script_name},worker-script-delete-worker
x22-2407,2,cloudflare,POST,/accounts/{account_id}/workers/scripts/{script_name}/assets-upload-session,worker-script-update-create-assets-upload-session
x22-2408,5,cloudflare,PUT,/accounts/{account_id}/workers/scripts/{script_name}/content,worker-script-put-content
x22-2409,6,cloudflare,GET,/accounts/{account_id}/workers/scripts/{script_name}/content/v2,worker-script-get-content
x22-2410,2,cloudflare,GET,/accounts/{account_id}/workers/scripts/{script_name}/deployments,worker-deployments-list-deployments
x22-2411,8,cloudflare,POST,/accounts/{account_id}/workers/scripts/{script_name}/deployments,worker-deployments-create-deployment
x22-2412,4,cloudflare,GET,/accounts/{account_id}/workers/scripts/{script_name}/deployments/{deployment_id},worker-deployments-get-deployment
x22-2413,7,cloudflare,DELETE,/accounts/{account_id}/workers/scripts/{script_name}/deployments/{deployment_id},worker-deployments-delete-deployment
x22-2414,8,cloudflare,GET,/accounts/{account_id}/workers/scripts/{script_name}/schedules,worker-cron-trigger-get-cron-triggers
x22-2415,5,cloudflare,PUT,/accounts/{account_id}/workers/scripts/{script_name}/schedules,worker-cron-trigger-update-cron-triggers
x22-2416,8,cloudflare,GET,/accounts/{account_id}/workers/scripts/{script_name}/script-settings,worker-script-settings-get-settings
x22-2417,8,cloudflare,PATCH,/accounts/{account_id}/workers/scripts/{script_name}/script-settings,worker-script-settings-patch-settings
x22-2418,8,cloudflare,GET,/accounts/{account_id}/workers/scripts/{script_name}/secrets,worker-list-script-secrets
x22-2419,8,cloudflare,PUT,/accounts/{account_id}/workers/scripts/{script_name}/secrets,worker-put-script-secret
x22-2420,9,cloudflare,PATCH,/accounts/{account_id}/workers/scripts/{script_name}/secrets-bulk,worker-patch-script-secrets-bulk
x22-2421,6,cloudflare,GET,/accounts/{account_id}/workers/scripts/{script_name}/secrets/{secret_name},worker-get-script-secret
x22-2422,3,cloudflare,DELETE,/accounts/{account_id}/workers/scripts/{script_name}/secrets/{secret_name},worker-delete-script-secret
x22-2423,3,cloudflare,GET,/accounts/{account_id}/workers/scripts/{script_name}/settings,worker-script-get-settings
x22-2424,3,cloudflare,PATCH,/accounts/{account_id}/workers/scripts/{script_name}/settings,worker-script-patch-settings
x22-2425,6,cloudflare,GET,/accounts/{account_id}/workers/scripts/{script_name}/subdomain,worker-script-get-subdomain
x22-2426,4,cloudflare,POST,/accounts/{account_id}/workers/scripts/{script_name}/subdomain,worker-script-post-subdomain
x22-2427,8,cloudflare,DELETE,/accounts/{account_id}/workers/scripts/{script_name}/subdomain,worker-script-delete-subdomain
x22-2428,8,cloudflare,GET,/accounts/{account_id}/workers/scripts/{script_name}/tails,worker-tail-logs-list-tails
x22-2429,8,cloudflare,POST,/accounts/{account_id}/workers/scripts/{script_name}/tails,worker-tail-logs-start-tail
x22-2430,4,cloudflare,DELETE,/accounts/{account_id}/workers/scripts/{script_name}/tails/{id},worker-tail-logs-delete-tail
x22-2431,5,cloudflare,GET,/accounts/{account_id}/workers/scripts/{script_name}/usage-model,worker-script-fetch-usage-model
x22-2432,1,cloudflare,PUT,/accounts/{account_id}/workers/scripts/{script_name}/usage-model,worker-script-update-usage-model
x22-2433,4,cloudflare,GET,/accounts/{account_id}/workers/scripts/{script_name}/versions,worker-versions-list-versions
x22-2434,2,cloudflare,POST,/accounts/{account_id}/workers/scripts/{script_name}/versions,worker-versions-upload-version
x22-2435,6,cloudflare,GET,/accounts/{account_id}/workers/scripts/{script_name}/versions/{version_id},worker-versions-get-version-detail
x22-2436,3,cloudflare,GET,/accounts/{account_id}/workers/services/{service_name}/environments/{environment_name}/content,worker-environment-get-script-content
x22-2437,10,cloudflare,PUT,/accounts/{account_id}/workers/services/{service_name}/environments/{environment_name}/content,worker-environment-put-script-content
x22-2438,2,cloudflare,GET,/accounts/{account_id}/workers/services/{service_name}/environments/{environment_name}/settings,worker-script-environment-get-settings
x22-2439,9,cloudflare,PATCH,/accounts/{account_id}/workers/services/{service_name}/environments/{environment_name}/settings,worker-script-environment-patch-settings
x22-2440,4,cloudflare,GET,/accounts/{account_id}/workers/subdomain,worker-subdomain-get-subdomain
x22-2441,4,cloudflare,PUT,/accounts/{account_id}/workers/subdomain,worker-subdomain-create-subdomain
x22-2442,10,cloudflare,DELETE,/accounts/{account_id}/workers/subdomain,worker-subdomain-delete-subdomain
x22-2443,7,cloudflare,GET,/accounts/{account_id}/workers/workers,listWorkers
x22-2444,2,cloudflare,POST,/accounts/{account_id}/workers/workers,createWorker
x22-2445,5,cloudflare,GET,/accounts/{account_id}/workers/workers/{worker_id},getWorker
x22-2446,3,cloudflare,PUT,/accounts/{account_id}/workers/workers/{worker_id},updateWorker
x22-2447,3,cloudflare,DELETE,/accounts/{account_id}/workers/workers/{worker_id},deleteWorker
x22-2448,8,cloudflare,PATCH,/accounts/{account_id}/workers/workers/{worker_id},editWorker
x22-2449,2,cloudflare,GET,/accounts/{account_id}/workers/workers/{worker_id}/previews,workers.previews.list
x22-2450,1,cloudflare,POST,/accounts/{account_id}/workers/workers/{worker_id}/previews,workers.previews.create
x22-2451,1,cloudflare,GET,/accounts/{account_id}/workers/workers/{worker_id}/previews/{preview_id},workers.previews.get
x22-2452,5,cloudflare,PUT,/accounts/{account_id}/workers/workers/{worker_id}/previews/{preview_id},workers.previews.update
x22-2453,8,cloudflare,DELETE,/accounts/{account_id}/workers/workers/{worker_id}/previews/{preview_id},workers.previews.delete
x22-2454,1,cloudflare,PATCH,/accounts/{account_id}/workers/workers/{worker_id}/previews/{preview_id},workers.previews.edit
x22-2455,6,cloudflare,GET,/accounts/{account_id}/workers/workers/{worker_id}/previews/{preview_id}/deployments,workers.previews.deployments.list
x22-2456,7,cloudflare,POST,/accounts/{account_id}/workers/workers/{worker_id}/previews/{preview_id}/deployments,workers.previews.deployments.create
x22-2457,10,cloudflare,PATCH,/accounts/{account_id}/workers/workers/{worker_id}/previews/{preview_id}/deployments/latest,workers.previews.deployments.patchLatest
x22-2458,10,cloudflare,GET,/accounts/{account_id}/workers/workers/{worker_id}/previews/{preview_id}/deployments/{deployment_id},workers.previews.deployments.get
x22-2459,3,cloudflare,DELETE,/accounts/{account_id}/workers/workers/{worker_id}/previews/{preview_id}/deployments/{deployment_id},workers.previews.deployments.delete
x22-2460,6,cloudflare,GET,/accounts/{account_id}/workers/workers/{worker_id}/versions,listWorkerVersions
x22-2461,8,cloudflare,POST,/accounts/{account_id}/workers/workers/{worker_id}/versions,createWorkerVersion
x22-2462,9,cloudflare,GET,/accounts/{account_id}/workers/workers/{worker_id}/versions/latest,getLatestWorkerVersion
x22-2463,6,cloudflare,PATCH,/accounts/{account_id}/workers/workers/{worker_id}/versions/latest,patchLatestWorkerVersion
x22-2464,2,cloudflare,GET,/accounts/{account_id}/workers/workers/{worker_id}/versions/{version_id},getWorkerVersion
x22-2465,1,cloudflare,DELETE,/accounts/{account_id}/workers/workers/{worker_id}/versions/{version_id},deleteWorkerVersion
x22-2466,6,cloudflare,GET,/accounts/{account_id}/workflows,wor-list-workflows
x22-2467,8,cloudflare,GET,/accounts/{account_id}/workflows/settings,wor-get-workflow-settings
x22-2468,3,cloudflare,PATCH,/accounts/{account_id}/workflows/settings,wor-update-workflow-settings
x22-2469,5,cloudflare,GET,/accounts/{account_id}/workflows/{workflow_name},wor-get-workflow-details
x22-2470,6,cloudflare,PUT,/accounts/{account_id}/workflows/{workflow_name},wor-create-or-modify-workflow
x22-2471,2,cloudflare,DELETE,/accounts/{account_id}/workflows/{workflow_name},wor-delete-workflow
x22-2472,2,cloudflare,GET,/accounts/{account_id}/workflows/{workflow_name}/instances,wor-list-workflow-instances
x22-2473,2,cloudflare,POST,/accounts/{account_id}/workflows/{workflow_name}/instances,wor-create-new-workflow-instance
x22-2474,5,cloudflare,POST,/accounts/{account_id}/workflows/{workflow_name}/instances/batch,wor-batch-create-workflow-instance
x22-2475,4,cloudflare,POST,/accounts/{account_id}/workflows/{workflow_name}/instances/batch/delete,wor-batch-delete-workflow-instances
x22-2476,10,cloudflare,POST,/accounts/{account_id}/workflows/{workflow_name}/instances/batch/terminate,wor-batch-terminate-workflow-instances
x22-2477,10,cloudflare,GET,/accounts/{account_id}/workflows/{workflow_name}/instances/terminate,wor-status-terminate-workflow-instances
x22-2478,5,cloudflare,GET,/accounts/{account_id}/workflows/{workflow_name}/instances/{instance_id},wor-describe-workflow-instance
x22-2479,10,cloudflare,DELETE,/accounts/{account_id}/workflows/{workflow_name}/instances/{instance_id},wor-delete-workflow-instance
x22-2480,9,cloudflare,POST,/accounts/{account_id}/workflows/{workflow_name}/instances/{instance_id}/events/{event_type},wor-send-event-workflow-instance
x22-2481,3,cloudflare,PATCH,/accounts/{account_id}/workflows/{workflow_name}/instances/{instance_id}/status,wor-change-status-workflow-instance
x22-2482,10,cloudflare,GET,/accounts/{account_id}/workflows/{workflow_name}/instances/{instance_id}/step,wor-get-workflow-instance-step
x22-2483,5,cloudflare,GET,/accounts/{account_id}/workflows/{workflow_name}/instances/{instance_id}/subscribe,wor-subscribe-workflow-instance-events
x22-2484,10,cloudflare,GET,/accounts/{account_id}/workflows/{workflow_name}/instances/{instance_id}/subscribe/token,wor-create-workflow-instance-subscription-token
x22-2485,7,cloudflare,GET,/accounts/{account_id}/workflows/{workflow_name}/versions,wor-list-workflow-versions
x22-2486,8,cloudflare,GET,/accounts/{account_id}/workflows/{workflow_name}/versions/{version_id},wor-describe-workflow-versions
x22-2487,10,cloudflare,GET,/accounts/{account_id}/workflows/{workflow_name}/versions/{version_id}/dag,wor-describe-workflow-versions-dag
x22-2488,5,cloudflare,GET,/accounts/{account_id}/workflows/{workflow_name}/versions/{version_id}/graph,wor-describe-workflow-versions-graph
x22-2489,4,cloudflare,GET,/accounts/{account_id}/zerotrust/connectivity_settings,zero-trust-accounts-get-connectivity-settings
x22-2490,8,cloudflare,PATCH,/accounts/{account_id}/zerotrust/connectivity_settings,zero-trust-accounts-patch-connectivity-settings
x22-2491,9,cloudflare,GET,/accounts/{account_id}/zerotrust/routes/hostname,zero-trust-networks-route-hostname-list
x22-2492,4,cloudflare,POST,/accounts/{account_id}/zerotrust/routes/hostname,zero-trust-networks-route-hostname-create
x22-2493,6,cloudflare,GET,/accounts/{account_id}/zerotrust/routes/hostname/{hostname_route_id},zero-trust-networks-route-hostname-get
x22-2494,7,cloudflare,DELETE,/accounts/{account_id}/zerotrust/routes/hostname/{hostname_route_id},zero-trust-networks-route-hostname-delete
x22-2495,1,cloudflare,PATCH,/accounts/{account_id}/zerotrust/routes/hostname/{hostname_route_id},zero-trust-networks-route-hostname-update
x22-2496,1,cloudflare,GET,/accounts/{account_id}/zerotrust/subnets,zero-trust-networks-subnets-list
x22-2497,7,cloudflare,PATCH,/accounts/{account_id}/zerotrust/subnets/cloudflare_source/{address_family},zero-trust-networks-subnet-update-cloudflare-source
x22-2498,2,cloudflare,GET,/accounts/{account_id}/zerotrust/subnets/initial_resolved_ip/{address_family},zero-trust-networks-subnet-get-initial-resolved-ip
x22-2499,3,cloudflare,PUT,/accounts/{account_id}/zerotrust/subnets/initial_resolved_ip/{address_family},zero-trust-networks-subnet-update-initial-resolved-ip
x22-2500,1,cloudflare,POST,/accounts/{account_id}/zerotrust/subnets/warp,zero-trust-networks-subnet-create-warp
x22-2501,8,cloudflare,GET,/accounts/{account_id}/zerotrust/subnets/warp/{subnet_id},zero-trust-networks-subnet-get-warp
x22-2502,5,cloudflare,DELETE,/accounts/{account_id}/zerotrust/subnets/warp/{subnet_id},zero-trust-networks-subnet-delete-warp
x22-2503,7,cloudflare,PATCH,/accounts/{account_id}/zerotrust/subnets/warp/{subnet_id},zero-trust-networks-subnet-update-warp
x22-2504,4,cloudflare,GET,/accounts/{account_id}/zt_risk_scoring/behaviors,dlp-risk-score-behaviors-get
x22-2505,10,cloudflare,PUT,/accounts/{account_id}/zt_risk_scoring/behaviors,dlp-risk-score-behaviors-put
x22-2506,4,cloudflare,GET,/accounts/{account_id}/zt_risk_scoring/integrations,dlp-zt-risk-score-integration-list
x22-2507,7,cloudflare,POST,/accounts/{account_id}/zt_risk_scoring/integrations,dlp-zt-risk-score-integration-create
x22-2508,1,cloudflare,GET,/accounts/{account_id}/zt_risk_scoring/integrations/reference_id/{reference_id},dlp-zt-risk-score-integration-get-by-reference-id
x22-2509,1,cloudflare,GET,/accounts/{account_id}/zt_risk_scoring/integrations/{integration_id},dlp-zt-risk-score-integration-get
x22-2510,6,cloudflare,PUT,/accounts/{account_id}/zt_risk_scoring/integrations/{integration_id},dlp-zt-risk-score-integration-update
x22-2511,4,cloudflare,DELETE,/accounts/{account_id}/zt_risk_scoring/integrations/{integration_id},dlp-zt-risk-score-integration-delete
x22-2512,7,cloudflare,GET,/accounts/{account_id}/zt_risk_scoring/summary,dlp-risk-score-summary-get
x22-2513,10,cloudflare,GET,/accounts/{account_id}/zt_risk_scoring/{user_id},dlp-risk-score-summary-get-for-user
x22-2514,9,cloudflare,POST,/accounts/{account_id}/zt_risk_scoring/{user_id}/reset,dlp-risk-score-reset-post
x22-2515,9,cloudflare,GET,/analytics/sql,sql-api-query-get
x22-2516,6,cloudflare,POST,/analytics/sql,sql-api-query-post
x22-2517,2,cloudflare,GET,/analytics/sql/introspection,sql-api-introspection
x22-2518,5,cloudflare,GET,/api/v4/health,monolithHealthCheck
x22-2519,8,cloudflare,POST,/billing/address-validation,billing-validate-address
x22-2520,7,cloudflare,GET,/billing/rate_plans/{public_key},billing-get-rate-plan
x22-2521,9,cloudflare,GET,/certificates,origin-ca-list-certificates
x22-2522,1,cloudflare,POST,/certificates,origin-ca-create-certificate
x22-2523,5,cloudflare,GET,/certificates/{certificate_id},origin-ca-get-certificate
x22-2524,2,cloudflare,DELETE,/certificates/{certificate_id},origin-ca-revoke-certificate
x22-2525,9,cloudflare,POST,/internal/submit,postInternalSubmit
x22-2526,10,cloudflare,GET,/ips,cloudflare-ips-cloudflare-ip-details
x22-2527,1,cloudflare,GET,/live,getLive
x22-2528,5,cloudflare,GET,/memberships,user'-s-account-memberships-list-memberships
x22-2529,10,cloudflare,GET,/memberships/{membership_id},user'-s-account-memberships-membership-details
x22-2530,5,cloudflare,PUT,/memberships/{membership_id},user'-s-account-memberships-update-membership
x22-2531,3,cloudflare,DELETE,/memberships/{membership_id},user'-s-account-memberships-delete-membership
x22-2532,9,cloudflare,GET,/oauth/scopes,oauth-scopes-list
x22-2533,2,cloudflare,GET,/organizations,Organization_listOrganizations
x22-2534,5,cloudflare,POST,/organizations,Organizations_createUserOrganization
x22-2535,9,cloudflare,GET,/organizations/{organization_id},Organizations_retrieve
x22-2536,5,cloudflare,PUT,/organizations/{organization_id},Organizations_modify
x22-2537,2,cloudflare,DELETE,/organizations/{organization_id},Organizations_delete
x22-2538,9,cloudflare,GET,/organizations/{organization_id}/accounts,Organizations_getAccounts
x22-2539,2,cloudflare,GET,/organizations/{organization_id}/billable/usage,billable-usage-v2-get-organization-usage
x22-2540,4,cloudflare,PUT,/organizations/{organization_id}/invites/{member_code},Organizations_handleOrganizationInvite
x22-2541,9,cloudflare,GET,/organizations/{organization_id}/logs/audit,audit-logs-v2-get-organization-audit-logs
x22-2542,8,cloudflare,GET,/organizations/{organization_id}/logs/audit/{id}/history,audit-logs-v2-get-organization-audit-log-history
x22-2543,1,cloudflare,GET,/organizations/{organization_id}/members,Members_list
x22-2544,7,cloudflare,POST,/organizations/{organization_id}/members,Members_create
x22-2545,5,cloudflare,GET,/organizations/{organization_id}/members/{member_id},Members_retrieve
x22-2546,3,cloudflare,DELETE,/organizations/{organization_id}/members/{member_id},Members_delete
x22-2547,9,cloudflare,POST,/organizations/{organization_id}/members:batchCreate,Members_batchCreate
x22-2548,4,cloudflare,GET,/organizations/{organization_id}/profile,Organizations_getProfile
x22-2549,6,cloudflare,PUT,/organizations/{organization_id}/profile,Organizations_modifyProfile
x22-2550,7,cloudflare,GET,/organizations/{organization_id}/shares,organization-shares-list
x22-2551,6,cloudflare,POST,/pages/assets/check-missing,pages-assets-check-missing
x22-2552,3,cloudflare,POST,/pages/assets/upload,pages-assets-upload
x22-2553,9,cloudflare,POST,/pages/assets/upsert-hashes,pages-assets-upsert-hashes
x22-2554,10,cloudflare,GET,/radar/agent_readiness/summary/{dimension},radar-get-agent-readiness-summary
x22-2555,9,cloudflare,GET,/radar/ai/bots/summary/user_agent,radar-get-ai-bots-summary-by-user-agent
x22-2556,1,cloudflare,GET,/radar/ai/bots/summary/{dimension},radar-get-ai-bots-summary
x22-2557,5,cloudflare,GET,/radar/ai/bots/timeseries,radar-get-ai-bots-timeseries
x22-2558,5,cloudflare,GET,/radar/ai/bots/timeseries_groups/user_agent,radar-get-ai-bots-timeseries-group-by-user-agent
x22-2559,9,cloudflare,GET,/radar/ai/bots/timeseries_groups/{dimension},radar-get-ai-bots-timeseries-group
x22-2560,7,cloudflare,GET,/radar/ai/inference/summary/model,radar-get-ai-inference-summary-by-model
x22-2561,8,cloudflare,GET,/radar/ai/inference/summary/task,radar-get-ai-inference-summary-by-task
x22-2562,10,cloudflare,GET,/radar/ai/inference/summary/{dimension},radar-get-ai-inference-summary
x22-2563,5,cloudflare,GET,/radar/ai/inference/timeseries_groups/model,radar-get-ai-inference-timeseries-group-by-model
x22-2564,1,cloudflare,GET,/radar/ai/inference/timeseries_groups/task,radar-get-ai-inference-timeseries-group-by-task
x22-2565,9,cloudflare,GET,/radar/ai/inference/timeseries_groups/{dimension},radar-get-ai-inference-timeseries-group
x22-2566,1,cloudflare,GET,/radar/ai/markdown_for_agents/summary,radar-get-ai-markdown-for-agents-summary
x22-2567,1,cloudflare,GET,/radar/ai/markdown_for_agents/timeseries,radar-get-ai-markdown-for-agents-timeseries
x22-2568,8,cloudflare,GET,/radar/annotations,radar-get-annotations
x22-2569,2,cloudflare,GET,/radar/annotations/outages,radar-get-annotations-outages
x22-2570,3,cloudflare,GET,/radar/annotations/outages/locations,radar-get-annotations-outages-top
x22-2571,9,cloudflare,GET,/radar/annotations/{id},radar-get-annotation-by-id
x22-2572,5,cloudflare,GET,/radar/as112/summary/dnssec,radar-get-dns-as112-timeseries-by-dnssec
x22-2573,7,cloudflare,GET,/radar/as112/summary/edns,radar-get-dns-as112-timeseries-by-edns
x22-2574,10,cloudflare,GET,/radar/as112/summary/ip_version,radar-get-dns-as112-timeseries-by-ip-version
x22-2575,6,cloudflare,GET,/radar/as112/summary/protocol,radar-get-dns-as112-timeseries-by-protocol
x22-2576,5,cloudflare,GET,/radar/as112/summary/query_type,radar-get-dns-as112-timeseries-by-query-type
x22-2577,10,cloudflare,GET,/radar/as112/summary/response_codes,radar-get-dns-as112-timeseries-by-response-codes
x22-2578,6,cloudflare,GET,/radar/as112/summary/{dimension},radar-get-dns-as112-summary
x22-2579,5,cloudflare,GET,/radar/as112/timeseries,radar-get-dns-as112-timeseries
x22-2580,7,cloudflare,GET,/radar/as112/timeseries_groups/dnssec,radar-get-dns-as112-timeseries-group-by-dnssec
x22-2581,3,cloudflare,GET,/radar/as112/timeseries_groups/edns,radar-get-dns-as112-timeseries-group-by-edns
x22-2582,9,cloudflare,GET,/radar/as112/timeseries_groups/ip_version,radar-get-dns-as112-timeseries-group-by-ip-version
x22-2583,8,cloudflare,GET,/radar/as112/timeseries_groups/protocol,radar-get-dns-as112-timeseries-group-by-protocol
x22-2584,6,cloudflare,GET,/radar/as112/timeseries_groups/query_type,radar-get-dns-as112-timeseries-group-by-query-type
x22-2585,10,cloudflare,GET,/radar/as112/timeseries_groups/response_codes,radar-get-dns-as112-timeseries-group-by-response-codes
x22-2586,3,cloudflare,GET,/radar/as112/timeseries_groups/{dimension},radar-get-dns-as112-timeseries-group
x22-2587,2,cloudflare,GET,/radar/as112/top/locations,radar-get-dns-as112-top-locations
x22-2588,2,cloudflare,GET,/radar/as112/top/locations/dnssec/{dnssec},radar-get-dns-as112-top-locations-by-dnssec
x22-2589,8,cloudflare,GET,/radar/as112/top/locations/edns/{edns},radar-get-dns-as112-top-locations-by-edns
x22-2590,3,cloudflare,GET,/radar/as112/top/locations/ip_version/{ip_version},radar-get-dns-as112-top-locations-by-ip-version
x22-2591,6,cloudflare,GET,/radar/attacks/layer3/summary/bitrate,radar-get-attacks-layer3-summary-by-bitrate
x22-2592,10,cloudflare,GET,/radar/attacks/layer3/summary/duration,radar-get-attacks-layer3-summary-by-duration
x22-2593,3,cloudflare,GET,/radar/attacks/layer3/summary/industry,radar-get-attacks-layer3-summary-by-industry
x22-2594,4,cloudflare,GET,/radar/attacks/layer3/summary/ip_version,radar-get-attacks-layer3-summary-by-ip-version
x22-2595,10,cloudflare,GET,/radar/attacks/layer3/summary/protocol,radar-get-attacks-layer3-summary-by-protocol
x22-2596,10,cloudflare,GET,/radar/attacks/layer3/summary/vector,radar-get-attacks-layer3-summary-by-vector
x22-2597,3,cloudflare,GET,/radar/attacks/layer3/summary/vertical,radar-get-attacks-layer3-summary-by-vertical
x22-2598,7,cloudflare,GET,/radar/attacks/layer3/summary/{dimension},radar-get-attacks-layer3-summary
x22-2599,8,cloudflare,GET,/radar/attacks/layer3/timeseries,radar-get-attacks-layer3-timeseries-by-bytes
x22-2600,5,cloudflare,GET,/radar/attacks/layer3/timeseries_groups/bitrate,radar-get-attacks-layer3-timeseries-group-by-bitrate
x22-2601,7,cloudflare,GET,/radar/attacks/layer3/timeseries_groups/duration,radar-get-attacks-layer3-timeseries-group-by-duration
x22-2602,3,cloudflare,GET,/radar/attacks/layer3/timeseries_groups/industry,radar-get-attacks-layer3-timeseries-group-by-industry
x22-2603,1,cloudflare,GET,/radar/attacks/layer3/timeseries_groups/ip_version,radar-get-attacks-layer3-timeseries-group-by-ip-version
x22-2604,5,cloudflare,GET,/radar/attacks/layer3/timeseries_groups/protocol,radar-get-attacks-layer3-timeseries-group-by-protocol
x22-2605,4,cloudflare,GET,/radar/attacks/layer3/timeseries_groups/vector,radar-get-attacks-layer3-timeseries-group-by-vector
x22-2606,5,cloudflare,GET,/radar/attacks/layer3/timeseries_groups/vertical,radar-get-attacks-layer3-timeseries-group-by-vertical
x22-2607,9,cloudflare,GET,/radar/attacks/layer3/timeseries_groups/{dimension},radar-get-attacks-layer3-timeseries-group
x22-2608,2,cloudflare,GET,/radar/attacks/layer3/top/attacks,radar-get-attacks-layer3-top-attacks
x22-2609,10,cloudflare,GET,/radar/attacks/layer3/top/industry,radar-get-attacks-layer3-top-industries
x22-2610,4,cloudflare,GET,/radar/attacks/layer3/top/locations/origin,radar-get-attacks-layer3-top-origin-locations
x22-2611,5,cloudflare,GET,/radar/attacks/layer3/top/locations/target,radar-get-attacks-layer3-top-target-locations
x22-2612,3,cloudflare,GET,/radar/attacks/layer3/top/vertical,radar-get-attacks-layer3-top-verticals
x22-2613,8,cloudflare,GET,/radar/attacks/layer7/summary/http_method,radar-get-attacks-layer7-summary-by-http-method
x22-2614,4,cloudflare,GET,/radar/attacks/layer7/summary/http_version,radar-get-attacks-layer7-summary-by-http-version
x22-2615,2,cloudflare,GET,/radar/attacks/layer7/summary/industry,radar-get-attacks-layer7-summary-by-industry
x22-2616,5,cloudflare,GET,/radar/attacks/layer7/summary/ip_version,radar-get-attacks-layer7-summary-by-ip-version
x22-2617,6,cloudflare,GET,/radar/attacks/layer7/summary/managed_rules,radar-get-attacks-layer7-summary-by-managed-rules
x22-2618,5,cloudflare,GET,/radar/attacks/layer7/summary/mitigation_product,radar-get-attacks-layer7-summary-by-mitigation-product
x22-2619,1,cloudflare,GET,/radar/attacks/layer7/summary/vertical,radar-get-attacks-layer7-summary-by-vertical
x22-2620,8,cloudflare,GET,/radar/attacks/layer7/summary/{dimension},radar-get-attacks-layer7-summary
x22-2621,9,cloudflare,GET,/radar/attacks/layer7/timeseries,radar-get-attacks-layer7-timeseries
x22-2622,5,cloudflare,GET,/radar/attacks/layer7/timeseries_groups/http_method,radar-get-attacks-layer7-timeseries-group-by-http-method
x22-2623,3,cloudflare,GET,/radar/attacks/layer7/timeseries_groups/http_version,radar-get-attacks-layer7-timeseries-group-by-http-version
x22-2624,6,cloudflare,GET,/radar/attacks/layer7/timeseries_groups/industry,radar-get-attacks-layer7-timeseries-group-by-industry
x22-2625,4,cloudflare,GET,/radar/attacks/layer7/timeseries_groups/ip_version,radar-get-attacks-layer7-timeseries-group-by-ip-version
x22-2626,1,cloudflare,GET,/radar/attacks/layer7/timeseries_groups/managed_rules,radar-get-attacks-layer7-timeseries-group-by-managed-rules
x22-2627,4,cloudflare,GET,/radar/attacks/layer7/timeseries_groups/mitigation_product,radar-get-attacks-layer7-timeseries-group-by-mitigation-product
x22-2628,3,cloudflare,GET,/radar/attacks/layer7/timeseries_groups/vertical,radar-get-attacks-layer7-timeseries-group-by-vertical
x22-2629,1,cloudflare,GET,/radar/attacks/layer7/timeseries_groups/{dimension},radar-get-attacks-layer7-timeseries-group
x22-2630,7,cloudflare,GET,/radar/attacks/layer7/top/ases/origin,radar-get-attacks-layer7-top-origin-as
x22-2631,6,cloudflare,GET,/radar/attacks/layer7/top/attacks,radar-get-attacks-layer7-top-attacks
x22-2632,10,cloudflare,GET,/radar/attacks/layer7/top/industry,radar-get-attacks-layer7-top-industries
x22-2633,5,cloudflare,GET,/radar/attacks/layer7/top/locations/origin,radar-get-attacks-layer7-top-origin-location
x22-2634,5,cloudflare,GET,/radar/attacks/layer7/top/locations/target,radar-get-attacks-layer7-top-target-location
x22-2635,8,cloudflare,GET,/radar/attacks/layer7/top/vertical,radar-get-attacks-layer7-top-verticals
x22-2636,1,cloudflare,GET,/radar/bgp/hijacks/events,radar-get-bgp-hijacks-events
x22-2637,7,cloudflare,GET,/radar/bgp/ips/timeseries,radar-get-bgp-ips-timeseries
x22-2638,3,cloudflare,GET,/radar/bgp/ips/top/ases,radar-get-bgp-ips-top-ases
x22-2639,6,cloudflare,GET,/radar/bgp/leaks/events,radar-get-bgp-route-leak-events
x22-2640,10,cloudflare,GET,/radar/bgp/routes/ases,radar-get-bgp-routes-asns
x22-2641,4,cloudflare,GET,/radar/bgp/routes/moas,radar-get-bgp-pfx2as-moas
x22-2642,7,cloudflare,GET,/radar/bgp/routes/paths/{asn},radar-get-bgp-routes-paths
x22-2643,4,cloudflare,GET,/radar/bgp/routes/pfx2as,radar-get-bgp-pfx2as
x22-2644,2,cloudflare,GET,/radar/bgp/routes/realtime,radar-get-bgp-routes-realtime
x22-2645,5,cloudflare,GET,/radar/bgp/routes/stats,radar-get-bgp-routes-stats
x22-2646,6,cloudflare,GET,/radar/bgp/routes/upstreams/{asn}/timeseries,radar-get-bgp-routes-upstreams-timeseries
x22-2647,2,cloudflare,GET,/radar/bgp/rpki/aspa/changes,radar-get-bgp-rpki-aspa-changes
x22-2648,7,cloudflare,GET,/radar/bgp/rpki/aspa/snapshot,radar-get-bgp-rpki-aspa-snapshot
x22-2649,5,cloudflare,GET,/radar/bgp/rpki/aspa/timeseries,radar-get-bgp-rpki-aspa-timeseries
x22-2650,6,cloudflare,GET,/radar/bgp/rpki/roas/timeseries,radar-get-bgp-rpki-roas-timeseries
x22-2651,8,cloudflare,GET,/radar/bgp/timeseries,radar-get-bgp-timeseries
x22-2652,3,cloudflare,GET,/radar/bgp/top/ases,radar-get-bgp-top-ases
x22-2653,6,cloudflare,GET,/radar/bgp/top/ases/prefixes,radar-get-bgp-top-asns-by-prefixes
x22-2654,7,cloudflare,GET,/radar/bgp/top/prefixes,radar-get-bgp-top-prefixes
x22-2655,1,cloudflare,GET,/radar/bots,radar-get-bots
x22-2656,4,cloudflare,GET,/radar/bots/crawlers/summary/{dimension},radar-get-crawlers-summary
x22-2657,3,cloudflare,GET,/radar/bots/crawlers/timeseries_groups/{dimension},radar-get-crawlers-timeseries-group
x22-2658,4,cloudflare,GET,/radar/bots/summary/{dimension},radar-get-bots-summary
x22-2659,3,cloudflare,GET,/radar/bots/timeseries,radar-get-bots-timeseries
x22-2660,9,cloudflare,GET,/radar/bots/timeseries_groups/{dimension},radar-get-bots-timeseries-group
x22-2661,6,cloudflare,GET,/radar/bots/{bot_slug},radar-get-bot-details
x22-2662,7,cloudflare,GET,/radar/ct/authorities,radar-get-certificate-authorities
x22-2663,8,cloudflare,GET,/radar/ct/authorities/{ca_slug},radar-get-certificate-authority-details
x22-2664,7,cloudflare,GET,/radar/ct/logs,radar-get-certificate-logs
x22-2665,6,cloudflare,GET,/radar/ct/logs/{log_slug},radar-get-certificate-log-details
x22-2666,4,cloudflare,GET,/radar/ct/summary/{dimension},radar-get-ct-summary
x22-2667,4,cloudflare,GET,/radar/ct/timeseries,radar-get-ct-timeseries
x22-2668,9,cloudflare,GET,/radar/ct/timeseries_groups/{dimension},radar-get-ct-timeseries-group
x22-2669,7,cloudflare,GET,/radar/datasets,radar-get-reports-datasets
x22-2670,2,cloudflare,POST,/radar/datasets/download,radar-post-reports-dataset-download-url
x22-2671,5,cloudflare,GET,/radar/datasets/{alias},radar-get-reports-dataset-download
x22-2672,4,cloudflare,GET,/radar/dns/summary/cache_hit,radar-get-dns-summary-by-cache-hit-status
x22-2673,8,cloudflare,GET,/radar/dns/summary/dnssec,radar-get-dns-summary-by-dnssec
x22-2674,8,cloudflare,GET,/radar/dns/summary/dnssec_aware,radar-get-dns-summary-by-dnssec-awareness
x22-2675,7,cloudflare,GET,/radar/dns/summary/dnssec_e2e,radar-get-dns-summary-by-dnssec-e2e-version
x22-2676,10,cloudflare,GET,/radar/dns/summary/ip_version,radar-get-dns-summary-by-ip-version
x22-2677,9,cloudflare,GET,/radar/dns/summary/matching_answer,radar-get-dns-summary-by-matching-answer-status
x22-2678,6,cloudflare,GET,/radar/dns/summary/protocol,radar-get-dns-summary-by-protocol
x22-2679,2,cloudflare,GET,/radar/dns/summary/query_type,radar-get-dns-summary-by-query-type
x22-2680,4,cloudflare,GET,/radar/dns/summary/response_code,radar-get-dns-summary-by-response-code
x22-2681,10,cloudflare,GET,/radar/dns/summary/response_ttl,radar-get-dns-summary-by-response-ttl
x22-2682,7,cloudflare,GET,/radar/dns/summary/{dimension},radar-get-dns-summary
x22-2683,1,cloudflare,GET,/radar/dns/timeseries,radar-get-dns-timeseries
x22-2684,9,cloudflare,GET,/radar/dns/timeseries_groups/cache_hit,radar-get-dns-timeseries-group-by-cache-hit-status
x22-2685,5,cloudflare,GET,/radar/dns/timeseries_groups/dnssec,radar-get-dns-timeseries-group-by-dnssec
x22-2686,9,cloudflare,GET,/radar/dns/timeseries_groups/dnssec_aware,radar-get-dns-timeseries-group-by-dnssec-awareness
x22-2687,4,cloudflare,GET,/radar/dns/timeseries_groups/dnssec_e2e,radar-get-dns-timeseries-group-by-dnssec-e2e-version
x22-2688,1,cloudflare,GET,/radar/dns/timeseries_groups/ip_version,radar-get-dns-timeseries-group-by-ip-version
x22-2689,1,cloudflare,GET,/radar/dns/timeseries_groups/matching_answer,radar-get-dns-timeseries-group-by-matching-answer-status
x22-2690,2,cloudflare,GET,/radar/dns/timeseries_groups/protocol,radar-get-dns-timeseries-group-by-protocol
x22-2691,4,cloudflare,GET,/radar/dns/timeseries_groups/query_type,radar-get-dns-timeseries-group-by-query-type
x22-2692,9,cloudflare,GET,/radar/dns/timeseries_groups/response_code,radar-get-dns-timeseries-group-by-response-code
x22-2693,1,cloudflare,GET,/radar/dns/timeseries_groups/response_ttl,radar-get-dns-timeseries-group-by-response-ttl
x22-2694,8,cloudflare,GET,/radar/dns/timeseries_groups/{dimension},radar-get-dns-timeseries-group
x22-2695,8,cloudflare,GET,/radar/dns/top/ases,radar-get-dns-top-ases
x22-2696,5,cloudflare,GET,/radar/dns/top/locations,radar-get-dns-top-locations
x22-2697,9,cloudflare,GET,/radar/email/routing/summary/arc,radar-get-email-routing-summary-by-arc
x22-2698,9,cloudflare,GET,/radar/email/routing/summary/dkim,radar-get-email-routing-summary-by-dkim
x22-2699,5,cloudflare,GET,/radar/email/routing/summary/dmarc,radar-get-email-routing-summary-by-dmarc
x22-2700,3,cloudflare,GET,/radar/email/routing/summary/encrypted,radar-get-email-routing-summary-by-encrypted
x22-2701,1,cloudflare,GET,/radar/email/routing/summary/ip_version,radar-get-email-routing-summary-by-ip-version
x22-2702,7,cloudflare,GET,/radar/email/routing/summary/spf,radar-get-email-routing-summary-by-spf
x22-2703,3,cloudflare,GET,/radar/email/routing/summary/{dimension},radar-get-email-routing-summary
x22-2704,3,cloudflare,GET,/radar/email/routing/timeseries_groups/arc,radar-get-email-routing-timeseries-group-by-arc
x22-2705,2,cloudflare,GET,/radar/email/routing/timeseries_groups/dkim,radar-get-email-routing-timeseries-group-by-dkim
x22-2706,7,cloudflare,GET,/radar/email/routing/timeseries_groups/dmarc,radar-get-email-routing-timeseries-group-by-dmarc
x22-2707,1,cloudflare,GET,/radar/email/routing/timeseries_groups/encrypted,radar-get-email-routing-timeseries-group-by-encrypted
x22-2708,3,cloudflare,GET,/radar/email/routing/timeseries_groups/ip_version,radar-get-email-routing-timeseries-group-by-ip-version
x22-2709,7,cloudflare,GET,/radar/email/routing/timeseries_groups/spf,radar-get-email-routing-timeseries-group-by-spf
x22-2710,2,cloudflare,GET,/radar/email/routing/timeseries_groups/{dimension},radar-get-email-routing-timeseries-group
x22-2711,1,cloudflare,GET,/radar/email/security/summary/arc,radar-get-email-security-summary-by-arc
x22-2712,8,cloudflare,GET,/radar/email/security/summary/dkim,radar-get-email-security-summary-by-dkim
x22-2713,9,cloudflare,GET,/radar/email/security/summary/dmarc,radar-get-email-security-summary-by-dmarc
x22-2714,10,cloudflare,GET,/radar/email/security/summary/malicious,radar-get-email-security-summary-by-malicious
x22-2715,1,cloudflare,GET,/radar/email/security/summary/spam,radar-get-email-security-summary-by-spam
x22-2716,4,cloudflare,GET,/radar/email/security/summary/spf,radar-get-email-security-summary-by-spf
x22-2717,2,cloudflare,GET,/radar/email/security/summary/spoof,radar-get-email-security-summary-by-spoof
x22-2718,10,cloudflare,GET,/radar/email/security/summary/threat_category,radar-get-email-security-summary-by-threat-category
x22-2719,10,cloudflare,GET,/radar/email/security/summary/tls_version,radar-get-email-security-summary-by-tls-version
x22-2720,7,cloudflare,GET,/radar/email/security/summary/{dimension},radar-get-email-security-summary
x22-2721,1,cloudflare,GET,/radar/email/security/timeseries_groups/arc,radar-get-email-security-timeseries-group-by-arc
x22-2722,3,cloudflare,GET,/radar/email/security/timeseries_groups/dkim,radar-get-email-security-timeseries-group-by-dkim
x22-2723,4,cloudflare,GET,/radar/email/security/timeseries_groups/dmarc,radar-get-email-security-timeseries-group-by-dmarc
x22-2724,7,cloudflare,GET,/radar/email/security/timeseries_groups/malicious,radar-get-email-security-timeseries-group-by-malicious
x22-2725,2,cloudflare,GET,/radar/email/security/timeseries_groups/spam,radar-get-email-security-timeseries-group-by-spam
x22-2726,8,cloudflare,GET,/radar/email/security/timeseries_groups/spf,radar-get-email-security-timeseries-group-by-spf
x22-2727,7,cloudflare,GET,/radar/email/security/timeseries_groups/spoof,radar-get-email-security-timeseries-group-by-spoof
x22-2728,8,cloudflare,GET,/radar/email/security/timeseries_groups/threat_category,radar-get-email-security-timeseries-group-by-threat-category
x22-2729,6,cloudflare,GET,/radar/email/security/timeseries_groups/tls_version,radar-get-email-security-timeseries-group-by-tls-version
x22-2730,10,cloudflare,GET,/radar/email/security/timeseries_groups/{dimension},radar-get-email-security-timeseries-group
x22-2731,1,cloudflare,GET,/radar/email/security/top/tlds,radar-get-email-security-top-tlds-by-messages
x22-2732,9,cloudflare,GET,/radar/email/security/top/tlds/malicious/{malicious},radar-get-email-security-top-tlds-by-malicious
x22-2733,4,cloudflare,GET,/radar/email/security/top/tlds/spam/{spam},radar-get-email-security-top-tlds-by-spam
x22-2734,9,cloudflare,GET,/radar/email/security/top/tlds/spoof/{spoof},radar-get-email-security-top-tlds-by-spoof
x22-2735,8,cloudflare,GET,/radar/entities/asns,radar-get-entities-asn-list
x22-2736,3,cloudflare,GET,/radar/entities/asns/botnet_threat_feed,radar-get-as-botnet-threat-feed
x22-2737,3,cloudflare,GET,/radar/entities/asns/ip,radar-get-entities-asn-by-ip
x22-2738,6,cloudflare,GET,/radar/entities/asns/{asn},radar-get-entities-asn-by-id
x22-2739,1,cloudflare,GET,/radar/entities/asns/{asn}/as_set,radar-get-asns-as-set
x22-2740,6,cloudflare,GET,/radar/entities/asns/{asn}/rel,radar-get-asns-rel
x22-2741,1,cloudflare,GET,/radar/entities/ip,radar-get-entities-ip
x22-2742,1,cloudflare,GET,/radar/entities/locations,radar-get-entities-locations
x22-2743,5,cloudflare,GET,/radar/entities/locations/{location},radar-get-entities-location-by-alpha2
x22-2744,9,cloudflare,GET,/radar/geolocations,radar-get-geolocations
x22-2745,10,cloudflare,GET,/radar/geolocations/{geo_id},radar-get-geolocation-details
x22-2746,5,cloudflare,GET,/radar/http/summary/bot_class,radar-get-http-summary-by-bot-class
x22-2747,10,cloudflare,GET,/radar/http/summary/device_type,radar-get-http-summary-by-device-type
x22-2748,1,cloudflare,GET,/radar/http/summary/http_protocol,radar-get-http-summary-by-http-protocol
x22-2749,8,cloudflare,GET,/radar/http/summary/http_version,radar-get-http-summary-by-http-version
x22-2750,10,cloudflare,GET,/radar/http/summary/ip_version,radar-get-http-summary-by-ip-version
x22-2751,10,cloudflare,GET,/radar/http/summary/os,radar-get-http-summary-by-operating-system
x22-2752,4,cloudflare,GET,/radar/http/summary/post_quantum,radar-get-http-summary-by-post-quantum
x22-2753,6,cloudflare,GET,/radar/http/summary/tls_version,radar-get-http-summary-by-tls-version
x22-2754,2,cloudflare,GET,/radar/http/summary/{dimension},radar-get-http-summary
x22-2755,4,cloudflare,GET,/radar/http/timeseries,radar-get-http-timeseries
x22-2756,2,cloudflare,GET,/radar/http/timeseries_groups/bot_class,radar-get-http-timeseries-group-by-bot-class
x22-2757,9,cloudflare,GET,/radar/http/timeseries_groups/browser,radar-get-http-timeseries-group-by-browsers
x22-2758,2,cloudflare,GET,/radar/http/timeseries_groups/browser_family,radar-get-http-timeseries-group-by-browser-families
x22-2759,6,cloudflare,GET,/radar/http/timeseries_groups/device_type,radar-get-http-timeseries-group-by-device-type
x22-2760,8,cloudflare,GET,/radar/http/timeseries_groups/http_protocol,radar-get-http-timeseries-group-by-http-protocol
x22-2761,9,cloudflare,GET,/radar/http/timeseries_groups/http_version,radar-get-http-timeseries-group-by-http-version
x22-2762,3,cloudflare,GET,/radar/http/timeseries_groups/ip_version,radar-get-http-timeseries-group-by-ip-version
x22-2763,10,cloudflare,GET,/radar/http/timeseries_groups/os,radar-get-http-timeseries-group-by-operating-system
x22-2764,9,cloudflare,GET,/radar/http/timeseries_groups/post_quantum,radar-get-http-timeseries-group-by-post-quantum
x22-2765,6,cloudflare,GET,/radar/http/timeseries_groups/tls_version,radar-get-http-timeseries-group-by-tls-version
x22-2766,10,cloudflare,GET,/radar/http/timeseries_groups/{dimension},radar-get-http-timeseries-group
x22-2767,4,cloudflare,GET,/radar/http/top/ases,radar-get-http-top-ases-by-http-requests
x22-2768,2,cloudflare,GET,/radar/http/top/ases/bot_class/{bot_class},radar-get-http-top-ases-by-bot-class
x22-2769,7,cloudflare,GET,/radar/http/top/ases/browser_family/{browser_family},radar-get-http-top-ases-by-browser-family
x22-2770,3,cloudflare,GET,/radar/http/top/ases/device_type/{device_type},radar-get-http-top-ases-by-device-type
x22-2771,10,cloudflare,GET,/radar/http/top/ases/http_protocol/{http_protocol},radar-get-http-top-ases-by-http-protocol
x22-2772,3,cloudflare,GET,/radar/http/top/ases/http_version/{http_version},radar-get-http-top-ases-by-http-version
x22-2773,2,cloudflare,GET,/radar/http/top/ases/ip_version/{ip_version},radar-get-http-top-ases-by-ip-version
x22-2774,4,cloudflare,GET,/radar/http/top/ases/os/{os},radar-get-http-top-ases-by-operating-system
x22-2775,1,cloudflare,GET,/radar/http/top/ases/tls_version/{tls_version},radar-get-http-top-ases-by-tls-version
x22-2776,9,cloudflare,GET,/radar/http/top/browser,radar-get-http-top-browsers
x22-2777,6,cloudflare,GET,/radar/http/top/browser_family,radar-get-http-top-browser-families
x22-2778,7,cloudflare,GET,/radar/http/top/locations,radar-get-http-top-locations-by-http-requests
x22-2779,3,cloudflare,GET,/radar/http/top/locations/bot_class/{bot_class},radar-get-http-top-locations-by-bot-class
x22-2780,2,cloudflare,GET,/radar/http/top/locations/browser_family/{browser_family},radar-get-http-top-locations-by-browser-family
x22-2781,1,cloudflare,GET,/radar/http/top/locations/device_type/{device_type},radar-get-http-top-locations-by-device-type
x22-2782,8,cloudflare,GET,/radar/http/top/locations/http_protocol/{http_protocol},radar-get-http-top-locations-by-http-protocol
x22-2783,7,cloudflare,GET,/radar/http/top/locations/http_version/{http_version},radar-get-http-top-locations-by-http-version
x22-2784,5,cloudflare,GET,/radar/http/top/locations/ip_version/{ip_version},radar-get-http-top-locations-by-ip-version
x22-2785,10,cloudflare,GET,/radar/http/top/locations/os/{os},radar-get-http-top-locations-by-operating-system
x22-2786,2,cloudflare,GET,/radar/http/top/locations/tls_version/{tls_version},radar-get-http-top-locations-by-tls-version
x22-2787,3,cloudflare,GET,/radar/leaked_credential_checks/summary/bot_class,radar-get-leaked-credential-checks-summary-by-bot-class
x22-2788,1,cloudflare,GET,/radar/leaked_credential_checks/summary/compromised,radar-get-leaked-credential-checks-summary-by-compromised
x22-2789,3,cloudflare,GET,/radar/leaked_credential_checks/summary/{dimension},radar-get-leaked-credential-checks-summary
x22-2790,2,cloudflare,GET,/radar/leaked_credential_checks/timeseries_groups/bot_class,radar-get-leaked-credential-checks-timeseries-group-by-bot-class
x22-2791,4,cloudflare,GET,/radar/leaked_credential_checks/timeseries_groups/compromised,radar-get-leaked-credential-checks-timeseries-group-by-compromised
x22-2792,10,cloudflare,GET,/radar/leaked_credential_checks/timeseries_groups/{dimension},radar-get-leaked-credential-checks-timeseries-group
x22-2793,9,cloudflare,GET,/radar/netflows/summary,radar-get-netflows-summary-deprecated
x22-2794,8,cloudflare,GET,/radar/netflows/summary/{dimension},radar-get-netflows-summary
x22-2795,4,cloudflare,GET,/radar/netflows/timeseries,radar-get-netflows-timeseries
x22-2796,10,cloudflare,GET,/radar/netflows/timeseries_groups/{dimension},radar-get-netflows-timeseries-group
x22-2797,7,cloudflare,GET,/radar/netflows/top/ases,radar-get-netflows-top-ases
x22-2798,9,cloudflare,GET,/radar/netflows/top/locations,radar-get-netflows-top-locations
x22-2799,2,cloudflare,GET,/radar/origins,radar-get-origins
x22-2800,6,cloudflare,GET,/radar/origins/summary/{dimension},radar-get-origins-summary
x22-2801,9,cloudflare,GET,/radar/origins/timeseries,radar-get-origins-timeseries
x22-2802,6,cloudflare,GET,/radar/origins/timeseries_groups/{dimension},radar-get-origins-timeseries-group
x22-2803,9,cloudflare,GET,/radar/origins/{slug},radar-get-origin-details
x22-2804,2,cloudflare,GET,/radar/post_quantum/origin/summary/{dimension},radar-get-origin-post-quantum-summary
x22-2805,5,cloudflare,GET,/radar/post_quantum/origin/timeseries_groups/{dimension},radar-get-origin-post-quantum-timeseries-groups
x22-2806,1,cloudflare,GET,/radar/post_quantum/tls/support,radar-get-post-quantum-tls-support
x22-2807,6,cloudflare,GET,/radar/quality/iqi/summary,radar-get-quality-index-summary
x22-2808,3,cloudflare,GET,/radar/quality/iqi/timeseries_groups,radar-get-quality-index-timeseries-group
x22-2809,5,cloudflare,GET,/radar/quality/speed/histogram,radar-get-quality-speed-histogram
x22-2810,3,cloudflare,GET,/radar/quality/speed/summary,radar-get-quality-speed-summary
x22-2811,3,cloudflare,GET,/radar/quality/speed/top/ases,radar-get-quality-speed-top-ases
x22-2812,5,cloudflare,GET,/radar/quality/speed/top/locations,radar-get-quality-speed-top-locations
x22-2813,8,cloudflare,GET,/radar/ranking/domain/{domain},radar-get-ranking-domain-details
x22-2814,4,cloudflare,GET,/radar/ranking/internet_services/categories,radar-get-ranking-internet-services-categories
x22-2815,8,cloudflare,GET,/radar/ranking/internet_services/timeseries_groups,radar-get-ranking-internet-services-timeseries
x22-2816,4,cloudflare,GET,/radar/ranking/internet_services/top,radar-get-ranking-top-internet-services
x22-2817,10,cloudflare,GET,/radar/ranking/timeseries_groups,radar-get-ranking-domain-timeseries
x22-2818,7,cloudflare,GET,/radar/ranking/top,radar-get-ranking-top-domains
x22-2819,3,cloudflare,GET,/radar/robots_txt/top/domain_categories,radar-get-robots-txt-top-domain-categories-by-files-parsed
x22-2820,5,cloudflare,GET,/radar/robots_txt/top/user_agents/directive,radar-get-robots-txt-top-user-agents-by-directive
x22-2821,4,cloudflare,GET,/radar/search/global,radar-get-search-global
x22-2822,4,cloudflare,GET,/radar/tcp_resets_timeouts/summary,radar-get-tcp-resets-timeouts-summary
x22-2823,7,cloudflare,GET,/radar/tcp_resets_timeouts/timeseries_groups,radar-get-tcp-resets-timeouts-timeseries-group
x22-2824,3,cloudflare,GET,/radar/tlds,radar-get-tlds
x22-2825,6,cloudflare,GET,/radar/tlds/performance/summary/{dimension},radar-get-tlds-performance-summary
x22-2826,9,cloudflare,GET,/radar/tlds/performance/timeseries_groups/{dimension},radar-get-tlds-performance-timeseries-groups
x22-2827,2,cloudflare,GET,/radar/tlds/{tld},radar-get-tld-details
x22-2828,4,cloudflare,GET,/radar/traffic_anomalies,radar-get-traffic-anomalies
x22-2829,9,cloudflare,GET,/radar/traffic_anomalies/locations,radar-get-traffic-anomalies-top
x22-2830,5,cloudflare,GET,/radar/traffic_anomalies/{uuid},radar-get-traffic-anomaly-by-uuid
x22-2831,8,cloudflare,GET,/radar/verified_bots/top/bots,radar-get-verified-bots-top-by-http-requests
x22-2832,7,cloudflare,GET,/radar/verified_bots/top/categories,radar-get-verified-bots-top-categories-by-http-requests
x22-2833,5,cloudflare,GET,/ready,getReady
x22-2834,2,cloudflare,GET,/signed-url,getSignedUrl
x22-2835,7,cloudflare,GET,/tenants/{tenant_id},Tenants_retrieveTenant
x22-2836,1,cloudflare,GET,/tenants/{tenant_id}/account_types,Tenants_validAccountTypes
x22-2837,6,cloudflare,GET,/tenants/{tenant_id}/accounts,Tenants_listAccounts
x22-2838,6,cloudflare,GET,/tenants/{tenant_id}/entitlements,Tenants_listEntitlements
x22-2839,8,cloudflare,GET,/tenants/{tenant_id}/memberships,Tenants_listMemberships
x22-2840,6,cloudflare,GET,/tenants/{tenant_tag}/custom_ns,tenant-level-custom-nameservers-list-tenant-custom-nameservers
x22-2841,4,cloudflare,POST,/tenants/{tenant_tag}/custom_ns,tenant-level-custom-nameservers-add-tenant-custom-nameserver
x22-2842,9,cloudflare,DELETE,/tenants/{tenant_tag}/custom_ns/{custom_ns_id},tenant-level-custom-nameservers-delete-tenant-custom-nameserver
x22-2843,10,cloudflare,GET,/user,user-user-details
x22-2844,2,cloudflare,PATCH,/user,user-edit-user
x22-2845,8,cloudflare,GET,/user/analytics/dashboard,user-analytics-get-dashboard
x22-2846,7,cloudflare,GET,/user/audit_logs,audit-logs-get-user-audit-logs
x22-2847,9,cloudflare,GET,/user/billing/history,user-billing-history-(-deprecated)-billing-history-details
x22-2848,3,cloudflare,GET,/user/billing/profile,user-billing-profile-(-deprecated)-billing-profile-details
x22-2849,2,cloudflare,GET,/user/communication_preferences,user-communication-preferences-get
x22-2850,2,cloudflare,PUT,/user/communication_preferences,user-communication-preferences-update
x22-2851,10,cloudflare,GET,/user/firewall/access_rules/rules,ip-access-rules-for-a-user-list-ip-access-rules
x22-2852,8,cloudflare,POST,/user/firewall/access_rules/rules,ip-access-rules-for-a-user-create-an-ip-access-rule
x22-2853,1,cloudflare,GET,/user/firewall/access_rules/rules/{rule_id},ip-access-rules-for-a-user-get-an-ip-access-rule
x22-2854,3,cloudflare,DELETE,/user/firewall/access_rules/rules/{rule_id},ip-access-rules-for-a-user-delete-an-ip-access-rule
x22-2855,6,cloudflare,PATCH,/user/firewall/access_rules/rules/{rule_id},ip-access-rules-for-a-user-update-an-ip-access-rule
x22-2856,9,cloudflare,GET,/user/invites,user'-s-invites-list-invitations
x22-2857,2,cloudflare,GET,/user/invites/{invite_id},user'-s-invites-invitation-details
x22-2858,9,cloudflare,PATCH,/user/invites/{invite_id},user'-s-invites-respond-to-invitation
x22-2859,9,cloudflare,GET,/user/load_balancers/monitors,load-balancer-monitors-list-monitors
x22-2860,1,cloudflare,POST,/user/load_balancers/monitors,load-balancer-monitors-create-monitor
x22-2861,5,cloudflare,GET,/user/load_balancers/monitors/{monitor_id},load-balancer-monitors-monitor-details
x22-2862,8,cloudflare,PUT,/user/load_balancers/monitors/{monitor_id},load-balancer-monitors-update-monitor
x22-2863,5,cloudflare,DELETE,/user/load_balancers/monitors/{monitor_id},load-balancer-monitors-delete-monitor
x22-2864,4,cloudflare,PATCH,/user/load_balancers/monitors/{monitor_id},load-balancer-monitors-patch-monitor
x22-2865,2,cloudflare,POST,/user/load_balancers/monitors/{monitor_id}/preview,load-balancer-monitors-preview-monitor
x22-2866,2,cloudflare,GET,/user/load_balancers/monitors/{monitor_id}/references,load-balancer-monitors-list-monitor-references
x22-2867,6,cloudflare,GET,/user/load_balancers/pools,load-balancer-pools-list-pools
x22-2868,4,cloudflare,POST,/user/load_balancers/pools,load-balancer-pools-create-pool
x22-2869,6,cloudflare,PATCH,/user/load_balancers/pools,load-balancer-pools-patch-pools
x22-2870,10,cloudflare,GET,/user/load_balancers/pools/{pool_id},load-balancer-pools-pool-details
x22-2871,9,cloudflare,PUT,/user/load_balancers/pools/{pool_id},load-balancer-pools-update-pool
x22-2872,4,cloudflare,DELETE,/user/load_balancers/pools/{pool_id},load-balancer-pools-delete-pool
x22-2873,2,cloudflare,PATCH,/user/load_balancers/pools/{pool_id},load-balancer-pools-patch-pool
x22-2874,2,cloudflare,GET,/user/load_balancers/pools/{pool_id}/health,load-balancer-pools-pool-health-details
x22-2875,3,cloudflare,POST,/user/load_balancers/pools/{pool_id}/preview,load-balancer-pools-preview-pool
x22-2876,4,cloudflare,GET,/user/load_balancers/pools/{pool_id}/references,load-balancer-pools-list-pool-references
x22-2877,3,cloudflare,GET,/user/load_balancers/preview/{preview_id},load-balancer-monitors-preview-result
x22-2878,6,cloudflare,GET,/user/load_balancers/regions,user-load-balancer-regions-list-regions
x22-2879,5,cloudflare,GET,/user/load_balancing_analytics/events,load-balancer-healthcheck-events-list-healthcheck-events
x22-2880,7,cloudflare,GET,/user/memberships/{membership_id},user-memberships-get
x22-2881,1,cloudflare,GET,/user/organizations,user'-s-organizations-list-organizations
x22-2882,8,cloudflare,GET,/user/organizations/{organization_id},user'-s-organizations-organization-details
x22-2883,6,cloudflare,DELETE,/user/organizations/{organization_id},user'-s-organizations-leave-organization
x22-2884,7,cloudflare,GET,/user/spectrum_analytics/zones/report,spectrum-analytics-get-zones-report
x22-2885,9,cloudflare,GET,/user/subscriptions,user-subscription-get-user-subscriptions
x22-2886,4,cloudflare,POST,/user/subscriptions,user-subscription-create-user-subscription
x22-2887,8,cloudflare,PUT,/user/subscriptions/{identifier},user-subscription-update-user-subscription
x22-2888,2,cloudflare,DELETE,/user/subscriptions/{identifier},user-subscription-delete-user-subscription
x22-2889,6,cloudflare,GET,/user/tenants,User_listUserTenants
x22-2890,10,cloudflare,GET,/user/tokens,user-api-tokens-list-tokens
x22-2891,1,cloudflare,POST,/user/tokens,user-api-tokens-create-token
x22-2892,8,cloudflare,GET,/user/tokens/permission_groups,permission-groups-list-permission-groups
x22-2893,3,cloudflare,GET,/user/tokens/verify,user-api-tokens-verify-token
x22-2894,2,cloudflare,GET,/user/tokens/{token_id},user-api-tokens-token-details
x22-2895,5,cloudflare,PUT,/user/tokens/{token_id},user-api-tokens-update-token
x22-2896,3,cloudflare,DELETE,/user/tokens/{token_id},user-api-tokens-delete-token
x22-2897,9,cloudflare,PUT,/user/tokens/{token_id}/value,user-api-tokens-roll-token
x22-2898,10,cloudflare,POST,/workers/builds/deploy_hooks/{deploy_hook_uuid},triggerDeployHook
x22-2899,6,cloudflare,GET,/zones,zones-get
x22-2900,4,cloudflare,POST,/zones,zones-post
x22-2901,5,cloudflare,GET,/zones/{zone_identifier}/analytics/colos,zone-analytics-(-deprecated)-get-analytics-by-co-locations
x22-2902,1,cloudflare,GET,/zones/{zone_identifier}/analytics/dashboard,zone-analytics-(-deprecated)-get-dashboard
x22-2903,3,cloudflare,GET,/zones/{zone_identifier}/custom_pages,custom-pages-for-a-zone-list-custom-pages
x22-2904,2,cloudflare,GET,/zones/{zone_identifier}/custom_pages/assets,custom-assets-for-a-zone-list-custom-assets
x22-2905,5,cloudflare,POST,/zones/{zone_identifier}/custom_pages/assets,custom-assets-for-a-zone-create-a-custom-asset
x22-2906,3,cloudflare,GET,/zones/{zone_identifier}/custom_pages/assets/{asset_name},custom-assets-for-a-zone-get-a-custom-asset
x22-2907,1,cloudflare,PUT,/zones/{zone_identifier}/custom_pages/assets/{asset_name},custom-assets-for-a-zone-update-a-custom-asset
x22-2908,3,cloudflare,DELETE,/zones/{zone_identifier}/custom_pages/assets/{asset_name},custom-assets-for-a-zone-delete-a-custom-asset
x22-2909,7,cloudflare,POST,/zones/{zone_identifier}/custom_pages/preview_tokens,custom-pages-for-a-zone-create-preview-token
x22-2910,6,cloudflare,GET,/zones/{zone_identifier}/custom_pages/{identifier},custom-pages-for-a-zone-get-a-custom-page
x22-2911,8,cloudflare,PUT,/zones/{zone_identifier}/custom_pages/{identifier},custom-pages-for-a-zone-update-a-custom-page
x22-2912,6,cloudflare,GET,/zones/{zone_id},zones-0-get
x22-2913,1,cloudflare,DELETE,/zones/{zone_id},zones-0-delete
x22-2914,2,cloudflare,PATCH,/zones/{zone_id},zones-0-patch
x22-2915,8,cloudflare,GET,/zones/{zone_id}/access/apps,zone-level-access-applications-list-access-applications
x22-2916,7,cloudflare,POST,/zones/{zone_id}/access/apps,zone-level-access-applications-add-a-bookmark-application
x22-2917,4,cloudflare,GET,/zones/{zone_id}/access/apps/ca,zone-level-access-short-lived-certificate-c-as-list-short-lived-certificate-c-as
x22-2918,1,cloudflare,GET,/zones/{zone_id}/access/apps/{app_id},zone-level-access-applications-get-an-access-application
x22-2919,4,cloudflare,PUT,/zones/{zone_id}/access/apps/{app_id},zone-level-access-applications-update-a-bookmark-application
x22-2920,3,cloudflare,DELETE,/zones/{zone_id}/access/apps/{app_id},zone-level-access-applications-delete-an-access-application
x22-2921,1,cloudflare,GET,/zones/{zone_id}/access/apps/{app_id}/ca,zone-level-access-short-lived-certificate-c-as-get-a-short-lived-certificate-ca
x22-2922,7,cloudflare,POST,/zones/{zone_id}/access/apps/{app_id}/ca,zone-level-access-short-lived-certificate-c-as-create-a-short-lived-certificate-ca
x22-2923,9,cloudflare,DELETE,/zones/{zone_id}/access/apps/{app_id}/ca,zone-level-access-short-lived-certificate-c-as-delete-a-short-lived-certificate-ca
x22-2924,6,cloudflare,GET,/zones/{zone_id}/access/apps/{app_id}/policies,zone-level-access-policies-list-access-policies
x22-2925,3,cloudflare,POST,/zones/{zone_id}/access/apps/{app_id}/policies,zone-level-access-policies-create-an-access-policy
x22-2926,9,cloudflare,GET,/zones/{zone_id}/access/apps/{app_id}/policies/{policy_id},zone-level-access-policies-get-an-access-policy
x22-2927,10,cloudflare,PUT,/zones/{zone_id}/access/apps/{app_id}/policies/{policy_id},zone-level-access-policies-update-an-access-policy
x22-2928,4,cloudflare,DELETE,/zones/{zone_id}/access/apps/{app_id}/policies/{policy_id},zone-level-access-policies-delete-an-access-policy
x22-2929,9,cloudflare,POST,/zones/{zone_id}/access/apps/{app_id}/revoke_tokens,zone-level-access-applications-revoke-service-tokens
x22-2930,9,cloudflare,PUT,/zones/{zone_id}/access/apps/{app_id}/settings,zone-level-access-applications-put-update-access-application-settings
x22-2931,3,cloudflare,PATCH,/zones/{zone_id}/access/apps/{app_id}/settings,zone-level-access-applications-patch-update-access-application-settings
x22-2932,5,cloudflare,GET,/zones/{zone_id}/access/apps/{app_id}/user_policy_checks,zone-level-access-applications-test-access-policies
x22-2933,4,cloudflare,GET,/zones/{zone_id}/access/certificates,zone-level-access-mtls-authentication-list-mtls-certificates
x22-2934,8,cloudflare,POST,/zones/{zone_id}/access/certificates,zone-level-access-mtls-authentication-add-an-mtls-certificate
x22-2935,4,cloudflare,GET,/zones/{zone_id}/access/certificates/settings,zone-level-access-mtls-authentication-list-mtls-certificates-hostname-settings
x22-2936,8,cloudflare,PUT,/zones/{zone_id}/access/certificates/settings,zone-level-access-mtls-authentication-update-an-mtls-certificate-settings
x22-2937,1,cloudflare,GET,/zones/{zone_id}/access/certificates/{certificate_id},zone-level-access-mtls-authentication-get-an-mtls-certificate
x22-2938,8,cloudflare,PUT,/zones/{zone_id}/access/certificates/{certificate_id},zone-level-access-mtls-authentication-update-an-mtls-certificate
x22-2939,8,cloudflare,DELETE,/zones/{zone_id}/access/certificates/{certificate_id},zone-level-access-mtls-authentication-delete-an-mtls-certificate
x22-2940,3,cloudflare,GET,/zones/{zone_id}/access/groups,zone-level-access-groups-list-access-groups
x22-2941,5,cloudflare,POST,/zones/{zone_id}/access/groups,zone-level-access-groups-create-an-access-group
x22-2942,7,cloudflare,GET,/zones/{zone_id}/access/groups/{group_id},zone-level-access-groups-get-an-access-group
x22-2943,5,cloudflare,PUT,/zones/{zone_id}/access/groups/{group_id},zone-level-access-groups-update-an-access-group
x22-2944,10,cloudflare,DELETE,/zones/{zone_id}/access/groups/{group_id},zone-level-access-groups-delete-an-access-group
x22-2945,8,cloudflare,GET,/zones/{zone_id}/access/identity_providers,zone-level-access-identity-providers-list-access-identity-providers
x22-2946,3,cloudflare,POST,/zones/{zone_id}/access/identity_providers,zone-level-access-identity-providers-add-an-access-identity-provider
x22-2947,6,cloudflare,GET,/zones/{zone_id}/access/identity_providers/{identity_provider_id},zone-level-access-identity-providers-get-an-access-identity-provider
x22-2948,8,cloudflare,PUT,/zones/{zone_id}/access/identity_providers/{identity_provider_id},zone-level-access-identity-providers-update-an-access-identity-provider
x22-2949,4,cloudflare,DELETE,/zones/{zone_id}/access/identity_providers/{identity_provider_id},zone-level-access-identity-providers-delete-an-access-identity-provider
x22-2950,4,cloudflare,GET,/zones/{zone_id}/access/organizations,zone-level-zero-trust-organization-get-your-zero-trust-organization
x22-2951,2,cloudflare,POST,/zones/{zone_id}/access/organizations,zone-level-zero-trust-organization-create-your-zero-trust-organization
x22-2952,6,cloudflare,PUT,/zones/{zone_id}/access/organizations,zone-level-zero-trust-organization-update-your-zero-trust-organization
x22-2953,8,cloudflare,POST,/zones/{zone_id}/access/organizations/revoke_user,zone-level-zero-trust-organization-revoke-all-access-tokens-for-a-user
x22-2954,1,cloudflare,GET,/zones/{zone_id}/access/service_tokens,zone-level-access-service-tokens-list-service-tokens
x22-2955,10,cloudflare,POST,/zones/{zone_id}/access/service_tokens,zone-level-access-service-tokens-create-a-service-token
x22-2956,7,cloudflare,GET,/zones/{zone_id}/access/service_tokens/{service_token_id},zone-level-access-service-tokens-get-a-service-token
x22-2957,10,cloudflare,PUT,/zones/{zone_id}/access/service_tokens/{service_token_id},zone-level-access-service-tokens-update-a-service-token
x22-2958,9,cloudflare,DELETE,/zones/{zone_id}/access/service_tokens/{service_token_id},zone-level-access-service-tokens-delete-a-service-token
x22-2959,8,cloudflare,GET,/zones/{zone_id}/acm/custom_trust_store,custom-origin-trust-store-list-details
x22-2960,1,cloudflare,POST,/zones/{zone_id}/acm/custom_trust_store,custom-origin-trust-store-create
x22-2961,9,cloudflare,GET,/zones/{zone_id}/acm/custom_trust_store/{custom_origin_trust_store_id},custom-origin-trust-store-details
x22-2962,6,cloudflare,DELETE,/zones/{zone_id}/acm/custom_trust_store/{custom_origin_trust_store_id},custom-origin-trust-store-delete
x22-2963,2,cloudflare,GET,/zones/{zone_id}/acm/total_tls,total-tls-total-tls-settings-details
x22-2964,4,cloudflare,POST,/zones/{zone_id}/acm/total_tls,total-tls-enable-or-disable-total-tls
x22-2965,5,cloudflare,PUT,/zones/{zone_id}/activation_check,put-zones-zone_id-activation_check
x22-2966,6,cloudflare,GET,/zones/{zone_id}/addressing/regional_hostnames,dls-zone-regional-hostnames-list
x22-2967,2,cloudflare,POST,/zones/{zone_id}/addressing/regional_hostnames,dls-zone-regional-hostnames-create
x22-2968,4,cloudflare,GET,/zones/{zone_id}/addressing/regional_hostnames/{hostname},dls-zone-regional-hostnames-fetch
x22-2969,7,cloudflare,DELETE,/zones/{zone_id}/addressing/regional_hostnames/{hostname},dls-zone-regional-hostnames-delete
x22-2970,3,cloudflare,PATCH,/zones/{zone_id}/addressing/regional_hostnames/{hostname},dls-zone-regional-hostnames-patch
x22-2971,3,cloudflare,GET,/zones/{zone_id}/ai-audit/robots,ai-audit-get-robots
x22-2972,1,cloudflare,POST,/zones/{zone_id}/ai-audit/robots/bulk,ai-audit-bulk-get-robots
x22-2973,10,cloudflare,GET,/zones/{zone_id}/ai-security/custom-topics,ai-security-custom-topics-get
x22-2974,4,cloudflare,PUT,/zones/{zone_id}/ai-security/custom-topics,ai-security-custom-topics-put
x22-2975,1,cloudflare,GET,/zones/{zone_id}/ai-security/settings,ai-security-settings-get
x22-2976,3,cloudflare,PUT,/zones/{zone_id}/ai-security/settings,ai-security-settings-put
x22-2977,7,cloudflare,GET,/zones/{zone_id}/analytics/latency,argo-analytics-for-zone-argo-analytics-for-a-zone
x22-2978,7,cloudflare,GET,/zones/{zone_id}/analytics/latency/colos,argo-analytics-for-geolocation-argo-analytics-for-a-zone-at-different-po-ps
x22-2979,2,cloudflare,GET,/zones/{zone_id}/api_gateway/configuration,api-shield-settings-retrieve-information-about-specific-configuration-properties
x22-2980,5,cloudflare,PUT,/zones/{zone_id}/api_gateway/configuration,api-shield-settings-set-configuration-properties
x22-2981,7,cloudflare,GET,/zones/{zone_id}/api_gateway/discovery,api-shield-api-discovery-retrieve-discovered-operations-on-a-zone-as-openapi
x22-2982,6,cloudflare,GET,/zones/{zone_id}/api_gateway/discovery/operations,api-shield-api-discovery-retrieve-discovered-operations-on-a-zone
x22-2983,4,cloudflare,PATCH,/zones/{zone_id}/api_gateway/discovery/operations,api-shield-api-patch-discovered-operations
x22-2984,2,cloudflare,GET,/zones/{zone_id}/api_gateway/discovery/operations/{discovery_id},api-shield-api-discovery-retrieve-discovered-operation-by-id
x22-2985,10,cloudflare,PATCH,/zones/{zone_id}/api_gateway/discovery/operations/{discovery_id},api-shield-api-patch-discovered-operation
x22-2986,7,cloudflare,POST,/zones/{zone_id}/api_gateway/expression-template/fallthrough,api-shield-expression-templates-fallthrough
x22-2987,2,cloudflare,GET,/zones/{zone_id}/api_gateway/labels,api-shield-labels-get-labels
x22-2988,8,cloudflare,GET,/zones/{zone_id}/api_gateway/labels/managed/{name},api-shield-labels-get-managed-label
x22-2989,7,cloudflare,PUT,/zones/{zone_id}/api_gateway/labels/managed/{name}/resources/operation,api-shield-labels-replace-operations-attached-to-managed-label
x22-2990,3,cloudflare,POST,/zones/{zone_id}/api_gateway/labels/user,api-shield-labels-create-user-labels
x22-2991,9,cloudflare,DELETE,/zones/{zone_id}/api_gateway/labels/user,api-shield-labels-delete-user-labels
x22-2992,3,cloudflare,GET,/zones/{zone_id}/api_gateway/labels/user/{name},api-shield-labels-get-user-label
x22-2993,7,cloudflare,PUT,/zones/{zone_id}/api_gateway/labels/user/{name},api-shield-put-user-label
x22-2994,6,cloudflare,DELETE,/zones/{zone_id}/api_gateway/labels/user/{name},api-shield-delete-user-label
x22-2995,8,cloudflare,PATCH,/zones/{zone_id}/api_gateway/labels/user/{name},api-shield-patch-user-label
x22-2996,3,cloudflare,PUT,/zones/{zone_id}/api_gateway/labels/user/{name}/resources/operation,api-shield-labels-replace-operations-attached-to-user-label
x22-2997,7,cloudflare,GET,/zones/{zone_id}/api_gateway/operations,api-shield-endpoint-management-retrieve-information-about-all-operations-on-a-zone
x22-2998,3,cloudflare,POST,/zones/{zone_id}/api_gateway/operations,api-shield-endpoint-management-add-operations-to-a-zone
x22-2999,10,cloudflare,DELETE,/zones/{zone_id}/api_gateway/operations,api-shield-endpoint-management-delete-multiple-operations
x22-3000,10,cloudflare,POST,/zones/{zone_id}/api_gateway/operations/item,api-shield-endpoint-management-add-operation-to-a-zone
x22-3001,8,cloudflare,POST,/zones/{zone_id}/api_gateway/operations/labels,api-shield-operations-bulk-post-labels-to-operations
x22-3002,7,cloudflare,PUT,/zones/{zone_id}/api_gateway/operations/labels,api-shield-operations-bulk-put-labels-to-operations
x22-3003,2,cloudflare,DELETE,/zones/{zone_id}/api_gateway/operations/labels,api-shield-operations-bulk-delete-labels-to-operations
x22-3004,1,cloudflare,PATCH,/zones/{zone_id}/api_gateway/operations/schema_validation,api-shield-schema-validation-update-multiple-operation-level-settings
x22-3005,6,cloudflare,GET,/zones/{zone_id}/api_gateway/operations/{operation_id},api-shield-endpoint-management-retrieve-information-about-an-operation
x22-3006,10,cloudflare,DELETE,/zones/{zone_id}/api_gateway/operations/{operation_id},api-shield-endpoint-management-delete-an-operation
x22-3007,2,cloudflare,POST,/zones/{zone_id}/api_gateway/operations/{operation_id}/labels,api-shield-operations-post-labels-to-operation
x22-3008,9,cloudflare,PUT,/zones/{zone_id}/api_gateway/operations/{operation_id}/labels,api-shield-operations-put-labels-to-operation
x22-3009,2,cloudflare,DELETE,/zones/{zone_id}/api_gateway/operations/{operation_id}/labels,api-shield-operations-delete-labels-from-operation
x22-3010,10,cloudflare,GET,/zones/{zone_id}/api_gateway/operations/{operation_id}/schema_validation,api-shield-schema-validation-retrieve-operation-level-settings
x22-3011,1,cloudflare,PUT,/zones/{zone_id}/api_gateway/operations/{operation_id}/schema_validation,api-shield-schema-validation-update-operation-level-settings
x22-3012,3,cloudflare,GET,/zones/{zone_id}/api_gateway/schemas,api-shield-endpoint-management-retrieve-operations-and-features-as-open-api-schemas
x22-3013,10,cloudflare,GET,/zones/{zone_id}/api_gateway/settings/schema_validation,api-shield-schema-validation-retrieve-zone-level-settings
x22-3014,2,cloudflare,PUT,/zones/{zone_id}/api_gateway/settings/schema_validation,api-shield-schema-validation-update-zone-level-settings
x22-3015,8,cloudflare,PATCH,/zones/{zone_id}/api_gateway/settings/schema_validation,api-shield-schema-validation-patch-zone-level-settings
x22-3016,9,cloudflare,GET,/zones/{zone_id}/api_gateway/user_schemas,api-shield-schema-validation-retrieve-information-about-all-schemas
x22-3017,5,cloudflare,POST,/zones/{zone_id}/api_gateway/user_schemas,api-shield-schema-validation-post-schema
x22-3018,9,cloudflare,GET,/zones/{zone_id}/api_gateway/user_schemas/hosts,api-shield-schema-validation-retrieve-user-schema-hosts
x22-3019,7,cloudflare,GET,/zones/{zone_id}/api_gateway/user_schemas/{schema_id},api-shield-schema-validation-retrieve-information-about-specific-schema
x22-3020,10,cloudflare,DELETE,/zones/{zone_id}/api_gateway/user_schemas/{schema_id},api-shield-schema-delete-a-schema
x22-3021,10,cloudflare,PATCH,/zones/{zone_id}/api_gateway/user_schemas/{schema_id},api-shield-schema-validation-enable-validation-for-a-schema
x22-3022,10,cloudflare,GET,/zones/{zone_id}/api_gateway/user_schemas/{schema_id}/operations,api-shield-schema-validation-extract-operations-from-schema
x22-3023,7,cloudflare,GET,/zones/{zone_id}/argo/smart_routing,argo-smart-routing-get-argo-smart-routing-setting
x22-3024,10,cloudflare,PATCH,/zones/{zone_id}/argo/smart_routing,argo-smart-routing-patch-argo-smart-routing-setting
x22-3025,5,cloudflare,GET,/zones/{zone_id}/argo/tiered_caching,tiered-caching-get-tiered-caching-setting
x22-3026,7,cloudflare,PATCH,/zones/{zone_id}/argo/tiered_caching,tiered-caching-patch-tiered-caching-setting
x22-3027,1,cloudflare,GET,/zones/{zone_id}/available_plans,zone-rate-plan-list-available-plans
x22-3028,3,cloudflare,GET,/zones/{zone_id}/available_plans/{plan_identifier},zone-rate-plan-available-plan-details
x22-3029,3,cloudflare,GET,/zones/{zone_id}/available_rate_plans,zone-rate-plan-list-available-rate-plans
x22-3030,4,cloudflare,GET,/zones/{zone_id}/bot_management,bot-management-for-a-zone-get-config
x22-3031,2,cloudflare,PUT,/zones/{zone_id}/bot_management,bot-management-for-a-zone-update-config
x22-3032,9,cloudflare,GET,/zones/{zone_id}/bot_management/feedback,bot-management-zone-feedback-list
x22-3033,7,cloudflare,POST,/zones/{zone_id}/bot_management/feedback,bot-management-zone-feedback-create
x22-3034,5,cloudflare,GET,/zones/{zone_id}/cache/cache_reserve,zone-cache-settings-get-cache-reserve-setting
x22-3035,7,cloudflare,PATCH,/zones/{zone_id}/cache/cache_reserve,zone-cache-settings-change-cache-reserve-setting
x22-3036,8,cloudflare,GET,/zones/{zone_id}/cache/cache_reserve_clear,zone-cache-settings-get-cache-reserve-clear
x22-3037,1,cloudflare,POST,/zones/{zone_id}/cache/cache_reserve_clear,zone-cache-settings-start-cache-reserve-clear
x22-3038,4,cloudflare,GET,/zones/{zone_id}/cache/origin_cloud_regions,origin-cloud-regions-list
x22-3039,6,cloudflare,POST,/zones/{zone_id}/cache/origin_cloud_regions,origin-cloud-regions-create
x22-3040,4,cloudflare,PATCH,/zones/{zone_id}/cache/origin_cloud_regions,origin-cloud-regions-upsert
x22-3041,9,cloudflare,DELETE,/zones/{zone_id}/cache/origin_cloud_regions/batch,origin-cloud-regions-batch-delete
x22-3042,7,cloudflare,PATCH,/zones/{zone_id}/cache/origin_cloud_regions/batch,origin-cloud-regions-batch-upsert
x22-3043,4,cloudflare,GET,/zones/{zone_id}/cache/origin_cloud_regions/supported_regions,origin-cloud-regions-supported-regions
x22-3044,3,cloudflare,GET,/zones/{zone_id}/cache/origin_cloud_regions/{origin_ip},origin-cloud-regions-get
x22-3045,3,cloudflare,DELETE,/zones/{zone_id}/cache/origin_cloud_regions/{origin_ip},origin-cloud-regions-delete
x22-3046,4,cloudflare,GET,/zones/{zone_id}/cache/origin_post_quantum_encryption,zone-cache-settings-get-origin-post-quantum-encryption-setting
x22-3047,9,cloudflare,PUT,/zones/{zone_id}/cache/origin_post_quantum_encryption,zone-cache-settings-change-origin-post-quantum-encryption-setting
x22-3048,5,cloudflare,GET,/zones/{zone_id}/cache/regional_tiered_cache,zone-cache-settings-get-regional-tiered-cache-setting
x22-3049,7,cloudflare,PATCH,/zones/{zone_id}/cache/regional_tiered_cache,zone-cache-settings-change-regional-tiered-cache-setting
x22-3050,9,cloudflare,GET,/zones/{zone_id}/cache/tiered_cache_smart_topology_enable,smart-tiered-cache-get-smart-tiered-cache-setting
x22-3051,5,cloudflare,POST,/zones/{zone_id}/cache/tiered_cache_smart_topology_enable,smart-tiered-cache-create-smart-tiered-cache-setting
x22-3052,3,cloudflare,DELETE,/zones/{zone_id}/cache/tiered_cache_smart_topology_enable,smart-tiered-cache-delete-smart-tiered-cache-setting
x22-3053,9,cloudflare,PATCH,/zones/{zone_id}/cache/tiered_cache_smart_topology_enable,smart-tiered-cache-patch-smart-tiered-cache-setting
x22-3054,1,cloudflare,GET,/zones/{zone_id}/cache/variants,zone-cache-settings-get-variants-setting
x22-3055,9,cloudflare,DELETE,/zones/{zone_id}/cache/variants,zone-cache-settings-delete-variants-setting
x22-3056,2,cloudflare,PATCH,/zones/{zone_id}/cache/variants,zone-cache-settings-change-variants-setting
x22-3057,10,cloudflare,GET,/zones/{zone_id}/certificate_authorities/hostname_associations,client-certificate-for-a-zone-list-hostname-associations
x22-3058,6,cloudflare,PUT,/zones/{zone_id}/certificate_authorities/hostname_associations,client-certificate-for-a-zone-put-hostname-associations
x22-3059,10,cloudflare,GET,/zones/{zone_id}/client_certificates,client-certificate-for-a-zone-list-client-certificates
x22-3060,7,cloudflare,POST,/zones/{zone_id}/client_certificates,client-certificate-for-a-zone-create-client-certificate
x22-3061,3,cloudflare,GET,/zones/{zone_id}/client_certificates/{client_certificate_id},client-certificate-for-a-zone-client-certificate-details
x22-3062,6,cloudflare,DELETE,/zones/{zone_id}/client_certificates/{client_certificate_id},client-certificate-for-a-zone-delete-client-certificate
x22-3063,9,cloudflare,PATCH,/zones/{zone_id}/client_certificates/{client_certificate_id},client-certificate-for-a-zone-edit-client-certificate
x22-3064,10,cloudflare,GET,/zones/{zone_id}/cloud_connector/rules,zone-cloud-connector-rules
x22-3065,5,cloudflare,PUT,/zones/{zone_id}/cloud_connector/rules,zone-cloud-conenctor-rules-put
x22-3066,2,cloudflare,POST,/zones/{zone_id}/content-upload-scan/disable,waf-content-scanning-disable
x22-3067,2,cloudflare,POST,/zones/{zone_id}/content-upload-scan/enable,waf-content-scanning-enable
x22-3068,2,cloudflare,GET,/zones/{zone_id}/content-upload-scan/payloads,waf-content-scanning-list-custom-scan-expressions
x22-3069,4,cloudflare,POST,/zones/{zone_id}/content-upload-scan/payloads,waf-content-scanning-add-custom-scan-expressions
x22-3070,8,cloudflare,DELETE,/zones/{zone_id}/content-upload-scan/payloads/{expression_id},waf-content-scanning-delete-custom-scan-expressions
x22-3071,8,cloudflare,PATCH,/zones/{zone_id}/content-upload-scan/payloads/{expression_id},waf-content-scanning-update-custom-scan-expression
x22-3072,8,cloudflare,GET,/zones/{zone_id}/content-upload-scan/settings,waf-content-scanning-get-status
x22-3073,9,cloudflare,PUT,/zones/{zone_id}/content-upload-scan/settings,waf-content-scanning-update-settings
x22-3074,9,cloudflare,GET,/zones/{zone_id}/ct/alerting,ct-alerting-get-subscription
x22-3075,9,cloudflare,PATCH,/zones/{zone_id}/ct/alerting,ct-alerting-update-subscription
x22-3076,3,cloudflare,GET,/zones/{zone_id}/custom_certificates,custom-ssl-for-a-zone-list-ssl-configurations
x22-3077,3,cloudflare,POST,/zones/{zone_id}/custom_certificates,custom-ssl-for-a-zone-create-ssl-configuration
x22-3078,2,cloudflare,PUT,/zones/{zone_id}/custom_certificates/prioritize,custom-ssl-for-a-zone-re-prioritize-ssl-certificates
x22-3079,1,cloudflare,GET,/zones/{zone_id}/custom_certificates/{custom_certificate_id},custom-ssl-for-a-zone-ssl-configuration-details
x22-3080,2,cloudflare,DELETE,/zones/{zone_id}/custom_certificates/{custom_certificate_id},custom-ssl-for-a-zone-delete-ssl-configuration
x22-3081,5,cloudflare,PATCH,/zones/{zone_id}/custom_certificates/{custom_certificate_id},custom-ssl-for-a-zone-edit-ssl-configuration
x22-3082,5,cloudflare,GET,/zones/{zone_id}/custom_csrs,custom-csrs-for-a-zone-list-custom-csrs
x22-3083,7,cloudflare,POST,/zones/{zone_id}/custom_csrs,custom-csrs-for-a-zone-create-custom-csr
x22-3084,10,cloudflare,GET,/zones/{zone_id}/custom_csrs/{custom_csr_id},custom-csrs-for-a-zone-custom-csr-details
x22-3085,7,cloudflare,DELETE,/zones/{zone_id}/custom_csrs/{custom_csr_id},custom-csrs-for-a-zone-delete-custom-csr
x22-3086,4,cloudflare,GET,/zones/{zone_id}/custom_hostnames,custom-hostname-for-a-zone-list-custom-hostnames
x22-3087,6,cloudflare,POST,/zones/{zone_id}/custom_hostnames,custom-hostname-for-a-zone-create-custom-hostname
x22-3088,3,cloudflare,GET,/zones/{zone_id}/custom_hostnames/fallback_origin,custom-hostname-fallback-origin-for-a-zone-get-fallback-origin-for-custom-hostnames
x22-3089,9,cloudflare,PUT,/zones/{zone_id}/custom_hostnames/fallback_origin,custom-hostname-fallback-origin-for-a-zone-update-fallback-origin-for-custom-hostnames
x22-3090,10,cloudflare,DELETE,/zones/{zone_id}/custom_hostnames/fallback_origin,custom-hostname-fallback-origin-for-a-zone-delete-fallback-origin-for-custom-hostnames
x22-3091,10,cloudflare,GET,/zones/{zone_id}/custom_hostnames/quota,custom-hostname-for-a-zone-get-custom-hostname-quota
x22-3092,7,cloudflare,GET,/zones/{zone_id}/custom_hostnames/{custom_hostname_id},custom-hostname-for-a-zone-custom-hostname-details
x22-3093,5,cloudflare,DELETE,/zones/{zone_id}/custom_hostnames/{custom_hostname_id},custom-hostname-for-a-zone-delete-custom-hostname-(-and-any-issued-ssl-certificates)
x22-3094,9,cloudflare,PATCH,/zones/{zone_id}/custom_hostnames/{custom_hostname_id},custom-hostname-for-a-zone-edit-custom-hostname
x22-3095,10,cloudflare,PUT,/zones/{zone_id}/custom_hostnames/{custom_hostname_id}/certificate_pack/{certificate_pack_id}/certificates/{certificate_id},custom-hostname-for-a-zone-edit-custom-certificate-custom-hostname
x22-3096,6,cloudflare,DELETE,/zones/{zone_id}/custom_hostnames/{custom_hostname_id}/certificate_pack/{certificate_pack_id}/certificates/{certificate_id},custom-hostname-for-a-zone-delete_single_certificate_and_key_in_a_custom_hostname
x22-3097,7,cloudflare,GET,/zones/{zone_id}/custom_ns,account-level-custom-nameservers-usage-for-a-zone-get-account-custom-nameserver-related-zone-metadata
x22-3098,5,cloudflare,PUT,/zones/{zone_id}/custom_ns,account-level-custom-nameservers-usage-for-a-zone-set-account-custom-nameserver-related-zone-metadata
x22-3099,1,cloudflare,GET,/zones/{zone_id}/dcv_delegation/uuid,dcv-delegation-uuid-get
x22-3100,6,cloudflare,GET,/zones/{zone_id}/devices/policy/certificates,devices-get-policy-certificates
x22-3101,4,cloudflare,PATCH,/zones/{zone_id}/devices/policy/certificates,devices-update-policy-certificates
x22-3102,6,cloudflare,GET,/zones/{zone_id}/dns_analytics/report,dns-analytics-table
x22-3103,1,cloudflare,GET,/zones/{zone_id}/dns_analytics/report/bytime,dns-analytics-by-time
x22-3104,7,cloudflare,GET,/zones/{zone_id}/dns_records,dns-records-for-a-zone-list-dns-records
x22-3105,6,cloudflare,POST,/zones/{zone_id}/dns_records,dns-records-for-a-zone-create-dns-record
x22-3106,10,cloudflare,POST,/zones/{zone_id}/dns_records/batch,dns-records-for-a-zone-batch-dns-records
x22-3107,5,cloudflare,GET,/zones/{zone_id}/dns_records/export,dns-records-for-a-zone-export-dns-records
x22-3108,9,cloudflare,POST,/zones/{zone_id}/dns_records/import,dns-records-for-a-zone-import-dns-records
x22-3109,1,cloudflare,POST,/zones/{zone_id}/dns_records/scan,dns-records-for-a-zone-scan-dns-records
x22-3110,3,cloudflare,GET,/zones/{zone_id}/dns_records/scan/review,dns-records-for-a-zone-review-dns-scan
x22-3111,10,cloudflare,POST,/zones/{zone_id}/dns_records/scan/review,dns-records-for-a-zone-apply-dns-scan-results
x22-3112,9,cloudflare,POST,/zones/{zone_id}/dns_records/scan/trigger,dns-records-for-a-zone-trigger-dns-scan
x22-3113,4,cloudflare,GET,/zones/{zone_id}/dns_records/usage,dns-records-for-a-zone-get-usage
x22-3114,1,cloudflare,GET,/zones/{zone_id}/dns_records/{dns_record_id},dns-records-for-a-zone-dns-record-details
x22-3115,5,cloudflare,PUT,/zones/{zone_id}/dns_records/{dns_record_id},dns-records-for-a-zone-update-dns-record
x22-3116,6,cloudflare,DELETE,/zones/{zone_id}/dns_records/{dns_record_id},dns-records-for-a-zone-delete-dns-record
x22-3117,4,cloudflare,PATCH,/zones/{zone_id}/dns_records/{dns_record_id},dns-records-for-a-zone-patch-dns-record
x22-3118,2,cloudflare,GET,/zones/{zone_id}/dns_settings,dns-settings-for-a-zone-list-dns-settings
x22-3119,9,cloudflare,PATCH,/zones/{zone_id}/dns_settings,dns-settings-for-a-zone-update-dns-settings
x22-3120,3,cloudflare,GET,/zones/{zone_id}/dnssec,dnssec-dnssec-details
x22-3121,5,cloudflare,DELETE,/zones/{zone_id}/dnssec,dnssec-delete-dnssec-records
x22-3122,5,cloudflare,PATCH,/zones/{zone_id}/dnssec,dnssec-edit-dnssec-status
x22-3123,6,cloudflare,GET,/zones/{zone_id}/dnssec/zsk,dnssec-list-dnssec-zsks
x22-3124,10,cloudflare,GET,/zones/{zone_id}/email/auth/dmarc-reports,get_dmarc_reports_status
x22-3125,1,cloudflare,PATCH,/zones/{zone_id}/email/auth/dmarc-reports,configure_dmarc_reports
x22-3126,8,cloudflare,GET,/zones/{zone_id}/email/auth/spf/inspect,inspect_spf
x22-3127,7,cloudflare,GET,/zones/{zone_id}/email/routing,email-routing-settings-get-email-routing-settings
x22-3128,1,cloudflare,PUT,/zones/{zone_id}/email/routing,email-routing-settings-replace-email-routing-settings
x22-3129,5,cloudflare,PATCH,/zones/{zone_id}/email/routing,email-routing-settings-update-email-routing-settings
x22-3130,5,cloudflare,POST,/zones/{zone_id}/email/routing/disable,email-routing-settings-disable-email-routing
x22-3131,9,cloudflare,GET,/zones/{zone_id}/email/routing/dns,email-routing-settings-email-routing-dns-settings
x22-3132,9,cloudflare,POST,/zones/{zone_id}/email/routing/dns,email-routing-settings-enable-email-routing-dns
x22-3133,7,cloudflare,DELETE,/zones/{zone_id}/email/routing/dns,email-routing-settings-disable-email-routing-dns
x22-3134,2,cloudflare,PATCH,/zones/{zone_id}/email/routing/dns,email-routing-settings-unlock-email-routing-dns
x22-3135,10,cloudflare,POST,/zones/{zone_id}/email/routing/enable,email-routing-settings-enable-email-routing
x22-3136,9,cloudflare,GET,/zones/{zone_id}/email/routing/rules,email-routing-routing-rules-list-routing-rules
x22-3137,8,cloudflare,POST,/zones/{zone_id}/email/routing/rules,email-routing-routing-rules-create-routing-rule
x22-3138,8,cloudflare,GET,/zones/{zone_id}/email/routing/rules/catch_all,email-routing-routing-rules-get-catch-all-rule
x22-3139,7,cloudflare,PUT,/zones/{zone_id}/email/routing/rules/catch_all,email-routing-routing-rules-update-catch-all-rule
x22-3140,9,cloudflare,GET,/zones/{zone_id}/email/routing/rules/{rule_identifier},email-routing-routing-rules-get-routing-rule
x22-3141,7,cloudflare,PUT,/zones/{zone_id}/email/routing/rules/{rule_identifier},email-routing-routing-rules-update-routing-rule
x22-3142,4,cloudflare,DELETE,/zones/{zone_id}/email/routing/rules/{rule_identifier},email-routing-routing-rules-delete-routing-rule
x22-3143,2,cloudflare,GET,/zones/{zone_id}/email/routing/suppression,get_publicListSuppressionZoneRouting
x22-3144,5,cloudflare,POST,/zones/{zone_id}/email/routing/suppression,post_publicNewSuppressionZoneRouting
x22-3145,4,cloudflare,GET,/zones/{zone_id}/email/routing/suppression/{suppression_id},get_publicGetSuppressionZoneRouting
x22-3146,4,cloudflare,DELETE,/zones/{zone_id}/email/routing/suppression/{suppression_id},delete_publicDeleteSuppressionZoneRouting
x22-3147,7,cloudflare,POST,/zones/{zone_id}/email/routing/unlock,email-routing-settings-unlock-email-routing
x22-3148,7,cloudflare,GET,/zones/{zone_id}/email/sending/subdomains,email-sending-subdomains-list-sending-subdomains
x22-3149,5,cloudflare,POST,/zones/{zone_id}/email/sending/subdomains,email-sending-subdomains-create-sending-subdomain
x22-3150,10,cloudflare,POST,/zones/{zone_id}/email/sending/subdomains/preview,email-sending-subdomains-preview-sending-subdomain
x22-3151,2,cloudflare,GET,/zones/{zone_id}/email/sending/subdomains/{subdomain_id},email-sending-subdomains-get-sending-subdomain
x22-3152,3,cloudflare,DELETE,/zones/{zone_id}/email/sending/subdomains/{subdomain_id},email-sending-subdomains-delete-sending-subdomain
x22-3153,6,cloudflare,PATCH,/zones/{zone_id}/email/sending/subdomains/{subdomain_id},email-sending-subdomains-update-sending-subdomain
x22-3154,2,cloudflare,GET,/zones/{zone_id}/email/sending/subdomains/{subdomain_id}/dns,email-sending-subdomains-get-sending-subdomain-dns
x22-3155,7,cloudflare,POST,/zones/{zone_id}/email/sending/subdomains/{subdomain_id}/dns,email-sending-subdomains-fix-sending-subdomain-dns
x22-3156,1,cloudflare,GET,/zones/{zone_id}/email/sending/subdomains/{subdomain_id}/dns/status,email-sending-subdomains-get-sending-subdomain-dns-status
x22-3157,4,cloudflare,GET,/zones/{zone_id}/email/sending/subdomains/{subdomain_id}/reputation/complaints,email-sending-subdomains-get-sending-subdomain-reputation-complaints
x22-3158,7,cloudflare,GET,/zones/{zone_id}/email/sending/suppression,get_publicListSuppressionZoneSending
x22-3159,7,cloudflare,POST,/zones/{zone_id}/email/sending/suppression,post_publicNewSuppressionZoneSending
x22-3160,5,cloudflare,GET,/zones/{zone_id}/email/sending/suppression/{suppression_id},get_publicGetSuppressionZoneSending
x22-3161,2,cloudflare,DELETE,/zones/{zone_id}/email/sending/suppression/{suppression_id},delete_publicDeleteSuppressionZoneSending
x22-3162,7,cloudflare,GET,/zones/{zone_id}/entitlements,entitlements-get-zone-entitlements
x22-3163,4,cloudflare,GET,/zones/{zone_id}/environments,zonesEnvironmentsList
x22-3164,6,cloudflare,POST,/zones/{zone_id}/environments,zonesEnvironmentsCreate
x22-3165,5,cloudflare,PUT,/zones/{zone_id}/environments,zonesEnvironmentsUpdate
x22-3166,9,cloudflare,PATCH,/zones/{zone_id}/environments,zonesEnvironmentsEdit
x22-3167,6,cloudflare,DELETE,/zones/{zone_id}/environments/{environment_id},zonesEnvironmentsDelete
x22-3168,6,cloudflare,POST,/zones/{zone_id}/environments/{environment_id}/purge_cache,zone-environment-purge
x22-3169,3,cloudflare,POST,/zones/{zone_id}/environments/{environment_id}/rollback,zonesEnvironmentsRollback
x22-3170,8,cloudflare,GET,/zones/{zone_id}/filters,filters-list-filters
x22-3171,1,cloudflare,POST,/zones/{zone_id}/filters,filters-create-filters
x22-3172,4,cloudflare,PUT,/zones/{zone_id}/filters,filters-update-filters
x22-3173,5,cloudflare,DELETE,/zones/{zone_id}/filters,filters-delete-filters
x22-3174,1,cloudflare,GET,/zones/{zone_id}/filters/{filter_id},filters-get-a-filter
x22-3175,6,cloudflare,PUT,/zones/{zone_id}/filters/{filter_id},filters-update-a-filter
x22-3176,8,cloudflare,DELETE,/zones/{zone_id}/filters/{filter_id},filters-delete-a-filter
x22-3177,10,cloudflare,GET,/zones/{zone_id}/firewall/access_rules/rules,ip-access-rules-for-a-zone-list-ip-access-rules
x22-3178,1,cloudflare,POST,/zones/{zone_id}/firewall/access_rules/rules,ip-access-rules-for-a-zone-create-an-ip-access-rule
x22-3179,9,cloudflare,DELETE,/zones/{zone_id}/firewall/access_rules/rules/{rule_id},ip-access-rules-for-a-zone-delete-an-ip-access-rule
x22-3180,10,cloudflare,PATCH,/zones/{zone_id}/firewall/access_rules/rules/{rule_id},ip-access-rules-for-a-zone-update-an-ip-access-rule
x22-3181,10,cloudflare,GET,/zones/{zone_id}/firewall/lockdowns,zone-lockdown-list-zone-lockdown-rules
x22-3182,6,cloudflare,POST,/zones/{zone_id}/firewall/lockdowns,zone-lockdown-create-a-zone-lockdown-rule
x22-3183,1,cloudflare,GET,/zones/{zone_id}/firewall/lockdowns/{lock_downs_id},zone-lockdown-get-a-zone-lockdown-rule
x22-3184,9,cloudflare,PUT,/zones/{zone_id}/firewall/lockdowns/{lock_downs_id},zone-lockdown-update-a-zone-lockdown-rule
x22-3185,4,cloudflare,DELETE,/zones/{zone_id}/firewall/lockdowns/{lock_downs_id},zone-lockdown-delete-a-zone-lockdown-rule
x22-3186,9,cloudflare,GET,/zones/{zone_id}/firewall/rules,firewall-rules-list-firewall-rules
x22-3187,9,cloudflare,POST,/zones/{zone_id}/firewall/rules,firewall-rules-create-firewall-rules
x22-3188,5,cloudflare,PUT,/zones/{zone_id}/firewall/rules,firewall-rules-update-firewall-rules
x22-3189,7,cloudflare,DELETE,/zones/{zone_id}/firewall/rules,firewall-rules-delete-firewall-rules
x22-3190,3,cloudflare,PATCH,/zones/{zone_id}/firewall/rules,firewall-rules-update-priority-of-firewall-rules
x22-3191,1,cloudflare,GET,/zones/{zone_id}/firewall/rules/{rule_id},firewall-rules-get-a-firewall-rule
x22-3192,3,cloudflare,PUT,/zones/{zone_id}/firewall/rules/{rule_id},firewall-rules-update-a-firewall-rule
x22-3193,10,cloudflare,DELETE,/zones/{zone_id}/firewall/rules/{rule_id},firewall-rules-delete-a-firewall-rule
x22-3194,5,cloudflare,PATCH,/zones/{zone_id}/firewall/rules/{rule_id},firewall-rules-update-priority-of-a-firewall-rule
x22-3195,1,cloudflare,GET,/zones/{zone_id}/firewall/ua_rules,user-agent-blocking-rules-list-user-agent-blocking-rules
x22-3196,2,cloudflare,POST,/zones/{zone_id}/firewall/ua_rules,user-agent-blocking-rules-create-a-user-agent-blocking-rule
x22-3197,3,cloudflare,GET,/zones/{zone_id}/firewall/ua_rules/{ua_rule_id},user-agent-blocking-rules-get-a-user-agent-blocking-rule
x22-3198,10,cloudflare,PUT,/zones/{zone_id}/firewall/ua_rules/{ua_rule_id},user-agent-blocking-rules-update-a-user-agent-blocking-rule
x22-3199,10,cloudflare,DELETE,/zones/{zone_id}/firewall/ua_rules/{ua_rule_id},user-agent-blocking-rules-delete-a-user-agent-blocking-rule
x22-3200,3,cloudflare,GET,/zones/{zone_id}/firewall/waf/overrides,waf-overrides-list-waf-overrides
x22-3201,6,cloudflare,POST,/zones/{zone_id}/firewall/waf/overrides,waf-overrides-create-a-waf-override
x22-3202,5,cloudflare,GET,/zones/{zone_id}/firewall/waf/overrides/{overrides_id},waf-overrides-get-a-waf-override
x22-3203,8,cloudflare,PUT,/zones/{zone_id}/firewall/waf/overrides/{overrides_id},waf-overrides-update-waf-override
x22-3204,2,cloudflare,DELETE,/zones/{zone_id}/firewall/waf/overrides/{overrides_id},waf-overrides-delete-a-waf-override
x22-3205,5,cloudflare,GET,/zones/{zone_id}/firewall/waf/packages,waf-packages-list-waf-packages
x22-3206,5,cloudflare,GET,/zones/{zone_id}/firewall/waf/packages/{package_id},waf-packages-get-a-waf-package
x22-3207,3,cloudflare,PATCH,/zones/{zone_id}/firewall/waf/packages/{package_id},waf-packages-update-a-waf-package
x22-3208,1,cloudflare,GET,/zones/{zone_id}/firewall/waf/packages/{package_id}/groups,waf-rule-groups-list-waf-rule-groups
x22-3209,4,cloudflare,GET,/zones/{zone_id}/firewall/waf/packages/{package_id}/groups/{group_id},waf-rule-groups-get-a-waf-rule-group
x22-3210,1,cloudflare,PATCH,/zones/{zone_id}/firewall/waf/packages/{package_id}/groups/{group_id},waf-rule-groups-update-a-waf-rule-group
x22-3211,7,cloudflare,GET,/zones/{zone_id}/firewall/waf/packages/{package_id}/rules,waf-rules-list-waf-rules
x22-3212,10,cloudflare,GET,/zones/{zone_id}/firewall/waf/packages/{package_id}/rules/{rule_id},waf-rules-get-a-waf-rule
x22-3213,9,cloudflare,PATCH,/zones/{zone_id}/firewall/waf/packages/{package_id}/rules/{rule_id},waf-rules-update-a-waf-rule
x22-3214,5,cloudflare,GET,/zones/{zone_id}/fraud_detection/settings,fraud-detection-zone-get-settings
x22-3215,1,cloudflare,PUT,/zones/{zone_id}/fraud_detection/settings,fraud-detection-zone-update-settings
x22-3216,3,cloudflare,GET,/zones/{zone_id}/healthchecks,health-checks-list-health-checks
x22-3217,10,cloudflare,POST,/zones/{zone_id}/healthchecks,health-checks-create-health-check
x22-3218,8,cloudflare,POST,/zones/{zone_id}/healthchecks/preview,health-checks-create-preview-health-check
x22-3219,10,cloudflare,GET,/zones/{zone_id}/healthchecks/preview/{healthcheck_id},health-checks-health-check-preview-details
x22-3220,6,cloudflare,DELETE,/zones/{zone_id}/healthchecks/preview/{healthcheck_id},health-checks-delete-preview-health-check
x22-3221,5,cloudflare,GET,/zones/{zone_id}/healthchecks/{healthcheck_id},health-checks-health-check-details
x22-3222,2,cloudflare,PUT,/zones/{zone_id}/healthchecks/{healthcheck_id},health-checks-update-health-check
x22-3223,8,cloudflare,DELETE,/zones/{zone_id}/healthchecks/{healthcheck_id},health-checks-delete-health-check
x22-3224,2,cloudflare,PATCH,/zones/{zone_id}/healthchecks/{healthcheck_id},health-checks-patch-health-check
x22-3225,7,cloudflare,GET,/zones/{zone_id}/hold,zones-0-hold-get
x22-3226,8,cloudflare,POST,/zones/{zone_id}/hold,zones-0-hold-post
x22-3227,10,cloudflare,DELETE,/zones/{zone_id}/hold,zones-0-hold-delete
x22-3228,1,cloudflare,PATCH,/zones/{zone_id}/hold,zones-0-hold-patch
x22-3229,9,cloudflare,GET,/zones/{zone_id}/hold/{zone_name},zones-0-hold-zone-name-get
x22-3230,3,cloudflare,GET,/zones/{zone_id}/hostnames/settings/{setting_id},per-hostname-tls-settings-list
x22-3231,8,cloudflare,GET,/zones/{zone_id}/hostnames/settings/{setting_id}/{hostname},per-hostname-tls-settings-get
x22-3232,5,cloudflare,PUT,/zones/{zone_id}/hostnames/settings/{setting_id}/{hostname},per-hostname-tls-settings-put
x22-3233,2,cloudflare,DELETE,/zones/{zone_id}/hostnames/settings/{setting_id}/{hostname},per-hostname-tls-settings-delete
x22-3234,1,cloudflare,POST,/zones/{zone_id}/intel/sinkholes/{sinkhole_id}/ingresses,sinkhole-config-create-ingress
x22-3235,1,cloudflare,GET,/zones/{zone_id}/intel/sinkholes/{sinkhole_id}/ingresses/{ingress_id},sinkhole-config-get-ingress
x22-3236,6,cloudflare,PUT,/zones/{zone_id}/intel/sinkholes/{sinkhole_id}/ingresses/{ingress_id},sinkhole-config-update-ingress
x22-3237,8,cloudflare,DELETE,/zones/{zone_id}/intel/sinkholes/{sinkhole_id}/ingresses/{ingress_id},sinkhole-config-delete-ingress
x22-3238,8,cloudflare,GET,/zones/{zone_id}/keyless_certificates,keyless-ssl-for-a-zone-list-keyless-ssl-configurations
x22-3239,10,cloudflare,POST,/zones/{zone_id}/keyless_certificates,keyless-ssl-for-a-zone-create-keyless-ssl-configuration
x22-3240,8,cloudflare,GET,/zones/{zone_id}/keyless_certificates/{keyless_certificate_id},keyless-ssl-for-a-zone-get-keyless-ssl-configuration
x22-3241,7,cloudflare,DELETE,/zones/{zone_id}/keyless_certificates/{keyless_certificate_id},keyless-ssl-for-a-zone-delete-keyless-ssl-configuration
x22-3242,9,cloudflare,PATCH,/zones/{zone_id}/keyless_certificates/{keyless_certificate_id},keyless-ssl-for-a-zone-edit-keyless-ssl-configuration
x22-3243,5,cloudflare,GET,/zones/{zone_id}/leaked-credential-checks,waf-product-api-leaked-credentials-get-status
x22-3244,2,cloudflare,POST,/zones/{zone_id}/leaked-credential-checks,waf-product-api-leaked-credentials-set-status
x22-3245,10,cloudflare,GET,/zones/{zone_id}/leaked-credential-checks/detections,waf-product-api-leaked-credentials-list-detections
x22-3246,2,cloudflare,POST,/zones/{zone_id}/leaked-credential-checks/detections,waf-product-api-leaked-credentials-create-detection
x22-3247,8,cloudflare,GET,/zones/{zone_id}/leaked-credential-checks/detections/{detection_id},waf-product-api-leaked-credentials-get-detection
x22-3248,10,cloudflare,PUT,/zones/{zone_id}/leaked-credential-checks/detections/{detection_id},waf-product-api-leaked-credentials-update-detection
x22-3249,5,cloudflare,DELETE,/zones/{zone_id}/leaked-credential-checks/detections/{detection_id},waf-product-api-leaked-credentials-delete-detection
x22-3250,6,cloudflare,GET,/zones/{zone_id}/load_balancers,load-balancers-list-load-balancers
x22-3251,7,cloudflare,POST,/zones/{zone_id}/load_balancers,load-balancers-create-load-balancer
x22-3252,7,cloudflare,GET,/zones/{zone_id}/load_balancers/{load_balancer_id},load-balancers-load-balancer-details
x22-3253,7,cloudflare,PUT,/zones/{zone_id}/load_balancers/{load_balancer_id},load-balancers-update-load-balancer
x22-3254,7,cloudflare,DELETE,/zones/{zone_id}/load_balancers/{load_balancer_id},load-balancers-delete-load-balancer
x22-3255,2,cloudflare,PATCH,/zones/{zone_id}/load_balancers/{load_balancer_id},load-balancers-patch-load-balancer
x22-3256,3,cloudflare,GET,/zones/{zone_id}/logpush/datasets/{dataset_id}/fields,get-zones-zone_id-logpush-datasets-dataset_id-fields
x22-3257,2,cloudflare,GET,/zones/{zone_id}/logpush/datasets/{dataset_id}/jobs,get-zones-zone_id-logpush-datasets-dataset_id-jobs
x22-3258,9,cloudflare,GET,/zones/{zone_id}/logpush/edge/jobs,get-zones-zone_id-logpush-edge-jobs
x22-3259,7,cloudflare,POST,/zones/{zone_id}/logpush/edge/jobs,post-zones-zone_id-logpush-edge-jobs
x22-3260,6,cloudflare,GET,/zones/{zone_id}/logpush/jobs,get-zones-zone_id-logpush-jobs
x22-3261,7,cloudflare,POST,/zones/{zone_id}/logpush/jobs,post-zones-zone_id-logpush-jobs
x22-3262,5,cloudflare,GET,/zones/{zone_id}/logpush/jobs/{job_id},get-zones-zone_id-logpush-jobs-job_id
x22-3263,8,cloudflare,PUT,/zones/{zone_id}/logpush/jobs/{job_id},put-zones-zone_id-logpush-jobs-job_id
x22-3264,1,cloudflare,DELETE,/zones/{zone_id}/logpush/jobs/{job_id},delete-zones-zone_id-logpush-jobs-job_id
x22-3265,10,cloudflare,POST,/zones/{zone_id}/logpush/ownership,post-zones-zone_id-logpush-ownership
x22-3266,10,cloudflare,POST,/zones/{zone_id}/logpush/ownership/validate,post-zones-zone_id-logpush-ownership-validate
x22-3267,9,cloudflare,POST,/zones/{zone_id}/logpush/validate/destination,post-zones-zone_id-logpush-validate-destination
x22-3268,4,cloudflare,POST,/zones/{zone_id}/logpush/validate/destination/exists,post-zones-zone_id-logpush-validate-destination-exists
x22-3269,4,cloudflare,POST,/zones/{zone_id}/logpush/validate/origin,post-zones-zone_id-logpush-validate-origin
x22-3270,10,cloudflare,GET,/zones/{zone_id}/logs/control/retention/flag,get-zones-zone_id-logs-control-retention-flag
x22-3271,9,cloudflare,POST,/zones/{zone_id}/logs/control/retention/flag,post-zones-zone_id-logs-control-retention-flag
x22-3272,8,cloudflare,GET,/zones/{zone_id}/logs/explorer/datasets,zones-logs-explorer-datasets-list
x22-3273,3,cloudflare,POST,/zones/{zone_id}/logs/explorer/datasets,zones-logs-explorer-datasets-create
x22-3274,4,cloudflare,GET,/zones/{zone_id}/logs/explorer/datasets/available,zones-logs-explorer-datasets-available-list
x22-3275,5,cloudflare,GET,/zones/{zone_id}/logs/explorer/datasets/{dataset_id},zones-logs-explorer-datasets-get
x22-3276,1,cloudflare,PUT,/zones/{zone_id}/logs/explorer/datasets/{dataset_id},zones-logs-explorer-datasets-update
x22-3277,4,cloudflare,DELETE,/zones/{zone_id}/logs/explorer/datasets/{dataset_id},zones-logs-explorer-datasets-delete
x22-3278,10,cloudflare,GET,/zones/{zone_id}/logs/explorer/query/sql,zones-logs-explorer-query-get
x22-3279,9,cloudflare,POST,/zones/{zone_id}/logs/explorer/query/sql,zones-logs-explorer-query-post
x22-3280,5,cloudflare,GET,/zones/{zone_id}/logs/rayids/{ray_id},get-zones-zone_id-logs-rayids-ray_id
x22-3281,6,cloudflare,GET,/zones/{zone_id}/logs/received,get-zones-zone_id-logs-received
x22-3282,4,cloudflare,GET,/zones/{zone_id}/logs/received/fields,get-zones-zone_id-logs-received-fields
x22-3283,3,cloudflare,GET,/zones/{zone_id}/managed_headers,listManagedTransforms
x22-3284,5,cloudflare,DELETE,/zones/{zone_id}/managed_headers,deleteManagedTransforms
x22-3285,8,cloudflare,PATCH,/zones/{zone_id}/managed_headers,updateManagedTransforms
x22-3286,1,cloudflare,GET,/zones/{zone_id}/media/usage,usage-analytics-get-zone-media-usage
x22-3287,8,cloudflare,GET,/zones/{zone_id}/observability/tracing/rules,zone.observability.tracing.rules.get
x22-3288,2,cloudflare,PUT,/zones/{zone_id}/observability/tracing/rules,zone.observability.tracing.rules.update
x22-3289,2,cloudflare,DELETE,/zones/{zone_id}/observability/tracing/rules,zone.observability.tracing.rules.delete
x22-3290,10,cloudflare,GET,/zones/{zone_id}/observability/tracing/settings,zone.observability.tracing.settings.get
x22-3291,7,cloudflare,DELETE,/zones/{zone_id}/observability/tracing/settings,zone.observability.tracing.settings.delete
x22-3292,7,cloudflare,PATCH,/zones/{zone_id}/observability/tracing/settings,zone.observability.tracing.settings.update
x22-3293,10,cloudflare,GET,/zones/{zone_id}/origin/cloud_regions,origin-cloud-regions-v2-list
x22-3294,3,cloudflare,PUT,/zones/{zone_id}/origin/cloud_regions/batch,origin-cloud-regions-v2-batch-upsert
x22-3295,4,cloudflare,DELETE,/zones/{zone_id}/origin/cloud_regions/batch,origin-cloud-regions-v2-batch-delete
x22-3296,10,cloudflare,GET,/zones/{zone_id}/origin/cloud_regions/supported_regions,origin-cloud-regions-v2-supported-regions
x22-3297,8,cloudflare,GET,/zones/{zone_id}/origin/cloud_regions/{origin_ip},origin-cloud-regions-v2-get
x22-3298,10,cloudflare,PUT,/zones/{zone_id}/origin/cloud_regions/{origin_ip},origin-cloud-regions-v2-upsert
x22-3299,2,cloudflare,DELETE,/zones/{zone_id}/origin/cloud_regions/{origin_ip},origin-cloud-regions-v2-delete
x22-3300,2,cloudflare,GET,/zones/{zone_id}/origin_tls_client_auth,zone-level-authenticated-origin-pulls-list-certificates
x22-3301,9,cloudflare,POST,/zones/{zone_id}/origin_tls_client_auth,zone-level-authenticated-origin-pulls-upload-certificate
x22-3302,3,cloudflare,GET,/zones/{zone_id}/origin_tls_client_auth/hostnames,per-hostname-authenticated-origin-pull-list-hostname-associations
x22-3303,4,cloudflare,PUT,/zones/{zone_id}/origin_tls_client_auth/hostnames,per-hostname-authenticated-origin-pull-enable-or-disable-a-hostname-for-client-authentication
x22-3304,1,cloudflare,GET,/zones/{zone_id}/origin_tls_client_auth/hostnames/certificates,per-hostname-authenticated-origin-pull-list-certificates
x22-3305,1,cloudflare,POST,/zones/{zone_id}/origin_tls_client_auth/hostnames/certificates,per-hostname-authenticated-origin-pull-upload-a-hostname-client-certificate
x22-3306,4,cloudflare,GET,/zones/{zone_id}/origin_tls_client_auth/hostnames/certificates/{certificate_id},per-hostname-authenticated-origin-pull-get-the-hostname-client-certificate
x22-3307,1,cloudflare,DELETE,/zones/{zone_id}/origin_tls_client_auth/hostnames/certificates/{certificate_id},per-hostname-authenticated-origin-pull-delete-hostname-client-certificate
x22-3308,8,cloudflare,GET,/zones/{zone_id}/origin_tls_client_auth/hostnames/{hostname},per-hostname-authenticated-origin-pull-get-the-hostname-status-for-client-authentication
x22-3309,7,cloudflare,GET,/zones/{zone_id}/origin_tls_client_auth/settings,zone-level-authenticated-origin-pulls-get-enablement-setting-for-zone
x22-3310,4,cloudflare,PUT,/zones/{zone_id}/origin_tls_client_auth/settings,zone-level-authenticated-origin-pulls-set-enablement-for-zone
x22-3311,1,cloudflare,GET,/zones/{zone_id}/origin_tls_client_auth/{certificate_id},zone-level-authenticated-origin-pulls-get-certificate-details
x22-3312,7,cloudflare,DELETE,/zones/{zone_id}/origin_tls_client_auth/{certificate_id},zone-level-authenticated-origin-pulls-delete-certificate
x22-3313,3,cloudflare,GET,/zones/{zone_id}/page_shield,page-shield-get-settings
x22-3314,1,cloudflare,PUT,/zones/{zone_id}/page_shield,page-shield-update-settings
x22-3315,1,cloudflare,GET,/zones/{zone_id}/page_shield/connections,page-shield-list-connections
x22-3316,9,cloudflare,GET,/zones/{zone_id}/page_shield/connections/{connection_id},page-shield-get-connection
x22-3317,7,cloudflare,GET,/zones/{zone_id}/page_shield/cookies,page-shield-list-cookies
x22-3318,7,cloudflare,GET,/zones/{zone_id}/page_shield/cookies/{cookie_id},page-shield-get-cookie
x22-3319,7,cloudflare,GET,/zones/{zone_id}/page_shield/policies,page-shield-list-policies
x22-3320,9,cloudflare,POST,/zones/{zone_id}/page_shield/policies,page-shield-create-policy
x22-3321,6,cloudflare,GET,/zones/{zone_id}/page_shield/policies/{policy_id},page-shield-get-policy
x22-3322,1,cloudflare,PUT,/zones/{zone_id}/page_shield/policies/{policy_id},page-shield-update-policy
x22-3323,7,cloudflare,DELETE,/zones/{zone_id}/page_shield/policies/{policy_id},page-shield-delete-policy
x22-3324,7,cloudflare,GET,/zones/{zone_id}/page_shield/scripts,page-shield-list-scripts
x22-3325,10,cloudflare,GET,/zones/{zone_id}/page_shield/scripts/{script_id},page-shield-get-script
x22-3326,9,cloudflare,GET,/zones/{zone_id}/pagerules,page-rules-list-page-rules
x22-3327,1,cloudflare,POST,/zones/{zone_id}/pagerules,page-rules-create-a-page-rule
x22-3328,6,cloudflare,GET,/zones/{zone_id}/pagerules/settings,available-page-rules-settings-list-available-page-rules-settings
x22-3329,1,cloudflare,GET,/zones/{zone_id}/pagerules/{pagerule_id},page-rules-get-a-page-rule
x22-3330,9,cloudflare,PUT,/zones/{zone_id}/pagerules/{pagerule_id},page-rules-update-a-page-rule
x22-3331,2,cloudflare,DELETE,/zones/{zone_id}/pagerules/{pagerule_id},page-rules-delete-a-page-rule
x22-3332,10,cloudflare,PATCH,/zones/{zone_id}/pagerules/{pagerule_id},page-rules-edit-a-page-rule
x22-3333,5,cloudflare,GET,/zones/{zone_id}/pay-per-crawl/can_be_enabled,pay-per-crawl.getZoneCanBeEnabled
x22-3334,8,cloudflare,GET,/zones/{zone_id}/pay-per-crawl/configuration,pay-per-crawl.getConfig
x22-3335,2,cloudflare,POST,/zones/{zone_id}/pay-per-crawl/configuration,pay-per-crawl.createConfig
x22-3336,9,cloudflare,PATCH,/zones/{zone_id}/pay-per-crawl/configuration,pay-per-crawl.patchConfig
x22-3337,9,cloudflare,GET,/zones/{zone_id}/precursor,precursor-for-a-zone-get-config
x22-3338,3,cloudflare,PUT,/zones/{zone_id}/precursor,precursor-for-a-zone-update-config
x22-3339,9,cloudflare,POST,/zones/{zone_id}/purge_cache,zone-purge
x22-3340,9,cloudflare,GET,/zones/{zone_id}/rate_limit_analytics,rate-limit-analytics-get-zone-analytics
x22-3341,3,cloudflare,GET,/zones/{zone_id}/rate_limits,rate-limits-for-a-zone-list-rate-limits
x22-3342,9,cloudflare,POST,/zones/{zone_id}/rate_limits,rate-limits-for-a-zone-create-a-rate-limit
x22-3343,4,cloudflare,GET,/zones/{zone_id}/rate_limits/{rate_limit_id},rate-limits-for-a-zone-get-a-rate-limit
x22-3344,10,cloudflare,PUT,/zones/{zone_id}/rate_limits/{rate_limit_id},rate-limits-for-a-zone-update-a-rate-limit
x22-3345,1,cloudflare,DELETE,/zones/{zone_id}/rate_limits/{rate_limit_id},rate-limits-for-a-zone-delete-a-rate-limit
x22-3346,5,cloudflare,GET,/zones/{zone_id}/rulesets,listZoneRulesets
x22-3347,9,cloudflare,POST,/zones/{zone_id}/rulesets,createZoneRuleset
x22-3348,10,cloudflare,GET,/zones/{zone_id}/rulesets/phases/{ruleset_phase}/entrypoint,getZoneEntrypointRuleset
x22-3349,8,cloudflare,PUT,/zones/{zone_id}/rulesets/phases/{ruleset_phase}/entrypoint,updateZoneEntrypointRuleset
x22-3350,1,cloudflare,GET,/zones/{zone_id}/rulesets/phases/{ruleset_phase}/entrypoint/versions,listZoneEntrypointRulesetVersions
x22-3351,9,cloudflare,GET,/zones/{zone_id}/rulesets/phases/{ruleset_phase}/entrypoint/versions/{ruleset_version},getZoneEntrypointRulesetVersion
x22-3352,9,cloudflare,GET,/zones/{zone_id}/rulesets/{ruleset_id},getZoneRuleset
x22-3353,4,cloudflare,PUT,/zones/{zone_id}/rulesets/{ruleset_id},updateZoneRuleset
x22-3354,6,cloudflare,DELETE,/zones/{zone_id}/rulesets/{ruleset_id},deleteZoneRuleset
x22-3355,4,cloudflare,POST,/zones/{zone_id}/rulesets/{ruleset_id}/rules,createZoneRulesetRule
x22-3356,3,cloudflare,DELETE,/zones/{zone_id}/rulesets/{ruleset_id}/rules/{rule_id},deleteZoneRulesetRule
x22-3357,6,cloudflare,PATCH,/zones/{zone_id}/rulesets/{ruleset_id}/rules/{rule_id},updateZoneRulesetRule
x22-3358,3,cloudflare,GET,/zones/{zone_id}/rulesets/{ruleset_id}/versions,listZoneRulesetVersions
x22-3359,9,cloudflare,GET,/zones/{zone_id}/rulesets/{ruleset_id}/versions/{ruleset_version},getZoneRulesetVersion
x22-3360,4,cloudflare,DELETE,/zones/{zone_id}/rulesets/{ruleset_id}/versions/{ruleset_version},deleteZoneRulesetVersion
x22-3361,10,cloudflare,GET,/zones/{zone_id}/rulesets/{ruleset_id}/versions/{ruleset_version}/by_tag/{rule_tag},listZoneRulesetVersionRulesByTag
x22-3362,6,cloudflare,GET,/zones/{zone_id}/schema_validation/schemas,schema-validation-list-schemas-paginated
x22-3363,2,cloudflare,POST,/zones/{zone_id}/schema_validation/schemas,schema-validation-create-schema
x22-3364,8,cloudflare,GET,/zones/{zone_id}/schema_validation/schemas/hosts,schema-validation-list-schema-hosts
x22-3365,4,cloudflare,GET,/zones/{zone_id}/schema_validation/schemas/{schema_id},schema-validation-get-schema
x22-3366,2,cloudflare,DELETE,/zones/{zone_id}/schema_validation/schemas/{schema_id},schema-validation-delete-schema
x22-3367,9,cloudflare,PATCH,/zones/{zone_id}/schema_validation/schemas/{schema_id},schema-validation-edit-schema
x22-3368,4,cloudflare,GET,/zones/{zone_id}/schema_validation/schemas/{schema_id}/operations,schema-validation-extract-operations-from-schema
x22-3369,2,cloudflare,GET,/zones/{zone_id}/schema_validation/settings,schema-validation-get-settings
x22-3370,6,cloudflare,PUT,/zones/{zone_id}/schema_validation/settings,schema-validation-update-settings
x22-3371,8,cloudflare,PATCH,/zones/{zone_id}/schema_validation/settings,schema-validation-edit-settings
x22-3372,5,cloudflare,GET,/zones/{zone_id}/schema_validation/settings/operations,schema-validation-list-per-operation-settings
x22-3373,10,cloudflare,PATCH,/zones/{zone_id}/schema_validation/settings/operations,schema-validation-bulk-edit-per-operation-settings
x22-3374,2,cloudflare,GET,/zones/{zone_id}/schema_validation/settings/operations/{operation_id},schema-validation-get-per-operation-setting
x22-3375,2,cloudflare,PUT,/zones/{zone_id}/schema_validation/settings/operations/{operation_id},schema-validation-update-per-operation-setting
x22-3376,5,cloudflare,DELETE,/zones/{zone_id}/schema_validation/settings/operations/{operation_id},schema-validation-delete-per-operation-setting
x22-3377,2,cloudflare,POST,/zones/{zone_id}/secondary_dns/force_axfr,secondary-dns-(-secondary-zone)-force-axfr
x22-3378,9,cloudflare,GET,/zones/{zone_id}/secondary_dns/incoming,secondary-dns-(-secondary-zone)-secondary-zone-configuration-details
x22-3379,10,cloudflare,POST,/zones/{zone_id}/secondary_dns/incoming,secondary-dns-(-secondary-zone)-create-secondary-zone-configuration
x22-3380,10,cloudflare,PUT,/zones/{zone_id}/secondary_dns/incoming,secondary-dns-(-secondary-zone)-update-secondary-zone-configuration
x22-3381,1,cloudflare,DELETE,/zones/{zone_id}/secondary_dns/incoming,secondary-dns-(-secondary-zone)-delete-secondary-zone-configuration
x22-3382,1,cloudflare,GET,/zones/{zone_id}/secondary_dns/outgoing,secondary-dns-(-primary-zone)-primary-zone-configuration-details
x22-3383,3,cloudflare,POST,/zones/{zone_id}/secondary_dns/outgoing,secondary-dns-(-primary-zone)-create-primary-zone-configuration
x22-3384,6,cloudflare,PUT,/zones/{zone_id}/secondary_dns/outgoing,secondary-dns-(-primary-zone)-update-primary-zone-configuration
x22-3385,8,cloudflare,DELETE,/zones/{zone_id}/secondary_dns/outgoing,secondary-dns-(-primary-zone)-delete-primary-zone-configuration
x22-3386,10,cloudflare,POST,/zones/{zone_id}/secondary_dns/outgoing/disable,secondary-dns-(-primary-zone)-disable-outgoing-zone-transfers
x22-3387,2,cloudflare,POST,/zones/{zone_id}/secondary_dns/outgoing/enable,secondary-dns-(-primary-zone)-enable-outgoing-zone-transfers
x22-3388,7,cloudflare,POST,/zones/{zone_id}/secondary_dns/outgoing/force_notify,secondary-dns-(-primary-zone)-force-dns-notify
x22-3389,8,cloudflare,GET,/zones/{zone_id}/secondary_dns/outgoing/status,secondary-dns-(-primary-zone)-get-outgoing-zone-transfer-status
x22-3390,10,cloudflare,GET,/zones/{zone_id}/security-center/insights,get-zone-security-center-insights
x22-3391,10,cloudflare,GET,/zones/{zone_id}/security-center/insights/audit-log,get-zone-security-center-audit-log
x22-3392,6,cloudflare,GET,/zones/{zone_id}/security-center/insights/class,get-zone-security-center-insight-counts-by-class
x22-3393,2,cloudflare,GET,/zones/{zone_id}/security-center/insights/partner-count,get-zone-security-center-partner-insight-count
x22-3394,1,cloudflare,GET,/zones/{zone_id}/security-center/insights/scans,get-security-center-zone-scans
x22-3395,8,cloudflare,POST,/zones/{zone_id}/security-center/insights/scans,start-security-center-zone-scan
x22-3396,1,cloudflare,GET,/zones/{zone_id}/security-center/insights/severity,get-zone-security-center-insight-counts-by-severity
x22-3397,1,cloudflare,GET,/zones/{zone_id}/security-center/insights/type,get-zone-security-center-insight-counts-by-type
x22-3398,6,cloudflare,GET,/zones/{zone_id}/security-center/insights/{issue_id}/audit-log,get-zone-security-center-issue-audit-log
x22-3399,2,cloudflare,PATCH,/zones/{zone_id}/security-center/insights/{issue_id}/classification,update-zone-security-center-insight-classification
x22-3400,10,cloudflare,PUT,/zones/{zone_id}/security-center/insights/{issue_id}/dismiss,archive-zone-security-center-insight
x22-3401,9,cloudflare,GET,/zones/{zone_id}/security-center/securitytxt,get-security-txt
x22-3402,6,cloudflare,PUT,/zones/{zone_id}/security-center/securitytxt,update-security-txt
x22-3403,5,cloudflare,DELETE,/zones/{zone_id}/security-center/securitytxt,delete-security-txt
x22-3404,3,cloudflare,GET,/zones/{zone_id}/settings,zone-settings-get-all-zone-settings
x22-3405,5,cloudflare,PATCH,/zones/{zone_id}/settings,zone-settings-edit-zone-settings-info
x22-3406,6,cloudflare,GET,/zones/{zone_id}/settings/aegis,zone-cache-settings-get-aegis-setting
x22-3407,6,cloudflare,PATCH,/zones/{zone_id}/settings/aegis,zone-cache-settings-change-aegis-setting
x22-3408,9,cloudflare,GET,/zones/{zone_id}/settings/auto_origin_tls_kex,ssl-detector-auto-origin-tls-kex-get-enrollment
x22-3409,5,cloudflare,PATCH,/zones/{zone_id}/settings/auto_origin_tls_kex,ssl-detector-auto-origin-tls-kex-patch-enrollment
x22-3410,1,cloudflare,GET,/zones/{zone_id}/settings/automatic_platform_optimization,zone-settings-get-automatic-platform-optimization-setting
x22-3411,7,cloudflare,PATCH,/zones/{zone_id}/settings/automatic_platform_optimization,zone-settings-change-automatic-platform-optimization-setting
x22-3412,7,cloudflare,GET,/zones/{zone_id}/settings/binary_ast,zone-settings-get-binary-ast-setting
x22-3413,1,cloudflare,PATCH,/zones/{zone_id}/settings/binary_ast,zone-settings-change-binary-ast-setting
x22-3414,1,cloudflare,GET,/zones/{zone_id}/settings/csam_scanner_third_party,csam-scanner-get-setting
x22-3415,6,cloudflare,PATCH,/zones/{zone_id}/settings/csam_scanner_third_party,csam-scanner-update-setting
x22-3416,2,cloudflare,GET,/zones/{zone_id}/settings/fonts,zone-settings-get-fonts-setting
x22-3417,1,cloudflare,PATCH,/zones/{zone_id}/settings/fonts,zone-settings-change-fonts-setting
x22-3418,10,cloudflare,GET,/zones/{zone_id}/settings/google-tag-gateway/config,zone-settings-get-google-tag-gateway-config
x22-3419,1,cloudflare,PUT,/zones/{zone_id}/settings/google-tag-gateway/config,zone-settings-change-google-tag-gateway-config
x22-3420,3,cloudflare,GET,/zones/{zone_id}/settings/h2_prioritization,zone-settings-get-h2-prioritization-setting
x22-3421,7,cloudflare,PATCH,/zones/{zone_id}/settings/h2_prioritization,zone-settings-change-h2-prioritization-setting
x22-3422,10,cloudflare,GET,/zones/{zone_id}/settings/image_resizing,zone-settings-get-image-resizing-setting
x22-3423,2,cloudflare,PATCH,/zones/{zone_id}/settings/image_resizing,zone-settings-change-image-resizing-setting
x22-3424,8,cloudflare,GET,/zones/{zone_id}/settings/nel,nel-settings-get
x22-3425,4,cloudflare,PATCH,/zones/{zone_id}/settings/nel,nel-settings-edit
x22-3426,5,cloudflare,GET,/zones/{zone_id}/settings/origin_h2_max_streams,zone-cache-settings-get-origin-h2-max-streams-setting
x22-3427,1,cloudflare,PATCH,/zones/{zone_id}/settings/origin_h2_max_streams,zone-cache-settings-change-origin-h2-max-streams-setting
x22-3428,3,cloudflare,GET,/zones/{zone_id}/settings/origin_max_http_version,zone-cache-settings-get-origin-max-http-version-setting
x22-3429,8,cloudflare,PATCH,/zones/{zone_id}/settings/origin_max_http_version,zone-cache-settings-change-origin-max-http-version-setting
x22-3430,6,cloudflare,GET,/zones/{zone_id}/settings/origin_tls_compliance_modes,zone-cache-settings-get-origin-tls-compliance-modes-setting
x22-3431,7,cloudflare,PUT,/zones/{zone_id}/settings/origin_tls_compliance_modes,zone-cache-settings-replace-origin-tls-compliance-modes-setting
x22-3432,6,cloudflare,DELETE,/zones/{zone_id}/settings/origin_tls_compliance_modes,zone-cache-settings-delete-origin-tls-compliance-modes-setting
x22-3433,5,cloudflare,PATCH,/zones/{zone_id}/settings/origin_tls_compliance_modes,zone-cache-settings-change-origin-tls-compliance-modes-setting
x22-3434,7,cloudflare,GET,/zones/{zone_id}/settings/rum,web-analytics-get-rum-status
x22-3435,4,cloudflare,PATCH,/zones/{zone_id}/settings/rum,web-analytics-toggle-rum
x22-3436,7,cloudflare,GET,/zones/{zone_id}/settings/speed_brain,zone-settings-get-speed-brain-setting
x22-3437,2,cloudflare,PATCH,/zones/{zone_id}/settings/speed_brain,zone-settings-change-speed-brain-setting
x22-3438,10,cloudflare,GET,/zones/{zone_id}/settings/ssl_automatic_mode,ssl-detector-automatic-mode-get-enrollment
x22-3439,3,cloudflare,PATCH,/zones/{zone_id}/settings/ssl_automatic_mode,ssl-detector-automatic-mode-patch-enrollment
x22-3440,5,cloudflare,GET,/zones/{zone_id}/settings/transformations_allowed_origins,zone-settings-get-transformations-allowed-origins-setting
x22-3441,9,cloudflare,PATCH,/zones/{zone_id}/settings/transformations_allowed_origins,zone-settings-change-transformations-allowed-origins-setting
x22-3442,5,cloudflare,GET,/zones/{zone_id}/settings/transformations_c2pa,zone-settings-get-transformations-c2pa-setting
x22-3443,4,cloudflare,PATCH,/zones/{zone_id}/settings/transformations_c2pa,zone-settings-change-transformations-c2pa-setting
x22-3444,6,cloudflare,GET,/zones/{zone_id}/settings/transformations_config,zone-settings-get-transformations-config
x22-3445,1,cloudflare,PATCH,/zones/{zone_id}/settings/transformations_config,zone-settings-change-transformations-config
x22-3446,5,cloudflare,GET,/zones/{zone_id}/settings/zaraz/config,get-zones-zone_identifier-zaraz-config
x22-3447,8,cloudflare,PUT,/zones/{zone_id}/settings/zaraz/config,put-zones-zone_identifier-zaraz-config
x22-3448,4,cloudflare,GET,/zones/{zone_id}/settings/zaraz/default,get-zones-zone_identifier-zaraz-default
x22-3449,2,cloudflare,GET,/zones/{zone_id}/settings/zaraz/export,get-zones-zone_identifier-zaraz-export
x22-3450,10,cloudflare,GET,/zones/{zone_id}/settings/zaraz/history,get-zones-zone_identifier-zaraz-history
x22-3451,10,cloudflare,PUT,/zones/{zone_id}/settings/zaraz/history,put-zones-zone_identifier-zaraz-history
x22-3452,1,cloudflare,GET,/zones/{zone_id}/settings/zaraz/history/configs,get-zones-zone_identifier-zaraz-config-history
x22-3453,1,cloudflare,POST,/zones/{zone_id}/settings/zaraz/publish,post-zones-zone_identifier-zaraz-publish
x22-3454,4,cloudflare,GET,/zones/{zone_id}/settings/zaraz/workflow,get-zones-zone_identifier-zaraz-workflow
x22-3455,10,cloudflare,PUT,/zones/{zone_id}/settings/zaraz/workflow,put-zones-zone_identifier-zaraz-workflow
x22-3456,4,cloudflare,GET,/zones/{zone_id}/settings/{setting_id},zone-settings-get-single-setting
x22-3457,7,cloudflare,PATCH,/zones/{zone_id}/settings/{setting_id},zone-settings-edit-single-setting
x22-3458,3,cloudflare,GET,/zones/{zone_id}/smart_shield,smart-shield-get-settings
x22-3459,5,cloudflare,PATCH,/zones/{zone_id}/smart_shield,smart-shield-patch-settings
x22-3460,5,cloudflare,GET,/zones/{zone_id}/smart_shield/cache_reserve_clear,smart-shield-settings-get-cache-reserve-clear
x22-3461,7,cloudflare,POST,/zones/{zone_id}/smart_shield/cache_reserve_clear,smart-shield-settings-start-cache-reserve-clear
x22-3462,5,cloudflare,GET,/zones/{zone_id}/smart_shield/healthchecks,smart-shield-list-health-checks
x22-3463,6,cloudflare,POST,/zones/{zone_id}/smart_shield/healthchecks,smart-shield-create-health-check
x22-3464,3,cloudflare,GET,/zones/{zone_id}/smart_shield/healthchecks/{healthcheck_id},smart-shield-health-check-details
x22-3465,9,cloudflare,PUT,/zones/{zone_id}/smart_shield/healthchecks/{healthcheck_id},smart-shield-update-health-check
x22-3466,6,cloudflare,DELETE,/zones/{zone_id}/smart_shield/healthchecks/{healthcheck_id},smart-shield-delete-health-check
x22-3467,6,cloudflare,PATCH,/zones/{zone_id}/smart_shield/healthchecks/{healthcheck_id},smart-shield-patch-health-check
x22-3468,4,cloudflare,GET,/zones/{zone_id}/snippets,listZoneSnippets
x22-3469,4,cloudflare,GET,/zones/{zone_id}/snippets/snippet_rules,listZoneSnippetRules
x22-3470,7,cloudflare,PUT,/zones/{zone_id}/snippets/snippet_rules,updateZoneSnippetRules
x22-3471,8,cloudflare,DELETE,/zones/{zone_id}/snippets/snippet_rules,deleteZoneSnippetRules
x22-3472,9,cloudflare,GET,/zones/{zone_id}/snippets/{snippet_name},getZoneSnippet
x22-3473,8,cloudflare,PUT,/zones/{zone_id}/snippets/{snippet_name},updateZoneSnippet
x22-3474,7,cloudflare,DELETE,/zones/{zone_id}/snippets/{snippet_name},deleteZoneSnippet
x22-3475,3,cloudflare,GET,/zones/{zone_id}/snippets/{snippet_name}/content,getZoneSnippetContent
x22-3476,6,cloudflare,GET,/zones/{zone_id}/spectrum/analytics/aggregate/current,spectrum-aggregate-analytics-get-current-aggregated-analytics
x22-3477,9,cloudflare,GET,/zones/{zone_id}/spectrum/analytics/events/bytime,spectrum-analytics-(-by-time)-get-analytics-by-time
x22-3478,1,cloudflare,GET,/zones/{zone_id}/spectrum/analytics/events/summary,spectrum-analytics-(-summary)-get-analytics-summary
x22-3479,10,cloudflare,GET,/zones/{zone_id}/spectrum/apps,spectrum-applications-list-spectrum-applications
x22-3480,9,cloudflare,POST,/zones/{zone_id}/spectrum/apps,spectrum-applications-create-spectrum-application-using-a-name-for-the-origin
x22-3481,1,cloudflare,GET,/zones/{zone_id}/spectrum/apps/{app_id},spectrum-applications-get-spectrum-application-configuration
x22-3482,2,cloudflare,PUT,/zones/{zone_id}/spectrum/apps/{app_id},spectrum-applications-update-spectrum-application-configuration-using-a-name-for-the-origin
x22-3483,5,cloudflare,DELETE,/zones/{zone_id}/spectrum/apps/{app_id},spectrum-applications-delete-spectrum-application
x22-3484,6,cloudflare,GET,/zones/{zone_id}/spectrum/protocols,spectrum-applications-list-spectrum-application-protocols
x22-3485,8,cloudflare,GET,/zones/{zone_id}/speed_api/availabilities,speed-get-availabilities
x22-3486,2,cloudflare,GET,/zones/{zone_id}/speed_api/pages,speed-list-pages
x22-3487,4,cloudflare,GET,/zones/{zone_id}/speed_api/pages/{url}/tests,speed-list-test-history
x22-3488,3,cloudflare,POST,/zones/{zone_id}/speed_api/pages/{url}/tests,speed-create-test
x22-3489,6,cloudflare,DELETE,/zones/{zone_id}/speed_api/pages/{url}/tests,speed-delete-tests
x22-3490,1,cloudflare,GET,/zones/{zone_id}/speed_api/pages/{url}/tests/{test_id},speed-get-test
x22-3491,7,cloudflare,GET,/zones/{zone_id}/speed_api/pages/{url}/trend,speed-list-page-trend
x22-3492,2,cloudflare,GET,/zones/{zone_id}/speed_api/schedule/{url},speed-get-scheduled-test
x22-3493,4,cloudflare,POST,/zones/{zone_id}/speed_api/schedule/{url},speed-create-scheduled-test
x22-3494,1,cloudflare,DELETE,/zones/{zone_id}/speed_api/schedule/{url},speed-delete-test-schedule
x22-3495,4,cloudflare,POST,/zones/{zone_id}/ssl/analyze,analyze-certificate-analyze-certificate
x22-3496,3,cloudflare,GET,/zones/{zone_id}/ssl/certificate_packs,certificate-packs-list-certificate-packs
x22-3497,3,cloudflare,POST,/zones/{zone_id}/ssl/certificate_packs/order,certificate-packs-order-advanced-certificate-manager-certificate-pack
x22-3498,3,cloudflare,GET,/zones/{zone_id}/ssl/certificate_packs/quota,certificate-packs-get-certificate-pack-quotas
x22-3499,5,cloudflare,GET,/zones/{zone_id}/ssl/certificate_packs/{certificate_pack_id},certificate-packs-get-certificate-pack
x22-3500,4,cloudflare,DELETE,/zones/{zone_id}/ssl/certificate_packs/{certificate_pack_id},certificate-packs-delete-advanced-certificate-manager-certificate-pack
x22-3501,2,cloudflare,PATCH,/zones/{zone_id}/ssl/certificate_packs/{certificate_pack_id},certificate-packs-restart-validation-for-advanced-certificate-manager-certificate-pack
x22-3502,9,cloudflare,GET,/zones/{zone_id}/ssl/recommendation,ssl/-tls-mode-recommendation-ssl/-tls-recommendation
x22-3503,6,cloudflare,GET,/zones/{zone_id}/ssl/universal/settings,universal-ssl-settings-for-a-zone-universal-ssl-settings-details
x22-3504,5,cloudflare,PATCH,/zones/{zone_id}/ssl/universal/settings,universal-ssl-settings-for-a-zone-edit-universal-ssl-settings
x22-3505,7,cloudflare,GET,/zones/{zone_id}/ssl/verification,ssl-verification-ssl-verification-details
x22-3506,7,cloudflare,PATCH,/zones/{zone_id}/ssl/verification/{certificate_pack_id},ssl-verification-edit-ssl-certificate-pack-validation-method
x22-3507,4,cloudflare,GET,/zones/{zone_id}/stream/usage,usage-analytics-get-zone-stream-usage
x22-3508,8,cloudflare,GET,/zones/{zone_id}/subscription,zone-subscription-zone-subscription-details
x22-3509,5,cloudflare,POST,/zones/{zone_id}/subscription,zone-subscription-create-zone-subscription
x22-3510,6,cloudflare,PUT,/zones/{zone_id}/subscription,zone-subscription-update-zone-subscription
x22-3511,8,cloudflare,DELETE,/zones/{zone_id}/subscription,zone-subscription-delete-zone-subscription
x22-3512,6,cloudflare,POST,/zones/{zone_id}/subscriptions,zone-subscription-create-zone-subscriptions
x22-3513,9,cloudflare,PUT,/zones/{zone_id}/subscriptions,zone-subscription-update-zone-subscriptions
x22-3514,9,cloudflare,DELETE,/zones/{zone_id}/subscriptions,zone-subscription-delete-zone-subscriptions
x22-3515,8,cloudflare,GET,/zones/{zone_id}/tags,tags-zone-get
x22-3516,1,cloudflare,PUT,/zones/{zone_id}/tags,tags-zone-set
x22-3517,5,cloudflare,DELETE,/zones/{zone_id}/tags,tags-zone-delete
x22-3518,5,cloudflare,GET,/zones/{zone_id}/token_validation/config,token-validation-config-list
x22-3519,6,cloudflare,POST,/zones/{zone_id}/token_validation/config,token-validation-config-create
x22-3520,6,cloudflare,GET,/zones/{zone_id}/token_validation/config/{config_id},token-validation-config-get
x22-3521,9,cloudflare,DELETE,/zones/{zone_id}/token_validation/config/{config_id},token-validation-config-delete
x22-3522,10,cloudflare,PATCH,/zones/{zone_id}/token_validation/config/{config_id},token-validation-config-edit
x22-3523,5,cloudflare,PUT,/zones/{zone_id}/token_validation/config/{config_id}/credentials,token-validation-config-credentials-update
x22-3524,3,cloudflare,PATCH,/zones/{zone_id}/token_validation/config/{config_id}/credentials,token-validation-config-credentials-edit
x22-3525,4,cloudflare,GET,/zones/{zone_id}/token_validation/rules,token-validation-rules-list
x22-3526,7,cloudflare,POST,/zones/{zone_id}/token_validation/rules,token-validation-rules-create
x22-3527,3,cloudflare,POST,/zones/{zone_id}/token_validation/rules/bulk,token-validation-rules-bulk-create
x22-3528,6,cloudflare,PATCH,/zones/{zone_id}/token_validation/rules/bulk,token-validation-rules-bulk-edit
x22-3529,3,cloudflare,POST,/zones/{zone_id}/token_validation/rules/preview,token-validation-rules-preview
x22-3530,8,cloudflare,GET,/zones/{zone_id}/token_validation/rules/{rule_id},token-validation-rules-get
x22-3531,5,cloudflare,DELETE,/zones/{zone_id}/token_validation/rules/{rule_id},token-validation-rules-delete
x22-3532,3,cloudflare,PATCH,/zones/{zone_id}/token_validation/rules/{rule_id},token-validation-rules-edit
x22-3533,3,cloudflare,GET,/zones/{zone_id}/url_normalization,getUrlNormalization
x22-3534,6,cloudflare,PUT,/zones/{zone_id}/url_normalization,updateUrlNormalization
x22-3535,1,cloudflare,DELETE,/zones/{zone_id}/url_normalization,deleteUrlNormalization
x22-3536,10,cloudflare,GET,/zones/{zone_id}/waiting_rooms,waiting-room-list-waiting-rooms
x22-3537,2,cloudflare,POST,/zones/{zone_id}/waiting_rooms,waiting-room-create-waiting-room
x22-3538,7,cloudflare,POST,/zones/{zone_id}/waiting_rooms/preview,waiting-room-create-a-custom-waiting-room-page-preview
x22-3539,6,cloudflare,GET,/zones/{zone_id}/waiting_rooms/settings,waiting-room-get-zone-settings
x22-3540,3,cloudflare,PUT,/zones/{zone_id}/waiting_rooms/settings,waiting-room-update-zone-settings
x22-3541,10,cloudflare,PATCH,/zones/{zone_id}/waiting_rooms/settings,waiting-room-patch-zone-settings
x22-3542,1,cloudflare,GET,/zones/{zone_id}/waiting_rooms/{waiting_room_id},waiting-room-waiting-room-details
x22-3543,2,cloudflare,PUT,/zones/{zone_id}/waiting_rooms/{waiting_room_id},waiting-room-update-waiting-room
x22-3544,9,cloudflare,DELETE,/zones/{zone_id}/waiting_rooms/{waiting_room_id},waiting-room-delete-waiting-room
x22-3545,1,cloudflare,PATCH,/zones/{zone_id}/waiting_rooms/{waiting_room_id},waiting-room-patch-waiting-room
x22-3546,9,cloudflare,GET,/zones/{zone_id}/waiting_rooms/{waiting_room_id}/events,waiting-room-list-events
x22-3547,8,cloudflare,POST,/zones/{zone_id}/waiting_rooms/{waiting_room_id}/events,waiting-room-create-event
x22-3548,3,cloudflare,GET,/zones/{zone_id}/waiting_rooms/{waiting_room_id}/events/{event_id},waiting-room-event-details
x22-3549,7,cloudflare,PUT,/zones/{zone_id}/waiting_rooms/{waiting_room_id}/events/{event_id},waiting-room-update-event
x22-3550,7,cloudflare,DELETE,/zones/{zone_id}/waiting_rooms/{waiting_room_id}/events/{event_id},waiting-room-delete-event
x22-3551,9,cloudflare,PATCH,/zones/{zone_id}/waiting_rooms/{waiting_room_id}/events/{event_id},waiting-room-patch-event
x22-3552,4,cloudflare,GET,/zones/{zone_id}/waiting_rooms/{waiting_room_id}/events/{event_id}/details,waiting-room-preview-active-event-details
x22-3553,1,cloudflare,GET,/zones/{zone_id}/waiting_rooms/{waiting_room_id}/rules,waiting-room-list-waiting-room-rules
x22-3554,10,cloudflare,POST,/zones/{zone_id}/waiting_rooms/{waiting_room_id}/rules,waiting-room-create-waiting-room-rule
x22-3555,8,cloudflare,PUT,/zones/{zone_id}/waiting_rooms/{waiting_room_id}/rules,waiting-room-replace-waiting-room-rules
x22-3556,6,cloudflare,DELETE,/zones/{zone_id}/waiting_rooms/{waiting_room_id}/rules/{rule_id},waiting-room-delete-waiting-room-rule
x22-3557,9,cloudflare,PATCH,/zones/{zone_id}/waiting_rooms/{waiting_room_id}/rules/{rule_id},waiting-room-patch-waiting-room-rule
x22-3558,2,cloudflare,GET,/zones/{zone_id}/waiting_rooms/{waiting_room_id}/status,waiting-room-get-waiting-room-status
x22-3559,9,cloudflare,GET,/zones/{zone_id}/web3/hostnames,web3-hostname-list-web3-hostnames
x22-3560,4,cloudflare,POST,/zones/{zone_id}/web3/hostnames,web3-hostname-create-web3-hostname
x22-3561,8,cloudflare,GET,/zones/{zone_id}/web3/hostnames/{identifier},web3-hostname-web3-hostname-details
x22-3562,5,cloudflare,DELETE,/zones/{zone_id}/web3/hostnames/{identifier},web3-hostname-delete-web3-hostname
x22-3563,1,cloudflare,PATCH,/zones/{zone_id}/web3/hostnames/{identifier},web3-hostname-edit-web3-hostname
x22-3564,5,cloudflare,GET,/zones/{zone_id}/web3/hostnames/{identifier}/ipfs_universal_path/content_list,web3-hostname-ipfs-universal-path-gateway-content-list-details
x22-3565,6,cloudflare,PUT,/zones/{zone_id}/web3/hostnames/{identifier}/ipfs_universal_path/content_list,web3-hostname-update-ipfs-universal-path-gateway-content-list
x22-3566,5,cloudflare,GET,/zones/{zone_id}/web3/hostnames/{identifier}/ipfs_universal_path/content_list/entries,web3-hostname-list-ipfs-universal-path-gateway-content-list-entries
x22-3567,10,cloudflare,POST,/zones/{zone_id}/web3/hostnames/{identifier}/ipfs_universal_path/content_list/entries,web3-hostname-create-ipfs-universal-path-gateway-content-list-entry
x22-3568,8,cloudflare,GET,/zones/{zone_id}/web3/hostnames/{identifier}/ipfs_universal_path/content_list/entries/{content_list_entry_identifier},web3-hostname-ipfs-universal-path-gateway-content-list-entry-details
x22-3569,4,cloudflare,PUT,/zones/{zone_id}/web3/hostnames/{identifier}/ipfs_universal_path/content_list/entries/{content_list_entry_identifier},web3-hostname-edit-ipfs-universal-path-gateway-content-list-entry
x22-3570,10,cloudflare,DELETE,/zones/{zone_id}/web3/hostnames/{identifier}/ipfs_universal_path/content_list/entries/{content_list_entry_identifier},web3-hostname-delete-ipfs-universal-path-gateway-content-list-entry
x22-3571,10,cloudflare,GET,/zones/{zone_id}/workers/routes,worker-routes-list-routes
x22-3572,7,cloudflare,POST,/zones/{zone_id}/workers/routes,worker-routes-create-route
x22-3573,6,cloudflare,GET,/zones/{zone_id}/workers/routes/{route_id},worker-routes-get-route
x22-3574,5,cloudflare,PUT,/zones/{zone_id}/workers/routes/{route_id},worker-routes-update-route
x22-3575,9,cloudflare,DELETE,/zones/{zone_id}/workers/routes/{route_id},worker-routes-delete-route
x22-3576,6,pagerduty,POST,/{entity_type}/{id}/change_tags,createEntityTypeByIdChangeTags
x22-3577,10,pagerduty,GET,/{entity_type}/{id}/tags,getEntityTypeByIdTags
x22-3578,9,pagerduty,GET,/abilities,listAbilities
x22-3579,1,pagerduty,GET,/abilities/{id},getAbility
x22-3580,8,pagerduty,GET,/addons,listAddon
x22-3581,4,pagerduty,POST,/addons,createAddon
x22-3582,1,pagerduty,GET,/addons/{id},getAddon
x22-3583,8,pagerduty,PUT,/addons/{id},updateAddon
x22-3584,9,pagerduty,DELETE,/addons/{id},deleteAddon
x22-3585,5,pagerduty,GET,/alert_grouping_settings,listAlertGroupingSettings
x22-3586,5,pagerduty,POST,/alert_grouping_settings,postAlertGroupingSettings
x22-3587,9,pagerduty,GET,/alert_grouping_settings/{id},getAlertGroupingSetting
x22-3588,8,pagerduty,PUT,/alert_grouping_settings/{id},putAlertGroupingSetting
x22-3589,5,pagerduty,DELETE,/alert_grouping_settings/{id},deleteAlertGroupingSetting
x22-3590,7,pagerduty,POST,/analytics/metrics/incidents/all,getAnalyticsMetricsIncidentsAll
x22-3591,1,pagerduty,POST,/analytics/metrics/incidents/escalation_policies,getAnalyticsMetricsIncidentsEscalationPolicy
x22-3592,6,pagerduty,POST,/analytics/metrics/incidents/escalation_policies/all,getAnalyticsMetricsIncidentsEscalationPolicyAll
x22-3593,3,pagerduty,POST,/analytics/metrics/incidents/services,getAnalyticsMetricsIncidentsService
x22-3594,2,pagerduty,POST,/analytics/metrics/incidents/services/all,getAnalyticsMetricsIncidentsServiceAll
x22-3595,9,pagerduty,POST,/analytics/metrics/incidents/teams,getAnalyticsMetricsIncidentsTeam
x22-3596,7,pagerduty,POST,/analytics/metrics/incidents/teams/all,getAnalyticsMetricsIncidentsTeamAll
x22-3597,5,pagerduty,POST,/analytics/metrics/pd_advance_usage/features,getAnalyticsMetricsPdAdvanceUsageFeatures
x22-3598,4,pagerduty,POST,/analytics/metrics/responders/all,getAnalyticsMetricsRespondersAll
x22-3599,8,pagerduty,POST,/analytics/metrics/responders/teams,getAnalyticsMetricsRespondersTeam
x22-3600,7,pagerduty,POST,/analytics/metrics/users/all,getAnalyticsMetricsUsersAll
x22-3601,6,pagerduty,POST,/analytics/raw/incidents,getAnalyticsIncidents
x22-3602,4,pagerduty,GET,/analytics/raw/incidents/{id},getAnalyticsIncidentsById
x22-3603,9,pagerduty,GET,/analytics/raw/incidents/{id}/responses,getAnalyticsIncidentResponsesById
x22-3604,5,pagerduty,POST,/analytics/raw/responders/{responder_id}/incidents,getAnalyticsResponderIncidents
x22-3605,1,pagerduty,POST,/analytics/raw/users,getAnalyticsUsers
x22-3606,9,pagerduty,GET,/audit/records,listAuditRecords
x22-3607,7,pagerduty,GET,/automation_actions/actions,getAllAutomationActions
x22-3608,8,pagerduty,POST,/automation_actions/actions,createAutomationAction
x22-3609,7,pagerduty,GET,/automation_actions/actions/{id},getAutomationAction
x22-3610,5,pagerduty,PUT,/automation_actions/actions/{id},updateAutomationAction
x22-3611,6,pagerduty,DELETE,/automation_actions/actions/{id},deleteAutomationAction
x22-3612,9,pagerduty,POST,/automation_actions/actions/{id}/invocations,createAutomationActionInvocation
x22-3613,10,pagerduty,GET,/automation_actions/actions/{id}/services,getAutomationActionsActionServiceAssociations
x22-3614,2,pagerduty,POST,/automation_actions/actions/{id}/services,createAutomationActionServiceAssocation
x22-3615,1,pagerduty,GET,/automation_actions/actions/{id}/services/{service_id},getAutomationActionsActionServiceAssociation
x22-3616,5,pagerduty,DELETE,/automation_actions/actions/{id}/services/{service_id},deleteAutomationActionServiceAssociation
x22-3617,2,pagerduty,GET,/automation_actions/actions/{id}/teams,getAutomationActionsActionTeamAssociations
x22-3618,3,pagerduty,POST,/automation_actions/actions/{id}/teams,createAutomationActionTeamAssociation
x22-3619,8,pagerduty,GET,/automation_actions/actions/{id}/teams/{team_id},getAutomationActionsActionTeamAssociation
x22-3620,5,pagerduty,DELETE,/automation_actions/actions/{id}/teams/{team_id},deleteAutomationActionTeamAssociation
x22-3621,2,pagerduty,GET,/automation_actions/invocations,listAutomationActionInvocations
x22-3622,8,pagerduty,GET,/automation_actions/invocations/{id},getAutomationActionsInvocation
x22-3623,8,pagerduty,GET,/automation_actions/runners,getAutomationActionsRunners
x22-3624,1,pagerduty,POST,/automation_actions/runners,createAutomationActionsRunner
x22-3625,3,pagerduty,GET,/automation_actions/runners/{id},getAutomationActionsRunner
x22-3626,6,pagerduty,PUT,/automation_actions/runners/{id},updateAutomationActionsRunner
x22-3627,4,pagerduty,DELETE,/automation_actions/runners/{id},deleteAutomationActionsRunner
x22-3628,6,pagerduty,GET,/automation_actions/runners/{id}/teams,getAutomationActionsRunnerTeamAssociations
x22-3629,10,pagerduty,POST,/automation_actions/runners/{id}/teams,createAutomationActionsRunnerTeamAssociation
x22-3630,4,pagerduty,GET,/automation_actions/runners/{id}/teams/{team_id},getAutomationActionsRunnerTeamAssociation
x22-3631,3,pagerduty,DELETE,/automation_actions/runners/{id}/teams/{team_id},deleteAutomationActionsRunnerTeamAssociation
x22-3632,1,pagerduty,GET,/business_services,listBusinessServices
x22-3633,8,pagerduty,POST,/business_services,createBusinessService
x22-3634,6,pagerduty,GET,/business_services/{id},getBusinessService
x22-3635,1,pagerduty,PUT,/business_services/{id},updateBusinessService
x22-3636,5,pagerduty,DELETE,/business_services/{id},deleteBusinessService
x22-3637,8,pagerduty,POST,/business_services/{id}/account_subscription,createBusinessServiceAccountSubscription
x22-3638,10,pagerduty,DELETE,/business_services/{id}/account_subscription,removeBusinessServiceAccountSubscription
x22-3639,2,pagerduty,GET,/business_services/{id}/subscribers,getBusinessServiceSubscribers
x22-3640,8,pagerduty,POST,/business_services/{id}/subscribers,createBusinessServiceNotificationSubscribers
x22-3641,4,pagerduty,GET,/business_services/{id}/supporting_services/impacts,getBusinessServiceSupportingServiceImpacts
x22-3642,5,pagerduty,POST,/business_services/{id}/unsubscribe,removeBusinessServiceNotificationSubscriber
x22-3643,4,pagerduty,GET,/business_services/impactors,getBusinessServiceTopLevelImpactors
x22-3644,1,pagerduty,GET,/business_services/impacts,getBusinessServiceImpacts
x22-3645,1,pagerduty,GET,/business_services/priority_thresholds,getBusinessServicePriorityThresholds
x22-3646,7,pagerduty,PUT,/business_services/priority_thresholds,putBusinessServicePriorityThresholds
x22-3647,8,pagerduty,DELETE,/business_services/priority_thresholds,deleteBusinessServicePriorityThresholds
x22-3648,6,pagerduty,GET,/change_events,listChangeEvents
x22-3649,10,pagerduty,POST,/change_events,createChangeEvent
x22-3650,9,pagerduty,GET,/change_events/{id},getChangeEvent
x22-3651,9,pagerduty,PUT,/change_events/{id},updateChangeEvent
x22-3652,9,pagerduty,GET,/enrichment/integrations/servicenow,listServiceNowIntegrations
x22-3653,8,pagerduty,POST,/enrichment/integrations/servicenow,createServiceNowIntegration
x22-3654,1,pagerduty,GET,/enrichment/integrations/servicenow/{integration_id},getServiceNowIntegration
x22-3655,5,pagerduty,DELETE,/enrichment/integrations/servicenow/{integration_id},deleteServiceNowIntegration
x22-3656,4,pagerduty,POST,/enrichment/integrations/servicenow/{integration_id}/tables,addServiceNowTable
x22-3657,10,pagerduty,PUT,/enrichment/integrations/servicenow/{integration_id}/tables/{table_id},updateServiceNowTable
x22-3658,5,pagerduty,DELETE,/enrichment/integrations/servicenow/{integration_id}/tables/{table_id},deleteServiceNowTable
x22-3659,1,pagerduty,POST,/enrichment/integrations/servicenow/{integration_id}/tables/{table_id}/enable,enableServiceNowTableSync
x22-3660,2,pagerduty,GET,/enrichment/integrations/servicenow/{integration_id}/tables/{table_id}/test,testServiceNowTable
x22-3661,4,pagerduty,POST,/enrichment/integrations/servicenow/credentials,createServiceNowCredentials
x22-3662,1,pagerduty,GET,/enrichment/integrations/servicenow/credentials/{credentials_id},getServiceNowCredentials
x22-3663,2,pagerduty,PUT,/enrichment/integrations/servicenow/credentials/{credentials_id},updateServiceNowCredentials
x22-3664,4,pagerduty,DELETE,/enrichment/integrations/servicenow/credentials/{credentials_id},deleteServiceNowCredentials
x22-3665,3,pagerduty,POST,/enrichment/query,queryEnrichmentData
x22-3666,6,pagerduty,GET,/enrichment/schemas,listEnrichmentSchemas
x22-3667,2,pagerduty,POST,/enrichment/schemas,createEnrichmentSchema
x22-3668,6,pagerduty,GET,/enrichment/schemas/{schema_id},getEnrichmentSchema
x22-3669,9,pagerduty,PUT,/enrichment/schemas/{schema_id},updateEnrichmentSchema
x22-3670,8,pagerduty,DELETE,/enrichment/schemas/{schema_id},deleteEnrichmentSchema
x22-3671,10,pagerduty,GET,/enrichment/schemas/{schema_id}/records,listEnrichmentRecords
x22-3672,1,pagerduty,POST,/enrichment/schemas/{schema_id}/records,uploadEnrichmentCsv
x22-3673,6,pagerduty,DELETE,/enrichment/schemas/{schema_id}/records/{record_id},deleteEnrichmentRecord
x22-3674,6,pagerduty,GET,/escalation_policies,listEscalationPolicies
x22-3675,5,pagerduty,POST,/escalation_policies,createEscalationPolicy
x22-3676,10,pagerduty,GET,/escalation_policies/{id},getEscalationPolicy
x22-3677,9,pagerduty,PUT,/escalation_policies/{id},updateEscalationPolicy
x22-3678,6,pagerduty,DELETE,/escalation_policies/{id},deleteEscalationPolicy
x22-3679,5,pagerduty,GET,/escalation_policies/{id}/audit/records,listEscalationPolicyAuditRecords
x22-3680,1,pagerduty,GET,/event_orchestrations,listEventOrchestrations
x22-3681,7,pagerduty,POST,/event_orchestrations,postOrchestration
x22-3682,9,pagerduty,GET,/event_orchestrations/{id},getOrchestration
x22-3683,8,pagerduty,PUT,/event_orchestrations/{id},updateOrchestration
x22-3684,9,pagerduty,DELETE,/event_orchestrations/{id},deleteOrchestration
x22-3685,7,pagerduty,GET,/event_orchestrations/{id}/integrations,listOrchestrationIntegrations
x22-3686,9,pagerduty,POST,/event_orchestrations/{id}/integrations,postOrchestrationIntegration
x22-3687,9,pagerduty,GET,/event_orchestrations/{id}/integrations/{integration_id},getOrchestrationIntegration
x22-3688,3,pagerduty,PUT,/event_orchestrations/{id}/integrations/{integration_id},updateOrchestrationIntegration
x22-3689,1,pagerduty,DELETE,/event_orchestrations/{id}/integrations/{integration_id},deleteOrchestrationIntegration
x22-3690,5,pagerduty,POST,/event_orchestrations/{id}/integrations/migration,migrateOrchestrationIntegration
x22-3691,9,pagerduty,GET,/event_orchestrations/{id}/global,getOrchPathGlobal
x22-3692,10,pagerduty,PUT,/event_orchestrations/{id}/global,updateOrchPathGlobal
x22-3693,9,pagerduty,GET,/event_orchestrations/{id}/router,getOrchPathRouter
x22-3694,10,pagerduty,PUT,/event_orchestrations/{id}/router,updateOrchPathRouter
x22-3695,4,pagerduty,GET,/event_orchestrations/{id}/unrouted,getOrchPathUnrouted
x22-3696,5,pagerduty,PUT,/event_orchestrations/{id}/unrouted,updateOrchPathUnrouted
x22-3697,2,pagerduty,GET,/event_orchestrations/services/{service_id},getOrchPathService
x22-3698,1,pagerduty,PUT,/event_orchestrations/services/{service_id},updateOrchPathService
x22-3699,5,pagerduty,GET,/event_orchestrations/services/{service_id}/active,getOrchActiveStatus
x22-3700,8,pagerduty,PUT,/event_orchestrations/services/{service_id}/active,updateOrchActiveStatus
x22-3701,1,pagerduty,GET,/event_orchestrations/{id}/cache_variables,listCacheVarOnGlobalOrch
x22-3702,3,pagerduty,POST,/event_orchestrations/{id}/cache_variables,createCacheVarOnGlobalOrch
x22-3703,8,pagerduty,GET,/event_orchestrations/{id}/cache_variables/{cache_variable_id},getCacheVarOnGlobalOrch
x22-3704,7,pagerduty,PUT,/event_orchestrations/{id}/cache_variables/{cache_variable_id},updateCacheVarOnGlobalOrch
x22-3705,4,pagerduty,DELETE,/event_orchestrations/{id}/cache_variables/{cache_variable_id},deleteCacheVarOnGlobalOrch
x22-3706,2,pagerduty,GET,/event_orchestrations/{id}/cache_variables/{cache_variable_id}/data,getExternalDataCacheVarDataOnGlobalOrch
x22-3707,1,pagerduty,PUT,/event_orchestrations/{id}/cache_variables/{cache_variable_id}/data,updateExternalDataCacheVarDataOnGlobalOrch
x22-3708,5,pagerduty,DELETE,/event_orchestrations/{id}/cache_variables/{cache_variable_id}/data,deleteExternalDataCacheVarDataOnGlobalOrch
x22-3709,6,pagerduty,GET,/event_orchestrations/services/{service_id}/cache_variables,listCacheVarOnServiceOrch
x22-3710,8,pagerduty,POST,/event_orchestrations/services/{service_id}/cache_variables,createCacheVarOnServiceOrch
x22-3711,2,pagerduty,GET,/event_orchestrations/services/{service_id}/cache_variables/{cache_variable_id},getCacheVarOnServiceOrch
x22-3712,10,pagerduty,PUT,/event_orchestrations/services/{service_id}/cache_variables/{cache_variable_id},updateCacheVarOnServiceOrch
x22-3713,3,pagerduty,DELETE,/event_orchestrations/services/{service_id}/cache_variables/{cache_variable_id},deleteCacheVarOnServiceOrch
x22-3714,7,pagerduty,GET,/event_orchestrations/services/{service_id}/cache_variables/{cache_variable_id}/data,getExternalDataCacheVarDataOnServiceOrch
x22-3715,10,pagerduty,PUT,/event_orchestrations/services/{service_id}/cache_variables/{cache_variable_id}/data,updateExternalDataCacheVarDataOnServiceOrch
x22-3716,8,pagerduty,DELETE,/event_orchestrations/services/{service_id}/cache_variables/{cache_variable_id}/data,deleteExternalDataCacheVarDataOnServiceOrch
x22-3717,2,pagerduty,GET,/event_orchestrations/{id}/enablements,listEventOrchestrationFeatureEnablements
x22-3718,4,pagerduty,PUT,/event_orchestrations/{id}/enablements/{feature_name},updateEventOrchestrationFeatureEnablements
x22-3719,3,pagerduty,GET,/extension_schemas,listExtensionSchemas
x22-3720,5,pagerduty,GET,/enrichment/event_enrichments,listEventEnrichments
x22-3721,7,pagerduty,POST,/enrichment/event_enrichments,createEventEnrichment
x22-3722,7,pagerduty,GET,/enrichment/event_enrichments/default,getAccountDefaultEventEnrichment
x22-3723,1,pagerduty,PUT,/enrichment/event_enrichments/default,markEventEnrichmentAsDefault
x22-3724,9,pagerduty,GET,/enrichment/event_enrichments/{id},getEventEnrichment
x22-3725,10,pagerduty,PUT,/enrichment/event_enrichments/{id},updateEventEnrichment
x22-3726,10,pagerduty,DELETE,/enrichment/event_enrichments/{id},deleteEventEnrichment
x22-3727,2,pagerduty,GET,/enrichment/event_enrichments/{id}/associations,listEventEnrichmentAssociations
x22-3728,1,pagerduty,POST,/enrichment/event_enrichments/{id}/associations,addEventEnrichmentAssociations
x22-3729,6,pagerduty,DELETE,/enrichment/event_enrichments/{id}/associations,deleteEventEnrichmentAssociations
x22-3730,7,pagerduty,GET,/enrichment/event_enrichments/{id}/rules,getEventEnrichmentRules
x22-3731,9,pagerduty,PUT,/enrichment/event_enrichments/{id}/rules,updateEventEnrichmentRules
x22-3732,6,pagerduty,GET,/extension_schemas/{id},getExtensionSchema
x22-3733,4,pagerduty,GET,/extensions,listExtensions
x22-3734,1,pagerduty,POST,/extensions,createExtension
x22-3735,2,pagerduty,GET,/extensions/{id},getExtension
x22-3736,8,pagerduty,PUT,/extensions/{id},updateExtension
x22-3737,8,pagerduty,DELETE,/extensions/{id},deleteExtension
x22-3738,9,pagerduty,POST,/extensions/{id}/enable,enableExtension
x22-3739,6,pagerduty,GET,/incident_workflows,listIncidentWorkflows
x22-3740,3,pagerduty,POST,/incident_workflows,postIncidentWorkflow
x22-3741,10,pagerduty,GET,/incident_workflows/{id},getIncidentWorkflow
x22-3742,5,pagerduty,PUT,/incident_workflows/{id},putIncidentWorkflow
x22-3743,9,pagerduty,DELETE,/incident_workflows/{id},deleteIncidentWorkflow
x22-3744,6,pagerduty,POST,/incident_workflows/{id}/instances,createIncidentWorkflowInstance
x22-3745,7,pagerduty,GET,/incident_workflows/actions,listIncidentWorkflowActions
x22-3746,1,pagerduty,GET,/incident_workflows/actions/{id},getIncidentWorkflowAction
x22-3747,2,pagerduty,GET,/incident_workflows/triggers,listIncidentWorkflowTriggers
x22-3748,3,pagerduty,POST,/incident_workflows/triggers,createIncidentWorkflowTrigger
x22-3749,4,pagerduty,GET,/incident_workflows/triggers/{id},getIncidentWorkflowTrigger
x22-3750,3,pagerduty,PUT,/incident_workflows/triggers/{id},updateIncidentWorkflowTrigger
x22-3751,4,pagerduty,DELETE,/incident_workflows/triggers/{id},deleteIncidentWorkflowTrigger
x22-3752,6,pagerduty,POST,/incident_workflows/triggers/{id}/services,associateServiceToIncidentWorkflowTrigger
x22-3753,6,pagerduty,DELETE,/incident_workflows/triggers/{trigger_id}/services/{service_id},deleteServiceFromIncidentWorkflowTrigger
x22-3754,8,pagerduty,GET,/incidents,listIncidents
x22-3755,6,pagerduty,POST,/incidents,createIncident
x22-3756,10,pagerduty,PUT,/incidents,updateIncidents
x22-3757,8,pagerduty,GET,/incidents/{id},getIncident
x22-3758,6,pagerduty,PUT,/incidents/{id},updateIncident
x22-3759,2,pagerduty,GET,/incidents/{id}/alerts,listIncidentAlerts
x22-3760,1,pagerduty,PUT,/incidents/{id}/alerts,updateIncidentAlerts
x22-3761,5,pagerduty,GET,/incidents/{id}/alerts/{alert_id},getIncidentAlert
x22-3762,10,pagerduty,PUT,/incidents/{id}/alerts/{alert_id},updateIncidentAlert
x22-3763,3,pagerduty,PUT,/incidents/{id}/business_services/{business_service_id}/impacts,putIncidentManualBusinessServiceAssociation
x22-3764,3,pagerduty,GET,/incidents/{id}/business_services/impacts,getIncidentImpactedBusinessServices
x22-3765,1,pagerduty,GET,/incidents/{id}/custom_fields/values,getIncidentFieldValues
x22-3766,9,pagerduty,PUT,/incidents/{id}/custom_fields/values,setIncidentFieldValues
x22-3767,8,pagerduty,GET,/incidents/{id}/log_entries,listIncidentLogEntries
x22-3768,2,pagerduty,PUT,/incidents/{id}/merge,mergeIncidents
x22-3769,5,pagerduty,GET,/incidents/{id}/notes,listIncidentNotes
x22-3770,1,pagerduty,POST,/incidents/{id}/notes,createIncidentNote
x22-3771,2,pagerduty,PUT,/incidents/{id}/notes/{note_id},updateIncidentNote
x22-3772,7,pagerduty,DELETE,/incidents/{id}/notes/{note_id},deleteIncidentNote
x22-3773,2,pagerduty,GET,/incidents/{id}/outlier_incident,getOutlierIncident
x22-3774,9,pagerduty,GET,/incidents/{id}/past_incidents,getPastIncidents
x22-3775,2,pagerduty,GET,/incidents/{id}/related_change_events,listIncidentRelatedChangeEvents
x22-3776,10,pagerduty,GET,/incidents/{id}/related_incidents,getRelatedIncidents
x22-3777,10,pagerduty,POST,/incidents/{id}/responder_requests,createIncidentResponderRequest
x22-3778,9,pagerduty,PUT,/incidents/{id}/responder_requests/cancel,cancelIncidentResponderRequest
x22-3779,6,pagerduty,POST,/incidents/{id}/snooze,createIncidentSnooze
x22-3780,9,pagerduty,POST,/incidents/{id}/status_updates,createIncidentStatusUpdate
x22-3781,4,pagerduty,GET,/incidents/{id}/status_updates/subscribers,getIncidentNotificationSubscribers
x22-3782,1,pagerduty,POST,/incidents/{id}/status_updates/subscribers,createIncidentNotificationSubscribers
x22-3783,4,pagerduty,POST,/incidents/{id}/status_updates/unsubscribe,removeIncidentNotificationSubscribers
x22-3784,7,pagerduty,GET,/incidents/types,listIncidentTypes
x22-3785,3,pagerduty,POST,/incidents/types,createIncidentType
x22-3786,4,pagerduty,GET,/incidents/types/{type_id_or_name},getIncidentType
x22-3787,6,pagerduty,PUT,/incidents/types/{type_id_or_name},updateIncidentType
x22-3788,3,pagerduty,GET,/incidents/types/{type_id_or_name}/custom_fields,listIncidentTypeCustomFields
x22-3789,2,pagerduty,POST,/incidents/types/{type_id_or_name}/custom_fields,createIncidentTypeCustomField
x22-3790,7,pagerduty,GET,/incidents/types/{type_id_or_name}/custom_fields/{field_id},getIncidentTypeCustomField
x22-3791,10,pagerduty,PUT,/incidents/types/{type_id_or_name}/custom_fields/{field_id},updateIncidentTypeCustomField
x22-3792,9,pagerduty,DELETE,/incidents/types/{type_id_or_name}/custom_fields/{field_id},deleteIncidentTypeCustomField
x22-3793,4,pagerduty,GET,/incidents/types/{type_id_or_name}/custom_fields/{field_id}/field_options,listIncidentTypeCustomField
x22-3794,7,pagerduty,POST,/incidents/types/{type_id_or_name}/custom_fields/{field_id}/field_options,createIncidentTypeCustomFieldFieldOptions
x22-3795,3,pagerduty,GET,/incidents/types/{type_id_or_name}/custom_fields/{field_id}/field_options/{field_option_id},getIncidentTypeCustomFieldFieldOptions
x22-3796,7,pagerduty,PUT,/incidents/types/{type_id_or_name}/custom_fields/{field_id}/field_options/{field_option_id},updateIncidentTypeCustomFieldFieldOption
x22-3797,10,pagerduty,DELETE,/incidents/types/{type_id_or_name}/custom_fields/{field_id}/field_options/{field_option_id},deleteIncidentTypeCustomFieldFieldOption
x22-3798,10,pagerduty,GET,/incidents/custom_fields,listCustomFieldsFields
x22-3799,8,pagerduty,POST,/incidents/custom_fields,createCustomFieldsField
x22-3800,7,pagerduty,GET,/incidents/custom_fields/{field_id},getCustomFieldsField
x22-3801,7,pagerduty,PUT,/incidents/custom_fields/{field_id},updateCustomFieldsField
x22-3802,6,pagerduty,DELETE,/incidents/custom_fields/{field_id},deleteCustomFieldsField
x22-3803,7,pagerduty,GET,/incidents/custom_fields/{field_id}/field_options,listCustomFieldsFieldOptions
x22-3804,3,pagerduty,POST,/incidents/custom_fields/{field_id}/field_options,createCustomFieldsFieldOption
x22-3805,5,pagerduty,PUT,/incidents/custom_fields/{field_id}/field_options/{field_option_id},updateCustomFieldsFieldOption
x22-3806,4,pagerduty,DELETE,/incidents/custom_fields/{field_id}/field_options/{field_option_id},deleteCustomFieldsFieldOption
x22-3807,6,pagerduty,GET,/ip_allow_lists,listIpAllowLists
x22-3808,8,pagerduty,POST,/ip_allow_lists,createIpAllowList
x22-3809,10,pagerduty,GET,/ip_allow_lists/{id},getIpAllowList
x22-3810,1,pagerduty,PUT,/ip_allow_lists/{id},updateIpAllowList
x22-3811,6,pagerduty,DELETE,/ip_allow_lists/{id},deleteIpAllowList
x22-3812,8,pagerduty,GET,/ip_allow_lists/{id}/audit/records,listIpAllowListAuditRecords
x22-3813,5,pagerduty,GET,/license_allocations,listLicenseAllocations
x22-3814,9,pagerduty,GET,/licenses,listLicenses
x22-3815,6,pagerduty,GET,/log_entries,listLogEntries
x22-3816,8,pagerduty,GET,/log_entries/{id},getLogEntry
x22-3817,7,pagerduty,PUT,/log_entries/{id}/channel,updateLogEntryChannel
x22-3818,5,pagerduty,GET,/maintenance_windows,listMaintenanceWindows
x22-3819,3,pagerduty,POST,/maintenance_windows,createMaintenanceWindow
x22-3820,6,pagerduty,GET,/maintenance_windows/{id},getMaintenanceWindow
x22-3821,8,pagerduty,PUT,/maintenance_windows/{id},updateMaintenanceWindow
x22-3822,5,pagerduty,DELETE,/maintenance_windows/{id},deleteMaintenanceWindow
x22-3823,6,pagerduty,GET,/notifications,listNotifications
x22-3824,5,pagerduty,DELETE,/oauth_delegations,deleteOauthDelegations
x22-3825,2,pagerduty,GET,/oauth_delegations/revocation_requests/status,getOauthDelegationsRevocationRequestsStatus
x22-3826,5,pagerduty,GET,/oncalls,listOnCalls
x22-3827,10,pagerduty,GET,/paused_incident_reports/alerts,getPausedIncidentReportAlerts
x22-3828,7,pagerduty,GET,/paused_incident_reports/counts,getPausedIncidentReportCounts
x22-3829,1,pagerduty,GET,/priorities,listPriorities
x22-3830,1,pagerduty,GET,/rulesets,listRulesets
x22-3831,7,pagerduty,POST,/rulesets,createRuleset
x22-3832,3,pagerduty,GET,/rulesets/{id},getRuleset
x22-3833,4,pagerduty,PUT,/rulesets/{id},updateRuleset
x22-3834,3,pagerduty,DELETE,/rulesets/{id},deleteRuleset
x22-3835,2,pagerduty,GET,/rulesets/{id}/rules,listRulesetEventRules
x22-3836,4,pagerduty,POST,/rulesets/{id}/rules,createRulesetEventRule
x22-3837,3,pagerduty,GET,/rulesets/{id}/rules/{rule_id},getRulesetEventRule
x22-3838,3,pagerduty,PUT,/rulesets/{id}/rules/{rule_id},updateRulesetEventRule
x22-3839,3,pagerduty,DELETE,/rulesets/{id}/rules/{rule_id},deleteRulesetEventRule
x22-3840,6,pagerduty,GET,/schedules,listSchedules
x22-3841,5,pagerduty,POST,/schedules,createSchedule
x22-3842,5,pagerduty,GET,/schedules/{id},getSchedule
x22-3843,2,pagerduty,PUT,/schedules/{id},updateSchedule
x22-3844,1,pagerduty,DELETE,/schedules/{id},deleteSchedule
x22-3845,6,pagerduty,GET,/schedules/{id}/audit/records,listSchedulesAuditRecords
x22-3846,1,pagerduty,GET,/schedules/{id}/overrides,listScheduleOverrides
x22-3847,1,pagerduty,POST,/schedules/{id}/overrides,createScheduleOverride
x22-3848,9,pagerduty,DELETE,/schedules/{id}/overrides/{override_id},deleteScheduleOverride
x22-3849,7,pagerduty,GET,/schedules/{id}/users,listScheduleUsers
x22-3850,3,pagerduty,POST,/schedules/preview,createSchedulePreview
x22-3851,4,pagerduty,POST,/service_dependencies/associate,createServiceDependency
x22-3852,7,pagerduty,GET,/service_dependencies/business_services/{id},getBusinessServiceServiceDependencies
x22-3853,2,pagerduty,POST,/service_dependencies/disassociate,deleteServiceDependency
x22-3854,8,pagerduty,GET,/service_dependencies/technical_services/{id},getTechnicalServiceServiceDependencies
x22-3855,7,pagerduty,GET,/services,listServices
x22-3856,8,pagerduty,POST,/services,createService
x22-3857,1,pagerduty,GET,/services/{id},getService
x22-3858,3,pagerduty,PUT,/services/{id},updateService
x22-3859,10,pagerduty,DELETE,/services/{id},deleteService
x22-3860,7,pagerduty,GET,/services/{id}/audit/records,listServiceAuditRecords
x22-3861,1,pagerduty,GET,/services/{id}/change_events,listServiceChangeEvents
x22-3862,1,pagerduty,POST,/services/{id}/integrations,createServiceIntegration
x22-3863,5,pagerduty,GET,/services/{id}/integrations/{integration_id},getServiceIntegration
x22-3864,1,pagerduty,PUT,/services/{id}/integrations/{integration_id},updateServiceIntegration
x22-3865,6,pagerduty,GET,/services/{id}/rules,listServiceEventRules
x22-3866,4,pagerduty,POST,/services/{id}/rules,createServiceEventRule
x22-3867,10,pagerduty,POST,/services/{id}/rules/convert,convertServiceEventRulesToEventOrchestration
x22-3868,9,pagerduty,GET,/services/{id}/rules/{rule_id},getServiceEventRule
x22-3869,6,pagerduty,PUT,/services/{id}/rules/{rule_id},updateServiceEventRule
x22-3870,10,pagerduty,DELETE,/services/{id}/rules/{rule_id},deleteServiceEventRule
x22-3871,9,pagerduty,GET,/services/custom_fields,listServiceCustomFields
x22-3872,7,pagerduty,POST,/services/custom_fields,createServiceCustomField
x22-3873,10,pagerduty,GET,/services/custom_fields/{field_id},getServiceCustomField
x22-3874,4,pagerduty,PUT,/services/custom_fields/{field_id},updateServiceCustomField
x22-3875,9,pagerduty,DELETE,/services/custom_fields/{field_id},deleteServiceCustomField
x22-3876,2,pagerduty,GET,/services/custom_fields/{field_id}/field_options,listServiceCustomFieldOptions
x22-3877,7,pagerduty,POST,/services/custom_fields/{field_id}/field_options,createServiceCustomFieldOption
x22-3878,8,pagerduty,GET,/services/custom_fields/{field_id}/field_options/{field_option_id},getServiceCustomFieldOption
x22-3879,7,pagerduty,PUT,/services/custom_fields/{field_id}/field_options/{field_option_id},updateServiceCustomFieldOption
x22-3880,6,pagerduty,DELETE,/services/custom_fields/{field_id}/field_options/{field_option_id},deleteServiceCustomFieldOption
x22-3881,6,pagerduty,GET,/services/{id}/custom_fields/values,getServiceCustomFieldValues
x22-3882,8,pagerduty,PUT,/services/{id}/custom_fields/values,updateServiceCustomFieldValues
x22-3883,5,pagerduty,GET,/services/{id}/enablements,listServiceFeatureEnablements
x22-3884,4,pagerduty,PUT,/services/{id}/enablements/{feature_name},updateServiceFeatureEnablement
x22-3885,3,pagerduty,GET,/session_configurations,getSessionConfigurations
x22-3886,8,pagerduty,PUT,/session_configurations,updateSessionConfigurations
x22-3887,8,pagerduty,DELETE,/session_configurations,deleteSessionConfigurations
x22-3888,8,pagerduty,GET,/standards,listStandards
x22-3889,10,pagerduty,PUT,/standards/{id},updateStandard
x22-3890,2,pagerduty,GET,/standards/scores/{resource_type},listResourceStandardsManyServices
x22-3891,7,pagerduty,GET,/standards/scores/{resource_type}/{id},listResourceStandards
x22-3892,10,pagerduty,GET,/status_dashboards,listStatusDashboards
x22-3893,6,pagerduty,GET,/status_dashboards/{id},getStatusDashboardById
x22-3894,2,pagerduty,GET,/status_dashboards/{id}/service_impacts,getStatusDashboardServiceImpactsById
x22-3895,5,pagerduty,GET,/status_dashboards/url_slugs/{url_slug},getStatusDashboardByUrlSlug
x22-3896,10,pagerduty,GET,/status_dashboards/url_slugs/{url_slug}/service_impacts,getStatusDashboardServiceImpactsByUrlSlug
x22-3897,3,pagerduty,GET,/status_pages,listStatusPages
x22-3898,6,pagerduty,GET,/status_pages/{id}/impacts,listStatusPageImpacts
x22-3899,9,pagerduty,GET,/status_pages/{id}/impacts/{impact_id},getStatusPageImpact
x22-3900,9,pagerduty,GET,/status_pages/{id}/services,listStatusPageServices
x22-3901,8,pagerduty,GET,/status_pages/{id}/services/{service_id},getStatusPageService
x22-3902,5,pagerduty,GET,/status_pages/{id}/severities,listStatusPageSeverities
x22-3903,7,pagerduty,GET,/status_pages/{id}/severities/{severity_id},getStatusPageSeverity
x22-3904,8,pagerduty,GET,/status_pages/{id}/statuses,listStatusPageStatuses
x22-3905,3,pagerduty,GET,/status_pages/{id}/statuses/{status_id},getStatusPageStatus
x22-3906,2,pagerduty,GET,/status_pages/{id}/posts,listStatusPagePosts
x22-3907,7,pagerduty,POST,/status_pages/{id}/posts,createStatusPagePost
x22-3908,1,pagerduty,GET,/status_pages/{id}/posts/{post_id},getStatusPagePost
x22-3909,1,pagerduty,PUT,/status_pages/{id}/posts/{post_id},updateStatusPagePost
x22-3910,7,pagerduty,DELETE,/status_pages/{id}/posts/{post_id},deleteStatusPagePost
x22-3911,9,pagerduty,GET,/status_pages/{id}/posts/{post_id}/post_updates,listStatusPagePostUpdates
x22-3912,3,pagerduty,POST,/status_pages/{id}/posts/{post_id}/post_updates,createStatusPagePostUpdate
x22-3913,2,pagerduty,GET,/status_pages/{id}/posts/{post_id}/post_updates/{post_update_id},getPostUpdate
x22-3914,1,pagerduty,PUT,/status_pages/{id}/posts/{post_id}/post_updates/{post_update_id},updateStatusPagePostUpdate
x22-3915,9,pagerduty,DELETE,/status_pages/{id}/posts/{post_id}/post_updates/{post_update_id},deleteStatusPagePostUpdate
x22-3916,6,pagerduty,GET,/status_pages/{id}/posts/{post_id}/postmortem,getPostmortem
x22-3917,10,pagerduty,PUT,/status_pages/{id}/posts/{post_id}/postmortem,createOrUpdateStatusPagePostmortem
x22-3918,10,pagerduty,DELETE,/status_pages/{id}/posts/{post_id}/postmortem,deleteStatusPagePostmortem
x22-3919,8,pagerduty,GET,/status_pages/{id}/subscriptions,listStatusPageSubscriptions
x22-3920,3,pagerduty,POST,/status_pages/{id}/subscriptions,createStatusPageSubscription
x22-3921,2,pagerduty,GET,/status_pages/{id}/subscriptions/{subscription_id},getStatusPageSubscription
x22-3922,8,pagerduty,DELETE,/status_pages/{id}/subscriptions/{subscription_id},deleteStatusPageSubscription
x22-3923,2,pagerduty,GET,/sre_agent/memories,listSreMemories
x22-3924,8,pagerduty,PUT,/sre_agent/memories/{id},updateSreMemory
x22-3925,7,pagerduty,DELETE,/sre_agent/memories/{id},deleteSreMemory
x22-3926,9,pagerduty,GET,/tags,listTags
x22-3927,9,pagerduty,POST,/tags,createTags
x22-3928,3,pagerduty,GET,/tags/{id},getTag
x22-3929,2,pagerduty,DELETE,/tags/{id},deleteTag
x22-3930,9,pagerduty,GET,/tags/{id}/{entity_type},getTagsByEntityType
x22-3931,5,pagerduty,GET,/teams,listTeams
x22-3932,2,pagerduty,POST,/teams,createTeam
x22-3933,4,pagerduty,GET,/teams/{id},getTeam
x22-3934,6,pagerduty,PUT,/teams/{id},updateTeam
x22-3935,2,pagerduty,DELETE,/teams/{id},deleteTeam
x22-3936,9,pagerduty,GET,/teams/{id}/audit/records,listTeamsAuditRecords
x22-3937,6,pagerduty,PUT,/teams/{id}/escalation_policies/{escalation_policy_id},updateTeamEscalationPolicy
x22-3938,4,pagerduty,DELETE,/teams/{id}/escalation_policies/{escalation_policy_id},deleteTeamEscalationPolicy
x22-3939,2,pagerduty,GET,/teams/{id}/members,listTeamUsers
x22-3940,6,pagerduty,GET,/teams/{id}/notification_subscriptions,getTeamNotificationSubscriptions
x22-3941,6,pagerduty,POST,/teams/{id}/notification_subscriptions,createTeamNotificationSubscriptions
x22-3942,10,pagerduty,POST,/teams/{id}/notification_subscriptions/unsubscribe,removeTeamNotificationSubscriptions
x22-3943,5,pagerduty,PUT,/teams/{id}/users/{user_id},updateTeamUser
x22-3944,5,pagerduty,DELETE,/teams/{id}/users/{user_id},deleteTeamUser
x22-3945,8,pagerduty,GET,/templates,getTemplates
x22-3946,9,pagerduty,POST,/templates,createTemplate
x22-3947,2,pagerduty,GET,/templates/{id},getTemplate
x22-3948,4,pagerduty,PUT,/templates/{id},updateTemplate
x22-3949,6,pagerduty,DELETE,/templates/{id},deleteTemplate
x22-3950,3,pagerduty,POST,/templates/{id}/render,renderTemplate
x22-3951,10,pagerduty,GET,/templates/fields,getTemplateFields
x22-3952,2,pagerduty,GET,/users,listUsers
x22-3953,1,pagerduty,POST,/users,createUser
x22-3954,10,pagerduty,GET,/users/{id},getUser
x22-3955,6,pagerduty,PUT,/users/{id},updateUser
x22-3956,6,pagerduty,DELETE,/users/{id},deleteUser
x22-3957,8,pagerduty,GET,/users/{id}/audit/records,listUsersAuditRecords
x22-3958,10,pagerduty,GET,/users/{id}/contact_methods,getUserContactMethods
x22-3959,5,pagerduty,POST,/users/{id}/contact_methods,createUserContactMethod
x22-3960,9,pagerduty,GET,/users/{id}/contact_methods/{contact_method_id},getUserContactMethod
x22-3961,9,pagerduty,PUT,/users/{id}/contact_methods/{contact_method_id},updateUserContactMethod
x22-3962,4,pagerduty,DELETE,/users/{id}/contact_methods/{contact_method_id},deleteUserContactMethod
x22-3963,7,pagerduty,GET,/users/{id}/oauth_delegations,listUserDelegations
x22-3964,6,pagerduty,GET,/users/{id}/oauth_delegations/{delegation_id},getUserDelegation
x22-3965,8,pagerduty,GET,/users/{id}/license,getUserLicense
x22-3966,10,pagerduty,GET,/users/{id}/notification_rules,getUserNotificationRules
x22-3967,2,pagerduty,POST,/users/{id}/notification_rules,createUserNotificationRule
x22-3968,4,pagerduty,GET,/users/{id}/notification_rules/{notification_rule_id},getUserNotificationRule
x22-3969,4,pagerduty,PUT,/users/{id}/notification_rules/{notification_rule_id},updateUserNotificationRule
x22-3970,4,pagerduty,DELETE,/users/{id}/notification_rules/{notification_rule_id},deleteUserNotificationRule
x22-3971,8,pagerduty,GET,/users/{id}/notification_subscriptions,getUserNotificationSubscriptions
x22-3972,2,pagerduty,POST,/users/{id}/notification_subscriptions,createUserNotificationSubscriptions
x22-3973,8,pagerduty,POST,/users/{id}/notification_subscriptions/unsubscribe,unsubscribeUserNotificationSubscriptions
x22-3974,4,pagerduty,GET,/users/{id}/oncall_handoff_notification_rules,getUserHandoffNotificationRules
x22-3975,2,pagerduty,POST,/users/{id}/oncall_handoff_notification_rules,createUserHandoffNotificationRule
x22-3976,7,pagerduty,GET,/users/{id}/oncall_handoff_notification_rules/{oncall_handoff_notification_rule_id},getUserHandoffNotifiactionRule
x22-3977,8,pagerduty,PUT,/users/{id}/oncall_handoff_notification_rules/{oncall_handoff_notification_rule_id},updateUserHandoffNotification
x22-3978,2,pagerduty,DELETE,/users/{id}/oncall_handoff_notification_rules/{oncall_handoff_notification_rule_id},deleteUserHandoffNotificationRule
x22-3979,10,pagerduty,GET,/users/{id}/sessions,getUserSessions
x22-3980,7,pagerduty,DELETE,/users/{id}/sessions,deleteUserSessions
x22-3981,1,pagerduty,GET,/users/{id}/sessions/{type}/{session_id},getUserSession
x22-3982,5,pagerduty,DELETE,/users/{id}/sessions/{type}/{session_id},deleteUserSession
x22-3983,4,pagerduty,GET,/users/{id}/status_update_notification_rules,getUserStatusUpdateNotificationRules
x22-3984,5,pagerduty,POST,/users/{id}/status_update_notification_rules,createUserStatusUpdateNotificationRule
x22-3985,6,pagerduty,GET,/users/{id}/status_update_notification_rules/{status_update_notification_rule_id},getUserStatusUpdateNotificationRule
x22-3986,8,pagerduty,PUT,/users/{id}/status_update_notification_rules/{status_update_notification_rule_id},updateUserStatusUpdateNotificationRule
x22-3987,6,pagerduty,DELETE,/users/{id}/status_update_notification_rules/{status_update_notification_rule_id},deleteUserStatusUpdateNotificationRule
x22-3988,5,pagerduty,POST,/users/{id}/regenerate_private_url_key,regenerateUserPrivateUrlKey
x22-3989,2,pagerduty,GET,/users/me,getCurrentUser
x22-3990,2,pagerduty,GET,/vendors,listVendors
x22-3991,1,pagerduty,GET,/v3/schedules,listSchedulesV3
x22-3992,2,pagerduty,POST,/v3/schedules,createScheduleV3
x22-3993,2,pagerduty,GET,/v3/schedules/{id},getScheduleV3
x22-3994,10,pagerduty,PUT,/v3/schedules/{id},updateScheduleV3
x22-3995,6,pagerduty,DELETE,/v3/schedules/{id},deleteScheduleV3
x22-3996,9,pagerduty,GET,/v3/schedules/{id}/audit/records,listSchedulesAuditRecordsV3
x22-3997,1,pagerduty,GET,/v3/schedules/{id}/custom_shifts,listCustomShifts
x22-3998,10,pagerduty,POST,/v3/schedules/{id}/custom_shifts,createCustomShifts
x22-3999,4,pagerduty,GET,/v3/schedules/{id}/custom_shifts/{custom_shift_id},getCustomShift
x22-4000,4,pagerduty,PUT,/v3/schedules/{id}/custom_shifts/{custom_shift_id},updateCustomShift
x22-4001,9,pagerduty,DELETE,/v3/schedules/{id}/custom_shifts/{custom_shift_id},deleteCustomShift
x22-4002,4,pagerduty,GET,/v3/schedules/{id}/overrides,listOverrides
x22-4003,9,pagerduty,POST,/v3/schedules/{id}/overrides,createOverrides
x22-4004,8,pagerduty,GET,/v3/schedules/{id}/overrides/{override_id},getOverride
x22-4005,2,pagerduty,PUT,/v3/schedules/{id}/overrides/{override_id},updateOverride
x22-4006,3,pagerduty,DELETE,/v3/schedules/{id}/overrides/{override_id},deleteOverride
x22-4007,6,pagerduty,GET,/v3/schedules/{id}/rotations,listRotations
x22-4008,7,pagerduty,POST,/v3/schedules/{id}/rotations,createRotation
x22-4009,2,pagerduty,GET,/v3/schedules/{id}/rotations/{rotation_id},getRotation
x22-4010,3,pagerduty,DELETE,/v3/schedules/{id}/rotations/{rotation_id},deleteRotation
x22-4011,10,pagerduty,GET,/v3/schedules/{id}/rotations/{rotation_id}/events,listEvents
x22-4012,5,pagerduty,POST,/v3/schedules/{id}/rotations/{rotation_id}/events,createEvent
x22-4013,3,pagerduty,GET,/v3/schedules/{id}/rotations/{rotation_id}/events/{event_id},getEvent
x22-4014,10,pagerduty,PUT,/v3/schedules/{id}/rotations/{rotation_id}/events/{event_id},updateEvent
x22-4015,9,pagerduty,DELETE,/v3/schedules/{id}/rotations/{rotation_id}/events/{event_id},deleteEvent
x22-4016,9,pagerduty,GET,/vendors/{id},getVendor
x22-4017,7,pagerduty,GET,/webhook_subscriptions,listWebhookSubscriptions
x22-4018,2,pagerduty,POST,/webhook_subscriptions,createWebhookSubscription
x22-4019,3,pagerduty,GET,/webhook_subscriptions/{id},getWebhookSubscription
x22-4020,10,pagerduty,PUT,/webhook_subscriptions/{id},updateWebhookSubscription
x22-4021,10,pagerduty,DELETE,/webhook_subscriptions/{id},deleteWebhookSubscription
x22-4022,3,pagerduty,POST,/webhook_subscriptions/{id}/enable,enableWebhookSubscription
x22-4023,6,pagerduty,POST,/webhook_subscriptions/{id}/ping,testWebhookSubscription
x22-4024,4,pagerduty,GET,/webhook_subscriptions/oauth_clients,listOauthClients
x22-4025,10,pagerduty,POST,/webhook_subscriptions/oauth_clients,createOauthClient
x22-4026,5,pagerduty,GET,/webhook_subscriptions/oauth_clients/{id},getOauthClient
x22-4027,2,pagerduty,PUT,/webhook_subscriptions/oauth_clients/{id},updateOauthClient
x22-4028,4,pagerduty,DELETE,/webhook_subscriptions/oauth_clients/{id},deleteOauthClient
x22-4029,1,pagerduty,GET,/workflows/integrations,listWorkflowIntegrations
x22-4030,9,pagerduty,GET,/workflows/integrations/{id},getWorkflowIntegration
x22-4031,9,pagerduty,GET,/workflows/integrations/connections,listWorkflowIntegrationConnections
x22-4032,1,pagerduty,GET,/workflows/integrations/{integration_id}/connections,listWorkflowIntegrationConnectionsByIntegration
x22-4033,3,pagerduty,POST,/workflows/integrations/{integration_id}/connections,createWorkflowIntegrationConnection
x22-4034,3,pagerduty,GET,/workflows/integrations/{integration_id}/connections/{id},getWorkflowIntegrationConnection
x22-4035,4,pagerduty,DELETE,/workflows/integrations/{integration_id}/connections/{id},deleteWorkflowIntegrationConnection
x22-4036,9,pagerduty,PATCH,/workflows/integrations/{integration_id}/connections/{id},updateWorkflowIntegrationConnection
x22-4037,6,pagerduty,GET,/recommendations/event_orchestrations/rules,listRecommendedRules
x22-4038,3,pagerduty,POST,/recommendations/event_orchestrations/services/{service_id}/rules/{recommendation_id}/dismiss,dismissRecommendedRule
x22-4039,9,pagerduty,POST,/recommendations/event_orchestrations/services/{service_id}/rules/{recommendation_id}/accept,acceptRecommendedRule
x22-4040,6,pagerduty,DELETE,/recommendations/event_orchestrations/services/{service_id}/accepted_rules/{rule_id},deleteAcceptedRecommendedRule
x22-4041,6,sentry,GET,/api/0/organizations/,listOrganizations
x22-4042,8,sentry,GET,/api/0/organizations/{organization_id_or_slug}/,getOrganization
x22-4043,6,sentry,PUT,/api/0/organizations/{organization_id_or_slug}/,updateOrganization
x22-4044,7,sentry,GET,/api/0/organizations/{organization_id_or_slug}/agents/conversations/,listOrganizationAIConversations
x22-4045,3,sentry,GET,/api/0/organizations/{organization_id_or_slug}/agents/conversations/{conversation_id}/,retrieveOrganizationAIConversation
x22-4046,8,sentry,GET,/api/0/organizations/{organization_id_or_slug}/config/integrations/,getOrganizationConfigIntegrations
x22-4047,2,sentry,GET,/api/0/organizations/{organization_id_or_slug}/dashboards/,listOrganizationDashboards
x22-4048,5,sentry,POST,/api/0/organizations/{organization_id_or_slug}/dashboards/,createOrganizationDashboard
x22-4049,6,sentry,GET,/api/0/organizations/{organization_id_or_slug}/dashboards/{dashboard_id}/,getOrganizationDashboard
x22-4050,5,sentry,PUT,/api/0/organizations/{organization_id_or_slug}/dashboards/{dashboard_id}/,updateOrganizationDashboard
x22-4051,7,sentry,DELETE,/api/0/organizations/{organization_id_or_slug}/dashboards/{dashboard_id}/,deleteOrganizationDashboard
x22-4052,5,sentry,GET,/api/0/organizations/{organization_id_or_slug}/detectors/,listOrganizationDetectors
x22-4053,5,sentry,PUT,/api/0/organizations/{organization_id_or_slug}/detectors/,updateOrganizationDetectors
x22-4054,9,sentry,DELETE,/api/0/organizations/{organization_id_or_slug}/detectors/,deleteOrganizationDetectors
x22-4055,8,sentry,GET,/api/0/organizations/{organization_id_or_slug}/detectors/{detector_id}/,getOrganizationDetector
x22-4056,8,sentry,PUT,/api/0/organizations/{organization_id_or_slug}/detectors/{detector_id}/,updateOrganizationDetector
x22-4057,4,sentry,DELETE,/api/0/organizations/{organization_id_or_slug}/detectors/{detector_id}/,deleteOrganizationDetector
x22-4058,1,sentry,GET,/api/0/organizations/{organization_id_or_slug}/discover/saved/,listOrganizationDiscoverSavedQueries
x22-4059,2,sentry,POST,/api/0/organizations/{organization_id_or_slug}/discover/saved/,createOrganizationDiscoverSavedQuery
x22-4060,4,sentry,GET,/api/0/organizations/{organization_id_or_slug}/discover/saved/{query_id}/,getOrganizationDiscoverSavedQuery
x22-4061,1,sentry,PUT,/api/0/organizations/{organization_id_or_slug}/discover/saved/{query_id}/,updateOrganizationDiscoverSavedQuery
x22-4062,9,sentry,DELETE,/api/0/organizations/{organization_id_or_slug}/discover/saved/{query_id}/,deleteOrganizationDiscoverSavedQuery
x22-4063,5,sentry,GET,/api/0/organizations/{organization_id_or_slug}/environments/,listOrganizationEnvironments
x22-4064,4,sentry,GET,/api/0/organizations/{organization_id_or_slug}/eventids/{event_id}/,resolveOrganizationEventId
x22-4065,1,sentry,GET,/api/0/organizations/{organization_id_or_slug}/events/,listOrganizationEvents
x22-4066,6,sentry,GET,/api/0/organizations/{organization_id_or_slug}/events-timeseries/,listOrganizationEventsTimeseries
x22-4067,6,sentry,POST,/api/0/organizations/{organization_id_or_slug}/external-users/,createOrganizationExternalUser
x22-4068,9,sentry,PUT,/api/0/organizations/{organization_id_or_slug}/external-users/{external_user_id}/,updateOrganizationExternalUser
x22-4069,8,sentry,DELETE,/api/0/organizations/{organization_id_or_slug}/external-users/{external_user_id}/,deleteOrganizationExternalUser
x22-4070,6,sentry,GET,/api/0/organizations/{organization_id_or_slug}/forwarding/,listOrganizationForwarding
x22-4071,2,sentry,POST,/api/0/organizations/{organization_id_or_slug}/forwarding/,createOrganizationForwarding
x22-4072,3,sentry,PUT,/api/0/organizations/{organization_id_or_slug}/forwarding/{data_forwarder_id}/,updateOrganizationForwarding
x22-4073,8,sentry,DELETE,/api/0/organizations/{organization_id_or_slug}/forwarding/{data_forwarder_id}/,deleteOrganizationForwarding
x22-4074,6,sentry,GET,/api/0/organizations/{organization_id_or_slug}/group-search-views/,listOrganizationIssueViews
x22-4075,3,sentry,POST,/api/0/organizations/{organization_id_or_slug}/group-search-views/,createOrganizationIssueView
x22-4076,5,sentry,GET,/api/0/organizations/{organization_id_or_slug}/integrations/,listOrganizationIntegrations
x22-4077,4,sentry,GET,/api/0/organizations/{organization_id_or_slug}/integrations/{integration_id}/,getOrganizationIntegration
x22-4078,4,sentry,DELETE,/api/0/organizations/{organization_id_or_slug}/integrations/{integration_id}/,deleteOrganizationIntegration
x22-4079,4,sentry,GET,/api/0/organizations/{organization_id_or_slug}/integrations/{integration_id}/repos/,listOrganizationIntegrationRepositories
x22-4080,4,sentry,GET,/api/0/organizations/{organization_id_or_slug}/issues/,listOrganizationIssues
x22-4081,3,sentry,PUT,/api/0/organizations/{organization_id_or_slug}/issues/,updateOrganizationIssues
x22-4082,10,sentry,DELETE,/api/0/organizations/{organization_id_or_slug}/issues/,deleteOrganizationIssues
x22-4083,8,sentry,GET,/api/0/organizations/{organization_id_or_slug}/members/,listOrganizationMembers
x22-4084,3,sentry,POST,/api/0/organizations/{organization_id_or_slug}/members/,addOrganizationMember
x22-4085,7,sentry,GET,/api/0/organizations/{organization_id_or_slug}/members/{member_id}/,getOrganizationMember
x22-4086,7,sentry,PUT,/api/0/organizations/{organization_id_or_slug}/members/{member_id}/,updateOrganizationMember
x22-4087,1,sentry,DELETE,/api/0/organizations/{organization_id_or_slug}/members/{member_id}/,deleteOrganizationMember
x22-4088,5,sentry,POST,/api/0/organizations/{organization_id_or_slug}/members/{member_id}/teams/{team_id_or_slug}/,addOrganizationMemberTeam
x22-4089,5,sentry,PUT,/api/0/organizations/{organization_id_or_slug}/members/{member_id}/teams/{team_id_or_slug}/,updateOrganizationMemberTeam
x22-4090,4,sentry,DELETE,/api/0/organizations/{organization_id_or_slug}/members/{member_id}/teams/{team_id_or_slug}/,deleteOrganizationMemberTeam
x22-4091,8,sentry,GET,/api/0/organizations/{organization_id_or_slug}/monitors/,listOrganizationMonitors
x22-4092,6,sentry,POST,/api/0/organizations/{organization_id_or_slug}/monitors/,createOrganizationMonitor
x22-4093,1,sentry,GET,/api/0/organizations/{organization_id_or_slug}/monitors/{monitor_id_or_slug}/,getOrganizationMonitor
x22-4094,10,sentry,PUT,/api/0/organizations/{organization_id_or_slug}/monitors/{monitor_id_or_slug}/,updateOrganizationMonitor
x22-4095,2,sentry,DELETE,/api/0/organizations/{organization_id_or_slug}/monitors/{monitor_id_or_slug}/,deleteOrganizationMonitor
x22-4096,4,sentry,GET,/api/0/organizations/{organization_id_or_slug}/monitors/{monitor_id_or_slug}/checkins/,listOrganizationMonitorCheckins
x22-4097,7,sentry,GET,/api/0/organizations/{organization_id_or_slug}/notifications/actions/,listOrganizationNotificationsActions
x22-4098,5,sentry,POST,/api/0/organizations/{organization_id_or_slug}/notifications/actions/,createOrganizationNotificationsAction
x22-4099,1,sentry,GET,/api/0/organizations/{organization_id_or_slug}/notifications/actions/{action_id}/,getOrganizationNotificationsAction
x22-4100,8,sentry,PUT,/api/0/organizations/{organization_id_or_slug}/notifications/actions/{action_id}/,updateOrganizationNotificationsAction
x22-4101,4,sentry,DELETE,/api/0/organizations/{organization_id_or_slug}/notifications/actions/{action_id}/,deleteOrganizationNotificationsAction
x22-4102,3,sentry,GET,/api/0/organizations/{organization_id_or_slug}/preprodartifacts/{artifact_id}/install-details/,getOrganizationPreprodArtifactInstallDetails
x22-4103,6,sentry,GET,/api/0/organizations/{organization_id_or_slug}/preprodartifacts/{artifact_id}/size-analysis/,getOrganizationPreprodArtifactSizeAnalysis
x22-4104,8,sentry,GET,/api/0/organizations/{organization_id_or_slug}/preprodartifacts/snapshots/{snapshot_id}/,getOrganizationPreprodArtifactSnapshot
x22-4105,8,sentry,DELETE,/api/0/organizations/{organization_id_or_slug}/preprodartifacts/snapshots/{snapshot_id}/,deleteOrganizationPreprodArtifactSnapshot
x22-4106,2,sentry,GET,/api/0/organizations/{organization_id_or_slug}/preprodartifacts/snapshots/{snapshot_id}/images/{image_identifier}/,getOrganizationPreprodArtifactSnapshotImage
x22-4107,3,sentry,GET,/api/0/organizations/{organization_id_or_slug}/preprodartifacts/snapshots/latest-base/,getOrganizationPreprodArtifactSnapshotLatestBase
x22-4108,6,sentry,GET,/api/0/organizations/{organization_id_or_slug}/profiling/chunks/,listOrganizationProfilingChunks
x22-4109,8,sentry,GET,/api/0/organizations/{organization_id_or_slug}/profiling/flamegraph/,getOrganizationProfilingFlamegraph
x22-4110,4,sentry,GET,/api/0/organizations/{organization_id_or_slug}/project-keys/,listOrganizationProjectKeys
x22-4111,9,sentry,GET,/api/0/organizations/{organization_id_or_slug}/projects/,listOrganizationProjects
x22-4112,6,sentry,POST,/api/0/organizations/{organization_id_or_slug}/projects/,createOrganizationProject
x22-4113,2,sentry,POST,/api/0/organizations/{organization_id_or_slug}/projects/{project_id_or_slug}/detectors/,createOrganizationProjectDetector
x22-4114,7,sentry,GET,/api/0/organizations/{organization_id_or_slug}/relay_usage/,listOrganizationRelayUsage
x22-4115,6,sentry,GET,/api/0/organizations/{organization_id_or_slug}/release-threshold-statuses/,listOrganizationReleaseThresholdStatuses
x22-4116,7,sentry,GET,/api/0/organizations/{organization_id_or_slug}/releases/,listOrganizationReleases
x22-4117,3,sentry,POST,/api/0/organizations/{organization_id_or_slug}/releases/,createOrganizationRelease
x22-4118,8,sentry,GET,/api/0/organizations/{organization_id_or_slug}/releases/{version}/,getOrganizationRelease
x22-4119,1,sentry,PUT,/api/0/organizations/{organization_id_or_slug}/releases/{version}/,updateOrganizationRelease
x22-4120,6,sentry,DELETE,/api/0/organizations/{organization_id_or_slug}/releases/{version}/,deleteOrganizationRelease
x22-4121,9,sentry,GET,/api/0/organizations/{organization_id_or_slug}/releases/{version}/commits/,listOrganizationReleaseCommits
x22-4122,3,sentry,GET,/api/0/organizations/{organization_id_or_slug}/releases/{version}/deploys/,listOrganizationReleaseDeploys
x22-4123,3,sentry,POST,/api/0/organizations/{organization_id_or_slug}/releases/{version}/deploys/,createOrganizationReleaseDeploy
x22-4124,5,sentry,GET,/api/0/organizations/{organization_id_or_slug}/releases/{version}/files/,listOrganizationReleaseFiles
x22-4125,3,sentry,POST,/api/0/organizations/{organization_id_or_slug}/releases/{version}/files/,uploadOrganizationReleaseFile
x22-4126,5,sentry,GET,/api/0/organizations/{organization_id_or_slug}/releases/{version}/files/{file_id}/,getOrganizationReleaseFile
x22-4127,2,sentry,PUT,/api/0/organizations/{organization_id_or_slug}/releases/{version}/files/{file_id}/,updateOrganizationReleaseFile
x22-4128,1,sentry,DELETE,/api/0/organizations/{organization_id_or_slug}/releases/{version}/files/{file_id}/,deleteOrganizationReleaseFile
x22-4129,8,sentry,GET,/api/0/organizations/{organization_id_or_slug}/replay-count/,getOrganizationReplayCount
x22-4130,4,sentry,GET,/api/0/organizations/{organization_id_or_slug}/replay-selectors/,listOrganizationReplaySelectors
x22-4131,1,sentry,GET,/api/0/organizations/{organization_id_or_slug}/replays/,listOrganizationReplays
x22-4132,9,sentry,GET,/api/0/organizations/{organization_id_or_slug}/replays/{replay_id}/,getOrganizationReplay
x22-4133,2,sentry,GET,/api/0/organizations/{organization_id_or_slug}/repos/,listOrganizationRepos
x22-4134,1,sentry,GET,/api/0/organizations/{organization_id_or_slug}/repos/{repo_id}/commits/,listOrganizationRepoCommits
x22-4135,5,sentry,GET,/api/0/organizations/{organization_id_or_slug}/scim/v2/Groups,listOrganizationScimV2Groups
x22-4136,10,sentry,POST,/api/0/organizations/{organization_id_or_slug}/scim/v2/Groups,provisionOrganizationScimV2Group
x22-4137,1,sentry,GET,/api/0/organizations/{organization_id_or_slug}/scim/v2/Groups/{team_id_or_slug},getOrganizationScimV2Group
x22-4138,5,sentry,DELETE,/api/0/organizations/{organization_id_or_slug}/scim/v2/Groups/{team_id_or_slug},deleteOrganizationScimV2Group
x22-4139,8,sentry,PATCH,/api/0/organizations/{organization_id_or_slug}/scim/v2/Groups/{team_id_or_slug},updateOrganizationScimV2Group
x22-4140,6,sentry,GET,/api/0/organizations/{organization_id_or_slug}/scim/v2/Users,listOrganizationScimV2Users
x22-4141,3,sentry,POST,/api/0/organizations/{organization_id_or_slug}/scim/v2/Users,provisionOrganizationScimV2User
x22-4142,8,sentry,GET,/api/0/organizations/{organization_id_or_slug}/scim/v2/Users/{member_id},getOrganizationScimV2User
x22-4143,2,sentry,DELETE,/api/0/organizations/{organization_id_or_slug}/scim/v2/Users/{member_id},deleteOrganizationScimV2User
x22-4144,2,sentry,PATCH,/api/0/organizations/{organization_id_or_slug}/scim/v2/Users/{member_id},updateOrganizationScimV2User
x22-4145,4,sentry,GET,/api/0/organizations/{organization_id_or_slug}/sentry-app-components/,listOrganizationSentryAppComponents
x22-4146,4,sentry,GET,/api/0/organizations/{organization_id_or_slug}/sentry-apps/,listOrganizationSentryApps
x22-4147,3,sentry,GET,/api/0/organizations/{organization_id_or_slug}/sessions/,getOrganizationSessions
x22-4148,7,sentry,GET,/api/0/organizations/{organization_id_or_slug}/shortids/{issue_id}/,resolveOrganizationShortId
x22-4149,4,sentry,GET,/api/0/organizations/{organization_id_or_slug}/stats-summary/,getOrganizationStatsSummary
x22-4150,5,sentry,GET,/api/0/organizations/{organization_id_or_slug}/stats_v2/,listOrganizationStatsV2
x22-4151,10,sentry,GET,/api/0/organizations/{organization_id_or_slug}/tags/,listOrganizationTags
x22-4152,1,sentry,GET,/api/0/organizations/{organization_id_or_slug}/teams/,listOrganizationTeams
x22-4153,8,sentry,POST,/api/0/organizations/{organization_id_or_slug}/teams/,createOrganizationTeam
x22-4154,3,sentry,GET,/api/0/organizations/{organization_id_or_slug}/trace-items/attributes/,listOrganizationTraceItemAttributes
x22-4155,1,sentry,GET,/api/0/organizations/{organization_id_or_slug}/trace-items/metrics/,listOrganizationTraceMetrics
x22-4156,8,sentry,GET,/api/0/organizations/{organization_id_or_slug}/trace-items/stats/,Retrieve Trace Item Statistics
x22-4157,5,sentry,GET,/api/0/organizations/{organization_id_or_slug}/trace-meta/{trace_id}/,getOrganizationTraceMeta
x22-4158,5,sentry,GET,/api/0/organizations/{organization_id_or_slug}/trace/{trace_id}/,getOrganizationTrace
x22-4159,8,sentry,GET,/api/0/organizations/{organization_id_or_slug}/user-teams/,listOrganizationUserTeams
x22-4160,9,sentry,GET,/api/0/organizations/{organization_id_or_slug}/workflows/,listOrganizationWorkflows
x22-4161,8,sentry,POST,/api/0/organizations/{organization_id_or_slug}/workflows/,createOrganizationWorkflow
x22-4162,5,sentry,PUT,/api/0/organizations/{organization_id_or_slug}/workflows/,updateOrganizationWorkflows
x22-4163,2,sentry,DELETE,/api/0/organizations/{organization_id_or_slug}/workflows/,deleteOrganizationWorkflows
x22-4164,7,sentry,GET,/api/0/organizations/{organization_id_or_slug}/workflows/{workflow_id}/,getOrganizationWorkflow
x22-4165,4,sentry,PUT,/api/0/organizations/{organization_id_or_slug}/workflows/{workflow_id}/,updateOrganizationWorkflow
x22-4166,6,sentry,DELETE,/api/0/organizations/{organization_id_or_slug}/workflows/{workflow_id}/,deleteOrganizationWorkflow
x22-4167,8,sentry,GET,/api/0/projects/{organization_id_or_slug}/{project_id_or_slug}/,getProject
x22-4168,10,sentry,PUT,/api/0/projects/{organization_id_or_slug}/{project_id_or_slug}/,updateProject
x22-4169,5,sentry,DELETE,/api/0/projects/{organization_id_or_slug}/{project_id_or_slug}/,deleteProject
x22-4170,8,sentry,GET,/api/0/projects/{organization_id_or_slug}/{project_id_or_slug}/codeowners/,listProjectCodeOwners
x22-4171,9,sentry,POST,/api/0/projects/{organization_id_or_slug}/{project_id_or_slug}/codeowners/,createProjectCodeOwners
x22-4172,4,sentry,GET,/api/0/projects/{organization_id_or_slug}/{project_id_or_slug}/codeowners/{codeowners_id}/,retrieveProjectCodeOwners
x22-4173,5,sentry,PUT,/api/0/projects/{organization_id_or_slug}/{project_id_or_slug}/codeowners/{codeowners_id}/,updateProjectCodeOwners
x22-4174,9,sentry,DELETE,/api/0/projects/{organization_id_or_slug}/{project_id_or_slug}/codeowners/{codeowners_id}/,deleteProjectCodeOwners
x22-4175,6,sentry,GET,/api/0/projects/{organization_id_or_slug}/{project_id_or_slug}/environments/,listProjectEnvironments
x22-4176,5,sentry,PUT,/api/0/projects/{organization_id_or_slug}/{project_id_or_slug}/environments/,Bulk Update Project Environments
x22-4177,3,sentry,GET,/api/0/projects/{organization_id_or_slug}/{project_id_or_slug}/environments/{environment}/,getProjectEnvironment
x22-4178,8,sentry,PUT,/api/0/projects/{organization_id_or_slug}/{project_id_or_slug}/environments/{environment}/,updateProjectEnvironment
x22-4179,7,sentry,GET,/api/0/projects/{organization_id_or_slug}/{project_id_or_slug}/events/,listProjectEvents
x22-4180,1,sentry,GET,/api/0/projects/{organization_id_or_slug}/{project_id_or_slug}/events/{event_id}/,getProjectEvent
x22-4181,8,sentry,GET,/api/0/projects/{organization_id_or_slug}/{project_id_or_slug}/events/{event_id}/attachments/,listProjectEventAttachments
x22-4182,8,sentry,GET,/api/0/projects/{organization_id_or_slug}/{project_id_or_slug}/events/{event_id}/attachments/{attachment_id}/,getProjectEventAttachment
x22-4183,1,sentry,GET,/api/0/projects/{organization_id_or_slug}/{project_id_or_slug}/events/{event_id}/source-map-debug/,getProjectEventSourceMapDebug
x22-4184,7,sentry,GET,/api/0/projects/{organization_id_or_slug}/{project_id_or_slug}/files/dsyms/,listProjectDebugFiles
x22-4185,2,sentry,GET,/api/0/projects/{organization_id_or_slug}/{project_id_or_slug}/filters/,listProjectFilters
x22-4186,10,sentry,PUT,/api/0/projects/{organization_id_or_slug}/{project_id_or_slug}/filters/{filter_id}/,updateProjectFilter
x22-4187,4,sentry,GET,/api/0/projects/{organization_id_or_slug}/{project_id_or_slug}/keys/,listProjectKeys
x22-4188,6,sentry,POST,/api/0/projects/{organization_id_or_slug}/{project_id_or_slug}/keys/,createProjectKey
x22-4189,8,sentry,GET,/api/0/projects/{organization_id_or_slug}/{project_id_or_slug}/keys/{key_id}/,getProjectKey
x22-4190,1,sentry,PUT,/api/0/projects/{organization_id_or_slug}/{project_id_or_slug}/keys/{key_id}/,updateProjectKey
x22-4191,2,sentry,DELETE,/api/0/projects/{organization_id_or_slug}/{project_id_or_slug}/keys/{key_id}/,deleteProjectKey
x22-4192,3,sentry,GET,/api/0/projects/{organization_id_or_slug}/{project_id_or_slug}/members/,listProjectMembers
x22-4193,9,sentry,GET,/api/0/projects/{organization_id_or_slug}/{project_id_or_slug}/monitors/{monitor_id_or_slug}/,getProjectMonitor
x22-4194,4,sentry,PUT,/api/0/projects/{organization_id_or_slug}/{project_id_or_slug}/monitors/{monitor_id_or_slug}/,updateProjectMonitor
x22-4195,10,sentry,DELETE,/api/0/projects/{organization_id_or_slug}/{project_id_or_slug}/monitors/{monitor_id_or_slug}/,deleteProjectMonitor
x22-4196,4,sentry,GET,/api/0/projects/{organization_id_or_slug}/{project_id_or_slug}/monitors/{monitor_id_or_slug}/checkins/,listProjectMonitorCheckins
x22-4197,2,sentry,GET,/api/0/projects/{organization_id_or_slug}/{project_id_or_slug}/ownership/,getProjectOwnership
x22-4198,6,sentry,PUT,/api/0/projects/{organization_id_or_slug}/{project_id_or_slug}/ownership/,updateProjectOwnership
x22-4199,5,sentry,GET,/api/0/projects/{organization_id_or_slug}/{project_id_or_slug}/preprod/size-analysis/status-check-rules/,getProjectPreprodSizeAnalysisStatusCheckRules
x22-4200,1,sentry,POST,/api/0/projects/{organization_id_or_slug}/{project_id_or_slug}/preprod/size-analysis/status-checks/skip/,createProjectPreprodSizeAnalysisSkippedStatusCheck
x22-4201,8,sentry,GET,/api/0/projects/{organization_id_or_slug}/{project_id_or_slug}/preprod/snapshots/status-check-rules/,getProjectPreprodSnapshotStatusCheckRules
x22-4202,7,sentry,POST,/api/0/projects/{organization_id_or_slug}/{project_id_or_slug}/preprod/snapshots/status-checks/skip/,createProjectPreprodSnapshotSkippedStatusCheck
x22-4203,4,sentry,GET,/api/0/projects/{organization_id_or_slug}/{project_id_or_slug}/preprodartifacts/build-distribution/latest/,getProjectInstallableBuildLatest
x22-4204,9,sentry,POST,/api/0/projects/{organization_id_or_slug}/{project_id_or_slug}/preprodartifacts/snapshots/,uploadProjectPreprodArtifactSnapshot
x22-4205,7,sentry,GET,/api/0/projects/{organization_id_or_slug}/{project_id_or_slug}/profiling/profiles/{profile_id}/,getProjectProfilingProfile
x22-4206,2,sentry,GET,/api/0/projects/{organization_id_or_slug}/{project_id_or_slug}/releases/,listProjectReleases
x22-4207,3,sentry,GET,/api/0/projects/{organization_id_or_slug}/{project_id_or_slug}/releases/{version}/commits/,listProjectReleaseCommits
x22-4208,6,sentry,GET,/api/0/projects/{organization_id_or_slug}/{project_id_or_slug}/releases/{version}/files/,listProjectReleaseFiles
x22-4209,7,sentry,POST,/api/0/projects/{organization_id_or_slug}/{project_id_or_slug}/releases/{version}/files/,uploadProjectReleaseFile
x22-4210,2,sentry,GET,/api/0/projects/{organization_id_or_slug}/{project_id_or_slug}/releases/{version}/files/{file_id}/,getProjectReleaseFile
x22-4211,9,sentry,PUT,/api/0/projects/{organization_id_or_slug}/{project_id_or_slug}/releases/{version}/files/{file_id}/,updateProjectReleaseFile
x22-4212,5,sentry,DELETE,/api/0/projects/{organization_id_or_slug}/{project_id_or_slug}/releases/{version}/files/{file_id}/,deleteProjectReleaseFile
x22-4213,10,sentry,DELETE,/api/0/projects/{organization_id_or_slug}/{project_id_or_slug}/replays/{replay_id}/,deleteProjectReplay
x22-4214,1,sentry,GET,/api/0/projects/{organization_id_or_slug}/{project_id_or_slug}/replays/{replay_id}/clicks/,listProjectReplayClicks
x22-4215,5,sentry,GET,/api/0/projects/{organization_id_or_slug}/{project_id_or_slug}/replays/{replay_id}/recording-segments/,listProjectReplayRecordingSegments
x22-4216,7,sentry,GET,/api/0/projects/{organization_id_or_slug}/{project_id_or_slug}/replays/{replay_id}/recording-segments/{segment_id}/,getProjectReplayRecordingSegment
x22-4217,6,sentry,GET,/api/0/projects/{organization_id_or_slug}/{project_id_or_slug}/replays/{replay_id}/viewed-by/,listProjectReplayViewedBy
x22-4218,4,sentry,GET,/api/0/projects/{organization_id_or_slug}/{project_id_or_slug}/replays/jobs/delete/,listProjectReplayDeletionJobs
x22-4219,10,sentry,POST,/api/0/projects/{organization_id_or_slug}/{project_id_or_slug}/replays/jobs/delete/,createProjectReplayDeletionJob
x22-4220,5,sentry,GET,/api/0/projects/{organization_id_or_slug}/{project_id_or_slug}/replays/jobs/delete/{job_id}/,getProjectReplayDeletionJob
x22-4221,4,sentry,POST,/api/0/projects/{organization_id_or_slug}/{project_id_or_slug}/repo/,linkProjectRepository
x22-4222,7,sentry,GET,/api/0/projects/{organization_id_or_slug}/{project_id_or_slug}/stats/,listProjectStats
x22-4223,2,sentry,GET,/api/0/projects/{organization_id_or_slug}/{project_id_or_slug}/symbol-sources/,listProjectSymbolSources
x22-4224,3,sentry,POST,/api/0/projects/{organization_id_or_slug}/{project_id_or_slug}/symbol-sources/,addProjectSymbolSource
x22-4225,6,sentry,PUT,/api/0/projects/{organization_id_or_slug}/{project_id_or_slug}/symbol-sources/,updateProjectSymbolSource
x22-4226,2,sentry,DELETE,/api/0/projects/{organization_id_or_slug}/{project_id_or_slug}/symbol-sources/,deleteProjectSymbolSource
x22-4227,9,sentry,GET,/api/0/projects/{organization_id_or_slug}/{project_id_or_slug}/teams/,listProjectTeams
x22-4228,3,sentry,POST,/api/0/projects/{organization_id_or_slug}/{project_id_or_slug}/teams/{team_id_or_slug}/,addProjectTeam
x22-4229,10,sentry,DELETE,/api/0/projects/{organization_id_or_slug}/{project_id_or_slug}/teams/{team_id_or_slug}/,deleteProjectTeam
x22-4230,6,sentry,GET,/api/0/projects/{organization_id_or_slug}/{project_id_or_slug}/users/,listProjectUsers
x22-4231,9,sentry,GET,/api/0/seer/models/,listSeerModels
x22-4232,2,sentry,POST,/api/0/sentry-app-installations/{uuid}/external-issue-actions/,executeSentryAppInstallationExternalIssueAction
x22-4233,9,sentry,GET,/api/0/sentry-app-installations/{uuid}/external-requests/,getSentryAppInstallationExternalRequestOptions
x22-4234,10,sentry,GET,/api/0/sentry-apps/{sentry_app_id_or_slug}/,getSentryApp
x22-4235,4,sentry,PUT,/api/0/sentry-apps/{sentry_app_id_or_slug}/,updateSentryApp
x22-4236,2,sentry,DELETE,/api/0/sentry-apps/{sentry_app_id_or_slug}/,deleteSentryApp
x22-4237,6,sentry,GET,/api/0/teams/{organization_id_or_slug}/{team_id_or_slug}/,getTeam
x22-4238,4,sentry,PUT,/api/0/teams/{organization_id_or_slug}/{team_id_or_slug}/,updateTeam
x22-4239,7,sentry,DELETE,/api/0/teams/{organization_id_or_slug}/{team_id_or_slug}/,deleteTeam
x22-4240,6,sentry,POST,/api/0/teams/{organization_id_or_slug}/{team_id_or_slug}/external-teams/,createTeamExternalTeam
x22-4241,3,sentry,PUT,/api/0/teams/{organization_id_or_slug}/{team_id_or_slug}/external-teams/{external_team_id}/,updateTeamExternalTeam
x22-4242,5,sentry,DELETE,/api/0/teams/{organization_id_or_slug}/{team_id_or_slug}/external-teams/{external_team_id}/,deleteTeamExternalTeam
x22-4243,9,sentry,GET,/api/0/teams/{organization_id_or_slug}/{team_id_or_slug}/members/,listTeamMembers
x22-4244,1,sentry,GET,/api/0/teams/{organization_id_or_slug}/{team_id_or_slug}/projects/,listTeamProjects
x22-4245,5,sentry,POST,/api/0/teams/{organization_id_or_slug}/{team_id_or_slug}/projects/,createTeamProject
x22-4246,5,sentry,GET,/api/0/projects/{organization_id_or_slug}/{project_id_or_slug}/tags/{key}/values/,List a Tag's Values
x22-4247,2,sentry,GET,/api/0/projects/{organization_id_or_slug}/{project_id_or_slug}/user-feedback/,List a Project's User Feedback
x22-4248,2,sentry,POST,/api/0/projects/{organization_id_or_slug}/{project_id_or_slug}/user-feedback/,Submit User Feedback
x22-4249,10,sentry,GET,/api/0/projects/{organization_id_or_slug}/{project_id_or_slug}/hooks/,List a Project's Service Hooks
x22-4250,4,sentry,POST,/api/0/projects/{organization_id_or_slug}/{project_id_or_slug}/hooks/,Register a New Service Hook
x22-4251,2,sentry,GET,/api/0/projects/{organization_id_or_slug}/{project_id_or_slug}/hooks/{hook_id}/,Retrieve a Service Hook
x22-4252,3,sentry,PUT,/api/0/projects/{organization_id_or_slug}/{project_id_or_slug}/hooks/{hook_id}/,Update a Service Hook
x22-4253,2,sentry,DELETE,/api/0/projects/{organization_id_or_slug}/{project_id_or_slug}/hooks/{hook_id}/,Remove a Service Hook
x22-4254,2,sentry,GET,/api/0/projects/{organization_id_or_slug}/{project_id_or_slug}/issues/,List a Project's Issues
x22-4255,7,sentry,PUT,/api/0/projects/{organization_id_or_slug}/{project_id_or_slug}/issues/,Bulk Mutate a List of Issues
x22-4256,7,sentry,DELETE,/api/0/projects/{organization_id_or_slug}/{project_id_or_slug}/issues/,Bulk Remove a List of Issues
x22-4257,4,sentry,GET,/api/0/organizations/{organization_id_or_slug}/issues/{issue_id}/tags/{key}/values/,listOrganizationIssueTagValues
x22-4258,7,sentry,GET,/api/0/organizations/{organization_id_or_slug}/releases/{version}/commitfiles/,Retrieve Files Changed in a Release's Commits
x22-4259,1,sentry,GET,/api/0/organizations/{organization_id_or_slug}/sentry-app-installations/,List an Organization's Integration Platform Installations
x22-4260,10,sentry,POST,/api/0/sentry-app-installations/{uuid}/external-issues/,Create or update an External Issue
x22-4261,5,sentry,DELETE,/api/0/sentry-app-installations/{uuid}/external-issues/{external_issue_id}/,Delete an External Issue
x22-4262,8,sentry,POST,/api/0/organizations/{organization_id_or_slug}/spike-protections/,Enable Spike Protection
x22-4263,7,sentry,DELETE,/api/0/organizations/{organization_id_or_slug}/spike-protections/,Disable Spike Protection
x22-4264,2,sentry,GET,/api/0/organizations/{organization_id_or_slug}/issues/{issue_id}/,getOrganizationIssue
x22-4265,1,sentry,PUT,/api/0/organizations/{organization_id_or_slug}/issues/{issue_id}/,updateOrganizationIssue
x22-4266,5,sentry,DELETE,/api/0/organizations/{organization_id_or_slug}/issues/{issue_id}/,deleteOrganizationIssue
x22-4267,10,sentry,GET,/api/0/organizations/{organization_id_or_slug}/issues/{issue_id}/autofix/,getOrganizationIssueAutofixState
x22-4268,9,sentry,POST,/api/0/organizations/{organization_id_or_slug}/issues/{issue_id}/autofix/,startOrganizationIssueAutofix
x22-4269,5,sentry,GET,/api/0/organizations/{organization_id_or_slug}/issues/{issue_id}/events/,listOrganizationIssueEvents
x22-4270,1,sentry,GET,/api/0/organizations/{organization_id_or_slug}/issues/{issue_id}/events/{event_id}/,getOrganizationIssueEvent
x22-4271,5,sentry,GET,/api/0/organizations/{organization_id_or_slug}/issues/{issue_id}/external-issues/,listOrganizationIssueExternalIssues
x22-4272,6,sentry,DELETE,/api/0/organizations/{organization_id_or_slug}/issues/{issue_id}/external-issues/{external_issue_id}/,deleteOrganizationIssueExternalIssue
x22-4273,5,sentry,GET,/api/0/organizations/{organization_id_or_slug}/issues/{issue_id}/hashes/,listOrganizationIssueHashes
x22-4274,7,sentry,GET,/api/0/organizations/{organization_id_or_slug}/issues/{issue_id}/integrations/,listOrganizationIssueIntegrations
x22-4275,2,sentry,GET,/api/0/organizations/{organization_id_or_slug}/issues/{issue_id}/integrations/{integration_id}/,Retrieve an Integration's Issue Config for an Issue
x22-4276,7,sentry,POST,/api/0/organizations/{organization_id_or_slug}/issues/{issue_id}/integrations/{integration_id}/,Create an External Issue and Link It to an Issue
x22-4277,6,sentry,PUT,/api/0/organizations/{organization_id_or_slug}/issues/{issue_id}/integrations/{integration_id}/,Link an Existing External Issue to an Issue
x22-4278,1,sentry,DELETE,/api/0/organizations/{organization_id_or_slug}/issues/{issue_id}/integrations/{integration_id}/,Unlink an External Issue from an Issue
x22-4279,1,sentry,GET,/api/0/organizations/{organization_id_or_slug}/issues/{issue_id}/tags/{key}/,getOrganizationIssueTag
