set,repo,method,path,operationId,tool_class,gt_class,rule_id,words_fired,confidence,summary,description_first_sentence,description_rest,reader_reason,state_effect,external_effect,doubt
camara-build,ApplicationProfiles,PATCH,/application-profiles/{applicationProfileId},updateApplicationProfile,x,w,L3-live-noun,nouns=network verb=update,low,Update an Application Profile,Update the complete set of network quality thresholds for an application with the new set of thresholds to ensure good end user experience,,"Description states it updates ""the complete set of network quality thresholds for an application with the new set of thresholds"", i.e. a full replace of the identified profile's thresholds.",idempotent,none,
camara-build,CarrierBillingCheckOut,POST,/payments/{paymentId}/cancel,cancelPayment,x,w,L2-danger-verb,"verbs=cancel,pay,reserv",high,Cancel a payment,"Cancel a reservation of a given payment, identified by its paymentId.",,"Description says it will ""Cancel a reservation of a given payment"" before it is charged, which converges the reservation to a cancelled end state and does not move money or reach a third party.",idempotent,none,
camara-build,ConnectedNetworkType,DELETE,/subscriptions/{subscriptionId},deleteConnectedNetworkTypeSubscription,x,w,L3-live-noun,nouns=network verb=delete,low,Delete connected network type event subscription for a device,delete a given ConnectedNetworkType subscription.,,"This is the standard CAMARA subscription delete operation on /subscriptions/{subscriptionId}: it removes the identified subscription, converging to the same absent-subscription end state on repetition and issuing no further notifications itself.",idempotent,none,
camara-build,ConsentInfo,POST,/retrieve,retrieveStatus,x,r,L3-live-noun,nouns=access verb=create,low,Create a request to retrieve the validity status of the data processing,"Create a request to retrieve the validity status of the API Consumer data processing for a given User, scope(s) and Purpose.",The API Consumer is identified by the `client_id` parameter deduced from the access token.,"Description says it will ""Create a request to retrieve the validity status of the API Consumer data processing for a given User, scope(s) and Purpose"", i.e. despite the verb ""create"" in the summary it only reads and returns existing consent status, optionally with a one-off captureUrl, not a subscription.",none,none,
camara-build,EdgeApplicationManagement,DELETE,/app-instances/{appInstanceId},deleteAppInstance,x,w,L2-danger-verb,verbs=terminat,high,Terminate an Application Instance,Terminate a running instance of an application within an Edge Cloud Zone,,description 'Terminate a running instance of an application within an Edge Cloud Zone' is an idempotent removal of the caller's own instance.,idempotent,none,
camara-build,EdgeApplicationManagement,DELETE,/deployments/{appDeploymentId},deleteAppDeployment,x,w,L2-danger-verb,verbs=terminat,high,Terminate an Application Deployment,Delete a deployment terminating all related instances of an application,,description 'Delete a deployment terminating all related instances of an application' idempotently tears down the caller's own deployment.,idempotent,none,
camara-build,EdgeApplicationManagement,PATCH,/deployments/{appDeploymentId},updateAppDeployment,x,w,L5-floor,verb=update,method-only,Update an Application Deployment,Update the configuration or properties of an existing application deployment using JSON Merge Patch semantics (RFC 7396).,"Only the fields provided in the request body will be updated. Fields not included in the request will remain unchanged. IMPORTANT: When updating array fields (like edgeCloudZones or kubernetesClusterRefs), JSON Merge Patch will REPLACE the entire array, not merge or append to it. This operation may include changing the deployment name, target Edge Cloud Zones, or other updatable fields.","description specifies JSON Merge Patch semantics where 'Only the fields provided in the request body will be updated,' a repeatable set-style update.",idempotent,none,
camara-build,IoTSIMFraudPrevention,DELETE,/subscriptions/{subscriptionId},deleteSubscription,x,w,L2-danger-verb,"verbs=notif,sent",high,Delete subscription,Delete an existing subscription.,"After deletion, no further notifications will be sent.","""Delete an existing subscription. After deletion, no further notifications will be sent"" is a delete whose repetition leaves the subscription gone either way.",idempotent,none,
camara-build,IoTSIMFraudPrevention,POST,/query,query,x,r,L5-floor,verb=iot,method-only,IoT SIM Fraud Prevention Query,Retrieve the current IMEI binding status or area restriction for a device.,,"The request body only carries a device identifier and queryType, and the response only reports current bind or area-limit status with no resource created or modified.",none,none,
camara-build,KnowYourCustomerAgeVerification,POST,/verify,verifyAge,x,r,L5-floor,verb=verify,method-only,Verify Age Threshold,Verify that the age of the subscriber associated with a phone number is equal to or greater than the specified age threshold value.,"As it is possible that the person holding the contract and the end-user of the subscription may not be the same, the endpoint also admits a list of optional properties to be included in the request to improve the identification. The response may optionally include the `identityMatchScore` property with a value that indicates how certain it is that the information returned relates to the person that the API Client is requesting. To increase the reliability of the information returned, the API Provider may include in the response the `verifiedStatus` property, indicating whether the identity inf","As the standalone KnowYourCustomerAgeVerification repo's copy of /verify, it 'checks if the age of the subscriber is older than the age threshold' and returns ageCheck, a pure lookup with no side effects.",none,none,
camara-build,KnowYourCustomerMatch,POST,/match,kycMatch,x,r,L5-floor,verb=matching,method-only,Matching a customer identity by checking a set of attributes related against the account data bound to their phone number.,Verify matching of a number of attributes related to a customer identity against the verified data bound to their phone number in the Operator systems.,"Regardless of whether the `phoneNumber` is explicitly stated in the request body, at least one of the other fields must be provided, otherwise a `HTTP 400 - KNOW_YOUR_CUSTOMER.INVALID_PARAM_COMBINATION` error will be returned. The API will return the result of the matching process for each requested attribute. This means that the response will **only** contain the attributes for which validation has been requested. Possible values are:k - **true**: the attribute provided matches with the one in the Operator systems, which is equal to a `match_score` of 100. - **false**: the attribute provided ","As the standalone Match repo's endpoint, it compares SP-held attributes against the Operator's verified KYC records and returns per-attribute match results, never writing data.",none,none,
camara-build,MostFrequentLocation,POST,/verify,verifyFrequentLocation,x,r,L5-floor,verb=verify,method-only,Verify the most frequent location of a device,Verify the frequency with which a device is within a requested geographic area location.,The location can be defined by a postal code or a latitude and longitude coordinates. The operation returns a score representing how frequently the device was connected to antennas whose coverage covers the requested area.,"The operation 'returns a score representing how frequently the device was connected to antennas' whose coverage matches the requested area, a computed read with no state change.",none,none,
camara-build,NetworkAccessManagement,DELETE,/reboot-requests/{rebootRequestId},deleteRebootRequest,x,w,L2-danger-verb,"verbs=cancel,reboot",high,Delete an existing Reboot Request,"Deletes an existing Reboot Request, cancelling the scheduled reboot if it has not yet occurred.",,"Deletes the Reboot Request, ""cancelling the scheduled reboot if it has not yet occurred"", a standard idempotent delete of a resource.",idempotent,none,
camara-build,NetworkAccessManagement,POST,/trust-domains,createTrustDomain,x,w,L5-floor,verb=create,method-only,Create a new Trust Domain,Creates and returns the new Trust Domain.,A 409 ALREADY_EXISTS is returned if a Trust Domain with the same name already exists for the referenced service.,"Creation is guarded by name uniqueness (""409 ALREADY_EXISTS ... if a Trust Domain with the same name already exists""), so repeated identical requests converge on the same single domain rather than each creating a distinct resource, and the config is applied only to the caller's own network access devices.",idempotent,none,
camara-build,NetworkAccessManagement,PATCH,/trust-domains/{trustDomainId},updateTrustDomain,x,w,L3-live-noun,"nouns=access,network verb=update",low,Update a specific Trust Domain,Updates the Trust Domain identified by the given ID.,Any changes are automatically applied to all network access devices where the Trust Domain is configured.,"Updates the Trust Domain by ID with full-replacement semantics for accessDetails, so repeating the same PATCH body leaves the domain in the same state.",idempotent,none,
camara-build,NetworkAccessManagement,DELETE,/trust-domains/{trustDomainId},deleteTrustDomain,x,w,L3-live-noun,"nouns=access,network verb=delete",low,Delete a specific Trust Domain,Deletes the Trust Domain identified by the given ID and removes its configuration from all network access devices where it is applied.,,"Deletes the Trust Domain and removes its configuration from all network access devices where applied, a standard idempotent resource delete.",idempotent,none,
camara-build,NetworkAccessManagement,PATCH,/trust-domains/{trustDomainId}/devices/{deviceId},updateTrustDomainDevice,x,w,L5-floor,verb=update,method-only,Update a device in a Trust Domain,Updates the device identified by the given ID within the specified Trust Domain.,Only the fields included in the request body will be updated. The `bootstrappingInfo` and `deviceCredential` fields use full replacement semantics when included.,"Only included fields are updated, with `bootstrappingInfo`/`deviceCredential` replaced wholesale when present, making repeated identical PATCHes converge on the same device state.",idempotent,none,
camara-build,NetworkSliceBooking,DELETE,/slices/{sliceId},deleteSlice,x,w,L2-danger-verb,verbs=releas,high,Delete a network slice,Release slice resources related to sliceId.,"NOTES: - The deletion operation takes effect immediately, e.g. if the slice is deleted before the end of the service time, the service will end ahead of the scheduled time. - If the slice is deleted, the API consumer will not be able to retrieve information about the slice. - The deletion operation is idempotent, meaning that if the slice is already deleted, the API consumer will receive a response with code `204 - No Content`.","The spec states explicitly ""The deletion operation is idempotent, meaning that if the slice is already deleted, the API consumer will receive a response with code 204"".",idempotent,none,
camara-build,NumberVerification,POST,/verify,phoneNumberVerify,x,r,L3-live-noun,"nouns=access,network verb=verify",low,Verifies if the received hashed/plain text phone number matches the phone number associated with the access token,Verifies if the specified phone number (either in plain text or hashed format) matches the one that the user is currently using.,Only one of the plain or hashed formats must be provided. - The number verification will be done for the user that has authenticated via mobile network - It returns true/false depending on if the hashed phone number received as input matches the authenticated user's `device phone number` associated to the access token,"Compares the supplied phone number against the one tied to the access token and returns true/false, described purely as a verification check with no state change.",none,none,
camara-build,OptimalEdgeDiscovery,POST,/retrieve-optimal-edge-cloud-zones,discoverOptimalEdge,x,r,L5-floor,verb=discover,method-only,Discover optimal edge cloud zones for deployed applications,Returns a list of optimal edge cloud zones where you can register your deployed application.,"The `applicationProfileId` is required; optionally, device information and a preferred `edgeCloudRegion` may also be specified.","Request body is only an applicationProfileId plus optional device/region identifiers, and the response is a ranked list of zones with no resource created by the call.",none,none,
camara-build,PredictiveConnectivityData,POST,/retrieve,retrieveConnectivity,x,r,L1-structural,"structural=callbacks,sink",high,Obtain connectivity information in the specified area,"Retrieves the connectivity for a concrete area, specifying the required service level that has to be met in the whole area in the requested network type/s.","Optionally, raw signal strength values can be included in the response if supported by the implementation.",Retrieves a connectivity estimation for a requested area/service level/time window; the request is a query and the response is computed data with no resource created.,none,none,
camara-build,QualityOnDemand,POST,/retrieve-qos-profiles,retrieveQosProfiles,x,r,L2-danger-verb,"verbs=send,sent,transfer",high,Retrieve QoS profiles,Returns all QoS Profiles that match the given criteria.,"**NOTES:** - The access token may be either a 2-legged or 3-legged access token. - If the access token is 3-legged, all returned QoS Profiles will be available to the subject (device) associated with the access token. - If the access token is 2-legged and a device filter is provided, all returned QoS Profiles will be available to that device. If multiple device identifiers are provided within the device property, only QoS Profiles available to the device identifier chosen by the implementation will be returned, even if the identifiers do not match the same device. API provider does not perform","The operation only returns a filtered list of QoS Profiles (""Returns all QoS Profiles that match the given criteria"") and does not create or modify any resource.",none,none,
camara-build,QualityOnDemand,DELETE,/qos-assignments/{assignmentId},revokeQosAssignment,x,w,L2-danger-verb,"verbs=notif,revok",high,Revokes a QoS profile assignment identified by an assignment record ID,Revokes the assignment of a QoS profile to a device performed by a previous assignment operation.,"If the notification callback is provided and the assignment status was `AVAILABLE`, when the process is completed, the API consumer will receive in addition to the response a `ASSIGNMENT_STATUS_CHANGED` event with - `status` as `UNAVAILABLE` and - `statusInfo` as `DELETE_REQUESTED` There will be no notification event if the `status` was already `UNAVAILABLE`. **NOTES:** - The access token may be either 2-legged or 3-legged. - If a 3-legged access token is used, the subject associated with the QoS profile assignment must also be associated with the access token. - The QoS profile assignment mus","The operation ""revokes the assignment of a QoS profile to a device"" by deleting the existing assignment record, matching the ordinary resource-deletion pattern.",idempotent,none,
camara-build,QualityOnDemand,POST,/retrieve-qos-assignment,getQosAssignmentByDevice,x,r,L2-danger-verb,"verbs=invok,send,sent,transfer",high,Returns the assignment record details of the QoS profile assignment for a device,"Returns the details of the record for the assignment of a QoS profile to a device, if any.","**NOTES:** - The access token may be either 2-legged or 3-legged. See ""Identifying the device from the access token"" for further information - When the API is invoked using a two-legged access token, the subject will be identified from the optional `device` object, which therefore MUST be provided. - When a three-legged access token is used however, this optional identifier MUST NOT be provided, as the subject will be uniquely identified from the access token. - The QoS profile assignment must have been created by the same API consumer given in the access token. - If no QoS profile assignment ","This POST ""returns the details of the record for the assignment of a QoS profile to a device"" and is explicitly a query substituting for GET to avoid exposing device identifiers, not a state change.",none,none,
camara-build,QualityOnDemand,DELETE,/sessions/{sessionId},deleteSession,x,w,L2-danger-verb,"verbs=notif,releas",high,Delete a QoS session,Release resources related to QoS session If the notification callback is provided and the `qosStatus` of the session was `AVAILABLE` the client will receive in addition to the response a `QOS_STATUS_CHANGED` event with - `qosStatus` as `UNAVAILABLE` and - `statusInfo` as `DELETE_REQUESTED` There will be no notification event if the `qosStatus` was already `UNAVAILABLE`.,"**NOTES:** - The access token may be either 2-legged or 3-legged. - If a 3-legged access token is used, the subject associated with the session must also be associated with the access token. - The session must must have been created by the same API consumer given in the access token","deleteSession simply releases ""resources related to QoS session,"" the canonical resource-deletion case.",idempotent,none,
camara-build,QualityOnDemand,POST,/retrieve-sessions,retrieveSessionsByDevice,x,r,L2-danger-verb,"verbs=send,sent,transfer",high,Get QoS session information for a device,Querying for QoS session resource information details for a device **NOTES:** - The access token may be either 2-legged or 3-legged.,"- If a 3-legged access token is used, the subject associated with the session must also be associated with the access token. In this case the optional `device` parameter MUST NOT be provided in the request. - If a 2-legged access token is used, the device parameter must be provided and identify a device. - The session must have been created by the same API consumer given in the access token - If no QoS session is found for the requested device, an empty array is returned. - This call uses the POST method instead of GET to comply with the CAMARA Commonalities guidelines for sending sensitive or","retrieveSessionsByDevice is ""querying for QoS session resource information details for a device"" and returns an empty array if none are found, with no resource created.",none,none,
camara-build,SessionInsights,DELETE,/sessions/{sessionId},deleteSession,x,w,L2-danger-verb,"verbs=notif,stop",high,Delete session,Delete an insights session by its operator-assigned session ID.,This will stop all notifications and metric reporting for the session.,"Deleting the session merely ""stops all notifications and metric reporting for the session,"" an ordinary teardown of the caller's own monitoring resource with no live network reconfiguration described.",idempotent,none,
camara-build,WebRTC,DELETE,/subscriptions/{subscriptionId},deleteNotificationChannelSubscription,x,w,L2-danger-verb,"verbs=notif,stop",high,Delete a webrtc-events event subscription,API endpoint to delete a given webrtc-events subscription.,Action done to stop receiving notifications about this event subscription.,"Deleting the requester's own subscription is idempotent and the subscription-ended event it emits goes to the requester's own sink, not to a third party; ruled w by the orchestrator, consistent with the other subscription deletions in the set.",idempotent,none,
camara-build,WebRTC,PUT,/sessions/{registrationId},updateRegistrationById,x,w,L2-danger-verb,verbs=expir,high,Refresh network registration.,API endpoint used to **refresh** an existing registration *before* it expires.,"**Server behaviour on refresh** 1. Let `t_req` be the server-side receipt time of the request and `t_prev` the previously stored `registrationExpireTime`. 2. Compute the remaining lifetime remaining = t_prev - t_req (values ≤ 0 indicate the client is late; operators MAY reject or treat it as a new registration). 3. Apply the operator's configured TTL (`TTL_cfg`, e.g. 3600 s) **from `t_req`, not from `t_prev`**: newExpire = t_req + TTL_cfg 4. Persist `newExpire` and return it in `expiresAt` inside the response body. Clients SHOULD plan to refresh well **before** `newExpire` to avoid race condit","The refresh logic recomputes and persists ""newExpire"" from the operator's TTL policy using the request receipt time each call, a set-style update to the caller's own registration expiry with no third-party effect described.",idempotent,none,
camara-build,WebRTC,DELETE,/sessions/{registrationId},deleteRegistrationById,x,w,L3-live-noun,"nouns=network,session verb=delete",low,Delete Registration Session.,API endpoint used to remove a valid registration on the network.,This action frees any resource and invalidates future actions that involves this registration between the device and the network. Use the registrationId to identify the registration to delete.,"Deleting ""frees any resource and invalidates future actions that involves this registration"" — an idempotent removal of the caller's own registration resource with no external effect stated for this operation.",idempotent,none,
camara-test,BlockchainPublicAddress,POST,/blockchain-public-addresses/retrieve-blockchains,retrieveBlockchainPublicAddress,x,r,L2-danger-verb,verbs=send,high,Retrieves Blockchain Public Address associated with a mobile phone number.,Retrieves Blockchain Public Address associated with a mobile phone number.,"This operation can be accessed in 3-legged and in 2-legged, notice that the mobile phone number used as input need not be related with the user or mobile phone number to which the Access Token is associated; this is because the operation is intended to be used to manage Blockchain Public Address of any mobile phone number, in order to perform send or request crypto operations.","Description says it ""Retrieves Blockchain Public Address associated with a mobile phone number"" and returns an array with no resource created or modified.",none,none,
camara-test,BlockchainPublicAddress,DELETE,/blockchain-public-addresses/{id},deleteBlockchainPublicAddress,x,w,L3-live-noun,nouns=access verb=unbind,low,Unbinds Blockchain Public Address association to a mobile phone number,Unbinds Blockchain Public Address to a mobile phone number.,"This operation is intended to be used with a 3-legged Access Token; this is because only the user of the mobile phone number must be able to perform the unbind. Note: Due to this, the API Server must validate that the `id` included in the request refers to a bind for a mobile phone number belonging to the user identified by its `sub` in the Access Token.","Description says it ""Unbinds Blockchain Public Address to a mobile phone number"" for the given bind id, a deletion whose end state (unbound) is stable under repetition.",idempotent,none,
camara-test,ConsentManagement,PATCH,/consents/{consentId},updateConsent,x,w,L2-danger-verb,verbs=expir,high,Update User Consent,"This operation allows the API Consumer to update the status of an existing Consent for a given User, scope(s) and Purpose.",The API Consumer is identified by the `client_id` parameter deduced from the access token. The expiration date of the User Consent updated by the API Consumer will be determined by the API Provider's internal policies. The API Consumer cannot set or modify the expiration date of the User Consents captured in a delegated manner.,"Description says it allows the consumer ""to update the status of an existing Consent"" identified by consentId, setting consentStatus to GRANTED or DENIED, a set operation on an existing resource.",idempotent,none,
camara-test,DeviceDataVolume,DELETE,/subscriptions/{subscriptionId},deleteDeviceDataVolumeSubscription,x,w,L2-danger-verb,"verbs=notif,sent",high,Delete a device data volume event subscription,This operation deletes a specific data volume usage subscription by its subscription ID.,"Once deleted, no more notifications will be sent for the corresponding subscription.","Per ""deletes a specific data volume usage subscription... Once deleted, no more notifications will be sent,"" deleting only stops the consumer's own future notifications, an idempotent state removal with no effect on any other party.",idempotent,none,
camara-test,DeviceDataVolume,POST,/retrieve,retrieveDataVolume,x,r,L2-danger-verb,verbs=execut,high,Execute device data volume retrieval for a user device,Retrieve the estimated remaining data volume for a device.,,"retrieveDataVolume ""retrieve[s] the estimated remaining data volume for a device,"" a query returning a value with no resource created.",none,none,
camara-test,DeviceLocation,POST,/retrieve,retrieveLocation,x,r,L2-danger-verb,verbs=execut,high,Execute location retrieval for a user device,Retrieve the area where a certain user device is localized.,,"retrieveLocation ""retrieve[s] the area where a certain user device is localized,"" a query returning a location value with nothing created.",none,none,
camara-test,DeviceLocation,POST,/verify,verifyLocation,x,r,L5-floor,verb=verify,method-only,Verify the location of a device,Verify whether the location of a device is within a requested area.,"The operation returns a verification result and, optionally, a match rate estimation for the location verification in percent.","verifyLocation ""verif[ies] whether the location of a device is within a requested area"" and returns a verification result, a pure check.",none,none,
camara-test,DeviceStatus,DELETE,/subscriptions/{subscriptionId},deleteConnectedNetworkTypeSubscription,x,w,L3-live-noun,nouns=network verb=delete,low,Delete a device-roaming-status event subscription for a device,Delete a given device-roaming-status subscription by ID,,description 'Delete a given device-roaming-status subscription by ID' idempotently removes the caller's own subscription.,idempotent,none,
camara-test,KnowYourCustomer,POST,/verify,verifyAge,x,r,L5-floor,verb=verify,method-only,Verify Age Threshold,Verify that the age of the subscriber associated with a phone number is equal to or greater than the specified age threshold value.,"As it is possible that the person holding the contract and the end-user of the subscription may not be the same, the endpoint also admits a list of optional properties to be included in the request to improve the identification. The response may optionally include the `identityMatchScore` property with a value that indicates how certain it is that the information returned relates to the person that the API Client is requesting. To increase the reliability of the information returned, the API Provider may include in the response the `verifiedStatus` property, indicating whether the identity inf","""Verify that the age of the subscriber ... is equal to or greater than the specified age threshold"" only returns a computed ageCheck value, changing nothing.",none,none,
camara-test,KnowYourCustomer,POST,/fill-in,KYC_Fill-in,x,r,L5-floor,verb=providing,method-only,Providing information related to a customer identity stored the account data bound to the customer's phone number.,,,"The summary describes 'Providing information related to a customer identity stored the account data bound to the customer's phone number', a read of Operator-held data with no write.",none,none,
camara-test,KnowYourCustomer,POST,/match,KYC_Match,x,r,L5-floor,verb=matching,method-only,Matching a customer identity by checking a set of attributes related against the account data bound to their phone number.,Verify matching of a number of attributes related to a customer identity against the verified data bound to their phone number in the Operator systems.,"Regardless of whether the `phoneNumber` is explicitly stated in the request body, at least one of the other fields must be provided, otherwise a `HTTP 400 - KNOW_YOUR_CUSTOMER.INVALID_PARAM_COMBINATION` error will be returned. In order to proceed with the match check, some Operators may have the requirement to perform an additional level of validation based on the `idDocument` property. This means that, in those cases, the `idDocument` is required and the provided value needs to match the one stored in the Operator system associated with the indicated `phoneNumber`. This validation will be don",The operation 'verif[ies] matching of a number of attributes' against stored data and returns true/false/not_available per attribute without altering any record.,none,none,
camara-test,KnowYourCustomerFill-in,POST,/fill-in,kycFillin,x,r,L5-floor,verb=providing,method-only,Providing information related to a customer identity stored the account data bound to the customer's phone number.,Provides information related to a customer identity stored the account data bound to the customer's phone number.,,"As the standalone Fill-in repo's endpoint, it lets a client 'request and receive the information for a particular user ... on file' with the Operator, purely retrieving stored attributes.",none,none,
camara-test,ModelAsAService,DELETE,/knowledge-bases/{knowledgeBaseId},deleteKnowledgeBase,x,w,L2-danger-verb,"verbs=irreversibl,permanent",high,Delete a knowledge base,Permanently deletes a knowledge base and its documents.,**Key Features:** - Removes knowledge base metadata - Deletes all associated documents - Irreversible operation **Key Rules:** - Requires valid `knowledgeBaseId` - Requires `knowledge-base:knowledge-bases:delete` scope - No partial deletions **Response Characteristics:** - **204 No Content**: Successful deletion (no body) - **404 Not Found**: Invalid knowledgeBaseId - **403 Forbidden**: Missing required scope - **500 Internal Server Error**: Deletion processing failure,"""Permanently deletes a knowledge base and its documents"" with 204 No Content is an idempotent removal, since a repeat call finds it already gone.",idempotent,none,
camara-test,ModelAsAService,DELETE,/knowledge-bases/{knowledgeBaseId}/documents/{documentId},deleteDocument,x,w,L2-danger-verb,"verbs=cannot be undone,irreversibl,permanent",high,Delete a document,"Permanently removes a document from a knowledge base, together with any indexed representation of its content.","The document is no longer returned by `GET /knowledge-bases/{knowledgeBaseId}` or by `getDocument`, and it no longer participates in answer generation. **Key Features:** - Irreversible deletion - Removes document metadata and its indexed content **Key Rules:** - Requires valid `knowledgeBaseId` and `documentId` - Requires `knowledge-base:documents:delete` scope - Cannot be undone **Response Characteristics:** - **204 No Content**: Successful deletion (no body) - **404 Not Found**: Invalid documentId or knowledgeBaseId - **403 Forbidden**: Missing required scope - **500 Internal Server Error**:","""Permanently removes a document from a knowledge base"" returning 204 is an idempotent deletion of the identified sub-resource.",idempotent,none,
camara-test,ModelAsAService,DELETE,/knowledge-bases/{knowledgeBaseId}/tools/{toolId},deleteTool,x,w,L2-danger-verb,"verbs=cannot be undone,irreversibl,permanent",high,Delete a tool,Permanently removes a tool definition from the knowledge base.,"**Cross-API effect on assistants:** if the deleted tool is referenced by one or more assistants via the `toolIds` field of the `qa-assistant-manage` API, the server MUST silently drop (prune) the deleted tool's ID from those assistants' `toolIds` arrays on their next read (`getAssistant` / `listAssistants`). Reads of an affected assistant do NOT return `422 KNOWLEDGE_BASE.TOOL_NOT_FOUND` for the pruned tool (issue #51). This single behaviour makes the cross-API contract dependable across implementations. **Key Features:** - Irreversible deletion - Removes tool metadata - Prunes the deleted too","""Permanently removes a tool definition"" (204) is an idempotent deletion, and the cross-API pruning of assistant toolIds it triggers is itself idempotent.",idempotent,none,
camara-test,ModelAsAService,DELETE,/assistants/{assistantId},deleteAssistant,x,w,L2-danger-verb,"verbs=cannot be undone,deactivat,irreversibl,permanent",high,Delete a QA assistant,Permanently removes a QA assistant configuration.,**Key Features:** - Irreversible deletion - Cleans up associated resources - Immediate deactivation **Key Rules:** - Requires valid UUID `assistantId` - Needs `qa-assistant-manage:assistants:delete` scope - Cannot be undone **Response Characteristics:** - **204 No Content**: Successful deletion (no body) - **404 Not Found**: Invalid assistantId - **403 Forbidden**: Missing required scope - **500 Internal Server Error**: Deletion processing failure,"""Permanently removes a QA assistant configuration"" (204) is an idempotent deletion that cannot be undone but converges to the same deleted state on repeat.",idempotent,none,
camara-test,MultiPointVPN,PATCH,/networks/{serviceId},updateNetwork,x,w,L3-live-noun,nouns=network verb=to,low,To update a multipoint virtual private network,Update a multipoint virtual private network,,"updateNetwork uses application/merge-patch+json against NetworkUpdate, a JSON-merge-patch set of guaranteeBandwidth/sla fields that is idempotent by construction.",idempotent,none,
camara-test,MultiPointVPN,DELETE,/networks/{serviceId},deleteNetwork,x,w,L3-live-noun,nouns=network verb=delete,low,Delete multipoint virtual private network,Delete multipoint virtual private network,,"""Network deletion request accepted. The deletion is processed asynchronously; the resource will be removed once complete"" describes an idempotent removal despite the async 202.",idempotent,none,
camara-test,MultiPointVPN,POST,/assessment,assessConnectionFeasibility,x,r,L5-floor,verb=assess,method-only,Assess Multipoint VPN connection feasibility,Get the feasibility assessment for a Multipoint VPN connection,,"The request body only carries hypothetical connection parameters and the response returns waitDays/sla/rent estimates with no network or resource created, matching the query-only-POST rule for r.",none,none,
camara-test,OTPValidation,POST,/validate-code,validateCode,x,w,L5-floor,verb=verify,method-only,Verifies the OTP received as input,Verifies the code is valid for the received authenticationId,,"Verifies the code for the given authenticationId; once validated the code is consumed (single-use, per MAX_OTP_CODES/expiry semantics) so the authenticationId's final state converges after one or more calls, with no effect reaching outside the API.",idempotent,none,
camara-test,PopulationDensityData,POST,/retrieve,retrievePopulationDensity,x,r,L1-structural,"structural=callbacks,sink",high,Retrieves population density information in a specified area,Retrieves population density estimation together with the estimation range related for a time slot for a given area (described as a polygon) as a data set consisting of a sequence of equally-sized objects covering the input polygon area.,,"The info.description states this ""operation creates no resource to read back""; the operationId is only used to correlate an async callback delivery of the same query's result, not a created resource.",none,none,
camara-test,QoSBooking,DELETE,/qos-bookings/{bookingId},deleteBooking,x,w,L2-danger-verb,"verbs=cancel,notif,releas,sent",high,This operation cancels an existing QoS Booking and release the associated resources.,This operation cancels and deletes a specific QoS booking using its unique identifier and releases the resources related to that booking.,It supports both synchronous and asynchronous processing. Constraints & Notes: - The Quality of Service (QoS) booking must have been created by the same API client identified in the access token. - The SUCCESSFUL and FAILURE conditions for a deletion are dependent on the operator's specific implementation. - Operators SHOULD properly document their `Booking Cancellation` behavior with clear policies and the respective terms and conditions. Response Scenarios: - `HTTP 200 (status: SUCCESSFUL):` The booking was deleted immediately (synchronous success). - `HTTP 202 (status: PENDING). :` The requ,"""cancels and deletes a specific QoS booking ... and releases the resources related to that booking"", a standard cancellation/delete of an existing resource.",idempotent,none,
camara-test,QoSBooking,POST,/qos-bookings/retrieve,retrieveBookingByDevice,x,r,L2-danger-verb,"verbs=send,sent",high,Retrieves all the bookings that corresponds to a device,Querying for QoS Booking resource information details for a device.,"**NOTES:** - The access token may be either 2-legged or 3-legged. - If a 3-legged access token is used, the subject associated with the QoS Booking must also be associated with the access token. In this case the optional `device` parameter MUST NOT be provided in the request. - If a 2-legged access token is used, the device parameter must be provided and identify a device. - The QoS Booking must have been created by the same API client given in the access token. - If no QoS booking is found for the requested device, an empty array is returned. - This call uses the POST method to comply with th","""Querying for QoS Booking resource information details for a device""; body carries only a device identifier and the response is a read-only array.",none,none,
camara-test,QoSBooking,DELETE,/device-qos-bookings/{bookingId},deleteBooking,x,w,L2-danger-verb,"verbs=activat,notif,releas,terminat",high,Deletes a QoS Booking,Release resources related to a QoS Booking.,"If the notification callback is provided and the booking status was `REQUESTED`, `SCHEDULED` or `ACTIVATED`, when the deletion is completed, the client will receive, in addition to the response, a `BOOKING_STATUS_CHANGED` event with - `bookingStatus` as `TERMINATED` and - `statusInfo` as `DELETE_REQUESTED` There will be no notification event if the `bookingStatus` was already `TERMINATED`. **NOTES:** - The access token may be either 2-legged or 3-legged. - If a 3-legged access token is used, the subject associated with the QoS Booking must also be associated with the access token. - The QoS Bo","""Release resources related to a QoS Booking""; deletion is described with terminal status handling and no further effect once TERMINATED, an idempotent-style resource removal.",idempotent,none,
camara-test,QoSBooking,POST,/retrieve-device-qos-bookings,retrieveBookingByDevice,x,r,L2-danger-verb,"verbs=send,sent",high,Gets the QoS Booking for a device,Querying for QoS Booking resource information details for a device.,"**NOTES:** - The access token may be either 2-legged or 3-legged. - If a 3-legged access token is used, the subject associated with the QoS Booking must also be associated with the access token. In this case the optional `device` parameter MUST NOT be provided in the request. - If a 2-legged access token is used, the device parameter must be provided and identify a device. - The QoS Booking must have been created by the same API client given in the access token. - If no QoS booking is found for the requested device, an empty array is returned. - This call uses the POST method instead of GET to","""Querying for QoS Booking resource information details for a device""; body is only a device identifier and the response is a read-only array of existing bookings.",none,none,
camara-test,RegionDeviceCount,POST,/count,count,x,r,L1-structural,"structural=callbacks,sink",high,API operation to get the device count in the specified area during a certain time interval.,Get the number of devices in the specified area during a certain time interval.,"- The query area can be a circle or a polygon composed of longitude and latitude points. - If the areaType is circle, the circleCenter and circleRadius must be provided; if the area is a polygon, the point list must be provided. - If starttime and endtime are not passed in,this api should return the current number of devices in the area. - If the device appears in the specified area at least once during the certain time interval, it should be counted.","The /count operation only computes and returns ""the number of devices in the specified area during a certain time interval,"" whether delivered synchronously or via the caller's own sink, without altering any resource.",none,none,
camara-test,SimSwap,POST,/retrieve-age-band,retrieveSimSwapAgeBand,x,r,L2-danger-verb,verbs=sent,high,Retrieve SIM swap age band,"Returns a standardized `simSwapAgeBand` value indicating how recently a SIM swap occurred, expressed as a time band.","This operation is an alternative way to expose SIM swap recency for API providers that do not expose the exact SIM swap date. It does not return the actual SIM swap date, and is not expected to be supported in addition to `check` and `retrieve-date`; support depends on the provider's available capabilities and commercial use case. The returned value is a technical network signal indicating recency. Consuming parties apply their own decisioning outside the API contract. Value `111` indicates the provider positively confirms a SIM swap has never happened and the number has never been ported (a s","retrieve-age-band ""returns a standardized simSwapAgeBand value"" as a computed read, explicitly noted to not return or alter any state.",none,none,
camara-test,SponsoredData,POST,/campaign/management,manageCampaign,x,w,L2-danger-verb,verbs=halt,high,Campaign Management,This operation allows pausing or resuming a campaign based on the action parameter provided in the request body.,"The possible values for action are: - PAUSE to temporarily halt new sponsorships (ongoing sponsorships will continue until completion). - RESUME to reactivate the campaign. If the campaign has already ended, the API will respond with a 400 error, indicating that the campaign is finished and cannot be modified. Pausing a campaign does not extend its end date or overall duration.","manageCampaign only toggles the campaign between ""PAUSE to temporarily halt new sponsorships"" and ""RESUME to reactivate the campaign,"" a status-set operation with the same end state however often it is applied.",idempotent,none,
camara-test,Tenure,POST,/check-tenure,checkTenure,x,r,L3-live-noun,nouns=network verb=the,low,The KYC Tenure service API,"Verifies a specified length of tenure, based on a provided date, for a network subscriber to establish a level of trust for the network subscription identifier.",,"checkTenure only verifies ""a specified length of tenure ... to establish a level of trust,"" returning a boolean with nothing created or changed.",none,none,
camara-test,VerifiedCaller,PUT,/registrations/{registrationId},updateRegistration,x,w,L1-structural,structural=sink,high,Update an existing brand registration in the service platform,Update an existing brand registration,,"updateRegistration replaces a ""Request object to create or update (replace) a brand registration,"" a create-or-replace write with the same end state regardless of repetition.",idempotent,none,
holdout-twilio,twilio,POST,/2010-04-01/Accounts/{Sid}.json,UpdateAccount,x,w,L5-floor,verb=modify,method-only,Modify the properties of a given Account,Modify the properties of a given Account,,"The description says this operation modifies an existing Account's FriendlyName and Status, a set-style update that has the same result no matter how many times it's applied.",idempotent,none,
holdout-twilio,twilio,POST,/2010-04-01/Accounts/{AccountSid}/Addresses/{Sid}.json,UpdateAddress,x,w,L5-floor,verb=update,method-only,,,,"Summary and description are empty; the requestBody sets fields like FriendlyName, Street, City on an existing Address identified by {Sid}, a set-on-existing-resource update with no external party involved.",idempotent,none,unclear: no text
holdout-twilio,twilio,POST,/2010-04-01/Accounts/{AccountSid}/Applications/{Sid}.json,UpdateApplication,x,w,L5-floor,verb=update,method-only,Updates the application's properties,Updates the application's properties,,"The op updates the application's stored callback URLs and settings such as VoiceUrl and StatusCallback, a same-effect-on-repeat set of an existing resource.",idempotent,none,
holdout-twilio,twilio,DELETE,/2010-04-01/Accounts/{AccountSid}/Calls/{Sid}.json,DeleteCall,x,w,L3-live-noun,nouns=call verb=delete,low,"Delete a Call record from your account. Once the record is deleted, it will no longer appear in the API and Account Portal logs.",Delete a Call record from your account.,"Once the record is deleted, it will no longer appear in the API and Account Portal logs.","Delete a Call record from your account, so it no longer appears in the API and Account Portal logs; deleting an already-deleted record has no further effect.",idempotent,none,
holdout-twilio,twilio,DELETE,/2010-04-01/Accounts/{AccountSid}/Calls/{CallSid}/Recordings/{Sid}.json,DeleteCallRecording,x,w,L3-live-noun,nouns=call verb=delete,low,Delete a recording from your account,Delete a recording from your account,,"""Delete a recording from your account"" removes the caller's own recording by {Sid}; a repeat delete leaves the same deleted state and touches no one else.",idempotent,none,
holdout-twilio,twilio,DELETE,/2010-04-01/Accounts/{AccountSid}/Conferences/{ConferenceSid}/Recordings/{Sid}.json,DeleteConferenceRecording,x,w,L3-live-noun,nouns=conference verb=delete,low,Delete a recording from your account,Delete a recording from your account,,"""Delete a recording from your account"" removes the caller's own stored recording with no one else affected, repeatable to the same 204 result.",idempotent,none,
holdout-twilio,twilio,POST,/2010-04-01/Accounts/{AccountSid}/ConnectApps/{Sid}.json,UpdateConnectApp,x,w,L5-floor,verb=update,method-only,Update a connect-app with the specified parameters,Update a connect-app with the specified parameters,,"Summary 'Update a connect-app with the specified parameters' sets fields like company_name and homepage_url on an existing ConnectApp and returns the same sid, a create-or-replace update with no third-party reach.",idempotent,none,
holdout-twilio,twilio,POST,/2010-04-01/Accounts/{AccountSid}/IncomingPhoneNumbers/{Sid}.json,UpdateIncomingPhoneNumber,x,w,L5-floor,verb=update,method-only,Update an incoming-phone-number instance.,Update an incoming-phone-number instance.,,"The summary 'Update an incoming-phone-number instance' describes an idempotent field update (FriendlyName, callback URLs, etc.) on the account's own existing number resource.",idempotent,none,
holdout-twilio,twilio,DELETE,/2010-04-01/Accounts/{AccountSid}/IncomingPhoneNumbers/{ResourceSid}/AssignedAddOns/{Sid}.json,DeleteIncomingPhoneNumberAssignedAddOn,x,w,L3-live-noun,nouns=installation verb=remove,low,Remove the assignment of an Add-on installation from the Number specified.,Remove the assignment of an Add-on installation from the Number specified.,,"Summary says it removes the assignment of an Add-on installation from the caller's own phone number, an idempotent unassignment of the caller's own resource.",idempotent,none,
holdout-twilio,twilio,POST,/2010-04-01/Accounts/{AccountSid}/Keys/{Sid}.json,UpdateKey,x,w,L5-floor,verb=update,method-only,,,,"No summary or description; the request body only accepts FriendlyName and the 200 response returns the same Key sid with updated friendly_name, an idempotent field update on the caller's own resource.",idempotent,none,unclear: no text
holdout-twilio,twilio,DELETE,/2010-04-01/Accounts/{AccountSid}/Messages/{MessageSid}/Media/{Sid}.json,DeleteMedia,x,w,L3-live-noun,"nouns=media,message verb=delete",low,Delete the Media resource.,Delete the Media resource.,,Delete the Media resource removes a single owned media file with no stated effect on anyone else.,idempotent,none,
holdout-twilio,twilio,POST,/2010-04-01/Accounts/{AccountSid}/Messages/{Sid}.json,UpdateMessage,x,w,L2-danger-verb,"verbs=cancel,sent",high,Update a Message resource (used to redact Message `body` text and to cancel not-yet-sent messages),Update a Message resource (used to redact Message `body` text and to cancel not-yet-sent messages),,"""Update a Message resource (used to redact Message body text and to cancel not-yet-sent messages)"" sets Body or Status on an existing Message by {Sid}; redacting or cancelling changes the caller's own record and does not itself reach a recipient.",idempotent,none,
holdout-twilio,twilio,DELETE,/2010-04-01/Accounts/{AccountSid}/Messages/{Sid}.json,DeleteMessage,x,w,L3-live-noun,nouns=message verb=delete,low,Deletes a Message resource from your account,Deletes a Message resource from your account,,The summary 'Deletes a Message resource from your account' removes only the caller's own message record with no effect on any other party stated.,idempotent,none,
holdout-twilio,twilio,POST,/2010-04-01/Accounts/{AccountSid}/Messages/{MessageSid}/Feedback.json,CreateMessageFeedback,x,w,L3-live-noun,nouns=message verb=create,low,Create Message Feedback to confirm a tracked user action was performed by the recipient of the associated Message,Create Message Feedback to confirm a tracked user action was performed by the recipient of the associated Message,,"The response schema has no sid field and always resolves to the same Feedback.json URI per message, indicating the Outcome value is set on one feedback record rather than a new one being created each call.",idempotent,none,"conflict: operationId says Create but the response is a single object with a fixed /Feedback.json URI and no per-call sid, so it behaves as an idempotent set rather than a new resource each call"
holdout-twilio,twilio,POST,/2010-04-01/Accounts/{AccountSid}/OutgoingCallerIds/{Sid}.json,UpdateOutgoingCallerId,x,w,L3-live-noun,nouns=call verb=update,low,Updates the caller-id,Updates the caller-id,,"Summary 'Updates the caller-id' changes only the friendly_name of an existing OutgoingCallerId and returns the same sid, an idempotent update.",idempotent,none,
holdout-twilio,twilio,DELETE,/2010-04-01/Accounts/{AccountSid}/OutgoingCallerIds/{Sid}.json,DeleteOutgoingCallerId,x,w,L3-live-noun,nouns=call verb=delete,low,Delete the caller-id specified from the account,Delete the caller-id specified from the account,,"""Delete the caller-id specified from the account"" removes the caller's own verified caller ID by {Sid}, an idempotent delete with no third party affected.",idempotent,none,
holdout-twilio,twilio,POST,/2010-04-01/Accounts/{AccountSid}/Queues/{Sid}.json,UpdateQueue,x,w,L5-floor,verb=update,method-only,Update the queue with the new parameters,Update the queue with the new parameters,,"Update the queue with the new parameters only changes the FriendlyName and MaxSize configuration values, with no live call action described.",idempotent,none,
holdout-twilio,twilio,DELETE,/2010-04-01/Accounts/{AccountSid}/Recordings/{ReferenceSid}/AddOnResults/{Sid}.json,DeleteRecordingAddOnResult,x,w,L2-danger-verb,"verbs=pay,purg",high,Delete a result and purge all associated Payloads,Delete a result and purge all associated Payloads,,"""Delete a result and purge all associated Payloads"" removes the caller's own add-on result data, idempotent on repeat.",idempotent,none,
holdout-twilio,twilio,DELETE,/2010-04-01/Accounts/{AccountSid}/Recordings/{ReferenceSid}/AddOnResults/{AddOnResultSid}/Payloads/{Sid}.json,DeleteRecordingAddOnResultPayload,x,w,L2-danger-verb,verbs=pay,high,Delete a payload from the result along with all associated Data,Delete a payload from the result along with all associated Data,,Summary 'Delete a payload from the result along with all associated Data' removes the caller's own stored Add-on result payload with no third party involved.,idempotent,none,
holdout-twilio,twilio,POST,/2010-04-01/Accounts/{AccountSid}/SMS/ShortCodes/{Sid}.json,UpdateShortCode,x,w,L3-live-noun,nouns=sms verb=update,low,Update a short code with the following parameters,Update a short code with the following parameters,,"The summary 'Update a short code with the following parameters' sets FriendlyName and callback URLs on the account's own ShortCode resource, an idempotent field update.",idempotent,none,
holdout-twilio,twilio,POST,/2010-04-01/Accounts/{AccountSid}/SigningKeys/{Sid}.json,UpdateSigningKey,x,w,L5-floor,verb=update,method-only,,,,"The only writable field on this request is FriendlyName, an idempotent rename of the caller's own signing key.",idempotent,none,
holdout-twilio,twilio,DELETE,/2010-04-01/Accounts/{AccountSid}/SIP/Domains/{DomainSid}/Auth/Calls/CredentialListMappings/{Sid}.json,DeleteSipAuthCallsCredentialListMapping,x,w,L3-live-noun,nouns=call verb=delete,low,Delete a credential list mapping from the requested domain,Delete a credential list mapping from the requested domain,,"""Delete a credential list mapping from the requested domain"" removes an existing mapping by {Sid} from the caller's own SIP domain configuration, an idempotent delete with no third party.",idempotent,none,
holdout-twilio,twilio,DELETE,/2010-04-01/Accounts/{AccountSid}/SIP/Domains/{DomainSid}/Auth/Calls/IpAccessControlListMappings/{Sid}.json,DeleteSipAuthCallsIpAccessControlListMapping,x,w,L3-live-noun,"nouns=access,call verb=delete",low,Delete an IP Access Control List mapping from the requested domain,Delete an IP Access Control List mapping from the requested domain,,Delete an IP Access Control List mapping from the requested domain removes a caller-owned SIP configuration mapping.,idempotent,none,
holdout-twilio,twilio,POST,/2010-04-01/Accounts/{AccountSid}/SIP/CredentialLists/{CredentialListSid}/Credentials/{Sid}.json,UpdateSipCredential,x,w,L5-floor,verb=update,method-only,Update a credential resource.,Update a credential resource.,,"The summary 'Update a credential resource' sets the Password field on the account's own existing SIP credential, an idempotent replace.",idempotent,none,
holdout-twilio,twilio,POST,/2010-04-01/Accounts/{AccountSid}/SIP/CredentialLists/{Sid}.json,UpdateSipCredentialList,x,w,L5-floor,verb=update,method-only,Update a Credential List,Update a Credential List,,Summary 'Update a Credential List' sets only friendly_name on the existing CredentialList and returns the same sid.,idempotent,none,
holdout-twilio,twilio,POST,/2010-04-01/Accounts/{AccountSid}/SIP/Domains/{Sid}.json,UpdateSipDomain,x,w,L5-floor,verb=update,method-only,Update the attributes of a domain,Update the attributes of a domain,,"Summary 'Update the attributes of a domain' rewrites configuration fields like voice_url and secure on the existing SipDomain and returns the same sid, a create-or-replace update.",idempotent,none,
holdout-twilio,twilio,POST,/2010-04-01/Accounts/{AccountSid}/SIP/IpAccessControlLists/{Sid}.json,UpdateSipIpAccessControlList,x,w,L5-floor,verb=rename,method-only,Rename an IpAccessControlList,Rename an IpAccessControlList,,Rename an IpAccessControlList only sets the FriendlyName text field on the caller's own list.,idempotent,none,
holdout-twilio,twilio,POST,/2010-04-01/Accounts/{AccountSid}/SIP/IpAccessControlLists/{IpAccessControlListSid}/IpAddresses/{Sid}.json,UpdateSipIpAddress,x,w,L5-floor,verb=update,method-only,Update an IpAddress resource.,Update an IpAddress resource.,,"Update an IpAddress resource sets IpAddress, FriendlyName, and CidrPrefixLength on the caller's own allow-list entry.",idempotent,none,
holdout-twilio,twilio,POST,/2010-04-01/Accounts/{AccountSid}/Calls/{CallSid}/Siprec/{Sid}.json,UpdateSiprec,x,w,L2-danger-verb,verbs=stop,high,Stop a Siprec using either the SID of the Siprec resource or the `name` used when creating the resource,Stop a Siprec using either the SID of the Siprec resource or the `name` used when creating the resource,,"""Stop a Siprec using either the SID of the Siprec resource or the name used when creating the resource"" sets Status=stopped on an existing Siprec resource by {Sid}; stopping an already-stopped recording session leaves the same state and the call itself is not disconnected.",idempotent,none,unclear: whether ending the media feed to the external SIPREC recording server counts as reaching a third party is not stated
holdout-twilio,twilio,POST,/2010-04-01/Accounts/{AccountSid}/Usage/Triggers/{Sid}.json,UpdateUsageTrigger,x,w,L2-danger-verb,verbs=trigger,high,Update an instance of a usage trigger,Update an instance of a usage trigger,,"""Update an instance of a usage trigger"" sets CallbackUrl, CallbackMethod, or FriendlyName on an existing UsageTrigger by {Sid}, an idempotent set on the caller's own resource.",idempotent,none,
holdout-twilio,twilio,DELETE,/2010-04-01/Accounts/{AccountSid}/Usage/Triggers/{Sid}.json,DeleteUsageTrigger,x,w,L2-danger-verb,verbs=trigger,high,,,,"With no summary or description, the plain 204 DELETE removes only the caller's own UsageTrigger configuration with no third party stated.",idempotent,none,unclear: no summary/description text
holdout-twilio,twilio,DELETE,/2010-04-01/Accounts/{AccountSid}/Calls/{CallSid}/UserDefinedMessageSubscriptions/{Sid}.json,DeleteUserDefinedMessageSubscription,x,w,L3-live-noun,"nouns=call,message verb=delete",low,Delete a specific User Defined Message Subscription.,Delete a specific User Defined Message Subscription.,,"""Delete a specific User Defined Message Subscription"" removes the caller's own subscription by {Sid}, an idempotent delete with no third party named.",idempotent,none,
holdout-stripe,stripe,DELETE,/v1/accounts/{account}/people/{person},DeleteAccountsAccountPeoplePerson,x,w,L2-danger-verb,verbs=execut,high,Delete a person,Deletes an existing person’s relationship to the account’s legal entity.,"Any person with a relationship for an account can be deleted through the API, except if the person is the representative . If your integration is using the executive parameter, you cannot delete the only verified executive on file.","Description says it deletes an existing person's relationship to the account's legal entity, removing the caller's own connected-account record with no message sent to that person.",idempotent,none,
holdout-stripe,stripe,DELETE,/v1/accounts/{account}/persons/{person},DeleteAccountsAccountPersonsPerson,x,w,L2-danger-verb,verbs=execut,high,Delete a person,Deletes an existing person’s relationship to the account’s legal entity.,"Any person with a relationship for an account can be deleted through the API, except if the person is the representative . If your integration is using the executive parameter, you cannot delete the only verified executive on file.","""Deletes an existing person's relationship to the account's legal entity"" removes a record the platform account itself manages about that person's role; the endpoint only forbids deleting the representative or last verified executive, and names no notification or third party.",idempotent,none,
holdout-stripe,stripe,DELETE,/v1/apple_pay/domains/{domain},DeleteApplePayDomainsDomain,x,w,L2-danger-verb,verbs=pay,high,,Delete an apple pay domain.,,The description 'Delete an apple pay domain' removes only the caller's own registered domain configuration with no third party stated.,idempotent,none,unclear: terse description
holdout-stripe,stripe,DELETE,/v1/invoices/{invoice},DeleteInvoicesInvoice,x,w,L2-danger-verb,"verbs=cannot be undone,permanent",high,Delete a draft invoice,Permanently deletes a one-off invoice draft.,"This cannot be undone. Attempts to delete invoices that are no longer in a draft state will fail; once an invoice has been finalized or if an invoice is for a subscription, it must be voided .","The description restricts this to ""a one-off invoice draft,"" one never finalized or sent to a customer, so deleting it only removes the merchant's own not-yet-used record.",idempotent,none,
holdout-stripe,stripe,DELETE,/v1/subscription_items/{item},DeleteSubscriptionItemsItem,x,w,L2-danger-verb,verbs=cancel,high,Delete a subscription item,Deletes an item from the subscription.,Removing a subscription item from a subscription will not cancel the subscription.,Description 'Deletes an item from the subscription' with a default proration_behavior of create_prorations removes the caller's own subscription item without cancelling the subscription or immediately charging anyone.,idempotent,none,
holdout-github,github,DELETE,/enterprises/{enterprise}/code-security/configurations/{configuration_id},code-security/delete-configuration-for-enterprise,x,w,L3-live-noun,nouns=access verb=delete,low,Delete a code security configuration for an enterprise,Deletes a code security configuration from an enterprise.,Repositories attached to the configuration will retain their settings but will no longer be associated with the configuration. The authenticated user must be an administrator for the enterprise to use this endpoint. OAuth app tokens and personal access tokens (classic) need the `admin:enterprise` scope to use this endpoint.,"""Deletes a code security configuration from an enterprise. Repositories attached to the configuration will retain their settings but will no longer be associated with the configuration"" is a caller-owned config delete that leaves repositories untouched and names no third party.",idempotent,none,
holdout-github,github,PUT,/enterprises/{enterprise}/dependabot/repository-access/default-level,dependabot/set-repository-access-default-level-for-enterprise,x,w,L3-live-noun,"nouns=access,grant verb=set",low,Set the default repository access level for Dependabot in an enterprise,Sets the default level of repository access Dependabot will have while performing an update across organizations in the enterprise.,"Available values are: - 'public' - Dependabot will only have access to public repositories, unless access is explicitly granted to non-public repositories. - 'internal' - Dependabot will only have access to public and internal repositories, unless access is explicitly granted to private repositories. The authenticated user must be an enterprise owner to use this endpoint.","The summary 'Set the default repository access level for Dependabot in an enterprise' assigns one of two enum values, an idempotent configuration set.",idempotent,none,
holdout-github,github,DELETE,/notifications/threads/{thread_id},activity/mark-thread-as-done,x,w,L2-danger-verb,verbs=notif,high,Mark a thread as done,"Marks a thread as ""done."" Marking a thread as ""done"" is equivalent to marking a notification in your notification inbox on GitHub as done: https://github.com/notifications.",,"Description equates this to marking the caller's own notification inbox item as done, an idempotent status change with no third party.",idempotent,none,
holdout-github,github,PUT,/organizations/{org}/actions/cache/storage-limit,actions/set-actions-cache-storage-limit-for-organization,x,w,L3-live-noun,nouns=access verb=set,low,Set GitHub Actions cache storage limit for an organization,Sets GitHub Actions cache storage limit for an organization.,All organizations and repositories under this organization may not set a higher cache storage limit. OAuth tokens and personal access tokens (classic) need the `admin:organization` scope to use this endpoint.,"""Sets GitHub Actions cache storage limit for an organization"" is a set-value config operation on the org's own settings, idempotent and with no external party.",idempotent,none,
holdout-github,github,DELETE,/orgs/{org}/actions/hosted-runners/images/custom/{image_definition_id}/versions/{version},actions/delete-custom-image-version-from-org,x,w,L3-live-noun,nouns=access verb=delete,low,Delete an image version of custom image from the organization,Delete an image version of custom image from the organization.,OAuth tokens and personal access tokens (classic) need the `manage_runners:org` scope to use this endpoint.,The summary 'Delete an image version of custom image from the organization' removes the org's own custom runner image version with no third party stated.,idempotent,none,
holdout-github,github,PUT,/orgs/{org}/actions/permissions,actions/set-github-actions-permissions-organization,x,w,L3-live-noun,"nouns=access,permission verb=set",low,Set GitHub Actions permissions for an organization,Sets the GitHub Actions permissions policy for repositories and allowed actions and reusable workflows in an organization.,OAuth app tokens and personal access tokens (classic) need the `admin:org` scope to use this endpoint.,Sets the GitHub Actions permissions policy for repositories and allowed actions in an organization is a create-or-replace policy setting scoped to the org itself.,idempotent,none,
holdout-github,github,PUT,/orgs/{org}/actions/permissions/repositories,actions/set-selected-repositories-enabled-github-actions-organization,x,w,L3-live-noun,"nouns=access,permission verb=set",low,Set selected repositories enabled for GitHub Actions in an organization,Replaces the list of selected repositories that are enabled for GitHub Actions in an organization.,"To use this endpoint, the organization permission policy for `enabled_repositories` must be configured to `selected`. For more information, see ""[Set GitHub Actions permissions for an organization](#set-github-actions-permissions-for-an-organization)."" OAuth app tokens and personal access tokens (classic) need the `admin:org` scope to use this endpoint.","""Replaces the list of selected repositories that are enabled for GitHub Actions"" is a set/replace of the org's own configuration list, giving the same end state no matter how many times it's called.",idempotent,none,
holdout-github,github,PUT,/orgs/{org}/actions/permissions/self-hosted-runners,actions/set-self-hosted-runners-permissions-organization,x,w,L3-live-noun,"nouns=access,permission verb=set",low,Set self-hosted runners settings for an organization,Sets the settings for self-hosted runners for an organization.,"OAuth app tokens and personal access tokens (classic) need the `admin:org` scope or the ""Actions policies"" fine-grained permission to use this endpoint.","Sets the enabled_repositories policy enum (all/selected/none) for the org's self-hosted runners, an idempotent configuration set with a 204 response and no external party.",idempotent,none,
holdout-github,github,PUT,/orgs/{org}/actions/permissions/workflow,actions/set-github-actions-default-workflow-permissions-organization,x,w,L3-live-noun,"nouns=access,grant,permission verb=set",low,Set default workflow permissions for an organization,"Sets the default workflow permissions granted to the `GITHUB_TOKEN` when running workflows in an organization, and sets if GitHub Actions can submit approving pull request reviews.","For more information, see ""[Setting the permissions of the GITHUB_TOKEN for your organization](https://docs.github.com/organizations/managing-organization-settings/disabling-or-limiting-github-actions-for-your-organization#setting-the-permissions-of-the-github_token-for-your-organization)."" OAuth app tokens and personal access tokens (classic) need the `admin:org` scope to use this endpoint.","""Sets the default workflow permissions granted to the GITHUB_TOKEN when running workflows in an organization"" is an idempotent set of the org's own default permissions with no third party affected.",idempotent,none,
holdout-github,github,PUT,/orgs/{org}/actions/runner-groups/{runner_group_id}/repositories/{repository_id},actions/add-repo-access-to-self-hosted-runner-group-in-org,x,w,L3-live-noun,nouns=access verb=add,low,Add repository access to a self-hosted runner group in an organization,Adds a repository to the list of repositories that can access a self-hosted runner group.,"The runner group must have `visibility` set to `selected`. For more information, see ""[Create a self-hosted runner group for an organization](#create-a-self-hosted-runner-group-for-an-organization)."" OAuth tokens and personal access tokens (classic) need the `admin:org` scope to use this endpoint.","The summary 'Add repository access to a self-hosted runner group in an organization' adds a repo to an allowed-access set, an idempotent membership set.",idempotent,none,
holdout-github,github,DELETE,/orgs/{org}/actions/runners/{runner_id},actions/delete-self-hosted-runner-from-org,x,w,L3-live-noun,nouns=access verb=delete,low,Delete a self-hosted runner from an organization,Forces the removal of a self-hosted runner from an organization.,"You can use this endpoint to completely remove the runner when the machine you were using no longer exists. Authenticated users must have admin access to the organization to use this endpoint. OAuth tokens and personal access tokens (classic) need the`admin:org` scope to use this endpoint. If the repository is private, OAuth tokens and personal access tokens (classic) need the `repo` scope to use this endpoint.","You can use this endpoint to completely remove the runner when the machine you were using no longer exists, so it deregisters the org's own defunct compute resource.",idempotent,none,
holdout-github,github,DELETE,/orgs/{org}/actions/secrets/{secret_name},actions/delete-org-secret,x,w,L3-live-noun,nouns=access verb=delete,low,Delete an organization secret,Deletes a secret in an organization using the secret name.,"Authenticated users must have collaborator access to a repository to create, update, or read secrets. OAuth tokens and personal access tokens (classic) need the`admin:org` scope to use this endpoint. If the repository is private, OAuth tokens and personal access tokens (classic) need the `repo` scope to use this endpoint.","""Deletes a secret in an organization using the secret name"" removes the org's own stored secret value, idempotent and with no external party involved.",idempotent,none,
holdout-github,github,PUT,/orgs/{org}/actions/secrets/{secret_name}/repositories/{repository_id},actions/add-selected-repo-to-org-secret,x,w,L3-live-noun,nouns=access verb=add,low,Add selected repository to an organization secret,Adds a repository to an organization secret when the `visibility` for repository access is set to `selected`.,"For more information about setting the visibility, see [Create or update an organization secret](https://docs.github.com/rest/actions/secrets#create-or-update-an-organization-secret). Authenticated users must have collaborator access to a repository to create, update, or read secrets. OAuth tokens and personal access tokens (classic) need the `admin:org` scope to use this endpoint. If the repository is private, OAuth tokens and personal access tokens (classic) need the `repo` scope to use this endpoint.",Description 'Adds a repository to an organization secret' when visibility is selected is a set-membership addition to the caller's own org secret scoping.,idempotent,none,
holdout-github,github,PUT,/orgs/{org}/actions/variables/{name}/repositories/{repository_id},actions/add-selected-repo-to-org-variable,x,w,L3-live-noun,nouns=access verb=add,low,Add selected repository to an organization variable,Adds a repository to an organization variable that is available to selected repositories.,"Organization variables that are available to selected repositories have their `visibility` field set to `selected`. Authenticated users must have collaborator access to a repository to create, update, or read secrets. OAuth tokens and personal access tokens (classic) need the `admin:org` scope to use this endpoint. If the repository is private, OAuth tokens and personal access tokens (classic) need the `repo` scope to use this endpoint.","""Adds a repository to an organization variable that is available to selected repositories"" adds one repository id to a selection list; repeating the add leaves the same repository in the list, an idempotent membership change with no third party.",idempotent,none,
holdout-github,github,DELETE,/orgs/{org}/agents/secrets/{secret_name}/repositories/{repository_id},agents/remove-selected-repo-from-org-secret,x,w,L3-live-noun,nouns=access verb=remove,low,Remove selected repository from an organization secret,Removes a repository from an organization secret when the `visibility` for repository access is set to `selected`.,"The visibility is set when you [Create or update an organization secret](https://docs.github.com/rest/agents/secrets#create-or-update-an-organization-secret). Authenticated users must have collaborator access to a repository to create, update, or read secrets. OAuth app tokens and personal access tokens (classic) need the `admin:org` scope to use this endpoint. If the repository is private, the `repo` scope is also required.","The summary 'Remove selected repository from an organization secret' removes the repo from the org secret's own selected-access list, an idempotent membership change.",idempotent,none,
holdout-github,github,DELETE,/orgs/{org}/agents/variables/{name}/repositories/{repository_id},agents/remove-selected-repo-from-org-variable,x,w,L3-live-noun,nouns=access verb=remove,low,Remove selected repository from an organization variable,Removes a repository from an organization agent variable that is available to selected repositories.,"Organization variables that are available to selected repositories have their `visibility` field set to `selected`. Authenticated users must have collaborator access to a repository to create, update, or read variables. OAuth app tokens and personal access tokens (classic) need the `admin:org` scope to use this endpoint. If the repository is private, the `repo` scope is also required.","Ruled w by the orchestrator: the affected repository is the caller's own organisation's configuration, not a person or external party; matches the twin row agents/remove-selected-repo-from-org-secret which the readers classed w.",idempotent,none,
holdout-github,github,DELETE,/orgs/{org}/blocks/{username},orgs/unblock-user,x,w,L2-danger-verb,verbs=block,high,Unblock a user from an organization,Unblocks the given user on behalf of the specified organization.,,"""Unblocks the given user on behalf of the specified organization"" restores rather than revokes access, so it doesn't meet the third-party revocation bar for x.",idempotent,none,
holdout-github,github,DELETE,/orgs/{org}/code-security/configurations/{configuration_id},code-security/delete-configuration,x,w,L3-live-noun,nouns=access verb=delete,low,Delete a code security configuration,Deletes the desired code security configuration from an organization.,Repositories attached to the configuration will retain their settings but will no longer be associated with the configuration. The authenticated user must be an administrator or security manager for the organization to use this endpoint. OAuth app tokens and personal access tokens (classic) need the `write:org` scope to use this endpoint.,"Description explicitly says repositories attached 'will retain their settings but will no longer be associated with the configuration', so no other party's state or access is revoked.",idempotent,none,
holdout-github,github,DELETE,/orgs/{org}/codespaces/secrets/{secret_name},codespaces/delete-org-secret,x,w,L3-live-noun,nouns=access verb=delete,low,Delete an organization secret,Deletes an organization development environment secret using the secret name.,OAuth app tokens and personal access tokens (classic) need the `admin:org` scope to use this endpoint.,"""Deletes an organization development environment secret using the secret name"" removes the org's own stored secret, an idempotent delete with no third party.",idempotent,none,
holdout-github,github,PUT,/orgs/{org}/codespaces/secrets/{secret_name}/repositories/{repository_id},codespaces/add-selected-repo-to-org-secret,x,w,L3-live-noun,nouns=access verb=add,low,Add selected repository to an organization secret,Adds a repository to an organization development environment secret when the `visibility` for repository access is set to `selected`.,The visibility is set when you [Create or update an organization secret](https://docs.github.com/rest/codespaces/organization-secrets#create-or-update-an-organization-secret). OAuth app tokens and personal access tokens (classic) need the `admin:org` scope to use this endpoint.,"The summary 'Add selected repository to an organization secret' adds a repo to the org secret's own selected-access list, an idempotent membership set.",idempotent,none,
holdout-github,github,PUT,/orgs/{org}/copilot/coding-agent/permissions/repositories/{repository_id},copilot/enable-copilot-coding-agent-for-repository-in-organization,x,w,L3-live-noun,"nouns=access,call,permission verb=enable",low,Enable a repository for Copilot cloud agent in an organization,> [!NOTE] > This endpoint is in public preview and is subject to change.,Adds a repository to the list of selected repositories enabled for Copilot cloud agent in an organization. This method can only be called when the cloud agent repository policy is set to `selected`. OAuth app tokens and personal access tokens (classic) need the `admin:org` scope to use this endpoint.,Description 'Adds a repository to the list of selected repositories enabled for Copilot cloud agent' is an idempotent allow-list membership change on the caller's own org.,idempotent,none,
holdout-github,github,PUT,/orgs/{org}/dependabot/secrets/{secret_name},dependabot/create-or-update-org-secret,x,w,L3-live-noun,nouns=access verb=create,low,Create or update an organization secret,Creates or updates an organization secret with an encrypted value.,"Encrypt your secret using [LibSodium](https://libsodium.gitbook.io/doc/bindings_for_other_languages). For more information, see ""[Encrypting secrets for the REST API](https://docs.github.com/rest/guides/encrypting-secrets-for-the-rest-api)."" OAuth app tokens and personal access tokens (classic) need the `admin:org` scope to use this endpoint.","""Create or update an organization secret"" is an explicit create-or-replace upsert of an encrypted value keyed by secret_name, the canonical idempotent write with no third party.",idempotent,none,
holdout-github,github,DELETE,/orgs/{org}/hooks/{hook_id},orgs/delete-webhook,x,w,L3-live-noun,nouns=access verb=delete,low,Delete an organization webhook,Delete a webhook for an organization.,"The authenticated user must be an organization owner to use this endpoint. OAuth app tokens and personal access tokens (classic) need `admin:org_hook` scope. OAuth apps cannot list, view, or edit webhooks that they did not create and users cannot list, view, or edit webhooks that were created by OAuth apps.",The summary 'Delete an organization webhook' removes the org's own webhook configuration with no third party stated.,idempotent,none,
holdout-github,github,DELETE,/orgs/{org}/issue-fields/{issue_field_id},orgs/delete-issue-field,x,w,L3-live-noun,nouns=access verb=delete,low,Delete issue field for an organization,Deletes an issue field for an organization.,"You can find out more about issue fields in [Managing issue fields in an organization](https://docs.github.com/issues/tracking-your-work-with-issues/using-issues/managing-issue-fields-in-an-organization). To use this endpoint, the authenticated user must be an administrator for the organization. OAuth app tokens and personal access tokens (classic) need the `admin:org` scope to use this endpoint.","Deletes an issue field for an organization removes a custom schema field the org itself defined, not another party's access.",idempotent,none,
holdout-github,github,PUT,/orgs/{org}/public_members/{username},orgs/set-public-membership-for-authenticated-user,x,w,L2-danger-verb,verbs=start,high,Set public organization membership for the authenticated user,The user can publicize their own membership.,"(A user cannot publicize the membership for another user.) Note that you'll need to set `Content-Length` to zero when calling out to this endpoint. For more information, see ""[HTTP method](https://docs.github.com/rest/guides/getting-started-with-the-rest-api#http-method).""","""The user can publicize their own membership"" is explicitly scoped to the authenticated user's own record, an idempotent set with no third party involved.",idempotent,none,
holdout-github,github,DELETE,/orgs/{org}/settings/immutable-releases/repositories/{repository_id},orgs/disable-selected-repository-immutable-releases-organization,x,w,L2-danger-verb,verbs=releas,high,Disable a selected repository for immutable releases in an organization,Removes a repository from the list of selected repositories that are enforced for immutable releases in an organization.,"To use this endpoint, the organization immutable releases policy for `enforced_repositories` must be configured to `selected`. OAuth tokens and personal access tokens (classic) need the `admin:org` scope to use this endpoint.","""Removes a repository from the list of selected repositories that are enforced for immutable releases in an organization"" is an idempotent removal from the org's own selection list with no person or third party named.",idempotent,none,
holdout-github,github,DELETE,/repos/{owner}/{repo}/actions/caches,actions/delete-actions-cache-by-key,x,w,L3-live-noun,nouns=access verb=delete,low,Delete GitHub Actions caches for a repository (using a cache key),"Deletes one or more GitHub Actions caches for a repository, using a complete cache key.","By default, all caches that match the provided key are deleted, but you can optionally provide a Git ref to restrict deletions to caches that match both the provided key and the Git ref. OAuth tokens and personal access tokens (classic) need the `repo` scope to use this endpoint.","""Deletes one or more GitHub Actions caches for a repository, using a complete cache key"" removes the repo's own build-cache artifacts, idempotent and with no third-party effect described.",idempotent,none,
holdout-github,github,PUT,/repos/{owner}/{repo}/actions/permissions/access,actions/set-workflow-access-to-repository,x,w,L3-live-noun,"nouns=access,permission verb=set",low,Set the level of access for workflows outside of the repository,Sets the level of access that workflows outside of the repository have to actions and reusable workflows in the repository.,"This endpoint only applies to private repositories. For more information, see ""[Allowing access to components in a private repository](https://docs.github.com/repositories/managing-your-repositorys-settings-and-features/enabling-features-for-your-repository/managing-github-actions-settings-for-a-repository#allowing-access-to-components-in-a-private-repository)"". OAuth app tokens and personal access tokens (classic) need the `repo` scope to use this endpoint.","Sets the access_level enum (none/user/organization) controlling which workflows outside the repo may use its actions, an idempotent configuration set returning 204.",idempotent,none,
holdout-github,github,PUT,/repos/{owner}/{repo}/actions/permissions/selected-actions,actions/set-allowed-actions-repository,x,w,L3-live-noun,"nouns=access,permission verb=set",low,Set allowed actions and reusable workflows for a repository,Sets the actions and reusable workflows that are allowed in a repository.,"To use this endpoint, the repository permission policy for `allowed_actions` must be configured to `selected`. For more information, see ""[Set GitHub Actions permissions for a repository](#set-github-actions-permissions-for-a-repository)."" OAuth app tokens and personal access tokens (classic) need the `repo` scope to use this endpoint.","""Sets the actions and reusable workflows that are allowed in a repository"" is an idempotent set of the repo's own permission policy with no third party.",idempotent,none,
holdout-github,github,PUT,/repos/{owner}/{repo}/actions/runners/{runner_id}/labels,actions/set-custom-labels-for-self-hosted-runner-for-repo,x,w,L3-live-noun,nouns=access verb=set,low,Set custom labels for a self-hosted runner for a repository,Remove all previous custom labels and set the new custom labels for a specific self-hosted runner configured in a repository.,Authenticated users must have admin access to the repository to use this endpoint. OAuth app tokens and personal access tokens (classic) need the `repo` scope to use this endpoint.,"The description 'Remove all previous custom labels and set the new custom labels' is an explicit replace-the-set operation on the repo's own runner, an idempotent set.",idempotent,none,
holdout-github,github,DELETE,/repos/{owner}/{repo}/actions/secrets/{secret_name},actions/delete-repo-secret,x,w,L3-live-noun,nouns=access verb=delete,low,Delete a repository secret,Deletes a secret in a repository using the secret name.,"Authenticated users must have collaborator access to a repository to create, update, or read secrets. OAuth tokens and personal access tokens (classic) need the `repo` scope to use this endpoint.",Deletes a secret in a repository using the secret name removes a credential used only by that repository's own workflows.,idempotent,none,
holdout-github,github,PUT,/repos/{owner}/{repo}/actions/workflows/{workflow_id}/enable,actions/enable-workflow,x,w,L3-live-noun,nouns=access verb=enable,low,Enable a workflow,Enables a workflow and sets the `state` of the workflow to `active`.,"You can replace `workflow_id` with the workflow file name. For example, you could use `main.yaml`. OAuth tokens and personal access tokens (classic) need the `repo` scope to use this endpoint.","""Enables a workflow and sets the state of the workflow to active"" is a set-style status change on the repo's own workflow resource, same result on repeat.",idempotent,none,
holdout-github,github,PUT,/repos/{owner}/{repo}/branches/{branch}/protection,repos/update-branch-protection,x,w,L2-danger-verb,verbs=start,high,Update branch protection,"Protected branches are available in public repositories with GitHub Free and GitHub Free for organizations, and in public and private repositories with GitHub Pro, GitHub Team, GitHub Enterprise Cloud, and GitHub Enterprise Server.","For more information, see [GitHub's products](https://docs.github.com/github/getting-started-with-github/githubs-products) in the GitHub Help documentation. Protecting a branch requires admin or owner permissions to the repository. > [!NOTE] > Passing new arrays of `users` and `teams` replaces their previous values. > [!NOTE] > The list of users, apps, and teams in total is limited to 100 items.","The endpoint note ""Passing new arrays of users and teams replaces their previous values"" states explicit create-or-replace semantics for the branch's protection config, an idempotent whole-state set.",idempotent,none,
holdout-github,github,DELETE,/repos/{owner}/{repo}/branches/{branch}/protection/required_status_checks,repos/remove-status-check-protection,x,w,L2-danger-verb,verbs=start,high,Remove status check protection,"Protected branches are available in public repositories with GitHub Free and GitHub Free for organizations, and in public and private repositories with GitHub Pro, GitHub Team, GitHub Enterprise Cloud, and GitHub Enterprise Server.","For more information, see [GitHub's products](https://docs.github.com/github/getting-started-with-github/githubs-products) in the GitHub Help documentation.",The summary 'Remove status check protection' deletes a branch-protection rule on the caller's own repository with no third party stated.,idempotent,none,
holdout-github,github,DELETE,/repos/{owner}/{repo}/codespaces/secrets/{secret_name},codespaces/delete-repo-secret,x,w,L3-live-noun,nouns=access verb=delete,low,Delete a repository secret,Deletes a development environment secret in a repository using the secret name.,OAuth app tokens and personal access tokens (classic) need the `repo` scope to use this endpoint. The associated user must be a repository admin.,Description 'Deletes a development environment secret in a repository' removes the caller's own repository secret.,idempotent,none,
holdout-github,github,DELETE,/repos/{owner}/{repo}/dependabot/secrets/{secret_name},dependabot/delete-repo-secret,x,w,L3-live-noun,nouns=access verb=delete,low,Delete a repository secret,Deletes a secret in a repository using the secret name.,OAuth app tokens and personal access tokens (classic) need the `repo` scope to use this endpoint.,The summary 'Delete a repository secret' removes the caller's own repo secret with no third party stated.,idempotent,none,
holdout-github,github,PUT,/repos/{owner}/{repo}/environments/{environment_name},repos/create-or-update-environment,x,w,L3-live-noun,nouns=access verb=create,low,Create or update an environment,"Create or update an environment with protection rules, such as required reviewers.","For more information about environment protection rules, see ""[Environments](/actions/reference/environments#environment-protection-rules)."" > [!NOTE] > To create or update name patterns that branches must match in order to deploy to this environment, see ""[Deployment branch policies](/rest/deployments/branch-policies)."" > [!NOTE] > To create or update secrets for an environment, see ""[GitHub Actions secrets](/rest/actions/secrets)."" OAuth app tokens and personal access tokens (classic) need the `repo` scope to use this endpoint.","Create or update an environment with protection rules is a create-or-replace configuration of the repo's own deployment gating rules, with reviewers as one property among several.",idempotent,none,
holdout-github,github,DELETE,/repos/{owner}/{repo}/environments/{environment_name}/secrets/{secret_name},actions/delete-environment-secret,x,w,L3-live-noun,nouns=access verb=delete,low,Delete an environment secret,Deletes a secret in an environment using the secret name.,"Authenticated users must have collaborator access to a repository to create, update, or read secrets. OAuth tokens and personal access tokens (classic) need the `repo` scope to use this endpoint.","""Deletes a secret in an environment using the secret name"" removes the repo's own stored secret, idempotent with no third party.",idempotent,none,
holdout-github,github,DELETE,/repos/{owner}/{repo}/hooks/{hook_id},repos/delete-webhook,x,w,L3-live-noun,nouns=access verb=delete,low,Delete a repository webhook,Delete a webhook for an organization.,"The authenticated user must be a repository owner, or have admin access in the repository, to delete the webhook.",Summary 'Delete a repository webhook' removes the caller's own configured webhook subscription; deleting a notifier is not itself a notification.,idempotent,none,
holdout-github,github,PUT,/repos/{owner}/{repo}/interaction-limits/pulls/bypass-list,interactions/set-pull-request-bypass-list-for-repo,x,w,L3-live-noun,nouns=permission verb=add,low,Add users to the pull request creation cap bypass list for a repository,Adds users to the pull request creation cap bypass list for a repository.,Users on this list can create pull requests regardless of any configured pull request creation cap. Only users with maintainer permissions can modify the bypass list. You can add a maximum of 100 users per request. The bypass list can only hold a maximum of 100 users.,"The operationId 'set-pull-request-bypass-list-for-repo' and the request schema (a full users array, capped at 100) describe replacing the repo's own bypass-list configuration, an idempotent set even though the summary says 'Add'.",idempotent,none,conflict: summary says 'Add' but operationId says 'set'
holdout-github,github,PUT,/repos/{owner}/{repo}/issues/comments/{comment_id}/pin,issues/pin-comment,x,w,L2-danger-verb,verbs=start,high,Pin an issue comment,You can use the REST API to pin comments on issues.,"This endpoint supports the following custom media types. For more information, see ""[Media types](https://docs.github.com/rest/using-the-rest-api/getting-started-with-the-rest-api#media-types)."" - **`application/vnd.github.raw+json`**: Returns the raw markdown body. Response will include `body`. This is the default if you do not pass any specific media type. - **`application/vnd.github.text+json`**: Returns a text only representation of the markdown body. Response will include `body_text`. - **`application/vnd.github.html+json`**: Returns HTML rendered from the body's markdown. Response will i","Pin an issue comment sets a pinned flag on a comment within the repo, the same result no matter how many times it is pinned.",idempotent,none,
holdout-github,github,PUT,/repos/{owner}/{repo}/notifications,activity/mark-repo-notifications-as-read,x,w,L2-danger-verb,verbs=notif,high,Mark repository notifications as read,"Marks all notifications in a repository as ""read"" for the current user.","If the number of notifications is too large to complete in one request, you will receive a `202 Accepted` status and GitHub will run an asynchronous process to mark notifications as ""read."" To check whether any ""unread"" notifications remain, you can use the [List repository notifications for the authenticated user](https://docs.github.com/rest/activity/notifications#list-repository-notifications-for-the-authenticated-user) endpoint and pass the query parameter `all=false`.","The summary 'Mark repository notifications as read' sets the caller's own read-state marker for that repo, an idempotent status set.",idempotent,none,
holdout-github,github,PUT,/repos/{owner}/{repo}/private-vulnerability-reporting,repos/enable-private-vulnerability-reporting,x,w,L3-live-noun,nouns=access verb=enable,low,Enable private vulnerability reporting for a repository,Enables private vulnerability reporting for a repository.,"The authenticated user must have admin access to the repository. For more information, see ""[Privately reporting a security vulnerability](https://docs.github.com/code-security/security-advisories/guidance-on-reporting-and-writing/privately-reporting-a-security-vulnerability).""",Enable private vulnerability reporting for a repository flips a repository-level feature flag on.,idempotent,none,
holdout-github,github,PUT,/repos/{owner}/{repo}/pulls/{pull_number}/reviews/{review_id}/dismissals,pulls/dismiss-review,x,w,L2-danger-verb,verbs=start,high,Dismiss a review for a pull request,Dismisses a specified review on a pull request.,"> [!NOTE] > To dismiss a pull request review on a [protected branch](https://docs.github.com/rest/branches/branch-protection), you must be a repository administrator or be included in the list of people or teams who can dismiss pull request reviews. This endpoint supports the following custom media types. For more information, see ""[Media types](https://docs.github.com/rest/using-the-rest-api/getting-started-with-the-rest-api#media-types)."" - **`application/vnd.github-commitcomment.raw+json`**: Returns the raw markdown body. Response will include `body`. This is the default if you do not pass ","Description 'Dismisses a specified review on a pull request' sets the review's state to dismissed on a shared repo resource, an idempotent status change with no message, money, or device action triggered.",idempotent,none,
holdout-github,github,DELETE,/repos/{owner}/{repo}/releases/{release_id}/reactions/{reaction_id},reactions/delete-for-release,x,w,L2-danger-verb,verbs=releas,high,Delete a release reaction,> [!NOTE] > You can also specify a repository by `repository_id` using the route `DELETE delete /repositories/:repository_id/releases/:release_id/reactions/:reaction_id`.,Delete a reaction to a [release](https://docs.github.com/rest/releases/releases#get-a-release).,"""Delete a reaction to a release"" removes the caller's own reaction by id, an idempotent delete with no third party or notification mentioned.",idempotent,none,
holdout-github,github,DELETE,/repos/{owner}/{repo}/subscription,activity/delete-repo-subscription,x,w,L2-danger-verb,"verbs=notif,stop",high,Delete a repository subscription,This endpoint should only be used to stop watching a repository.,"To control whether or not you wish to receive notifications from a repository, [set the repository's subscription manually](https://docs.github.com/rest/activity/watching#set-a-repository-subscription).","The description says this endpoint 'should only be used to stop watching a repository,' removing the caller's own watch/subscription record.",idempotent,none,
holdout-github,github,PUT,/repos/{owner}/{repo}/vulnerability-alerts,repos/enable-vulnerability-alerts,x,w,L3-live-noun,nouns=access verb=enable,low,Enable vulnerability alerts,Enables dependency alerts and the dependency graph for a repository.,"The authenticated user must have admin access to the repository. For more information, see ""[About security alerts for vulnerable dependencies](https://docs.github.com/articles/about-security-alerts-for-vulnerable-dependencies)"".","Enable vulnerability alerts turns on dependency alerts and the dependency graph for a repository, a repeatable feature toggle.",idempotent,none,
holdout-github,github,DELETE,/user/blocks/{username},users/unblock,x,w,L2-danger-verb,verbs=block,high,Unblock a user,Unblocks the given user and returns a 204.,,"Description 'Unblocks the given user' paired with an explicit 304 Not modified response for an already-unblocked user shows repeating the call has the same effect, an idempotent change to the caller's own block list.",idempotent,none,
holdout-github,github,PUT,/user/codespaces/secrets/{secret_name}/repositories,codespaces/set-repositories-for-secret-for-authenticated-user,x,w,L3-live-noun,nouns=access verb=set,low,Set selected repositories for a user secret,Select the repositories that will use a user's development environment secret.,The authenticated user must have Codespaces access to use this endpoint. OAuth app tokens and personal access tokens (classic) need the `codespace` or `codespace:secrets` scope to use this endpoint.,"""Select the repositories that will use a user's development environment secret"" replaces the full selected_repository_ids list for the secret, an idempotent whole-list set with no third party.",idempotent,none,
holdout-github,github,DELETE,/user/emails,users/delete-email-for-authenticated-user,x,w,L3-live-noun,nouns=access verb=delete,low,Delete an email address for the authenticated user,OAuth app tokens and personal access tokens (classic) need the `user` scope to use this endpoint.,,The summary 'Delete an email address for the authenticated user' removes email addresses from the caller's own account with no third party stated.,idempotent,none,
holdout-github,github,DELETE,/user/keys/{key_id},users/delete-public-ssh-key-for-authenticated-user,x,w,L3-live-noun,nouns=access verb=delete,low,Delete a public SSH key for the authenticated user,Removes a public SSH key from the authenticated user's GitHub account.,OAuth app tokens and personal access tokens (classic) need the `admin:public_key` scope to use this endpoint.,"""Removes a public SSH key from the authenticated user's GitHub account"" only touches the caller's own credential, idempotent and with no other party affected.",idempotent,none,
holdout-github,github,DELETE,/user/packages/{package_type}/{package_name}/versions/{package_version_id},packages/delete-package-version-for-authenticated-user,x,w,L3-live-noun,"nouns=access,permission verb=delete",low,Delete a package version for the authenticated user,Deletes a specific package version for a package owned by the authenticated user.,"If the package is public and the package version has more than 5,000 downloads, you cannot delete the package version. In this scenario, contact GitHub support for further assistance. The authenticated user must have admin permissions in the organization to use this endpoint. OAuth app tokens and personal access tokens (classic) need the `read:packages` and `delete:packages` scopes to use this endpoint. For more information, see ""[About permissions for GitHub Packages](https://docs.github.com/packages/learn-github-packages/about-permissions-for-github-packages#permissions-for-repository-scoped","Description 'Deletes a specific package version for a package owned by the authenticated user' removes the caller's own package version, and is blocked outright when downloads exceed 5,000 to avoid broad third-party breakage.",idempotent,none,
holdout-github,github,DELETE,/users/{username}/copilot-spaces/{space_number},copilot-spaces/delete-for-user,x,w,L2-danger-verb,"verbs=cannot be undone,permanent",high,Delete a Copilot Space for a user,Deletes a Copilot Space owned by a user.,The authenticated user must be the owner of the space. **Warning:** This action is permanent and cannot be undone. Deleting a space will remove all associated resources and configurations. OAuth app tokens and personal access tokens (classic) need the `user` scope to use this endpoint.,"The description 'Deletes a Copilot Space owned by a user' where 'the authenticated user must be the owner of the space' confirms this removes only the caller's own resource, despite the warning that it is permanent.",idempotent,none,
holdout-github,github,DELETE,/users/{username}/copilot-spaces/{space_number}/resources/{space_resource_id},copilot-spaces/delete-resource-for-user,x,w,L3-live-noun,"nouns=access,permission verb=delete",low,Delete a resource from a Copilot Space for a user,Deletes a resource from a specific Copilot Space owned by a user.,The authenticated user must have write permissions on the space. OAuth app tokens and personal access tokens (classic) need the `write:user` scope to use this endpoint.,"Deletes a resource from a specific Copilot Space owned by a user, removing an item from that user's own private space.",idempotent,none,
