set,repo,path,method,operationId,gt_class,resolved,security_present,security_scheme_count,security_scopes,doc_top_level_security,doc_oauth2_flows_with_scopes,doc_security_scheme_external_ref,requestBody_present,requestBody_media_type,requestBody_props,requestBody_party_money,status_codes,has200,has201,has202,has204,callbacks_present,doc_has_webhooks,desc_mentions_callback,idempotency_header_param,party_id_param,x_extension_keys,has_operationId,has_summary,has_description,resource_schema_found,resource_schema_from,resource_schema_props,resource_schema_party_field
camara,ApplicationEndpointDiscovery,/retrieve-optimal-app-endpoints,POST,getOptimalAppEndpoints,r,true,true,1,application-endpoint-discovery:app-endpoints:read,false,false,true,true,application/json,device|applicationEndpointsId|appId,false,200|400|401|403|404|422|429,true,false,false,false,false,false,false,false,false,,true,true,true,false,,,false
camara,ApplicationEndpointRegistration,/application-endpoint-lists,POST,registerApplicationEndpoints,x,true,true,1,application-endpoint-registration:application-endpoints:write,false,false,true,true,application/json,applicationEndpoints|applicationProviderName|applicationDescription|applicationProfileId,false,200|400|401|403|404|429,true,false,false,false,false,false,false,false,false,,true,true,true,true,/application-endpoint-lists,applicationEndpointListId|applicationEndpointsInfo,false
camara,ApplicationEndpointRegistration,/application-endpoint-lists,GET,getAllRegisteredApplicationEndpoints,r,true,true,1,application-endpoint-registration:application-endpoints:read,false,false,true,false,,,false,200|400|401|403|429,true,false,false,false,false,false,false,false,false,,true,true,true,true,/application-endpoint-lists,applicationEndpointListId|applicationEndpointsInfo,false
camara,ApplicationEndpointRegistration,/application-endpoint-lists/{applicationEndpointListId},GET,getApplicationEndpointsById,r,true,true,1,application-endpoint-registration:application-endpoints:read,false,false,true,false,,,false,200|400|401|403|404|429,true,false,false,false,false,false,false,false,false,,true,true,true,true,/application-endpoint-lists/{applicationEndpointListId},applicationEndpointListId|applicationEndpointsInfo,false
camara,ApplicationEndpointRegistration,/application-endpoint-lists/{applicationEndpointListId},PUT,updateApplicationEndpoint,w,true,true,1,application-endpoint-registration:application-endpoints:update,false,false,true,true,application/json,applicationEndpoints|applicationProviderName|applicationDescription|applicationProfileId,false,204|400|401|403|404|429,false,false,false,true,false,false,false,false,false,,true,true,true,true,/application-endpoint-lists/{applicationEndpointListId},applicationEndpointListId|applicationEndpointsInfo,false
camara,ApplicationEndpointRegistration,/application-endpoint-lists/{applicationEndpointListId},DELETE,deregisterApplicationEndpoint,w,true,true,1,application-endpoint-registration:application-endpoints:delete,false,false,true,false,,,false,204|400|401|403|404|429,false,false,false,true,false,false,false,false,false,,true,true,true,true,/application-endpoint-lists/{applicationEndpointListId},applicationEndpointListId|applicationEndpointsInfo,false
camara,ApplicationProfiles,/application-profiles,POST,createApplicationProfile,x,true,true,1,application-profiles:create,false,false,true,true,application/json,networkQualityThresholds|computeResources,false,201|400|401|403|429,false,true,false,false,false,false,false,false,false,,true,true,true,false,,,false
camara,ApplicationProfiles,/application-profiles/{applicationProfileId},PATCH,updateApplicationProfile,w,true,true,1,application-profiles:update,false,false,true,true,application/json,applicationProfileId|networkQualityThresholds|computeResources,false,200|400|401|403|404|429,true,false,false,false,false,false,false,false,false,,true,true,true,true,/application-profiles/{applicationProfileId},applicationProfileId|networkQualityThresholds|computeResources,false
camara,ApplicationProfiles,/application-profiles/{applicationProfileId},GET,readApplicationProfile,r,true,true,1,application-profiles:read,false,false,true,false,,,false,200|400|401|403|404|429,true,false,false,false,false,false,false,false,false,,true,true,true,true,/application-profiles/{applicationProfileId},applicationProfileId|networkQualityThresholds|computeResources,false
camara,ApplicationProfiles,/application-profiles/{applicationProfileId},DELETE,deleteApplicationProfile,w,true,true,1,application-profiles:delete,false,false,true,false,,,false,204|400|401|403|404|429,false,false,false,true,false,false,false,false,false,,true,true,true,true,/application-profiles/{applicationProfileId},applicationProfileId|networkQualityThresholds|computeResources,false
camara,BlockchainPublicAddress,/nonce,POST,createBlockchainPublicAddressValidationNonce,x,true,true,1,blockchain-public-address-validation:create,false,false,false,true,application/json,blockchainPublicAddress,false,201|400|401|403|429,false,true,false,false,false,false,false,false,false,,true,true,true,false,,,false
camara,BlockchainPublicAddress,/blockchain-public-addresses/retrieve-blockchains,POST,retrieveBlockchainPublicAddress,r,true,true,1,blockchain-public-address:read,false,false,false,true,application/json,phoneNumber,true,200|400|401|403|404|429,true,false,false,false,false,false,false,false,false,,true,true,true,false,,,false
camara,BlockchainPublicAddress,/blockchain-public-addresses,POST,bindBlockchainPublicAddress,x,true,true,1,blockchain-public-address:create,false,false,false,true,application/json,phoneNumber|blockchainPublicAddress|blockchainNetworkId|currency|nonce|signature,true,201|400|401|403|404|409|422|429,false,true,false,false,false,false,false,false,false,,true,true,true,false,,,false
camara,BlockchainPublicAddress,/blockchain-public-addresses/{id},DELETE,deleteBlockchainPublicAddress,w,true,true,1,blockchain-public-address:delete,false,false,false,false,,,false,204|400|401|403|404|429,false,false,false,true,false,false,false,false,false,,true,true,true,false,,,false
camara,CallForwardingSignal,/unconditional-call-forwardings,POST,retrieveUnconditionalCallForwarding,r,true,true,1,call-forwarding-signal:unconditional-call-forwardings:read,false,false,false,true,application/json,phoneNumber,true,200|400|401|403|404|422|429,true,false,false,false,false,false,false,false,false,,true,true,true,false,,,false
camara,CallForwardingSignal,/call-forwardings,POST,retrieveCallForwarding,r,true,true,1,call-forwarding-signal:call-forwardings:read,false,false,false,true,application/json,phoneNumber,true,200|400|401|403|404|422|429|501,true,false,false,false,false,false,false,false,false,,true,true,true,false,,,false
camara,CapabilitiesAndRuntimeRestrictions,/retrieve,POST,postServiceCapability,x,true,true,1,camara-capability:read,false,false,true,true,application/json,queries|subscriptionRequest,false,201|304|400|401|403|404|500|503,false,true,false,false,true,false,false,false,false,,true,true,true,false,,,false
camara,CarrierBillingCheckOut,/payments/{paymentId}/refunds,POST,createRefund,x,true,true,1,carrier-billing-refund:refunds:create,false,false,false,true,application/json,type|reason|sink|sinkCredential,false,201|400|401|403|404|409|422|429,false,true,false,false,true,false,false,false,false,,true,true,true,true,/payments/{paymentId}/refunds,refundId|refundStatus|type|refundCreationDate|refundDate|reason|sink,false
camara,CarrierBillingCheckOut,/payments/{paymentId}/refunds,GET,retrieveRefunds,r,true,true,1,carrier-billing-refund:refunds:read,false,false,false,false,,,false,200|400|401|403|404|429,true,false,false,false,false,false,false,false,false,,true,true,true,true,/payments/{paymentId}/refunds,refundId|refundStatus|type|refundCreationDate|refundDate|reason|sink,false
camara,CarrierBillingCheckOut,/payments/{paymentId}/refunds/{refundId},GET,retrieveRefund,r,true,true,1,carrier-billing-refund:refunds:read,false,false,false,false,,,false,200|400|401|403|404|429,true,false,false,false,false,false,false,false,false,,true,true,true,true,/payments/{paymentId}/refunds/{refundId},refundId|refundStatus|type|refundCreationDate|refundDate|reason|sink,false
camara,CarrierBillingCheckOut,/payments/{paymentId}/refunds/remaining-amount,GET,retrievePaymentRemainingAmount,r,true,true,1,carrier-billing-refund:refunds:read,false,false,false,false,,,false,200|400|401|403|404|429,true,false,false,false,false,false,false,false,false,,true,true,true,true,/payments/{paymentId}/refunds/remaining-amount,amount|currency|description|isTaxIncluded|taxAmount,false
camara,CarrierBillingCheckOut,/payments,POST,createPayment,x,true,true,1,carrier-billing:payments:create,false,false,false,true,application/json,amountTransaction|sink|sinkCredential,true,201|400|401|403|404|409|422|429,false,true,false,false,true,false,false,false,false,,true,true,true,true,/payments,paymentId|amountTransaction|paymentStatus|paymentCreationDate|paymentDate|sink,false
camara,CarrierBillingCheckOut,/payments,GET,retrievePayments,r,true,true,1,carrier-billing:payments:read,false,false,false,false,,,false,200|400|401|403|429,true,false,false,false,false,false,false,false,false,,true,true,true,true,/payments,paymentId|amountTransaction|paymentStatus|paymentCreationDate|paymentDate|sink,false
camara,CarrierBillingCheckOut,/payments/{paymentId},GET,retrievePayment,r,true,true,1,carrier-billing:payments:read,false,false,false,false,,,false,200|400|401|403|404|429,true,false,false,false,false,false,false,false,false,,true,true,true,true,/payments/{paymentId},paymentId|amountTransaction|paymentStatus|paymentCreationDate|paymentDate|sink,false
camara,CarrierBillingCheckOut,/payments/prepare,POST,preparePayment,x,true,true,1,carrier-billing:payments:create,false,false,false,true,application/json,amountTransaction|sink|sinkCredential,true,201|400|401|403|404|409|422|429,false,true,false,false,true,false,false,false,false,,true,true,true,false,,,false
camara,CarrierBillingCheckOut,/payments/{paymentId}/validate,POST,validatePayment,x,true,true,1,carrier-billing:payments:write,false,false,false,true,application/json,authorizationId|code,false,204|400|401|403|404|409|429,false,false,false,true,false,false,false,false,false,,true,true,true,false,,,false
camara,CarrierBillingCheckOut,/payments/{paymentId}/confirm,POST,confirmPayment,x,true,true,1,carrier-billing:payments:write,false,false,false,true,application/json,phoneNumber,true,202|400|401|403|404|409|422|429,false,false,true,false,false,false,false,false,false,,true,true,true,false,,,false
camara,CarrierBillingCheckOut,/payments/{paymentId}/cancel,POST,cancelPayment,w,true,true,1,carrier-billing:payments:write,false,false,false,true,application/json,phoneNumber,true,202|400|401|403|404|409|422|429,false,false,true,false,false,false,false,false,false,,true,true,true,false,,,false
camara,ClickToDial,/calls,POST,createCall,x,true,true,1,click-to-dial:calls:create,false,false,true,true,application/json,caller|callee|sink|sinkCredential|recordingEnabled,false,201|400|401|403|409|422,false,true,false,false,true,false,false,false,false,,true,true,true,false,,,false
camara,ClickToDial,/calls/{callId},GET,getCall,r,true,true,1,click-to-dial:calls:read,false,false,true,false,,,false,200|400|401|403|404,true,false,false,false,false,false,false,false,false,,true,true,true,true,/calls/{callId},callId|caller|callee|status|createdAt|recordingEnabled,false
camara,ClickToDial,/calls/{callId},DELETE,terminateCall,x,true,true,1,click-to-dial:calls:delete,false,false,true,false,,,false,204|400|401|403|404|409,false,false,false,true,false,false,false,false,false,,true,true,true,true,/calls/{callId},callId|caller|callee|status|createdAt|recordingEnabled,false
camara,ClickToDial,/calls/{callId}/recording,GET,getRecording,r,true,true,1,click-to-dial:recordings:read,false,false,true,false,,,false,200|400|401|403|404,true,false,false,false,false,false,false,false,false,,true,true,true,true,/calls/{callId}/recording,callId|content|contentType|generatedAt,false
camara,ConnectedNetworkType,/subscriptions,POST,createConnectedNetworkTypeSubscription,x,true,true,1,connected-network-type-subscriptions:org.camaraproject.connected-network-type-subscriptions.v0.network-type-changed:create,false,false,true,true,application/json,protocol|sink|sinkCredential|types|config,true,201|202|400|401|403|409|422|429,false,true,true,false,true,false,true,false,false,,true,true,true,true,/subscriptions,subscriptions|pagination,false
camara,ConnectedNetworkType,/subscriptions,GET,retrieveConnectedNetworkTypeSubscriptionList,r,true,true,1,connected-network-type-subscriptions:read,false,false,true,false,,,false,200|400|401|403,true,false,false,false,false,false,false,false,false,,true,true,true,true,/subscriptions,subscriptions|pagination,false
camara,ConnectedNetworkType,/subscriptions/{subscriptionId},GET,retrieveConnectedNetworkTypeSubscription,r,true,true,1,connected-network-type-subscriptions:read,false,false,true,false,,,false,200|400|401|403|404,true,false,false,false,false,false,false,false,false,,true,true,true,true,/subscriptions/{subscriptionId},protocol|sink|sinkCredential|types|config|id|startsAt|expiresAt|status,true
camara,ConnectedNetworkType,/subscriptions/{subscriptionId},DELETE,deleteConnectedNetworkTypeSubscription,w,true,true,1,connected-network-type-subscriptions:delete,false,false,true,false,,,false,202|204|400|401|403|404,false,false,true,true,false,false,false,false,false,,true,true,true,true,/subscriptions/{subscriptionId},protocol|sink|sinkCredential|types|config|id|startsAt|expiresAt|status,true
camara,ConnectedNetworkType,/retrieve,POST,getConnectedNetworkType,r,true,true,1,connected-network-type:read,false,false,true,true,application/json,device,false,200|400|401|403|404|422|429,true,false,false,false,false,false,false,false,false,,true,true,true,false,,,false
camara,ConnectivityInsights,/subscriptions,POST,createSubscription,x,true,true,1,connectivity-insights-subscriptions:org.camaraproject.connectivity-insights-subscriptions.v0.network-quality:create,false,false,true,true,application/json,protocol|sink|sinkCredential|types|config,true,201|202|400|401|403|409|422|429,false,true,true,false,true,false,false,false,false,,true,true,true,true,/subscriptions,subscriptions|pagination,false
camara,ConnectivityInsights,/subscriptions,GET,getSubscriptionList,r,true,true,1,connectivity-insights-subscriptions:read,false,false,true,false,,,false,200|400|401|403,true,false,false,false,false,false,false,false,false,,true,true,true,true,/subscriptions,subscriptions|pagination,false
camara,ConnectivityInsights,/subscriptions/{subscriptionId},GET,getSubscription,r,true,true,1,connectivity-insights-subscriptions:read,false,false,true,false,,,false,200|400|401|403|404,true,false,false,false,false,false,false,false,false,,true,true,true,true,/subscriptions/{subscriptionId},id|protocol|sink|types|config|startsAt|expiresAt|status,true
camara,ConnectivityInsights,/subscriptions/{subscriptionId},DELETE,deleteSubscription,w,true,true,1,connectivity-insights-subscriptions:delete,false,false,true,false,,,false,202|204|400|401|403|404,false,false,true,true,false,false,false,false,false,,true,true,true,true,/subscriptions/{subscriptionId},id|protocol|sink|types|config|startsAt|expiresAt|status,true
camara,ConnectivityInsights,/check-network-quality,POST,checkNetworkQuality,r,true,true,1,connectivity-insights:check,false,false,true,true,application/json,applicationProfileId|device|applicationServer|applicationServerPorts|monitoringTimeStamp,true,200|400|401|403|404|422|429,true,false,false,false,false,false,false,false,false,,true,true,true,false,,,false
camara,ConsentInfo,/retrieve,POST,retrieveStatus,r,true,true,1,consent-info:retrieve,false,false,false,true,application/json,phoneNumber|scopes|purpose|requestCaptureUrl|callbackUrl,true,200|400|401|403|404|422,true,false,false,false,false,false,false,false,false,,true,true,true,false,,,false
camara,ConsentManagement,/consents,POST,createConsent,x,true,true,1,consent-management:create,false,false,true,true,application/json,phoneNumber|scopes|purpose|consentStatus|consentTextId,true,201|400|401|403|404|409|422,false,true,false,false,false,false,false,false,false,,true,true,true,false,,,false
camara,ConsentManagement,/consents/{consentId},PATCH,updateConsent,w,true,true,1,consent-management:update,false,false,true,true,application/json,consentStatus,false,200|400|401|403|404,true,false,false,false,false,false,false,false,false,,true,true,true,false,,,false
camara,ConsentManagement,/consents/retrieve-info,POST,retrieveConsentInfo,r,true,true,1,consent-management:retrieve-info,false,false,true,true,application/json,phoneNumber|scopes|purpose|requestConsentText,true,200|400|401|403|404|422,true,false,false,false,false,false,false,false,false,,true,true,true,false,,,false
camara,CustomerInsights,/scoring/retrieve,POST,retrieveScoring,r,true,true,1,customer-insights:scoring:read,false,false,true,true,application/json,idDocument|phoneNumber|scoringType,true,200|400|401|403|404|422|429,true,false,false,false,false,false,false,false,false,,true,true,true,false,,,false
camara,DedicatedNetworks,/accesses,GET,listAccesses,r,true,true,1,dedicated-network-accesses:accesses:read,false,false,false,false,,,false,200|400|401|403|404,true,false,false,false,false,false,false,false,false,,true,true,true,true,/accesses,items|pagination,false
camara,DedicatedNetworks,/accesses,POST,createAccess,x,true,true,1,dedicated-network-accesses:accesses:create,false,false,false,true,application/json,networkId|qosProfiles|defaultQosProfile|sink|sinkCredential|devices,false,201|207|400|401|403|404|409|422,false,true,false,false,true,false,false,false,false,,true,true,true,true,/accesses,items|pagination,false
camara,DedicatedNetworks,/accesses/{accessId},GET,readAccess,r,true,true,1,dedicated-network-accesses:accesses:read,false,false,false,false,,,false,200|400|401|403|404,true,false,false,false,false,false,false,false,false,,true,true,true,true,/accesses/{accessId},id|stats|recentAccessDevices,false
camara,DedicatedNetworks,/accesses/{accessId},DELETE,deleteAccess,x,true,true,1,dedicated-network-accesses:accesses:delete,false,false,false,false,,,false,204|400|401|403|404,false,false,false,true,false,false,false,false,false,,true,true,true,true,/accesses/{accessId},id|stats|recentAccessDevices,false
camara,DedicatedNetworks,/accesses/{accessId}/devices,GET,listDevices,r,true,true,1,dedicated-network-accesses:devices:read,false,false,false,false,,,false,200|400|401|403|404,true,false,false,false,false,false,false,false,false,,true,true,true,true,/accesses/{accessId}/devices,items|pagination,false
camara,DedicatedNetworks,/accesses/{accessId}/devices/add,POST,addDevicesToAccess,x,true,true,1,dedicated-network-accesses:devices:add,false,false,false,true,application/json,devices,false,201|207|400|401|403|404|409|422,false,true,false,false,false,false,false,false,false,,true,true,true,false,,,false
camara,DedicatedNetworks,/accesses/{accessId}/devices/remove,POST,removeDevicesFromAccess,x,true,true,1,dedicated-network-accesses:devices:remove,false,false,false,true,application/json,devices,false,204|207|400|401|403|404|409|422,false,false,false,true,false,false,false,false,false,,true,true,true,false,,,false
camara,DedicatedNetworks,/retrieve-service-areas,POST,retrieveNetworkServiceAreas,r,true,true,1,dedicated-network-areas:areas:read,false,false,false,true,application/json,atLocation|overlappingArea|coveringArea|byName|byNetworkProfileId|byQosProfileName,false,200|400|401|403,true,false,false,false,false,false,false,false,false,,true,true,true,false,,,false
camara,DedicatedNetworks,/areas/{areaId},GET,readNetworkServiceArea,r,true,true,1,dedicated-network-areas:areas:read,false,false,false,false,,,false,200|400|401|403|404,true,false,false,false,false,false,false,false,false,,true,true,true,true,/areas/{areaId},id|name|description|area|networkProfiles|qosProfiles,false
camara,DedicatedNetworks,/profiles,GET,readNetworkProfiles,r,true,true,1,dedicated-network-profiles:profiles:read,false,false,false,false,,,false,200|400|401|403,true,false,false,false,false,false,false,false,false,,true,true,true,true,/profiles,items|pagination,false
camara,DedicatedNetworks,/profiles/{profileId},GET,readNetworkProfile,r,true,true,1,dedicated-network-profiles:profiles:read,false,false,false,false,,,false,200|400|401|403|404,true,false,false,false,false,false,false,false,false,,true,true,true,true,/profiles/{profileId},id|name|maxNumberOfDevices|aggregatedUlThroughput|aggregatedDlThroughput|qosProfiles|defaultQosProfile,false
camara,DedicatedNetworks,/networks,GET,listNetworks,r,true,true,1,dedicated-network:networks:read,false,false,false,false,,,false,200|400|401|403,true,false,false,false,false,false,false,false,false,,true,true,true,true,/networks,items|pagination,false
camara,DedicatedNetworks,/networks,POST,createNetwork,x,true,true,1,dedicated-network:networks:create,false,false,false,true,application/json,name|networkProfileId|qosProfileName|serviceTime|serviceAreaId|sink|sinkCredential,false,201|400|401|403|404|422,false,true,false,false,true,false,false,false,false,,true,true,true,true,/networks,items|pagination,false
camara,DedicatedNetworks,/networks/{networkId},GET,readNetwork,r,true,true,1,dedicated-network:networks:read,false,false,false,false,,,false,200|400|401|403|404,true,false,false,false,false,false,false,false,false,,true,true,true,true,/networks/{networkId},name|networkProfileId|qosProfileName|serviceTime|serviceAreaId|sink|sinkCredential|id|status,false
camara,DedicatedNetworks,/networks/{networkId},DELETE,deleteNetwork,x,true,true,1,dedicated-network:networks:delete,false,false,false,false,,,false,204|400|401|403|404,false,false,false,true,false,false,false,false,false,,true,true,true,true,/networks/{networkId},name|networkProfileId|qosProfileName|serviceTime|serviceAreaId|sink|sinkCredential|id|status,false
camara,DeviceAuthenticity,/check-status,POST,checkImeiStatus,r,true,true,1,device-authenticity:check-status,false,false,false,true,application/json,imei,false,200|400|401|403|404|422|429,true,false,false,false,false,false,false,false,false,,true,true,true,false,,,false
camara,DeviceDataVolume,/subscriptions,POST,createDeviceDataVolumeSubscription,x,true,true,1,device-data-volume-subscriptions:org.camaraproject.device-data-volume-subscriptions.v0.data-50-percent-remaining:create|device-data-volume-subscriptions:org.camaraproject.device-data-volume-subscriptions.v0.data-25-percent-remaining:create|device-data-volume-subscriptions:org.camaraproject.device-data-volume-subscriptions.v0.data-10-percent-remaining:create|device-data-volume-subscriptions:org.camaraproject.device-data-volume-subscriptions.v0.data-00-percent-remaining:create,false,false,true,true,application/json,protocol|sink|sinkCredential|types|config,true,201|202|400|401|403|409|422|429,false,true,true,false,true,false,false,false,false,,true,true,true,true,/subscriptions,subscriptions|pagination,false
camara,DeviceDataVolume,/subscriptions,GET,retrieveDeviceDataVolumeSubscriptionList,r,true,true,1,device-data-volume-subscriptions:read,false,false,true,false,,,false,200|400|401|403,true,false,false,false,false,false,false,false,false,,true,true,true,true,/subscriptions,subscriptions|pagination,false
camara,DeviceDataVolume,/subscriptions/{subscriptionId},GET,retrieveDeviceDataVolumeSubscription,r,true,true,1,device-data-volume-subscriptions:read,false,false,true,false,,,false,200|400|401|403|404,true,false,false,false,false,false,false,false,false,,true,true,true,true,/subscriptions/{subscriptionId},protocol|sink|sinkCredential|types|config|id|startsAt|expiresAt|status,true
camara,DeviceDataVolume,/subscriptions/{subscriptionId},DELETE,deleteDeviceDataVolumeSubscription,w,true,true,1,device-data-volume-subscriptions:delete,false,false,true,false,,,false,202|204|400|401|403|404,false,false,true,true,false,false,true,false,false,,true,true,true,true,/subscriptions/{subscriptionId},protocol|sink|sinkCredential|types|config|id|startsAt|expiresAt|status,true
camara,DeviceDataVolume,/retrieve,POST,retrieveDataVolume,r,true,true,1,device-data-volume:read,false,false,true,true,application/json,device,false,200|400|401|403|404|422|429,true,false,false,false,false,false,false,false,false,,true,true,true,false,,,false
camara,DeviceDataVolume,/check,POST,checkDataVolume,r,true,true,1,device-data-volume:read,false,false,true,true,application/json,device|dataAllowanceThreshold,false,200|400|401|403|404|422|429,true,false,false,false,false,false,false,false,false,,true,true,true,false,,,false
camara,DeviceIdentifier,/retrieve-identifier,POST,retrieveIdentifier,r,true,true,1,device-identifier:retrieve-identifier,false,false,true,true,application/json,device,false,200|400|401|403|404|422|429,true,false,false,false,false,false,false,false,false,,true,true,true,false,,,false
camara,DeviceIdentifier,/retrieve-type,POST,retrieveType,r,true,true,1,device-identifier:retrieve-type,false,false,true,true,application/json,device,false,200|400|401|403|404|422|429,true,false,false,false,false,false,false,false,false,,true,true,true,false,,,false
camara,DeviceIdentifier,/retrieve-ppid,POST,retrievePpid,r,true,true,1,device-identifier:retrieve-ppid,false,false,true,true,application/json,device,false,200|400|401|403|404|422|429,true,false,false,false,false,false,false,false,false,,true,true,true,false,,,false
camara,DeviceIdentifier,/match-identifier,POST,matchIdentifier,r,true,true,1,device-identifier:match-identifier,false,false,true,true,application/json,device|imeisv|imei|tac,false,200|400|401|403|404|422|429,true,false,false,false,false,false,false,false,false,,true,true,true,false,,,false
camara,DeviceLocation,/subscriptions,POST,createGeofencingSubscription,x,true,true,1,geofencing-subscriptions:org.camaraproject.geofencing-subscriptions.v0.area-entered:create|geofencing-subscriptions:org.camaraproject.geofencing-subscriptions.v0.area-left:create,false,false,true,true,application/json,protocol|sink|sinkCredential|types|config,true,201|202|400|401|403|422|429,false,true,true,false,true,false,true,false,false,,true,true,true,true,/subscriptions,protocol|sink|types|config|id|startsAt|expiresAt|status,true
camara,DeviceLocation,/subscriptions,GET,retrieveGeofencingSubscriptionList,r,true,true,1,geofencing-subscriptions:read,false,false,true,false,,,false,200|400|401|403,true,false,false,false,false,false,false,false,false,,true,true,true,true,/subscriptions,protocol|sink|types|config|id|startsAt|expiresAt|status,true
camara,DeviceLocation,/subscriptions/{subscriptionId},GET,retrieveGeofencingSubscription,r,true,true,1,geofencing-subscriptions:read,false,false,true,false,,,false,200|400|401|403|404,true,false,false,false,false,false,false,false,false,,true,true,true,true,/subscriptions/{subscriptionId},protocol|sink|types|config|id|startsAt|expiresAt|status,true
camara,DeviceLocation,/subscriptions/{subscriptionId},DELETE,deleteGeofencingSubscription,w,true,true,1,geofencing-subscriptions:delete,false,false,true,false,,,false,202|204|400|401|403|404,false,false,true,true,false,false,false,false,false,,true,true,true,true,/subscriptions/{subscriptionId},protocol|sink|types|config|id|startsAt|expiresAt|status,true
camara,DeviceLocation,/retrieve,POST,retrieveLocation,r,true,true,1,location-retrieval:read,false,false,false,true,application/json,device|maxAge|maxSurface,false,200|400|401|403|404|422,true,false,false,false,false,false,false,false,false,,true,true,true,false,,,false
camara,DeviceLocation,/verify,POST,verifyLocation,r,true,true,1,location-verification:verify,false,false,false,true,application/json,device|area|maxAge,false,200|400|401|403|404|422,true,false,false,false,false,false,false,false,false,,true,true,true,false,,,false
camara,DeviceMediaStreamingRate,/retrieve-maximum-downstream-media-rate,POST,retrieveMaximumDownstreamMediaRate,r,true,true,1,media-streaming-rate:retrieve-maximum-downstream-media-rate,false,false,true,true,application/json,device,false,200|400|401|403|404|422|429|503,true,false,false,false,false,false,false,false,false,,true,true,true,false,,,false
camara,DeviceReachabilityStatus,/subscriptions,POST,createDeviceReachabilityStatusSubscription,x,true,true,1,device-reachability-status-subscriptions:org.camaraproject.device-reachability-status-subscriptions.v0.reachability-data:create|device-reachability-status-subscriptions:org.camaraproject.device-reachability-status-subscriptions.v0.reachability-sms:create|device-reachability-status-subscriptions:org.camaraproject.device-reachability-status-subscriptions.v0.reachability-disconnected:create,false,false,true,true,application/json,protocol|sink|sinkCredential|types|config,true,201|202|400|401|403|409|422|429,false,true,true,false,true,false,false,false,false,,true,true,true,true,/subscriptions,subscriptions|pagination,false
camara,DeviceReachabilityStatus,/subscriptions,GET,retrieveDeviceReachabilityStatusSubscriptionList,r,true,true,1,device-reachability-status-subscriptions:read,false,false,true,false,,,false,200|400|401|403,true,false,false,false,false,false,false,false,false,,true,true,true,true,/subscriptions,subscriptions|pagination,false
camara,DeviceReachabilityStatus,/subscriptions/{subscriptionId},GET,retrieveDeviceReachabilityStatusSubscription,r,true,true,1,device-reachability-status-subscriptions:read,false,false,true,false,,,false,200|400|401|403|404,true,false,false,false,false,false,false,false,false,,true,true,true,true,/subscriptions/{subscriptionId},protocol|sink|sinkCredential|types|config|id|startsAt|expiresAt|status,true
camara,DeviceReachabilityStatus,/subscriptions/{subscriptionId},DELETE,deleteDeviceReachabilityStatusSubscription,w,true,true,1,device-reachability-status-subscriptions:delete,false,false,true,false,,,false,202|204|400|401|403|404,false,false,true,true,false,false,false,false,false,,true,true,true,true,/subscriptions/{subscriptionId},protocol|sink|sinkCredential|types|config|id|startsAt|expiresAt|status,true
camara,DeviceReachabilityStatus,/retrieve,POST,getReachabilityStatus,r,true,true,1,device-reachability-status:read,false,false,true,true,application/json,device,false,200|400|401|403|404|422|429|503,true,false,false,false,false,false,false,false,false,,true,true,true,false,,,false
camara,DeviceRoamingStatus,/subscriptions,POST,createDeviceRoamingStatusSubscription,x,true,true,1,device-roaming-status-subscriptions:org.camaraproject.device-roaming-status-subscriptions.v0.roaming-status:create|device-roaming-status-subscriptions:org.camaraproject.device-roaming-status-subscriptions.v0.roaming-on:create|device-roaming-status-subscriptions:org.camaraproject.device-roaming-status-subscriptions.v0.roaming-off:create|device-roaming-status-subscriptions:org.camaraproject.device-roaming-status-subscriptions.v0.roaming-change-country:create,false,false,true,true,application/json,protocol|sink|sinkCredential|types|config,true,201|202|400|401|403|409|422|429,false,true,true,false,true,false,false,false,false,,true,true,true,true,/subscriptions,subscriptions|pagination,false
camara,DeviceRoamingStatus,/subscriptions,GET,retrieveDeviceRoamingStatusSubscriptionList,r,true,true,1,device-roaming-status-subscriptions:read,false,false,true,false,,,false,200|400|401|403,true,false,false,false,false,false,false,false,false,,true,true,true,true,/subscriptions,subscriptions|pagination,false
camara,DeviceRoamingStatus,/subscriptions/{subscriptionId},GET,retrieveDeviceRoamingStatusSubscription,r,true,true,1,device-roaming-status-subscriptions:read,false,false,true,false,,,false,200|400|401|403|404,true,false,false,false,false,false,false,false,false,,true,true,true,true,/subscriptions/{subscriptionId},protocol|sink|sinkCredential|types|config|id|startsAt|expiresAt|status,true
camara,DeviceRoamingStatus,/subscriptions/{subscriptionId},DELETE,deleteDeviceRoamingStatusSubscription,w,true,true,1,device-roaming-status-subscriptions:delete,false,false,true,false,,,false,202|204|400|401|403|404,false,false,true,true,false,false,false,false,false,,true,true,true,true,/subscriptions/{subscriptionId},protocol|sink|sinkCredential|types|config|id|startsAt|expiresAt|status,true
camara,DeviceRoamingStatus,/retrieve,POST,getRoamingStatus,r,true,true,1,device-roaming-status:read,false,false,true,true,application/json,device,false,200|400|401|403|404|422|429|503,true,false,false,false,false,false,false,false,false,,true,true,true,false,,,false
camara,DeviceStatus,/subscriptions,POST,createConnectedNetworkTypeSubscription,x,true,true,1,connected-network-type-subscriptions:org.camaraproject.connected-network-type-subscriptions.v0.network-type-changed:create,false,false,false,true,application/json,protocol|sink|sinkCredential|types|config,true,201|202|400|401|403|409|422|429,false,true,true,false,true,false,true,false,false,,true,true,true,true,/subscriptions,protocol|sink|types|config|id|startsAt|expiresAt|status,true
camara,DeviceStatus,/subscriptions,GET,retrieveConnectedNetworkTypeSubscriptionList,r,true,true,1,connected-network-type-subscriptions:read,false,false,false,false,,,false,200|400|401|403,true,false,false,false,false,false,false,false,false,,true,true,true,true,/subscriptions,protocol|sink|types|config|id|startsAt|expiresAt|status,true
camara,DeviceStatus,/subscriptions/{subscriptionId},GET,retrieveConnectedNetworkTypeSubscription,r,true,true,1,connected-network-type-subscriptions:read,false,false,false,false,,,false,200|400|401|403|404,true,false,false,false,false,false,false,false,false,,true,true,true,true,/subscriptions/{subscriptionId},protocol|sink|types|config|id|startsAt|expiresAt|status,true
camara,DeviceStatus,/subscriptions/{subscriptionId},DELETE,deleteConnectedNetworkTypeSubscription,w,true,true,1,connected-network-type-subscriptions:delete,false,false,false,false,,,false,202|204|400|401|403|404,false,false,true,true,false,false,false,false,false,,true,true,true,true,/subscriptions/{subscriptionId},protocol|sink|types|config|id|startsAt|expiresAt|status,true
camara,DeviceStatus,/retrieve,POST,getConnectedNetworkType,r,true,true,1,connected-network-type:read,false,false,false,true,application/json,device,false,200|400|401|403|404|422|429,true,false,false,false,false,false,false,false,false,,true,true,true,false,,,false
camara,DeviceStatus,/subscriptions,POST,createDeviceReachabilityStatusSubscription,x,true,true,1,device-reachability-status-subscriptions:org.camaraproject.device-reachability-status-subscriptions.v0.reachability-data:create|device-reachability-status-subscriptions:org.camaraproject.device-reachability-status-subscriptions.v0.reachability-sms:create|device-reachability-status-subscriptions:org.camaraproject.device-reachability-status-subscriptions.v0.reachability-disconnected:create,false,false,false,true,application/json,protocol|sink|sinkCredential|types|config,true,201|202|400|401|403|409|422|429,false,true,true,false,true,false,false,false,false,,true,true,true,true,/subscriptions,protocol|sink|types|config|id|startsAt|expiresAt|status,true
camara,DeviceStatus,/subscriptions,GET,retrieveDeviceReachabilityStatusSubscriptionList,r,true,true,1,device-reachability-status-subscriptions:read,false,false,false,false,,,false,200|400|401|403,true,false,false,false,false,false,false,false,false,,true,true,true,true,/subscriptions,protocol|sink|types|config|id|startsAt|expiresAt|status,true
camara,DeviceStatus,/subscriptions/{subscriptionId},GET,retrieveDeviceReachabilityStatusSubscription,r,true,true,1,device-reachability-status-subscriptions:read,false,false,false,false,,,false,200|400|401|403|404,true,false,false,false,false,false,false,false,false,,true,true,true,true,/subscriptions/{subscriptionId},protocol|sink|types|config|id|startsAt|expiresAt|status,true
camara,DeviceStatus,/subscriptions/{subscriptionId},DELETE,deleteDeviceReachabilityStatusSubscription,w,true,true,1,device-reachability-status-subscriptions:delete,false,false,false,false,,,false,202|204|400|401|403|404,false,false,true,true,false,false,false,false,false,,true,true,true,true,/subscriptions/{subscriptionId},protocol|sink|types|config|id|startsAt|expiresAt|status,true
camara,DeviceStatus,/retrieve,POST,getReachabilityStatus,r,true,true,1,device-reachability-status:read,false,false,false,true,application/json,device,false,200|400|401|403|404|422|429|503,true,false,false,false,false,false,false,false,false,,true,true,true,false,,,false
camara,DeviceStatus,/subscriptions,POST,createDeviceRoamingStatusSubscription,x,true,true,1,device-roaming-status-subscriptions:org.camaraproject.device-roaming-status-subscriptions.v0.roaming-status:create|device-roaming-status-subscriptions:org.camaraproject.device-roaming-status-subscriptions.v0.roaming-on:create|device-roaming-status-subscriptions:org.camaraproject.device-roaming-status-subscriptions.v0.roaming-off:create|device-roaming-status-subscriptions:org.camaraproject.device-roaming-status-subscriptions.v0.roaming-change-country:create,false,false,false,true,application/json,protocol|sink|sinkCredential|types|config,true,201|202|400|401|403|409|422|429,false,true,true,false,true,false,false,false,false,,true,true,true,true,/subscriptions,protocol|sink|types|config|id|startsAt|expiresAt|status,true
camara,DeviceStatus,/subscriptions,GET,retrieveDeviceRoamingStatusSubscriptionList,r,true,true,1,device-roaming-status-subscriptions:read,false,false,false,false,,,false,200|400|401|403,true,false,false,false,false,false,false,false,false,,true,true,true,true,/subscriptions,protocol|sink|types|config|id|startsAt|expiresAt|status,true
camara,DeviceStatus,/subscriptions/{subscriptionId},GET,retrieveDeviceRoamingStatusSubscription,r,true,true,1,device-roaming-status-subscriptions:read,false,false,false,false,,,false,200|400|401|403|404,true,false,false,false,false,false,false,false,false,,true,true,true,true,/subscriptions/{subscriptionId},protocol|sink|types|config|id|startsAt|expiresAt|status,true
camara,DeviceStatus,/subscriptions/{subscriptionId},DELETE,deleteDeviceRoamingStatusSubscription,w,true,true,1,device-roaming-status-subscriptions:delete,false,false,false,false,,,false,202|204|400|401|403|404,false,false,true,true,false,false,false,false,false,,true,true,true,true,/subscriptions/{subscriptionId},protocol|sink|types|config|id|startsAt|expiresAt|status,true
camara,DeviceStatus,/retrieve,POST,getRoamingStatus,r,true,true,1,device-roaming-status:read,false,false,false,true,application/json,device,false,200|400|401|403|404|422|429|503,true,false,false,false,false,false,false,false,false,,true,true,true,false,,,false
camara,DeviceSwap,/retrieve-date,POST,retrieveDeviceSwapDate,r,true,true,2,device-swap|device-swap:retrieve-date,false,false,true,true,application/json,phoneNumber,true,200|400|401|403|404|422,true,false,false,false,false,false,false,false,false,,true,true,true,false,,,false
camara,DeviceSwap,/check,POST,checkDeviceSwap,r,true,true,2,device-swap|device-swap:check,false,false,true,true,application/json,phoneNumber|maxAge,true,200|400|401|403|404|422,true,false,false,false,false,false,false,false,false,,true,true,true,false,,,false
camara,DeviceVisitLocation,/retrieve,POST,retrieveDeviceVisitLocation,r,true,true,1,device-visit-location:retrieve,false,false,false,true,application/json,device|startTime|endTime,false,200|400|401|403|404|422|500|503|504,true,false,false,false,false,false,false,false,false,,true,true,true,false,,,false
camara,EdgeApplicationManagement,/apps,POST,submitApp,x,true,true,1,edge-application-management:apps:write,false,false,false,true,application/json,name|appProvider|version|packageType|operatingSystem|appRepo|requiredResources|componentSpec,false,201|400|401|403|409,false,true,false,false,false,false,false,false,false,,true,true,true,true,/apps,name|appProvider|version|packageType|operatingSystem|appRepo|requiredResources|componentSpec|appId,false
camara,EdgeApplicationManagement,/apps,GET,getApps,r,true,true,1,edge-application-management:apps:read,false,false,false,false,,,false,200|400|401|403,true,false,false,false,false,false,false,false,false,,true,true,true,true,/apps,name|appProvider|version|packageType|operatingSystem|appRepo|requiredResources|componentSpec|appId,false
camara,EdgeApplicationManagement,/apps/{appId},GET,getApp,r,true,true,1,edge-application-management:apps:read,false,false,false,false,,,false,200|400|401|403|404,true,false,false,false,false,false,false,false,false,,true,true,true,true,/apps/{appId},name|appProvider|version|packageType|operatingSystem|appRepo|requiredResources|componentSpec|appId,false
camara,EdgeApplicationManagement,/apps/{appId},DELETE,deleteApp,w,true,true,1,edge-application-management:apps:delete,false,false,false,false,,,false,202|204|400|401|403|404|409,false,false,true,true,false,false,false,false,false,,true,true,true,true,/apps/{appId},name|appProvider|version|packageType|operatingSystem|appRepo|requiredResources|componentSpec|appId,false
camara,EdgeApplicationManagement,/app-instances,POST,createAppInstance,x,true,true,1,edge-application-management:instances:write,false,false,false,true,application/json,name|appId|edgeCloudZoneId|kubernetesClusterRef|subscriptionRequest,false,202|400|401|403|409,false,false,true,false,true,false,false,false,false,,true,true,true,true,/app-instances,name|appId|appInstanceId|appProvider|status|componentEndpointInfo|kubernetesClusterRef|edgeCloudZoneId,false
camara,EdgeApplicationManagement,/app-instances,GET,getAppInstances,r,true,true,1,edge-application-management:instances:read,false,false,false,false,,,false,200|400|401|403,true,false,false,false,false,false,false,false,false,,true,true,true,true,/app-instances,name|appId|appInstanceId|appProvider|status|componentEndpointInfo|kubernetesClusterRef|edgeCloudZoneId,false
camara,EdgeApplicationManagement,/app-instances/{appInstanceId},GET,getAppInstance,r,true,true,1,edge-application-management:instances:read,false,false,false,false,,,false,200|400|401|403|404,true,false,false,false,false,false,false,false,false,,true,true,true,true,/app-instances/{appInstanceId},name|appId|appInstanceId|appProvider|status|componentEndpointInfo|kubernetesClusterRef|edgeCloudZoneId,false
camara,EdgeApplicationManagement,/app-instances/{appInstanceId},DELETE,deleteAppInstance,w,true,true,1,edge-application-management:instances:delete,false,false,false,false,,,false,202|204|400|401|403|404,false,false,true,true,false,false,false,false,false,,true,true,true,true,/app-instances/{appInstanceId},name|appId|appInstanceId|appProvider|status|componentEndpointInfo|kubernetesClusterRef|edgeCloudZoneId,false
camara,EdgeApplicationManagement,/deployments,POST,createAppDeployment,x,true,true,1,edge-application-management:deployments:write,false,false,false,true,application/json,appDeploymentName|appId|edgeCloudZones|kubernetesClusterRefs|subscriptionRequest,false,202|400|401|403|409,false,false,true,false,true,false,false,false,false,,true,true,true,true,/deployments,appDeploymentName|appDeploymentId|appId|edgeCloudZones|appInstances,false
camara,EdgeApplicationManagement,/deployments,GET,getAppDeployments,r,true,true,1,edge-application-management:deployments:read,false,false,false,false,,,false,200|400|401|403,true,false,false,false,false,false,false,false,false,,true,true,true,true,/deployments,appDeploymentName|appDeploymentId|appId|edgeCloudZones|appInstances,false
camara,EdgeApplicationManagement,/deployments/{appDeploymentId},GET,getAppDeployment,r,true,true,1,edge-application-management:deployments:read,false,false,false,false,,,false,200|400|401|403|404,true,false,false,false,false,false,false,false,false,,true,true,true,true,/deployments/{appDeploymentId},appDeploymentName|appDeploymentId|appId|edgeCloudZones|appInstances,false
camara,EdgeApplicationManagement,/deployments/{appDeploymentId},DELETE,deleteAppDeployment,w,true,true,1,edge-application-management:deployments:delete,false,false,false,false,,,false,202|400|401|403|404,false,false,true,false,false,false,false,false,false,,true,true,true,true,/deployments/{appDeploymentId},appDeploymentName|appDeploymentId|appId|edgeCloudZones|appInstances,false
camara,EdgeApplicationManagement,/deployments/{appDeploymentId},PATCH,updateAppDeployment,w,true,true,1,edge-application-management:deployments:update,false,false,false,true,application/merge-patch+json,appDeploymentName|edgeCloudZones|kubernetesClusterRefs,false,200|400|401|403|404|409,true,false,false,false,false,false,false,false,false,,true,true,true,true,/deployments/{appDeploymentId},appDeploymentName|appDeploymentId|appId|edgeCloudZones|appInstances,false
camara,EdgeApplicationManagement,/edge-cloud-zones,GET,getEdgeCloudZones,r,true,true,1,edge-application-management:edge-cloud-zones:read,false,false,false,false,,,false,200|400|401|403,true,false,false,false,false,false,false,false,false,,true,true,true,true,/edge-cloud-zones,edgeCloudZones|pagination,false
camara,EnergyFootprintNotification,/calculate-energy-consumption,POST,calculateEnergyConsumption,x,true,true,1,energy-footprint-notification:calculate-energy-consumption,true,false,false,true,application/json,service|timePeriod|subscriptionRequest|requestId,false,201|400|401|403|404|422,false,true,false,false,true,false,true,false,false,,true,true,true,false,,,false
camara,EnergyFootprintNotification,/calculate-carbon-footprint,POST,calculateCarbonFootprint,x,true,true,1,energy-footprint-notification:calculate-carbon-footprint,true,false,false,true,application/json,service|timePeriod|subscriptionRequest|requestId,false,201|400|401|403|404|422,false,true,false,false,true,false,true,false,false,,true,true,true,false,,,false
camara,HighThroughputElasticNetworks,/high-throughput-elastic-network/transmission/schedule,POST,scheduleTransmission,x,true,true,2,high_throughput_elastic_network:read|high_throughput_elastic_network:write,false,true,false,true,application/json,bandwidth_requirement|bandwidth_requirement_type|latency_requirement|file_requirements|guarantee_requirements,false,200|201|400|401|403|500,true,true,false,false,false,false,false,false,false,,true,true,true,false,,,false
camara,InHomeDeviceManagement,/v1/devices,GET,listDevices,r,true,true,1,inhome.device.read,false,true,false,false,,,false,200|400|401|403|503,true,false,false,false,false,false,false,false,false,,true,true,true,true,/v1/devices,devices|total,true
camara,InHomeDeviceManagement,/v1/devices/{deviceId},GET,getDevice,r,true,true,1,inhome.device.read,false,true,false,false,,,false,200|401|403|404,true,false,false,false,false,false,false,false,false,,true,true,true,true,/v1/devices/{deviceId},deviceId|ssid|deviceName|deviceType|macAddress|ipAddress|connectionStatus|blocked|paused|pauseExpiresAt|scheduleAccess|infraDevice|interfaceType,false
camara,InHomeDeviceManagement,/v1/devices/{deviceId},PATCH,updateDevice,x,true,true,1,inhome.device.write,false,true,false,true,application/json,ssid|deviceName|blocked|paused|pauseDurationMinutes,false,200|400|401|403|404|409,true,false,false,false,false,false,false,false,false,,true,true,true,true,/v1/devices/{deviceId},deviceId|ssid|deviceName|deviceType|macAddress|ipAddress|connectionStatus|blocked|paused|pauseExpiresAt|scheduleAccess|infraDevice|interfaceType,false
camara,InHomeDeviceManagement,/v1/devices/{deviceId},DELETE,deleteDevice,x,true,true,1,inhome.device.write,false,true,false,false,,,false,200|401|403|404|409,true,false,false,false,false,false,false,false,false,,true,true,true,true,/v1/devices/{deviceId},deviceId|ssid|deviceName|deviceType|macAddress|ipAddress|connectionStatus|blocked|paused|pauseExpiresAt|scheduleAccess|infraDevice|interfaceType,false
camara,InHomeDeviceManagement,/v1/devices/{deviceId}/actions/{actionId},POST,performDeviceAction,x,true,true,1,inhome.device.write,false,true,false,true,application/json,ssid|scheduleAccess,false,201|400|401|403|404|409,false,true,false,false,false,false,false,false,false,,true,true,true,false,,,false
camara,InHomeDeviceManagement,/v1/devices/{deviceId}/network-health,GET,getDeviceNetworkHealth,r,true,true,1,inhome.device.read,false,true,false,false,,,false,200|401|403|404|503,true,false,false,false,false,false,false,false,false,,true,true,true,true,/v1/devices/{deviceId}/network-health,deviceId|ssid|networkCongestion|rssiDbm|maxPhyRateMbps|radioFrequency|interfaceType|infraDevice|lastNetworkSpeedMbps|wifiCompatibility|measuredAt,false
camara,IoTDeviceManagement,/download,POST,downloadEsimProfile,x,true,true,1,iot-device-management:esim-profiles:download,false,false,false,true,application/json,esimProfile|activationCode,false,202|400|401|403|404|422,false,false,true,false,false,false,false,false,false,,true,true,true,false,,,false
camara,IoTDeviceManagement,/enable,POST,enableEsimProfile,x,true,true,1,iot-device-management:esim-profiles:enable,false,false,false,true,application/json,esimProfile,false,202|400|401|403|404|409|422,false,false,true,false,false,false,false,false,false,,true,true,true,false,,,false
camara,IoTDeviceManagement,/disable,POST,disableEsimProfile,x,true,true,1,iot-device-management:esim-profiles:disable,false,false,false,true,application/json,esimProfile,false,202|400|401|403|404|409|422,false,false,true,false,false,false,false,false,false,,true,true,true,false,,,false
camara,IoTDeviceManagement,/delete,POST,deleteEsimProfile,x,true,true,1,iot-device-management:esim-profiles:delete,false,false,false,true,application/json,esimProfile,false,202|400|401|403|404|409|422,false,false,true,false,false,false,false,false,false,,true,true,true,false,,,false
camara,IoTDeviceManagement,/set-fallback,POST,setFallbackEsimProfile,x,true,true,1,iot-device-management:esim-profiles:set-fallback,false,false,false,true,application/json,esimProfile,false,202|400|401|403|404|409|422,false,false,true,false,false,false,false,false,false,,true,true,true,false,,,false
camara,IoTDeviceManagement,/retrieve-status,POST,getEsimProfileStatus,r,true,true,1,iot-device-management:esim-profiles:retrieve-status,false,false,false,true,application/json,esimProfile,false,200|400|401|403|404|422,true,false,false,false,false,false,false,false,false,,true,true,true,false,,,false
camara,IoTDeviceManagement,/operations/{operationId},GET,retrieveOperation,r,true,true,1,iot-device-management:esim-profiles:retrieve-operation,false,false,false,false,,,false,200|400|401|403|404,true,false,false,false,false,false,false,false,false,,true,true,true,true,/operations/{operationId},operationId|operation|status|esimProfile|result,false
camara,IoTNetworkOptimization,/features/power-saving,POST,activatePowerSaving,x,true,true,1,iot-management:power-saving:write,true,true,false,true,application/json,devices|enabled|timePeriod|subscriptionRequest,false,202|400|401|403|404|409|501,false,false,true,false,true,false,false,false,false,,true,true,false,false,,,false
camara,IoTNetworkOptimization,/features/power-saving/transactions/{transactionId},GET,getPowerSaving,r,true,true,1,iot-management:power-saving:read,true,true,false,false,,,false,200|400|401|403|404|501,true,false,false,false,false,false,false,false,false,,true,true,false,true,/features/power-saving/transactions/{transactionId},activationStatus|transactionId,false
camara,IoTSIMFraudPrevention,/subscriptions,POST,subscribeFraudPrevention,x,true,true,1,iot-sim-fraud-prevention-subscriptions:subscribe,false,true,false,true,application/json,config|types|protocol|sink|sinkCredential,true,201|202|400|401|403|404|422|429,false,true,true,false,true,false,true,false,false,,true,true,true,true,/subscriptions,protocol|sink|types|config|id|startsAt|expiresAt|status,true
camara,IoTSIMFraudPrevention,/subscriptions,GET,listSubscriptions,r,true,true,1,iot-sim-fraud-prevention-subscriptions:read,false,true,false,false,,,false,200|400|401|403|404|429,true,false,false,false,false,false,false,false,false,,true,true,true,true,/subscriptions,protocol|sink|types|config|id|startsAt|expiresAt|status,true
camara,IoTSIMFraudPrevention,/subscriptions/{subscriptionId},GET,getSubscription,r,true,true,1,iot-sim-fraud-prevention-subscriptions:read,false,true,false,false,,,false,200|400|401|403|404|429,true,false,false,false,false,false,false,false,false,,true,true,true,true,/subscriptions/{subscriptionId},protocol|sink|types|config|id|startsAt|expiresAt|status,true
camara,IoTSIMFraudPrevention,/subscriptions/{subscriptionId},DELETE,deleteSubscription,w,true,true,1,iot-sim-fraud-prevention-subscriptions:delete,false,true,false,false,,,false,202|204|400|401|403|404|429,false,false,true,true,false,false,true,false,false,,true,true,true,true,/subscriptions/{subscriptionId},protocol|sink|types|config|id|startsAt|expiresAt|status,true
camara,IoTSIMFraudPrevention,/bind,POST,bindDeviceImei,x,true,true,1,iot-sim-fraud-prevention:bind,false,true,false,true,application/json,device|bindType,false,200|400|401|403|404|422|429,true,false,false,false,false,false,false,false,false,,true,true,true,false,,,false
camara,IoTSIMFraudPrevention,/unbind,POST,unBindDeviceImei,x,true,true,1,iot-sim-fraud-prevention:unbind,false,true,false,true,application/json,device|unBindType,false,200|400|401|403|404|422|429,true,false,false,false,false,false,false,false,false,,true,true,true,false,,,false
camara,IoTSIMFraudPrevention,/query,POST,query,r,true,true,1,iot-sim-fraud-prevention:query,false,true,false,true,application/json,device|queryType,false,200|400|401|403|404|422|429,true,false,false,false,false,false,false,false,false,,true,true,true,false,,,false
camara,KnowYourCustomer,/verify,POST,verifyAge,r,true,true,1,,false,false,false,false,,,false,,false,false,false,false,false,false,false,false,false,,true,true,true,false,,,false
camara,KnowYourCustomer,/fill-in,POST,KYC_Fill-in,r,true,true,1,,false,false,false,false,,,false,,false,false,false,false,false,false,false,false,false,,true,true,false,false,,,false
camara,KnowYourCustomer,/match,POST,KYC_Match,r,true,true,1,,false,false,false,false,,,false,,false,false,false,false,false,false,false,false,false,,true,true,true,false,,,false
camara,KnowYourCustomerAgeVerification,/verify,POST,verifyAge,r,true,true,1,kyc-age-verification:verify,false,false,true,true,application/json,ageThreshold|phoneNumber|idDocument|name|givenName|familyName|middleNames|familyNameAtBirth|birthdate|email|includeContentLock|includeParentalControl,true,200|400|401|403|404|422,true,false,false,false,false,false,false,false,false,,true,true,true,false,,,false
camara,KnowYourCustomerFill-in,/fill-in,POST,kycFillin,r,true,true,27,kyc-fill-in:set-all|kyc-fill-in:phoneNumber|kyc-fill-in:idDocument|kyc-fill-in:idDocumentType|kyc-fill-in:idDocumentExpiryDate|kyc-fill-in:bankAccountNumber|kyc-fill-in:name|kyc-fill-in:givenName|kyc-fill-in:familyName|kyc-fill-in:nameKanaHankaku|kyc-fill-in:nameKanaZenkaku|kyc-fill-in:middleNames|kyc-fill-in:familyNameAtBirth|kyc-fill-in:address|kyc-fill-in:streetName|kyc-fill-in:streetNumber|kyc-fill-in:postalCode|kyc-fill-in:region|kyc-fill-in:locality|kyc-fill-in:country|kyc-fill-in:houseNumberExtension|kyc-fill-in:birthdate|kyc-fill-in:email|kyc-fill-in:gender|kyc-fill-in:cityOfBirth|kyc-fill-in:countryOfBirth|kyc-fill-in:nationality,false,false,false,true,application/json,phoneNumber,true,200|400|401|403|404|422,true,false,false,false,false,false,false,false,false,,true,true,true,false,,,false
camara,KnowYourCustomerMatch,/match,POST,kycMatch,r,true,true,1,kyc-match:match,false,false,false,true,application/json,phoneNumber|idDocument|idDocumentType|idDocumentExpiryDate|bankAccountNumber|name|givenName|familyName|nameKanaHankaku|nameKanaZenkaku|middleNames|familyNameAtBirth|address|streetName|streetNumber|postalCode|region|locality|country|houseNumberExtension|birthdate|email|gender|cityOfBirth|countryOfBirth|nationality,true,200|400|401|403|404|422,true,false,false,false,false,false,false,false,false,,true,true,true,false,,,false
camara,ModelAsAService,/knowledge-bases,POST,createKnowledgeBase,x,true,true,1,knowledge-base:knowledge-bases:create,false,false,true,true,application/json,name|description,false,201|400|401|403|409|500,false,true,false,false,false,false,false,false,false,,true,true,true,true,/knowledge-bases,items|pagination,false
camara,ModelAsAService,/knowledge-bases,GET,listKnowledgeBases,r,true,true,1,knowledge-base:knowledge-bases:read,false,false,true,false,,,false,200|400|401|403|500,true,false,false,false,false,false,false,false,false,,true,true,true,true,/knowledge-bases,items|pagination,false
camara,ModelAsAService,/knowledge-bases/{knowledgeBaseId},GET,getKnowledgeBase,r,true,true,1,knowledge-base:knowledge-bases:read,false,false,true,false,,,false,200|400|401|403|404|500,true,false,false,false,false,false,false,false,false,,true,true,true,true,/knowledge-bases/{knowledgeBaseId},knowledgeBaseId|name|description|documents,false
camara,ModelAsAService,/knowledge-bases/{knowledgeBaseId},PUT,updateKnowledgeBase,w,true,true,1,knowledge-base:knowledge-bases:update,false,false,true,true,application/json,name|description,false,200|400|401|403|404|500,true,false,false,false,false,false,false,false,false,,true,true,true,true,/knowledge-bases/{knowledgeBaseId},knowledgeBaseId|name|description|documents,false
camara,ModelAsAService,/knowledge-bases/{knowledgeBaseId},DELETE,deleteKnowledgeBase,w,true,true,1,knowledge-base:knowledge-bases:delete,false,false,true,false,,,false,204|400|401|403|404|500,false,false,false,true,false,false,false,false,false,,true,true,true,true,/knowledge-bases/{knowledgeBaseId},knowledgeBaseId|name|description|documents,false
camara,ModelAsAService,/knowledge-bases/{knowledgeBaseId}/documents,POST,uploadDocument,x,true,true,1,knowledge-base:documents:create,false,false,true,true,multipart/form-data,document,false,201|400|401|403|404|415|500,false,true,false,false,false,false,false,false,false,,true,true,true,false,,,false
camara,ModelAsAService,/knowledge-bases/{knowledgeBaseId}/documents/{documentId},GET,getDocument,r,true,true,1,knowledge-base:documents:read,false,false,true,false,,,false,200|400|401|403|404|500,true,false,false,false,false,false,false,false,false,,true,true,true,true,/knowledge-bases/{knowledgeBaseId}/documents/{documentId},documentId|knowledgeBaseId|filename|format|uploadDate|status,false
camara,ModelAsAService,/knowledge-bases/{knowledgeBaseId}/documents/{documentId},DELETE,deleteDocument,w,true,true,1,knowledge-base:documents:delete,false,false,true,false,,,false,204|400|401|403|404|500,false,false,false,true,false,false,false,false,false,,true,true,true,true,/knowledge-bases/{knowledgeBaseId}/documents/{documentId},documentId|knowledgeBaseId|filename|format|uploadDate|status,false
camara,ModelAsAService,/knowledge-bases/{knowledgeBaseId}/tools,POST,createTool,x,true,true,1,knowledge-base:tools:create,false,false,true,true,application/json,name|description|url|method|headers|inputSchema|outputSchema|createdAt|updatedAt,false,201|400|401|403|404|409|500,false,true,false,false,false,false,false,false,false,,true,true,true,true,/knowledge-bases/{knowledgeBaseId}/tools,items|pagination,false
camara,ModelAsAService,/knowledge-bases/{knowledgeBaseId}/tools,GET,listTools,r,true,true,1,knowledge-base:tools:read,false,false,true,false,,,false,200|400|401|403|404|500,true,false,false,false,false,false,false,false,false,,true,true,true,true,/knowledge-bases/{knowledgeBaseId}/tools,items|pagination,false
camara,ModelAsAService,/knowledge-bases/{knowledgeBaseId}/tools/{toolId},GET,getTool,r,true,true,1,knowledge-base:tools:read,false,false,true,false,,,false,200|400|401|403|404|500,true,false,false,false,false,false,false,false,false,,true,true,true,true,/knowledge-bases/{knowledgeBaseId}/tools/{toolId},name|description|url|method|headers|inputSchema|outputSchema|createdAt|updatedAt|toolId,true
camara,ModelAsAService,/knowledge-bases/{knowledgeBaseId}/tools/{toolId},PUT,updateTool,w,true,true,1,knowledge-base:tools:update,false,false,true,true,application/json,name|description|url|method|headers|inputSchema|outputSchema|createdAt|updatedAt,false,200|400|401|403|404|409|500,true,false,false,false,false,false,false,false,false,,true,true,true,true,/knowledge-bases/{knowledgeBaseId}/tools/{toolId},name|description|url|method|headers|inputSchema|outputSchema|createdAt|updatedAt|toolId,true
camara,ModelAsAService,/knowledge-bases/{knowledgeBaseId}/tools/{toolId},DELETE,deleteTool,w,true,true,1,knowledge-base:tools:delete,false,false,true,false,,,false,204|400|401|403|404|500,false,false,false,true,false,false,false,false,false,,true,true,true,true,/knowledge-bases/{knowledgeBaseId}/tools/{toolId},name|description|url|method|headers|inputSchema|outputSchema|createdAt|updatedAt|toolId,true
camara,ModelAsAService,/knowledge-bases/{knowledgeBaseId}/tools/{toolId}/call,POST,callTool,x,true,true,1,knowledge-base:tools:call,false,false,true,true,application/json,arguments,false,200|400|401|403|404|422|500,true,false,false,false,false,false,false,false,false,,true,true,true,false,,,false
camara,ModelAsAService,/assistants,POST,createAssistant,x,true,true,1,qa-assistant-manage:assistants:create,false,false,true,true,application/json,name|description|knowledgeBaseId|toolIds|configurationPrompt|largeModelParameters|openingRemarks,true,201|400|401|403|422|500,false,true,false,false,false,false,false,false,false,,true,true,true,true,/assistants,items|pagination,false
camara,ModelAsAService,/assistants,GET,listAssistants,r,true,true,1,qa-assistant-manage:assistants:read,false,false,true,false,,,false,200|400|401|403|500,true,false,false,false,false,false,false,false,false,,true,true,true,true,/assistants,items|pagination,false
camara,ModelAsAService,/assistants/{assistantId},GET,getAssistant,r,true,true,1,qa-assistant-manage:assistants:read,false,false,true,false,,,false,200|400|401|403|404|500,true,false,false,false,false,false,false,false,false,,true,true,true,true,/assistants/{assistantId},assistantId|name|description|knowledgeBaseId|toolIds|configurationPrompt|largeModelParameters|openingRemarks|createdAt|updatedAt,true
camara,ModelAsAService,/assistants/{assistantId},PUT,updateAssistant,w,true,true,1,qa-assistant-manage:assistants:update,false,false,true,true,application/json,name|description|knowledgeBaseId|toolIds|configurationPrompt|largeModelParameters|openingRemarks,true,200|400|401|403|404|422,true,false,false,false,false,false,false,false,false,,true,true,true,true,/assistants/{assistantId},assistantId|name|description|knowledgeBaseId|toolIds|configurationPrompt|largeModelParameters|openingRemarks|createdAt|updatedAt,true
camara,ModelAsAService,/assistants/{assistantId},DELETE,deleteAssistant,w,true,true,1,qa-assistant-manage:assistants:delete,false,false,true,false,,,false,204|400|401|403|404|500,false,false,false,true,false,false,false,false,false,,true,true,true,true,/assistants/{assistantId},assistantId|name|description|knowledgeBaseId|toolIds|configurationPrompt|largeModelParameters|openingRemarks|createdAt|updatedAt,true
camara,ModelAsAService,/answer,POST,queryAssistant,x,true,true,1,qa-assistant-service:answer:read,false,false,true,true,application/json,assistantId|prompt,false,200|400|401|403|404|500,true,false,false,false,false,false,false,false,false,,true,true,true,false,,,false
camara,MostFrequentLocation,/verify,POST,verifyFrequentLocation,r,true,true,1,most-frequent-location:verify,false,false,false,true,application/json,device|geoReference,false,200|400|401|403|404|422,true,false,false,false,false,false,false,false,false,,true,true,true,false,,,false
camara,MultiPointVPN,/networks,POST,createNetwork,x,true,true,1,multi-point-vpn:network:create,false,false,true,true,application/json,serviceName|isProtected|connections|guaranteeBandwidth|sla|duration|routeProtocol,true,201|400|401|403|500,false,true,false,false,false,false,false,false,false,,true,true,true,false,,,false
camara,MultiPointVPN,/networks/{serviceId},PATCH,updateNetwork,w,true,true,1,multi-point-vpn:network:update,false,false,true,true,application/merge-patch+json,guaranteeBandwidth|sla,false,200|400|401|403|404|500,true,false,false,false,false,false,false,false,false,,true,true,true,true,/networks/{serviceId},serviceId|serviceName|isProtected|connections|sla|guaranteeBandwidth|duration|routeProtocol|resourceGroupId|cloudGatewayIp,true
camara,MultiPointVPN,/networks/{serviceId},GET,getNetwork,r,true,true,1,multi-point-vpn:network:read,false,false,true,false,,,false,200|400|401|403|404|500,true,false,false,false,false,false,false,false,false,,true,true,true,true,/networks/{serviceId},serviceId|serviceName|isProtected|connections|sla|guaranteeBandwidth|duration|routeProtocol|resourceGroupId|cloudGatewayIp,true
camara,MultiPointVPN,/networks/{serviceId},DELETE,deleteNetwork,w,true,true,1,multi-point-vpn:network:delete,false,false,true,false,,,false,202|400|401|403|404|500,false,false,true,false,false,false,false,false,false,,true,true,true,true,/networks/{serviceId},serviceId|serviceName|isProtected|connections|sla|guaranteeBandwidth|duration|routeProtocol|resourceGroupId|cloudGatewayIp,true
camara,MultiPointVPN,/assessment,POST,assessConnectionFeasibility,r,true,true,1,multi-point-vpn:assessment:assess,false,false,true,true,application/json,isProtected|connections|guaranteeBandwidth|duration,false,200|400|401|403|500,true,false,false,false,false,false,false,false,false,,true,true,true,false,,,false
camara,NetworkAccessManagement,/network-access-devices,GET,getNetworkAccessDevices,r,true,true,1,network-access-devices:reboot,false,false,true,false,,,false,200|400|401|403|404|500|503,true,false,false,false,false,false,false,false,false,,true,true,true,false,,,false
camara,NetworkAccessManagement,/network-access-devices/{networkAccessDeviceId},GET,getNetworkAccessDevice,r,true,true,1,network-access-devices:reboot,false,false,true,false,,,false,200|400|401|403|404|500|503,true,false,false,false,false,false,false,false,false,,true,true,true,false,,,false
camara,NetworkAccessManagement,/reboot-requests,POST,createRebootRequest,x,true,true,1,network-access-devices:reboot,false,false,true,true,application/json,,false,201|400|401|403|404|409|422|500|503,false,true,false,false,false,false,false,false,false,,true,true,true,false,,,false
camara,NetworkAccessManagement,/reboot-requests,GET,getRebootRequests,r,true,true,1,network-access-devices:reboot,false,false,true,false,,,false,200|400|401|403|500|503,true,false,false,false,false,false,false,false,false,,true,true,true,false,,,false
camara,NetworkAccessManagement,/reboot-requests/{rebootRequestId},GET,getRebootRequest,r,true,true,1,network-access-devices:reboot,false,false,true,false,,,false,200|400|401|403|404|500|503,true,false,false,false,false,false,false,false,false,,true,true,true,false,,,false
camara,NetworkAccessManagement,/reboot-requests/{rebootRequestId},PATCH,updateRebootRequest,x,true,true,1,network-access-devices:reboot,false,false,true,true,application/json,,false,200|400|401|403|404|409|422|500|503,true,false,false,false,false,false,false,false,false,,true,true,true,false,,,false
camara,NetworkAccessManagement,/reboot-requests/{rebootRequestId},DELETE,deleteRebootRequest,w,true,true,1,network-access-devices:reboot,false,false,true,false,,,false,204|400|401|403|404|500|503,false,false,false,true,false,false,false,false,false,,true,true,true,false,,,false
camara,NetworkAccessManagement,/services,GET,getServices,r,true,true,1,network-access-domains:services:read,false,false,true,false,,,false,200|400|401|403|500|503,true,false,false,false,false,false,false,false,false,,true,true,true,false,,,false
camara,NetworkAccessManagement,/services/{serviceId},GET,getService,r,true,true,1,network-access-domains:services:read,false,false,true,false,,,false,200|400|401|403|404|500|503,true,false,false,false,false,false,false,false,false,,true,true,true,false,,,false
camara,NetworkAccessManagement,/trust-domains/capabilities,GET,getTrustDomainCapabilities,r,true,true,1,network-access-domains:trust-domains,false,false,true,false,,,false,200|400|401|403|500|503,true,false,false,false,false,false,false,false,false,,true,true,true,false,,,false
camara,NetworkAccessManagement,/trust-domains,POST,createTrustDomain,w,true,true,1,network-access-domains:trust-domains,false,false,true,true,application/json,,false,201|400|401|403|409|500|503,false,true,false,false,false,false,false,false,false,,true,true,true,false,,,false
camara,NetworkAccessManagement,/trust-domains,GET,getTrustDomains,r,true,true,2,network-access-domains:trust-domains|network-access-domains:trust-domains:read-all,false,false,true,false,,,false,200|400|401|403|500|503,true,false,false,false,false,false,false,false,false,,true,true,true,false,,,false
camara,NetworkAccessManagement,/trust-domains/{trustDomainId},GET,getTrustDomain,r,true,true,2,network-access-domains:trust-domains|network-access-domains:trust-domains:read-all,false,false,true,false,,,false,200|400|401|403|404|500|503,true,false,false,false,false,false,false,false,false,,true,true,true,false,,,false
camara,NetworkAccessManagement,/trust-domains/{trustDomainId},PATCH,updateTrustDomain,w,true,true,1,network-access-domains:trust-domains,false,false,true,true,application/json,,false,200|400|401|403|404|500|503,true,false,false,false,false,false,false,false,false,,true,true,true,false,,,false
camara,NetworkAccessManagement,/trust-domains/{trustDomainId},DELETE,deleteTrustDomain,w,true,true,1,network-access-domains:trust-domains,false,false,true,false,,,false,204|400|401|403|404|500|503,false,false,false,true,false,false,false,false,false,,true,true,true,false,,,false
camara,NetworkAccessManagement,/trust-domains/{trustDomainId}/devices,POST,createTrustDomainDevice,x,true,true,1,network-access-domains:devices,false,false,true,true,application/json,,false,201|400|401|403|404|409|500|503,false,true,false,false,false,false,false,false,false,,true,true,true,false,,,false
camara,NetworkAccessManagement,/trust-domains/{trustDomainId}/devices,GET,getTrustDomainDevices,r,true,true,1,network-access-domains:devices,false,false,true,false,,,false,200|400|401|403|404|500|503,true,false,false,false,false,false,false,false,false,,true,true,true,false,,,false
camara,NetworkAccessManagement,/trust-domains/{trustDomainId}/devices/{deviceId},GET,getTrustDomainDevice,r,true,true,1,network-access-domains:devices,false,false,true,false,,,false,200|400|401|403|404|500|503,true,false,false,false,false,false,false,false,false,,true,true,true,false,,,false
camara,NetworkAccessManagement,/trust-domains/{trustDomainId}/devices/{deviceId},PATCH,updateTrustDomainDevice,w,true,true,1,network-access-domains:devices,false,false,true,true,application/json,,false,200|400|401|403|404|500|503,true,false,false,false,false,false,false,false,false,,true,true,true,false,,,false
camara,NetworkAccessManagement,/trust-domains/{trustDomainId}/devices/{deviceId},DELETE,deleteTrustDomainDevice,w,true,true,1,network-access-domains:devices,false,false,true,false,,,false,204|400|401|403|404|500|503,false,false,false,true,false,false,false,false,false,,true,true,true,false,,,false
camara,NetworkInsights,/health-scores,GET,getHealthScores,r,true,true,1,network-health-assessment:health-scores:read,false,false,false,false,,,false,200|400|401|403|404,true,false,false,false,false,false,false,false,false,,true,true,true,true,/health-scores,networkId|netType|score|scoringTime,false
camara,NetworkInsights,/traffic-analysis,GET,getTrafficAnalysis,r,true,true,1,network-traffic-analysis:traffic-analysis:read,false,false,false,false,,,false,200|400|401|403|404,true,false,false,false,false,false,false,false,false,,true,true,true,true,/traffic-analysis,records|pagination,false
camara,NetworkSliceBooking,/slices/{sliceId}/devices,POST,assignDevice,x,true,true,1,network-slice-assignment:devices:assign,false,false,false,true,application/json,device|sink|sinkCredential,false,201|400|401|403|404|422|429,false,true,false,false,true,false,false,false,false,,true,true,true,true,/slices/{sliceId}/devices,deviceList|sliceInfo,false
camara,NetworkSliceBooking,/slices/{sliceId}/devices,GET,getDevices,r,true,true,1,network-slice-assignment:devices:get,false,false,false,false,,,false,200|400|401|403|404|429,true,false,false,false,false,false,false,false,false,,true,true,true,true,/slices/{sliceId}/devices,deviceList|sliceInfo,false
camara,NetworkSliceBooking,/slices/{sliceId}/release,POST,releaseDevice,x,true,true,1,network-slice-assignment:devices:delete,false,false,false,true,application/json,device,false,200|400|401|403|404|422|429,true,false,false,false,false,false,false,false,false,,true,true,true,false,,,false
camara,NetworkSliceBooking,/retrieve-slices,POST,retrieveSlicesByDevice,r,true,true,1,network-slice-assignment:devices:retrieve,false,false,false,true,application/json,phoneNumber|networkAccessIdentifier|ipv4Address|ipv6Address,true,200|400|401|403|404|429,true,false,false,false,false,false,false,false,false,,true,true,true,false,,,false
camara,NetworkSliceBooking,/slices,POST,createSlice,x,true,true,1,network-slice-booking:slices:create,false,false,false,true,application/json,serviceTime|serviceArea|sliceQosProfile|sink|sinkCredential,false,201|400|401|403|422|429,false,true,false,false,true,false,false,false,false,,true,true,true,false,,,false
camara,NetworkSliceBooking,/slices/{sliceId},DELETE,deleteSlice,w,true,true,1,network-slice-booking:slices:delete,false,false,false,false,,,false,204|400|401|403|404|429,false,false,false,true,false,false,false,false,false,,true,true,true,true,/slices/{sliceId},serviceTime|serviceArea|sliceQosProfile|sink|sinkCredential|sliceId,false
camara,NetworkSliceBooking,/slices/{sliceId},GET,getSlice,r,true,true,1,network-slice-booking:slices:get,false,false,false,false,,,false,200|400|401|403|404|429,true,false,false,false,false,false,false,false,false,,true,true,true,true,/slices/{sliceId},serviceTime|serviceArea|sliceQosProfile|sink|sinkCredential|sliceId,false
camara,NumberRecycling,/check,POST,checkNumberRecycling,r,true,true,1,number-recycling:check,false,false,true,true,application/json,phoneNumber|specifiedDate,true,200|400|401|403|404|422,true,false,false,false,false,false,false,false,false,,true,true,true,false,,,false
camara,NumberVerification,/verify,POST,phoneNumberVerify,r,true,true,1,number-verification:verify,false,false,false,true,application/json,phoneNumber|hashedPhoneNumber,true,200|400|401|403,true,false,false,false,false,false,false,false,false,,true,true,true,false,,,false
camara,NumberVerification,/device-phone-number,GET,phoneNumberShare,r,true,true,1,number-verification:device-phone-number:read,false,false,false,false,,,false,200|400|401|403,true,false,false,false,false,false,false,false,false,,true,true,true,true,/device-phone-number,devicePhoneNumber,false
camara,OTPValidation,/send-code,POST,sendCode,x,true,true,1,one-time-password-sms:send-validate,false,false,true,true,application/json,phoneNumber|message,true,200|400|401|403|404|429,true,false,false,false,false,false,false,false,false,,true,true,true,false,,,false
camara,OTPValidation,/validate-code,POST,validateCode,w,true,true,1,one-time-password-sms:send-validate,false,false,true,true,application/json,authenticationId|code,false,204|400|401|403|404|429,false,false,false,true,false,false,false,false,false,,true,true,true,false,,,false
camara,OptimalEdgeDiscovery,/regions,GET,getRegions,r,true,true,1,optimal-edge-discovery:regions:read,false,false,true,false,,,false,200|400|401|403,true,false,false,false,false,false,false,false,false,,true,true,true,false,,,false
camara,OptimalEdgeDiscovery,/retrieve-optimal-edge-cloud-zones,POST,discoverOptimalEdge,r,true,true,1,optimal-edge-discovery:edge-zones:read,false,false,true,true,application/json,device|applicationProfileId|edgeCloudRegion,false,200|400|401|403|404|422|429,true,false,false,false,false,false,false,false,false,,true,true,true,false,,,false
camara,PopulationDensityData,/retrieve,POST,retrievePopulationDensity,r,true,true,1,population-density-data:read,false,false,true,true,application/json,area|startTime|endTime|precision|sink|sinkCredential,false,200|202|400|401|403|404|422|429,true,false,true,false,true,false,false,false,false,,true,true,true,false,,,false
camara,PredictiveConnectivityData,/retrieve,POST,retrieveConnectivity,r,true,true,1,predictive-connectivity-data:read,false,false,true,true,application/json,serviceLevel|area|startTime|endTime|networkType|precision|height|includeSignalStrength|sink|sinkCredential,false,200|202|400|401|403|404|422|429,true,false,true,false,true,false,false,false,false,,true,true,true,false,,,false
camara,QoSBooking,/qos-bookings,POST,createBooking,x,true,true,1,qos-booking-and-assignment:qos-bookings:create,false,false,true,true,application/json,numDevices|qosProfile|startTime|duration|serviceArea|sink|sinkCredential,false,201|202|400|401|403|404|409|422|429,false,true,true,false,true,false,true,false,false,,true,true,true,false,,,false
camara,QoSBooking,/qos-bookings/{bookingId},GET,getBookingById,r,true,true,1,qos-booking-and-assignment:qos-bookings:read,false,false,true,false,,,false,200|400|401|403|404|429,true,false,false,false,false,false,false,false,false,,true,true,true,true,/qos-bookings/{bookingId},bookingId|totalDevices|remainingDevices|qosProfile|startTime|duration|serviceArea|status|statusInfo,true
camara,QoSBooking,/qos-bookings/{bookingId},DELETE,deleteBooking,w,true,true,1,qos-booking-and-assignment:qos-bookings:delete,false,false,true,false,,,false,200|202|400|401|403|404|409|429,true,false,true,false,false,false,true,false,false,,true,true,true,true,/qos-bookings/{bookingId},bookingId|totalDevices|remainingDevices|qosProfile|startTime|duration|serviceArea|status|statusInfo,true
camara,QoSBooking,/qos-bookings/{bookingId}/devices/assign,POST,assignDevices,x,true,true,1,qos-booking-and-assignment:qos-bookings:devices:create,false,false,true,true,application/json,devices|sink|sinkCredential,false,201|202|400|401|403|404|409|422|429,false,true,true,false,true,false,true,false,false,,true,true,true,false,,,false
camara,QoSBooking,/qos-bookings/{bookingId}/devices,GET,getDevicesByBookingId,r,true,true,1,qos-booking-and-assignment:qos-bookings:devices:read,false,false,true,false,,,false,200|400|401|403|404|422|429,true,false,false,false,false,false,false,false,false,,true,true,true,true,/qos-bookings/{bookingId}/devices,bookingDetails|devices|status|statusInfo,false
camara,QoSBooking,/qos-bookings/{bookingId}/devices/release,POST,releaseDevices,x,true,true,1,qos-booking-and-assignment:qos-bookings:devices:delete,false,false,true,true,application/json,devices|sink|sinkCredential,false,200|202|400|401|403|404|409|422|429,true,false,true,false,false,false,true,false,false,,true,true,true,false,,,false
camara,QoSBooking,/qos-bookings/retrieve,POST,retrieveBookingByDevice,r,true,true,1,qos-booking-and-assignment:qos-bookings:retrieve-by-device,false,false,true,true,application/json,device,false,200|400|401|403|404|409|422|429,true,false,false,false,false,false,false,false,false,,true,true,true,false,,,false
camara,QoSBooking,/device-qos-bookings,POST,createBooking,x,true,true,1,qos-booking:device-qos-bookings:create,false,false,true,true,application/json,qosProfile|applicationServer|devicePorts|applicationServerPorts|sink|sinkCredential|device|startTime|duration|serviceArea,false,201|400|401|403|404|409|422|429,false,true,false,false,true,false,true,false,false,,true,true,true,false,,,false
camara,QoSBooking,/device-qos-bookings/{bookingId},GET,getBookingById,r,true,true,1,qos-booking:device-qos-bookings:read,false,false,true,false,,,false,200|400|401|403|404|429,true,false,false,false,false,false,false,false,false,,true,true,true,true,/device-qos-bookings/{bookingId},qosProfile|applicationServer|devicePorts|applicationServerPorts|sink|sinkCredential|device|startTime|duration|serviceArea|bookingId|startedAt|bookingStatus|statusInfo,false
camara,QoSBooking,/device-qos-bookings/{bookingId},DELETE,deleteBooking,w,true,true,1,qos-booking:device-qos-bookings:delete,false,false,true,false,,,false,202|204|400|401|403|404|429,false,false,true,true,false,false,true,false,false,,true,true,true,true,/device-qos-bookings/{bookingId},qosProfile|applicationServer|devicePorts|applicationServerPorts|sink|sinkCredential|device|startTime|duration|serviceArea|bookingId|startedAt|bookingStatus|statusInfo,false
camara,QoSBooking,/retrieve-device-qos-bookings,POST,retrieveBookingByDevice,r,true,true,1,qos-booking:device-qos-bookings:retrieve-by-device,false,false,true,true,application/json,device,false,200|400|401|403|404|422|429,true,false,false,false,false,false,false,false,false,,true,true,true,false,,,false
camara,QualityOnDemand,/retrieve-qos-profiles,POST,retrieveQosProfiles,r,true,true,1,qos-profiles:read,false,false,true,true,application/json,device|name|status,false,200|400|401|403|404|422|429,true,false,false,false,false,false,false,false,false,,true,true,true,false,,,false
camara,QualityOnDemand,/qos-profiles/{name},GET,getQosProfile,r,true,true,1,qos-profiles:read,false,false,true,false,,,false,200|400|401|403|404|429,true,false,false,false,false,false,false,false,false,,true,true,true,true,/qos-profiles/{name},name|description|status|countryAvailability|targetMinUpstreamRate|maxUpstreamRate|maxUpstreamBurstRate|targetMinDownstreamRate|maxDownstreamRate|maxDownstreamBurstRate|minDuration|maxDuration|priority|packetDelayBudget|jitter|packetErrorLossRate|l4sQueueType|serviceClass,false
camara,QualityOnDemand,/qos-assignments,POST,createQosAssignment,x,true,true,1,qos-provisioning:qos-assignments:create,false,false,true,true,application/json,device|qosProfile|sink|sinkCredential,false,201|400|401|403|404|409|422|429,false,true,false,false,true,false,true,false,false,,true,true,true,false,,,false
camara,QualityOnDemand,/qos-assignments/{assignmentId},GET,getQosAssignmentById,r,true,true,1,qos-provisioning:qos-assignments:read,false,false,true,false,,,false,200|400|401|403|404|429,true,false,false,false,false,false,false,false,false,,true,true,true,true,/qos-assignments/{assignmentId},device|qosProfile|sink|sinkCredential|assignmentId|startedAt|status|statusInfo,false
camara,QualityOnDemand,/qos-assignments/{assignmentId},DELETE,revokeQosAssignment,w,true,true,1,qos-provisioning:qos-assignments:delete,false,false,true,false,,,false,202|204|400|401|403|404|429,false,false,true,true,false,false,true,false,false,,true,true,true,true,/qos-assignments/{assignmentId},device|qosProfile|sink|sinkCredential|assignmentId|startedAt|status|statusInfo,false
camara,QualityOnDemand,/retrieve-qos-assignment,POST,getQosAssignmentByDevice,r,true,true,1,qos-provisioning:qos-assignments:read-by-device,false,false,true,true,application/json,device,false,200|400|401|403|404|422|429,true,false,false,false,false,false,false,false,false,,true,true,true,false,,,false
camara,QualityOnDemand,/sessions,POST,createSession,x,true,true,1,quality-on-demand:sessions:create,false,false,true,true,application/json,device|applicationServer|devicePorts|applicationServerPorts|qosProfile|sink|sinkCredential|duration,false,201|400|401|403|404|409|422|429,false,true,false,false,true,false,true,false,false,,true,true,true,false,,,false
camara,QualityOnDemand,/sessions/{sessionId},GET,getSession,r,true,true,1,quality-on-demand:sessions:read,false,false,true,false,,,false,200|400|401|403|404|429,true,false,false,false,false,false,false,false,false,,true,true,true,true,/sessions/{sessionId},device|applicationServer|devicePorts|applicationServerPorts|qosProfile|sink|sinkCredential|sessionId|duration|startedAt|expiresAt|qosStatus|statusInfo,false
camara,QualityOnDemand,/sessions/{sessionId},DELETE,deleteSession,w,true,true,1,quality-on-demand:sessions:delete,false,false,true,false,,,false,204|400|401|403|404|429,false,false,false,true,false,false,true,false,false,,true,true,true,true,/sessions/{sessionId},device|applicationServer|devicePorts|applicationServerPorts|qosProfile|sink|sinkCredential|sessionId|duration|startedAt|expiresAt|qosStatus|statusInfo,false
camara,QualityOnDemand,/sessions/{sessionId}/extend,POST,extendQosSessionDuration,x,true,true,1,quality-on-demand:sessions:update,false,false,true,true,application/json,requestedAdditionalDuration,false,200|400|401|403|404|409|429,true,false,false,false,false,false,false,false,false,,true,true,true,false,,,false
camara,QualityOnDemand,/retrieve-sessions,POST,retrieveSessionsByDevice,r,true,true,1,quality-on-demand:sessions:retrieve-by-device,false,false,true,true,application/json,device,false,200|400|401|403|404|422|429,true,false,false,false,false,false,false,false,false,,true,true,true,false,,,false
camara,RegionDeviceCount,/count,POST,count,r,true,true,1,region-device-count:count,false,false,false,true,application/json,area|starttime|endtime|filter|sink|sinkCredential,false,200|400|401|403|429,true,false,false,false,true,false,false,false,false,,true,true,true,false,,,false
camara,SessionInsights,/sessions,POST,createSession,x,true,true,1,session-insights:sessions:create,false,false,true,true,application/json,applicationProfileId|device|applicationServer|applicationSessionId|sink|sinkCredential,false,201|400|401|403|409|422|429,false,true,false,false,true,false,true,false,false,,true,true,true,false,,,false
camara,SessionInsights,/sessions/{sessionId},GET,getSession,r,true,true,1,session-insights:sessions:read,false,false,true,false,,,false,200|400|401|403|404|410,true,false,false,false,false,false,false,false,false,,true,true,true,true,/sessions/{sessionId},id|applicationSessionId|device|applicationServer|sink|startsAt|expiresAt|status,false
camara,SessionInsights,/sessions/{sessionId},DELETE,deleteSession,w,true,true,1,session-insights:sessions:delete,false,false,true,false,,,false,204|400|401|403|404|410,false,false,false,true,false,false,true,false,false,,true,true,true,true,/sessions/{sessionId},id|applicationSessionId|device|applicationServer|sink|startsAt|expiresAt|status,false
camara,SessionInsights,/retrieve-sessions,POST,retrieveSessionsByDevice,r,true,true,1,session-insights:sessions:retrieve-by-device,false,false,true,true,application/json,device,false,200|400|401|403|404|422|429,true,false,false,false,false,false,false,false,false,,true,true,true,false,,,false
camara,SessionInsights,/sessions/{sessionId}/metrics,POST,sendSessionMetrics,x,true,true,1,session-insights:sessions:write,false,false,true,true,application/json,packetDelay|jitter|packetLossErrorRate|upstreamRate|downstreamRate,false,204|400|401|403|404|410|422,false,false,false,true,false,false,true,false,false,,true,true,true,false,,,false
camara,SimSwap,/subscriptions,POST,createSimSwapSubscription,x,true,true,1,sim-swap-subscriptions:org.camaraproject.sim-swap-subscriptions.v0.swapped:create,false,false,true,true,application/json,protocol|sink|sinkCredential|types|config,true,201|202|400|401|403|409|422|429,false,true,true,false,true,false,false,false,false,,true,true,true,true,/subscriptions,subscriptions|pagination,false
camara,SimSwap,/subscriptions,GET,retrieveSubscriptionList,r,true,true,1,sim-swap-subscriptions:read,false,false,true,false,,,false,200|400|401|403,true,false,false,false,false,false,false,false,false,,true,true,true,true,/subscriptions,subscriptions|pagination,false
camara,SimSwap,/subscriptions/{subscriptionId},GET,retrieveSubscription,r,true,true,1,sim-swap-subscriptions:read,false,false,true,false,,,false,200|400|401|403|404,true,false,false,false,false,false,false,false,false,,true,true,true,true,/subscriptions/{subscriptionId},protocol|sink|types|config|id|startsAt|expiresAt|status,true
camara,SimSwap,/subscriptions/{subscriptionId},DELETE,deleteSubscription,w,true,true,1,sim-swap-subscriptions:delete,false,false,true,false,,,false,202|204|400|401|403|404,false,false,true,true,false,false,false,false,false,,true,true,true,true,/subscriptions/{subscriptionId},protocol|sink|types|config|id|startsAt|expiresAt|status,true
camara,SimSwap,/retrieve-date,POST,retrieveSimSwapDate,r,true,true,2,sim-swap:retrieve-date|sim-swap,false,false,true,true,application/json,phoneNumber,true,200|400|401|403|404|422|429,true,false,false,false,false,false,false,false,false,,true,true,true,false,,,false
camara,SimSwap,/check,POST,checkSimSwap,r,true,true,2,sim-swap:check|sim-swap,false,false,true,true,application/json,phoneNumber|maxAge,true,200|400|401|403|404|422|429,true,false,false,false,false,false,false,false,false,,true,true,true,false,,,false
camara,SimSwap,/retrieve-age-band,POST,retrieveSimSwapAgeBand,r,true,true,2,sim-swap:retrieve-age-band|sim-swap,false,false,true,true,application/json,phoneNumber,true,200|400|401|403|404|422|429|501,true,false,false,false,false,false,false,false,false,,true,true,true,false,,,false
camara,SimpleEdgeDiscovery,/retrieve-closest-edge-cloud-zone,POST,readClosestEdgeCloudZone,r,true,true,1,simple-edge-discovery:read,false,false,true,true,application/json,device,false,200|400|401|403|404|422|429,true,false,false,false,false,false,false,false,false,,true,true,true,false,,,false
camara,SponsoredData,/sponsorship,POST,startSponsorship,x,true,false,0,,false,false,false,true,application/json,sponsorId|campaignId|phoneNumber|dataVolume|duration|webhookUrl|callbackToken,true,201|400|401|403|404|405|406|415|422|429|500|501|502|503|504,false,true,false,false,true,false,false,false,false,,true,true,true,false,,,false
camara,SponsoredData,/sponsorship/{sponsorId}/{campaignId}/{sessionId}/session-status,GET,getSessionStatus,r,true,false,0,,false,false,false,false,,,false,200|400|401|403|404|405|406|415|422|429|500|501|502|503|504,true,false,false,false,false,false,false,false,false,,true,true,true,true,/sponsorship/{sponsorId}/{campaignId}/{sessionId}/session-status,sponsorId|campaignId|sessionId|phoneNumber|startTime|endTime|sessionStatus|dataVolumeConsumed|dataVolumeAvailable|endReason,false
camara,SponsoredData,/sponsorship/{sponsorId}/{campaignId}/{sessionId}/revoke,DELETE,revokeSponsorship,x,true,false,0,,false,false,false,false,,,false,200|400|401|403|404|405|406|415|422|429|500|501|502|503|504,true,false,false,false,false,false,false,false,false,,true,true,true,false,,,false
camara,SponsoredData,/campaign/{sponsorId}/{campaignId}/campaign-status,GET,getCampaignStatus,r,true,false,0,,false,false,false,false,,,false,200|400|401|403|404|405|406|415|422|429|500|501|502|503|504,true,false,false,false,false,false,false,false,false,,true,true,true,true,/campaign/{sponsorId}/{campaignId}/campaign-status,sponsorId|campaignId|status|startTime|endTime|campaignType|contractedDataVolume|usedDataVolume|remainingDataVolume|completionReason,false
camara,SponsoredData,/campaign/{sponsorId}/{campaignId}/active-sponsorships,GET,getActiveSponsorships,r,true,false,0,,false,false,false,false,,,false,200|400|401|403|404|405|406|415|422|429|500|501|502|503|504,true,false,false,false,false,false,false,false,false,,true,true,true,true,/campaign/{sponsorId}/{campaignId}/active-sponsorships,sponsorId|campaignId|activeSponsorships|totalCount,true
camara,SponsoredData,/campaign/{sponsorId}/{campaignId}/alert-subscription,POST,configureAlerts,x,true,false,0,,false,false,false,true,application/json,webhookUrl|callbackToken|alertDataVolumeThresholds|campaignExpiryNotification|dataVolumeExhausted,true,200|400|401|403|404|405|406|415|422|429|500|501|502|503|504,true,false,false,false,true,false,true,false,false,,true,true,true,false,,,false
camara,SponsoredData,/campaign/management,POST,manageCampaign,w,true,false,0,,false,false,false,true,application/json,sponsorId|campaignId|action,false,200|400|401|403|404|405|406|415|422|429|500|501|502|503|504,true,false,false,false,false,false,false,false,false,,true,true,true,false,,,false
camara,SubscriptionStatus,/retrieve-subscription-status,POST,retrieveSubscriptionStatus,r,true,true,1,subscription-status:retrieve-subscription-status,false,false,true,true,application/json,phoneNumber,true,200|400|401|403|404|422,true,false,false,false,false,false,false,false,false,,true,true,true,false,,,false
camara,Tenure,/check-tenure,POST,checkTenure,r,true,true,1,kyc-tenure:check-tenure,false,false,true,true,application/json,phoneNumber|tenureDate,true,200|400|401|403|404|422,true,false,false,false,false,false,false,false,false,,true,true,true,false,,,false
camara,TrafficInfluence,/traffic-influences,GET,getAllTrafficInfluences,r,true,true,1,traffic-influence:traffic-influences:read,false,false,false,false,,,false,200|400|401|403|429,true,false,false,false,false,false,false,false,false,,true,true,true,true,/traffic-influences,trafficInfluenceID|apiConsumerId|appId|appInstanceId|edgeCloudRegion|edgeCloudZoneId|state|sourceTrafficFilters|destinationTrafficFilters|subscriptionRequest,false
camara,TrafficInfluence,/traffic-influences,POST,postTrafficInfluence,x,true,true,1,traffic-influence:traffic-influences:write,false,false,false,true,application/json,trafficInfluenceID|state|subscriptionRequest|apiConsumerId|appId|appInstanceId|edgeCloudRegion|edgeCloudZoneId|sourceTrafficFilters|destinationTrafficFilters,true,201|400|401|403|409|429,false,true,false,false,true,false,false,false,false,,true,true,true,true,/traffic-influences,trafficInfluenceID|apiConsumerId|appId|appInstanceId|edgeCloudRegion|edgeCloudZoneId|state|sourceTrafficFilters|destinationTrafficFilters|subscriptionRequest,false
camara,TrafficInfluence,/traffic-influence-devices,POST,postTrafficInfluenceDevice,x,true,true,1,traffic-influence:traffic-influence-devices:write,false,false,false,true,application/json,device|trafficInfluenceID|state|subscriptionRequest|apiConsumerId|appId|appInstanceId|edgeCloudRegion|edgeCloudZoneId|sourceTrafficFilters|destinationTrafficFilters,true,201|400|401|403|404|409|422|429,false,true,false,false,true,false,false,false,false,,true,true,true,false,,,false
camara,TrafficInfluence,/traffic-influences/{trafficInfluenceID},GET,getTrafficInfluenceById,r,true,true,1,traffic-influence:traffic-influences:read,false,false,false,false,,,false,200|400|401|403|404|422|429,true,false,false,false,false,false,false,false,false,,true,true,true,true,/traffic-influences/{trafficInfluenceID},trafficInfluenceID|apiConsumerId|appId|appInstanceId|edgeCloudRegion|edgeCloudZoneId|state|sourceTrafficFilters|destinationTrafficFilters|subscriptionRequest,false
camara,TrafficInfluence,/traffic-influences/{trafficInfluenceID},PATCH,patchTrafficInfluence,x,true,true,1,traffic-influence:traffic-influences:update,false,false,false,true,application/json,trafficInfluenceID|apiConsumerId|appId|state|subscriptionRequest|appInstanceId|edgeCloudRegion|edgeCloudZoneId|sourceTrafficFilters|destinationTrafficFilters,true,200|400|401|403|404|409|422|429,true,false,false,false,true,false,false,false,false,,true,true,true,true,/traffic-influences/{trafficInfluenceID},trafficInfluenceID|apiConsumerId|appId|appInstanceId|edgeCloudRegion|edgeCloudZoneId|state|sourceTrafficFilters|destinationTrafficFilters|subscriptionRequest,false
camara,TrafficInfluence,/traffic-influences/{trafficInfluenceID},DELETE,deleteTrafficInfluence,x,true,true,1,traffic-influence:traffic-influences:delete,false,false,false,false,,,false,202|400|401|403|404|409|422|429,false,false,true,false,true,false,true,false,false,,true,true,true,true,/traffic-influences/{trafficInfluenceID},trafficInfluenceID|apiConsumerId|appId|appInstanceId|edgeCloudRegion|edgeCloudZoneId|state|sourceTrafficFilters|destinationTrafficFilters|subscriptionRequest,false
camara,VerifiedCaller,/registrations,POST,createRegistration,x,true,true,1,brand-registration:create,false,false,false,true,application/json,phoneNumber|phoneNumberAlternate|expiresAt|displayName|displayAsset|customerId|verifyCallerAction|terminatingCountryCode|campaignName|callPurpose|sink|sinkCredential,true,201|400|401|403|404|409|422|429|500|503,false,true,false,false,true,false,false,false,false,,true,true,true,true,/registrations,registrations|pagination,false
camara,VerifiedCaller,/registrations,GET,readRegistrations,r,true,true,1,brand-registration:read,false,false,false,false,,,false,200|204|206|400|401|403|404|429|500|503,true,false,false,true,false,false,false,false,true,,true,true,true,true,/registrations,registrations|pagination,false
camara,VerifiedCaller,/registrations/{registrationId},GET,readRegistration,r,true,true,1,brand-registration:read,false,false,false,false,,,false,200|400|401|403|404|429|500|503,true,false,false,false,false,false,false,false,false,,true,true,true,true,/registrations/{registrationId},registrationId|phoneNumber|phoneNumberAlternate|status|createdAt|updatedAt|expiresAt|displayName|displayAsset|customerId|verifyCallerAction|terminatingCountryCode|campaignName|quota|quotaThreshold|callPurpose|sink,true
camara,VerifiedCaller,/registrations/{registrationId},DELETE,deleteRegistration,w,true,true,1,brand-registration:delete,false,false,false,false,,,false,204|400|401|403|404|429|500|503,false,false,false,true,false,false,false,false,false,,true,true,true,true,/registrations/{registrationId},registrationId|phoneNumber|phoneNumberAlternate|status|createdAt|updatedAt|expiresAt|displayName|displayAsset|customerId|verifyCallerAction|terminatingCountryCode|campaignName|quota|quotaThreshold|callPurpose|sink,true
camara,VerifiedCaller,/registrations/{registrationId},PUT,updateRegistration,w,true,true,1,brand-registration:update,false,false,false,true,application/json,phoneNumber|phoneNumberAlternate|expiresAt|displayName|displayAsset|customerId|verifyCallerAction|terminatingCountryCode|campaignName|callPurpose|sink|sinkCredential,true,200|400|401|403|404|409|422|429|500|503,true,false,false,false,false,false,false,false,false,,true,true,true,true,/registrations/{registrationId},registrationId|phoneNumber|phoneNumberAlternate|status|createdAt|updatedAt|expiresAt|displayName|displayAsset|customerId|verifyCallerAction|terminatingCountryCode|campaignName|quota|quotaThreshold|callPurpose|sink,true
camara,VerifiedCaller,/pre-announce,POST,createPreAnnouncement,x,true,true,1,verified-caller:create,false,false,false,true,application/json,callingParticipant|calledParticipant|strategy|timeToLive|registrationId|dynamicDisplayName|callReason,true,201|204|400|401|403|404|409|422|429|500|503,false,true,false,true,false,false,false,false,false,,true,true,true,false,,,false
camara,WebRTC,/sessions,POST,createSession,x,true,true,1,webrtc-call-handling:sessions:create,false,false,false,true,application/json,originatorAddress|originatorName|receiverAddress|receiverName|status|offer|answer|callType|locationDetails,true,201|400|401|403|501,false,true,false,false,false,false,false,false,false,,true,true,true,false,,,false
camara,WebRTC,/sessions/{mediaSessionId},GET,getSessionDetailsById,r,true,true,1,webrtc-call-handling:sessions:read,false,false,false,false,,,false,200|400|401|403|404,true,false,false,false,false,false,true,false,false,,true,true,true,true,/sessions/{mediaSessionId},originatorAddress|originatorName|receiverAddress|receiverName|status|offer|answer|callType|locationDetails|mediaSessionId,true
camara,WebRTC,/sessions/{mediaSessionId},DELETE,deleteSessionById,x,true,true,1,webrtc-call-handling:sessions:delete,false,false,false,false,,,false,204|400|401|403|404,false,false,false,true,false,false,true,false,false,,true,true,true,true,/sessions/{mediaSessionId},originatorAddress|originatorName|receiverAddress|receiverName|status|offer|answer|callType|locationDetails|mediaSessionId,true
camara,WebRTC,/sessions/{mediaSessionId}/status,PUT,updateSessionStatus,x,true,true,1,webrtc-call-handling:sessions:write,false,false,false,true,application/json,status|offer|answer|locationDetails,false,200|204|400|401|403|404,true,false,false,true,false,false,true,false,false,,true,true,true,false,,,false
camara,WebRTC,/subscriptions,POST,createNotificationChannelSubscription,x,true,true,1,webrtc-events-subscriptions:org.camaraproject.webrtc-events-subscriptions.v0.session-status:create|webrtc-events-subscriptions:org.camaraproject.webrtc-events-subscriptions.v0.session-invitation:create|webrtc-events-subscriptions:org.camaraproject.webrtc-events-subscriptions.v0.registration-ends:create,false,false,false,true,application/json,protocol|sink|sinkCredential|types|config,true,201|202|400|401|403|409|422|429,false,true,true,false,true,false,true,false,false,,true,true,true,true,/subscriptions,protocol|sink|types|config|id|startsAt|expiresAt|status,true
camara,WebRTC,/subscriptions,GET,retrieveNotificationChannelSubscriptionList,r,true,true,1,webrtc-events-subscriptions:read,false,false,false,false,,,false,200|400|401|403,true,false,false,false,false,false,false,false,false,,true,true,true,true,/subscriptions,protocol|sink|types|config|id|startsAt|expiresAt|status,true
camara,WebRTC,/subscriptions/{subscriptionId},GET,retrieveNotificationChannelSubscription,r,true,true,1,webrtc-events-subscriptions:read,false,false,false,false,,,false,200|400|401|403|404,true,false,false,false,false,false,false,false,false,,true,true,true,true,/subscriptions/{subscriptionId},protocol|sink|types|config|id|startsAt|expiresAt|status,true
camara,WebRTC,/subscriptions/{subscriptionId},PUT,updateNotificationChannelSubscription,w,true,true,1,webrtc-events-subscriptions:update,false,false,false,true,application/json,sinkCredential|config,false,200|400|401|403|404|422|429,true,false,false,false,false,false,true,false,false,,true,true,true,true,/subscriptions/{subscriptionId},protocol|sink|types|config|id|startsAt|expiresAt|status,true
camara,WebRTC,/subscriptions/{subscriptionId},DELETE,deleteNotificationChannelSubscription,w,true,true,1,webrtc-events-subscriptions:delete,false,false,false,false,,,false,202|204|400|401|403|404,false,false,true,true,false,false,true,false,false,,true,true,true,true,/subscriptions/{subscriptionId},protocol|sink|types|config|id|startsAt|expiresAt|status,true
camara,WebRTC,/sessions,GET,getRegistrationsByDeviceId,r,true,true,1,webrtc-registration:sessions:read,false,false,false,false,,,false,200|400|401|403,true,false,false,false,false,false,false,false,false,,true,true,true,true,/sessions,regInfo|registrationId|expiresAt,false
camara,WebRTC,/sessions,POST,createRegistration,x,true,true,1,webrtc-registration:sessions:create,false,false,false,true,application/json,deviceId|phoneNumber|registrationExpireTime,true,201|400|401|403|409|422,false,true,false,false,false,false,false,false,false,,true,true,true,true,/sessions,regInfo|registrationId|expiresAt,false
camara,WebRTC,/sessions/{registrationId},GET,getRegistrationById,r,true,true,1,webrtc-registration:sessions:read,false,false,false,false,,,false,200|400|401|403|404,true,false,false,false,false,false,false,false,false,,true,true,true,true,/sessions/{registrationId},regInfo|registrationId|expiresAt,false
camara,WebRTC,/sessions/{registrationId},PUT,updateRegistrationById,w,true,true,1,webrtc-registration:sessions:write,false,false,false,true,application/json,registrationExpireTime,false,200|204|400|401|403|404,true,false,false,true,false,false,false,false,false,,true,true,true,true,/sessions/{registrationId},regInfo|registrationId|expiresAt,false
camara,WebRTC,/sessions/{registrationId},DELETE,deleteRegistrationById,w,true,true,1,webrtc-registration:sessions:delete,false,false,false,false,,,false,204|400|401|403|404,false,false,false,true,false,false,false,false,false,,true,true,true,true,/sessions/{registrationId},regInfo|registrationId|expiresAt,false
camara,eSimRemoteManagement,/profile/result/query,POST,profileResultQuery,r,true,true,1,esim-remote-management:query,false,false,false,true,application/json,timestamp|sequenceNum|clientId|data,false,200|400|401|403|404|500|503,true,false,false,false,false,false,false,false,false,,true,true,true,false,,,false
camara,eSimRemoteManagement,/profile/oper,POST,profileOperation,x,true,true,1,esim-remote-management:oper,false,false,false,true,application/json,protocol|sink|types|config,true,200|400|401|403|404|500|503,true,false,false,false,false,false,false,false,false,,true,true,true,false,,,false
camara,eSimRemoteManagement,/profile/downloaded-list,POST,profileList,r,true,true,1,esim-remote-management:downloadedlist,false,false,false,true,application/json,timestamp|sequenceNum|clientId|data,false,200|400|401|403|404|500|503,true,false,false,false,false,false,false,false,false,,true,true,true,false,,,false
camara,eSimRemoteManagement,/profile/download,POST,profileDownload,x,true,true,1,esim-remote-management:download,false,false,false,true,application/json,protocol|sink|types|config,true,200|400|401|403|404|500|503,true,false,false,false,false,false,false,false,false,,true,true,true,false,,,false
holdout1,twilio,/2010-04-01/Accounts.json,POST,CreateAccount,x,true,true,1,,true,false,false,true,application/x-www-form-urlencoded,FriendlyName,false,201,false,true,false,false,false,false,false,false,false,,true,true,true,true,/2010-04-01/Accounts.json,end|first_page_uri|next_page_uri|page|page_size|previous_page_uri|start|uri|accounts,false
holdout1,twilio,/2010-04-01/Accounts/{Sid}.json,POST,UpdateAccount,w,true,true,1,,true,false,false,true,application/x-www-form-urlencoded,FriendlyName|Status,false,200|409,true,false,false,false,false,false,false,false,false,,true,true,true,true,/2010-04-01/Accounts/{Sid}.json,auth_token|date_created|date_updated|friendly_name|owner_account_sid|sid|status|subresource_uris|type|uri,true
holdout1,twilio,/2010-04-01/Accounts/{AccountSid}/Addresses.json,POST,CreateAddress,x,true,true,1,,true,false,false,true,application/x-www-form-urlencoded,CustomerName|Street|City|Region|PostalCode|IsoCountry|FriendlyName|EmergencyEnabled|AutoCorrectAddress|StreetSecondary,true,201,false,true,false,false,false,false,false,false,true,,true,false,false,true,/2010-04-01/Accounts/{AccountSid}/Addresses.json,end|first_page_uri|next_page_uri|page|page_size|previous_page_uri|start|uri|addresses,false
holdout1,twilio,/2010-04-01/Accounts/{AccountSid}/Addresses/{Sid}.json,POST,UpdateAddress,w,true,true,1,,true,false,false,true,application/x-www-form-urlencoded,FriendlyName|CustomerName|Street|City|Region|PostalCode|EmergencyEnabled|AutoCorrectAddress|StreetSecondary,true,200,true,false,false,false,false,false,false,false,true,,true,false,false,true,/2010-04-01/Accounts/{AccountSid}/Addresses/{Sid}.json,account_sid|city|customer_name|date_created|date_updated|friendly_name|iso_country|postal_code|region|sid|street|uri|emergency_enabled|validated|verified|street_secondary,true
holdout1,twilio,/2010-04-01/Accounts/{AccountSid}/Addresses/{Sid}.json,DELETE,DeleteAddress,w,true,true,1,,true,false,false,false,,,false,204,false,false,false,true,false,false,false,false,true,,true,false,false,true,/2010-04-01/Accounts/{AccountSid}/Addresses/{Sid}.json,account_sid|city|customer_name|date_created|date_updated|friendly_name|iso_country|postal_code|region|sid|street|uri|emergency_enabled|validated|verified|street_secondary,true
holdout1,twilio,/2010-04-01/Accounts/{AccountSid}/Applications.json,POST,CreateApplication,x,true,true,1,,true,false,false,true,application/x-www-form-urlencoded,ApiVersion|VoiceUrl|VoiceMethod|VoiceFallbackUrl|VoiceFallbackMethod|StatusCallback|StatusCallbackMethod|VoiceCallerIdLookup|SmsUrl|SmsMethod|SmsFallbackUrl|SmsFallbackMethod|SmsStatusCallback|MessageStatusCallback|FriendlyName|PublicApplicationConnectEnabled,false,201,false,true,false,false,false,false,false,false,true,,true,true,true,true,/2010-04-01/Accounts/{AccountSid}/Applications.json,end|first_page_uri|next_page_uri|page|page_size|previous_page_uri|start|uri|applications,false
holdout1,twilio,/2010-04-01/Accounts/{AccountSid}/Applications/{Sid}.json,POST,UpdateApplication,w,true,true,1,,true,false,false,true,application/x-www-form-urlencoded,FriendlyName|ApiVersion|VoiceUrl|VoiceMethod|VoiceFallbackUrl|VoiceFallbackMethod|StatusCallback|StatusCallbackMethod|VoiceCallerIdLookup|SmsUrl|SmsMethod|SmsFallbackUrl|SmsFallbackMethod|SmsStatusCallback|MessageStatusCallback|PublicApplicationConnectEnabled,false,200,true,false,false,false,false,false,false,false,true,,true,true,true,true,/2010-04-01/Accounts/{AccountSid}/Applications/{Sid}.json,account_sid|api_version|date_created|date_updated|friendly_name|message_status_callback|sid|sms_fallback_method|sms_fallback_url|sms_method|sms_status_callback|sms_url|status_callback|status_callback_method|uri|voice_caller_id_lookup|voice_fallback_method|voice_fallback_url|voice_method|voice_url|public_application_connect_enabled,false
holdout1,twilio,/2010-04-01/Accounts/{AccountSid}/Applications/{Sid}.json,DELETE,DeleteApplication,w,true,true,1,,true,false,false,false,,,false,204,false,false,false,true,false,false,false,false,true,,true,true,true,true,/2010-04-01/Accounts/{AccountSid}/Applications/{Sid}.json,account_sid|api_version|date_created|date_updated|friendly_name|message_status_callback|sid|sms_fallback_method|sms_fallback_url|sms_method|sms_status_callback|sms_url|status_callback|status_callback_method|uri|voice_caller_id_lookup|voice_fallback_method|voice_fallback_url|voice_method|voice_url|public_application_connect_enabled,false
holdout1,twilio,/2010-04-01/Accounts/{AccountSid}/Calls.json,POST,CreateCall,x,true,true,1,,true,false,false,true,application/x-www-form-urlencoded,To|From|Method|FallbackUrl|FallbackMethod|StatusCallback|StatusCallbackEvent|StatusCallbackMethod|SendDigits|Timeout|Record|RecordingChannels|RecordingStatusCallback|RecordingStatusCallbackMethod|RecordingConfigurationId|SipAuthUsername|SipAuthPassword|MachineDetection|MachineDetectionTimeout|RecordingStatusCallbackEvent|Trim|CallerId|MachineDetectionSpeechThreshold|MachineDetectionSpeechEndThreshold|MachineDetectionSilenceTimeout|AsyncAmd|AsyncAmdStatusCallback|AsyncAmdStatusCallbackMethod|Passports|Byoc,true,201,false,true,false,false,false,false,false,false,true,x-twilio,true,true,true,true,/2010-04-01/Accounts/{AccountSid}/Calls.json,end|first_page_uri|next_page_uri|page|page_size|previous_page_uri|start|uri|calls,false
holdout1,twilio,/2010-04-01/Accounts/{AccountSid}/Calls/{Sid}.json,POST,UpdateCall,x,true,true,1,,true,false,false,true,application/x-www-form-urlencoded,Url|Method|Status|FallbackUrl|FallbackMethod|StatusCallback|StatusCallbackMethod|Twiml|TimeLimit,false,200,true,false,false,false,false,false,false,false,true,,true,true,true,true,/2010-04-01/Accounts/{AccountSid}/Calls/{Sid}.json,sid|date_created|date_updated|parent_call_sid|account_sid|to|to_formatted|from|from_formatted|phone_number_sid|status|start_time|end_time|duration|price|price_unit|direction|answered_by|api_version|forwarded_from|group_sid|caller_name|queue_time|trunk_sid|uri|subresource_uris,true
holdout1,twilio,/2010-04-01/Accounts/{AccountSid}/Calls/{Sid}.json,DELETE,DeleteCall,w,true,true,1,,true,false,false,false,,,false,204,false,false,false,true,false,false,false,false,true,,true,true,true,true,/2010-04-01/Accounts/{AccountSid}/Calls/{Sid}.json,sid|date_created|date_updated|parent_call_sid|account_sid|to|to_formatted|from|from_formatted|phone_number_sid|status|start_time|end_time|duration|price|price_unit|direction|answered_by|api_version|forwarded_from|group_sid|caller_name|queue_time|trunk_sid|uri|subresource_uris,true
holdout1,twilio,/2010-04-01/Accounts/{AccountSid}/Calls/{CallSid}/Recordings.json,POST,CreateCallRecording,x,true,true,1,,true,false,false,true,application/x-www-form-urlencoded,RecordingStatusCallbackEvent|RecordingStatusCallback|RecordingStatusCallbackMethod|Trim|RecordingChannels|RecordingTrack|RecordingConfigurationId,false,200|201,true,true,false,false,false,false,false,false,true,,true,true,true,true,/2010-04-01/Accounts/{AccountSid}/Calls/{CallSid}/Recordings.json,end|first_page_uri|next_page_uri|page|page_size|previous_page_uri|start|uri|recordings,false
holdout1,twilio,/2010-04-01/Accounts/{AccountSid}/Calls/{CallSid}/Recordings/{Sid}.json,POST,UpdateCallRecording,x,true,true,1,,true,false,false,true,application/x-www-form-urlencoded,Status|PauseBehavior,false,200|408,true,false,false,false,false,false,false,false,true,,true,true,true,true,/2010-04-01/Accounts/{AccountSid}/Calls/{CallSid}/Recordings/{Sid}.json,account_sid|api_version|call_sid|conference_sid|date_created|date_updated|start_time|duration|sid|price|uri|encryption_details|price_unit|status|channels|source|error_code|track,false
holdout1,twilio,/2010-04-01/Accounts/{AccountSid}/Calls/{CallSid}/Recordings/{Sid}.json,DELETE,DeleteCallRecording,w,true,true,1,,true,false,false,false,,,false,204,false,false,false,true,false,false,false,false,true,,true,true,true,true,/2010-04-01/Accounts/{AccountSid}/Calls/{CallSid}/Recordings/{Sid}.json,account_sid|api_version|call_sid|conference_sid|date_created|date_updated|start_time|duration|sid|price|uri|encryption_details|price_unit|status|channels|source|error_code|track,false
holdout1,twilio,/2010-04-01/Accounts/{AccountSid}/Conferences/{Sid}.json,POST,UpdateConference,x,true,true,1,,true,false,false,true,application/x-www-form-urlencoded,Status|AnnounceUrl|AnnounceMethod,false,200,true,false,false,false,false,false,false,false,true,,true,false,false,true,/2010-04-01/Accounts/{AccountSid}/Conferences/{Sid}.json,account_sid|date_created|date_updated|api_version|friendly_name|region|sid|status|uri|subresource_uris|reason_conference_ended|call_sid_ending_conference,false
holdout1,twilio,/2010-04-01/Accounts/{AccountSid}/Conferences/{ConferenceSid}/Recordings/{Sid}.json,POST,UpdateConferenceRecording,x,true,true,1,,true,false,false,true,application/x-www-form-urlencoded,Status|PauseBehavior,false,200,true,false,false,false,false,false,false,false,true,,true,true,true,true,/2010-04-01/Accounts/{AccountSid}/Conferences/{ConferenceSid}/Recordings/{Sid}.json,account_sid|api_version|call_sid|conference_sid|date_created|date_updated|start_time|duration|sid|price|price_unit|status|channels|source|error_code|encryption_details|uri,false
holdout1,twilio,/2010-04-01/Accounts/{AccountSid}/Conferences/{ConferenceSid}/Recordings/{Sid}.json,DELETE,DeleteConferenceRecording,w,true,true,1,,true,false,false,false,,,false,204,false,false,false,true,false,false,false,false,true,,true,true,true,true,/2010-04-01/Accounts/{AccountSid}/Conferences/{ConferenceSid}/Recordings/{Sid}.json,account_sid|api_version|call_sid|conference_sid|date_created|date_updated|start_time|duration|sid|price|price_unit|status|channels|source|error_code|encryption_details|uri,false
holdout1,twilio,/2010-04-01/Accounts/{AccountSid}/ConnectApps/{Sid}.json,POST,UpdateConnectApp,w,true,true,1,,true,false,false,true,application/x-www-form-urlencoded,AuthorizeRedirectUrl|CompanyName|DeauthorizeCallbackMethod|DeauthorizeCallbackUrl|Description|FriendlyName|HomepageUrl|Permissions,false,200,true,false,false,false,false,false,false,false,true,,true,true,true,true,/2010-04-01/Accounts/{AccountSid}/ConnectApps/{Sid}.json,account_sid|authorize_redirect_url|company_name|deauthorize_callback_method|deauthorize_callback_url|description|friendly_name|homepage_url|permissions|sid|uri,false
holdout1,twilio,/2010-04-01/Accounts/{AccountSid}/ConnectApps/{Sid}.json,DELETE,DeleteConnectApp,w,true,true,1,,true,false,false,false,,,false,204,false,false,false,true,false,false,false,false,true,,true,true,true,true,/2010-04-01/Accounts/{AccountSid}/ConnectApps/{Sid}.json,account_sid|authorize_redirect_url|company_name|deauthorize_callback_method|deauthorize_callback_url|description|friendly_name|homepage_url|permissions|sid|uri,false
holdout1,twilio,/2010-04-01/Accounts/{AccountSid}/IncomingPhoneNumbers/{Sid}.json,POST,UpdateIncomingPhoneNumber,w,true,true,1,,true,false,false,true,application/x-www-form-urlencoded,AccountSid|ApiVersion|FriendlyName|SmsApplicationSid|SmsFallbackMethod|SmsFallbackUrl|SmsMethod|SmsUrl|StatusCallback|StatusCallbackMethod|VoiceApplicationSid|VoiceCallerIdLookup|VoiceFallbackMethod|VoiceFallbackUrl|VoiceMethod|VoiceUrl|EmergencyStatus|EmergencyAddressSid|TrunkSid|VoiceReceiveMode|IdentitySid|AddressSid|BundleSid,true,200,true,false,false,false,false,false,false,false,true,,true,true,true,true,/2010-04-01/Accounts/{AccountSid}/IncomingPhoneNumbers/{Sid}.json,account_sid|address_sid|address_requirements|api_version|beta|capabilities|date_created|date_updated|friendly_name|identity_sid|phone_number|origin|sid|sms_application_sid|sms_fallback_method|sms_fallback_url|sms_method|sms_url|status_callback|status_callback_method|trunk_sid|uri|voice_receive_mode|voice_application_sid|voice_caller_id_lookup|voice_fallback_method|voice_fallback_url|voice_method|voice_url|emergency_status,false
holdout1,twilio,/2010-04-01/Accounts/{AccountSid}/IncomingPhoneNumbers/{Sid}.json,DELETE,DeleteIncomingPhoneNumber,w,true,true,1,,true,false,false,false,,,false,204,false,false,false,true,false,false,false,false,true,,true,true,true,true,/2010-04-01/Accounts/{AccountSid}/IncomingPhoneNumbers/{Sid}.json,account_sid|address_sid|address_requirements|api_version|beta|capabilities|date_created|date_updated|friendly_name|identity_sid|phone_number|origin|sid|sms_application_sid|sms_fallback_method|sms_fallback_url|sms_method|sms_url|status_callback|status_callback_method|trunk_sid|uri|voice_receive_mode|voice_application_sid|voice_caller_id_lookup|voice_fallback_method|voice_fallback_url|voice_method|voice_url|emergency_status,false
holdout1,twilio,/2010-04-01/Accounts/{AccountSid}/IncomingPhoneNumbers.json,POST,CreateIncomingPhoneNumber,x,true,true,1,,true,false,false,true,application/x-www-form-urlencoded,ApiVersion|FriendlyName|SmsApplicationSid|SmsFallbackMethod|SmsFallbackUrl|SmsMethod|SmsUrl|StatusCallback|StatusCallbackMethod|VoiceApplicationSid|VoiceCallerIdLookup|VoiceFallbackMethod|VoiceFallbackUrl|VoiceMethod|VoiceUrl|EmergencyStatus|EmergencyAddressSid|TrunkSid|IdentitySid|AddressSid|VoiceReceiveMode|BundleSid|PhoneNumber|AreaCode,true,201,false,true,false,false,false,false,false,false,true,x-twilio,true,true,true,true,/2010-04-01/Accounts/{AccountSid}/IncomingPhoneNumbers.json,end|first_page_uri|next_page_uri|page|page_size|previous_page_uri|start|uri|incoming_phone_numbers,false
holdout1,twilio,/2010-04-01/Accounts/{AccountSid}/IncomingPhoneNumbers/{ResourceSid}/AssignedAddOns/{Sid}.json,DELETE,DeleteIncomingPhoneNumberAssignedAddOn,w,true,true,1,,true,false,false,false,,,false,204,false,false,false,true,false,false,false,false,true,,true,true,true,true,/2010-04-01/Accounts/{AccountSid}/IncomingPhoneNumbers/{ResourceSid}/AssignedAddOns/{Sid}.json,sid|account_sid|resource_sid|friendly_name|description|configuration|unique_name|date_created|date_updated|uri|subresource_uris,false
holdout1,twilio,/2010-04-01/Accounts/{AccountSid}/IncomingPhoneNumbers/{ResourceSid}/AssignedAddOns.json,POST,CreateIncomingPhoneNumberAssignedAddOn,x,true,true,1,,true,false,false,true,application/x-www-form-urlencoded,InstalledAddOnSid,false,201,false,true,false,false,false,false,false,false,true,,true,true,true,true,/2010-04-01/Accounts/{AccountSid}/IncomingPhoneNumbers/{ResourceSid}/AssignedAddOns.json,end|first_page_uri|next_page_uri|page|page_size|previous_page_uri|start|uri|assigned_add_ons,false
holdout1,twilio,/2010-04-01/Accounts/{AccountSid}/IncomingPhoneNumbers/Local.json,POST,CreateIncomingPhoneNumberLocal,x,true,true,1,,true,false,false,true,application/x-www-form-urlencoded,PhoneNumber|ApiVersion|FriendlyName|SmsApplicationSid|SmsFallbackMethod|SmsFallbackUrl|SmsMethod|SmsUrl|StatusCallback|StatusCallbackMethod|VoiceApplicationSid|VoiceCallerIdLookup|VoiceFallbackMethod|VoiceFallbackUrl|VoiceMethod|VoiceUrl|IdentitySid|AddressSid|EmergencyStatus|EmergencyAddressSid|TrunkSid|VoiceReceiveMode|BundleSid,true,201,false,true,false,false,false,false,false,false,true,,true,false,false,true,/2010-04-01/Accounts/{AccountSid}/IncomingPhoneNumbers/Local.json,end|first_page_uri|next_page_uri|page|page_size|previous_page_uri|start|uri|incoming_phone_numbers,false
holdout1,twilio,/2010-04-01/Accounts/{AccountSid}/IncomingPhoneNumbers/Mobile.json,POST,CreateIncomingPhoneNumberMobile,x,true,true,1,,true,false,false,true,application/x-www-form-urlencoded,PhoneNumber|ApiVersion|FriendlyName|SmsApplicationSid|SmsFallbackMethod|SmsFallbackUrl|SmsMethod|SmsUrl|StatusCallback|StatusCallbackMethod|VoiceApplicationSid|VoiceCallerIdLookup|VoiceFallbackMethod|VoiceFallbackUrl|VoiceMethod|VoiceUrl|IdentitySid|AddressSid|EmergencyStatus|EmergencyAddressSid|TrunkSid|VoiceReceiveMode|BundleSid,true,201,false,true,false,false,false,false,false,false,true,,true,false,false,true,/2010-04-01/Accounts/{AccountSid}/IncomingPhoneNumbers/Mobile.json,end|first_page_uri|next_page_uri|page|page_size|previous_page_uri|start|uri|incoming_phone_numbers,false
holdout1,twilio,/2010-04-01/Accounts/{AccountSid}/IncomingPhoneNumbers/TollFree.json,POST,CreateIncomingPhoneNumberTollFree,x,true,true,1,,true,false,false,true,application/x-www-form-urlencoded,PhoneNumber|ApiVersion|FriendlyName|SmsApplicationSid|SmsFallbackMethod|SmsFallbackUrl|SmsMethod|SmsUrl|StatusCallback|StatusCallbackMethod|VoiceApplicationSid|VoiceCallerIdLookup|VoiceFallbackMethod|VoiceFallbackUrl|VoiceMethod|VoiceUrl|IdentitySid|AddressSid|EmergencyStatus|EmergencyAddressSid|TrunkSid|VoiceReceiveMode|BundleSid,true,201,false,true,false,false,false,false,false,false,true,,true,false,false,true,/2010-04-01/Accounts/{AccountSid}/IncomingPhoneNumbers/TollFree.json,end|first_page_uri|next_page_uri|page|page_size|previous_page_uri|start|uri|incoming_phone_numbers,false
holdout1,twilio,/2010-04-01/Accounts/{AccountSid}/Keys/{Sid}.json,POST,UpdateKey,w,true,true,1,,true,false,false,true,application/x-www-form-urlencoded,FriendlyName,false,200,true,false,false,false,false,false,false,false,true,,true,false,false,true,/2010-04-01/Accounts/{AccountSid}/Keys/{Sid}.json,sid|friendly_name|date_created|date_updated,false
holdout1,twilio,/2010-04-01/Accounts/{AccountSid}/Keys/{Sid}.json,DELETE,DeleteKey,w,true,true,1,,true,false,false,false,,,false,204,false,false,false,true,false,false,false,false,true,,true,false,false,true,/2010-04-01/Accounts/{AccountSid}/Keys/{Sid}.json,sid|friendly_name|date_created|date_updated,false
holdout1,twilio,/2010-04-01/Accounts/{AccountSid}/Keys.json,POST,CreateNewKey,x,true,true,1,,true,false,false,true,application/x-www-form-urlencoded,FriendlyName,false,201,false,true,false,false,false,false,false,false,true,x-twilio,true,false,false,true,/2010-04-01/Accounts/{AccountSid}/Keys.json,end|first_page_uri|next_page_uri|page|page_size|previous_page_uri|start|uri|keys,false
holdout1,twilio,/2010-04-01/Accounts/{AccountSid}/Messages/{MessageSid}/Media/{Sid}.json,DELETE,DeleteMedia,w,true,true,1,,true,false,false,false,,,false,204,false,false,false,true,false,false,false,false,true,,true,true,true,true,/2010-04-01/Accounts/{AccountSid}/Messages/{MessageSid}/Media/{Sid}.json,account_sid|content_type|date_created|date_updated|parent_sid|sid|uri,false
holdout1,twilio,/2010-04-01/Accounts/{AccountSid}/Queues/{QueueSid}/Members/{CallSid}.json,POST,UpdateMember,x,true,true,1,,true,false,false,true,application/x-www-form-urlencoded,Url|Method,false,200,true,false,false,false,false,false,false,false,true,,true,true,true,true,/2010-04-01/Accounts/{AccountSid}/Queues/{QueueSid}/Members/{CallSid}.json,call_sid|date_enqueued|position|uri|wait_time|queue_sid,false
holdout1,twilio,/2010-04-01/Accounts/{AccountSid}/Messages.json,POST,CreateMessage,x,true,true,1,,true,false,false,true,application/x-www-form-urlencoded,To|StatusCallback|ApplicationSid|MaxPrice|ProvideFeedback|Attempt|ValidityPeriod|ForceDelivery|ContentRetention|AddressRetention|SmartEncoded|PersistentAction|TrafficType|ShortenUrls|ScheduleType|SendAt|SendAsMms|ContentVariables|RiskCheck|From|FallbackFrom|MessagingServiceSid|Body|MediaUrl|ContentSid,true,201,false,true,false,false,false,false,false,false,true,x-twilio,true,true,true,true,/2010-04-01/Accounts/{AccountSid}/Messages.json,end|first_page_uri|next_page_uri|page|page_size|previous_page_uri|start|uri|messages,false
holdout1,twilio,/2010-04-01/Accounts/{AccountSid}/Messages/{Sid}.json,POST,UpdateMessage,w,true,true,1,,true,false,false,true,application/x-www-form-urlencoded,Body|Status,false,200,true,false,false,false,false,false,false,false,true,,true,true,true,true,/2010-04-01/Accounts/{AccountSid}/Messages/{Sid}.json,body|num_segments|direction|from|to|date_updated|price|error_message|uri|account_sid|num_media|status|messaging_service_sid|sid|date_sent|date_created|error_code|price_unit|api_version|subresource_uris,true
holdout1,twilio,/2010-04-01/Accounts/{AccountSid}/Messages/{Sid}.json,DELETE,DeleteMessage,w,true,true,1,,true,false,false,false,,,false,204,false,false,false,true,false,false,false,false,true,,true,true,true,true,/2010-04-01/Accounts/{AccountSid}/Messages/{Sid}.json,body|num_segments|direction|from|to|date_updated|price|error_message|uri|account_sid|num_media|status|messaging_service_sid|sid|date_sent|date_created|error_code|price_unit|api_version|subresource_uris,true
holdout1,twilio,/2010-04-01/Accounts/{AccountSid}/Messages/{MessageSid}/Feedback.json,POST,CreateMessageFeedback,w,true,true,1,,true,false,false,true,application/x-www-form-urlencoded,Outcome,false,200,true,false,false,false,false,false,false,false,true,,true,true,true,false,,,false
holdout1,twilio,/2010-04-01/Accounts/{AccountSid}/SigningKeys.json,POST,CreateNewSigningKey,x,true,true,1,,true,false,false,true,application/x-www-form-urlencoded,FriendlyName,false,201,false,true,false,false,false,false,false,false,true,x-twilio,true,true,true,true,/2010-04-01/Accounts/{AccountSid}/SigningKeys.json,end|first_page_uri|next_page_uri|page|page_size|previous_page_uri|start|uri|signing_keys,false
holdout1,twilio,/2010-04-01/Accounts/{AccountSid}/OutgoingCallerIds/{Sid}.json,POST,UpdateOutgoingCallerId,w,true,true,1,,true,false,false,true,application/x-www-form-urlencoded,FriendlyName,false,200,true,false,false,false,false,false,false,false,true,,true,true,true,true,/2010-04-01/Accounts/{AccountSid}/OutgoingCallerIds/{Sid}.json,sid|date_created|date_updated|friendly_name|account_sid|phone_number|uri,false
holdout1,twilio,/2010-04-01/Accounts/{AccountSid}/OutgoingCallerIds/{Sid}.json,DELETE,DeleteOutgoingCallerId,w,true,true,1,,true,false,false,false,,,false,204,false,false,false,true,false,false,false,false,true,,true,true,true,true,/2010-04-01/Accounts/{AccountSid}/OutgoingCallerIds/{Sid}.json,sid|date_created|date_updated|friendly_name|account_sid|phone_number|uri,false
holdout1,twilio,/2010-04-01/Accounts/{AccountSid}/OutgoingCallerIds.json,POST,CreateValidationRequest,x,true,true,1,,true,false,false,true,application/x-www-form-urlencoded,PhoneNumber|FriendlyName|CallDelay|Extension|StatusCallback|StatusCallbackMethod,true,200,true,false,false,false,false,false,false,false,true,x-twilio,true,false,false,true,/2010-04-01/Accounts/{AccountSid}/OutgoingCallerIds.json,end|first_page_uri|next_page_uri|page|page_size|previous_page_uri|start|uri|outgoing_caller_ids,false
holdout1,twilio,/2010-04-01/Accounts/{AccountSid}/Conferences/{ConferenceSid}/Participants/{CallSid}.json,POST,UpdateParticipant,x,true,true,1,,true,false,false,true,application/x-www-form-urlencoded,Muted|Hold|HoldUrl|HoldMethod|AnnounceUrl|AnnounceMethod|WaitUrl|WaitMethod|BeepOnExit|EndConferenceOnExit|Coaching|CallSidToCoach,true,200,true,false,false,false,false,false,false,false,true,,true,true,true,true,/2010-04-01/Accounts/{AccountSid}/Conferences/{ConferenceSid}/Participants/{CallSid}.json,account_sid|call_sid|label|call_sid_to_coach|coaching|conference_sid|date_created|date_updated|end_conference_on_exit|muted|hold|start_conference_on_enter|status|queue_time|uri,true
holdout1,twilio,/2010-04-01/Accounts/{AccountSid}/Conferences/{ConferenceSid}/Participants/{CallSid}.json,DELETE,DeleteParticipant,x,true,true,1,,true,false,false,false,,,false,204,false,false,false,true,false,false,false,false,true,,true,true,true,true,/2010-04-01/Accounts/{AccountSid}/Conferences/{ConferenceSid}/Participants/{CallSid}.json,account_sid|call_sid|label|call_sid_to_coach|coaching|conference_sid|date_created|date_updated|end_conference_on_exit|muted|hold|start_conference_on_enter|status|queue_time|uri,true
holdout1,twilio,/2010-04-01/Accounts/{AccountSid}/Conferences/{ConferenceSid}/Participants.json,POST,CreateParticipant,x,true,true,1,,true,false,false,true,application/x-www-form-urlencoded,From|To|StatusCallback|StatusCallbackMethod|StatusCallbackEvent|Label|Timeout|Record|Muted|Beep|StartConferenceOnEnter|EndConferenceOnExit|WaitUrl|WaitMethod|EarlyMedia|MaxParticipants|ConferenceRecord|ConferenceTrim|ConferenceStatusCallback|ConferenceStatusCallbackMethod|ConferenceStatusCallbackEvent|RecordingChannels|RecordingStatusCallback|RecordingStatusCallbackMethod|SipAuthUsername|SipAuthPassword|Region|ConferenceRecordingStatusCallback|ConferenceRecordingStatusCallbackMethod|RecordingStatusCallbackEvent,true,201,false,true,false,false,false,false,false,false,true,,true,false,false,true,/2010-04-01/Accounts/{AccountSid}/Conferences/{ConferenceSid}/Participants.json,end|first_page_uri|next_page_uri|page|page_size|previous_page_uri|start|uri|participants,true
holdout1,twilio,/2010-04-01/Accounts/{AccountSid}/Calls/{CallSid}/Payments.json,POST,CreatePayments,x,true,true,1,,true,false,false,true,application/x-www-form-urlencoded,IdempotencyKey|StatusCallback|BankAccountType|ChargeAmount|Currency|Description|Input|MinPostalCodeLength|Parameter|PaymentConnector|PaymentMethod|PostalCode|SecurityCode|Timeout|TokenType|ValidCardTypes|RequireMatchingInputs|Confirmation,true,201,false,true,false,false,false,false,false,false,true,,true,true,true,false,,,false
holdout1,twilio,/2010-04-01/Accounts/{AccountSid}/Calls/{CallSid}/Payments/{Sid}.json,POST,UpdatePayments,x,true,true,1,,true,false,false,true,application/x-www-form-urlencoded,IdempotencyKey|StatusCallback|Capture|Status,false,202,false,false,true,false,false,false,false,false,true,,true,true,true,false,,,false
holdout1,twilio,/2010-04-01/Accounts/{AccountSid}/Queues/{Sid}.json,POST,UpdateQueue,w,true,true,1,,true,false,false,true,application/x-www-form-urlencoded,FriendlyName|MaxSize,false,200,true,false,false,false,false,false,false,false,true,,true,true,true,true,/2010-04-01/Accounts/{AccountSid}/Queues/{Sid}.json,date_updated|current_size|friendly_name|uri|account_sid|average_wait_time|sid|date_created|max_size,false
holdout1,twilio,/2010-04-01/Accounts/{AccountSid}/Queues/{Sid}.json,DELETE,DeleteQueue,w,true,true,1,,true,false,false,false,,,false,204,false,false,false,true,false,false,false,false,true,,true,true,true,true,/2010-04-01/Accounts/{AccountSid}/Queues/{Sid}.json,date_updated|current_size|friendly_name|uri|account_sid|average_wait_time|sid|date_created|max_size,false
holdout1,twilio,/2010-04-01/Accounts/{AccountSid}/Queues.json,POST,CreateQueue,x,true,true,1,,true,false,false,true,application/x-www-form-urlencoded,FriendlyName|MaxSize,false,201,false,true,false,false,false,false,false,false,true,,true,true,true,true,/2010-04-01/Accounts/{AccountSid}/Queues.json,end|first_page_uri|next_page_uri|page|page_size|previous_page_uri|start|uri|queues,false
holdout1,twilio,/2010-04-01/Accounts/{AccountSid}/Calls/{CallSid}/Transcriptions.json,POST,CreateRealtimeTranscription,x,true,true,1,,true,false,false,true,application/x-www-form-urlencoded,Name|Track|StatusCallbackUrl|StatusCallbackMethod|InboundTrackLabel|OutboundTrackLabel|PartialResults|LanguageCode|TranscriptionEngine|ProfanityFilter|SpeechModel|Hints|EnableAutomaticPunctuation|IntelligenceService|ConversationConfiguration|ConversationId|TranscriptionConfigurationId|EnableProviderData,true,200,true,false,false,false,false,false,false,false,true,,true,true,true,false,,,false
holdout1,twilio,/2010-04-01/Accounts/{AccountSid}/Calls/{CallSid}/Transcriptions/{Sid}.json,POST,UpdateRealtimeTranscription,x,true,true,1,,true,false,false,true,application/x-www-form-urlencoded,Status,false,200,true,false,false,false,false,false,false,false,true,,true,true,true,false,,,false
holdout1,twilio,/2010-04-01/Accounts/{AccountSid}/Recordings/{Sid}.json,DELETE,DeleteRecording,w,true,true,1,,true,false,false,false,,,false,204,false,false,false,true,false,false,false,false,true,,true,true,true,true,/2010-04-01/Accounts/{AccountSid}/Recordings/{Sid}.json,account_sid|api_version|call_sid|conference_sid|date_created|date_updated|start_time|duration|sid|price|price_unit|status|channels|source|error_code|uri|encryption_details|subresource_uris|media_url,false
holdout1,twilio,/2010-04-01/Accounts/{AccountSid}/Recordings/{ReferenceSid}/AddOnResults/{Sid}.json,DELETE,DeleteRecordingAddOnResult,w,true,true,1,,true,false,false,false,,,false,204,false,false,false,true,false,false,false,false,true,,true,true,true,true,/2010-04-01/Accounts/{AccountSid}/Recordings/{ReferenceSid}/AddOnResults/{Sid}.json,sid|account_sid|status|add_on_sid|add_on_configuration_sid|date_created|date_updated|date_completed|reference_sid|subresource_uris,false
holdout1,twilio,/2010-04-01/Accounts/{AccountSid}/Recordings/{ReferenceSid}/AddOnResults/{AddOnResultSid}/Payloads/{Sid}.json,DELETE,DeleteRecordingAddOnResultPayload,w,true,true,1,,true,false,false,false,,,false,204,false,false,false,true,false,false,false,false,true,,true,true,true,true,/2010-04-01/Accounts/{AccountSid}/Recordings/{ReferenceSid}/AddOnResults/{AddOnResultSid}/Payloads/{Sid}.json,sid|add_on_result_sid|account_sid|label|add_on_sid|add_on_configuration_sid|content_type|date_created|date_updated|reference_sid|subresource_uris,false
holdout1,twilio,/2010-04-01/Accounts/{AccountSid}/Recordings/{RecordingSid}/Transcriptions/{Sid}.json,DELETE,DeleteRecordingTranscription,w,true,true,1,,true,false,false,false,,,false,204,false,false,false,true,false,false,false,false,true,,true,false,false,true,/2010-04-01/Accounts/{AccountSid}/Recordings/{RecordingSid}/Transcriptions/{Sid}.json,account_sid|api_version|date_created|date_updated|duration|price|price_unit|recording_sid|sid|status|transcription_text|type|uri,false
holdout1,twilio,/2010-04-01/Accounts/{AccountSid}/SMS/ShortCodes/{Sid}.json,POST,UpdateShortCode,w,true,true,1,,true,false,false,true,application/x-www-form-urlencoded,FriendlyName|ApiVersion|SmsUrl|SmsMethod|SmsFallbackUrl|SmsFallbackMethod,false,200,true,false,false,false,false,false,false,false,true,,true,true,true,true,/2010-04-01/Accounts/{AccountSid}/SMS/ShortCodes/{Sid}.json,account_sid|api_version|date_created|date_updated|friendly_name|short_code|sid|sms_fallback_method|sms_fallback_url|sms_method|sms_url|uri,false
holdout1,twilio,/2010-04-01/Accounts/{AccountSid}/SigningKeys/{Sid}.json,POST,UpdateSigningKey,w,true,true,1,,true,false,false,true,application/x-www-form-urlencoded,FriendlyName,false,200,true,false,false,false,false,false,false,false,true,,true,false,false,true,/2010-04-01/Accounts/{AccountSid}/SigningKeys/{Sid}.json,sid|friendly_name|date_created|date_updated,false
holdout1,twilio,/2010-04-01/Accounts/{AccountSid}/SigningKeys/{Sid}.json,DELETE,DeleteSigningKey,w,true,true,1,,true,false,false,false,,,false,204,false,false,false,true,false,false,false,false,true,,true,false,false,true,/2010-04-01/Accounts/{AccountSid}/SigningKeys/{Sid}.json,sid|friendly_name|date_created|date_updated,false
holdout1,twilio,/2010-04-01/Accounts/{AccountSid}/SIP/Domains/{DomainSid}/Auth/Calls/CredentialListMappings.json,POST,CreateSipAuthCallsCredentialListMapping,x,true,true,1,,true,false,false,true,application/x-www-form-urlencoded,CredentialListSid,false,201,false,true,false,false,false,false,false,false,true,,true,true,true,true,/2010-04-01/Accounts/{AccountSid}/SIP/Domains/{DomainSid}/Auth/Calls/CredentialListMappings.json,end|first_page_uri|next_page_uri|page|page_size|previous_page_uri|start|uri|contents,false
holdout1,twilio,/2010-04-01/Accounts/{AccountSid}/SIP/Domains/{DomainSid}/Auth/Calls/CredentialListMappings/{Sid}.json,DELETE,DeleteSipAuthCallsCredentialListMapping,w,true,true,1,,true,false,false,false,,,false,204,false,false,false,true,false,false,false,false,true,,true,true,true,true,/2010-04-01/Accounts/{AccountSid}/SIP/Domains/{DomainSid}/Auth/Calls/CredentialListMappings/{Sid}.json,account_sid|date_created|date_updated|friendly_name|sid,false
holdout1,twilio,/2010-04-01/Accounts/{AccountSid}/SIP/Domains/{DomainSid}/Auth/Calls/IpAccessControlListMappings.json,POST,CreateSipAuthCallsIpAccessControlListMapping,x,true,true,1,,true,false,false,true,application/x-www-form-urlencoded,IpAccessControlListSid,false,201,false,true,false,false,false,false,false,false,true,,true,true,true,true,/2010-04-01/Accounts/{AccountSid}/SIP/Domains/{DomainSid}/Auth/Calls/IpAccessControlListMappings.json,end|first_page_uri|next_page_uri|page|page_size|previous_page_uri|start|uri|contents,false
holdout1,twilio,/2010-04-01/Accounts/{AccountSid}/SIP/Domains/{DomainSid}/Auth/Calls/IpAccessControlListMappings/{Sid}.json,DELETE,DeleteSipAuthCallsIpAccessControlListMapping,w,true,true,1,,true,false,false,false,,,false,204,false,false,false,true,false,false,false,false,true,,true,true,true,true,/2010-04-01/Accounts/{AccountSid}/SIP/Domains/{DomainSid}/Auth/Calls/IpAccessControlListMappings/{Sid}.json,account_sid|date_created|date_updated|friendly_name|sid,false
holdout1,twilio,/2010-04-01/Accounts/{AccountSid}/SIP/Domains/{DomainSid}/Auth/Registrations/CredentialListMappings.json,POST,CreateSipAuthRegistrationsCredentialListMapping,x,true,true,1,,true,false,false,true,application/x-www-form-urlencoded,CredentialListSid,false,201,false,true,false,false,false,false,false,false,true,,true,true,true,true,/2010-04-01/Accounts/{AccountSid}/SIP/Domains/{DomainSid}/Auth/Registrations/CredentialListMappings.json,end|first_page_uri|next_page_uri|page|page_size|previous_page_uri|start|uri|contents,false
holdout1,twilio,/2010-04-01/Accounts/{AccountSid}/SIP/Domains/{DomainSid}/Auth/Registrations/CredentialListMappings/{Sid}.json,DELETE,DeleteSipAuthRegistrationsCredentialListMapping,w,true,true,1,,true,false,false,false,,,false,204,false,false,false,true,false,false,false,false,true,,true,true,true,true,/2010-04-01/Accounts/{AccountSid}/SIP/Domains/{DomainSid}/Auth/Registrations/CredentialListMappings/{Sid}.json,account_sid|date_created|date_updated|friendly_name|sid,false
holdout1,twilio,/2010-04-01/Accounts/{AccountSid}/SIP/CredentialLists/{CredentialListSid}/Credentials.json,POST,CreateSipCredential,x,true,true,1,,true,false,false,true,application/x-www-form-urlencoded,Username|Password,true,201,false,true,false,false,false,false,false,false,true,,true,true,true,true,/2010-04-01/Accounts/{AccountSid}/SIP/CredentialLists/{CredentialListSid}/Credentials.json,end|first_page_uri|next_page_uri|page|page_size|previous_page_uri|start|uri|credentials,false
holdout1,twilio,/2010-04-01/Accounts/{AccountSid}/SIP/CredentialLists/{CredentialListSid}/Credentials/{Sid}.json,POST,UpdateSipCredential,w,true,true,1,,true,false,false,true,application/x-www-form-urlencoded,Password,false,200,true,false,false,false,false,false,false,false,true,,true,true,true,true,/2010-04-01/Accounts/{AccountSid}/SIP/CredentialLists/{CredentialListSid}/Credentials/{Sid}.json,sid|account_sid|credential_list_sid|username|date_created|date_updated|uri,true
holdout1,twilio,/2010-04-01/Accounts/{AccountSid}/SIP/CredentialLists/{CredentialListSid}/Credentials/{Sid}.json,DELETE,DeleteSipCredential,w,true,true,1,,true,false,false,false,,,false,204,false,false,false,true,false,false,false,false,true,,true,true,true,true,/2010-04-01/Accounts/{AccountSid}/SIP/CredentialLists/{CredentialListSid}/Credentials/{Sid}.json,sid|account_sid|credential_list_sid|username|date_created|date_updated|uri,true
holdout1,twilio,/2010-04-01/Accounts/{AccountSid}/SIP/CredentialLists.json,POST,CreateSipCredentialList,x,true,true,1,,true,false,false,true,application/x-www-form-urlencoded,FriendlyName,false,201,false,true,false,false,false,false,false,false,true,,true,true,true,true,/2010-04-01/Accounts/{AccountSid}/SIP/CredentialLists.json,end|first_page_uri|next_page_uri|page|page_size|previous_page_uri|start|uri|credential_lists,false
holdout1,twilio,/2010-04-01/Accounts/{AccountSid}/SIP/CredentialLists/{Sid}.json,POST,UpdateSipCredentialList,w,true,true,1,,true,false,false,true,application/x-www-form-urlencoded,FriendlyName,false,200,true,false,false,false,false,false,false,false,true,,true,true,true,true,/2010-04-01/Accounts/{AccountSid}/SIP/CredentialLists/{Sid}.json,account_sid|date_created|date_updated|friendly_name|sid|subresource_uris|uri,false
holdout1,twilio,/2010-04-01/Accounts/{AccountSid}/SIP/CredentialLists/{Sid}.json,DELETE,DeleteSipCredentialList,w,true,true,1,,true,false,false,false,,,false,204,false,false,false,true,false,false,false,false,true,,true,true,true,true,/2010-04-01/Accounts/{AccountSid}/SIP/CredentialLists/{Sid}.json,account_sid|date_created|date_updated|friendly_name|sid|subresource_uris|uri,false
holdout1,twilio,/2010-04-01/Accounts/{AccountSid}/SIP/Domains/{DomainSid}/CredentialListMappings.json,POST,CreateSipCredentialListMapping,x,true,true,1,,true,false,false,true,application/x-www-form-urlencoded,CredentialListSid,false,201,false,true,false,false,false,false,false,false,true,,true,true,true,true,/2010-04-01/Accounts/{AccountSid}/SIP/Domains/{DomainSid}/CredentialListMappings.json,end|first_page_uri|next_page_uri|page|page_size|previous_page_uri|start|uri|credential_list_mappings,false
holdout1,twilio,/2010-04-01/Accounts/{AccountSid}/SIP/Domains/{DomainSid}/CredentialListMappings/{Sid}.json,DELETE,DeleteSipCredentialListMapping,w,true,true,1,,true,false,false,false,,,false,204,false,false,false,true,false,false,false,false,true,,true,true,true,true,/2010-04-01/Accounts/{AccountSid}/SIP/Domains/{DomainSid}/CredentialListMappings/{Sid}.json,account_sid|date_created|date_updated|domain_sid|friendly_name|sid|uri,false
holdout1,twilio,/2010-04-01/Accounts/{AccountSid}/SIP/Domains.json,POST,CreateSipDomain,x,true,true,1,,true,false,false,true,application/x-www-form-urlencoded,DomainName|FriendlyName|VoiceUrl|VoiceMethod|VoiceFallbackUrl|VoiceFallbackMethod|VoiceStatusCallbackUrl|VoiceStatusCallbackMethod|SipRegistration|EmergencyCallingEnabled|Secure|ByocTrunkSid|EmergencyCallerSid,false,201,false,true,false,false,false,false,false,false,true,,true,true,true,true,/2010-04-01/Accounts/{AccountSid}/SIP/Domains.json,end|first_page_uri|next_page_uri|page|page_size|previous_page_uri|start|uri|domains,false
holdout1,twilio,/2010-04-01/Accounts/{AccountSid}/SIP/Domains/{Sid}.json,POST,UpdateSipDomain,w,true,true,1,,true,false,false,true,application/x-www-form-urlencoded,FriendlyName|VoiceFallbackMethod|VoiceFallbackUrl|VoiceMethod|VoiceStatusCallbackMethod|VoiceStatusCallbackUrl|VoiceUrl|SipRegistration|DomainName|EmergencyCallingEnabled|Secure|ByocTrunkSid|EmergencyCallerSid,false,200,true,false,false,false,false,false,false,false,true,,true,true,true,true,/2010-04-01/Accounts/{AccountSid}/SIP/Domains/{Sid}.json,account_sid|api_version|auth_type|date_created|date_updated|domain_name|friendly_name|sid|uri|voice_fallback_method|voice_fallback_url|voice_method|voice_status_callback_method|voice_status_callback_url|voice_url|subresource_uris|sip_registration|emergency_calling_enabled|secure|byoc_trunk_sid|emergency_caller_sid,false
holdout1,twilio,/2010-04-01/Accounts/{AccountSid}/SIP/Domains/{Sid}.json,DELETE,DeleteSipDomain,w,true,true,1,,true,false,false,false,,,false,204,false,false,false,true,false,false,false,false,true,,true,true,true,true,/2010-04-01/Accounts/{AccountSid}/SIP/Domains/{Sid}.json,account_sid|api_version|auth_type|date_created|date_updated|domain_name|friendly_name|sid|uri|voice_fallback_method|voice_fallback_url|voice_method|voice_status_callback_method|voice_status_callback_url|voice_url|subresource_uris|sip_registration|emergency_calling_enabled|secure|byoc_trunk_sid|emergency_caller_sid,false
holdout1,twilio,/2010-04-01/Accounts/{AccountSid}/SIP/IpAccessControlLists.json,POST,CreateSipIpAccessControlList,x,true,true,1,,true,false,false,true,application/x-www-form-urlencoded,FriendlyName,false,201,false,true,false,false,false,false,false,false,true,,true,true,true,true,/2010-04-01/Accounts/{AccountSid}/SIP/IpAccessControlLists.json,end|first_page_uri|next_page_uri|page|page_size|previous_page_uri|start|uri|ip_access_control_lists,false
holdout1,twilio,/2010-04-01/Accounts/{AccountSid}/SIP/IpAccessControlLists/{Sid}.json,POST,UpdateSipIpAccessControlList,w,true,true,1,,true,false,false,true,application/x-www-form-urlencoded,FriendlyName,false,200,true,false,false,false,false,false,false,false,true,,true,true,true,true,/2010-04-01/Accounts/{AccountSid}/SIP/IpAccessControlLists/{Sid}.json,sid|account_sid|friendly_name|date_created|date_updated|subresource_uris|uri,false
holdout1,twilio,/2010-04-01/Accounts/{AccountSid}/SIP/IpAccessControlLists/{Sid}.json,DELETE,DeleteSipIpAccessControlList,w,true,true,1,,true,false,false,false,,,false,204,false,false,false,true,false,false,false,false,true,,true,true,true,true,/2010-04-01/Accounts/{AccountSid}/SIP/IpAccessControlLists/{Sid}.json,sid|account_sid|friendly_name|date_created|date_updated|subresource_uris|uri,false
holdout1,twilio,/2010-04-01/Accounts/{AccountSid}/SIP/Domains/{DomainSid}/IpAccessControlListMappings/{Sid}.json,DELETE,DeleteSipIpAccessControlListMapping,w,true,true,1,,true,false,false,false,,,false,204,false,false,false,true,false,false,false,false,true,,true,true,true,true,/2010-04-01/Accounts/{AccountSid}/SIP/Domains/{DomainSid}/IpAccessControlListMappings/{Sid}.json,account_sid|date_created|date_updated|domain_sid|friendly_name|sid|uri,false
holdout1,twilio,/2010-04-01/Accounts/{AccountSid}/SIP/Domains/{DomainSid}/IpAccessControlListMappings.json,POST,CreateSipIpAccessControlListMapping,x,true,true,1,,true,false,false,true,application/x-www-form-urlencoded,IpAccessControlListSid,false,201,false,true,false,false,false,false,false,false,true,,true,true,true,true,/2010-04-01/Accounts/{AccountSid}/SIP/Domains/{DomainSid}/IpAccessControlListMappings.json,end|first_page_uri|next_page_uri|page|page_size|previous_page_uri|start|uri|ip_access_control_list_mappings,false
holdout1,twilio,/2010-04-01/Accounts/{AccountSid}/SIP/IpAccessControlLists/{IpAccessControlListSid}/IpAddresses.json,POST,CreateSipIpAddress,x,true,true,1,,true,false,false,true,application/x-www-form-urlencoded,FriendlyName|IpAddress|CidrPrefixLength,false,201,false,true,false,false,false,false,false,false,true,,true,true,true,true,/2010-04-01/Accounts/{AccountSid}/SIP/IpAccessControlLists/{IpAccessControlListSid}/IpAddresses.json,end|first_page_uri|next_page_uri|page|page_size|previous_page_uri|start|uri|ip_addresses,false
holdout1,twilio,/2010-04-01/Accounts/{AccountSid}/SIP/IpAccessControlLists/{IpAccessControlListSid}/IpAddresses/{Sid}.json,POST,UpdateSipIpAddress,w,true,true,1,,true,false,false,true,application/x-www-form-urlencoded,IpAddress|FriendlyName|CidrPrefixLength,false,200,true,false,false,false,false,false,false,false,true,,true,true,true,true,/2010-04-01/Accounts/{AccountSid}/SIP/IpAccessControlLists/{IpAccessControlListSid}/IpAddresses/{Sid}.json,sid|account_sid|friendly_name|ip_address|cidr_prefix_length|ip_access_control_list_sid|date_created|date_updated|uri,false
holdout1,twilio,/2010-04-01/Accounts/{AccountSid}/SIP/IpAccessControlLists/{IpAccessControlListSid}/IpAddresses/{Sid}.json,DELETE,DeleteSipIpAddress,w,true,true,1,,true,false,false,false,,,false,204,false,false,false,true,false,false,false,false,true,,true,true,true,true,/2010-04-01/Accounts/{AccountSid}/SIP/IpAccessControlLists/{IpAccessControlListSid}/IpAddresses/{Sid}.json,sid|account_sid|friendly_name|ip_address|cidr_prefix_length|ip_access_control_list_sid|date_created|date_updated|uri,false
holdout1,twilio,/2010-04-01/Accounts/{AccountSid}/Calls/{CallSid}/Siprec.json,POST,CreateSiprec,x,true,true,1,,true,false,false,true,application/x-www-form-urlencoded,Name|ConnectorName|Track|StatusCallback|StatusCallbackMethod|Parameter1.Name|Parameter1.Value|Parameter2.Name|Parameter2.Value|Parameter3.Name|Parameter3.Value|Parameter4.Name|Parameter4.Value|Parameter5.Name|Parameter5.Value|Parameter6.Name|Parameter6.Value|Parameter7.Name|Parameter7.Value|Parameter8.Name|Parameter8.Value|Parameter9.Name|Parameter9.Value|Parameter10.Name|Parameter10.Value|Parameter11.Name|Parameter11.Value|Parameter12.Name|Parameter12.Value|Parameter13.Name,true,200,true,false,false,false,false,false,false,false,true,,true,true,true,false,,,false
holdout1,twilio,/2010-04-01/Accounts/{AccountSid}/Calls/{CallSid}/Siprec/{Sid}.json,POST,UpdateSiprec,w,true,true,1,,true,false,false,true,application/x-www-form-urlencoded,Status,false,200,true,false,false,false,false,false,false,false,true,,true,true,true,false,,,false
holdout1,twilio,/2010-04-01/Accounts/{AccountSid}/Calls/{CallSid}/Streams.json,POST,CreateStream,x,true,true,1,,true,false,false,true,application/x-www-form-urlencoded,Url|Name|Track|StatusCallback|StatusCallbackMethod|Parameter1.Name|Parameter1.Value|Parameter2.Name|Parameter2.Value|Parameter3.Name|Parameter3.Value|Parameter4.Name|Parameter4.Value|Parameter5.Name|Parameter5.Value|Parameter6.Name|Parameter6.Value|Parameter7.Name|Parameter7.Value|Parameter8.Name|Parameter8.Value|Parameter9.Name|Parameter9.Value|Parameter10.Name|Parameter10.Value|Parameter11.Name|Parameter11.Value|Parameter12.Name|Parameter12.Value|Parameter13.Name,false,200,true,false,false,false,false,false,false,false,true,,true,true,true,false,,,false
holdout1,twilio,/2010-04-01/Accounts/{AccountSid}/Calls/{CallSid}/Streams/{Sid}.json,POST,UpdateStream,x,true,true,1,,true,false,false,true,application/x-www-form-urlencoded,Status,false,200,true,false,false,false,false,false,false,false,true,,true,true,true,false,,,false
holdout1,twilio,/2010-04-01/Accounts/{AccountSid}/Tokens.json,POST,CreateToken,x,true,true,1,,true,false,false,true,application/x-www-form-urlencoded,Ttl,false,201,false,true,false,false,false,false,false,false,true,,true,true,true,false,,,false
holdout1,twilio,/2010-04-01/Accounts/{AccountSid}/Transcriptions/{Sid}.json,DELETE,DeleteTranscription,w,true,true,1,,true,false,false,false,,,false,204,false,false,false,true,false,false,false,false,true,,true,true,true,true,/2010-04-01/Accounts/{AccountSid}/Transcriptions/{Sid}.json,account_sid|api_version|date_created|date_updated|duration|price|price_unit|recording_sid|sid|status|transcription_text|type|uri,false
holdout1,twilio,/2010-04-01/Accounts/{AccountSid}/Usage/Triggers/{Sid}.json,POST,UpdateUsageTrigger,w,true,true,1,,true,false,false,true,application/x-www-form-urlencoded,CallbackMethod|CallbackUrl|FriendlyName,false,200,true,false,false,false,false,false,false,false,true,,true,true,true,true,/2010-04-01/Accounts/{AccountSid}/Usage/Triggers/{Sid}.json,account_sid|api_version|callback_method|callback_url|current_value|date_created|date_fired|date_updated|friendly_name|recurring|sid|trigger_by|trigger_value|uri|usage_category|usage_record_uri,false
holdout1,twilio,/2010-04-01/Accounts/{AccountSid}/Usage/Triggers/{Sid}.json,DELETE,DeleteUsageTrigger,w,true,true,1,,true,false,false,false,,,false,204,false,false,false,true,false,false,false,false,true,,true,false,false,true,/2010-04-01/Accounts/{AccountSid}/Usage/Triggers/{Sid}.json,account_sid|api_version|callback_method|callback_url|current_value|date_created|date_fired|date_updated|friendly_name|recurring|sid|trigger_by|trigger_value|uri|usage_category|usage_record_uri,false
holdout1,twilio,/2010-04-01/Accounts/{AccountSid}/Usage/Triggers.json,POST,CreateUsageTrigger,x,true,true,1,,true,false,false,true,application/x-www-form-urlencoded,CallbackUrl|TriggerValue|UsageCategory|CallbackMethod|FriendlyName|Recurring|TriggerBy,false,201,false,true,false,false,false,false,false,false,true,,true,true,true,true,/2010-04-01/Accounts/{AccountSid}/Usage/Triggers.json,end|first_page_uri|next_page_uri|page|page_size|previous_page_uri|start|uri|usage_triggers,false
holdout1,twilio,/2010-04-01/Accounts/{AccountSid}/Calls/{CallSid}/UserDefinedMessages.json,POST,CreateUserDefinedMessage,x,true,true,1,,true,false,false,true,application/x-www-form-urlencoded,Content|IdempotencyKey,false,201,false,true,false,false,false,false,false,false,true,,true,true,true,false,,,false
holdout1,twilio,/2010-04-01/Accounts/{AccountSid}/Calls/{CallSid}/UserDefinedMessageSubscriptions.json,POST,CreateUserDefinedMessageSubscription,x,true,true,1,,true,false,false,true,application/x-www-form-urlencoded,Callback|IdempotencyKey|Method,false,201,false,true,false,false,false,false,false,false,true,,true,true,true,false,,,false
holdout1,twilio,/2010-04-01/Accounts/{AccountSid}/Calls/{CallSid}/UserDefinedMessageSubscriptions/{Sid}.json,DELETE,DeleteUserDefinedMessageSubscription,w,true,true,1,,true,false,false,false,,,false,204,false,false,false,true,false,false,false,false,true,,true,true,true,false,,,false
holdout1,stripe,/v1/accounts/{account},DELETE,DeleteAccountsAccount,x,true,false,0,,true,false,false,true,application/x-www-form-urlencoded,,false,200|default,true,false,false,false,false,false,false,false,true,,true,true,true,true,/v1/accounts/{account},business_profile|business_type|capabilities|charges_enabled|company|controller|country|created|default_currency|details_submitted|email|external_accounts|future_requirements|groups|id|individual|metadata|object|payouts_enabled|requirements|settings|tos_acceptance|type,true
holdout1,stripe,/v1/accounts/{account}/bank_accounts/{id},DELETE,DeleteAccountsAccountBankAccountsId,w,true,false,0,,true,false,false,true,application/x-www-form-urlencoded,,false,200|default,true,false,false,false,false,false,false,false,true,,true,true,true,false,,,false
holdout1,stripe,/v1/accounts/{account}/external_accounts/{id},DELETE,DeleteAccountsAccountExternalAccountsId,w,true,false,0,,true,false,false,true,application/x-www-form-urlencoded,,false,200|default,true,false,false,false,false,false,false,false,true,,true,true,true,true,/v1/accounts/{account}/external_accounts,data|has_more|object|url,false
holdout1,stripe,/v1/accounts/{account}/people/{person},DELETE,DeleteAccountsAccountPeoplePerson,w,true,false,0,,true,false,false,true,application/x-www-form-urlencoded,,false,200|default,true,false,false,false,false,false,false,false,true,,true,true,true,true,/v1/accounts/{account}/people/{person},account|additional_tos_acceptances|address|address_kana|address_kanji|created|dob|email|first_name|first_name_kana|first_name_kanji|full_name_aliases|future_requirements|gender|id|id_number_provided|id_number_secondary_provided|last_name|last_name_kana|last_name_kanji|maiden_name|metadata|nationality|object|phone|political_exposure|registered_address|relationship|requirements|ssn_last_4_provided,true
holdout1,stripe,/v1/accounts/{account}/persons/{person},DELETE,DeleteAccountsAccountPersonsPerson,w,true,false,0,,true,false,false,true,application/x-www-form-urlencoded,,false,200|default,true,false,false,false,false,false,false,false,true,,true,true,true,true,/v1/accounts/{account}/persons/{person},account|additional_tos_acceptances|address|address_kana|address_kanji|created|dob|email|first_name|first_name_kana|first_name_kanji|full_name_aliases|future_requirements|gender|id|id_number_provided|id_number_secondary_provided|last_name|last_name_kana|last_name_kanji|maiden_name|metadata|nationality|object|phone|political_exposure|registered_address|relationship|requirements|ssn_last_4_provided,true
holdout1,stripe,/v1/apple_pay/domains/{domain},DELETE,DeleteApplePayDomainsDomain,w,true,false,0,,true,false,false,true,application/x-www-form-urlencoded,,false,200|default,true,false,false,false,false,false,false,false,false,,true,false,true,true,/v1/apple_pay/domains/{domain},created|domain_name|id|livemode|object,false
holdout1,stripe,/v1/coupons/{coupon},DELETE,DeleteCouponsCoupon,w,true,false,0,,true,false,false,true,application/x-www-form-urlencoded,,false,200|default,true,false,false,false,false,false,false,false,false,,true,true,true,true,/v1/coupons/{coupon},amount_off|applies_to|created|currency|currency_options|duration|duration_in_months|id|livemode|max_redemptions|metadata|name|object|percent_off|redeem_by|times_redeemed|valid,true
holdout1,stripe,/v1/customers/{customer},DELETE,DeleteCustomersCustomer,x,true,false,0,,true,false,false,true,application/x-www-form-urlencoded,,false,200|default,true,false,false,false,false,false,false,false,true,,true,true,true,true,/v1/customers,data|has_more|object|url,false
holdout1,stripe,/v1/customers/{customer}/bank_accounts/{id},DELETE,DeleteCustomersCustomerBankAccountsId,w,true,false,0,,true,false,false,true,application/x-www-form-urlencoded,expand,false,200|default,true,false,false,false,false,false,false,false,true,,true,true,true,true,/v1/customers/{customer}/bank_accounts/{id},account|account_holder_name|account_holder_type|account_type|available_payout_methods|bank_name|country|currency|customer|default_for_currency|fingerprint|future_requirements|id|last4|metadata|object|requirements|routing_number|status,true
holdout1,stripe,/v1/customers/{customer}/cards/{id},DELETE,DeleteCustomersCustomerCardsId,w,true,false,0,,true,false,false,true,application/x-www-form-urlencoded,expand,false,200|default,true,false,false,false,false,false,false,false,true,,true,true,true,true,/v1/customers/{customer}/cards/{id},account|address_city|address_country|address_line1|address_line1_check|address_line2|address_state|address_zip|address_zip_check|allow_redisplay|available_payout_methods|brand|country|currency|customer|cvc_check|default_for_currency|dynamic_last4|exp_month|exp_year|fingerprint|funding|id|last4|metadata|name|networks|object|regulated_status|status,true
holdout1,stripe,/v1/customers/{customer}/discount,DELETE,DeleteCustomersCustomerDiscount,w,true,false,0,,true,false,false,true,application/x-www-form-urlencoded,,false,200|default,true,false,false,false,false,false,false,false,true,,true,true,true,true,/v1/customers/{customer}/discount,checkout_session|customer|customer_account|end|id|invoice|invoice_item|object|promotion_code|source|start|subscription|subscription_item,true
holdout1,stripe,/v1/customers/{customer}/sources/{id},DELETE,DeleteCustomersCustomerSourcesId,w,true,false,0,,true,false,false,true,application/x-www-form-urlencoded,expand,false,200|default,true,false,false,false,false,false,false,false,true,,true,true,true,true,/v1/customers/{customer}/sources,data|has_more|object|url,false
holdout1,stripe,/v1/customers/{customer}/subscriptions/{subscription_exposed_id},DELETE,DeleteCustomersCustomerSubscriptionsSubscriptionExposedId,x,true,false,0,,true,false,false,true,application/x-www-form-urlencoded,expand|invoice_now|prorate,false,200|default,true,false,false,false,false,false,false,false,true,,true,true,true,true,/v1/customers/{customer}/subscriptions/{subscription_exposed_id},application|application_fee_percent|automatic_tax|billing_cycle_anchor|billing_cycle_anchor_config|billing_mode|billing_schedules|billing_thresholds|cancel_at|cancel_at_period_end|canceled_at|cancellation_details|collection_method|created|currency|customer|customer_account|days_until_due|default_payment_method|default_source|default_tax_rates|description|discounts|ended_at|id|invoice_settings|items|latest_invoice|livemode|managed_payments,true
holdout1,stripe,/v1/customers/{customer}/subscriptions/{subscription_exposed_id}/discount,DELETE,DeleteCustomersCustomerSubscriptionsSubscriptionExposedIdDiscount,w,true,false,0,,true,false,false,true,application/x-www-form-urlencoded,,false,200|default,true,false,false,false,false,false,false,false,true,,true,true,true,true,/v1/customers/{customer}/subscriptions/{subscription_exposed_id}/discount,checkout_session|customer|customer_account|end|id|invoice|invoice_item|object|promotion_code|source|start|subscription|subscription_item,true
holdout1,stripe,/v1/customers/{customer}/tax_ids/{id},DELETE,DeleteCustomersCustomerTaxIdsId,w,true,false,0,,true,false,false,true,application/x-www-form-urlencoded,,false,200|default,true,false,false,false,false,false,false,false,true,,true,true,true,true,/v1/customers/{customer}/tax_ids/{id},country|created|customer|customer_account|id|livemode|object|owner|type|value|verification,true
holdout1,stripe,/v1/ephemeral_keys/{key},DELETE,DeleteEphemeralKeysKey,w,true,false,0,,true,false,false,true,application/x-www-form-urlencoded,expand,false,200|default,true,false,false,false,false,false,false,false,false,,true,true,true,false,,,false
holdout1,stripe,/v1/invoiceitems/{invoiceitem},DELETE,DeleteInvoiceitemsInvoiceitem,w,true,false,0,,true,false,false,true,application/x-www-form-urlencoded,,false,200|default,true,false,false,false,false,false,false,false,false,,true,true,true,true,/v1/invoiceitems/{invoiceitem},amount|currency|customer|customer_account|date|description|discountable|discounts|frozen_fields|id|invoice|livemode|metadata|net_amount|object|parent|period|pricing|proration|proration_details|quantity|quantity_decimal|tax_rates|test_clock,true
holdout1,stripe,/v1/invoices/{invoice},DELETE,DeleteInvoicesInvoice,w,true,false,0,,true,false,false,true,application/x-www-form-urlencoded,,false,200|default,true,false,false,false,false,false,false,false,false,,true,true,true,true,/v1/invoices/{invoice},account_country|account_name|account_tax_ids|amount_due|amount_overpaid|amount_paid|amount_paid_off_stripe|amount_remaining|amount_shipping|application|attempt_count|attempted|auto_advance|automatic_tax|automatically_finalizes_at|billing_reason|collection_method|confirmation_secret|created|currency|custom_fields|customer|customer_account|customer_address|customer_email|customer_name|customer_phone|customer_shipping|customer_tax_exempt|customer_tax_ids,true
holdout1,stripe,/v1/plans/{plan},DELETE,DeletePlansPlan,w,true,false,0,,true,false,false,true,application/x-www-form-urlencoded,,false,200|default,true,false,false,false,false,false,false,false,false,,true,true,true,true,/v1/plans/{plan},active|amount|amount_decimal|billing_scheme|created|currency|id|interval|interval_count|livemode|metadata|meter|nickname|object|product|tiers|tiers_mode|transform_usage|trial_period_days|usage_type,false
holdout1,stripe,/v1/products/{id},DELETE,DeleteProductsId,w,true,false,0,,true,false,false,true,application/x-www-form-urlencoded,,false,200|default,true,false,false,false,false,false,false,false,false,,true,true,true,true,/v1/products/{id},active|created|default_price|description|id|images|livemode|marketing_features|metadata|name|object|package_dimensions|shippable|statement_descriptor|tax_code|unit_label|updated|url,true
holdout1,stripe,/v1/products/{product}/features/{id},DELETE,DeleteProductsProductFeaturesId,w,true,false,0,,true,false,false,true,application/x-www-form-urlencoded,,false,200|default,true,false,false,false,false,false,false,false,false,,true,true,true,true,/v1/products/{product}/features/{id},entitlement_feature|id|livemode|object,false
holdout1,stripe,/v1/radar/value_list_items/{item},DELETE,DeleteRadarValueListItemsItem,w,true,false,0,,true,false,false,true,application/x-www-form-urlencoded,,false,200|default,true,false,false,false,false,false,false,false,false,,true,true,true,true,/v1/radar/value_list_items/{item},created|created_by|id|livemode|object|value|value_list,true
holdout1,stripe,/v1/radar/value_lists/{value_list},DELETE,DeleteRadarValueListsValueList,w,true,false,0,,true,false,false,true,application/x-www-form-urlencoded,,false,200|default,true,false,false,false,false,false,false,false,false,,true,true,true,true,/v1/radar/value_lists/{value_list},alias|created|created_by|id|item_type|list_items|livemode|metadata|name|object,true
holdout1,stripe,/v1/subscription_items/{item},DELETE,DeleteSubscriptionItemsItem,w,true,false,0,,true,false,false,true,application/x-www-form-urlencoded,clear_usage|payment_behavior|proration_behavior|proration_date,false,200|default,true,false,false,false,false,false,false,false,false,,true,true,true,true,/v1/subscription_items/{item},billed_until|billing_thresholds|created|current_period_end|current_period_start|discounts|id|metadata|object|price|quantity|subscription|tax_rates,false
holdout1,stripe,/v1/subscriptions/{subscription_exposed_id},DELETE,DeleteSubscriptionsSubscriptionExposedId,x,true,false,0,,true,false,false,true,application/x-www-form-urlencoded,cancellation_details|expand|invoice_now|prorate,false,200|default,true,false,false,false,false,false,false,false,false,,true,true,true,true,/v1/subscriptions/{subscription_exposed_id},application|application_fee_percent|automatic_tax|billing_cycle_anchor|billing_cycle_anchor_config|billing_mode|billing_schedules|billing_thresholds|cancel_at|cancel_at_period_end|canceled_at|cancellation_details|collection_method|created|currency|customer|customer_account|days_until_due|default_payment_method|default_source|default_tax_rates|description|discounts|ended_at|id|invoice_settings|items|latest_invoice|livemode|managed_payments,true
holdout1,stripe,/v1/subscriptions/{subscription_exposed_id}/discount,DELETE,DeleteSubscriptionsSubscriptionExposedIdDiscount,w,true,false,0,,true,false,false,true,application/x-www-form-urlencoded,,false,200|default,true,false,false,false,false,false,false,false,false,,true,true,true,false,,,false
holdout1,stripe,/v1/tax_ids/{id},DELETE,DeleteTaxIdsId,w,true,false,0,,true,false,false,true,application/x-www-form-urlencoded,,false,200|default,true,false,false,false,false,false,false,false,false,,true,true,true,true,/v1/tax_ids/{id},country|created|customer|customer_account|id|livemode|object|owner|type|value|verification,true
holdout1,stripe,/v1/terminal/configurations/{configuration},DELETE,DeleteTerminalConfigurationsConfiguration,w,true,false,0,,true,false,false,true,application/x-www-form-urlencoded,,false,200|default,true,false,false,false,false,false,false,false,false,,true,true,true,true,/v1/terminal/configurations,data|has_more|object|url,false
holdout1,stripe,/v1/terminal/locations/{location},DELETE,DeleteTerminalLocationsLocation,w,true,false,0,,true,false,false,true,application/x-www-form-urlencoded,,false,200|default,true,false,false,false,false,false,false,false,false,,true,true,true,true,/v1/terminal/locations,data|has_more|object|url,false
holdout1,stripe,/v1/terminal/readers/{reader},DELETE,DeleteTerminalReadersReader,w,true,false,0,,true,false,false,true,application/x-www-form-urlencoded,,false,200|default,true,false,false,false,false,false,false,false,false,,true,true,true,true,/v1/terminal/readers,data|has_more|object|url,false
holdout1,stripe,/v1/test_helpers/test_clocks/{test_clock},DELETE,DeleteTestHelpersTestClocksTestClock,w,true,false,0,,true,false,false,true,application/x-www-form-urlencoded,,false,200|default,true,false,false,false,false,false,false,false,false,,true,true,true,true,/v1/test_helpers/test_clocks/{test_clock},created|deletes_after|frozen_time|id|livemode|name|object|status|status_details,false
holdout1,stripe,/v1/webhook_endpoints/{webhook_endpoint},DELETE,DeleteWebhookEndpointsWebhookEndpoint,w,true,false,0,,true,false,false,true,application/x-www-form-urlencoded,,false,200|default,true,false,false,false,false,false,true,false,false,,true,true,true,true,/v1/webhook_endpoints/{webhook_endpoint},api_version|application|created|description|enabled_events|id|livemode|metadata|object|secret|status|url,false
holdout1,github,/app/installations/{installation_id},DELETE,apps/delete-installation,x,true,false,0,,false,false,false,false,,,false,204|404,false,false,false,true,false,true,false,false,false,x-github|x-github-breaking-changes,true,true,true,true,/app/installations/{installation_id},id|account|repository_selection|access_tokens_url|repositories_url|html_url|app_id|client_id|target_id|target_type|permissions|events|created_at|updated_at|single_file_name|has_multiple_single_files|single_file_paths|app_slug|suspended_by|suspended_at|contact_email,true
holdout1,github,/applications/{client_id}/token,DELETE,apps/delete-token,x,true,false,0,,false,false,false,true,application/json,access_token,true,204|422,false,false,false,true,false,true,false,false,false,x-github,true,true,true,false,,,false
holdout1,github,/enterprises/{enterprise}/code-security/configurations/{configuration_id},DELETE,code-security/delete-configuration-for-enterprise,w,true,false,0,,false,false,false,false,,,false,204|400|403|404|409,false,false,false,true,false,true,false,false,false,x-github,true,true,true,true,/enterprises/{enterprise}/code-security/configurations/{configuration_id},id|name|target_type|description|advanced_security|dependency_graph|dependency_graph_autosubmit_action|dependency_graph_autosubmit_action_options|dependabot_alerts|dependabot_security_updates|dependabot_delegated_alert_dismissal|code_scanning_options|code_scanning_default_setup|code_scanning_default_setup_options|code_scanning_delegated_alert_dismissal|secret_scanning|secret_scanning_push_protection|secret_scanning_delegated_bypass|secret_scanning_delegated_bypass_options|secret_scanning_validity_checks|secret_scanning_non_provider_patterns|secret_scanning_generic_secrets|secret_scanning_delegated_alert_dismissal|secret_scanning_extended_metadata|private_vulnerability_reporting|enforcement|url|html_url|created_at|updated_at,true
holdout1,github,/enterprises/{enterprise}/dependabot/repository-access/default-level,PUT,dependabot/set-repository-access-default-level-for-enterprise,w,true,false,0,,false,false,false,true,application/json,default_level,false,204|403|404,false,false,false,true,false,true,false,false,false,x-github,true,true,true,false,,,false
holdout1,github,/enterprises/{enterprise}/teams/{enterprise-team}/organizations/{org},PUT,enterprise-team-organizations/add,x,true,false,0,,false,false,false,false,,,false,201,false,true,false,false,false,true,false,false,false,x-github,true,true,true,true,/enterprises/{enterprise}/teams/{enterprise-team}/organizations/{org},login|id|node_id|url|repos_url|events_url|hooks_url|issues_url|members_url|public_members_url|avatar_url|description,true
holdout1,github,/gists/{gist_id}/star,DELETE,gists/unstar,w,true,false,0,,false,false,false,false,,,false,204|304|403|404,false,false,false,true,false,true,false,false,false,x-github,true,true,false,false,,,false
holdout1,github,/notifications/threads/{thread_id},DELETE,activity/mark-thread-as-done,w,true,false,0,,false,false,false,false,,,false,204,false,false,false,true,false,true,true,false,false,x-github,true,true,true,true,/notifications/threads/{thread_id},id|repository|subject|reason|unread|updated_at|last_read_at|url|subscription_url,true
holdout1,github,/organizations/{org}/actions/cache/storage-limit,PUT,actions/set-actions-cache-storage-limit-for-organization,w,true,false,0,,false,false,false,true,application/json,max_cache_size_gb,false,204|400|403|404,false,false,false,true,false,true,false,false,false,x-github,true,true,true,true,/organizations/{org}/actions/cache/storage-limit,max_cache_size_gb,false
holdout1,github,/orgs/{org}/actions/hosted-runners/images/custom/{image_definition_id}/versions/{version},DELETE,actions/delete-custom-image-version-from-org,w,true,false,0,,false,false,false,false,,,false,204,false,false,false,true,false,true,false,false,false,x-github,true,true,true,true,/orgs/{org}/actions/hosted-runners/images/custom/{image_definition_id}/versions/{version},version|state|size_gb|created_on|state_details,false
holdout1,github,/orgs/{org}/actions/permissions,PUT,actions/set-github-actions-permissions-organization,w,true,false,0,,false,false,false,true,application/json,enabled_repositories|allowed_actions|sha_pinning_required,true,204,false,false,false,true,false,true,false,false,false,x-github,true,true,true,true,/orgs/{org}/actions/permissions,enabled_repositories|selected_repositories_url|allowed_actions|selected_actions_url|sha_pinning_required,true
holdout1,github,/orgs/{org}/actions/permissions/repositories,PUT,actions/set-selected-repositories-enabled-github-actions-organization,w,true,false,0,,false,false,false,true,application/json,selected_repository_ids,true,204,false,false,false,true,false,true,false,false,false,x-github,true,true,true,true,/orgs/{org}/actions/permissions/repositories,total_count|repositories,true
holdout1,github,/orgs/{org}/actions/permissions/self-hosted-runners,PUT,actions/set-self-hosted-runners-permissions-organization,w,true,false,0,,false,false,false,true,application/json,enabled_repositories,true,204|403|404|409|422,false,false,false,true,false,true,false,false,false,x-github,true,true,true,true,/orgs/{org}/actions/permissions/self-hosted-runners,enabled_repositories|selected_repositories_url,true
holdout1,github,/orgs/{org}/actions/permissions/workflow,PUT,actions/set-github-actions-default-workflow-permissions-organization,w,true,false,0,,false,false,false,true,application/json,default_workflow_permissions|can_approve_pull_request_reviews,false,204,false,false,false,true,false,true,false,false,false,x-github,true,true,true,true,/orgs/{org}/actions/permissions/workflow,default_workflow_permissions|can_approve_pull_request_reviews,false
holdout1,github,/orgs/{org}/actions/runner-groups/{runner_group_id}/repositories/{repository_id},PUT,actions/add-repo-access-to-self-hosted-runner-group-in-org,w,true,false,0,,false,false,false,false,,,false,204,false,false,false,true,false,true,false,false,false,x-github,true,true,true,true,/orgs/{org}/actions/runner-groups/{runner_group_id}/repositories,total_count|repositories,true
holdout1,github,/orgs/{org}/actions/runners/{runner_id},DELETE,actions/delete-self-hosted-runner-from-org,w,true,false,0,,false,false,false,false,,,false,204|422,false,false,false,true,false,true,false,false,false,x-github,true,true,true,true,/orgs/{org}/actions/runners/{runner_id},id|runner_group_id|name|os|status|busy|labels|ephemeral|version,false
holdout1,github,/orgs/{org}/actions/secrets/{secret_name},DELETE,actions/delete-org-secret,w,true,false,0,,false,false,false,false,,,false,204,false,false,false,true,false,true,false,false,false,x-github,true,true,true,true,/orgs/{org}/actions/secrets/{secret_name},name|created_at|updated_at|visibility|selected_repositories_url,true
holdout1,github,/orgs/{org}/actions/secrets/{secret_name}/repositories/{repository_id},PUT,actions/add-selected-repo-to-org-secret,w,true,false,0,,false,false,false,false,,,false,204|409,false,false,false,true,false,true,false,false,false,x-github,true,true,true,true,/orgs/{org}/actions/secrets/{secret_name}/repositories,total_count|repositories,true
holdout1,github,/orgs/{org}/actions/variables/{name}/repositories/{repository_id},PUT,actions/add-selected-repo-to-org-variable,w,true,false,0,,false,false,false,false,,,false,204|409,false,false,false,true,false,true,false,false,false,x-github,true,true,true,true,/orgs/{org}/actions/variables/{name}/repositories,total_count|repositories,true
holdout1,github,/orgs/{org}/agents/secrets/{secret_name}/repositories/{repository_id},DELETE,agents/remove-selected-repo-from-org-secret,w,true,false,0,,false,false,false,false,,,false,204|409,false,false,false,true,false,true,false,false,false,x-github,true,true,true,true,/orgs/{org}/agents/secrets/{secret_name}/repositories,total_count|repositories,true
holdout1,github,/orgs/{org}/agents/variables/{name}/repositories/{repository_id},DELETE,agents/remove-selected-repo-from-org-variable,w,true,false,0,,false,false,false,false,,,false,204|409,false,false,false,true,false,true,false,false,false,x-github,true,true,true,true,/orgs/{org}/agents/variables/{name}/repositories,total_count|repositories,true
holdout1,github,/orgs/{org}/blocks/{username},DELETE,orgs/unblock-user,w,true,false,0,,false,false,false,false,,,false,204,false,false,false,true,false,true,false,false,true,x-github,true,true,true,true,/orgs/{org}/blocks,name|email|login|id|node_id|avatar_url|gravatar_id|url|html_url|followers_url|following_url|gists_url|starred_url|subscriptions_url|organizations_url|repos_url|events_url|received_events_url|type|site_admin|starred_at|user_view_type,true
holdout1,github,/orgs/{org}/code-security/configurations/{configuration_id},DELETE,code-security/delete-configuration,w,true,false,0,,false,false,false,false,,,false,204|400|403|404|409,false,false,false,true,false,true,false,false,false,x-github,true,true,true,true,/orgs/{org}/code-security/configurations/{configuration_id},id|name|target_type|description|advanced_security|dependency_graph|dependency_graph_autosubmit_action|dependency_graph_autosubmit_action_options|dependabot_alerts|dependabot_security_updates|dependabot_delegated_alert_dismissal|code_scanning_options|code_scanning_default_setup|code_scanning_default_setup_options|code_scanning_delegated_alert_dismissal|secret_scanning|secret_scanning_push_protection|secret_scanning_delegated_bypass|secret_scanning_delegated_bypass_options|secret_scanning_validity_checks|secret_scanning_non_provider_patterns|secret_scanning_generic_secrets|secret_scanning_delegated_alert_dismissal|secret_scanning_extended_metadata|private_vulnerability_reporting|enforcement|url|html_url|created_at|updated_at,true
holdout1,github,/orgs/{org}/codespaces/secrets/{secret_name},DELETE,codespaces/delete-org-secret,w,true,false,0,,false,false,false,false,,,false,204|404,false,false,false,true,false,true,false,false,false,x-github,true,true,true,true,/orgs/{org}/codespaces/secrets/{secret_name},name|created_at|updated_at|visibility|selected_repositories_url,true
holdout1,github,/orgs/{org}/codespaces/secrets/{secret_name}/repositories/{repository_id},PUT,codespaces/add-selected-repo-to-org-secret,w,true,false,0,,false,false,false,false,,,false,204|404|409|422,false,false,false,true,false,true,false,false,false,x-github,true,true,true,true,/orgs/{org}/codespaces/secrets/{secret_name}/repositories,total_count|repositories,true
holdout1,github,/orgs/{org}/copilot-spaces/{space_number}/collaborators/{actor_type}/{actor_identifier},PUT,copilot-spaces/update-collaborator-for-org,x,true,false,0,,false,false,false,true,application/json,role,false,200|204|403|404|422,true,false,false,true,false,true,false,false,false,x-github,true,true,true,false,,,false
holdout1,github,/orgs/{org}/copilot/billing/selected_users,DELETE,copilot/cancel-copilot-seat-assignment-for-users,x,true,false,0,,false,false,false,true,application/json,selected_usernames,true,200|401|403|404|422|500,true,false,false,false,false,true,false,false,false,x-github,true,true,true,false,,,false
holdout1,github,/orgs/{org}/copilot/coding-agent/permissions/repositories/{repository_id},PUT,copilot/enable-copilot-coding-agent-for-repository-in-organization,w,true,false,0,,false,false,false,false,,,false,204|401|403|404|409|422|500,false,false,false,true,false,true,false,false,false,x-github,true,true,true,true,/orgs/{org}/copilot/coding-agent/permissions/repositories,total_count|repositories,true
holdout1,github,/orgs/{org}/dependabot/secrets/{secret_name},PUT,dependabot/create-or-update-org-secret,w,true,false,0,,false,false,false,true,application/json,encrypted_value|key_id|visibility|selected_repository_ids,true,201|204,false,true,false,true,false,true,false,false,false,x-github|x-github-breaking-changes,true,true,true,true,/orgs/{org}/dependabot/secrets/{secret_name},name|created_at|updated_at|visibility|selected_repositories_url,true
holdout1,github,/orgs/{org}/hooks/{hook_id},DELETE,orgs/delete-webhook,w,true,false,0,,false,false,false,false,,,false,204|404,false,false,false,true,false,true,true,false,false,x-github,true,true,true,true,/orgs/{org}/hooks/{hook_id},id|url|ping_url|deliveries_url|name|events|active|config|updated_at|created_at|type,false
holdout1,github,/orgs/{org}/issue-fields/{issue_field_id},DELETE,orgs/delete-issue-field,w,true,false,0,,false,false,false,false,,,false,204|404|422,false,false,false,true,false,true,false,false,false,x-github,true,true,true,true,/orgs/{org}/issue-fields,id|node_id|name|description|data_type|visibility|options|created_at|updated_at,false
holdout1,github,/orgs/{org}/members/{username}/codespaces/{codespace_name},DELETE,codespaces/delete-from-organization,x,true,false,0,,false,false,false,false,,,false,202|304|401|403|404|500,false,false,true,false,false,true,false,false,true,x-github,true,true,true,true,/orgs/{org}/members/{username}/codespaces,total_count|codespaces,true
holdout1,github,/orgs/{org}/migrations/{migration_id}/repos/{repo_name}/lock,DELETE,migrations/unlock-repo-for-org,w,true,false,0,,false,false,false,false,,,false,204|404,false,false,false,true,false,true,false,false,false,x-github,true,true,true,false,,,false
holdout1,github,/orgs/{org}/organization-roles/users/{username},DELETE,orgs/revoke-all-org-roles-user,x,true,false,0,,false,false,false,false,,,false,204,false,false,false,true,false,true,false,false,true,x-github,true,true,true,false,,,false
holdout1,github,/orgs/{org}/outside_collaborators/{username},PUT,orgs/convert-member-to-outside-collaborator,x,true,false,0,,false,false,false,true,application/json,async,false,202|204|403|404,false,false,true,true,false,true,false,false,true,x-github,true,true,true,true,/orgs/{org}/outside_collaborators,name|email|login|id|node_id|avatar_url|gravatar_id|url|html_url|followers_url|following_url|gists_url|starred_url|subscriptions_url|organizations_url|repos_url|events_url|received_events_url|type|site_admin|starred_at|user_view_type,true
holdout1,github,/orgs/{org}/projectsV2/{project_number}/items/{item_id},DELETE,projects/delete-item-for-org,w,true,false,0,,false,false,false,false,,,false,204|401|403,false,false,false,true,false,true,false,false,false,x-github,true,true,true,true,/orgs/{org}/projectsV2/{project_number}/items/{item_id},id|node_id|project_url|content_type|content|creator|created_at|updated_at|archived_at|item_url|fields,true
holdout1,github,/orgs/{org}/public_members/{username},PUT,orgs/set-public-membership-for-authenticated-user,w,true,false,0,,false,false,false,false,,,false,204|403,false,false,false,true,false,true,false,false,true,x-github,true,true,true,true,/orgs/{org}/public_members,name|email|login|id|node_id|avatar_url|gravatar_id|url|html_url|followers_url|following_url|gists_url|starred_url|subscriptions_url|organizations_url|repos_url|events_url|received_events_url|type|site_admin|starred_at|user_view_type,true
holdout1,github,/orgs/{org}/security-managers/teams/{team_slug},DELETE,orgs/remove-security-manager-team,x,true,false,0,,false,false,false,false,,,false,204,false,false,false,true,false,true,false,false,false,x-github,true,true,true,false,,,false
holdout1,github,/orgs/{org}/settings/immutable-releases/repositories/{repository_id},DELETE,orgs/disable-selected-repository-immutable-releases-organization,w,true,false,0,,false,false,false,false,,,false,204,false,false,false,true,false,true,false,false,false,x-github,true,true,true,true,/orgs/{org}/settings/immutable-releases/repositories,total_count|repositories,true
holdout1,github,/orgs/{org}/teams/{team_slug}/memberships/{username},DELETE,teams/remove-membership-for-user-in-org,x,true,false,0,,false,false,false,false,,,false,204|403,false,false,false,true,false,true,false,false,true,x-github,true,true,true,true,/orgs/{org}/teams/{team_slug}/memberships/{username},url|role|state,false
holdout1,github,/repos/{owner}/{repo},DELETE,repos/delete,x,true,false,0,,false,false,false,false,,,false,204|307|403|404|409,false,false,false,true,false,true,false,false,false,x-github,true,true,true,true,/repos/{owner}/{repo},id|node_id|name|full_name|owner|private|html_url|description|fork|url|archive_url|assignees_url|blobs_url|branches_url|collaborators_url|comments_url|commits_url|compare_url|contents_url|contributors_url|deployments_url|downloads_url|events_url|forks_url|git_commits_url|git_refs_url|git_tags_url|git_url|issue_comment_url|issue_events_url,true
holdout1,github,/repos/{owner}/{repo}/actions/caches,DELETE,actions/delete-actions-cache-by-key,w,true,false,0,,false,false,false,false,,,false,200,true,false,false,false,false,true,false,false,false,x-github,true,true,true,true,/repos/{owner}/{repo}/actions/caches,total_count|actions_caches,true
holdout1,github,/repos/{owner}/{repo}/actions/permissions/access,PUT,actions/set-workflow-access-to-repository,w,true,false,0,,false,false,false,true,application/json,access_level,false,204,false,false,false,true,false,true,false,false,false,x-github,true,true,true,true,/repos/{owner}/{repo}/actions/permissions/access,access_level,false
holdout1,github,/repos/{owner}/{repo}/actions/permissions/selected-actions,PUT,actions/set-allowed-actions-repository,w,true,false,0,,false,false,false,true,application/json,github_owned_allowed|verified_allowed|patterns_allowed,false,204,false,false,false,true,false,true,false,false,false,x-github,true,true,true,true,/repos/{owner}/{repo}/actions/permissions/selected-actions,github_owned_allowed|verified_allowed|patterns_allowed,false
holdout1,github,/repos/{owner}/{repo}/actions/runners/{runner_id}/labels,PUT,actions/set-custom-labels-for-self-hosted-runner-for-repo,w,true,false,0,,false,false,false,true,application/json,labels,false,200|404|422,true,false,false,false,false,true,false,false,false,x-github,true,true,true,true,/repos/{owner}/{repo}/actions/runners/{runner_id}/labels,total_count|labels,true
holdout1,github,/repos/{owner}/{repo}/actions/secrets/{secret_name},DELETE,actions/delete-repo-secret,w,true,false,0,,false,false,false,false,,,false,204,false,false,false,true,false,true,false,false,false,x-github,true,true,true,true,/repos/{owner}/{repo}/actions/secrets/{secret_name},name|created_at|updated_at,false
holdout1,github,/repos/{owner}/{repo}/actions/workflows/{workflow_id}/enable,PUT,actions/enable-workflow,w,true,false,0,,false,false,false,false,,,false,204,false,false,false,true,false,true,false,false,false,x-github,true,true,true,false,,,false
holdout1,github,/repos/{owner}/{repo}/autolinks/{autolink_id},DELETE,repos/delete-autolink,w,true,false,0,,false,false,false,false,,,false,204|404,false,false,false,true,false,true,false,false,false,x-github,true,true,true,true,/repos/{owner}/{repo}/autolinks/{autolink_id},id|key_prefix|url_template|is_alphanumeric|updated_at,false
holdout1,github,/repos/{owner}/{repo}/branches/{branch}/protection,PUT,repos/update-branch-protection,w,true,false,0,,false,false,false,true,application/json,required_status_checks|enforce_admins|required_pull_request_reviews|restrictions|required_linear_history|allow_force_pushes|allow_deletions|block_creations|required_conversation_resolution|lock_branch|allow_fork_syncing,true,200|403|404|422,true,false,false,false,false,true,false,false,false,x-github,true,true,true,true,/repos/{owner}/{repo}/branches/{branch}/protection,url|enabled|required_status_checks|enforce_admins|required_pull_request_reviews|restrictions|required_linear_history|allow_force_pushes|allow_deletions|block_creations|required_conversation_resolution|name|protection_url|required_signatures|lock_branch|allow_fork_syncing,true
holdout1,github,/repos/{owner}/{repo}/branches/{branch}/protection/required_status_checks,DELETE,repos/remove-status-check-protection,w,true,false,0,,false,false,false,false,,,false,204,false,false,false,true,false,true,false,false,false,x-github,true,true,true,true,/repos/{owner}/{repo}/branches/{branch}/protection/required_status_checks,url|strict|contexts|checks|contexts_url,false
holdout1,github,/repos/{owner}/{repo}/branches/{branch}/protection/restrictions/apps,DELETE,repos/remove-app-access-restrictions,x,true,false,0,,false,false,false,true,application/json,apps,false,200|422,true,false,false,false,false,true,false,false,false,x-github,true,true,true,true,/repos/{owner}/{repo}/branches/{branch}/protection/restrictions/apps,id|slug|node_id|client_id|owner|name|description|external_url|html_url|created_at|updated_at|permissions|events|installations_count,true
holdout1,github,/repos/{owner}/{repo}/branches/{branch}/protection/restrictions/users,DELETE,repos/remove-user-access-restrictions,x,true,false,0,,false,false,false,true,application/json,users,true,200|422,true,false,false,false,false,true,false,false,false,x-github,true,true,true,true,/repos/{owner}/{repo}/branches/{branch}/protection/restrictions/users,name|email|login|id|node_id|avatar_url|gravatar_id|url|html_url|followers_url|following_url|gists_url|starred_url|subscriptions_url|organizations_url|repos_url|events_url|received_events_url|type|site_admin|starred_at|user_view_type,true
holdout1,github,/repos/{owner}/{repo}/codespaces/secrets/{secret_name},DELETE,codespaces/delete-repo-secret,w,true,false,0,,false,false,false,false,,,false,204,false,false,false,true,false,true,false,false,false,x-github,true,true,true,true,/repos/{owner}/{repo}/codespaces/secrets/{secret_name},name|created_at|updated_at,false
holdout1,github,/repos/{owner}/{repo}/comments/{comment_id},DELETE,repos/delete-commit-comment,w,true,false,0,,false,false,false,false,,,false,204|404,false,false,false,true,false,true,false,false,false,x-github,true,true,false,true,/repos/{owner}/{repo}/comments/{comment_id},html_url|url|id|node_id|body|path|position|line|commit_id|user|created_at|updated_at|author_association|reactions,true
holdout1,github,/repos/{owner}/{repo}/dependabot/secrets/{secret_name},DELETE,dependabot/delete-repo-secret,w,true,false,0,,false,false,false,false,,,false,204,false,false,false,true,false,true,false,false,false,x-github,true,true,true,true,/repos/{owner}/{repo}/dependabot/secrets/{secret_name},name|created_at|updated_at,false
holdout1,github,/repos/{owner}/{repo}/environments/{environment_name},PUT,repos/create-or-update-environment,w,true,false,0,,false,false,false,true,application/json,wait_timer|prevent_self_review|reviewers|deployment_branch_policy,false,200|422,true,false,false,false,false,true,false,false,false,x-github,true,true,true,true,/repos/{owner}/{repo}/environments/{environment_name},id|node_id|name|url|html_url|created_at|updated_at|protection_rules|deployment_branch_policy,false
holdout1,github,/repos/{owner}/{repo}/environments/{environment_name}/secrets/{secret_name},DELETE,actions/delete-environment-secret,w,true,false,0,,false,false,false,false,,,false,204,false,false,false,true,false,true,false,false,false,x-github,true,true,true,true,/repos/{owner}/{repo}/environments/{environment_name}/secrets/{secret_name},name|created_at|updated_at,false
holdout1,github,/repos/{owner}/{repo}/hooks/{hook_id},DELETE,repos/delete-webhook,w,true,false,0,,false,false,false,false,,,false,204|404,false,false,false,true,false,true,true,false,false,x-github,true,true,true,true,/repos/{owner}/{repo}/hooks/{hook_id},type|id|name|active|events|config|updated_at|created_at|url|test_url|ping_url|deliveries_url|last_response,false
holdout1,github,/repos/{owner}/{repo}/import,PUT,migrations/start-import,x,true,false,0,,false,false,false,true,application/json,vcs_url|vcs|vcs_username|vcs_password|tfvc_project,true,201|404|422|503,false,true,false,false,false,true,false,false,false,x-github,true,true,true,true,/repos/{owner}/{repo}/import,vcs|use_lfs|vcs_url|svc_root|tfvc_project|status|status_text|failed_step|error_message|import_percent|commit_count|push_percent|has_large_files|large_files_size|large_files_count|project_choices|message|authors_count|url|html_url|authors_url|repository_url|svn_root,true
holdout1,github,/repos/{owner}/{repo}/interaction-limits/pulls/bypass-list,PUT,interactions/set-pull-request-bypass-list-for-repo,w,true,false,0,,false,false,false,true,application/json,users,true,204|403|404|422,false,false,false,true,false,true,false,false,false,x-github,true,true,true,true,/repos/{owner}/{repo}/interaction-limits/pulls/bypass-list,name|email|login|id|node_id|avatar_url|gravatar_id|url|html_url|followers_url|following_url|gists_url|starred_url|subscriptions_url|organizations_url|repos_url|events_url|received_events_url|type|site_admin|starred_at|user_view_type,true
holdout1,github,/repos/{owner}/{repo}/issues/comments/{comment_id}/pin,PUT,issues/pin-comment,w,true,false,0,,false,false,false,false,,,false,200|401|403|404|410|422,true,false,false,false,false,true,false,false,false,x-github,true,true,true,false,,,false
holdout1,github,/repos/{owner}/{repo}/issues/{issue_number}/issue-field-values,PUT,issues/set-issue-field-values,x,true,false,0,,false,false,false,true,application/json,issue_field_values,false,200|400|403|404|422|503,true,false,false,false,false,true,true,false,false,x-github,true,true,true,true,/repos/{owner}/{repo}/issues/{issue_number}/issue-field-values,issue_field_id|issue_field_name|node_id|data_type|value|single_select_option|multi_select_options,false
holdout1,github,/repos/{owner}/{repo}/issues/{issue_number}/labels/{name},DELETE,issues/remove-label,w,true,false,0,,false,false,false,false,,,false,200|301|404|410,true,false,false,false,false,true,false,false,false,x-github,true,true,true,true,/repos/{owner}/{repo}/issues/{issue_number}/labels,id|node_id|url|name|description|color|default,false
holdout1,github,/repos/{owner}/{repo}/issues/{issue_number}/sub_issue,DELETE,issues/remove-sub-issue,x,true,false,0,,false,false,false,true,application/json,sub_issue_id,false,200|400|403|404,true,false,false,false,false,true,false,false,false,x-github,true,true,true,false,,,false
holdout1,github,/repos/{owner}/{repo}/notifications,PUT,activity/mark-repo-notifications-as-read,w,true,false,0,,false,false,false,true,application/json,last_read_at,false,202|205,false,false,true,false,false,true,true,false,false,x-github,true,true,true,true,/repos/{owner}/{repo}/notifications,id|repository|subject|reason|unread|updated_at|last_read_at|url|subscription_url,true
holdout1,github,/repos/{owner}/{repo}/private-vulnerability-reporting,PUT,repos/enable-private-vulnerability-reporting,w,true,false,0,,false,false,false,false,,,false,204|422,false,false,false,true,false,true,false,false,false,x-github,true,true,true,true,/repos/{owner}/{repo}/private-vulnerability-reporting,enabled,false
holdout1,github,/repos/{owner}/{repo}/pulls/{pull_number}/merge-async,PUT,pulls/merge-async,x,true,false,0,,false,false,false,true,application/json,commit_title|commit_message|sha|merge_method|merge_action,false,200|202|400|403|404|409|422,true,false,true,false,false,true,false,false,false,x-github,true,true,true,false,,,false
holdout1,github,/repos/{owner}/{repo}/pulls/{pull_number}/reviews/{review_id}/dismissals,PUT,pulls/dismiss-review,w,true,false,0,,false,false,false,true,application/json,message|event,false,200|404|422,true,false,false,false,false,true,false,false,false,x-github,true,true,true,false,,,false
holdout1,github,/repos/{owner}/{repo}/releases/{release_id}/reactions/{reaction_id},DELETE,reactions/delete-for-release,w,true,false,0,,false,false,false,false,,,false,204,false,false,false,true,false,true,false,false,false,x-github,true,true,true,true,/repos/{owner}/{repo}/releases/{release_id}/reactions,id|node_id|user|content|created_at,true
holdout1,github,/repos/{owner}/{repo}/subscription,DELETE,activity/delete-repo-subscription,w,true,false,0,,false,false,false,false,,,false,204,false,false,false,true,false,true,true,false,false,x-github,true,true,true,true,/repos/{owner}/{repo}/subscription,subscribed|ignored|reason|created_at|url|repository_url,true
holdout1,github,/repos/{owner}/{repo}/vulnerability-alerts,PUT,repos/enable-vulnerability-alerts,w,true,false,0,,false,false,false,false,,,false,204,false,false,false,true,false,true,false,false,false,x-github,true,true,true,false,,,false
holdout1,github,/teams/{team_id}/memberships/{username},DELETE,teams/remove-membership-for-user-legacy,x,true,false,0,,false,false,false,false,,,false,204|403,false,false,false,true,false,true,false,false,true,x-github,true,true,true,true,/teams/{team_id}/memberships/{username},url|role|state,false
holdout1,github,/user/blocks/{username},DELETE,users/unblock,w,true,false,0,,false,false,false,false,,,false,204|304|401|403|404,false,false,false,true,false,true,false,false,true,x-github,true,true,true,true,/user/blocks,name|email|login|id|node_id|avatar_url|gravatar_id|url|html_url|followers_url|following_url|gists_url|starred_url|subscriptions_url|organizations_url|repos_url|events_url|received_events_url|type|site_admin|starred_at|user_view_type,true
holdout1,github,/user/codespaces/secrets/{secret_name}/repositories,PUT,codespaces/set-repositories-for-secret-for-authenticated-user,w,true,false,0,,false,false,false,true,application/json,selected_repository_ids,true,204|401|403|404|500,false,false,false,true,false,true,false,false,false,x-github,true,true,true,true,/user/codespaces/secrets/{secret_name}/repositories,total_count|repositories,true
holdout1,github,/user/emails,DELETE,users/delete-email-for-authenticated-user,w,true,false,0,,false,false,false,true,application/json,,false,204|304|401|403|404|422,false,false,false,true,false,true,false,false,false,x-github,true,true,true,true,/user/emails,email|primary|verified|visibility,true
holdout1,github,/user/installations/{installation_id}/repositories/{repository_id},DELETE,apps/remove-repo-from-installation-for-authenticated-user,x,true,false,0,,false,false,false,false,,,false,204|304|403|404|422,false,false,false,true,false,true,false,false,false,x-github,true,true,true,true,/user/installations/{installation_id}/repositories,total_count|repository_selection|repositories,true
holdout1,github,/user/keys/{key_id},DELETE,users/delete-public-ssh-key-for-authenticated-user,w,true,false,0,,false,false,false,false,,,false,204|304|401|403|404,false,false,false,true,false,true,false,false,false,x-github,true,true,true,true,/user/keys/{key_id},key|id|url|title|created_at|verified|read_only|last_used,false
holdout1,github,/user/packages/{package_type}/{package_name}/versions/{package_version_id},DELETE,packages/delete-package-version-for-authenticated-user,w,true,false,0,,false,false,false,false,,,false,204|401|403|404,false,false,false,true,false,true,false,false,false,x-github,true,true,true,true,/user/packages/{package_type}/{package_name}/versions/{package_version_id},id|name|url|package_html_url|html_url|license|description|created_at|updated_at|deleted_at|metadata,false
holdout1,github,/user/starred/{owner}/{repo},DELETE,activity/unstar-repo-for-authenticated-user,w,true,false,0,,false,false,false,false,,,false,204|304|401|403|404,false,false,false,true,false,true,false,false,false,x-github,true,true,true,false,,,false
holdout1,github,/users/{username}/copilot-spaces/{space_number},DELETE,copilot-spaces/delete-for-user,w,true,false,0,,false,false,false,false,,,false,204|404|422,false,false,false,true,false,true,false,false,true,x-github,true,true,true,true,/users/{username}/copilot-spaces/{space_number},id|number|name|description|general_instructions|base_role|owner|creator|created_at|updated_at|html_url|api_url|resources_attributes,true
holdout1,github,/users/{username}/copilot-spaces/{space_number}/resources/{space_resource_id},DELETE,copilot-spaces/delete-resource-for-user,w,true,false,0,,false,false,false,false,,,false,204|403|404,false,false,false,true,false,true,false,false,true,x-github,true,true,true,true,/users/{username}/copilot-spaces/{space_number}/resources/{space_resource_id},id|resource_type|copilot_chat_attachment_id|metadata|created_at|updated_at,false
holdout1,github,/users/{username}/projectsV2/{project_number}/items/{item_id},DELETE,projects/delete-item-for-user,w,true,false,0,,false,false,false,false,,,false,204|401|403,false,false,false,true,false,true,false,false,true,x-github,true,true,true,true,/users/{username}/projectsV2/{project_number}/items/{item_id},id|node_id|project_url|content_type|content|creator|created_at|updated_at|archived_at|item_url|fields,true
holdout2,box,/ai/ask,POST,post_ai_ask,r,true,false,0,,true,true,false,true,application/json,mode|prompt|items|dialogue_history|include_citations|ai_agent,true,200|204|500|default,true,false,false,true,false,false,false,false,false,x-stability-level|x-box-tag|x-box-enable-explorer,true,true,true,false,,,false
holdout2,box,/ai/text_gen,POST,post_ai_text_gen,r,true,false,0,,true,true,false,true,application/json,prompt|items|dialogue_history|ai_agent,true,200|500|default,true,false,false,false,false,false,false,false,false,x-stability-level|x-box-tag|x-box-enable-explorer,true,true,true,false,,,false
holdout2,box,/ai_agents,POST,post_ai_agents,x,true,false,0,,true,true,false,true,application/json,type|name|access_state|icon_reference|allowed_entities|ask|text_gen|extract,false,200|400|500,true,false,false,false,false,false,false,false,false,x-box-tag|x-box-unsupported-on-free-developer,true,true,true,true,/ai_agents,limit|next_marker|prev_marker|entries,false
holdout2,box,/ai_agents/{agent_id},PUT,put_ai_agents_id,w,true,false,0,,true,true,false,true,application/json,type|name|access_state|icon_reference|allowed_entities|ask|text_gen|extract,false,200|400|500,true,false,false,false,false,false,false,false,false,x-box-tag|x-box-unsupported-on-free-developer,true,true,true,true,/ai_agents/{agent_id},id|type|origin|name|access_state|created_by|created_at|modified_by|modified_at|icon_reference|allowed_entities|ask|text_gen|extract,true
holdout2,box,/collaboration_whitelist_entries,POST,post_collaboration_whitelist_entries,x,true,false,0,,true,true,false,true,application/json,domain|direction,false,200|default,true,false,false,false,false,false,false,false,false,x-box-tag|x-box-unsupported-on-free-developer,true,true,true,true,/collaboration_whitelist_entries,limit|next_marker|prev_marker|entries,false
holdout2,box,/collaboration_whitelist_exempt_targets,GET,get_collaboration_whitelist_exempt_targets,r,true,false,0,,true,true,false,false,,,false,200|default,true,false,false,false,false,false,false,false,false,x-box-tag|x-box-unsupported-on-free-developer,true,true,true,true,/collaboration_whitelist_exempt_targets,limit|next_marker|prev_marker|entries,false
holdout2,box,/collaboration_whitelist_exempt_targets/{collaboration_whitelist_exempt_target_id},GET,get_collaboration_whitelist_exempt_targets_id,r,true,false,0,,true,true,false,false,,,false,200|default,true,false,false,false,false,false,false,false,false,x-box-tag|x-box-unsupported-on-free-developer,true,true,true,true,/collaboration_whitelist_exempt_targets/{collaboration_whitelist_exempt_target_id},id|type|enterprise|user|created_at|modified_at,true
holdout2,box,/collaborations/{collaboration_id},DELETE,delete_collaborations_id,x,true,false,0,,true,true,false,false,,,false,204|default,false,false,false,true,false,false,false,false,false,x-box-tag,true,true,true,true,/collaborations/{collaboration_id},id|type|item|app_item|accessible_by|invite_email|role|expires_at|is_access_only|status|acknowledged_at|created_by|created_at|modified_at|acceptance_requirements_status,true
holdout2,box,/collections,GET,get_collections,r,true,false,0,,true,true,false,false,,,false,200|default,true,false,false,false,false,false,false,false,false,x-box-tag,true,true,true,true,/collections,total_count|limit|offset|order|entries,true
holdout2,box,/comments,POST,post_comments,x,true,false,0,,true,true,false,true,application/json,message|tagged_message|item,false,201|default,false,true,false,false,false,false,false,false,false,x-box-tag|x-box-enable-explorer,true,true,true,false,,,false
holdout2,box,/comments/{comment_id},PUT,put_comments_id,w,true,false,0,,true,true,false,true,application/json,message,false,200|default,true,false,false,false,false,false,false,false,false,x-box-tag,true,true,true,true,/comments/{comment_id},is_reply_comment|message|created_by|created_at|modified_at|item|tagged_message,true
holdout2,box,/enterprises/{enterprise_id}/device_pinners,GET,get_enterprises_id_device_pinners,r,true,false,0,,true,true,false,false,,,false,200|default,true,false,false,false,false,false,false,false,false,x-box-tag|x-box-unsupported-on-free-developer,true,true,true,true,/enterprises/{enterprise_id}/device_pinners,entries|limit|next_marker|order,false
holdout2,box,/file_requests/{file_request_id},GET,get_file_requests_id,r,true,false,0,,true,true,false,false,,,false,200|401|404|405|default,true,false,false,false,false,false,false,false,false,x-box-tag|x-box-unsupported-on-free-developer,true,true,true,true,/file_requests/{file_request_id},id|type|title|description|status|is_email_required|is_description_required|expires_at|folder|url|etag|created_by|created_at|updated_by|updated_at,true
holdout2,box,/file_version_legal_holds,GET,get_file_version_legal_holds,r,true,false,0,,true,true,false,false,,,false,200|default,true,false,false,false,false,false,false,false,false,x-box-tag|x-box-unsupported-on-free-developer,true,true,true,true,/file_version_legal_holds,limit|next_marker|prev_marker|entries,false
holdout2,box,/file_version_retentions/{file_version_retention_id},GET,get_file_version_retentions_id,r,true,false,0,,true,true,false,false,,,false,200|default,true,false,false,false,false,false,false,false,false,x-box-tag|x-box-unsupported-on-free-developer,true,true,true,true,/file_version_retentions/{file_version_retention_id},id|type|file_version|file|applied_at|disposition_at|winning_retention_policy,false
holdout2,box,/files/upload_sessions/{upload_session_id},DELETE,delete_files_upload_sessions_id,w,true,false,0,,true,true,false,false,,,false,204|default,false,false,false,true,false,false,false,false,false,x-box-tag|x-box-enable-explorer,true,true,true,true,/files/upload_sessions/{upload_session_id},id|type|session_expires_at|part_size|total_parts|num_parts_processed|session_endpoints,true
holdout2,box,/files/upload_sessions/{upload_session_id}/commit,POST,post_files_upload_sessions_id_commit,x,true,false,0,,true,true,false,true,application/json,parts,false,201|202|409|412|default,false,true,true,false,false,false,false,false,false,x-box-tag|x-box-enable-explorer,true,true,true,false,,,false
holdout2,box,/files/{file_id},DELETE,delete_files_id,w,true,false,0,,true,true,false,false,,,false,204|401|404|405|412|default,false,false,false,true,false,false,false,false,false,x-box-tag,true,true,true,true,/files/{file_id},description|size|path_collection|created_at|modified_at|trashed_at|purged_at|content_created_at|content_modified_at|created_by|modified_by|owned_by|shared_link|parent|item_status|version_number|comment_count|permissions|tags|lock|extension|is_package|expiring_embed_link|watermark_info|is_accessible_via_shared_link|allowed_invitee_roles|is_externally_owned|has_collaborations|metadata|expires_at,true
holdout2,box,/files/{file_id},PUT,put_files_id,w,true,false,0,,true,true,false,true,application/json,name|description|parent|shared_link|lock|disposition_at|permissions|collections|tags,false,200|400|401|403|404|405|412|default,true,false,false,false,false,false,false,false,false,x-box-tag,true,true,true,true,/files/{file_id},description|size|path_collection|created_at|modified_at|trashed_at|purged_at|content_created_at|content_modified_at|created_by|modified_by|owned_by|shared_link|parent|item_status|version_number|comment_count|permissions|tags|lock|extension|is_package|expiring_embed_link|watermark_info|is_accessible_via_shared_link|allowed_invitee_roles|is_externally_owned|has_collaborations|metadata|expires_at,true
holdout2,box,/files/{file_id}#remove_shared_link,PUT,put_files_id#remove_shared_link,w,true,false,0,,true,true,false,true,application/json,shared_link,false,200|401|403|404|405|412|default,true,false,false,false,false,false,false,false,false,x-box-tag,true,true,true,false,,,false
holdout2,box,/files/{file_id}/collaborations,GET,get_files_id_collaborations,r,true,false,0,,true,true,false,false,,,false,200|default,true,false,false,false,false,false,false,false,false,x-box-tag,true,true,true,true,/files/{file_id}/collaborations,limit|next_marker|prev_marker|entries,false
holdout2,box,/files/{file_id}/content,POST,post_files_id_content,x,true,false,0,,true,true,false,true,multipart/form-data,attributes|file,false,200|412|default,true,false,false,false,false,false,false,false,false,x-box-tag,true,true,true,false,,,false
holdout2,box,/files/{file_id}/metadata/enterprise/securityClassification-6VMVochwUWo,DELETE,delete_files_id_metadata_enterprise_securityClassification-6VMVochwUWo,w,true,false,0,,true,true,false,false,,,false,204|400|404|405|default,false,false,false,true,false,false,false,false,false,x-box-tag|x-box-unsupported-on-free-developer,true,true,true,true,/files/{file_id}/metadata/enterprise/securityClassification-6VMVochwUWo,Box__Security__Classification__Key|$parent|$template|$scope|$version|$type|$typeVersion|$canEdit,false
holdout2,box,/files/{file_id}/metadata/enterprise/securityClassification-6VMVochwUWo,PUT,put_files_id_metadata_enterprise_securityClassification-6VMVochwUWo,w,true,false,0,,true,true,false,true,application/json-patch+json,,false,200|400|500|default,true,false,false,false,false,false,false,false,false,x-box-tag|x-box-unsupported-on-free-developer,true,true,true,true,/files/{file_id}/metadata/enterprise/securityClassification-6VMVochwUWo,Box__Security__Classification__Key|$parent|$template|$scope|$version|$type|$typeVersion|$canEdit,false
holdout2,box,/files/{file_id}/metadata/global/boxSkillsCards,POST,post_files_id_metadata_global_boxSkillsCards,w,true,false,0,,true,true,false,true,application/json,cards,false,201|400|404|409|default,false,true,false,false,false,false,false,false,false,x-box-tag,true,true,true,true,/files/{file_id}/metadata/global/boxSkillsCards,$canEdit|$id|$parent|$scope|$template|$type|$typeVersion|$version|cards,false
holdout2,box,/files/{file_id}/metadata/{scope}/{template_key},GET,get_files_id_metadata_id_id,r,true,false,0,,true,true,false,false,,,false,201|400|404|405|default,false,true,false,false,false,false,false,false,false,x-box-tag,true,true,true,true,/files/{file_id}/metadata/{scope}/{template_key},$canEdit|$id|$type|$typeVersion,false
holdout2,box,/files/{file_id}/tasks,GET,get_files_id_tasks,r,true,false,0,,true,true,false,false,,,false,200|404|405|500|default,true,false,false,false,false,false,false,false,false,x-box-tag,true,true,true,true,/files/{file_id}/tasks,total_count|entries,true
holdout2,box,/files/{file_id}/trash,GET,get_files_id_trash,r,true,false,0,,true,true,false,false,,,false,200|404|default,true,false,false,false,false,false,false,false,false,x-box-tag,true,true,true,true,/files/{file_id}/trash,id|etag|type|sequence_id|name|sha1|file_version|description|size|path_collection|created_at|modified_at|trashed_at|purged_at|content_created_at|content_modified_at|created_by|modified_by|owned_by|shared_link|parent|item_status,true
holdout2,box,/files/{file_id}/versions/current,POST,post_files_id_versions_current,x,true,false,0,,true,true,false,true,application/json,id|type,false,201|default,false,true,false,false,false,false,false,false,false,x-box-tag,true,true,true,false,,,false
holdout2,box,/files/{file_id}/versions/{file_version_id},PUT,put_files_id_versions_id,w,true,false,0,,true,true,false,true,application/json,trashed_at,false,200|default,true,false,false,false,false,false,false,false,false,x-box-tag,true,true,true,true,/files/{file_id}/versions/{file_version_id},name|size|created_at|modified_at|modified_by|trashed_at|trashed_by|restored_at|restored_by|purged_at|uploader_display_name|version_number,true
holdout2,box,/files/{file_id}/watermark,PUT,put_files_id_watermark,w,true,false,0,,true,true,false,true,application/json,watermark,false,200|201|default,true,true,false,false,false,false,false,false,false,x-box-tag,true,true,true,true,/files/{file_id}/watermark,watermark,false
holdout2,box,/folder_locks/{folder_lock_id},DELETE,delete_folder_locks_id,w,true,false,0,,true,true,false,false,,,false,204|403|404|default,false,false,false,true,false,false,false,false,false,x-box-tag,true,true,true,true,/folder_locks,entries|limit|next_marker,false
holdout2,box,/folders/{folder_id},DELETE,delete_folders_id,w,true,false,0,,true,true,false,false,,,false,204|400|403|404|409|412|503|default,false,false,false,true,false,false,false,false,false,x-box-tag,true,true,true,true,/folders/{folder_id},created_at|modified_at|description|size|path_collection|created_by|modified_by|trashed_at|purged_at|content_created_at|content_modified_at|owned_by|shared_link|folder_upload_email|parent|item_status|item_collection|sync_state|has_collaborations|permissions|tags|can_non_owners_invite|is_externally_owned|metadata|is_collaboration_restricted_to_enterprise|allowed_shared_link_access_levels|allowed_invitee_roles|watermark_info|is_accessible_via_shared_link|can_non_owners_view_collaborators,true
holdout2,box,/folders/{folder_id},PUT,put_folders_id,w,true,false,0,,true,true,false,true,application/json,name|description|sync_state|can_non_owners_invite|parent|shared_link|folder_upload_email|tags|is_collaboration_restricted_to_enterprise|collections|can_non_owners_view_collaborators,true,200|400|403|404|409|412|503|default,true,false,false,false,false,false,false,false,false,x-box-tag,true,true,true,true,/folders/{folder_id},created_at|modified_at|description|size|path_collection|created_by|modified_by|trashed_at|purged_at|content_created_at|content_modified_at|owned_by|shared_link|folder_upload_email|parent|item_status|item_collection|sync_state|has_collaborations|permissions|tags|can_non_owners_invite|is_externally_owned|metadata|is_collaboration_restricted_to_enterprise|allowed_shared_link_access_levels|allowed_invitee_roles|watermark_info|is_accessible_via_shared_link|can_non_owners_view_collaborators,true
holdout2,box,/folders/{folder_id}#remove_shared_link,PUT,put_folders_id#remove_shared_link,w,true,false,0,,true,true,false,true,application/json,shared_link,false,200|401|403|404|405|412|default,true,false,false,false,false,false,false,false,false,x-box-tag,true,true,true,false,,,false
holdout2,box,/folders/{folder_id}/collaborations,GET,get_folders_id_collaborations,r,true,false,0,,true,true,false,false,,,false,200|default,true,false,false,false,false,false,false,false,false,x-box-tag,true,true,true,true,/folders/{folder_id}/collaborations,limit|next_marker|prev_marker|entries,false
holdout2,box,/folders/{folder_id}/metadata,GET,get_folders_id_metadata,r,true,false,0,,true,true,false,false,,,false,200|403|404|default,true,false,false,false,false,false,false,false,false,x-box-tag,true,true,true,true,/folders/{folder_id}/metadata,entries|limit,false
holdout2,box,/folders/{folder_id}/metadata/enterprise/securityClassification-6VMVochwUWo,POST,post_folders_id_metadata_enterprise_securityClassification-6VMVochwUWo,w,true,false,0,,true,true,false,true,application/json,Box__Security__Classification__Key,false,201|400|404|409|default,false,true,false,false,false,false,false,false,false,x-box-tag|x-box-unsupported-on-free-developer,true,true,true,true,/folders/{folder_id}/metadata/enterprise/securityClassification-6VMVochwUWo,Box__Security__Classification__Key|$parent|$template|$scope|$version|$type|$typeVersion|$canEdit,false
holdout2,box,/folders/{folder_id}/metadata/{scope}/{template_key},GET,get_folders_id_metadata_id_id,r,true,false,0,,true,true,false,false,,,false,201|403|404|405|default,false,true,false,false,false,false,false,false,false,x-box-tag,true,true,true,true,/folders/{folder_id}/metadata/{scope}/{template_key},$canEdit|$id|$type|$typeVersion,false
holdout2,box,/folders/{folder_id}/trash,DELETE,delete_folders_id_trash,w,true,false,0,,true,true,false,false,,,false,204|404|default,false,false,false,true,false,false,false,false,false,x-box-tag,true,true,true,true,/folders/{folder_id}/trash,id|etag|type|sequence_id|name|created_at|modified_at|description|size|path_collection|created_by|modified_by|trashed_at|purged_at|content_created_at|content_modified_at|owned_by|shared_link|folder_upload_email|parent|item_status,true
holdout2,box,/folders/{folder_id}/watermark,GET,get_folders_id_watermark,r,true,false,0,,true,true,false,false,,,false,200|404|default,true,false,false,false,false,false,false,false,false,x-box-tag,true,true,true,true,/folders/{folder_id}/watermark,watermark,false
holdout2,box,/group_memberships/{group_membership_id},DELETE,delete_group_memberships_id,x,true,false,0,,true,true,false,false,,,false,204|default,false,false,false,true,false,false,false,false,true,x-box-tag,true,true,true,true,/group_memberships/{group_membership_id},id|type|user|group|role|created_at|modified_at,true
holdout2,box,/groups,GET,get_groups,r,true,false,0,,true,true,false,false,,,false,200|default,true,false,false,false,false,false,false,false,false,x-box-tag,true,true,true,true,/groups,total_count|limit|offset|order|entries,true
holdout2,box,/groups/{group_id},DELETE,delete_groups_id,x,true,false,0,,true,true,false,false,,,false,204|default,false,false,false,true,false,false,false,false,false,x-box-tag,true,true,true,true,/groups/{group_id},created_at|modified_at|provenance|external_sync_identifier|description|invitability_level|member_viewability_level|permissions,true
holdout2,box,/groups/{group_id}/collaborations,GET,get_groups_id_collaborations,r,true,false,0,,true,true,false,false,,,false,200|default,true,false,false,false,false,false,false,false,false,x-box-tag,true,true,true,true,/groups/{group_id}/collaborations,total_count|limit|offset|entries,true
holdout2,box,/integration_mappings/slack,POST,post_integration_mappings_slack,x,true,false,0,,true,true,false,true,application/json,partner_item|box_item|options,false,201|400|404|default,false,true,false,false,false,false,false,false,false,x-box-tag,true,true,true,true,/integration_mappings/slack,limit|next_marker|entries,false
holdout2,box,/integration_mappings/teams,GET,get_integration_mappings_teams,r,true,false,0,,true,true,false,false,,,false,200|400|404|default,true,false,false,false,false,false,false,false,false,x-stability-level|x-box-tag,true,true,true,true,/integration_mappings/teams,entries,false
holdout2,box,/integration_mappings/teams/{integration_mapping_id},PUT,put_integration_mappings_teams_id,w,true,false,0,,true,true,false,true,application/json,box_item,false,200|400|404|default,true,false,false,false,false,false,false,false,false,x-stability-level|x-box-tag,true,true,true,true,/integration_mappings/teams,entries,false
holdout2,box,/legal_hold_policies,GET,get_legal_hold_policies,r,true,false,0,,true,true,false,false,,,false,200|default,true,false,false,false,false,false,false,false,false,x-box-tag|x-box-unsupported-on-free-developer,true,true,true,true,/legal_hold_policies,limit|next_marker|prev_marker|entries,false
holdout2,box,/legal_hold_policies/{legal_hold_policy_id},GET,get_legal_hold_policies_id,r,true,false,0,,true,true,false,false,,,false,200|default,true,false,false,false,false,false,false,false,false,x-box-tag|x-box-unsupported-on-free-developer,true,true,true,true,/legal_hold_policies/{legal_hold_policy_id},id|type|policy_name|description|status|assignment_counts|created_by|created_at|modified_at|deleted_at|filter_started_at|filter_ended_at|release_notes,true
holdout2,box,/legal_hold_policy_assignments,POST,post_legal_hold_policy_assignments,x,true,false,0,,true,true,false,true,application/json,policy_id|assign_to,true,201|default,false,true,false,false,false,false,false,false,false,x-box-tag|x-box-unsupported-on-free-developer,true,true,true,true,/legal_hold_policy_assignments,limit|next_marker|prev_marker|entries,false
holdout2,box,/legal_hold_policy_assignments/{legal_hold_policy_assignment_id}/file_versions_on_hold,GET,get_legal_hold_policy_assignments_id_file_versions_on_hold,r,true,false,0,,true,true,false,false,,,false,200|default,true,false,false,false,false,false,false,false,false,x-box-tag|x-box-unsupported-on-free-developer,true,true,true,true,/legal_hold_policy_assignments/{legal_hold_policy_assignment_id}/file_versions_on_hold,limit|next_marker|prev_marker|entries,false
holdout2,box,/metadata_cascade_policies,POST,post_metadata_cascade_policies,x,true,false,0,,true,true,false,true,application/json,folder_id|scope|templateKey,false,201|400|403|404|409|default,false,true,false,false,false,false,false,false,false,x-box-tag,true,true,true,true,/metadata_cascade_policies,limit|next_marker|prev_marker|entries,false
holdout2,box,/metadata_cascade_policies/{metadata_cascade_policy_id}/apply,POST,post_metadata_cascade_policies_id_apply,w,true,false,0,,true,true,false,true,application/json,conflict_resolution,false,202|404|default,false,false,true,false,false,false,false,false,false,x-box-tag,true,true,true,false,,,false
holdout2,box,/metadata_taxonomies/{namespace},GET,get_metadata_taxonomies_id,r,true,false,0,,true,true,false,false,,,false,200|400|default,true,false,false,false,false,false,false,false,false,x-box-tag,true,true,true,true,/metadata_taxonomies/{namespace},limit|next_marker|prev_marker|entries,false
holdout2,box,/metadata_taxonomies/{namespace}/{taxonomy_key},PATCH,patch_metadata_taxonomies_id_id,w,true,false,0,,true,true,false,true,application/json,displayName,false,200|400|403|default,true,false,false,false,false,false,false,false,false,x-box-tag|x-box-requires-admin,true,true,true,true,/metadata_taxonomies/{namespace}/{taxonomy_key},id|key|displayName|namespace|levels,false
holdout2,box,/metadata_taxonomies/{namespace}/{taxonomy_key}/levels:append,POST,post_metadata_taxonomies_id_id_levels:append,x,true,false,0,,true,true,false,true,application/json,displayName|description,false,201|400|403|default,false,true,false,false,false,false,false,false,false,x-box-tag|x-box-requires-admin,true,true,true,false,,,false
holdout2,box,/metadata_taxonomies/{namespace}/{taxonomy_key}/nodes,POST,post_metadata_taxonomies_id_id_nodes,x,true,false,0,,true,true,false,true,application/json,displayName|level|parentId,false,201|400|403|default,false,true,false,false,false,false,false,false,false,x-box-tag|x-box-requires-admin,true,true,true,true,/metadata_taxonomies/{namespace}/{taxonomy_key}/nodes,limit|next_marker|prev_marker|entries,false
holdout2,box,/metadata_taxonomies/{namespace}/{taxonomy_key}/nodes/{node_id},PATCH,patch_metadata_taxonomies_id_id_nodes_id,w,true,false,0,,true,true,false,true,application/json,displayName,false,200|400|403|default,true,false,false,false,false,false,false,false,false,x-box-tag|x-box-requires-admin,true,true,true,true,/metadata_taxonomies/{namespace}/{taxonomy_key}/nodes/{node_id},id|displayName|level|parentId|nodePath|ancestors,true
holdout2,box,/metadata_templates/enterprise/securityClassification-6VMVochwUWo/schema,GET,get_metadata_templates_enterprise_securityClassification-6VMVochwUWo_schema,r,true,false,0,,true,true,false,false,,,false,200|400|404|default,true,false,false,false,false,false,false,false,false,x-box-tag|x-box-unsupported-on-free-developer,true,true,true,true,/metadata_templates/enterprise/securityClassification-6VMVochwUWo/schema,id|type|scope|templateKey|displayName|hidden|copyInstanceOnItemCopy|fields,false
holdout2,box,/metadata_templates/global,GET,get_metadata_templates_global,r,true,false,0,,true,true,false,false,,,false,200|400|default,true,false,false,false,false,false,false,false,false,x-box-tag,true,true,true,true,/metadata_templates/global,limit|next_marker|prev_marker|entries,false
holdout2,box,/metadata_templates/{namespace}/{template_key}/fields/{field_key}/options,GET,get_metadata_templates_id_id_fields_id_options,r,true,false,0,,true,true,false,false,,,false,200|400|default,true,false,false,false,false,false,false,false,false,x-box-tag,true,true,true,true,/metadata_templates/{namespace}/{template_key}/fields/{field_key}/options,limit|next_marker|prev_marker|entries,false
holdout2,box,/metadata_templates/{scope}/{template_key}/schema,PUT,put_metadata_templates_id_id_schema,w,true,false,0,,true,true,false,true,application/json-patch+json,,false,200|400|403|404|default,true,false,false,false,false,false,false,false,false,x-box-tag,true,true,true,true,/metadata_templates/{scope}/{template_key}/schema,id|type|scope|templateKey|displayName|hidden|fields|copyInstanceOnItemCopy,false
holdout2,box,/oauth2/token,POST,post_oauth2_token,x,true,false,0,,true,true,false,true,application/x-www-form-urlencoded,grant_type|client_id|client_secret|code|refresh_token|assertion|subject_token|subject_token_type|actor_token|actor_token_type|scope|resource|box_subject_type|box_subject_id|box_shared_link,true,200|400|default,true,false,false,false,false,false,false,false,false,x-box-tag,true,true,true,false,,,false
holdout2,box,/retention_policies,GET,get_retention_policies,r,true,false,0,,true,true,false,false,,,false,200|400|404|default,true,false,false,false,false,false,false,false,true,x-box-tag|x-box-unsupported-on-free-developer,true,true,true,true,/retention_policies,entries|limit|next_marker,false
holdout2,box,/retention_policies/{retention_policy_id},GET,get_retention_policies_id,r,true,false,0,,true,true,false,false,,,false,200|default,true,false,false,false,false,false,false,false,false,x-box-tag|x-box-unsupported-on-free-developer,true,true,true,true,/retention_policies/{retention_policy_id},policy_name|retention_length|disposition_action|max_extension_length|description|policy_type|retention_type|status|created_by|created_at|modified_at|can_owner_extend_retention|are_owners_notified|custom_notification_recipients|assignment_counts,true
holdout2,box,/retention_policy_assignments,POST,post_retention_policy_assignments,x,true,false,0,,true,true,false,true,application/json,policy_id|assign_to|filter_fields|start_date_field,true,201|400|404|409|default,false,true,false,false,false,false,false,false,false,x-box-tag|x-box-unsupported-on-free-developer,true,true,true,false,,,false
holdout2,box,/retention_policy_assignments/{retention_policy_assignment_id}/file_versions_under_retention,GET,get_retention_policy_assignments_id_file_versions_under_retention,r,true,false,0,,true,true,false,false,,,false,200|400|default,true,false,false,false,false,false,false,false,false,x-box-tag|x-box-unsupported-on-free-developer,true,true,true,true,/retention_policy_assignments/{retention_policy_assignment_id}/file_versions_under_retention,limit|next_marker|prev_marker|entries,false
holdout2,box,/shared_items,GET,get_shared_items,r,true,false,0,,true,true,false,false,,,false,200|304|default,true,false,false,false,false,false,false,false,false,x-box-tag,true,true,true,true,/shared_items,description|size|path_collection|created_at|modified_at|trashed_at|purged_at|content_created_at|content_modified_at|created_by|modified_by|owned_by|shared_link|parent|item_status|version_number|comment_count|permissions|tags|lock|extension|is_package|expiring_embed_link|watermark_info|is_accessible_via_shared_link|allowed_invitee_roles|is_externally_owned|has_collaborations|metadata|expires_at,true
holdout2,box,/shared_items#web_links,GET,get_shared_items#web_links,r,true,false,0,,true,true,false,false,,,false,200|304|default,true,false,false,false,false,false,false,false,false,x-box-tag,true,true,true,true,/shared_items#web_links,url|sequence_id|name|parent|description|path_collection|created_at|modified_at|trashed_at|purged_at|created_by|modified_by|owned_by|shared_link|item_status|collections|allowed_shared_link_access_levels,true
holdout2,box,/shield_information_barrier_reports/{shield_information_barrier_report_id},GET,get_shield_information_barrier_reports_id,r,true,false,0,,true,true,false,false,,,false,200|404|default,true,false,false,false,false,false,false,false,false,x-box-tag|x-box-unsupported-on-free-developer,true,true,true,true,/shield_information_barrier_reports/{shield_information_barrier_report_id},id|type|shield_information_barrier|status|details|created_at|created_by|updated_at,true
holdout2,box,/shield_information_barrier_segment_members/{shield_information_barrier_segment_member_id},DELETE,delete_shield_information_barrier_segment_members_id,x,true,false,0,,true,true,false,false,,,false,204|404|default,false,false,false,true,false,false,false,false,true,x-box-tag|x-box-unsupported-on-free-developer,true,true,true,true,/shield_information_barrier_segment_members/{shield_information_barrier_segment_member_id},user|shield_information_barrier|shield_information_barrier_segment|created_at|created_by|updated_at|updated_by,true
holdout2,box,/shield_information_barrier_segment_restrictions,POST,post_shield_information_barrier_segment_restrictions,x,true,false,0,,true,true,false,true,application/json,type|shield_information_barrier|shield_information_barrier_segment|restricted_segment,false,201|404|default,false,true,false,false,false,false,false,false,false,x-box-tag|x-box-unsupported-on-free-developer,true,true,true,true,/shield_information_barrier_segment_restrictions,limit|next_marker|entries,false
holdout2,box,/shield_information_barrier_segments,GET,get_shield_information_barrier_segments,r,true,false,0,,true,true,false,false,,,false,200|404|default,true,false,false,false,false,false,false,false,false,x-box-tag|x-box-unsupported-on-free-developer,true,true,true,true,/shield_information_barrier_segments,limit|next_marker|entries,false
holdout2,box,/shield_information_barrier_segments/{shield_information_barrier_segment_id},GET,get_shield_information_barrier_segments_id,r,true,false,0,,true,true,false,false,,,false,200|404|default,true,false,false,false,false,false,false,false,false,x-box-tag|x-box-unsupported-on-free-developer,true,true,true,true,/shield_information_barrier_segments/{shield_information_barrier_segment_id},id|type|shield_information_barrier|name|description|created_at|created_by|updated_at|updated_by,true
holdout2,box,/shield_information_barriers,POST,post_shield_information_barriers,x,true,false,0,,true,true,false,true,application/json,enterprise,false,201|400|404|default,false,true,false,false,false,false,false,false,false,x-box-tag|x-box-unsupported-on-free-developer,true,true,true,true,/shield_information_barriers,limit|next_marker|entries,false
holdout2,box,/sign_requests,GET,get_sign_requests,r,true,false,0,,true,true,false,false,,,false,200|default,true,false,false,false,false,false,false,false,false,x-box-tag,true,true,true,true,/sign_requests,limit|next_marker|entries,false
holdout2,box,/sign_requests/{sign_request_id}/cancel,POST,post_sign_requests_id_cancel,x,true,false,0,,true,true,false,true,application/json,reason,false,200|404|default,true,false,false,false,false,false,false,false,false,x-box-tag,true,true,true,false,,,false
holdout2,box,/sign_templates/{template_id},GET,get_sign_templates_id,r,true,false,0,,true,true,false,false,,,false,200|401|404|default,true,false,false,false,false,false,false,false,false,x-box-tag,true,true,true,true,/sign_templates/{template_id},type|id|name|email_subject|email_message|days_valid|parent_folder|source_files|are_fields_locked|are_options_locked|are_recipients_locked|are_email_settings_locked|are_files_locked|signers|additional_info|ready_sign_link|custom_branding|request_flow,true
holdout2,box,/storage_policies/{storage_policy_id},GET,get_storage_policies_id,r,true,false,0,,true,true,false,false,,,false,200|default,true,false,false,false,false,false,false,false,false,x-box-tag|x-box-unsupported-on-free-developer,true,true,true,true,/storage_policies/{storage_policy_id},id|type|name,false
holdout2,box,/storage_policy_assignments/{storage_policy_assignment_id},DELETE,delete_storage_policy_assignments_id,w,true,false,0,,true,true,false,false,,,false,204|default,false,false,false,true,false,false,false,false,false,x-box-tag|x-box-unsupported-on-free-developer,true,true,true,true,/storage_policy_assignments/{storage_policy_assignment_id},id|type|storage_policy|assigned_to,true
holdout2,box,/task_assignments,POST,post_task_assignments,x,true,false,0,,true,true,false,true,application/json,task|assign_to,true,201|403|404|500|default,false,true,false,false,false,false,false,false,false,x-box-tag,true,true,true,false,,,false
holdout2,box,/task_assignments/{task_assignment_id},PUT,put_task_assignments_id,w,true,false,0,,true,true,false,true,application/json,message|resolution_state,false,200|400|404|default,true,false,false,false,false,false,false,false,false,x-box-tag,true,true,true,true,/task_assignments/{task_assignment_id},id|type|item|assigned_to|message|completed_at|assigned_at|reminded_at|resolution_state|assigned_by,true
holdout2,box,/tasks/{task_id},GET,get_tasks_id,r,true,false,0,,true,true,false,false,,,false,200|404|default,true,false,false,false,false,false,false,false,false,x-box-tag,true,true,true,true,/tasks/{task_id},id|type|item|due_at|action|message|task_assignment_collection|is_completed|created_by|created_at|completion_rule,true
holdout2,box,/terms_of_service_user_statuses,GET,get_terms_of_service_user_statuses,r,true,false,0,,true,true,false,false,,,false,200|default,true,false,false,false,false,false,false,false,true,x-box-tag|x-box-unsupported-on-free-developer,true,true,true,true,/terms_of_service_user_statuses,total_count|entries,true
holdout2,box,/terms_of_services,GET,get_terms_of_services,r,true,false,0,,true,true,false,false,,,false,200|default,true,false,false,false,false,false,false,false,false,x-box-tag|x-box-unsupported-on-free-developer,true,true,true,true,/terms_of_services,total_count|entries,true
holdout2,box,/terms_of_services/{terms_of_service_id},PUT,put_terms_of_services_id,w,true,false,0,,true,true,false,true,application/json,status|text,false,200|default,true,false,false,false,false,false,false,false,false,x-box-tag|x-box-unsupported-on-free-developer,true,true,true,true,/terms_of_services/{terms_of_service_id},id|type|status|enterprise|tos_type|text|created_at|modified_at,true
holdout2,box,/users/me,GET,get_users_me,r,true,false,0,,true,true,false,false,,,false,200|default,true,false,false,false,false,false,false,false,false,x-box-tag,true,true,true,true,/users/me,created_at|modified_at|language|timezone|space_amount|space_used|max_upload_size|status|job_title|phone|address|avatar_url|notification_email|role|tracking_codes|can_see_managed_users|is_sync_enabled|is_external_collab_restricted|is_exempt_from_device_limits|is_exempt_from_login_verification|is_collaborated_content_available_when_owner_inactive|enterprise|my_tags|hostname|is_platform_access_only|external_app_user_id,true
holdout2,box,/users/{user_id},GET,get_users_id,r,true,false,0,,true,true,false,false,,,false,200|default,true,false,false,false,false,false,false,false,true,x-box-tag,true,true,true,true,/users/{user_id},created_at|modified_at|language|timezone|space_amount|space_used|max_upload_size|status|job_title|phone|address|avatar_url|notification_email|role|tracking_codes|can_see_managed_users|is_sync_enabled|is_external_collab_restricted|is_exempt_from_device_limits|is_exempt_from_login_verification|is_collaborated_content_available_when_owner_inactive|enterprise|my_tags|hostname|is_platform_access_only|external_app_user_id,true
holdout2,box,/users/{user_id}/avatar,GET,get_users_id_avatar,r,true,false,0,,true,true,false,false,,,false,200|default,true,false,false,false,false,false,false,false,true,x-box-tag,true,true,true,false,,,false
holdout2,box,/users/{user_id}/email_aliases,POST,post_users_id_email_aliases,x,true,false,0,,true,true,false,true,application/json,email,true,201|default,false,true,false,false,false,false,false,false,true,x-box-tag,true,true,true,true,/users/{user_id}/email_aliases,total_count|entries,true
holdout2,box,/users/{user_id}/memberships,GET,get_users_id_memberships,r,true,false,0,,true,true,false,false,,,false,200|default,true,false,false,false,false,false,false,false,true,x-box-tag,true,true,true,true,/users/{user_id}/memberships,total_count|limit|offset|order|entries,true
holdout2,box,/web_links/{web_link_id},GET,get_web_links_id,r,true,false,0,,true,true,false,false,,,false,200|default,true,false,false,false,false,false,false,false,false,x-box-tag,true,true,true,true,/web_links/{web_link_id},url|sequence_id|name|parent|description|path_collection|created_at|modified_at|trashed_at|purged_at|created_by|modified_by|owned_by|shared_link|item_status|collections|allowed_shared_link_access_levels,true
holdout2,box,/web_links/{web_link_id}#add_shared_link,PUT,put_web_links_id#add_shared_link,w,true,false,0,,true,true,false,true,application/json,shared_link,false,200|400|401|403|404|405|412|default,true,false,false,false,false,false,false,false,false,x-box-tag,true,true,true,false,,,false
holdout2,box,/web_links/{web_link_id}#update_shared_link,PUT,put_web_links_id#update_shared_link,w,true,false,0,,true,true,false,true,application/json,shared_link,false,200|400|401|403|404|405|412|default,true,false,false,false,false,false,false,false,false,x-box-tag,true,true,true,false,,,false
holdout2,box,/webhooks,GET,get_webhooks,r,true,false,0,,true,true,false,false,,,false,200|403|default,true,false,false,false,false,false,true,false,false,x-box-tag,true,true,true,true,/webhooks,limit|next_marker|prev_marker|entries,false
holdout2,box,/webhooks/{webhook_id},GET,get_webhooks_id,r,true,false,0,,true,true,false,false,,,false,200|403|404|default,true,false,false,false,false,false,true,false,false,x-box-tag,true,true,true,true,/webhooks/{webhook_id},id|type|target|created_by|created_at|address|triggers,true
holdout2,box,/workflows/{workflow_id}/start,POST,post_workflows_id_start,x,true,false,0,,true,true,false,true,application/json,type|flow|files|folder|outcomes,false,204|400|403|404|default,false,false,false,true,false,false,false,false,false,x-box-tag,true,true,true,false,,,false
holdout2,box,/zip_downloads/{zip_download_id}/status,GET,get_zip_downloads_id_status,r,true,false,0,,true,true,false,false,,,false,200|401|403|404|default,true,false,false,false,false,false,false,false,false,x-box-tag|x-box-reference-category,true,true,true,true,/zip_downloads/{zip_download_id}/status,total_file_count|downloaded_file_count|skipped_file_count|skipped_folder_count|state,true
holdout2,pagerduty,/abilities,GET,listAbilities,r,true,false,0,,true,false,false,false,,,false,200|401|403|429,true,false,false,false,false,false,false,false,false,x-pd-requires-scope,true,true,true,true,/abilities,abilities,false
holdout2,pagerduty,/addons/{id},GET,getAddon,r,true,false,0,,true,false,false,false,,,false,200|400|401|403|404|429,true,false,false,false,false,false,false,false,false,x-pd-requires-scope,true,true,true,true,/addons/{id},addon,false
holdout2,pagerduty,/alert_grouping_settings/{id},GET,getAlertGroupingSetting,r,true,false,0,,true,false,false,false,,,false,200|401|404,true,false,false,false,false,false,false,false,false,x-pd-requires-scope,true,true,true,true,/alert_grouping_settings/{id},alert_grouping_setting,false
holdout2,pagerduty,/analytics/metrics/incidents/services,POST,getAnalyticsMetricsIncidentsService,r,true,false,0,,true,false,false,true,application/json,filters|time_zone|order|order_by|aggregate_unit,false,200|400|429,true,false,false,false,false,false,false,false,false,x-pd-requires-scope,true,true,true,false,,,false
holdout2,pagerduty,/analytics/metrics/responders/all,POST,getAnalyticsMetricsRespondersAll,r,true,false,0,,true,false,false,true,application/json,filters|time_zone|order|order_by,false,200|400|429,true,false,false,false,false,false,false,false,false,x-pd-requires-scope,true,true,true,false,,,false
holdout2,pagerduty,/analytics/raw/incidents/{id}/responses,GET,getAnalyticsIncidentResponsesById,r,true,false,0,,true,false,false,true,application/json,limit|order|order_by|time_zone,false,200|404|429,true,false,false,false,false,false,false,false,false,x-pd-requires-scope,true,true,true,true,/analytics/raw/incidents/{id}/responses,incident_id|limit|order|order_by|time_zone|responses,false
holdout2,pagerduty,/automation_actions/actions,POST,createAutomationAction,x,true,false,0,,true,false,false,true,application/json,action,false,201|400|401|402|403|404|429|500,false,true,false,false,false,false,false,false,false,,true,true,true,true,/automation_actions/actions,actions|privileges|limit|next_cursor,false
holdout2,pagerduty,/automation_actions/actions/{id}/services,GET,getAutomationActionsActionServiceAssociations,r,true,false,0,,true,false,false,false,,,false,200|400|401|402|403|404|429|500,true,false,false,false,false,false,false,false,false,,true,true,true,true,/automation_actions/actions/{id}/services,services,false
holdout2,pagerduty,/automation_actions/actions/{id}/teams,POST,createAutomationActionTeamAssociation,w,true,false,0,,true,false,false,true,application/json,team,false,201|400|401|402|403|404|429|500,false,true,false,false,false,false,false,false,false,,true,true,true,true,/automation_actions/actions/{id}/teams,teams,false
holdout2,pagerduty,/automation_actions/runners,GET,getAutomationActionsRunners,r,true,false,0,,true,false,false,false,,,false,200|401|402|429|500,true,false,false,false,false,false,false,false,false,,true,true,true,true,/automation_actions/runners,runners|privileges|limit|next_cursor,false
holdout2,pagerduty,/automation_actions/runners/{id}/teams,GET,getAutomationActionsRunnerTeamAssociations,r,true,false,0,,true,false,false,false,,,false,200|400|401|402|403|404|429|500,true,false,false,false,false,false,false,false,false,,true,true,true,true,/automation_actions/runners/{id}/teams,teams,false
holdout2,pagerduty,/business_services,POST,createBusinessService,x,true,false,0,,true,false,false,true,application/json,business_service,false,200|400|401|403|404,true,false,false,false,false,false,false,false,false,x-pd-requires-scope,true,true,true,true,/business_services,offset|limit|more|total|business_services,true
holdout2,pagerduty,/business_services/priority_thresholds,PUT,putBusinessServicePriorityThresholds,w,true,false,0,,true,false,false,true,application/json,global_threshold,false,200|400|401|403|422|429|500,true,false,false,false,false,false,false,false,false,x-pd-requires-scope,true,true,true,true,/business_services/priority_thresholds,global_threshold,false
holdout2,pagerduty,/business_services/{id}/account_subscription,POST,createBusinessServiceAccountSubscription,x,true,false,0,,true,false,false,false,,,false,200|401|403|404|422,true,false,false,false,false,false,false,false,false,x-pd-requires-scope,true,true,true,false,,,false
holdout2,pagerduty,/change_events,GET,listChangeEvents,r,true,false,0,,true,false,false,false,,,false,200|400|401|403,true,false,false,false,false,false,false,false,false,x-pd-requires-scope,true,true,true,true,/change_events,change_events,false
holdout2,pagerduty,/enrichment/event_enrichments,POST,createEventEnrichment,x,true,false,0,,true,false,false,true,application/json,event_enrichment,false,200|400|401|403|429|500,true,false,false,false,false,false,false,false,false,,true,true,true,true,/enrichment/event_enrichments,event_enrichments|limit|offset|more|total,true
holdout2,pagerduty,/enrichment/event_enrichments/{id},PUT,updateEventEnrichment,w,true,false,0,,true,false,false,true,application/json,event_enrichment,false,200|400|401|403|404|429|500,true,false,false,false,false,false,false,false,false,,true,true,true,true,/enrichment/event_enrichments/{id},event_enrichment,false
holdout2,pagerduty,/enrichment/event_enrichments/{id}/rules,PUT,updateEventEnrichmentRules,w,true,false,0,,true,false,false,true,application/json,orchestration_path,false,200|400|401|403|404|429|500,true,false,false,false,false,false,false,false,false,,true,true,true,true,/enrichment/event_enrichments/{id}/rules,orchestration_path,false
holdout2,pagerduty,/enrichment/integrations/servicenow/credentials/{credentials_id},GET,getServiceNowCredentials,r,true,false,0,,true,false,false,false,,,false,200|401|403|404|429|500,true,false,false,false,false,false,false,false,false,x-pd-requires-scope,true,true,true,true,/enrichment/integrations/servicenow/credentials/{credentials_id},credentials,false
holdout2,pagerduty,/enrichment/integrations/servicenow/{integration_id}/tables/{table_id},DELETE,deleteServiceNowTable,w,true,false,0,,true,false,false,false,,,false,204|401|403|404|429|500,false,false,false,true,false,false,false,false,false,x-pd-requires-scope,true,true,true,false,,,false
holdout2,pagerduty,/enrichment/schemas,GET,listEnrichmentSchemas,r,true,false,0,,true,false,false,false,,,false,200|401|403|429|500,true,false,false,false,false,false,false,false,false,x-pd-requires-scope,true,true,true,true,/enrichment/schemas,schemas,false
holdout2,pagerduty,/enrichment/schemas/{schema_id}/records,GET,listEnrichmentRecords,r,true,false,0,,true,false,false,false,,,false,200|400|401|403|404|429|500,true,false,false,false,false,false,false,false,false,x-pd-requires-scope,true,true,true,true,/enrichment/schemas/{schema_id}/records,schema_id|records|next_cursor,false
holdout2,pagerduty,/escalation_policies/{id},DELETE,deleteEscalationPolicy,w,true,false,0,,true,false,false,false,,,false,204|401|403|404|429,false,false,false,true,false,false,false,false,false,x-pd-requires-scope,true,true,true,true,/escalation_policies/{id},escalation_policy,false
holdout2,pagerduty,/event_orchestrations,POST,postOrchestration,x,true,false,0,,true,false,false,true,application/json,orchestration,false,201|400|401|403|404|405|409,false,true,false,false,false,false,false,false,false,x-pd-requires-scope,true,true,true,true,/event_orchestrations,offset|limit|more|total|orchestrations,true
holdout2,pagerduty,/event_orchestrations/services/{service_id}/cache_variables,GET,listCacheVarOnServiceOrch,r,true,false,0,,true,false,false,false,,,false,200|400|401|403|404,true,false,false,false,false,false,false,false,false,x-pd-requires-scope,true,true,true,true,/event_orchestrations/services/{service_id}/cache_variables,cache_variables,false
holdout2,pagerduty,/event_orchestrations/services/{service_id}/cache_variables/{cache_variable_id}/data,DELETE,deleteExternalDataCacheVarDataOnServiceOrch,w,true,false,0,,true,false,false,false,,,false,204|400|401|403|404,false,false,false,true,false,false,false,false,false,x-pd-requires-scope,true,true,true,false,,,false
holdout2,pagerduty,/event_orchestrations/{id},PUT,updateOrchestration,w,true,false,0,,true,false,false,true,application/json,orchestration,false,200|400|401|403|404|405|409,true,false,false,false,false,false,false,false,false,x-pd-requires-scope,true,true,true,true,/event_orchestrations/{id},orchestration,false
holdout2,pagerduty,/event_orchestrations/{id}/cache_variables/{cache_variable_id},PUT,updateCacheVarOnGlobalOrch,w,true,false,0,,true,false,false,true,application/json,cache_variable,false,200|400|401|403|404|405,true,false,false,false,false,false,false,false,false,x-pd-requires-scope,true,true,true,true,/event_orchestrations/{id}/cache_variables/{cache_variable_id},cache_variable,false
holdout2,pagerduty,/event_orchestrations/{id}/enablements/{feature_name},PUT,updateEventOrchestrationFeatureEnablements,w,true,false,0,,true,false,false,true,application/json,enablement,false,200|400|403|404|500,true,false,false,false,false,false,false,false,false,x-pd-requires-scope,true,true,true,true,/event_orchestrations/{id}/enablements,enablements,false
holdout2,pagerduty,/event_orchestrations/{id}/integrations/migration,POST,migrateOrchestrationIntegration,w,true,false,0,,true,false,false,true,application/json,source_id|source_type|integration_id,false,200|400|401|403|404|405|409,true,false,false,false,false,false,false,false,false,x-pd-requires-scope,true,true,true,false,,,false
holdout2,pagerduty,/event_orchestrations/{id}/router,PUT,updateOrchPathRouter,w,true,false,0,,true,false,false,true,application/json,orchestration_path,false,200|400|401|403|404|405|409,true,false,false,false,false,false,false,false,false,x-pd-requires-scope,true,true,true,true,/event_orchestrations/{id}/router,orchestration_path,false
holdout2,pagerduty,/extensions,GET,listExtensions,r,true,false,0,,true,false,false,false,,,false,200|400|401|403,true,false,false,false,false,false,false,false,false,x-pd-requires-scope,true,true,true,true,/extensions,offset|limit|more|total|extensions,true
holdout2,pagerduty,/extensions/{id}/enable,POST,enableExtension,w,true,false,0,,true,false,false,false,,,false,200|400|401|403|404,true,false,false,false,false,false,false,false,false,x-pd-requires-scope,true,true,true,false,,,false
holdout2,pagerduty,/incident_workflows/triggers,GET,listIncidentWorkflowTriggers,r,true,false,0,,true,false,false,false,,,false,200|400|401|402|403|429,true,false,false,false,false,false,false,false,false,x-pd-requires-scope,true,true,true,true,/incident_workflows/triggers,limit|next_cursor|more|triggers,false
holdout2,pagerduty,/incident_workflows/triggers/{id}/services,POST,associateServiceToIncidentWorkflowTrigger,w,true,false,0,,true,false,false,true,application/json,service,false,201|400|401|402|403|404|429,false,true,false,false,false,false,false,false,false,x-pd-requires-scope,true,true,true,false,,,false
holdout2,pagerduty,/incident_workflows/{id}/instances,POST,createIncidentWorkflowInstance,x,true,false,0,,true,false,false,true,application/json,incident_workflow_instance,false,201|400|401|402|403|404|429,false,true,false,false,false,false,false,false,false,x-pd-requires-scope,true,true,true,false,,,false
holdout2,pagerduty,/incidents/custom_fields,POST,createCustomFieldsField,x,true,false,0,,true,false,false,true,application/json,field,false,201|400|403|500,false,true,false,false,false,false,false,false,false,x-pd-requires-scope,true,true,true,true,/incidents/custom_fields,fields,false
holdout2,pagerduty,/incidents/custom_fields/{field_id}/field_options,POST,createCustomFieldsFieldOption,x,true,false,0,,true,false,false,true,application/json,field_option,false,201|400|403|404|500,false,true,false,false,false,false,false,false,false,x-pd-requires-scope,true,true,true,true,/incidents/custom_fields/{field_id}/field_options,field_options,false
holdout2,pagerduty,/incidents/types/{type_id_or_name},GET,getIncidentType,r,true,false,0,,true,false,false,false,,,false,200|400|401|402|403|404|500,true,false,false,false,false,false,false,false,false,x-pd-requires-scope,true,true,true,true,/incidents/types/{type_id_or_name},incident_type,false
holdout2,pagerduty,/incidents/types/{type_id_or_name}/custom_fields/{field_id},GET,getIncidentTypeCustomField,r,true,false,0,,true,false,false,false,,,false,200|400|401|402|403|404|500,true,false,false,false,false,false,false,false,false,x-pd-requires-scope,true,true,true,true,/incidents/types/{type_id_or_name}/custom_fields/{field_id},field,false
holdout2,pagerduty,/incidents/types/{type_id_or_name}/custom_fields/{field_id}/field_options/{field_option_id},GET,getIncidentTypeCustomFieldFieldOptions,r,true,false,0,,true,false,false,false,,,false,200|401|403|404|500,true,false,false,false,false,false,false,false,false,x-pd-requires-scope,true,true,true,true,/incidents/types/{type_id_or_name}/custom_fields/{field_id}/field_options/{field_option_id},field_option,false
holdout2,pagerduty,/incidents/{id}/alerts,PUT,updateIncidentAlerts,w,true,false,0,,true,false,false,true,application/json,alerts,false,200|400|401|403|413|429,true,false,false,false,false,false,false,false,false,x-pd-requires-scope,true,true,true,true,/incidents/{id}/alerts,offset|limit|more|total|alerts,true
holdout2,pagerduty,/incidents/{id}/custom_fields/values,GET,getIncidentFieldValues,r,true,false,0,,true,false,false,false,,,false,200|403|404|500,true,false,false,false,false,false,false,false,false,x-pd-requires-scope,true,true,true,true,/incidents/{id}/custom_fields/values,custom_fields,true
holdout2,pagerduty,/incidents/{id}/notes,POST,createIncidentNote,x,true,false,0,,true,false,false,true,application/json,note,false,200|400|401|403|404|429,true,false,false,false,false,false,false,false,false,x-pd-requires-scope,true,true,true,true,/incidents/{id}/notes,notes,false
holdout2,pagerduty,/incidents/{id}/related_change_events,GET,listIncidentRelatedChangeEvents,r,true,false,0,,true,false,false,false,,,false,200|400|401|403|404,true,false,false,false,false,false,false,false,false,x-pd-requires-scope,true,true,true,true,/incidents/{id}/related_change_events,change_events,false
holdout2,pagerduty,/incidents/{id}/status_updates,POST,createIncidentStatusUpdate,x,true,false,0,,true,false,false,true,application/json,message|subject|html_message,false,200|400|401|403|404|429,true,false,false,false,false,false,true,false,false,x-pd-requires-scope,true,true,true,false,,,false
holdout2,pagerduty,/ip_allow_lists,POST,createIpAllowList,x,true,false,0,,true,false,false,true,application/json,ip_allow_list,false,201|400|401|403|404|429|500,false,true,false,false,false,false,false,false,false,x-pd-requires-scope,true,true,true,true,/ip_allow_lists,ip_allow_lists,false
holdout2,pagerduty,/license_allocations,GET,listLicenseAllocations,r,true,false,0,,true,false,false,false,,,false,200|401|403|404,true,false,false,false,false,false,false,false,false,x-pd-requires-scope,true,true,true,true,/license_allocations,license_allocations|offset|limit|more|total,true
holdout2,pagerduty,/maintenance_windows,GET,listMaintenanceWindows,r,true,false,0,,true,false,false,false,,,false,200|400|401|403|429,true,false,false,false,false,false,false,false,false,x-pd-requires-scope,true,true,true,true,/maintenance_windows,offset|limit|more|total|maintenance_windows,true
holdout2,pagerduty,/notifications,GET,listNotifications,r,true,false,0,,true,false,false,false,,,false,200|400|401|403|429,true,false,false,false,false,false,true,false,false,x-pd-requires-scope,true,true,true,true,/notifications,offset|limit|more|total|notifications,true
holdout2,pagerduty,/paused_incident_reports/counts,GET,getPausedIncidentReportCounts,r,true,false,0,,true,false,false,false,,,false,200|400|403|404|429|500,true,false,false,false,false,false,false,false,false,x-pd-requires-scope,true,true,true,true,/paused_incident_reports/counts,paused_incident_reporting_counts,false
holdout2,pagerduty,/recommendations/event_orchestrations/services/{service_id}/rules/{recommendation_id}/dismiss,POST,dismissRecommendedRule,w,true,false,0,,true,false,false,true,application/json,decision,false,200|400|401|403|404|429|500,true,false,false,false,false,false,false,false,false,x-pd-requires-scope,true,true,true,false,,,false
holdout2,pagerduty,/rulesets/{id},PUT,updateRuleset,w,true,false,0,,true,false,false,true,application/json,ruleset,false,200|400|401|403|404|405|409,true,false,false,false,false,false,false,false,false,x-pd-requires-scope,true,true,true,true,/rulesets/{id},ruleset,false
holdout2,pagerduty,/rulesets/{id}/rules/{rule_id},PUT,updateRulesetEventRule,w,true,false,0,,true,false,false,true,application/json,rule|rule_id,false,200|400|401|403|404|405|409,true,false,false,false,false,false,false,false,false,x-pd-requires-scope,true,true,true,true,/rulesets/{id}/rules/{rule_id},rule,false
holdout2,pagerduty,/schedules/{id},GET,getSchedule,r,true,false,0,,true,false,false,false,,,false,200|400|401|403|404|429,true,false,false,false,false,false,false,false,true,x-pd-requires-scope,true,true,true,true,/schedules/{id},schedule,false
holdout2,pagerduty,/schedules/{id}/overrides/{override_id},DELETE,deleteScheduleOverride,w,true,false,0,,true,false,false,false,,,false,200|204|401|403|404|429,true,false,false,true,false,false,false,false,false,x-pd-requires-scope,true,true,true,true,/schedules/{id}/overrides,overrides,false
holdout2,pagerduty,/service_dependencies/technical_services/{id},GET,getTechnicalServiceServiceDependencies,r,true,false,0,,true,false,false,false,,,false,200|400|401|403|404,true,false,false,false,false,false,false,false,false,x-pd-requires-scope,true,true,true,true,/service_dependencies/technical_services/{id},relationships,false
holdout2,pagerduty,/services/custom_fields/{field_id},DELETE,deleteServiceCustomField,w,true,false,0,,true,false,false,false,,,false,204|400|403|404|500,false,false,false,true,false,false,false,false,false,x-pd-requires-scope,true,true,true,true,/services/custom_fields/{field_id},field,false
holdout2,pagerduty,/services/custom_fields/{field_id}/field_options/{field_option_id},DELETE,deleteServiceCustomFieldOption,w,true,false,0,,true,false,false,false,,,false,204|400|403|404|500,false,false,false,true,false,false,false,false,false,x-pd-requires-scope,true,true,true,true,/services/custom_fields/{field_id}/field_options/{field_option_id},field_option,false
holdout2,pagerduty,/services/{id},PUT,updateService,w,true,false,0,,true,false,false,true,application/json,service,false,200|401|402|403|404,true,false,false,false,false,false,false,false,false,x-pd-requires-scope,true,true,true,true,/services/{id},service,false
holdout2,pagerduty,/services/{id}/enablements,GET,listServiceFeatureEnablements,r,true,false,0,,true,false,false,false,,,false,200|403|404|500,true,false,false,false,false,false,false,false,false,x-pd-requires-scope,true,true,true,true,/services/{id}/enablements,enablements,false
holdout2,pagerduty,/services/{id}/rules,GET,listServiceEventRules,r,true,false,0,,true,false,false,false,,,false,200|401|403|404,true,false,false,false,false,false,false,false,false,x-pd-requires-scope,true,true,true,true,/services/{id}/rules,offset|limit|more|total|migrated_at|migrated_by|migrated_status|migrated_to|migrated_via|rules,true
holdout2,pagerduty,/services/{id}/rules/{rule_id},PUT,updateServiceEventRule,w,true,false,0,,true,false,false,true,application/json,rule|rule_id,false,200|400|401|403|404|405|409,true,false,false,false,false,false,false,false,false,x-pd-requires-scope,true,true,true,true,/services/{id}/rules/{rule_id},rule,false
holdout2,pagerduty,/sre_agent/memories/{id},DELETE,deleteSreMemory,w,true,false,0,,true,false,false,false,,,false,204|401|403|404|429,false,false,false,true,false,false,false,false,false,x-pd-requires-scope,true,true,true,true,/sre_agent/memories,memories,false
holdout2,pagerduty,/standards/{id},PUT,updateStandard,w,true,false,0,,true,false,false,true,application/json,active|values|description|inclusions|exclusions,false,200|400|401|403|429,true,false,false,false,false,false,false,false,false,x-pd-requires-scope,true,true,true,true,/standards,standards,false
holdout2,pagerduty,/status_dashboards/{id}/service_impacts,GET,getStatusDashboardServiceImpactsById,r,true,false,0,,true,false,false,false,,,false,200|400|401|403|422|429,true,false,false,false,false,false,false,false,false,x-pd-requires-scope,true,true,true,true,/status_dashboards/{id}/service_impacts,limit|more|services|additional_fields,false
holdout2,pagerduty,/status_pages/{id}/posts,POST,createStatusPagePost,x,true,false,0,,true,false,false,true,application/json,post,false,201|400|401|403|404|429,false,true,false,false,false,false,false,false,false,x-pd-requires-scope,true,true,true,true,/status_pages/{id}/posts,offset|limit|more|total|posts,true
holdout2,pagerduty,/status_pages/{id}/posts/{post_id}/post_updates,POST,createStatusPagePostUpdate,x,true,false,0,,true,false,false,true,application/json,post_update,false,201|400|401|403|404|429,false,true,false,false,false,false,false,false,false,x-pd-requires-scope,true,true,true,true,/status_pages/{id}/posts/{post_id}/post_updates,offset|limit|more|total|post_updates,true
holdout2,pagerduty,/status_pages/{id}/posts/{post_id}/postmortem,GET,getPostmortem,r,true,false,0,,true,false,false,false,,,false,200|401|403|404|429,true,false,false,false,false,false,false,false,false,x-pd-requires-scope,true,true,true,true,/status_pages/{id}/posts/{post_id}/postmortem,postmortem,false
holdout2,pagerduty,/status_pages/{id}/severities/{severity_id},GET,getStatusPageSeverity,r,true,false,0,,true,false,false,false,,,false,200|401|403|404|429,true,false,false,false,false,false,false,false,false,x-pd-requires-scope,true,true,true,true,/status_pages/{id}/severities/{severity_id},severity,false
holdout2,pagerduty,/status_pages/{id}/subscriptions/{subscription_id},DELETE,deleteStatusPageSubscription,w,true,false,0,,true,false,false,false,,,false,204|401|403|404|429,false,false,false,true,false,false,false,false,false,x-pd-requires-scope,true,true,true,true,/status_pages/{id}/subscriptions/{subscription_id},subscription,false
holdout2,pagerduty,/tags/{id},GET,getTag,r,true,false,0,,true,false,false,false,,,false,200|401|403|404|429,true,false,false,false,false,false,false,false,false,x-pd-requires-scope,true,true,true,true,/tags/{id},tag,false
holdout2,pagerduty,/teams/{id},GET,getTeam,r,true,false,0,,true,false,false,false,,,false,200|400|401|402|403|404|429,true,false,false,false,false,false,false,false,false,x-pd-requires-scope,true,true,true,true,/teams/{id},team,false
holdout2,pagerduty,/teams/{id}/members,GET,listTeamUsers,r,true,false,0,,true,false,false,false,,,false,200|400|401|403|404|429,true,false,false,false,false,false,false,false,false,x-pd-requires-scope,true,true,true,true,/teams/{id}/members,offset|limit|more|total|members,true
holdout2,pagerduty,/teams/{id}/users/{user_id},PUT,updateTeamUser,w,true,false,0,,true,false,false,true,application/json,role,false,204|400|401|402|403|404|429,false,false,false,true,false,false,false,false,true,x-pd-requires-scope,true,true,true,false,,,false
holdout2,pagerduty,/templates/{id},GET,getTemplate,r,true,false,0,,true,false,false,false,,,false,200|400|402|403|404|500,true,false,false,false,false,false,false,false,false,x-pd-requires-scope,true,true,true,true,/templates/{id},template,false
holdout2,pagerduty,/users/me,GET,getCurrentUser,r,true,false,0,,true,false,false,false,,,false,200|400|429,true,false,false,false,false,false,false,false,false,,true,true,true,true,/users/me,user,true
holdout2,pagerduty,/users/{id}/contact_methods,GET,getUserContactMethods,r,true,false,0,,true,false,false,false,,,false,200|400|401|403|429,true,false,false,false,false,false,false,false,false,x-pd-requires-scope,true,true,true,true,/users/{id}/contact_methods,contact_methods,false
holdout2,pagerduty,/users/{id}/license,GET,getUserLicense,r,true,false,0,,true,false,false,false,,,false,200|401|403|404,true,false,false,false,false,false,false,false,false,x-pd-requires-scope,true,true,true,true,/users/{id}/license,license,false
holdout2,pagerduty,/users/{id}/notification_rules/{notification_rule_id},PUT,updateUserNotificationRule,w,true,false,0,,true,false,false,true,application/json,notification_rule,false,200|400|401|402|403|404|429,true,false,false,false,false,false,true,false,false,x-pd-requires-scope,true,true,true,true,/users/{id}/notification_rules/{notification_rule_id},notification_rule,false
holdout2,pagerduty,/users/{id}/oauth_delegations/{delegation_id},GET,getUserDelegation,r,true,false,0,,true,false,false,false,,,false,200|400|401|403|404|429|500,true,false,false,false,false,false,false,false,false,x-pd-requires-scope,true,true,true,true,/users/{id}/oauth_delegations/{delegation_id},id|status|client_id|delegation_type|scope|created_at|expires_at|self,false
holdout2,pagerduty,/users/{id}/oncall_handoff_notification_rules/{oncall_handoff_notification_rule_id},PUT,updateUserHandoffNotification,w,true,false,0,,true,false,false,true,application/json,oncall_handoff_notification_rule,false,200|400|401|402|403|404|429,true,false,false,false,false,false,true,false,false,x-pd-requires-scope,true,true,true,true,/users/{id}/oncall_handoff_notification_rules/{oncall_handoff_notification_rule_id},oncall_handoff_notification_rule,false
holdout2,pagerduty,/users/{id}/sessions/{type}/{session_id},GET,getUserSession,r,true,false,0,,true,false,false,false,,,false,200|400|401|403|404|429,true,false,false,false,false,false,false,false,false,x-pd-requires-scope,true,true,true,true,/users/{id}/sessions/{type}/{session_id},user_session,true
holdout2,pagerduty,/users/{id}/status_update_notification_rules/{status_update_notification_rule_id},PUT,updateUserStatusUpdateNotificationRule,w,true,false,0,,true,false,false,true,application/json,status_update_notification_rule,false,200|400|401|402|403|404|429,true,false,false,false,false,false,true,false,false,x-pd-requires-scope,true,true,true,true,/users/{id}/status_update_notification_rules/{status_update_notification_rule_id},notification_rule,false
holdout2,pagerduty,/v3/schedules/{id},PUT,updateScheduleV3,w,true,false,0,,true,false,false,true,application/json,schedule,false,200|400|401|403|404|500,true,false,false,false,false,false,false,false,false,,true,true,true,true,/v3/schedules/{id},schedule,false
holdout2,pagerduty,/v3/schedules/{id}/custom_shifts/{custom_shift_id},GET,getCustomShift,r,true,false,0,,true,false,false,false,,,false,200|401|403|404|500,true,false,false,false,false,false,false,false,false,,true,true,true,true,/v3/schedules/{id}/custom_shifts/{custom_shift_id},custom_shift,true
holdout2,pagerduty,/v3/schedules/{id}/overrides/{override_id},GET,getOverride,r,true,false,0,,true,false,false,false,,,false,200|401|403|404|500,true,false,false,false,false,false,false,false,false,,true,true,true,true,/v3/schedules/{id}/overrides/{override_id},override,false
holdout2,pagerduty,/v3/schedules/{id}/rotations/{rotation_id},GET,getRotation,r,true,false,0,,true,false,false,false,,,false,200|401|403|404|500,true,false,false,false,false,false,false,false,false,,true,true,true,true,/v3/schedules/{id}/rotations/{rotation_id},rotation,false
holdout2,pagerduty,/v3/schedules/{id}/rotations/{rotation_id}/events/{event_id},PUT,updateEvent,w,true,false,0,,true,false,false,true,application/json,event,false,200|400|401|403|404|500,true,false,false,false,false,false,false,false,false,,true,true,true,true,/v3/schedules/{id}/rotations/{rotation_id}/events/{event_id},event,false
holdout2,pagerduty,/webhook_subscriptions/oauth_clients,GET,listOauthClients,r,true,false,0,,true,false,false,false,,,false,200|401|403,true,false,false,false,false,false,true,false,false,,true,true,true,true,/webhook_subscriptions/oauth_clients,oauth_clients,false
holdout2,pagerduty,/webhook_subscriptions/{id},DELETE,deleteWebhookSubscription,w,true,false,0,,true,false,false,false,,,false,204|400|401|403|404,false,false,false,true,false,false,true,false,false,x-pd-requires-scope,true,true,true,true,/webhook_subscriptions/{id},webhook_subscription,false
holdout2,pagerduty,/workflows/integrations,GET,listWorkflowIntegrations,r,true,false,0,,true,false,false,false,,,false,200|400|401|403|404|429,true,false,false,false,false,false,false,false,false,x-pd-requires-scope,true,true,true,true,/workflows/integrations,limit|next_cursor|integrations,false
holdout2,pagerduty,/workflows/integrations/{integration_id}/connections/{id},DELETE,deleteWorkflowIntegrationConnection,w,true,false,0,,true,false,false,false,,,false,204|400|401|403|404|429,false,false,false,true,false,false,false,false,false,x-pd-requires-scope,true,true,true,true,/workflows/integrations/{integration_id}/connections/{id},id|summary|type|self|html_url|integration_id|name|service_url|external_id|external_id_label|scopes|is_default|health|configuration|secrets|teams|apps|created_at|created_by,true
holdout2,adyen,/applePay/sessions,POST,post-applePay-sessions,x,true,true,2,,false,false,false,true,application/json,displayName|domainName|merchantIdentifier,false,200,true,false,false,false,false,false,false,true,false,x-sortIndex|x-methodName,true,true,true,false,,,false
holdout2,adyen,/cancels,POST,post-cancels,x,true,true,2,,false,false,false,true,application/json,applicationInfo|enhancedSchemeData|merchantAccount|paymentReference|reference,true,201|400|401|403|422|500,false,true,false,false,false,false,true,true,false,x-sortIndex|x-methodName,true,true,true,false,,,false
holdout2,adyen,/cardDetails,POST,post-cardDetails,r,true,true,2,,false,false,false,true,application/json,cardNumber|countryCode|encryptedCardNumber|merchantAccount|supportedBrands,true,200,true,false,false,false,false,false,false,true,false,x-sortIndex|x-methodName,true,true,true,false,,,false
holdout2,adyen,/donationCampaigns,POST,post-donationCampaigns,r,true,true,2,,false,false,false,true,application/json,currency|label|locale|merchantAccount|store,true,200|400|401|403|422|500,true,false,false,false,false,false,false,true,false,x-addedInVersion|x-sortIndex|x-methodName,true,true,true,false,,,false
holdout2,adyen,/donations,POST,post-donations,x,true,true,2,,false,false,false,true,application/json,accountInfo|additionalData|amount|applicationInfo|authenticationData|billingAddress|browserInfo|channel|checkoutAttemptId|conversionId|countryCode|dateOfBirth|deliverAt|deliveryAddress|deviceFingerprint|donationAccount|donationCampaignId|donationOriginalPspReference|donationToken|lineItems|merchantAccount|merchantRiskIndicator|metadata|mpiData|origin|paymentMethod|recurringProcessingModel|redirectFromIssuerMethod|redirectToIssuerMethod|reference,true,200|400|401|403|422|500,true,false,false,false,false,false,false,true,false,x-sortIndex|x-methodName,true,true,true,false,,,false
holdout2,adyen,/forward,POST,post-forward,x,true,true,2,,false,false,false,true,application/json,amount|baseUrl|merchantAccount|merchantReference|options|paymentMethod|request|shopperReference|storedPaymentMethodId,true,200,true,false,false,false,false,false,false,true,false,x-sortIndex|x-methodName,true,true,true,false,,,false
holdout2,adyen,/orders,POST,post-orders,x,true,true,2,,false,false,false,true,application/json,amount|expiresAt|merchantAccount|reference,true,200|400|401|403|422|500,true,false,false,false,false,false,false,true,false,x-sortIndex|x-methodName,true,true,true,false,,,false
holdout2,adyen,/orders/cancel,POST,post-orders-cancel,x,true,true,2,,false,false,false,true,application/json,merchantAccount|order,true,200|400|401|403|422|500,true,false,false,false,false,false,false,true,false,x-sortIndex|x-methodName,true,true,true,false,,,false
holdout2,adyen,/originKeys,POST,post-originKeys,r,true,true,2,,false,false,false,true,application/json,originDomains,false,200|400|401|403|422|500,true,false,false,false,false,false,false,true,false,x-deprecatedInVersion|x-sortIndex|x-methodName,true,true,true,false,,,false
holdout2,adyen,/paymentLinks,POST,post-paymentLinks,x,true,true,2,,false,false,false,true,application/json,allowedPaymentMethods|amount|applicationInfo|billingAddress|blockedPaymentMethods|captureDelayHours|countryCode|dateOfBirth|deliverAt|deliveryAddress|description|expiresAt|fundOrigin|fundRecipient|installmentOptions|lineItems|manualCapture|mcc|merchantAccount|merchantOrderReference|metadata|platformChargebackLogic|recurringProcessingModel|reference|requiredShopperFields|returnUrl|reusable|riskData|shopperEmail|shopperLocale,true,201|400|401|403|422|500,false,true,false,false,false,false,false,true,false,x-sortIndex|x-methodName,true,true,true,false,,,false
holdout2,adyen,/paymentLinks/{linkId},GET,get-paymentLinks-linkId,r,true,true,2,,false,false,false,false,,,false,200|400|401|403|422|500,true,false,false,false,false,false,false,false,false,x-sortIndex|x-methodName,true,true,true,true,/paymentLinks/{linkId},allowedPaymentMethods|amount|applicationInfo|billingAddress|blockedPaymentMethods|captureDelayHours|countryCode|dateOfBirth|deliverAt|deliveryAddress|description|expiresAt|fundOrigin|fundRecipient|id|installmentOptions|lineItems|manualCapture|mcc|merchantAccount|merchantOrderReference|metadata|platformChargebackLogic|recurringProcessingModel|reference|requiredShopperFields|returnUrl|reusable|riskData|shopperEmail,true
holdout2,adyen,/paymentLinks/{linkId},PATCH,patch-paymentLinks-linkId,w,true,true,2,,false,false,false,true,application/json,status,false,200|400|401|403|422|500,true,false,false,false,false,false,false,false,false,x-sortIndex|x-methodName,true,true,true,true,/paymentLinks/{linkId},allowedPaymentMethods|amount|applicationInfo|billingAddress|blockedPaymentMethods|captureDelayHours|countryCode|dateOfBirth|deliverAt|deliveryAddress|description|expiresAt|fundOrigin|fundRecipient|id|installmentOptions|lineItems|manualCapture|mcc|merchantAccount|merchantOrderReference|metadata|platformChargebackLogic|recurringProcessingModel|reference|requiredShopperFields|returnUrl|reusable|riskData|shopperEmail,true
holdout2,adyen,/paymentMethods,POST,post-paymentMethods,r,true,true,2,,false,false,false,true,application/json,additionalData|allowedPaymentMethods|amount|blockedPaymentMethods|browserInfo|channel|countryCode|merchantAccount|order|shopperConversionId|shopperEmail|shopperIP|shopperLocale|shopperReference|splitCardFundingSources|store|storeFiltrationMode|telephoneNumber,true,200|400|401|403|422|500,true,false,false,false,false,false,false,true,false,x-sortIndex|x-methodName,true,true,true,false,,,false
holdout2,adyen,/paymentMethods/balance,POST,post-paymentMethods-balance,r,true,true,2,,false,false,false,true,application/json,accountInfo|additionalAmount|additionalData|amount|applicationInfo|billingAddress|browserInfo|captureDelayHours|dateOfBirth|dccQuote|deliveryAddress|deliveryDate|deviceFingerprint|fraudOffset|installments|localizedShopperStatement|mcc|merchantAccount|merchantOrderReference|merchantRiskIndicator|metadata|orderReference|paymentMethod|recurring|recurringProcessingModel|reference|selectedBrand|selectedRecurringDetailReference|sessionId|shopperEmail,true,200|400|401|403|422|500,true,false,false,false,false,false,false,true,false,x-sortIndex|x-methodName,true,true,true,false,,,false
holdout2,adyen,/payments,POST,post-payments,x,true,true,2,,false,false,false,true,application/json,accountInfo|additionalAmount|additionalData|amount|applicationInfo|authenticationData|bankAccount|billingAddress|browserInfo|captureDelayHours|channel|checkoutAttemptId|company|conversionId|countryCode|dateOfBirth|dccQuote|deliverAt|deliveryAddress|deliveryDate|deviceFingerprint|enableOneClick|enablePayOut|enableRecurring|enhancedSchemeData|entityType|fraudOffset|fundOrigin|fundRecipient|industryUsage,true,200|400|401|403|422|500,true,false,false,false,false,false,false,true,false,x-sortIndex|x-methodName,true,true,true,false,,,false
holdout2,adyen,/payments/details,POST,post-payments-details,x,true,true,2,,false,false,false,true,application/json,authenticationData|details|paymentData|threeDSAuthenticationOnly,false,200|400|401|403|422|500,true,false,false,false,false,false,false,true,false,x-sortIndex|x-methodName,true,true,true,false,,,false
holdout2,adyen,/payments/{paymentPspReference}/amountUpdates,POST,post-payments-paymentPspReference-amountUpdates,x,true,true,2,,false,false,false,true,application/json,amount|applicationInfo|enhancedSchemeData|industryUsage|lineItems|merchantAccount|reference|splits,true,201|400|401|403|422|500,false,true,false,false,false,false,true,true,false,x-sortIndex|x-methodName,true,true,true,false,,,false
holdout2,adyen,/payments/{paymentPspReference}/cancels,POST,post-payments-paymentPspReference-cancels,x,true,true,2,,false,false,false,true,application/json,applicationInfo|enhancedSchemeData|merchantAccount|reference,true,201|400|401|403|422|500,false,true,false,false,false,false,true,true,false,x-sortIndex|x-methodName,true,true,true,false,,,false
holdout2,adyen,/payments/{paymentPspReference}/captures,POST,post-payments-paymentPspReference-captures,x,true,true,2,,false,false,false,true,application/json,amount|applicationInfo|enhancedSchemeData|lineItems|merchantAccount|platformChargebackLogic|reference|splits|subMerchants,true,201|400|401|403|422|500,false,true,false,false,false,false,true,true,false,x-sortIndex|x-methodName,true,true,true,false,,,false
holdout2,adyen,/payments/{paymentPspReference}/refunds,POST,post-payments-paymentPspReference-refunds,x,true,true,2,,false,false,false,true,application/json,amount|applicationInfo|capturePspReference|enhancedSchemeData|lineItems|merchantAccount|merchantRefundReason|reference|splits|store,true,201|400|401|403|422|500,false,true,false,false,false,false,true,true,false,x-sortIndex|x-methodName,true,true,true,false,,,false
holdout2,adyen,/payments/{paymentPspReference}/reversals,POST,post-payments-paymentPspReference-reversals,x,true,true,2,,false,false,false,true,application/json,applicationInfo|enhancedSchemeData|merchantAccount|reference,true,201|400|401|403|422|500,false,true,false,false,false,false,true,true,false,x-sortIndex|x-methodName,true,true,true,false,,,false
holdout2,adyen,/paypal/updateOrder,POST,post-paypal-updateOrder,x,true,true,2,,false,false,false,true,application/json,amount|deliveryAddress|deliveryMethods|discountAmount|paymentData|pspReference|sessionId|shippingAmount|taxTotal,true,200|400|401|403|422|500,true,false,false,false,false,false,false,true,false,x-sortIndex|x-methodName,true,true,true,false,,,false
holdout2,adyen,/sessions,POST,post-sessions,x,true,true,2,,false,false,false,true,application/json,accountInfo|additionalAmount|additionalData|allowedPaymentMethods|amount|applicationInfo|authenticationData|billingAddress|blockedPaymentMethods|captureDelayHours|channel|company|countryCode|dateOfBirth|deliverAt|deliveryAddress|enableOneClick|enablePayOut|enableRecurring|expiresAt|fundOrigin|fundRecipient|installmentOptions|lineItems|mandate|mcc|merchantAccount|merchantOrderReference|metadata|mode,true,201,false,true,false,false,false,false,true,true,false,x-addedInVersion|x-sortIndex|x-methodName,true,true,true,false,,,false
holdout2,adyen,/sessions/{sessionId},GET,get-sessions-sessionId,r,true,true,2,,false,false,false,false,,,false,200,true,false,false,false,false,false,false,false,false,x-addedInVersion|x-sortIndex|x-methodName,true,true,true,true,/sessions/{sessionId},additionalData|id|payments|reference|status,false
holdout2,adyen,/storedPaymentMethods,GET,get-storedPaymentMethods,r,true,true,2,,false,false,false,false,,,false,200,true,false,false,false,false,false,false,false,true,x-addedInVersion|x-sortIndex|x-methodName,true,true,true,true,/storedPaymentMethods,merchantAccount|shopperReference|storedPaymentMethods,true
holdout2,adyen,/storedPaymentMethods,POST,post-storedPaymentMethods,x,true,true,2,,false,false,false,true,application/json,merchantAccount|paymentMethod|recurringProcessingModel|shopperEmail|shopperIP|shopperReference,true,201,false,true,false,false,false,false,false,true,false,x-sortIndex|x-methodName,true,true,true,true,/storedPaymentMethods,merchantAccount|shopperReference|storedPaymentMethods,true
holdout2,adyen,/storedPaymentMethods/{storedPaymentMethodId},DELETE,delete-storedPaymentMethods-storedPaymentMethodId,w,true,true,2,,false,false,false,false,,,false,204,false,false,false,true,false,false,false,false,true,x-addedInVersion|x-sortIndex|x-methodName,true,true,true,true,/storedPaymentMethods,merchantAccount|shopperReference|storedPaymentMethods,true
holdout2,adyen,/validateShopperId,POST,post-validateShopperId,r,true,false,0,,false,false,false,true,application/json,merchantAccount|paymentMethod|shopperEmail|shopperIP|shopperReference,true,200|400|401|403|422|500,true,false,false,false,false,false,false,false,false,x-methodName|x-sortIndex,true,true,true,false,,,false
