token,position,providers,ops_total,raw_get,raw_post,raw_put,raw_patch,raw_delete,raw_head,raw_options,perprov_get,perprov_post,perprov_put,perprov_patch,perprov_delete,perprov_head,perprov_options
get,lead,377,12908,11879,1026,2,0,0,0,1,369,70,2,0,0,0,1
get,opid,365,17226,15830,1347,5,0,0,43,1,354,72,3,0,0,2,1
delete,lead,217,3354,7,717,6,0,2624,0,0,4,29,2,0,205,0,0
delete,opid,213,5995,220,1022,9,1,4743,0,0,7,39,3,1,201,0,0
create,lead,213,2809,24,2623,160,2,0,0,0,11,209,19,1,0,0,0
create,opid,188,5301,233,4034,1034,0,0,0,0,16,183,19,0,0,0,0
update,lead,188,2783,17,840,1537,386,3,0,0,3,62,138,57,1,0,0
update,opid,180,5397,110,1073,2867,1343,4,0,0,15,74,124,61,2,0,0
user,path,180,3696,1894,937,342,113,402,6,2,165,125,71,40,90,3,1
list,opid,173,8242,6611,1508,47,25,51,0,0,164,42,16,7,16,0,0
search,path,158,914,722,180,7,1,4,0,0,138,44,5,1,2,0,0
by,opid,151,3062,2383,287,194,17,169,12,0,142,46,20,6,35,2,0
user,opid,141,2732,1444,651,257,85,290,5,0,129,96,54,29,72,2,0
id,opid,140,2815,1562,323,386,83,459,2,0,127,45,26,11,50,1,0
list,lead,136,3080,2027,1039,4,0,10,0,0,131,16,3,0,2,0,0
status,path,130,519,266,140,72,37,4,0,0,105,28,20,4,4,0,0
post,opid,129,3387,49,3314,16,1,7,0,0,11,126,7,1,6,0,0
search,opid,129,806,616,174,11,0,5,0,0,112,41,5,0,3,0,0
api,path,123,7351,3663,1659,821,296,858,48,6,110,83,44,23,54,2,1
status,opid,115,558,309,137,75,35,2,0,0,96,23,19,4,1,0,0
add,opid,112,887,60,721,93,6,7,0,0,6,107,24,3,1,0,0
add,lead,109,633,21,527,80,2,3,0,0,2,103,28,2,1,0,0
account,path,108,3109,1411,723,458,124,385,3,5,96,80,46,20,51,2,1
all,opid,108,846,745,67,14,0,20,0,0,95,20,7,0,13,0,0
token,path,107,396,118,216,15,9,38,0,0,52,87,11,8,30,0,0
list,path,93,1903,511,1289,41,19,43,0,0,79,40,15,5,18,0,0
search,lead,93,573,473,100,0,0,0,0,0,78,24,0,0,0,0,0
event,path,92,857,458,271,43,29,55,0,1,85,39,13,12,20,0,1
account,opid,90,1771,823,531,184,74,158,1,0,78,59,34,18,35,1,0
token,opid,90,375,114,198,18,8,35,2,0,47,73,13,7,26,1,0
type,path,89,1047,767,159,43,26,52,0,0,88,26,15,8,15,0,0
group,path,88,7299,3207,1720,946,481,902,43,0,86,63,39,24,51,1,0
type,opid,87,892,572,166,66,24,64,0,0,83,27,21,8,21,0,0
group,opid,81,2213,1023,738,156,85,206,5,0,78,57,34,19,44,1,0
detail,opid,81,325,257,51,9,7,1,0,0,73,16,8,4,1,0,0
to,opid,78,551,196,272,54,10,19,0,0,22,63,18,5,6,0,0
info,opid,78,340,270,37,20,6,6,1,0,75,16,11,3,4,1,0
for,opid,77,1376,761,466,85,2,62,0,0,64,37,11,2,10,0,0
remove,lead,77,333,4,91,6,0,232,0,0,2,24,2,0,57,0,0
set,opid,76,1237,302,614,235,35,49,2,0,17,58,35,11,14,1,0
file,opid,76,545,246,193,51,8,41,6,0,57,53,18,6,22,3,0
post,lead,73,2517,7,2509,0,0,1,0,0,2,71,0,0,1,0,0
report,path,70,532,309,180,16,4,23,0,0,60,41,9,4,14,0,0
file,path,70,531,254,168,37,17,51,4,0,58,49,18,7,22,2,0
info,path,70,288,206,52,16,7,7,0,0,64,18,9,4,6,0,0
tag,path,69,1163,465,456,63,18,154,7,0,61,41,23,13,32,2,0
event,opid,69,737,381,267,26,20,42,0,1,66,31,11,10,15,0,1
update,path,68,879,89,735,41,8,6,0,0,21,50,16,4,4,0,0
setting,path,68,811,356,146,173,64,71,1,0,60,35,37,11,19,1,0
service,path,67,4345,1337,2287,279,134,262,44,2,62,36,24,9,26,2,1
put,opid,67,1148,24,220,903,1,0,0,0,1,5,66,1,0,0,0
version,opid,67,643,312,222,32,22,53,2,0,62,18,16,7,15,1,0
name,opid,67,433,209,137,53,7,25,2,0,52,19,16,4,11,2,0
email,path,66,433,167,142,72,6,45,1,0,42,41,21,5,18,1,0
api,opid,65,1041,464,263,118,32,149,15,0,56,32,14,12,20,1,0
from,opid,65,487,196,202,9,1,75,4,0,31,38,3,1,24,2,0
categories,path,65,466,296,77,38,20,35,0,0,63,26,18,7,17,0,0
remove,opid,65,420,29,171,6,0,214,0,0,3,27,2,0,46,0,0
profile,path,64,692,314,219,54,39,65,0,1,54,37,17,14,21,0,1
image,path,64,657,307,234,40,9,53,14,0,50,39,16,5,25,1,0
request,opid,64,564,288,188,38,11,39,0,0,35,57,17,9,20,0,0
get,path,63,1629,599,1027,2,0,1,0,0,49,24,2,0,1,0,0
version,path,63,834,412,239,69,22,89,2,1,58,18,14,7,12,1,1
log,opid,63,345,207,97,18,3,20,0,0,53,22,7,2,12,0,0
log,path,63,343,208,89,24,2,18,0,2,57,22,7,2,11,0,1
upload,opid,63,266,33,182,30,3,18,0,0,14,59,13,2,10,0,0
data,opid,62,591,245,254,41,12,39,0,0,52,24,14,7,12,0,0
key,path,61,742,231,320,33,18,137,1,2,52,43,19,9,30,1,1
history,path,61,282,197,58,18,4,5,0,0,58,16,3,2,4,0,0
set,lead,61,244,6,97,132,9,0,0,0,2,37,30,4,0,0,0
data,path,59,1203,574,372,125,35,95,0,2,51,25,12,9,14,0,1
key,opid,59,719,253,338,35,24,69,0,0,50,37,19,9,24,0,0
id,path,59,368,212,86,31,5,34,0,0,49,21,5,4,8,0,0
code,opid,59,341,201,78,16,24,22,0,0,44,29,6,5,10,0,0
cancel,opid,59,329,19,234,27,7,42,0,0,4,38,8,5,20,0,0
email,opid,59,313,110,117,42,7,34,3,0,39,40,19,5,16,1,0
all,path,59,195,128,54,10,0,3,0,0,42,21,5,0,3,0,0
webhook,path,58,644,304,183,52,27,78,0,0,50,54,26,10,44,0,0
config,path,57,803,301,271,143,24,64,0,0,55,32,29,12,28,0,0
setting,opid,57,644,286,125,125,67,41,0,0,54,25,23,13,16,0,0
request,path,57,417,147,196,29,4,41,0,0,32,50,11,4,19,0,0
password,path,57,159,28,89,33,7,2,0,0,13,40,25,5,2,0,0
service,opid,56,1503,773,411,124,75,116,2,2,55,28,23,10,24,1,1
product,path,56,866,442,236,78,22,83,5,0,53,33,19,7,25,1,0
config,opid,56,690,264,249,90,33,54,0,0,54,24,29,12,23,0,0
payment,path,56,555,270,166,63,11,43,0,2,50,37,18,5,16,0,1
check,opid,56,362,137,176,13,8,11,17,0,39,29,7,4,5,3,0
subscription,path,55,6918,3309,1358,930,448,827,46,0,50,36,20,11,34,1,0
2,path,55,1811,834,568,192,31,186,0,0,45,32,16,9,17,0,0
item,opid,55,1450,912,302,93,38,102,3,0,48,37,25,10,30,1,0
delete,path,55,883,11,822,1,0,49,0,0,6,48,1,0,10,0,0
by,path,55,518,419,91,3,2,3,0,0,47,17,2,1,2,0,0
export,path,54,365,183,149,9,7,17,0,0,47,32,6,6,12,0,0
send,opid,54,218,30,168,11,3,6,0,0,10,48,8,3,5,0,0
cancel,path,54,196,4,157,29,6,0,0,0,2,45,8,4,0,0,0
tag,opid,53,1121,417,469,62,59,77,37,0,49,32,22,11,25,1,0
notification,path,53,401,176,123,45,19,36,2,0,40,38,21,9,16,1,0
name,path,53,332,166,115,33,2,15,1,0,41,16,8,1,4,1,0
change,opid,53,262,80,113,59,3,7,0,0,25,28,20,3,5,0,0
download,opid,53,160,110,40,4,0,3,3,0,47,16,2,0,1,1,0
upload,lead,53,112,1,91,18,0,2,0,0,1,46,11,0,2,0,0
order,path,52,706,308,273,68,26,29,2,0,44,42,22,11,19,1,0
image,opid,52,624,273,237,36,11,53,14,0,39,31,11,5,19,1,0
check,path,52,283,83,168,13,7,11,1,0,33,32,6,3,4,1,0
in,opid,52,171,86,64,15,2,4,0,0,30,24,9,1,4,0,0
download,path,52,163,102,51,3,0,4,3,0,44,19,1,0,2,1,0
product,opid,51,683,342,204,48,21,63,5,0,49,27,13,6,22,1,0
batch,opid,51,590,98,402,53,10,27,0,0,18,44,16,4,12,0,0
custom,opid,51,473,181,159,67,20,46,0,0,39,33,24,10,18,0,0
message,path,51,350,134,161,17,8,30,0,0,42,41,12,6,19,0,0
add,path,51,264,13,239,9,1,2,0,0,5,48,5,1,1,0,0
categories,opid,51,245,161,47,15,14,8,0,0,48,15,8,5,5,0,0
of,opid,51,176,118,31,16,5,6,0,0,39,17,5,1,5,0,0
password,opid,51,157,27,92,31,5,1,1,0,12,36,23,3,1,1,0
1,opid,50,1750,824,364,224,111,213,8,6,37,28,9,5,12,2,1
item,path,50,1063,581,297,63,37,82,3,0,45,34,18,10,24,1,0
location,path,50,904,539,228,54,27,56,0,0,45,22,18,9,15,0,0
create,path,50,819,16,792,11,0,0,0,0,7,44,4,0,0,0,0
2,opid,50,529,268,151,45,23,41,1,0,40,32,14,9,18,1,0
payment,opid,50,519,248,151,61,15,44,0,0,45,38,19,4,17,0,0
report,opid,50,435,231,171,13,3,17,0,0,41,29,7,3,12,0,0
history,opid,50,211,146,43,17,0,5,0,0,48,11,2,0,4,0,0
detail,path,50,190,116,60,6,4,4,0,0,40,17,6,2,2,0,0
upload,path,50,185,35,113,19,3,15,0,0,17,46,10,2,10,0,0
json,path,49,957,532,303,66,3,53,0,0,44,20,6,1,5,0,0
retrieve,lead,49,411,403,8,0,0,0,0,0,46,4,0,0,0,0,0
stat,path,49,404,384,14,2,2,2,0,0,47,10,1,1,1,0,0
reset,opid,49,187,18,134,5,3,27,0,0,4,41,4,1,10,0,0
cancel,lead,49,157,3,87,22,5,40,0,0,2,28,7,3,19,0,0
send,lead,49,142,12,122,7,0,1,0,0,6,45,5,0,1,0,0
query,opid,48,2729,2097,616,6,3,7,0,0,34,26,3,1,4,0,0
count,path,48,706,455,250,1,0,0,0,0,41,14,1,0,0,0,0
profile,opid,48,545,241,183,37,34,50,0,0,44,26,14,11,17,0,0
transaction,path,48,348,179,106,23,9,26,0,5,40,28,11,5,14,0,1
category,opid,48,263,152,54,21,8,28,0,0,40,16,13,5,13,0,0
summary,path,48,152,117,31,1,2,1,0,0,47,7,1,2,1,0,0
patch,opid,47,924,8,35,11,867,3,0,0,3,6,2,42,3,0,0
contact,path,47,533,237,148,65,23,60,0,0,34,35,25,8,22,0,0
batch,path,47,491,89,302,57,11,32,0,0,18,39,12,2,9,0,0
custom,path,47,403,165,135,54,14,35,0,0,39,29,21,6,14,0,0
export,opid,47,373,185,157,9,6,16,0,0,42,23,6,5,11,0,0
me,path,47,366,217,44,60,8,37,0,0,43,17,13,4,10,0,0
session,path,47,308,119,147,11,2,29,0,0,33,31,6,2,17,0,0
change,path,47,208,79,108,8,3,10,0,0,29,26,6,3,8,0,0
login,path,47,79,29,49,0,0,1,0,0,21,33,0,0,1,0,0
template,path,46,810,296,272,95,46,99,2,0,44,33,22,9,26,1,0
webhook,opid,46,541,273,140,42,27,59,0,0,38,41,18,10,32,0,0
code,path,46,238,126,78,17,3,14,0,0,33,26,7,3,6,0,0
send,path,46,180,33,127,11,2,7,0,0,17,38,8,2,6,0,0
project,path,45,2417,1032,791,214,112,267,1,0,45,35,26,15,32,1,0
set,path,45,881,222,461,129,21,46,2,0,21,36,13,7,13,1,0
content,opid,45,498,238,181,33,12,34,0,0,36,13,8,3,6,0,0
link,opid,45,366,158,103,37,15,53,0,0,32,30,10,6,15,0,0
auth,path,45,223,45,153,7,3,15,0,0,21,39,3,3,9,0,0
with,opid,45,219,82,102,13,8,8,3,3,25,25,4,5,5,1,1
reset,path,45,122,4,109,5,3,1,0,0,4,40,4,1,1,0,0
document,path,44,746,381,206,58,29,69,1,2,37,34,12,11,23,1,1
role,opid,44,697,356,150,71,37,83,0,0,41,30,19,13,27,0,0
member,path,44,444,194,128,53,10,59,0,0,42,29,19,7,24,0,0
link,path,44,318,144,93,29,11,41,0,0,35,26,9,6,15,0,0
message,opid,44,255,104,102,16,9,24,0,0,30,36,11,6,14,0,0
stop,path,44,249,45,183,17,2,2,0,0,11,25,11,2,2,0,0
import,path,44,247,65,161,11,2,8,0,0,21,38,7,2,7,0,0
content,path,44,235,141,51,23,4,16,0,0,37,15,9,3,7,0,0
new,opid,44,134,61,69,3,1,0,0,0,17,29,3,1,0,0,0
and,opid,44,114,83,26,3,1,1,0,0,37,13,2,1,1,0,0
role,path,43,718,372,158,73,31,84,0,0,42,32,21,11,30,0,0
check,lead,43,123,68,51,0,1,0,3,0,20,25,0,1,0,2,0
generate,lead,43,100,28,72,0,0,0,0,0,16,34,0,0,0,0,0
subscription,opid,42,610,313,194,43,12,46,2,0,39,24,15,8,19,1,0
notification,opid,42,401,175,124,39,23,38,2,0,31,32,16,10,14,1,0
to,path,42,268,85,165,11,3,4,0,0,16,33,5,3,3,0,0
login,opid,42,74,26,48,0,0,0,0,0,18,31,0,0,0,0,0
1,path,41,5890,3260,1663,310,267,389,1,0,34,28,12,6,14,1,0
v,opid,41,2147,994,496,264,113,267,7,6,36,27,9,5,15,2,1
location,opid,41,1819,783,833,24,83,96,0,0,36,15,11,7,8,0,0
query,path,41,1160,521,622,7,2,8,0,0,22,28,5,1,4,0,0
template,opid,41,901,345,276,108,54,116,2,0,41,31,24,11,26,1,0
rule,path,41,760,263,318,81,19,79,0,0,36,32,18,10,25,0,0
order,opid,41,545,251,203,43,23,23,2,0,35,34,20,10,15,1,0
test,path,41,383,120,193,27,19,24,0,0,24,28,6,3,5,0,0
comment,path,41,332,133,107,23,16,52,1,0,35,33,12,9,23,1,0
stat,opid,41,311,293,12,2,2,2,0,0,39,7,1,1,1,0,0
transaction,opid,41,263,145,76,16,8,18,0,0,33,23,7,4,9,0,0
project,opid,40,2994,1241,1254,139,131,228,1,0,39,29,22,12,25,1,0
field,path,40,1113,898,93,63,20,39,0,0,36,19,18,7,14,0,0
device,path,40,1007,461,295,106,41,104,0,0,35,30,16,10,18,0,0
count,opid,40,707,461,245,1,0,0,0,0,37,10,1,0,0,0,0
url,opid,40,626,501,108,5,5,7,0,0,25,20,4,3,5,0,0
action,path,40,558,209,293,21,11,24,0,0,30,34,12,7,13,0,0
contact,opid,40,532,233,150,63,26,60,0,0,30,29,24,9,20,0,0
client,path,40,459,226,136,59,6,30,0,2,34,32,14,5,11,0,1
return,lead,40,392,355,19,10,4,4,0,0,35,10,2,1,1,0,0
test,opid,40,349,88,240,10,4,7,0,0,21,29,7,4,4,0,0
time,opid,40,190,109,58,10,5,8,0,0,34,14,7,4,6,0,0
generate,opid,40,159,32,125,2,0,0,0,0,11,35,2,0,0,0,0
oauth,path,40,148,55,69,7,2,15,0,0,27,34,5,2,11,0,0
available,opid,40,122,95,26,1,0,0,0,0,36,10,1,0,0,0,0
rule,opid,39,833,314,308,94,25,92,0,0,35,32,22,10,27,0,0
start,opid,39,404,25,341,34,3,1,0,0,8,28,8,2,1,0,0
start,path,39,284,13,256,14,1,0,0,0,9,30,5,1,0,0,0
register,opid,39,130,13,116,0,0,1,0,0,5,39,0,0,1,0,0
summary,opid,39,125,92,26,3,2,2,0,0,38,6,2,2,2,0,0
field,opid,38,1113,906,93,60,20,34,0,0,33,16,15,6,11,0,0
read,opid,38,664,618,28,15,3,0,0,0,25,14,8,2,0,0,0
attachment,path,38,663,372,173,44,7,66,1,0,34,27,14,5,25,1,0
collection,opid,38,655,382,114,20,9,130,0,0,33,26,10,7,20,0,0
put,lead,38,649,0,179,469,1,0,0,0,0,2,38,1,0,0,0
document,opid,38,646,315,227,27,18,59,0,0,35,31,11,9,20,0,0
member,opid,38,378,170,101,46,10,51,0,0,35,24,18,7,23,0,0
session,opid,38,262,93,129,14,2,24,0,0,29,22,7,1,12,0,0
result,opid,38,224,131,78,7,2,6,0,0,34,12,3,1,2,0,0
url,path,38,187,66,105,6,3,7,0,0,24,22,5,2,5,0,0
remove,path,38,169,11,148,5,0,5,0,0,4,33,2,0,2,0,0
validate,opid,38,103,22,79,2,0,0,0,0,18,24,2,0,0,0,0
verify,path,38,102,17,76,7,1,1,0,0,11,30,3,1,1,0,0
validate,path,38,92,20,70,2,0,0,0,0,16,22,2,0,0,0,0
device,opid,37,722,314,244,65,38,61,0,0,32,28,12,9,15,0,0
metric,path,37,381,282,80,7,4,8,0,0,34,10,5,3,4,0,0
schedule,path,37,340,168,85,39,8,40,0,0,29,21,11,4,14,0,0
metadata,path,37,324,177,94,27,9,17,0,0,32,12,11,3,8,0,0
start,lead,37,279,5,241,30,3,0,0,0,4,27,7,2,0,0,0
import,opid,37,271,63,186,15,2,5,0,0,17,31,6,2,3,0,0
transfer,path,37,235,66,148,11,5,5,0,0,17,28,7,2,3,0,0
time,path,37,190,107,59,8,4,12,0,0,32,14,5,3,7,0,0
credit,path,37,152,70,57,17,3,4,1,0,29,19,9,3,4,1,0
acces,opid,36,428,141,212,34,7,33,1,0,19,27,9,3,10,1,0
invoice,path,36,403,200,135,32,7,29,0,0,34,26,14,6,14,0,0
acces,path,36,361,123,184,25,1,28,0,0,23,26,8,1,13,0,0
card,path,36,274,116,88,36,8,25,1,0,32,20,13,6,9,1,0
countries,path,36,74,67,3,1,1,1,0,1,36,2,1,1,1,0,1
app,path,35,1641,773,453,113,81,218,1,2,29,22,13,12,16,1,1
application,opid,35,521,199,196,46,21,59,0,0,27,24,10,7,16,0,0
permission,path,35,421,151,188,41,6,35,0,0,31,20,14,4,17,0,0
user,lead,35,396,199,65,39,33,59,1,0,29,25,11,14,15,1,0
stop,opid,35,281,47,203,18,2,11,0,0,8,20,9,2,7,0,0
media,path,35,277,143,70,23,11,30,0,0,30,21,7,1,10,0,0
transfer,opid,35,245,71,147,11,6,10,0,0,17,27,6,2,6,0,0
find,lead,35,212,201,11,0,0,0,0,0,32,5,0,0,0,0,0
credit,opid,35,162,74,57,22,3,6,0,0,27,20,9,3,6,0,0
download,lead,35,83,63,18,0,0,0,2,0,29,9,0,0,0,1,0
task,path,34,717,331,274,44,29,37,2,0,33,25,15,10,15,2,0
domain,path,34,520,201,217,38,18,46,0,0,31,20,12,8,17,0,0
collection,path,34,336,160,99,22,11,44,0,0,31,24,11,7,20,0,0
health,path,34,324,205,94,5,9,11,0,0,34,6,2,2,2,0,0
invoice,opid,34,306,164,94,25,5,18,0,0,32,22,13,4,11,0,0
schedule,opid,34,288,128,78,36,10,34,2,0,25,20,12,5,11,2,0
public,path,34,280,149,69,23,12,25,2,0,29,16,7,4,9,1,0
number,path,34,240,128,72,12,11,17,0,0,22,20,7,4,5,0,0
filter,path,34,218,92,72,23,8,23,0,0,29,20,10,3,11,0,0
number,opid,34,208,109,61,11,11,16,0,0,22,17,7,5,5,0,0
public,opid,34,189,102,47,14,7,17,2,0,29,13,4,3,7,1,0
change,lead,34,128,15,61,49,1,2,0,0,3,22,16,1,1,0,0
verify,opid,34,105,22,73,7,1,2,0,0,12,26,5,1,2,0,0
new,path,34,97,68,28,0,1,0,0,0,22,13,0,1,0,0,0
configuration,opid,33,1076,482,350,119,36,89,0,0,31,17,12,6,13,0,0
configuration,path,33,976,455,328,99,23,71,0,0,32,12,11,5,11,0,0
customer,path,33,569,284,135,71,18,61,0,0,28,28,17,8,19,0,0
default,path,33,336,170,70,64,9,23,0,0,28,14,18,4,9,0,0
client,opid,33,335,156,116,44,7,12,0,0,27,25,13,5,9,0,0
card,opid,33,255,112,86,31,5,21,0,0,28,19,10,4,8,0,0
price,path,33,216,110,63,21,7,15,0,0,23,16,8,1,7,0,0
text,opid,33,202,88,72,20,4,18,0,0,19,20,5,3,4,0,0
language,path,33,99,49,34,9,2,5,0,0,28,11,5,1,3,0,0
app,opid,32,1479,708,398,117,80,176,0,0,27,16,12,11,15,0,0
option,opid,32,252,120,79,26,6,13,0,8,24,12,8,3,5,0,3
price,opid,32,192,106,50,20,7,9,0,0,26,14,8,1,5,0,0
export,lead,32,134,86,41,2,2,3,0,0,25,13,2,2,3,0,0
register,path,32,114,16,88,6,1,3,0,0,8,30,1,1,2,0,0
register,lead,32,90,2,87,0,0,1,0,0,2,32,0,0,1,0,0
balance,path,32,57,43,12,2,0,0,0,0,28,6,1,0,0,0,0
resource,path,31,6536,2870,1551,860,433,775,47,0,25,15,8,7,10,1,0
source,path,31,400,142,171,44,7,36,0,0,23,14,10,5,12,0,0
action,opid,31,328,152,133,17,10,16,0,0,24,23,8,6,9,0,0
retrieve,opid,31,280,259,19,1,0,0,1,0,28,4,1,0,0,1,0
comment,opid,31,236,90,80,18,14,33,1,0,25,24,11,8,17,1,0
generate,path,31,93,22,71,0,0,0,0,0,13,23,0,0,0,0,0
reset,lead,31,74,0,44,3,3,24,0,0,0,23,2,1,8,0,0
balance,opid,31,57,40,15,2,0,0,0,0,26,7,1,0,0,0,0
latest,opid,31,57,50,7,0,0,0,0,0,28,4,0,0,0,0,0
provider,path,30,7404,3690,1397,967,452,849,49,0,28,16,9,7,14,1,0
resource,opid,30,1896,886,712,69,59,167,3,0,28,14,7,7,9,1,0
application,path,30,987,417,292,114,32,132,0,0,26,19,9,8,15,0,0
task,opid,30,673,301,266,38,29,37,2,0,30,23,14,10,14,2,0
channel,path,30,446,183,134,54,15,60,0,0,29,17,8,9,13,0,0
team,path,30,406,293,55,19,12,27,0,0,29,16,11,6,11,0,0
run,opid,30,346,127,175,13,11,20,0,0,14,26,7,4,9,0,0
metric,opid,30,345,241,82,7,6,9,0,0,29,7,3,3,3,0,0
bulk,path,30,203,30,88,38,5,42,0,0,12,25,9,5,5,0,0
result,path,30,201,123,64,6,2,6,0,0,27,9,2,1,2,0,0
text,path,30,199,87,73,19,3,17,0,0,17,20,4,2,3,0,0
value,opid,30,174,73,52,27,8,13,1,0,25,13,11,6,6,1,0
find,opid,30,156,143,13,0,0,0,0,0,28,5,0,0,0,0,0
usage,path,30,144,107,32,2,1,2,0,0,28,6,2,1,2,0,0
state,path,30,131,50,67,13,0,1,0,0,24,9,9,0,1,0,0
rate,opid,30,119,58,41,11,4,5,0,0,24,15,8,3,4,0,0
rate,path,30,116,55,42,10,4,5,0,0,24,16,7,3,4,0,0
auth,opid,30,113,22,77,8,4,2,0,0,12,25,4,3,2,0,0
current,opid,30,110,84,10,8,2,6,0,0,27,5,6,2,2,0,0
verify,lead,30,66,9,51,6,0,0,0,0,7,23,4,0,0,0,0
admin,path,29,954,398,350,95,20,91,0,0,23,21,10,6,16,0,0
job,path,29,868,313,432,59,15,47,2,0,28,20,10,5,10,2,0
or,opid,29,776,43,35,696,1,1,0,0,6,20,13,1,1,0,0
connection,path,29,677,290,213,73,37,64,0,0,24,19,10,8,12,0,0
system,path,29,341,201,93,24,4,19,0,0,29,13,4,1,7,0,0
option,path,29,264,138,80,23,6,17,0,0,25,12,9,3,6,0,0
replace,opid,29,207,9,25,164,8,1,0,0,1,8,21,3,1,0,0
health,opid,29,175,99,61,4,5,6,0,0,28,6,1,1,2,0,0
enable,opid,29,164,21,130,10,3,0,0,0,1,24,6,2,0,0,0
value,path,29,149,74,36,22,5,11,1,0,24,15,12,4,7,1,0
record,path,29,147,69,45,12,7,14,0,0,26,17,9,6,12,0,0
usage,opid,29,145,106,34,0,2,3,0,0,27,7,0,1,2,0,0
available,path,29,97,69,27,1,0,0,0,0,25,11,1,0,0,0,0
countries,opid,29,58,53,3,1,1,0,0,0,29,2,1,1,0,0,0
latest,path,29,52,43,9,0,0,0,0,0,26,5,0,0,0,0,0
v,path,28,6691,3324,2351,331,274,410,1,0,26,18,11,6,12,1,0
attachment,opid,28,584,318,152,39,12,62,1,0,25,22,11,7,21,1,0
information,opid,28,460,417,37,3,1,2,0,0,26,11,2,1,2,0,0
region,path,28,389,171,134,13,27,44,0,0,27,9,7,4,7,0,0
billing,path,28,357,232,67,25,14,19,0,0,28,15,12,8,8,0,0
sync,path,28,212,66,120,10,6,10,0,0,12,21,2,2,3,0,0
review,path,28,193,93,65,11,8,16,0,0,21,21,6,5,8,0,0
metadata,opid,28,186,108,56,9,9,4,0,0,26,5,5,4,4,0,0
state,opid,28,141,42,77,13,4,1,4,0,20,11,9,3,1,1,0
refresh,path,28,67,10,46,5,2,4,0,0,5,21,4,1,3,0,0
validate,lead,28,44,13,31,0,0,0,0,0,11,20,0,0,0,0,0
job,opid,27,955,349,472,49,25,58,2,0,26,17,7,5,10,2,0
note,path,27,563,299,118,68,23,55,0,0,20,19,14,4,9,0,0
bulk,opid,27,475,31,93,128,94,129,0,0,9,23,10,5,6,0,0
permission,opid,27,425,135,201,39,10,40,0,0,25,14,16,6,15,0,0
patch,lead,27,332,2,0,1,328,1,0,0,1,0,1,26,1,0,0
source,opid,27,324,115,138,28,13,30,0,0,18,12,9,5,11,0,0
plan,path,27,302,120,111,34,12,23,0,2,26,12,11,6,10,0,1
account,lead,27,287,130,60,35,27,35,0,0,26,14,9,6,9,0,0
filter,opid,27,222,97,72,22,9,22,0,0,22,19,10,4,10,0,0
request,lead,27,172,129,40,2,0,1,0,0,5,25,1,0,1,0,0
disable,opid,27,156,18,121,8,1,8,0,0,1,22,4,1,4,0,0
category,path,27,128,80,34,7,1,6,0,0,23,9,5,1,4,0,0
disable,path,27,104,0,93,8,1,2,0,0,0,22,4,1,1,0,0
enable,path,27,101,0,93,7,1,0,0,0,0,24,3,1,0,0,0
current,path,27,100,74,13,6,3,2,2,0,24,7,3,1,2,1,0
complete,opid,27,63,15,40,6,1,1,0,0,9,18,2,1,1,0,0
instance,path,26,1115,477,467,69,27,75,0,0,23,15,12,4,12,0,0
domain,opid,26,483,185,199,33,18,48,0,0,23,16,13,8,16,0,0
customer,opid,26,318,150,99,30,13,26,0,0,21,19,11,6,13,0,0
plan,opid,26,282,139,72,29,15,27,0,0,26,10,11,7,9,0,0
provider,opid,26,254,132,69,19,11,21,2,0,25,13,7,5,12,1,0
address,opid,26,203,96,79,13,4,11,0,0,20,16,7,3,8,0,0
stop,lead,26,171,27,118,13,2,11,0,0,4,14,7,2,6,0,0
date,opid,26,170,149,12,8,0,1,0,0,22,6,2,0,1,0,0
feature,path,26,163,104,30,12,4,13,0,0,26,10,9,4,8,0,0
record,opid,26,163,80,43,17,10,13,0,0,25,12,9,8,10,0,0
language,opid,26,91,38,35,8,4,6,0,0,19,12,4,3,4,0,0
import,lead,26,81,3,69,9,0,0,0,0,2,23,4,0,0,0,0
copy,path,26,70,16,47,5,1,0,1,0,4,22,3,1,0,1,0
site,path,25,1128,535,276,154,46,117,0,0,24,15,13,11,11,0,0
server,path,25,852,402,185,124,42,98,1,0,24,18,12,7,11,1,0
route,path,25,373,187,112,29,14,31,0,0,21,15,6,4,7,0,0
billing,opid,25,298,198,54,17,13,16,0,0,24,14,10,8,8,0,0
credential,opid,25,182,70,66,18,11,17,0,0,18,15,10,5,10,0,0
default,opid,25,172,83,52,25,4,8,0,0,22,11,12,4,5,0,0
media,opid,25,148,73,49,10,1,15,0,0,22,16,7,1,10,0,0
3,opid,24,573,261,143,83,11,74,1,0,21,14,7,3,7,1,0
connection,opid,24,515,185,191,55,36,48,0,0,19,16,6,8,9,0,0
channel,opid,24,414,170,122,50,17,55,0,0,24,15,8,8,10,0,0
team,opid,24,371,278,45,13,11,24,0,0,22,15,8,5,10,0,0
organization,path,24,304,135,94,38,4,30,1,2,23,12,8,4,10,1,1
integration,path,24,277,121,64,34,21,37,0,0,20,17,9,8,14,0,0
review,opid,24,142,62,52,11,6,11,0,0,18,17,6,4,6,0,0
date,path,24,125,105,11,9,0,0,0,0,22,6,2,0,0,0,0
archive,path,24,92,30,46,7,0,8,1,0,15,17,4,0,5,1,0
activity,path,24,83,48,26,6,2,1,0,0,20,6,4,2,1,0,0
ids,opid,24,77,53,17,2,2,3,0,0,19,9,2,2,3,0,0
revoke,opid,24,69,10,37,3,0,19,0,0,3,12,2,0,13,0,0
invite,path,24,62,12,37,6,0,7,0,0,6,19,4,0,5,0,0
pdf,path,24,51,28,22,0,0,1,0,0,17,11,0,0,1,0,0
network,path,23,1314,658,247,178,78,153,0,0,21,13,9,6,13,0,0
network,opid,23,820,404,206,99,35,76,0,0,22,13,7,6,11,0,0
server,opid,23,503,254,118,58,24,48,1,0,22,14,9,6,10,1,0
attribute,path,23,416,182,156,30,12,36,0,0,22,15,12,3,13,0,0
run,path,23,333,150,137,12,17,17,0,0,16,19,6,3,9,0,0
region,opid,23,306,142,104,13,20,27,0,0,22,8,7,5,5,0,0
asset,path,23,267,118,85,15,23,24,0,2,20,17,7,7,12,0,1
authorization,opid,23,220,92,61,24,6,36,1,0,13,16,5,3,9,1,0
share,path,23,220,85,73,28,6,26,2,0,15,14,8,4,6,1,0
share,opid,23,202,77,75,22,5,22,1,0,16,15,8,4,8,1,0
credential,path,23,183,76,62,17,11,17,0,0,20,15,8,5,10,0,0
serie,path,23,163,114,33,5,1,9,1,0,21,8,3,1,5,1,0
sync,opid,23,163,50,95,7,5,6,0,0,10,16,2,2,2,0,0
system,opid,23,137,83,42,7,0,5,0,0,23,8,4,0,3,0,0
auto,opid,23,123,41,65,9,1,7,0,0,16,12,5,1,6,0,0
statuses,path,23,111,66,28,7,2,8,0,0,22,10,6,2,4,0,0
view,opid,23,100,61,25,3,2,9,0,0,19,9,1,1,5,0,0
on,opid,23,84,26,37,10,3,8,0,0,11,13,6,2,4,0,0
disable,lead,23,79,0,65,6,0,8,0,0,0,17,4,0,4,0,0
pdf,opid,23,42,24,17,0,0,1,0,0,15,10,0,0,1,0,0
ping,path,23,39,25,14,0,0,0,0,0,18,8,0,0,0,0,0
for,path,22,394,61,325,4,1,3,0,0,16,13,3,1,2,0,0
model,path,22,276,131,103,7,11,18,0,6,21,10,5,6,8,0,1
quote,path,22,264,113,82,43,4,22,0,0,19,14,9,2,7,0,0
label,path,22,217,73,84,21,6,33,0,0,21,11,10,4,11,0,0
properties,path,22,176,89,26,29,3,28,1,0,21,8,7,3,9,1,0
secret,path,22,166,61,52,18,11,22,0,2,19,20,7,7,11,0,1
page,path,22,164,100,27,14,7,16,0,0,19,8,7,4,7,0,0
addresses,path,22,153,69,41,17,6,20,0,0,19,16,11,5,12,0,0
sms,path,22,149,56,48,24,2,19,0,0,13,18,5,2,6,0,0
block,path,22,140,69,39,13,5,10,0,4,17,10,8,3,7,0,1
license,path,22,139,63,61,7,2,6,0,0,19,12,4,1,5,0,0
live,path,22,135,66,37,11,4,17,0,0,15,13,6,4,7,0,0
edit,opid,22,133,15,37,29,47,5,0,0,4,8,13,5,1,0,0
address,path,22,131,60,59,9,2,1,0,0,15,11,5,2,1,0,0
block,opid,22,122,61,37,12,4,8,0,0,16,11,8,3,6,0,0
query,lead,22,111,75,32,1,1,2,0,0,13,12,1,1,1,0,0
archive,opid,22,88,17,47,6,0,17,1,0,11,16,3,0,6,1,0
as,opid,22,78,25,33,11,4,5,0,0,8,13,5,3,3,0,0
top,path,22,67,63,4,0,0,0,0,0,20,3,0,0,0,0,0
move,path,22,62,4,49,8,1,0,0,0,3,18,4,1,0,0,0
related,path,22,61,51,9,0,0,1,0,0,22,2,0,0,1,0,0
single,opid,22,50,41,8,1,0,0,0,0,15,7,1,0,0,0,0
publish,path,22,46,5,37,0,3,1,0,0,3,20,0,1,1,0,0
last,opid,22,44,34,10,0,0,0,0,0,19,5,0,0,0,0,0
activate,path,22,39,1,32,5,1,0,0,0,1,17,4,1,0,0,0
logout,path,22,25,3,21,0,0,1,0,0,3,18,0,0,1,0,0
note,opid,21,553,294,115,66,23,55,0,0,17,14,12,4,9,0,0
organization,opid,21,408,168,159,40,8,33,0,0,21,12,8,5,12,0,0
issue,path,21,304,136,76,29,8,52,3,0,17,14,7,3,8,1,0
integration,opid,21,255,110,75,22,17,31,0,0,18,14,6,8,12,0,0
registration,path,21,247,109,78,22,13,25,0,0,14,18,7,3,8,0,0
point,opid,21,186,128,31,12,2,13,0,0,18,9,4,2,5,0,0
from,path,21,175,43,125,6,0,1,0,0,10,18,1,0,1,0,0
save,opid,21,151,2,79,70,0,0,0,0,2,17,8,0,0,0,0
post,path,21,133,66,42,16,1,8,0,0,12,17,7,1,5,0,0
feature,opid,21,113,62,25,10,4,12,0,0,20,7,6,4,7,0,0
feed,path,21,110,57,24,12,6,11,0,0,19,9,7,4,6,0,0
statistic,opid,21,109,85,24,0,0,0,0,0,19,3,0,0,0,0,0
view,path,21,107,54,29,13,1,10,0,0,16,12,3,1,6,0,0
copy,opid,21,98,27,65,4,1,0,1,0,4,18,2,1,0,1,0
verification,opid,21,96,30,55,7,2,2,0,0,11,13,5,2,2,0,0
in,path,21,93,40,46,3,1,3,0,0,14,12,3,1,3,0,0
lookup,path,21,87,54,33,0,0,0,0,0,17,8,0,0,0,0,0
enable,lead,21,80,0,71,7,2,0,0,0,0,16,5,1,0,0,0
active,opid,21,70,57,9,2,0,2,0,0,17,5,2,0,2,0,0
move,opid,21,69,6,54,8,1,0,0,0,4,16,5,1,0,0,0
ids,path,21,55,41,9,1,1,3,0,0,16,6,1,1,2,0,0
activate,opid,21,51,1,44,5,1,0,0,0,1,16,4,1,0,0,0
resend,path,21,38,1,37,0,0,0,0,0,1,20,0,0,0,0,0
entity,opid,20,1358,451,323,218,150,174,42,0,16,14,5,6,9,1,0
instance,opid,20,1041,378,502,34,57,70,0,0,19,10,7,5,9,0,0
model,opid,20,457,184,163,48,13,49,0,0,18,6,4,4,7,0,0
node,opid,20,396,175,127,24,21,43,4,2,18,12,12,5,12,3,1
video,path,20,338,174,72,33,8,48,3,0,16,11,4,2,6,1,0
object,opid,20,310,137,77,51,6,37,2,0,19,11,5,3,7,1,0
folder,path,20,241,101,52,7,37,44,0,0,18,14,4,4,10,0,0
a,opid,20,233,114,77,23,2,17,0,0,14,12,5,1,4,0,0
label,opid,20,184,58,83,17,6,20,0,0,19,11,7,3,9,0,0
ip,path,20,150,72,50,9,7,12,0,0,19,9,5,4,6,0,0
method,path,20,139,63,34,20,5,15,0,2,20,10,7,2,8,0,1
properties,opid,20,112,51,37,6,7,5,6,0,16,7,4,6,5,2,0
invitation,opid,20,111,38,55,3,4,11,0,0,14,14,3,3,10,0,0
test,lead,20,111,35,66,5,1,4,0,0,8,17,3,1,1,0,0
activity,opid,20,92,45,34,8,2,3,0,0,15,11,5,2,3,0,0
push,opid,20,81,21,41,7,3,9,0,0,9,17,6,3,6,0,0
publish,opid,20,66,9,53,4,0,0,0,0,5,18,3,0,0,0,0
error,path,20,65,50,12,0,1,2,0,0,13,8,0,1,2,0,0
preview,path,20,61,23,32,2,2,2,0,0,12,11,2,1,1,0,0
refresh,opid,20,59,10,39,4,3,3,0,0,4,14,3,2,2,0,0
active,path,20,53,36,10,4,0,3,0,0,15,7,3,0,2,0,0
json,opid,20,53,34,18,1,0,0,0,0,13,8,1,0,0,0,0
country,opid,20,40,38,1,0,0,1,0,0,19,1,0,0,1,0,0
resend,opid,20,37,0,36,1,0,0,0,0,0,19,1,0,0,0,0
logout,opid,20,23,2,18,0,0,3,0,0,2,15,0,0,3,0,0
certificate,path,19,892,132,675,27,22,35,1,0,17,16,6,6,12,1,0
policy,opid,19,881,308,411,75,13,69,5,0,15,15,12,5,11,1,0
policy,path,19,728,250,383,51,5,39,0,0,16,11,10,4,6,0,0
route,opid,19,349,172,101,28,16,32,0,0,17,11,5,5,6,0,0
authorization,path,19,340,156,87,40,6,50,1,0,11,15,4,3,8,1,0
definition,path,19,317,135,118,29,3,32,0,0,16,11,6,3,7,0,0
issue,opid,19,292,131,69,36,8,45,3,0,14,12,5,2,5,1,0
store,path,19,279,125,93,22,13,26,0,0,17,10,3,4,5,0,0
company,path,19,254,168,56,14,6,10,0,0,16,9,6,3,4,0,0
admin,opid,19,234,74,129,7,7,17,0,0,14,12,3,4,8,0,0
inventory,path,19,230,117,74,16,13,10,0,0,17,11,6,4,4,0,0
phone,path,19,203,87,65,5,19,27,0,0,13,12,2,2,5,0,0
purchase,opid,19,177,90,62,13,5,7,0,0,15,13,7,2,4,0,0
schema,path,19,175,87,56,18,2,11,1,0,18,8,5,2,6,1,0
point,path,19,145,106,29,2,1,7,0,0,17,8,1,1,4,0,0
path,opid,19,123,70,24,5,7,10,4,3,15,8,3,4,6,2,1
license,opid,19,120,50,57,5,3,5,0,0,17,9,3,2,3,0,0
property,opid,19,119,59,14,23,2,20,1,0,17,8,8,2,6,1,0
statistic,path,19,106,83,23,0,0,0,0,0,18,2,0,0,0,0,0
invitation,path,19,105,39,45,3,6,12,0,0,14,15,3,5,11,0,0
show,lead,19,98,96,2,0,0,0,0,0,17,2,0,0,0,0,0
verification,path,19,96,28,62,4,1,1,0,0,10,17,3,1,1,0,0
page,opid,19,95,56,21,7,4,7,0,0,15,8,4,3,5,0,0
track,path,19,95,60,12,10,1,12,0,0,16,8,6,1,6,0,0
tracking,path,19,91,39,31,5,8,8,0,0,13,13,3,4,5,0,0
oauth,opid,19,82,33,28,5,3,13,0,0,14,15,4,3,8,0,0
activities,path,19,81,51,17,4,2,7,0,0,19,10,4,2,6,0,0
assign,opid,19,73,3,49,18,1,2,0,0,1,17,5,1,2,0,0
refund,path,19,66,23,37,4,0,2,0,0,7,17,2,0,1,0,0
read,path,19,64,9,43,11,1,0,0,0,5,15,6,1,0,0,0
external,opid,19,63,28,25,3,2,5,0,0,13,11,3,2,5,0,0
invite,opid,19,57,13,33,7,0,4,0,0,6,15,4,0,4,0,0
last,path,19,41,30,11,0,0,0,0,0,15,6,0,0,0,0,0
accept,path,19,39,0,33,5,1,0,0,0,0,16,4,1,0,0,0
owner,opid,19,38,20,8,6,0,4,0,0,14,6,6,0,2,0,0
revoke,lead,19,36,0,17,3,0,16,0,0,0,8,2,0,11,0,0
revoke,path,19,36,2,31,3,0,0,0,0,2,17,2,0,0,0,0
0,path,18,3648,2255,893,159,168,172,1,0,15,11,5,5,4,1,0
entity,path,18,1433,1187,116,64,3,63,0,0,14,11,4,2,5,0,0
definition,opid,18,1075,855,126,44,6,44,0,0,17,13,8,5,8,0,0
site,opid,18,778,373,201,96,29,79,0,0,18,11,10,10,9,0,0
attribute,opid,18,460,198,162,46,18,36,0,0,17,12,9,5,10,0,0
using,opid,18,435,239,165,8,6,17,0,0,14,10,2,1,3,0,0
company,opid,18,294,189,59,22,10,14,0,0,16,8,6,1,2,0,0
snapshot,opid,18,291,118,153,5,4,11,0,0,13,14,2,2,4,0,0
snapshot,path,18,283,115,148,6,3,11,0,0,13,12,3,1,5,0,0
store,opid,18,258,113,89,18,12,26,0,0,13,11,3,5,5,0,0
inventory,opid,18,212,112,58,18,13,11,0,0,17,13,8,4,5,0,0
alert,path,18,210,116,49,23,6,16,0,0,15,11,6,3,8,0,0
package,opid,18,176,79,66,12,3,16,0,0,18,12,6,3,9,0,0
secret,opid,18,172,62,62,17,10,21,0,0,14,15,7,6,9,0,0
level,opid,18,169,88,44,15,8,14,0,0,14,8,5,3,4,0,0
one,opid,18,168,150,7,5,2,4,0,0,15,5,4,1,4,0,0
line,path,18,156,88,37,11,3,17,0,0,16,9,6,3,6,0,0
cache,path,18,153,60,59,10,3,20,1,0,10,8,4,1,8,1,0
business,path,18,152,33,109,4,2,3,1,0,13,8,3,2,2,1,0
queue,opid,18,145,62,63,7,4,9,0,0,14,12,5,4,5,0,0
release,path,18,128,65,32,7,7,16,1,0,13,12,4,4,6,1,0
show,opid,18,122,107,4,7,0,4,0,0,14,4,2,0,2,0,0
sale,path,18,117,74,18,14,2,9,0,0,16,7,6,1,6,0,0
connect,path,18,116,37,54,10,1,13,1,0,10,12,5,1,5,1,0
feed,opid,18,107,65,18,9,5,10,0,0,17,7,7,4,6,0,0
index,opid,18,98,43,34,5,3,7,6,0,13,10,2,3,5,1,0
live,opid,18,94,44,22,11,5,12,0,0,16,9,6,4,6,0,0
method,opid,18,82,38,20,15,2,7,0,0,17,8,6,1,5,0,0
accept,opid,18,64,8,49,6,1,0,0,0,1,15,4,1,0,0,0
external,path,18,64,26,26,7,1,4,0,0,13,10,4,1,4,0,0
feedback,path,18,63,25,32,5,0,1,0,0,8,15,2,0,1,0,0
statuses,opid,18,63,47,12,2,1,1,0,0,16,7,2,1,1,0,0
my,opid,18,51,26,12,10,0,3,0,0,15,6,4,0,2,0,0
csv,path,18,48,38,9,0,0,1,0,0,14,7,0,0,1,0,0
clear,opid,18,46,0,33,0,0,13,0,0,0,11,0,0,9,0,0
currencies,path,18,43,38,2,2,1,0,0,0,18,1,2,1,0,0,0
html,path,18,43,24,19,0,0,0,0,0,14,7,0,0,0,0,0
submit,lead,18,34,0,31,2,1,0,0,0,0,16,2,1,0,0,0
ping,opid,18,33,22,11,0,0,0,0,0,14,6,0,0,0,0,0
login,lead,18,22,2,20,0,0,0,0,0,2,17,0,0,0,0,0
information,path,17,1119,1055,49,8,3,4,0,0,14,8,3,1,2,0,0
3,path,17,848,376,249,113,9,99,2,0,16,10,7,2,7,1,0
deployment,path,17,392,161,134,34,14,42,5,2,17,13,8,8,12,1,1
zone,path,17,301,117,122,18,17,27,0,0,17,7,6,3,7,0,0
asset,opid,17,288,148,83,15,20,22,0,0,15,13,6,6,9,0,0
analytic,path,17,275,131,106,12,11,14,1,0,15,7,3,3,3,1,0
object,path,17,270,119,73,41,9,28,0,0,17,10,5,3,6,0,0
stream,opid,17,270,110,111,14,14,16,5,0,13,10,4,5,6,1,0
stream,path,17,266,103,107,19,16,18,3,0,13,12,5,4,7,1,0
map,path,17,264,109,119,10,7,19,0,0,15,10,3,4,6,0,0
quote,opid,17,236,97,83,34,3,19,0,0,13,13,8,1,6,0,0
product,lead,17,219,117,60,17,6,15,4,0,16,7,4,3,6,1,0
sale,opid,17,218,102,75,17,2,22,0,0,15,7,5,1,6,0,0
entities,path,17,203,106,70,6,10,11,0,0,16,14,3,4,5,0,0
campaign,path,17,174,77,64,14,7,12,0,0,16,12,9,3,9,0,0
ip,opid,17,169,70,53,19,8,19,0,0,17,10,7,4,9,0,0
package,path,17,156,77,52,12,2,13,0,0,16,11,5,2,8,0,0
zone,opid,17,155,74,51,13,5,12,0,0,17,6,6,3,7,0,0
schema,opid,17,153,61,54,20,6,11,1,0,15,7,6,3,5,1,0
map,opid,17,115,46,41,11,5,12,0,0,12,9,6,4,5,0,0
topic,path,17,113,55,34,13,2,9,0,0,13,10,4,2,4,0,0
dashboard,opid,17,111,62,19,11,7,12,0,0,15,7,5,5,6,0,0
offer,path,17,105,58,29,8,3,7,0,0,13,11,3,2,3,0,0
with,path,17,100,24,68,3,1,4,0,0,7,13,3,1,1,0,0
push,path,17,95,14,53,14,2,12,0,0,8,14,7,2,7,0,0
view,lead,17,92,71,13,3,0,5,0,0,14,3,1,0,3,0,0
reference,path,17,91,57,26,3,5,0,0,0,13,8,1,1,0,0,0
entries,opid,17,84,50,19,5,5,5,0,0,17,6,3,4,4,0,0
modify,lead,17,57,0,35,20,2,0,0,0,0,7,10,2,0,0,0
of,path,17,49,25,19,3,0,2,0,0,11,10,3,0,2,0,0
find,path,17,46,27,19,0,0,0,0,0,12,7,0,0,0,0,0
lookup,opid,17,44,32,12,0,0,0,0,0,14,5,0,0,0,0,0
is,opid,17,32,20,12,0,0,0,0,0,14,6,0,0,0,0,0
complete,path,17,30,5,25,0,0,0,0,0,1,16,0,0,0,0,0
me,opid,17,30,20,3,5,2,0,0,0,16,3,3,2,0,0,0
certificate,opid,16,393,139,164,28,23,38,1,0,15,14,5,5,11,1,0
environment,path,16,361,167,125,28,14,25,0,2,16,13,11,5,10,0,1
target,path,16,361,143,135,27,27,29,0,0,13,11,7,7,8,0,0
deployment,opid,16,344,128,136,25,15,35,5,0,16,13,8,8,12,1,0
analytic,opid,16,205,120,42,16,11,15,1,0,16,5,4,2,4,1,0
private,path,16,201,106,33,31,7,24,0,0,12,10,5,1,4,0,0
purchase,path,16,166,91,50,12,5,8,0,0,15,11,6,2,5,0,0
conversation,path,16,157,59,67,15,1,15,0,0,13,13,5,1,4,0,0
mapping,path,16,145,68,40,14,3,20,0,0,15,12,8,2,8,0,0
platform,path,16,140,80,36,8,8,8,0,0,16,7,3,4,3,0,0
trigger,path,16,133,43,54,15,4,17,0,0,12,16,7,4,11,0,0
replace,lead,16,132,0,8,119,4,1,0,0,0,5,10,2,1,0,0
related,opid,16,118,106,9,0,0,3,0,0,15,2,0,0,2,0,0
entry,opid,16,115,44,33,18,0,20,0,0,14,8,2,0,5,0,0
entities,opid,16,94,39,48,3,1,3,0,0,14,9,3,1,3,0,0
entries,path,16,90,48,19,8,5,10,0,0,16,9,5,4,8,0,0
edit,lead,16,89,1,8,58,22,0,0,0,1,5,11,3,0,0,0
tax,opid,16,85,41,20,11,4,9,0,0,15,11,7,3,7,0,0
episode,path,16,82,68,3,6,0,5,0,0,16,3,3,0,3,0,0
edit,path,16,81,25,36,10,5,5,0,0,7,10,3,1,1,0,0
index,path,16,81,15,61,4,0,1,0,0,8,8,2,0,1,0,0
an,opid,16,78,37,26,7,4,4,0,0,10,7,4,1,3,0,0
all,lead,16,69,69,0,0,0,0,0,0,16,0,0,0,0,0,0
audit,opid,16,62,32,22,2,3,3,0,0,14,5,1,1,2,0,0
preview,opid,16,60,23,31,2,2,2,0,0,9,10,2,1,1,0,0
owner,path,16,57,24,16,5,0,12,0,0,13,8,5,0,5,0,0
transfer,lead,16,53,2,43,5,2,1,0,0,1,12,3,2,1,0,0
refund,opid,16,49,18,28,2,0,1,0,0,6,14,1,0,1,0,0
preference,path,16,47,15,17,11,0,4,0,0,11,9,8,0,3,0,0
submit,opid,16,44,0,40,3,1,0,0,0,0,15,2,1,0,0,0
position,path,16,43,23,13,2,3,1,0,1,12,5,2,2,1,0,1
thumbnail,path,16,37,21,8,2,3,3,0,0,13,5,2,3,3,0,0
and,path,16,36,21,13,1,1,0,0,0,11,7,1,1,0,0,0
exchange,path,16,35,18,17,0,0,0,0,0,9,11,0,0,0,0,0
complete,lead,16,31,0,24,6,0,1,0,0,0,14,2,0,1,0,0
move,lead,16,31,1,24,6,0,0,0,0,1,13,4,0,0,0,0
parent,opid,16,31,16,10,3,0,2,0,0,11,6,2,0,2,0,0
resend,lead,16,25,1,23,1,0,0,0,0,1,14,1,0,0,0,0
autocomplete,path,16,24,21,3,0,0,0,0,0,14,3,0,0,0,0,0
authorize,path,16,23,9,14,0,0,0,0,0,9,10,0,0,0,0,0
endpoint,opid,15,454,192,179,28,17,38,0,0,14,8,6,5,7,0,0
node,path,15,418,186,126,38,17,45,4,2,15,12,8,5,12,3,1
repository,opid,15,354,142,106,50,1,55,0,0,13,11,7,1,9,0,0
article,path,15,286,194,53,17,3,19,0,0,14,7,4,1,3,0,0
table,path,15,275,123,123,15,3,11,0,0,14,6,4,3,3,0,0
read,lead,15,264,260,4,0,0,0,0,0,14,2,0,0,0,0,0
private,opid,15,260,119,58,41,5,37,0,0,11,9,5,1,4,0,0
global,opid,15,244,101,101,11,11,20,0,0,13,11,6,4,10,0,0
call,path,15,212,103,81,8,4,16,0,0,11,13,5,4,5,0,0
bundle,path,15,179,91,50,11,9,16,0,2,13,13,4,5,7,0,1
person,path,15,166,97,30,7,15,15,2,0,14,10,5,2,7,1,0
registration,opid,15,153,76,47,11,5,14,0,0,11,13,6,3,8,0,0
connect,opid,15,143,40,54,13,7,16,7,6,9,11,5,2,4,2,1
trigger,opid,15,141,42,65,14,5,15,0,0,11,14,7,4,10,0,0
release,opid,15,138,63,42,7,8,17,1,0,12,8,4,5,7,1,0
campaign,opid,15,134,63,41,12,7,11,0,0,14,11,8,3,9,0,0
mapping,opid,15,133,57,37,16,6,17,0,0,13,13,8,4,9,0,0
cache,opid,15,127,53,51,5,2,15,1,0,9,8,4,1,7,1,0
show,path,15,117,95,5,10,0,7,0,0,12,4,3,0,3,0,0
file,lead,15,114,56,29,9,4,12,4,0,11,11,2,4,5,2,0
partner,path,15,112,40,53,5,5,9,0,0,13,9,4,5,7,0,0
recommendation,path,15,107,48,55,1,0,3,0,0,15,4,1,0,2,0,0
form,path,15,95,44,31,6,5,9,0,0,14,8,4,5,8,0,0
scheduled,path,15,91,42,35,4,3,7,0,0,14,8,3,3,6,0,0
folder,opid,15,90,44,25,8,2,11,0,0,13,10,4,2,7,0,0
track,opid,15,88,47,19,9,2,11,0,0,14,7,4,2,6,0,0
restore,path,15,87,21,63,1,1,1,0,0,5,13,1,1,1,0,0
script,path,15,86,39,28,7,2,10,0,0,12,11,4,2,6,0,0
relationship,path,15,85,37,20,5,7,16,0,0,14,8,3,2,5,0,0
tax,path,15,85,41,19,10,6,9,0,0,14,9,6,4,6,0,0
serie,opid,15,83,55,22,2,1,3,0,0,15,6,1,1,3,0,0
sms,opid,15,82,28,27,15,1,11,0,0,6,13,4,1,4,0,0
reference,opid,15,78,42,27,3,5,1,0,0,12,7,1,1,1,0,0
segment,path,15,74,40,17,4,5,8,0,0,15,6,4,2,6,0,0
geo,path,15,73,53,19,1,0,0,0,0,13,5,1,0,0,0,0
place,opid,15,73,40,23,4,4,2,0,0,11,8,3,3,2,0,0
execute,opid,15,69,4,65,0,0,0,0,0,2,15,0,0,0,0,0
run,lead,15,68,25,37,0,4,2,0,0,4,13,0,2,2,0,0
bulk,lead,15,60,8,30,9,1,12,0,0,2,13,6,1,3,0,0
confirm,path,15,59,2,35,2,20,0,0,0,2,11,2,1,0,0,0
suggestion,path,15,55,31,15,7,0,2,0,0,14,3,1,0,2,0,0
tracking,opid,15,55,26,15,7,5,2,0,0,11,8,4,2,1,0,0
feedback,opid,15,53,19,28,5,0,1,0,0,8,12,2,0,1,0,0
confirm,opid,15,52,4,27,1,20,0,0,0,2,12,1,1,0,0,0
confirm,lead,15,50,2,26,1,20,1,0,0,2,11,1,1,1,0,0
format,opid,15,46,34,10,0,1,1,0,0,13,4,0,1,1,0,0
preference,opid,15,45,13,16,9,0,7,0,0,11,8,8,0,6,0,0
spec,opid,15,43,25,10,2,3,3,0,0,13,4,2,2,2,0,0
clear,path,15,39,0,34,1,0,4,0,0,0,14,1,0,1,0,0
mark,lead,15,39,0,19,16,2,2,0,0,0,9,8,1,2,0,0
assign,lead,15,38,0,26,11,1,0,0,0,0,13,3,1,0,0,0
daily,opid,15,38,33,3,1,1,0,0,0,15,2,1,1,0,0,0
log,lead,15,38,17,15,1,1,4,0,0,7,11,1,1,3,0,0
resume,path,15,35,1,29,4,1,0,0,0,1,11,2,1,0,0,0
clear,lead,15,34,0,22,0,0,12,0,0,0,9,0,0,9,0,0
full,path,15,34,16,14,3,0,1,0,0,8,8,3,0,1,0,0
reject,path,15,33,0,30,2,1,0,0,0,0,14,2,1,0,0,0
full,opid,15,31,14,15,2,0,0,0,0,9,7,2,0,0,0,0
assign,path,15,30,0,28,1,0,1,0,0,0,15,1,0,1,0,0
copy,lead,15,29,2,25,2,0,0,0,0,1,14,2,0,0,0,0
activate,lead,15,25,0,23,2,0,0,0,0,0,13,2,0,0,0,0
out,opid,15,23,5,13,1,0,4,0,0,4,8,1,0,4,0,0
raw,path,15,22,14,8,0,0,0,0,0,11,6,0,0,0,0,0
recent,path,15,22,20,1,1,0,0,0,0,14,1,1,0,0,0,0
retry,path,15,22,0,19,3,0,0,0,0,0,13,2,0,0,0,0
leave,opid,15,21,2,15,1,0,3,0,0,1,13,1,0,2,0,0
join,opid,15,20,2,14,4,0,0,0,0,1,12,3,0,0,0,0
status,lead,15,18,17,1,0,0,0,0,0,14,1,0,0,0,0,0
pause,path,15,17,0,14,3,0,0,0,0,0,13,2,0,0,0,0
web,path,14,889,428,212,126,45,78,0,0,11,8,3,2,3,0,0
org,path,14,619,283,162,72,21,81,0,0,11,9,6,4,7,0,0
operation,opid,14,597,439,103,10,2,40,3,0,11,6,3,1,4,1,0
api,lead,14,547,250,89,92,9,94,13,0,13,3,2,2,3,1,0
ticket,path,14,493,320,110,20,17,26,0,0,13,13,6,4,4,0,0
web,opid,14,489,206,142,66,26,49,0,0,9,11,5,2,6,0,0
policies,opid,14,477,216,142,59,22,38,0,0,13,7,5,2,4,0,0
operation,path,14,443,377,40,9,2,12,3,0,10,6,3,1,3,1,0
security,path,14,422,242,91,47,14,28,0,0,12,8,4,3,3,0,0
storage,path,14,418,197,99,43,26,53,0,0,13,12,8,4,9,0,0
agent,path,14,411,206,45,132,2,26,0,0,14,9,5,2,5,0,0
pool,path,14,375,155,142,28,15,31,4,0,12,13,8,5,10,2,0
table,opid,14,310,137,140,15,7,11,0,0,12,6,5,3,3,0,0
video,opid,14,237,114,42,34,6,38,3,0,13,8,5,2,5,1,0
my,path,14,228,123,44,32,2,27,0,0,11,7,5,1,4,0,0
setup,path,14,200,84,48,32,0,36,0,0,7,10,3,0,2,0,0
alert,opid,14,186,104,36,24,6,16,0,0,13,9,7,3,8,0,0
batch,lead,14,183,8,161,8,4,2,0,0,2,14,2,2,2,0,0
fetch,lead,14,149,145,4,0,0,0,0,0,12,3,0,0,0,0,0
commit,path,14,143,34,99,5,0,5,0,0,6,11,1,0,1,0,0
restore,opid,14,133,37,90,3,1,2,0,0,5,13,2,1,2,0,0
topic,opid,14,131,62,37,15,6,11,0,0,11,9,5,3,5,0,0
dashboard,path,14,126,63,25,15,7,16,0,0,12,8,7,4,7,0,0
membership,path,14,125,76,29,3,7,10,0,0,13,8,2,4,6,0,0
queue,path,14,123,53,48,9,2,11,0,0,11,11,6,2,5,0,0
bank,path,14,118,56,39,13,4,6,0,0,12,12,6,3,5,0,0
recommendation,opid,14,115,47,62,4,0,2,0,0,13,5,1,0,1,0,0
on,path,14,104,12,80,7,2,3,0,0,5,7,6,1,2,0,0
revision,path,14,103,61,25,0,3,14,0,0,13,6,0,2,5,0,0
calendar,path,14,97,48,22,11,6,10,0,0,12,8,5,2,4,0,0
scheduled,opid,14,93,41,33,6,4,9,0,0,12,7,4,4,8,0,0
shared,opid,14,92,53,27,8,1,3,0,0,11,10,6,1,3,0,0
authentication,path,14,88,30,41,7,3,7,0,0,8,13,3,2,4,0,0
order,lead,14,86,34,32,10,4,6,0,0,9,9,6,3,4,0,0
image,lead,14,83,44,32,2,1,4,0,0,10,10,2,1,4,0,0
addresses,opid,14,78,39,23,5,4,7,0,0,13,7,4,3,4,0,0
open,opid,14,74,37,23,5,4,4,1,0,12,5,3,2,2,1,0
segment,opid,14,71,39,16,4,5,7,0,0,14,5,4,2,5,0,0
return,path,14,64,22,32,5,0,5,0,0,7,12,5,0,4,0,0
end,path,14,63,13,46,2,1,1,0,0,4,9,2,1,1,0,0
error,opid,14,62,50,9,0,1,2,0,0,11,5,0,1,2,0,0
scan,path,14,58,27,30,1,0,0,0,0,9,10,1,0,0,0,0
delivery,opid,14,57,16,36,5,0,0,0,0,7,10,3,0,0,0,0
geo,opid,14,57,37,19,1,0,0,0,0,13,5,1,0,0,0,0
flag,path,14,55,26,18,3,4,4,0,0,9,9,3,2,2,0,0
offer,opid,14,55,32,17,2,1,3,0,0,12,7,1,1,2,0,0
exchange,opid,14,50,17,31,0,1,1,0,0,6,11,0,1,1,0,0
activities,opid,14,47,30,9,2,2,4,0,0,14,5,2,2,4,0,0
prediction,path,14,43,17,22,1,0,2,0,1,10,8,1,0,2,0,1
save,lead,14,41,1,18,22,0,0,0,0,1,11,6,0,0,0,0
area,opid,14,40,28,8,0,2,2,0,0,11,5,0,2,2,0,0
rating,path,14,40,29,5,3,1,2,0,0,12,4,3,1,2,0,0
top,opid,14,40,37,3,0,0,0,0,0,13,2,0,0,0,0,0
csv,opid,14,39,29,9,0,0,1,0,0,10,6,0,0,1,0,0
daily,path,14,35,30,3,1,1,0,0,0,14,2,1,1,0,0,0
area,path,14,34,28,4,0,1,1,0,0,11,4,0,1,1,0,0
mark,opid,14,34,0,20,10,2,2,0,0,0,8,5,1,2,0,0
publish,lead,14,30,0,29,1,0,0,0,0,0,14,1,0,0,0,0
convert,path,14,29,5,24,0,0,0,0,0,5,10,0,0,0,0,0
convert,opid,14,28,4,24,0,0,0,0,0,4,11,0,0,0,0,0
random,path,14,24,17,7,0,0,0,0,0,10,4,0,0,0,0,0
rename,opid,14,24,0,18,4,2,0,0,0,0,8,4,2,0,0,0
similar,path,14,24,21,3,0,0,0,0,0,12,3,0,0,0,0,0
invite,lead,14,19,0,19,0,0,0,0,0,0,14,0,0,0,0,0
leave,path,14,19,2,16,1,0,0,0,0,1,14,1,0,0,0,0
logout,lead,14,15,1,12,0,0,2,0,0,1,11,0,0,2,0,0
cluster,path,13,565,223,210,48,29,55,0,0,12,12,9,5,8,0,0
policies,path,13,544,235,137,81,27,59,5,0,11,10,10,5,8,1,0
catalog,path,13,501,198,215,39,5,44,0,0,12,11,4,3,7,0,0
catalog,opid,13,345,148,140,23,6,28,0,0,12,10,3,3,7,0,0
repositories,path,13,290,143,65,44,0,36,2,0,11,7,2,0,2,1,0
target,opid,13,275,99,120,14,17,25,0,0,11,10,6,6,7,0,0
dataset,opid,13,225,90,101,11,6,17,0,0,12,4,5,2,4,0,0
workflow,opid,13,218,76,87,25,4,26,0,0,10,10,7,3,8,0,0
call,opid,13,198,95,74,11,3,15,0,0,10,11,7,3,5,0,0
dataset,path,13,192,86,67,12,6,19,0,2,13,6,6,3,6,0,1
build,path,13,173,69,81,7,6,10,0,0,10,11,5,2,5,0,0
assignment,path,13,170,84,34,21,4,27,0,0,12,8,5,1,7,0,0
volume,path,13,163,74,61,12,2,14,0,0,9,9,5,1,6,0,0
agent,opid,13,148,67,55,14,3,9,0,0,13,8,4,3,6,0,0
parameter,path,13,142,55,84,1,1,1,0,0,9,9,1,1,1,0,0
revision,opid,13,133,70,33,1,4,25,0,0,11,8,1,3,6,0,0
level,path,13,129,78,25,18,3,5,0,0,11,5,5,1,2,0,0
scope,path,13,126,65,24,15,4,17,1,0,11,5,6,3,4,1,0
analysis,opid,13,121,60,42,5,4,10,0,0,12,7,2,1,3,0,0
phone,opid,13,120,54,45,3,8,10,0,0,9,9,1,2,4,0,0
charge,path,13,108,71,21,7,4,5,0,0,10,7,2,1,2,0,0
line,opid,13,106,69,14,9,3,11,0,0,12,7,5,3,5,0,0
destination,opid,13,101,27,57,5,3,9,0,0,9,5,2,2,3,0,0
mobile,path,13,96,32,57,2,1,4,0,0,7,9,2,1,3,0,0
recipient,path,13,93,35,29,12,1,14,2,0,9,8,2,1,4,1,0
host,opid,13,92,39,31,9,3,10,0,0,11,8,3,2,4,0,0
4,opid,13,89,66,13,3,4,3,0,0,9,6,2,1,3,0,0
response,path,13,87,45,18,11,5,8,0,0,12,7,4,3,4,0,0
step,path,13,86,42,27,8,1,8,0,0,11,8,4,1,4,0,0
aggregate,path,13,84,56,19,3,3,3,0,0,13,5,2,2,2,0,0
shipment,path,13,83,37,29,6,4,7,0,0,10,11,4,1,4,0,0
merge,opid,13,76,21,41,7,0,7,0,0,1,11,3,0,2,0,0
platform,opid,13,76,46,18,4,4,4,0,0,13,5,3,3,3,0,0
term,opid,13,76,47,10,9,4,6,0,0,12,4,3,2,2,0,0
term,path,13,76,51,8,8,4,5,0,0,12,4,3,2,2,0,0
avatar,path,13,72,30,23,7,1,11,0,0,7,10,5,1,6,0,0
cost,path,13,72,35,26,7,1,3,0,0,8,7,4,1,1,0,0
limit,opid,13,71,37,23,3,4,4,0,0,12,4,3,3,2,0,0
person,opid,13,70,36,15,4,6,7,2,0,12,7,3,1,2,1,0
scan,opid,13,69,30,32,4,1,2,0,0,9,11,1,1,2,0,0
shipping,path,13,68,26,33,5,0,4,0,0,9,12,4,0,4,0,0
process,opid,13,63,27,18,13,0,5,0,0,4,11,1,0,2,0,0
lock,opid,13,61,19,22,10,1,9,0,0,8,10,5,1,4,0,0
place,path,13,61,41,15,1,3,1,0,0,12,5,1,2,1,0,0
progress,path,13,54,44,9,0,0,1,0,0,12,4,0,0,1,0,0
question,path,13,54,45,6,0,3,0,0,0,12,6,0,1,0,0,0
progress,opid,13,53,43,9,0,0,1,0,0,12,4,0,0,1,0,0
report,lead,13,53,30,22,1,0,0,0,0,6,8,1,0,0,0,0
as,path,13,50,19,22,1,3,5,0,0,6,10,1,2,3,0,0
calculate,opid,13,47,12,35,0,0,0,0,0,4,10,0,0,0,0,0
apply,opid,13,46,9,31,6,0,0,0,0,2,12,3,0,0,0,0
commit,opid,13,45,18,25,1,0,1,0,0,5,9,1,0,1,0,0
flag,opid,13,43,23,10,3,4,3,0,0,10,7,3,2,2,0,0
spec,path,13,43,31,7,2,1,2,0,0,13,3,1,1,1,0,0
xml,path,13,43,27,6,10,0,0,0,0,10,3,1,0,0,0,0
email,lead,13,40,15,12,4,3,4,2,0,9,7,3,2,3,1,0
multiple,opid,13,40,24,10,3,1,2,0,0,9,5,2,1,2,0,0
logo,path,13,38,16,10,3,1,8,0,0,7,9,2,1,7,0,0
path,path,13,38,20,16,1,0,1,0,0,9,6,1,0,1,0,0
accept,lead,13,37,0,30,5,2,0,0,0,0,9,4,2,0,0,0
follower,path,13,36,21,10,2,0,3,0,0,11,3,1,0,2,0,0
suggestion,opid,13,36,19,15,1,0,1,0,0,11,3,1,0,1,0,0
notify,opid,13,35,6,23,4,1,1,0,0,2,11,3,1,1,0,0
description,path,13,34,16,11,4,0,2,1,0,9,4,4,0,2,1,0
callback,path,13,33,11,16,4,0,2,0,0,6,7,4,0,2,0,0
reply,opid,13,32,3,14,6,2,7,0,0,2,11,6,1,6,0,0
is,path,13,31,22,8,1,0,0,0,0,8,6,1,0,0,0,0
subscribe,opid,13,31,3,21,7,0,0,0,0,2,11,3,0,0,0,0
apply,path,13,28,3,21,4,0,0,0,0,2,12,2,0,0,0,0
mark,path,13,26,6,14,5,0,1,0,0,3,9,3,0,1,0,0
unsubscribe,opid,13,26,2,11,1,0,12,0,0,2,6,1,0,6,0,0
country,path,13,25,24,1,0,0,0,0,0,13,1,0,0,0,0,0
doc,opid,13,25,17,6,1,0,1,0,0,12,4,1,0,1,0,0
close,path,13,21,2,15,4,0,0,0,0,1,9,3,0,0,0,0
close,opid,13,18,2,11,5,0,0,0,0,1,8,4,0,0,0,0
join,path,13,16,0,14,2,0,0,0,0,0,11,2,0,0,0,0
namespace,path,12,716,299,108,108,73,118,6,4,12,8,5,3,6,2,1
app,lead,12,610,315,175,21,27,72,0,0,10,7,6,4,6,0,0
cluster,opid,12,519,200,215,35,27,42,0,0,11,9,9,5,8,0,0
security,opid,12,374,189,92,41,15,37,0,0,11,6,5,4,4,0,0
companies,path,12,372,244,63,29,14,22,0,0,12,9,5,4,6,0,0
service,lead,12,328,192,65,20,20,31,0,0,11,8,3,4,6,0,0
partial,opid,12,320,0,3,1,316,0,0,0,0,3,1,9,0,0,0
article,opid,12,283,181,57,19,4,22,0,0,11,7,5,2,4,0,0
player,path,12,262,215,25,14,4,4,0,0,9,6,1,3,3,0,0
identity,path,12,250,62,173,6,2,6,1,0,10,6,3,1,3,1,0
workflow,path,12,215,67,100,19,4,21,0,4,11,10,6,3,8,0,1
volume,opid,12,183,80,62,16,8,17,0,0,8,8,5,3,6,0,0
tier,path,12,158,133,16,4,2,3,0,0,12,6,3,1,3,0,0
book,path,12,140,64,36,15,5,20,0,0,7,7,4,1,3,0,0
dns,path,12,140,63,39,13,10,15,0,0,8,11,4,2,5,0,0
auto,path,12,139,36,88,5,2,8,0,0,10,10,3,2,6,0,0
availability,path,12,139,41,90,5,1,2,0,0,10,6,3,1,1,0,0
artifact,path,12,131,58,46,14,0,12,1,0,11,8,4,0,3,1,0
membership,opid,12,124,80,27,4,6,7,0,0,11,5,2,3,3,0,0
ips,path,12,117,41,50,13,2,11,0,0,11,11,5,2,5,0,0
partner,opid,12,110,39,53,4,5,9,0,0,10,8,3,5,6,0,0
listing,path,12,108,74,21,3,1,9,0,0,11,8,2,1,4,0,0
conversation,opid,12,101,40,46,12,0,3,0,0,11,8,4,0,3,0,0
addon,path,12,98,53,17,12,2,14,0,0,10,6,5,2,5,0,0
host,path,12,93,39,31,9,3,11,0,0,11,7,3,2,5,0,0
consent,path,12,90,24,58,2,1,5,0,0,6,11,2,1,4,0,0
vendor,path,12,89,48,19,12,4,6,0,0,10,6,5,2,3,0,0
journal,path,12,88,49,15,11,3,10,0,0,12,8,4,2,6,0,0
script,opid,12,87,41,26,8,2,10,0,0,11,8,5,2,7,0,0
shared,path,12,86,51,21,5,2,7,0,0,10,8,4,2,4,0,0
vendor,opid,12,82,44,19,11,3,5,0,0,10,6,5,1,4,0,0
class,opid,12,80,37,14,9,6,14,0,0,10,5,4,2,4,0,0
aggregate,opid,12,78,48,21,3,3,3,0,0,11,6,2,2,2,0,0
merge,path,12,78,26,40,5,0,7,0,0,4,11,1,0,2,0,0
unit,path,12,75,47,22,2,1,3,0,0,11,6,2,1,3,0,0
draft,opid,12,74,31,15,14,1,13,0,0,9,8,5,1,6,0,0
remote,opid,12,74,31,29,3,2,9,0,0,10,8,3,2,5,0,0
audit,path,12,72,35,25,4,3,5,0,0,9,5,1,1,2,0,0
step,opid,12,71,33,27,5,1,5,0,0,9,8,3,1,3,0,0
traffic,path,12,69,38,23,5,0,3,0,0,12,3,3,0,2,0,0
statement,path,12,67,32,28,1,1,5,0,0,10,6,1,1,3,0,0
local,opid,12,66,30,27,4,1,4,0,0,10,5,3,1,3,0,0
photo,path,12,64,35,19,2,2,6,0,0,9,6,1,1,3,0,0
local,path,12,62,30,23,4,1,4,0,0,11,3,3,1,3,0,0
identifier,opid,12,61,28,18,3,4,8,0,0,9,6,1,2,4,0,0
delivery,path,12,60,10,26,13,9,2,0,0,5,10,3,2,1,0,0
payment,lead,12,59,25,24,3,3,4,0,0,11,7,2,2,3,0,0
sub,opid,12,59,36,8,6,2,7,0,0,11,6,3,2,3,0,0
command,path,12,58,15,34,5,1,3,0,0,8,10,4,1,3,0,0
cost,opid,12,56,26,24,5,1,0,0,0,7,6,5,1,0,0,0
form,opid,12,53,25,14,3,4,7,0,0,10,7,3,4,6,0,0
calculate,lead,12,52,5,47,0,0,0,0,0,3,11,0,0,0,0,0
audio,path,12,51,32,13,0,0,2,4,0,7,7,0,0,1,1,0
avatar,opid,12,51,28,11,5,1,6,0,0,7,8,4,1,4,0,0
async,opid,12,49,19,22,6,0,2,0,0,6,7,3,0,2,0,0
resume,opid,12,49,3,41,4,1,0,0,0,2,8,2,1,0,0,0
pending,opid,12,46,18,23,3,0,2,0,0,11,5,3,0,2,0,0
new,lead,12,45,38,7,0,0,0,0,0,6,6,0,0,0,0,0
auth,lead,12,39,7,28,2,2,0,0,0,4,11,1,1,0,0,0
question,opid,12,39,21,9,0,5,4,0,0,11,6,0,2,1,0,0
reject,opid,12,39,6,30,1,1,1,0,0,1,12,1,1,1,0,0
restore,lead,12,39,3,35,0,0,1,0,0,2,12,0,0,1,0,0
pending,path,12,38,17,15,3,1,2,0,0,11,4,3,1,2,0,0
answer,path,12,37,23,12,1,1,0,0,0,6,6,1,1,0,0,0
range,path,12,37,13,16,3,2,3,0,0,8,8,2,1,2,0,0
summaries,opid,12,37,24,12,1,0,0,0,0,10,2,1,0,0,0,0
execute,path,12,36,1,34,1,0,0,0,0,1,11,1,0,0,0,0
performance,path,12,36,26,9,0,0,1,0,0,11,4,0,0,1,0,0
return,opid,12,36,14,14,5,0,3,0,0,7,8,5,0,3,0,0
authorize,opid,12,35,16,19,0,0,0,0,0,7,7,0,0,0,0,0
tree,path,12,35,26,5,3,0,1,0,0,9,5,3,0,1,0,0
business,opid,12,34,18,13,2,1,0,0,0,8,5,2,1,0,0,0
health,lead,12,34,22,12,0,0,0,0,0,11,1,0,0,0,0,0
supported,path,12,33,31,2,0,0,0,0,0,12,2,0,0,0,0,0
clone,opid,12,32,3,29,0,0,0,0,0,3,11,0,0,0,0,0
favorite,path,12,31,15,5,4,1,6,0,0,10,4,4,1,6,0,0
replies,path,12,30,12,9,1,3,5,0,0,11,7,1,2,4,0,0
thumbnail,opid,12,29,14,9,1,2,3,0,0,9,5,1,2,2,0,0
clone,path,12,28,2,26,0,0,0,0,0,2,11,0,0,0,0,0
doc,path,12,27,16,9,1,0,1,0,0,10,5,1,0,1,0,0
rating,opid,12,27,20,4,1,1,1,0,0,10,3,1,1,1,0,0
suggest,path,12,25,15,8,0,0,2,0,0,9,5,0,0,1,0,0
approve,path,12,24,0,19,2,1,2,0,0,0,10,1,1,1,0,0
link,lead,12,24,5,17,1,0,1,0,0,2,10,1,0,1,0,0
upsert,opid,12,24,0,16,8,0,0,0,0,0,9,4,0,0,0,0
tree,opid,12,22,15,4,2,0,1,0,0,9,4,2,0,1,0,0
updated,path,12,22,15,7,0,0,0,0,0,8,4,0,0,0,0,0
username,opid,12,21,9,2,7,2,1,0,0,6,2,6,1,1,0,0
out,path,12,20,4,15,1,0,0,0,0,2,10,1,0,0,0,0
retry,opid,12,20,0,17,3,0,0,0,0,0,10,2,0,0,0,0
next,opid,12,16,10,4,1,0,1,0,0,8,3,1,0,1,0,0
ping,lead,12,16,7,9,0,0,0,0,0,6,7,0,0,0,0,0
username,path,12,14,6,3,5,0,0,0,0,5,3,5,0,0,0,0
rest,path,11,1169,561,313,132,45,118,0,0,11,8,5,2,6,0,0
gateway,path,11,614,217,315,33,13,36,0,0,9,8,4,2,6,0,0
parameter,opid,11,577,493,79,2,1,2,0,0,9,5,2,1,2,0,0
ticket,opid,11,465,309,100,16,15,25,0,0,10,9,4,3,3,0,0
endpoint,path,11,415,163,176,28,13,35,0,0,11,7,6,4,7,0,0
workspace,path,11,381,161,124,35,18,43,0,0,10,9,6,1,6,0,0
environment,opid,11,352,162,138,20,11,21,0,0,11,10,7,4,9,0,0
storage,opid,11,332,141,86,42,20,43,0,0,9,9,7,3,7,0,0
game,path,11,312,202,89,9,1,11,0,0,9,6,2,1,3,0,0
tag,lead,11,266,48,179,16,4,15,4,0,6,8,5,2,4,1,0
assignment,opid,11,189,84,36,28,7,34,0,0,9,8,6,2,6,0,0
project,lead,11,180,90,37,19,18,15,1,0,10,8,5,4,4,1,0
function,path,11,174,66,64,21,2,21,0,0,10,7,6,2,5,0,0
component,path,11,140,73,37,13,5,12,0,0,11,5,5,2,5,0,0
build,opid,11,137,67,50,6,6,8,0,0,8,8,5,2,3,0,0
notification,lead,11,136,61,30,15,14,14,2,0,9,7,5,5,4,1,0
availability,opid,11,133,35,92,3,1,2,0,0,7,6,2,1,1,0,0
forecast,path,11,109,24,84,0,0,1,0,0,9,3,0,0,1,0,0
flow,path,11,107,27,57,13,0,10,0,0,10,5,3,0,3,0,0
aliases,path,11,104,48,28,10,0,18,0,0,10,7,5,0,8,0,0
bank,opid,11,96,42,35,13,2,4,0,0,10,10,6,2,4,0,0
recipient,opid,11,95,33,33,12,1,14,2,0,7,9,2,1,4,1,0
analysis,path,11,92,30,58,2,1,1,0,0,9,5,2,1,1,0,0
draft,path,11,84,38,16,15,2,13,0,0,9,7,5,1,5,0,0
journal,opid,11,84,46,14,11,3,10,0,0,11,8,4,2,6,0,0
match,opid,11,84,22,60,2,0,0,0,0,4,7,1,0,0,0,0
hook,path,11,81,33,24,7,4,13,0,0,9,11,5,1,7,0,0
hook,opid,11,78,31,22,7,4,14,0,0,10,10,5,1,7,0,0
variable,opid,11,75,28,21,10,5,11,0,0,10,6,6,4,5,0,0
monitor,path,11,69,30,24,6,3,6,0,0,7,9,4,1,5,0,0
party,path,11,68,44,16,3,1,4,0,0,9,4,3,1,2,0,0
merchant,path,11,67,30,27,4,1,5,0,0,8,8,1,1,2,0,0
chart,path,11,66,54,7,3,0,2,0,0,11,3,2,0,1,0,0
branches,path,11,65,38,15,3,0,8,1,0,11,5,2,0,5,1,0
the,opid,11,63,37,5,12,0,9,0,0,10,4,2,0,2,0,0
translate,path,11,61,52,9,0,0,0,0,0,4,7,0,0,0,0,0
notify,path,11,59,2,54,2,0,1,0,0,1,10,2,0,1,0,0
saved,opid,11,59,38,9,6,2,4,0,0,9,7,2,1,3,0,0
id},path,11,57,35,3,8,0,11,0,0,10,2,2,0,3,0,0
classification,path,11,56,42,7,4,1,2,0,0,9,4,4,1,2,0,0
lock,path,11,56,19,16,10,2,9,0,0,8,9,5,1,4,0,0
listing,opid,11,54,29,17,1,2,5,0,0,9,6,1,1,3,0,0
brand,path,11,52,31,7,6,0,8,0,0,10,5,2,0,3,0,0
episode,opid,11,52,45,2,3,0,2,0,0,11,2,2,0,1,0,0
program,path,11,52,28,17,2,2,3,0,0,10,9,1,1,2,0,0
command,opid,11,49,13,28,6,1,1,0,0,7,7,4,1,1,0,0
range,opid,11,49,21,17,3,3,5,0,0,8,9,2,2,3,0,0
direct,opid,11,48,25,23,0,0,0,0,0,9,7,0,0,0,0,0
linked,path,11,47,24,12,4,0,7,0,0,8,7,3,0,5,0,0
schedule,lead,11,46,26,11,4,3,2,0,0,4,8,2,2,1,0,0
market,path,11,45,42,3,0,0,0,0,0,9,3,0,0,0,0,0
meta,path,11,45,29,7,4,1,4,0,0,11,4,2,1,3,0,0
classification,opid,11,43,26,9,4,2,2,0,0,9,4,4,1,2,0,0
client,lead,11,43,22,13,4,3,1,0,0,8,6,3,2,1,0,0
following,path,11,43,23,6,6,0,8,0,0,9,5,4,0,6,0,0
like,path,11,42,18,9,5,0,10,0,0,8,7,4,0,7,0,0
calculate,path,11,38,7,31,0,0,0,0,0,4,9,0,0,0,0,0
factor,path,11,37,17,15,3,1,1,0,0,5,8,3,1,1,0,0
genre,opid,11,35,29,0,1,0,1,4,0,11,0,1,0,1,1,0
genre,path,11,35,29,0,1,0,1,4,0,11,0,1,0,1,1,0
manifest,opid,11,33,22,7,1,1,2,0,0,9,5,1,1,2,0,0
use,opid,11,32,21,5,2,1,3,0,0,6,4,2,1,3,0,0
cert,opid,11,31,15,7,2,2,5,0,0,10,4,2,2,4,0,0
deactivate,opid,11,30,2,26,1,0,1,0,0,1,10,1,0,1,0,0
sample,opid,11,30,18,9,1,0,2,0,0,11,3,1,0,2,0,0
supported,opid,11,30,27,3,0,0,0,0,0,11,2,0,0,0,0,0
multiple,path,11,29,16,10,1,1,1,0,0,9,3,1,1,1,0,0
estimate,path,11,28,8,20,0,0,0,0,0,6,8,0,0,0,0,0
icon,opid,11,28,20,7,0,0,1,0,0,8,6,0,0,1,0,0
pause,opid,11,25,1,21,3,0,0,0,0,1,9,2,0,0,0,0
approve,opid,11,23,0,20,2,1,0,0,0,0,9,1,1,0,0,0
setup,opid,11,23,10,10,2,0,1,0,0,6,8,2,0,1,0,0
subscribe,lead,11,22,1,15,6,0,0,0,0,1,9,2,0,0,0,0
answer,opid,11,20,9,7,1,1,2,0,0,5,6,1,1,1,0,0
merge,lead,11,20,0,18,2,0,0,0,0,0,9,2,0,0,0,0
validation,opid,11,19,6,12,1,0,0,0,0,4,6,1,0,0,0,0
parent,path,11,18,12,5,0,0,1,0,0,10,3,0,0,1,0,0
year,path,11,18,15,1,0,1,1,0,0,11,1,0,1,1,0,0
archive,lead,11,17,1,14,2,0,0,0,0,1,9,1,0,0,0,0
failed,path,11,17,7,8,1,0,1,0,0,5,7,1,0,1,0,0
disconnect,opid,11,16,1,8,3,0,4,0,0,1,5,2,0,3,0,0
next,path,11,16,9,6,0,0,1,0,0,8,3,0,0,1,0,0
replies,opid,11,16,13,1,0,1,1,0,0,11,1,0,1,1,0,0
rename,lead,11,15,0,9,4,2,0,0,0,0,5,4,2,0,0,0
up,opid,11,15,5,9,0,0,1,0,0,4,7,0,0,1,0,0
refresh,lead,11,14,1,10,2,1,0,0,0,1,7,2,1,0,0,0
compare,opid,11,13,5,8,0,0,0,0,0,5,7,0,0,0,0,0
reverse,path,11,13,8,4,1,0,0,0,0,6,4,1,0,0,0,0
database,path,10,552,290,107,77,21,56,1,0,9,8,6,5,6,1,0
s,path,10,529,266,84,55,51,73,0,0,9,9,4,2,4,0,0
association,opid,10,516,335,137,9,10,25,0,0,10,7,3,4,4,0,0
insight,path,10,494,252,110,55,24,53,0,0,10,6,3,3,4,0,0
org,opid,10,459,213,106,67,9,64,0,0,10,6,3,3,5,0,0
association,path,10,450,257,136,15,9,33,0,0,10,9,4,4,6,0,0
database,opid,10,444,211,130,46,17,39,1,0,9,8,8,5,7,1,0
pool,opid,10,295,124,119,17,12,21,2,0,9,10,6,4,8,2,0
player,opid,10,244,217,20,0,3,4,0,0,8,5,0,2,3,0,0
game,opid,10,233,162,64,2,1,4,0,0,9,5,1,1,2,0,0
port,path,10,233,85,37,44,31,36,0,0,9,7,7,3,7,0,0
workspace,opid,10,232,85,108,14,9,16,0,0,9,9,5,1,7,0,0
port,opid,10,231,81,40,44,31,35,0,0,8,8,6,3,6,0,0
manager,opid,10,157,66,55,14,7,15,0,0,9,6,4,2,5,0,0
cloud,path,10,154,58,74,8,5,9,0,0,8,7,4,2,4,0,0
bundle,opid,10,153,83,44,7,8,11,0,0,10,9,3,4,5,0,0
self,path,10,152,73,23,29,0,27,0,0,8,6,4,0,4,0,0
contact,lead,10,150,88,33,9,8,12,0,0,8,10,5,4,5,0,0
load,opid,10,139,61,66,5,1,6,0,0,4,9,3,1,3,0,0
connector,path,10,137,56,44,19,1,17,0,0,9,6,4,1,5,0,0
case,path,10,136,104,22,6,0,4,0,0,8,6,3,0,3,0,0
control,opid,10,131,46,39,20,12,14,0,0,5,8,4,5,4,0,0
artifact,opid,10,127,53,47,14,1,11,1,0,9,8,5,1,3,1,0
{id},path,10,126,66,3,31,3,23,0,0,10,1,4,1,3,0,0
device,lead,10,117,53,38,8,11,7,0,0,9,8,3,4,3,0,0
fetch,opid,10,116,107,9,0,0,0,0,0,8,4,0,0,0,0,0
migration,path,10,115,30,66,9,4,6,0,0,9,6,4,1,2,0,0
charge,opid,10,108,69,20,7,6,6,0,0,7,6,2,2,3,0,0
pay,opid,10,106,65,17,9,2,13,0,0,5,8,2,1,1,0,0
switch,opid,10,106,33,39,22,0,12,0,0,4,9,5,0,4,0,0
voice,path,10,105,41,28,16,2,18,0,0,7,8,2,1,6,0,0
receipt,path,10,103,43,41,13,0,5,0,1,7,8,3,0,2,0,1
score,path,10,95,60,21,7,0,7,0,0,8,5,2,0,2,0,0
master,path,10,94,74,15,1,0,2,2,0,9,3,1,0,1,1,0
open,path,10,94,57,20,12,3,2,0,0,9,3,2,2,1,0,0
chat,path,10,88,23,46,5,2,12,0,0,6,8,3,1,3,0,0
column,path,10,80,33,23,14,0,10,0,0,9,5,5,0,6,0,0
module,opid,10,79,32,10,13,10,14,0,0,10,5,6,3,7,0,0
output,opid,10,77,34,26,7,3,7,0,0,7,8,3,2,3,0,0
traffic,opid,10,76,42,25,4,0,5,0,0,10,2,2,0,2,0,0
context,path,10,75,22,29,12,5,7,0,0,7,7,3,2,3,0,0
patch,path,10,75,26,39,6,1,3,0,0,5,7,2,1,3,0,0
relationship,opid,10,75,31,18,5,6,15,0,0,10,6,3,1,4,0,0
submission,path,10,75,38,20,7,1,9,0,0,9,7,2,1,5,0,0
approval,path,10,72,30,35,2,2,3,0,0,7,6,2,2,3,0,0
upgrade,opid,10,71,24,44,3,0,0,0,0,5,10,1,0,0,0,0
variable,path,10,71,27,19,9,5,11,0,0,9,6,5,4,5,0,0
tier,opid,10,66,42,15,4,2,3,0,0,10,5,3,1,3,0,0
section,path,10,63,38,16,3,1,5,0,0,10,5,3,1,4,0,0
sku,opid,10,62,54,7,1,0,0,0,0,10,4,1,0,0,0,0
checkout,path,10,61,20,31,5,2,3,0,0,6,8,2,2,3,0,0
internal,opid,10,61,32,13,7,3,6,0,0,9,7,5,2,4,0,0
statement,opid,10,61,28,29,0,0,4,0,0,8,5,0,0,2,0,0
shipping,opid,10,59,22,27,6,0,4,0,0,7,9,2,0,3,0,0
sso,path,10,58,26,19,4,3,6,0,0,8,9,3,1,4,0,0
remote,path,10,56,19,31,1,2,3,0,0,7,7,1,2,3,0,0
ssh,path,10,56,24,14,10,1,7,0,0,8,8,5,1,5,0,0
internal,path,10,55,31,12,6,3,3,0,0,9,6,4,2,2,0,0
photo,opid,10,53,24,19,2,2,6,0,0,8,6,1,1,3,0,0
mobile,opid,10,51,15,33,1,0,2,0,0,6,7,1,0,2,0,0
linked,opid,10,50,28,10,5,0,7,0,0,9,6,3,0,4,0,0
saved,path,10,50,22,11,8,2,7,0,0,9,8,4,1,5,0,0
batches,path,10,49,15,23,5,0,6,0,0,6,8,5,0,4,0,0
detect,path,10,49,5,42,2,0,0,0,0,3,9,1,0,0,0,0
webhook,lead,10,48,19,14,3,3,9,0,0,8,8,3,3,8,0,0
pricing,path,10,47,23,15,6,1,2,0,0,7,5,2,1,1,0,0
program,opid,10,47,24,16,2,2,3,0,0,8,8,1,1,2,0,0
deleted,path,10,46,33,10,0,0,3,0,0,10,4,0,0,2,0,0
direct,path,10,46,24,22,0,0,0,0,0,9,5,0,0,0,0,0
limit,path,10,46,24,19,1,2,0,0,0,10,2,1,2,0,0,0
plugin,path,10,45,23,16,3,0,3,0,0,10,4,3,0,2,0,0
grant,opid,10,43,10,31,1,0,1,0,0,5,9,1,0,1,0,0
keyword,opid,10,39,20,13,4,1,1,0,0,9,5,2,1,1,0,0
word,path,10,38,26,7,2,1,2,0,0,8,4,2,1,2,0,0
people,path,10,35,30,1,2,0,2,0,0,10,1,2,0,2,0,0
prediction,opid,10,35,11,20,1,0,3,0,0,7,5,1,0,3,0,0
format,path,10,34,22,10,0,1,1,0,0,8,4,0,1,1,0,0
sample,path,10,33,23,7,1,0,2,0,0,10,3,1,0,2,0,0
sign,opid,10,33,2,27,1,0,2,1,0,2,9,1,0,2,1,0
summaries,path,10,33,18,14,1,0,0,0,0,8,2,1,0,0,0,0
activation,opid,10,32,11,13,5,1,2,0,0,5,7,3,1,1,0,0
manifest,path,10,32,22,7,1,1,1,0,0,8,5,1,1,1,0,0
poll,path,10,32,14,14,2,0,2,0,0,6,6,1,0,1,0,0
popular,path,10,32,32,0,0,0,0,0,0,10,0,0,0,0,0,0
legacy,opid,10,29,21,7,1,0,0,0,0,8,5,1,0,0,0,0
logo,opid,10,29,10,11,1,1,6,0,0,4,8,1,1,6,0,0
children,path,10,28,11,8,1,2,6,0,0,7,5,1,2,2,0,0
description,opid,10,28,13,9,4,0,1,1,0,7,2,4,0,1,1,0
capture,opid,10,27,5,18,1,0,3,0,0,3,10,1,0,3,0,0
capture,path,10,27,5,18,1,0,3,0,0,3,10,1,0,3,0,0
currencies,opid,10,27,23,2,1,1,0,0,0,10,1,1,1,0,0,0
detailed,opid,10,27,24,3,0,0,0,0,0,10,2,0,0,0,0,0
estimate,opid,10,27,7,20,0,0,0,0,0,5,8,0,0,0,0,0
icon,path,10,27,20,6,0,0,1,0,0,8,5,0,0,1,0,0
raw,opid,10,27,21,6,0,0,0,0,0,8,4,0,0,0,0,0
do,opid,10,26,9,14,1,0,2,0,0,4,9,1,0,1,0,0
write,path,10,26,4,20,2,0,0,0,0,3,7,2,0,0,0,0
async,path,10,25,9,16,0,0,0,0,0,7,6,0,0,0,0,0
initiate,opid,10,25,5,18,2,0,0,0,0,3,6,2,0,0,0,0
recent,opid,10,24,22,1,1,0,0,0,0,9,1,1,0,0,0,0
resize,path,10,24,2,21,1,0,0,0,0,1,9,1,0,0,0,0
sentiment,path,10,24,4,20,0,0,0,0,0,4,7,0,0,0,0,0
currency,path,10,23,15,7,1,0,0,0,0,9,4,1,0,0,0,0
execute,lead,10,23,0,23,0,0,0,0,0,0,10,0,0,0,0,0
rotate,opid,10,23,1,16,3,3,0,0,0,1,8,2,1,0,0,0
currency,opid,10,22,14,6,2,0,0,0,0,8,3,2,0,0,0,0
expression,opid,10,22,10,11,1,0,0,0,0,7,6,1,0,0,0,0
expression,path,10,22,10,11,1,0,0,0,0,7,6,1,0,0,0,0
free,path,10,22,16,4,1,0,1,0,0,7,4,1,0,1,0,0
standard,path,10,22,17,4,0,1,0,0,0,9,2,0,1,0,0,0
standard,opid,10,21,14,5,0,2,0,0,0,9,2,0,1,0,0,0
suspend,path,10,21,0,17,4,0,0,0,0,0,6,4,0,0,0,0
total,opid,10,21,14,5,2,0,0,0,0,8,4,1,0,0,0,0
end,opid,10,19,7,7,2,1,2,0,0,3,5,2,1,2,0,0
save,path,10,19,5,9,5,0,0,0,0,4,7,1,0,0,0,0
similar,opid,10,18,16,2,0,0,0,0,0,8,2,0,0,0,0,0
suggest,opid,10,17,8,8,1,0,0,0,0,8,4,1,0,0,0,0
overview,opid,10,16,12,3,0,0,1,0,0,9,2,0,0,1,0,0
day,opid,10,13,8,3,1,0,1,0,0,6,2,1,0,1,0,0
unsubscribe,path,10,12,2,9,1,0,0,0,0,2,7,1,0,0,0,0
virtual,path,9,454,190,101,67,35,61,0,0,8,7,4,3,6,0,0
global,path,9,433,172,165,15,31,50,0,0,9,6,4,2,5,0,0
virtual,opid,9,420,173,112,55,29,51,0,0,9,7,5,3,6,0,0
manager,path,9,407,161,149,43,11,43,0,0,6,8,4,2,5,0,0
backup,path,9,340,153,122,31,3,31,0,0,7,7,3,1,4,0,0
company,lead,9,263,171,50,18,10,14,0,0,9,4,3,1,2,0,0
document,lead,9,238,153,49,12,6,18,0,0,8,7,3,2,5,0,0
namespace,opid,9,235,147,37,23,9,19,0,0,9,6,4,3,5,0,0
machine,opid,9,233,105,75,19,15,19,0,0,8,5,3,3,4,0,0
task,lead,9,228,120,59,20,16,13,0,0,9,7,7,5,6,0,0
job,lead,9,226,113,56,22,12,21,2,0,9,5,3,3,4,2,0
function,opid,9,140,60,41,17,3,19,0,0,8,6,6,3,6,0,0
flow,opid,9,134,38,63,13,6,14,0,0,9,4,3,2,3,0,0
employee,path,9,131,82,14,16,5,14,0,0,9,7,4,4,4,0,0
power,opid,9,127,39,28,20,19,21,0,0,6,7,4,3,4,0,0
admin,lead,9,124,33,82,1,3,5,0,0,5,6,1,2,2,0,0
mail,path,9,121,17,92,3,6,3,0,0,5,8,2,1,2,0,0
scope,opid,9,121,63,29,11,4,10,4,0,8,4,3,3,2,1,0
reservation,opid,9,115,56,42,5,6,6,0,0,9,8,4,4,4,0,0
reservation,path,9,115,54,43,6,7,5,0,0,9,8,5,6,4,0,0
base,path,9,107,63,21,6,6,11,0,0,6,3,3,3,2,0,0
insight,opid,9,107,53,46,2,2,4,0,0,9,4,2,2,3,0,0
guest,path,9,98,42,26,15,3,12,0,0,7,5,5,2,5,0,0
domain,lead,9,97,45,24,9,8,11,0,0,9,6,4,4,5,0,0
group,lead,9,97,40,32,8,4,11,2,0,8,6,4,3,5,1,0
consumer,path,9,95,54,20,12,1,8,0,0,9,6,5,1,6,0,0
component,opid,9,94,46,33,7,3,5,0,0,8,5,4,2,3,0,0
deploy,path,9,93,12,68,4,0,9,0,0,3,9,2,0,4,0,0
book,opid,9,91,46,35,5,0,5,0,0,5,6,2,0,2,0,0
response,opid,9,91,43,19,10,8,11,0,0,7,6,3,3,4,0,0
maintenance,path,9,89,22,55,7,1,4,0,0,6,6,3,1,2,0,0
playlist,path,9,89,46,18,13,0,12,0,0,9,5,4,0,5,0,0
destination,path,9,88,18,56,4,3,7,0,0,6,4,2,2,2,0,0
control,path,9,85,34,30,11,3,7,0,0,6,6,4,3,3,0,0
voice,opid,9,84,33,23,14,2,12,0,0,6,7,2,1,3,0,0
analyse,path,9,82,51,24,3,1,3,0,0,7,8,2,1,2,0,0
follow,path,9,79,31,23,8,0,17,0,0,8,5,2,0,4,0,0
trace,path,9,78,43,18,16,0,1,0,0,8,4,2,0,1,0,0
repositories,opid,9,77,33,40,0,2,2,0,0,8,3,0,1,1,0,0
receipt,opid,9,76,32,34,9,0,1,0,0,6,8,3,0,1,0,0
claim,opid,9,71,26,24,10,5,6,0,0,4,9,3,1,1,0,0
match,path,9,71,7,62,1,0,1,0,0,2,8,1,0,1,0,0
snippet,path,9,70,38,11,9,0,12,0,0,9,5,4,0,5,0,0
string,opid,9,68,27,30,10,0,1,0,0,7,6,3,0,1,0,0
cloud,opid,9,67,28,25,5,2,7,0,0,8,6,3,1,4,0,0
calendar,opid,9,66,27,20,7,6,6,0,0,7,5,3,2,2,0,0
monitor,opid,9,66,27,25,5,3,6,0,0,7,8,4,1,5,0,0
addon,opid,9,65,37,10,8,2,8,0,0,7,4,3,2,3,0,0
output,path,9,65,20,28,7,3,7,0,0,6,9,3,2,3,0,0
sso,opid,9,65,27,20,5,4,9,0,0,7,8,2,2,5,0,0
submission,opid,9,65,32,16,7,1,9,0,0,8,7,2,1,5,0,0
alias,opid,9,64,14,30,10,0,10,0,0,6,7,3,0,5,0,0
aliases,opid,9,64,37,20,1,0,6,0,0,9,4,1,0,3,0,0
attach,opid,9,64,16,39,9,0,0,0,0,3,8,2,0,0,0,0
retention,path,9,64,32,14,10,4,4,0,0,8,3,3,2,3,0,0
deleted,opid,9,63,41,15,0,0,7,0,0,9,4,0,0,3,0,0
column,opid,9,62,26,20,10,1,5,0,0,9,4,4,1,3,0,0
box,opid,9,59,56,2,1,0,0,0,0,7,2,1,0,0,0,0
input,path,9,59,21,28,5,1,4,0,0,7,5,2,1,2,0,0
ips,opid,9,59,29,19,3,1,7,0,0,9,7,2,1,2,0,0
identifier,path,9,58,25,19,3,4,7,0,0,7,6,1,2,3,0,0
inbound,path,9,58,20,23,10,1,4,0,0,7,5,5,1,3,0,0
pull,opid,9,56,12,39,1,1,3,0,0,3,7,1,1,2,0,0
movie,path,9,55,50,4,0,0,1,0,0,9,2,0,0,1,0,0
recording,path,9,54,33,12,3,2,4,0,0,8,3,1,1,3,0,0
base,opid,9,53,24,15,4,5,5,0,0,6,4,3,4,3,0,0
additional,path,9,52,36,11,1,1,3,0,0,6,4,1,1,2,0,0
multi,opid,9,50,30,14,4,2,0,0,0,7,5,3,2,0,0,0
priority,opid,9,49,20,9,7,5,8,0,0,6,6,2,1,3,0,0
size,path,9,49,30,16,1,1,1,0,0,8,3,1,1,1,0,0
artist,path,9,48,42,3,0,0,2,1,0,9,2,0,0,1,1,0
shipment,opid,9,48,20,19,6,0,3,0,0,7,8,4,0,3,0,0
support,path,9,48,23,16,4,2,3,0,0,7,6,1,2,2,0,0
variant,path,9,48,32,7,3,2,4,0,0,9,5,2,1,2,0,0
booking,opid,9,47,19,21,5,1,1,0,0,7,7,4,1,1,0,0
specific,opid,9,47,32,6,6,0,3,0,0,8,2,2,0,1,0,0
play,path,9,46,17,27,2,0,0,0,0,5,6,1,0,0,0,0
mail,opid,9,45,17,17,3,6,2,0,0,6,7,2,1,1,0,0
transition,path,9,41,15,14,2,2,3,0,5,8,8,2,1,3,0,1
activation,path,9,40,15,15,5,1,4,0,0,5,7,2,1,2,0,0
share,lead,9,40,13,17,6,0,4,0,0,2,7,2,0,1,0,0
browser,path,9,38,24,3,9,0,2,0,0,8,2,1,0,1,0,0
period,opid,9,38,26,6,4,1,1,0,0,9,3,1,1,1,0,0
restart,path,9,38,1,36,1,0,0,0,0,1,8,1,0,0,0,0
configure,opid,9,37,1,14,21,1,0,0,0,1,4,6,1,0,0,0
keyword,path,9,37,17,13,4,1,2,0,0,7,5,2,1,2,0,0
locale,path,9,37,28,5,2,0,2,0,0,8,1,2,0,2,0,0
attach,path,9,36,2,27,1,0,6,0,0,2,8,1,0,1,0,0
locale,opid,9,36,26,4,4,0,2,0,0,8,2,3,0,2,0,0
recommended,opid,9,36,27,8,0,1,0,0,0,6,6,0,1,0,0,0
total,path,9,34,28,4,2,0,0,0,0,8,2,1,0,0,0,0
updated,opid,9,34,28,6,0,0,0,0,0,6,3,0,0,0,0,0
analyze,opid,9,33,11,22,0,0,0,0,0,6,7,0,0,0,0,0
follow,lead,9,33,7,15,11,0,0,0,0,1,6,4,0,0,0,0
promotion,path,9,32,20,7,2,0,3,0,0,8,5,2,0,3,0,0
screenshot,path,9,32,24,4,0,2,2,0,0,8,3,0,1,1,0,0
mode,path,9,31,13,16,1,1,0,0,0,3,6,1,1,0,0,0
provision,opid,9,31,4,24,2,0,1,0,0,2,7,2,0,1,0,0
audio,opid,9,29,18,7,0,0,0,4,0,5,5,0,0,0,1,0
performance,opid,9,29,22,6,0,0,1,0,0,9,2,0,0,1,0,0
poll,opid,9,29,13,12,2,0,2,0,0,5,5,1,0,1,0,0
station,opid,9,29,18,4,1,3,3,0,0,8,4,1,2,3,0,0
incident,path,9,28,18,6,0,4,0,0,0,9,2,0,1,0,0,0
open,lead,9,28,12,6,3,3,3,1,0,5,5,1,1,1,1,0
analyze,path,9,27,10,17,0,0,0,0,0,5,7,0,0,0,0,0
callback,opid,9,27,12,10,3,0,2,0,0,7,2,3,0,2,0,0
vehicle,opid,9,27,21,4,2,0,0,0,0,8,3,2,0,0,0,0
short,opid,9,25,13,5,3,4,0,0,0,6,4,1,2,0,0,0
mode,opid,9,24,12,7,4,1,0,0,0,3,4,3,1,0,0,0
subscriber,opid,9,24,14,8,0,1,1,0,0,8,3,0,1,1,0,0
translate,lead,9,24,8,15,0,0,1,0,0,3,7,0,0,1,0,0
upcoming,opid,9,24,23,1,0,0,0,0,0,9,1,0,0,0,0,0
auto,lead,9,23,13,5,4,0,1,0,0,8,1,2,0,1,0,0
exist,opid,9,23,7,4,0,0,0,12,0,4,3,0,0,0,4,0
sentiment,opid,9,23,3,20,0,0,0,0,0,3,7,0,0,0,0,0
convert,lead,9,22,5,17,0,0,0,0,0,5,5,0,0,0,0,0
retrieve,path,9,22,4,17,1,0,0,0,0,4,4,1,0,0,0,0
parse,path,9,21,8,11,0,1,1,0,0,3,8,0,1,1,0,0
stock,path,9,21,13,3,4,0,1,0,0,6,3,3,0,1,0,0
process,path,9,20,4,16,0,0,0,0,0,4,6,0,0,0,0,0
authenticate,path,9,19,1,18,0,0,0,0,0,1,8,0,0,0,0,0
fork,path,9,19,5,13,0,0,1,0,0,4,8,0,0,1,0,0
html,opid,9,19,12,7,0,0,0,0,0,7,3,0,0,0,0,0
initiate,lead,9,19,5,13,1,0,0,0,0,3,6,1,0,0,0,0
capabilities,opid,9,18,12,4,0,1,1,0,0,7,3,0,1,1,0,0
coverage,opid,9,18,10,6,0,1,1,0,0,8,2,0,1,1,0,0
coverage,path,9,18,10,6,0,1,1,0,0,8,2,0,1,1,0,0
deactivate,path,9,18,0,17,1,0,0,0,0,0,8,1,0,0,0,0
pin,path,9,18,2,11,4,0,1,0,0,2,9,3,0,1,0,0
renew,path,9,18,0,15,3,0,0,0,0,0,6,3,0,0,0,0
unsubscribe,lead,9,18,0,6,0,0,12,0,0,0,4,0,0,6,0,0
jwt,opid,9,17,2,12,1,1,1,0,0,1,9,1,1,1,0,0
split,opid,9,17,7,9,1,0,0,0,0,4,6,1,0,0,0,0
split,path,9,17,7,9,1,0,0,0,0,4,6,1,0,0,0,0
apply,lead,9,16,3,9,4,0,0,0,0,2,7,2,0,0,0,0
root,opid,9,16,11,5,0,0,0,0,0,8,2,0,0,0,0,0
rotate,path,9,16,0,13,0,3,0,0,0,0,8,0,1,0,0,0
render,path,9,15,6,9,0,0,0,0,0,5,7,0,0,0,0,0
submit,path,9,15,0,15,0,0,0,0,0,0,9,0,0,0,0,0
zip,path,9,15,10,5,0,0,0,0,0,8,3,0,0,0,0,0
failed,opid,9,14,7,6,0,0,1,0,0,5,5,0,0,1,0,0
random,opid,9,14,10,4,0,0,0,0,0,6,3,0,0,0,0,0
subscribe,path,9,14,2,11,1,0,0,0,0,1,8,1,0,0,0,0
authenticate,lead,9,13,0,13,0,0,0,0,0,0,9,0,0,0,0,0
compare,path,9,13,5,8,0,0,0,0,0,5,5,0,0,0,0,0
rank,opid,9,13,8,5,0,0,0,0,0,6,3,0,0,0,0,0
day,path,9,12,9,1,1,0,1,0,0,6,1,1,0,1,0,0
join,lead,9,11,0,8,3,0,0,0,0,0,7,2,0,0,0,0
pause,lead,9,11,0,7,4,0,0,0,0,0,6,3,0,0,0,0
openapi,path,9,10,9,1,0,0,0,0,0,8,1,0,0,0,0,0
reverse,opid,9,10,5,4,1,0,0,0,0,5,4,1,0,0,0,0
unlock,opid,9,9,1,8,0,0,0,0,0,1,8,0,0,0,0,0
unlock,path,9,9,1,8,0,0,0,0,0,1,8,0,0,0,0,0
describe,opid,8,1811,695,1115,0,0,0,1,0,6,4,0,0,0,1,0
describe,lead,8,1062,307,754,0,0,0,1,0,5,5,0,0,0,1,0
gateway,opid,8,519,222,209,37,15,36,0,0,8,6,5,2,6,0,0
8,path,8,446,229,45,49,50,71,2,0,6,3,1,2,2,1,0
container,path,8,426,135,210,33,15,32,1,0,8,5,4,2,4,1,0
contract,path,8,363,246,74,14,16,11,0,2,8,5,1,2,3,0,1
modify,opid,8,309,130,172,5,2,0,0,0,1,4,3,2,0,0,0
container,opid,8,287,110,136,17,4,17,3,0,8,4,4,2,4,2,0
backup,opid,8,283,120,107,24,7,25,0,0,7,7,3,1,4,0,0
firewall,path,8,257,81,113,27,10,26,0,0,7,6,7,2,6,0,0
automation,path,8,219,110,31,31,17,30,0,0,7,5,3,3,4,0,0
5,path,8,197,70,126,0,0,1,0,0,7,3,0,0,1,0,0
pipeline,path,8,193,54,102,18,2,17,0,0,8,6,5,2,4,0,0
directory,path,8,174,64,57,18,13,22,0,0,7,3,3,1,2,0,0
bucket,opid,8,172,61,45,33,5,27,1,0,7,6,3,2,4,1,0
execution,path,8,171,48,108,3,4,3,0,5,8,6,3,2,3,0,1
directory,opid,8,155,59,48,17,12,19,0,0,7,3,3,1,2,0,0
interface,path,8,145,61,47,13,11,13,0,0,6,5,4,4,4,0,0
power,path,8,140,46,31,21,21,21,0,0,5,6,3,3,4,0,0
expense,path,8,131,71,32,11,4,13,0,0,7,8,5,2,5,0,0
season,path,8,128,128,0,0,0,0,0,0,8,0,0,0,0,0,0
case,opid,8,127,97,19,6,1,4,0,0,7,5,3,1,3,0,0
bucket,path,8,121,47,42,13,2,17,0,0,7,8,4,2,6,0,0
billing,lead,8,117,81,18,7,6,5,0,0,8,5,5,4,2,0,0
graph,path,8,110,36,57,7,4,6,0,0,7,5,2,2,2,0,0
accounting,path,8,109,47,24,10,11,17,0,0,8,4,1,2,4,0,0
room,path,8,106,47,30,12,10,7,0,0,7,6,2,2,4,0,0
console,path,8,98,33,27,13,13,12,0,0,5,8,3,3,2,0,0
dns,opid,8,97,47,30,6,5,9,0,0,6,7,3,1,4,0,0
customer,lead,8,92,51,15,16,3,7,0,0,7,5,6,2,4,0,0
score,opid,8,92,61,20,5,0,6,0,0,8,5,1,0,1,0,0
room,opid,8,91,42,28,9,5,7,0,0,7,5,2,2,4,0,0
pay,path,8,90,53,13,8,2,13,0,1,3,7,1,1,1,0,1
guest,opid,8,88,39,22,14,2,11,0,0,7,4,4,1,4,0,0
event,lead,8,78,46,16,4,4,8,0,0,7,3,2,2,2,0,0
module,path,8,78,37,7,12,10,12,0,0,8,3,4,2,4,0,0
proxy,opid,8,78,19,15,12,8,11,6,7,5,8,4,3,5,1,2
trace,opid,8,77,42,18,15,1,1,0,0,7,3,1,1,1,0,0
approval,opid,8,76,30,37,2,3,4,0,0,6,5,2,3,4,0,0
connect,lead,8,75,19,17,10,6,11,6,6,4,6,2,1,2,1,1
tenant,path,8,74,23,16,12,10,12,1,0,7,5,5,5,5,1,0
string,path,8,69,30,30,7,0,2,0,0,6,6,3,0,2,0,0
consent,opid,8,68,25,36,2,1,4,0,0,4,8,2,1,3,0,0
extension,path,8,67,32,11,11,5,8,0,0,7,5,1,3,3,0,0
count,lead,8,65,59,6,0,0,0,0,0,5,3,0,0,0,0,0
extension,opid,8,64,30,11,8,5,10,0,0,7,4,1,2,2,0,0
invoice,lead,8,64,38,16,3,4,3,0,0,6,6,3,3,2,0,0
retention,opid,8,64,31,14,11,4,4,0,0,7,3,3,2,3,0,0
destroy,opid,8,61,1,13,0,0,47,0,0,1,3,0,0,6,0,0
party,opid,8,61,38,15,3,1,4,0,0,7,3,3,1,2,0,0
input,opid,8,60,23,27,5,1,4,0,0,7,4,2,1,2,0,0
recording,opid,8,59,34,13,4,3,5,0,0,7,4,2,1,4,0,0
booking,path,8,58,27,23,5,1,2,0,0,7,7,4,1,2,0,0
intent,opid,8,58,21,21,9,0,7,0,0,4,7,4,0,2,0,0
intent,path,8,58,20,19,11,0,8,0,0,4,7,4,0,2,0,0
annotation,path,8,57,30,12,5,1,9,0,0,7,6,4,1,5,0,0
individual,path,8,57,23,21,6,0,7,0,0,6,5,1,0,2,0,0
queries,path,8,56,26,19,4,1,6,0,0,6,7,3,1,5,0,0
routing,path,8,56,12,37,3,1,3,0,0,7,5,2,1,2,0,0
sync,lead,8,56,15,30,5,2,4,0,0,3,6,2,1,1,0,0
detect,opid,8,55,6,47,2,0,0,0,0,1,8,1,0,0,0,0
regenerate,opid,8,55,0,52,3,0,0,0,0,0,6,2,0,0,0,0
participant,path,8,54,26,22,2,0,4,0,0,5,5,2,0,3,0,0
additional,opid,8,51,35,11,1,1,3,0,0,5,4,1,1,2,0,0
assigned,opid,8,51,29,13,1,1,7,0,0,8,2,1,1,2,0,0
chat,opid,8,51,20,19,4,1,7,0,0,6,6,3,1,3,0,0
merchant,opid,8,51,21,20,4,1,5,0,0,5,7,1,1,2,0,0
movie,opid,8,51,46,4,0,0,1,0,0,8,2,0,0,1,0,0
brand,opid,8,50,37,3,5,1,4,0,0,8,3,2,1,1,0,0
timeline,path,8,50,31,11,1,1,6,0,0,8,3,1,1,2,0,0
portal,path,8,49,23,12,9,2,3,0,0,6,5,5,2,3,0,0
action,lead,8,46,21,16,3,3,3,0,0,5,6,2,2,2,0,0
participant,opid,8,45,26,14,2,0,3,0,0,5,4,2,0,2,0,0
snippet,opid,8,45,24,8,5,0,8,0,0,8,4,3,0,4,0,0
play,opid,8,44,17,27,0,0,0,0,0,5,5,0,0,0,0,0
signature,opid,8,43,18,10,9,0,6,0,0,5,5,3,0,3,0,0
broadcast,path,8,42,18,20,3,0,1,0,0,7,3,2,0,1,0,0
deploy,opid,8,42,10,22,4,0,6,0,0,3,8,1,0,3,0,0
restart,opid,8,42,2,39,1,0,0,0,0,2,7,1,0,0,0,0
engine,path,8,41,22,16,2,0,1,0,0,8,3,2,0,1,0,0
conversion,opid,8,40,20,15,4,0,1,0,0,7,5,3,0,1,0,0
off,path,8,37,18,11,3,2,3,0,0,4,7,3,2,3,0,0
part,opid,8,37,20,6,7,1,3,0,0,4,3,3,1,2,0,0
period,path,8,37,23,6,6,1,1,0,0,8,3,1,1,1,0,0
write,opid,8,37,1,32,4,0,0,0,0,1,6,4,0,0,0,0
authentication,opid,8,36,14,17,2,1,2,0,0,6,7,2,1,2,0,0
meta,opid,8,36,27,3,2,0,4,0,0,8,3,1,0,3,0,0
pair,path,8,36,12,22,1,0,1,0,0,7,4,1,0,1,0,0
station,path,8,35,28,3,1,1,2,0,0,7,3,1,1,2,0,0
a,lead,8,34,34,0,0,0,0,0,0,8,0,0,0,0,0,0
digital,path,8,34,19,7,3,1,4,0,0,6,6,1,1,2,0,0
background,path,8,33,12,10,3,1,7,0,0,6,5,1,1,4,0,0
factor,opid,8,32,15,13,2,1,1,0,0,3,7,2,1,1,0,0
position,opid,8,32,17,9,4,2,0,0,0,5,2,3,1,0,0,0
reporting,path,8,32,21,9,1,0,1,0,0,6,3,1,0,1,0,0
vehicle,path,8,32,20,9,1,1,1,0,0,7,5,1,1,1,0,0
recommended,path,8,31,24,6,0,1,0,0,0,6,4,0,1,0,0,0
subaccount,path,8,31,9,13,5,2,2,0,0,5,7,4,2,2,0,0
year,opid,8,31,31,0,0,0,0,0,0,8,0,0,0,0,0,0
detect,lead,8,30,0,30,0,0,0,0,0,0,8,0,0,0,0,0
multi,path,8,30,22,5,2,1,0,0,0,6,3,1,1,0,0,0
part,path,8,30,22,4,2,1,1,0,0,7,2,2,1,1,0,0
reaction,path,8,30,10,12,1,0,7,0,0,5,6,1,0,4,0,0
smart,path,8,30,18,7,3,1,1,0,0,6,5,3,1,1,0,0
branch,path,8,29,15,7,3,1,3,0,0,6,4,2,1,3,0,0
communication,path,8,29,15,7,4,1,2,0,0,6,5,3,1,2,0,0
property,path,8,29,26,1,1,0,1,0,0,8,1,1,0,1,0,0
unassign,opid,8,29,3,14,0,0,12,0,0,1,5,0,0,5,0,0
allowed,opid,8,28,13,7,4,0,4,0,0,6,5,2,0,2,0,0
fulfillment,path,8,28,16,8,2,0,2,0,0,6,5,2,0,2,0,0
resize,opid,8,28,3,25,0,0,0,0,0,1,8,0,0,0,0,0
simple,opid,8,28,19,7,1,0,1,0,0,5,4,1,0,1,0,0
survey,path,8,28,22,6,0,0,0,0,0,8,3,0,0,0,0,0
migrate,opid,8,27,3,20,2,1,1,0,0,1,8,1,1,1,0,0
write,lead,8,26,0,24,2,0,0,0,0,0,6,2,0,0,0,0
cert,path,8,25,14,7,1,0,3,0,0,7,4,1,0,2,0,0
cities,path,8,25,22,0,0,0,0,0,3,8,0,0,0,0,0,1
featured,path,8,25,18,6,0,0,1,0,0,7,2,0,0,1,0,0
settlement,path,8,25,16,8,1,0,0,0,0,6,4,1,0,0,0,0
primary,path,8,24,7,14,2,0,1,0,0,4,4,2,0,1,0,0
translate,opid,8,24,10,13,0,0,1,0,0,3,6,0,0,1,0,0
uuid,opid,8,24,17,4,0,2,1,0,0,8,3,0,1,1,0,0
venue,path,8,24,16,6,0,1,1,0,0,6,4,0,1,1,0,0
parse,opid,8,23,8,11,2,1,1,0,0,3,7,1,1,1,0,0
priority,path,8,23,9,9,3,0,2,0,0,5,5,1,0,2,0,0
searches,path,8,23,10,8,4,0,1,0,0,6,5,1,0,1,0,0
suspend,opid,8,23,1,19,3,0,0,0,0,1,5,3,0,0,0,0
favorite,opid,8,22,8,5,3,1,5,0,0,6,4,3,1,5,0,0
free,opid,8,22,17,3,1,0,1,0,0,6,3,1,0,1,0,0
notify,lead,8,22,4,14,3,1,0,0,0,1,6,2,1,0,0,0
bookmark,path,8,20,10,4,3,0,3,0,0,5,3,3,0,3,0,0
resolve,lead,8,20,13,5,0,2,0,0,0,6,1,0,1,0,0,0
vat,path,8,20,11,7,0,1,1,0,0,6,4,0,1,1,0,0
allowed,path,8,19,9,6,2,0,2,0,0,5,5,1,0,1,0,0
follower,opid,8,19,11,8,0,0,0,0,0,6,2,0,0,0,0,0
install,opid,8,19,3,12,3,0,1,0,0,2,7,2,0,1,0,0
overview,path,8,19,13,5,0,0,1,0,0,7,3,0,0,1,0,0
resume,lead,8,19,0,17,1,1,0,0,0,0,6,1,1,0,0,0
structure,path,8,19,17,1,0,1,0,0,0,8,1,0,1,0,0,0
available,lead,8,18,14,4,0,0,0,0,0,5,4,0,0,0,0,0
top,lead,8,18,14,4,0,0,0,0,0,6,3,0,0,0,0,0
uri,opid,8,18,12,6,0,0,0,0,0,7,3,0,0,0,0,0
deactivate,lead,8,17,0,14,0,0,3,0,0,0,6,0,0,3,0,0
evaluate,opid,8,17,0,17,0,0,0,0,0,0,8,0,0,0,0,0
forgot,path,8,17,0,13,4,0,0,0,0,0,7,2,0,0,0,0
renew,opid,8,17,0,15,2,0,0,0,0,0,6,2,0,0,0,0
xml,opid,8,17,6,11,0,0,0,0,0,4,4,0,0,0,0,0
confirmation,opid,8,16,6,9,0,0,1,0,0,3,7,0,0,1,0,0
confirmation,path,8,16,5,10,0,0,1,0,0,2,8,0,0,1,0,0
display,path,8,16,10,2,3,1,0,0,0,7,2,2,1,0,0,0
pin,opid,8,16,1,10,4,0,1,0,0,1,8,3,0,1,0,0
upsert,lead,8,16,0,10,6,0,0,0,0,0,6,3,0,0,0,0
validation,path,8,16,2,14,0,0,0,0,0,2,6,0,0,0,0,0
clone,lead,8,15,0,15,0,0,0,0,0,0,8,0,0,0,0,0
unassign,path,8,15,0,14,0,0,1,0,0,0,7,0,0,1,0,0
about,path,8,14,12,1,0,1,0,0,0,8,1,0,1,0,0,0
exist,path,8,14,9,5,0,0,0,0,0,5,4,0,0,0,0,0
rotate,lead,8,14,0,8,3,3,0,0,0,0,6,2,1,0,0,0
the,lead,8,14,9,2,1,1,1,0,0,7,2,1,1,1,0,0
unregister,opid,8,14,0,10,0,0,4,0,0,0,6,0,0,3,0,0
autocomplete,opid,8,13,10,3,0,0,0,0,0,7,2,0,0,0,0,0
basic,path,8,13,9,2,2,0,0,0,0,7,1,1,0,0,0,0
batches,opid,8,13,8,5,0,0,0,0,0,7,2,0,0,0,0,0
make,lead,8,13,1,12,0,0,0,0,0,1,8,0,0,0,0,0
qr,path,8,13,9,4,0,0,0,0,0,6,3,0,0,0,0,0
ranking,opid,8,13,10,1,1,0,1,0,0,7,1,1,0,1,0,0
rename,path,8,13,0,13,0,0,0,0,0,0,8,0,0,0,0,0
authenticate,opid,8,12,0,12,0,0,0,0,0,0,8,0,0,0,0,0
close,lead,8,12,0,11,0,0,1,0,0,0,7,0,0,1,0,0
duplicate,opid,8,12,0,11,1,0,0,0,0,0,7,1,0,0,0,0
jwt,path,8,12,0,12,0,0,0,0,0,0,8,0,0,0,0,0
browser,opid,8,11,10,1,0,0,0,0,0,7,1,0,0,0,0,0
compare,lead,8,11,7,4,0,0,0,0,0,4,4,0,0,0,0,0
condition,path,8,11,8,3,0,0,0,0,0,6,2,0,0,0,0,0
disconnect,path,8,11,1,7,3,0,0,0,0,1,5,2,0,0,0,0
perform,lead,8,11,4,7,0,0,0,0,0,2,6,0,0,0,0,0
shutdown,path,8,11,0,10,1,0,0,0,0,0,8,1,0,0,0,0
toggle,lead,8,11,0,5,6,0,0,0,0,0,4,4,0,0,0,0
invalidate,path,8,10,1,7,2,0,0,0,0,1,6,1,0,0,0,0
online,path,8,10,4,3,2,0,1,0,0,4,3,2,0,1,0,0
ready,path,8,10,3,6,1,0,0,0,0,3,5,1,0,0,0,0
leave,lead,8,9,0,6,0,0,3,0,0,0,6,0,0,2,0,0
ready,opid,8,8,3,5,0,0,0,0,0,3,5,0,0,0,0,0
child,opid,7,988,627,128,69,69,95,0,0,6,4,4,3,4,0,0
compute,opid,7,768,289,325,18,52,82,2,0,4,7,3,2,3,2,0
management,opid,7,406,142,138,63,12,50,1,0,7,6,5,2,4,1,0
contract,opid,7,349,243,69,14,14,9,0,0,7,3,1,1,2,0,0
space,path,7,327,148,73,16,47,43,0,0,6,4,2,2,3,0,0
repository,path,7,324,264,48,5,0,7,0,0,6,2,2,0,3,0,0
db,path,7,232,104,71,32,3,21,1,0,7,3,2,1,2,1,0
firewall,opid,7,214,71,87,24,9,23,0,0,6,5,6,2,5,0,0
repo,path,7,213,101,49,11,15,37,0,0,5,4,2,1,2,0,0
pipeline,opid,7,171,56,78,16,3,18,0,0,7,6,4,3,5,0,0
4,path,7,163,80,49,12,3,19,0,0,5,5,2,2,4,0,0
load,path,7,159,69,75,7,1,7,0,0,4,6,4,1,3,0,0
box,path,7,150,89,24,17,3,17,0,0,6,2,1,1,1,0,0
interface,opid,7,141,59,45,13,11,13,0,0,6,4,4,4,4,0,0
proxy,path,7,141,20,78,12,7,11,6,7,6,6,4,2,5,1,2
patient,path,7,139,68,38,14,12,7,0,0,6,5,3,2,2,0,0
analytic,lead,7,134,70,24,15,10,14,1,0,6,3,3,1,3,1,0
team,lead,7,130,97,11,4,8,10,0,0,7,3,2,3,3,0,0
identity,opid,7,129,45,64,11,2,6,1,0,6,4,2,2,3,1,0
controller,opid,7,126,88,16,9,6,7,0,0,6,6,5,3,3,0,0
sale,lead,7,126,62,39,15,2,8,0,0,6,4,3,1,3,0,0
season,opid,7,124,124,0,0,0,0,0,0,7,0,0,0,0,0,0
portfolio,path,7,120,18,94,3,1,4,0,0,4,5,2,1,3,0,0
registry,path,7,120,35,63,7,5,10,0,0,6,5,4,1,3,0,0
edge,opid,7,109,56,35,8,2,8,0,0,6,5,3,2,4,0,0
self,opid,7,99,44,15,19,0,21,0,0,5,4,3,0,2,0,0
expense,opid,7,87,51,22,6,2,6,0,0,5,6,4,1,4,0,0
registry,opid,7,87,33,32,5,4,13,0,0,7,6,5,1,4,0,0
price,lead,7,81,48,18,8,7,0,0,0,5,4,2,1,0,0,0
playlist,opid,7,72,37,14,11,0,8,2,0,7,4,3,0,4,1,0
sub,path,7,71,49,4,6,3,9,0,0,7,3,2,2,2,0,0
spot,path,7,70,40,22,3,1,4,0,0,7,5,2,1,3,0,0
consumer,opid,7,69,31,22,5,3,8,0,0,7,5,3,2,5,0,0
unit,opid,7,68,38,23,2,2,3,0,0,5,6,2,1,2,0,0
issue,lead,7,65,23,18,2,7,15,0,0,2,6,1,1,1,0,0
migration,opid,7,65,20,35,5,2,3,0,0,7,4,3,2,2,0,0
aggregated,opid,7,63,59,4,0,0,0,0,0,5,3,0,0,0,0,0
budget,path,7,63,30,25,3,2,3,0,0,5,4,2,1,2,0,0
collection,lead,7,63,40,15,0,2,6,0,0,6,4,0,1,2,0,0
migrate,path,7,61,26,19,7,3,6,0,0,1,6,2,1,1,0,0
tool,path,7,61,27,22,12,0,0,0,0,5,4,1,0,0,0,0
upgrade,path,7,61,23,36,2,0,0,0,0,5,7,2,0,0,0,0
5,opid,7,58,50,2,1,4,1,0,0,6,2,1,1,1,0,0
http,path,7,57,18,24,4,5,6,0,0,3,4,3,1,1,0,0
pull,path,7,57,13,40,0,1,3,0,0,2,7,0,1,1,0,0
budget,opid,7,56,20,22,5,4,5,0,0,5,4,3,2,3,0,0
custom,lead,7,56,26,11,8,5,6,0,0,7,5,3,2,2,0,0
blob,opid,7,55,25,12,10,2,5,1,0,5,4,2,1,2,1,0
switch,path,7,55,23,16,10,0,6,0,0,3,6,2,0,2,0,0
apikey,path,7,53,21,14,3,3,12,0,0,7,6,2,2,6,0,0
context,opid,7,53,19,15,8,5,6,0,0,7,5,3,2,3,0,0
classes,path,7,51,30,9,6,0,6,0,0,7,2,2,0,2,0,0
legal,path,7,51,26,16,0,4,5,0,0,6,4,0,2,2,0,0
ad,opid,7,50,33,10,3,1,3,0,0,5,6,3,1,3,0,0
graph,opid,7,50,22,14,6,3,5,0,0,5,5,2,2,2,0,0
tax,lead,7,50,25,13,5,3,4,0,0,7,4,2,2,2,0,0
monitoring,path,7,49,22,23,2,0,2,0,0,5,5,2,0,2,0,0
pair,opid,7,49,18,24,2,0,5,0,0,7,4,2,0,3,0,0
prefixes,path,7,49,23,9,4,6,7,0,0,7,3,3,3,4,0,0
regenerate,path,7,49,0,47,2,0,0,0,0,0,6,1,0,0,0,0
agreement,opid,7,48,28,14,2,2,2,0,0,6,4,1,1,2,0,0
peer,path,7,47,27,11,2,0,7,0,0,7,4,2,0,4,0,0
star,path,7,47,8,34,3,0,2,0,0,5,4,1,0,2,0,0
variant,opid,7,47,32,6,3,2,4,0,0,7,4,2,1,2,0,0
matches,path,7,44,40,2,2,0,0,0,0,4,2,1,0,0,0,0
net,path,7,44,25,7,4,4,4,0,0,6,3,1,1,1,0,0
provisioning,opid,7,44,13,26,2,1,2,0,0,6,5,1,1,1,0,0
annotation,opid,7,43,23,11,3,1,5,0,0,6,6,3,1,4,0,0
playback,opid,7,43,8,18,14,0,3,0,0,5,5,2,0,3,0,0
quality,path,7,43,11,29,2,0,1,0,0,6,3,1,0,1,0,0
slug,opid,7,43,40,2,0,0,1,0,0,5,2,0,0,1,0,0
inbound,opid,7,41,18,10,8,1,4,0,0,6,5,5,1,4,0,0
sender,path,7,40,13,19,2,2,4,0,0,5,5,2,1,3,0,0
ssh,opid,7,40,17,10,7,2,4,0,0,6,5,4,2,4,0,0
third,path,7,40,16,16,3,1,4,0,0,5,4,3,1,2,0,0
blob,path,7,39,15,14,4,1,4,1,0,5,4,2,1,2,1,0
broadcast,opid,7,39,15,20,3,0,1,0,0,6,3,2,0,1,0,0
transform,path,7,39,17,14,3,2,3,0,0,4,7,2,1,2,0,0
override,path,7,38,11,20,4,0,3,0,0,5,4,4,0,2,0,0
chart,opid,7,37,35,0,2,0,0,0,0,7,0,1,0,0,0,0
collaborator,path,7,37,16,7,3,3,8,0,0,7,5,3,2,7,0,0
timer,opid,7,37,17,11,2,0,7,0,0,6,6,1,0,4,0,0
branches,opid,7,36,14,16,2,1,3,0,0,7,3,1,1,2,0,0
signature,path,7,36,15,9,7,0,5,0,0,4,5,1,0,2,0,0
git,path,7,35,15,14,2,2,2,0,0,5,3,1,2,2,0,0
head,opid,7,35,1,2,0,0,0,32,0,1,2,0,0,0,5,0
prefix,opid,7,35,21,14,0,0,0,0,0,6,2,0,0,0,0,0
trigger,lead,7,35,9,18,4,0,4,0,0,2,6,1,0,1,0,0
companies,opid,7,34,17,9,2,3,3,0,0,7,5,2,2,2,0,0
off,opid,7,34,15,12,3,2,2,0,0,3,6,3,2,2,0,0
plugin,opid,7,34,14,16,1,0,3,0,0,7,4,1,0,2,0,0
subject,opid,7,33,20,12,0,0,1,0,0,6,4,0,0,1,0,0
taxes,path,7,33,17,8,3,2,3,0,0,6,6,2,2,3,0,0
material,path,7,32,16,8,3,2,3,0,0,6,4,2,2,2,0,0
promotion,opid,7,32,17,10,2,0,3,0,0,6,5,1,0,2,0,0
publisher,path,7,32,25,2,3,0,2,0,0,7,1,1,0,1,0,0
long,opid,7,31,18,6,4,0,3,0,0,4,4,2,0,2,0,0
branch,opid,7,30,11,10,3,1,5,0,0,7,4,2,1,4,0,0
store,lead,7,30,20,3,4,1,2,0,0,5,3,1,1,1,0,0
{format},path,7,29,29,0,0,0,0,0,0,7,0,0,0,0,0,0
google,opid,7,29,12,11,2,2,2,0,0,3,5,2,2,2,0,0
software,path,7,29,15,9,2,1,2,0,0,4,4,1,1,1,0,0
terminate,opid,7,29,4,24,1,0,0,0,0,1,6,1,0,0,0,0
contributor,path,7,28,20,6,0,1,1,0,0,6,2,0,1,1,0,0
manual,opid,7,28,9,15,3,1,0,0,0,3,7,1,1,0,0,0
screenshot,opid,7,28,18,5,1,2,2,0,0,6,4,1,1,1,0,0
announcement,path,7,27,13,8,2,1,3,0,0,7,4,2,1,3,0,0
claim,path,7,27,5,17,5,0,0,0,0,2,7,2,0,0,0,0
contributor,opid,7,27,19,6,0,1,1,0,0,6,2,0,1,1,0,0
google,path,7,27,12,10,2,1,2,0,0,4,5,2,1,2,0,0
distance,path,7,26,6,15,0,4,0,0,1,3,5,0,1,0,0,1
pricing,opid,7,25,14,6,4,1,0,0,0,6,3,1,1,0,0,0
purge,opid,7,25,4,9,1,1,10,0,0,4,4,1,1,3,0,0
historical,opid,7,24,23,1,0,0,0,0,0,6,1,0,0,0,0,0
rollback,opid,7,24,3,20,1,0,0,0,0,1,6,1,0,0,0,0
upcoming,path,7,24,23,1,0,0,0,0,0,7,1,0,0,0,0,0
historical,path,7,23,21,2,0,0,0,0,0,5,2,0,0,0,0,0
individual,opid,7,23,6,15,0,0,2,0,0,5,4,0,0,2,0,0
analyse,opid,7,22,10,12,0,0,0,0,0,5,4,0,0,0,0,0
detach,path,7,22,0,20,1,1,0,0,0,0,5,1,1,0,0,0
diff,path,7,22,19,3,0,0,0,0,0,5,3,0,0,0,0,0
reject,lead,7,22,0,18,2,1,1,0,0,0,6,2,1,1,0,0
resolve,opid,7,22,10,12,0,0,0,0,0,5,4,0,0,0,0,0
software,opid,7,22,10,10,1,0,1,0,0,4,4,1,0,1,0,0
vote,path,7,22,10,4,3,0,5,0,0,7,4,2,0,4,0,0
general,opid,7,21,15,3,3,0,0,0,0,7,2,2,0,0,0,0
reboot,path,7,21,0,20,1,0,0,0,0,0,7,1,0,0,0,0
transition,opid,7,21,8,9,3,0,1,0,0,6,6,1,0,1,0,0
market,opid,7,20,19,1,0,0,0,0,0,6,1,0,0,0,0,0
one,path,7,20,8,6,4,0,2,0,0,4,5,3,0,2,0,0
pre,path,7,20,10,8,0,1,1,0,0,2,7,0,1,1,0,0
timezone,path,7,20,19,0,0,0,0,0,1,7,0,0,0,0,0,1
ui,path,7,20,5,11,1,2,1,0,0,4,4,1,1,1,0,0
unfollow,lead,7,20,0,0,0,0,20,0,0,0,0,0,0,7,0,0
facet,path,7,19,9,5,5,0,0,0,0,6,1,1,0,0,0,0
bookmark,opid,7,18,9,3,3,0,3,0,0,4,2,3,0,3,0,0
click,opid,7,18,13,2,1,1,1,0,0,7,2,1,1,1,0,0
dependencies,path,7,18,9,5,2,0,2,0,0,5,3,1,0,1,0,0
known,path,7,18,13,3,1,0,1,0,0,6,3,1,0,1,0,0
taxes,opid,7,18,12,4,1,1,0,0,0,6,2,1,1,0,0,0
changelog,path,7,17,13,2,1,0,1,0,0,7,2,1,0,1,0,0
completed,path,7,17,8,9,0,0,0,0,0,5,2,0,0,0,0,0
dependencies,opid,7,17,7,6,2,0,2,0,0,5,4,1,0,1,0,0
home,opid,7,17,11,6,0,0,0,0,0,6,1,0,0,0,0,0
png,path,7,17,16,1,0,0,0,0,0,7,1,0,0,0,0,0
provision,path,7,17,1,14,1,0,1,0,0,1,6,1,0,1,0,0
quick,opid,7,17,5,9,2,0,1,0,0,3,4,2,0,1,0,0
select,path,7,17,6,9,1,0,1,0,0,3,6,1,0,1,0,0
structure,opid,7,17,15,1,0,1,0,0,0,7,1,0,1,0,0,0
acknowledge,path,7,16,0,15,0,1,0,0,0,0,6,0,1,0,0,0
fork,opid,7,16,4,11,0,0,1,0,0,3,6,0,0,1,0,0
heartbeat,path,7,16,8,7,0,0,0,0,1,5,3,0,0,0,0,1
primary,opid,7,16,4,10,2,0,0,0,0,2,4,1,0,0,0,0
promote,opid,7,16,3,11,1,1,0,0,0,1,5,1,1,0,0,0
well,path,7,16,15,1,0,0,0,0,0,7,1,0,0,0,0,0
advanced,path,7,15,10,3,2,0,0,0,0,6,1,1,0,0,0,0
capabilities,path,7,15,9,4,0,1,1,0,0,5,3,0,1,1,0,0
detail,lead,7,15,14,1,0,0,0,0,0,6,1,0,0,0,0,0
detailed,path,7,15,13,2,0,0,0,0,0,7,1,0,0,0,0,0
lock,lead,7,15,4,4,5,0,2,0,0,3,3,4,0,1,0,0
restriction,path,7,15,6,7,1,0,1,0,0,5,4,1,0,1,0,0
trending,opid,7,15,15,0,0,0,0,0,0,7,0,0,0,0,0,0
cities,opid,7,14,14,0,0,0,0,0,0,7,0,0,0,0,0,0
deny,opid,7,14,6,5,2,0,1,0,0,1,4,1,0,1,0,0
install,path,7,14,2,10,1,0,1,0,0,1,7,1,0,1,0,0
is,lead,7,14,11,3,0,0,0,0,0,5,2,0,0,0,0,0
legacy,path,7,14,8,6,0,0,0,0,0,7,4,0,0,0,0,0
push,lead,7,14,2,8,2,1,1,0,0,1,6,2,1,1,0,0
recognize,path,7,14,0,11,3,0,0,0,0,0,6,2,0,0,0,0
render,opid,7,14,5,9,0,0,0,0,0,4,6,0,0,0,0,0
sign,lead,7,14,1,9,1,0,2,1,0,1,6,1,0,2,1,0
trending,path,7,14,14,0,0,0,0,0,0,7,0,0,0,0,0,0
deny,path,7,13,6,5,2,0,0,0,0,2,4,1,0,0,0,0
forgot,opid,7,13,0,9,4,0,0,0,0,0,6,2,0,0,0,0
home,path,7,13,7,6,0,0,0,0,0,6,1,0,0,0,0,0
registered,path,7,13,7,2,1,0,3,0,0,6,2,1,0,1,0,0
swagger,path,7,13,9,2,1,0,1,0,0,5,2,1,0,1,0,0
trend,path,7,13,12,1,0,0,0,0,0,6,1,0,0,0,0,0
basic,opid,7,12,8,3,1,0,0,0,0,6,1,1,0,0,0,0
children,opid,7,12,7,4,0,1,0,0,0,5,3,0,1,0,0,0
hash,opid,7,12,7,5,0,0,0,0,0,4,4,0,0,0,0,0
qr,opid,7,12,9,3,0,0,0,0,0,5,2,0,0,0,0,0
retry,lead,7,12,0,11,1,0,0,0,0,0,6,1,0,0,0,0
two,opid,7,12,2,9,0,0,1,0,0,1,6,0,0,1,0,0
upsert,path,7,12,0,11,1,0,0,0,0,0,6,1,0,0,0,0
ignore,opid,7,11,2,6,1,1,1,0,0,1,6,1,1,1,0,0
rank,path,7,11,4,7,0,0,0,0,0,3,4,0,0,0,0,0
watching,path,7,11,7,3,1,0,0,0,0,3,3,1,0,0,0,0
authorize,lead,7,10,4,6,0,0,0,0,0,3,4,0,0,0,0,0
condition,opid,7,10,7,3,0,0,0,0,0,5,2,0,0,0,0,0
do,lead,7,10,3,7,0,0,0,0,0,2,6,0,0,0,0,0
extract,opid,7,10,5,5,0,0,0,0,0,4,5,0,0,0,0,0
extract,path,7,10,5,5,0,0,0,0,0,4,5,0,0,0,0,0
nearest,path,7,10,9,1,0,0,0,0,0,6,1,0,0,0,0,0
restart,lead,7,10,0,9,1,0,0,0,0,0,6,1,0,0,0,0
suspend,lead,7,10,0,7,3,0,0,0,0,0,4,3,0,0,0,0
toggle,opid,7,10,0,4,6,0,0,0,0,0,3,4,0,0,0,0
unregister,lead,7,10,0,4,0,0,6,0,0,0,3,0,0,4,0,0
unregister,path,7,10,0,9,0,0,1,0,0,0,6,0,0,1,0,0
up,path,7,10,3,7,0,0,0,0,0,2,5,0,0,0,0,0
forgot,lead,7,9,0,6,3,0,0,0,0,0,5,2,0,0,0,0
map,lead,7,9,1,6,2,0,0,0,0,1,5,2,0,0,0,0
now,opid,7,9,1,7,1,0,0,0,0,1,5,1,0,0,0,0
unlink,lead,7,9,0,4,1,0,4,0,0,0,3,1,0,3,0,0
promote,path,7,8,0,6,2,0,0,0,0,0,5,2,0,0,0,0
regenerate,lead,7,8,0,5,3,0,0,0,0,0,5,2,0,0,0,0
void,path,7,7,0,6,1,0,0,0,0,0,6,1,0,0,0,0
describe,path,6,774,37,737,0,0,0,0,0,3,4,0,0,0,0,0
management,path,6,590,224,120,85,45,73,43,0,6,3,4,2,2,1,0
defined,path,6,368,347,13,4,2,2,0,0,4,4,3,1,2,0,0
machine,path,6,363,171,100,28,27,37,0,0,5,5,3,3,4,0,0
managed,path,6,283,138,71,34,12,28,0,0,6,5,3,2,3,0,0
hub,path,6,258,98,85,35,10,30,0,0,3,6,2,2,2,0,0
insert,opid,6,256,0,255,1,0,0,0,0,0,6,1,0,0,0,0
simple,path,6,245,138,40,28,11,28,0,0,5,3,2,1,2,0,0
managed,opid,6,244,113,73,27,10,21,0,0,6,5,3,2,4,0,0
watch,opid,6,185,159,19,2,0,5,0,0,2,4,1,0,2,0,0
vpn,opid,6,168,75,60,12,7,14,0,0,6,5,4,2,4,0,0
execution,opid,6,163,54,102,4,2,1,0,0,6,4,2,1,1,0,0
vpn,path,6,159,74,55,11,6,13,0,0,6,5,4,2,4,0,0
integration,lead,6,152,61,54,14,7,16,0,0,4,5,2,3,3,0,0
edge,path,6,151,71,35,20,4,21,0,0,5,5,3,3,4,0,0
repo,opid,6,149,76,37,7,9,20,0,0,4,3,2,2,2,0,0
protection,path,6,139,51,63,12,5,8,0,0,4,5,1,2,2,0,0
board,path,6,131,58,18,45,0,10,0,0,6,5,3,0,3,0,0
assessment,path,6,130,50,39,22,3,16,0,0,4,5,3,2,3,0,0
connector,opid,6,116,42,44,12,4,14,0,0,6,3,2,2,4,0,0
stack,opid,6,111,44,62,1,1,3,0,0,6,4,1,1,3,0,0
application,lead,6,104,53,13,13,9,16,0,0,5,4,1,2,3,0,0
meeting,path,6,101,54,19,11,7,10,0,0,6,5,4,1,4,0,0
wireless,opid,6,99,39,16,14,11,19,0,0,6,4,3,2,5,0,0
role,lead,6,93,52,6,17,1,17,0,0,5,4,3,1,4,0,0
provisioning,path,6,90,33,36,9,3,9,0,0,6,4,2,2,3,0,0
tenant,opid,6,86,30,25,9,9,11,2,0,5,5,4,5,6,1,0
employee,opid,6,84,56,10,8,3,7,0,0,6,5,4,3,2,0,0
console,opid,6,83,27,20,12,12,12,0,0,4,6,2,2,2,0,0
album,path,6,81,49,11,6,4,11,0,0,6,3,2,1,3,0,0
quota,opid,6,81,37,25,5,7,7,0,0,6,4,2,3,4,0,0
sku,path,6,81,61,13,4,1,2,0,0,6,3,3,1,2,0,0
work,opid,6,81,36,32,3,6,4,0,0,5,5,2,3,3,0,0
diagnostic,path,6,78,47,7,9,5,8,2,0,6,3,2,1,2,1,0
ssl,opid,6,76,40,24,1,2,9,0,0,5,5,1,1,3,0,0
subscription,lead,6,74,36,20,7,4,6,1,0,5,4,3,3,3,1,0
indexes,path,6,73,25,15,9,7,17,0,0,6,6,1,3,3,0,0
ssl,path,6,70,37,22,0,2,9,0,0,5,5,0,1,3,0,0
maintenance,opid,6,69,12,53,2,1,1,0,0,4,4,2,1,1,0,0
time,lead,6,68,38,17,3,5,5,0,0,6,4,2,4,4,0,0
encryption,opid,6,67,27,29,7,1,3,0,0,4,4,3,1,1,0,0
purchase,lead,6,66,35,21,6,3,1,0,0,2,5,3,1,1,0,0
instruction,opid,6,65,34,7,15,2,7,0,0,6,3,3,1,1,0,0
detach,opid,6,64,14,33,5,0,12,0,0,1,4,2,0,3,0,0
monitoring,opid,6,64,23,32,3,2,4,0,0,5,5,3,2,4,0,0
detection,path,6,63,4,56,1,0,2,0,0,3,5,1,0,1,0,0
origin,opid,6,59,31,9,12,1,6,0,0,6,3,2,1,2,0,0
holiday,path,6,58,35,7,6,3,7,0,0,5,2,4,2,3,0,0
instruction,path,6,58,27,7,15,2,7,0,0,6,3,3,1,1,0,0
seller,path,6,57,32,9,13,1,2,0,0,6,2,1,1,1,0,0
layer,path,6,56,28,20,2,0,6,0,0,6,2,1,0,2,0,0
quota,path,6,56,22,25,3,3,3,0,0,6,3,2,1,2,0,0
automation,opid,6,55,38,10,2,2,3,0,0,5,3,1,2,2,0,0
http,opid,6,55,17,24,3,5,6,0,0,2,4,2,1,1,0,0
agreement,path,6,52,29,15,3,2,3,0,0,5,5,2,1,3,0,0
window,opid,6,51,12,38,1,0,0,0,0,4,3,1,0,0,0,0
bill,path,6,50,33,9,3,1,4,0,0,6,4,2,1,3,0,0
class,path,6,49,20,13,9,7,0,0,0,5,1,3,1,0,0,0
insurance,path,6,48,27,7,5,2,7,0,0,6,3,1,2,3,0,0
stream,lead,6,48,37,11,0,0,0,0,0,3,4,0,0,0,0,0
coupon,path,6,46,16,18,6,0,6,0,0,5,5,2,0,2,0,0
section,opid,6,46,29,9,3,1,4,0,0,6,4,3,1,4,0,0
s,opid,6,44,16,19,5,1,3,0,0,4,5,2,1,2,0,0
element,path,6,43,24,13,1,1,4,0,0,4,4,1,1,2,0,0
stage,path,6,43,20,12,1,2,8,0,0,6,2,1,1,2,0,0
outbound,path,6,42,29,9,1,1,2,0,0,5,2,1,1,2,0,0
widget,path,6,42,31,7,1,1,2,0,0,6,3,1,1,2,0,0
entry,path,6,41,22,14,2,0,3,0,0,6,5,1,0,1,0,0
release,lead,6,41,16,10,4,2,9,0,0,2,5,2,1,4,0,0
translation,path,6,41,22,9,9,0,1,0,0,4,3,1,0,1,0,0
conversion,path,6,40,21,13,5,0,1,0,0,6,4,3,0,1,0,0
theme,opid,6,40,31,3,4,0,2,0,0,6,2,2,0,1,0,0
theme,path,6,40,31,3,4,0,2,0,0,6,2,2,0,1,0,0
bill,opid,6,39,25,8,2,1,3,0,0,5,4,1,1,2,0,0
third,opid,6,39,16,15,3,1,4,0,0,5,3,3,1,2,0,0
entitlement,opid,6,38,15,18,2,1,2,0,0,5,3,2,1,2,0,0
quality,opid,6,37,8,26,2,0,1,0,0,5,2,1,0,1,0,0
associated,path,6,36,23,7,1,0,5,0,0,5,3,1,0,2,0,0
ca,path,6,36,4,30,0,0,2,0,0,3,4,0,0,2,0,0
follow,opid,6,36,11,10,11,0,4,0,0,3,4,4,0,3,0,0
screen,path,6,36,11,15,4,0,6,0,0,3,6,3,0,3,0,0
size,opid,6,35,15,16,2,1,1,0,0,5,3,2,1,1,0,0
timer,path,6,35,16,10,2,0,7,0,0,5,5,1,0,4,0,0
alias,path,6,34,6,26,0,0,2,0,0,4,4,0,0,2,0,0
hotel,path,6,34,28,1,2,3,0,0,0,6,1,1,1,0,0,0
lead,path,6,34,14,6,6,2,6,0,0,6,4,3,1,4,0,0
place,lead,6,34,21,9,2,2,0,0,0,2,5,2,1,0,0,0
reward,opid,6,34,23,10,0,0,1,0,0,4,4,0,0,1,0,0
consumption,path,6,33,29,2,1,0,1,0,0,5,2,1,0,1,0,0
coupon,opid,6,33,11,12,5,0,5,0,0,4,5,2,0,2,0,0
district,opid,6,33,33,0,0,0,0,0,0,6,0,0,0,0,0,0
example,path,6,33,11,20,0,0,2,0,0,5,4,0,0,1,0,0
grant,path,6,33,6,25,1,0,1,0,0,3,5,1,0,1,0,0
milestone,path,6,33,21,7,2,2,1,0,0,6,4,2,2,1,0,0
override,opid,6,33,6,19,3,2,3,0,0,3,3,3,1,2,0,0
reward,path,6,33,22,10,0,0,1,0,0,4,4,0,0,1,0,0
social,path,6,33,16,10,0,3,4,0,0,6,3,0,1,1,0,0
artist,opid,6,32,26,1,2,0,2,1,0,6,1,1,0,1,1,0
prefix,path,6,32,18,14,0,0,0,0,0,5,2,0,0,0,0,0
queries,opid,6,32,11,15,2,0,4,0,0,4,5,2,0,3,0,0
engine,opid,6,31,18,13,0,0,0,0,0,6,1,0,0,0,0,0
long,path,6,31,18,6,4,0,3,0,0,3,4,2,0,2,0,0
matches,opid,6,31,28,3,0,0,0,0,0,4,2,0,0,0,0,0
favourite,path,6,30,11,5,9,0,5,0,0,5,2,4,0,3,0,0
allocation,path,6,29,15,7,5,0,2,0,0,5,2,2,0,1,0,0
enabled,opid,6,29,13,9,5,1,1,0,0,4,2,4,1,1,0,0
flight,path,6,29,13,11,2,2,1,0,0,5,3,1,1,1,0,0
portal,opid,6,29,12,8,5,1,3,0,0,5,4,3,1,2,0,0
signal,path,6,29,8,15,3,1,2,0,0,3,5,3,1,2,0,0
support,opid,6,29,13,10,3,1,2,0,0,5,3,1,1,1,0,0
collaborator,opid,6,28,12,6,3,1,6,0,0,6,4,3,1,6,0,0
e,opid,6,28,26,1,0,1,0,0,0,4,1,0,1,0,0,0
publication,path,6,28,26,1,1,0,0,0,0,6,1,1,0,0,0,0
sheet,opid,6,28,12,15,1,0,0,0,0,6,3,1,0,0,0,0
topic,lead,6,28,14,7,3,1,3,0,0,4,4,1,1,1,0,0
transform,opid,6,28,11,12,2,1,2,0,0,4,4,2,1,2,0,0
evidence,opid,6,27,14,8,4,0,1,0,0,6,4,1,0,1,0,0
popular,opid,6,27,27,0,0,0,0,0,0,6,0,0,0,0,0,0
7,opid,6,26,14,8,1,1,2,0,0,6,2,1,1,2,0,0
debug,opid,6,26,5,20,0,0,1,0,0,3,5,0,0,1,0,0
enabled,path,6,26,13,8,3,1,1,0,0,5,2,3,1,1,0,0
fulfillment,opid,6,26,11,11,2,0,2,0,0,4,5,2,0,2,0,0
hold,opid,6,26,8,11,3,0,4,0,0,2,5,3,0,2,0,0
single,lead,6,26,22,4,0,0,0,0,0,3,3,0,0,0,0,0
trial,opid,6,26,4,21,1,0,0,0,0,3,3,1,0,0,0,0
benefit,opid,6,25,11,7,4,1,2,0,0,5,3,4,1,2,0,0
center,opid,6,25,11,8,1,3,2,0,0,5,4,1,3,2,0,0
configure,lead,6,25,0,4,20,1,0,0,0,0,2,5,1,0,0,0
effective,path,6,25,11,14,0,0,0,0,0,4,4,0,0,0,0,0
hold,path,6,25,8,10,3,0,4,0,0,2,5,3,0,3,0,0
master,opid,6,25,10,12,1,0,0,2,0,5,3,1,0,0,1,0
phrase,opid,6,25,8,11,3,0,3,0,0,5,4,2,0,2,0,0
digital,opid,6,24,13,6,2,1,2,0,0,4,5,1,1,1,0,0
hit,opid,6,24,6,16,1,0,1,0,0,2,5,1,0,1,0,0
mfa,path,6,24,5,13,2,1,3,0,0,2,5,2,1,2,0,0
recover,path,6,24,1,17,6,0,0,0,0,1,4,1,0,0,0,0
contribution,path,6,23,14,8,0,0,1,0,0,5,2,0,0,1,0,0
evidence,path,6,23,14,8,0,0,1,0,0,6,4,0,0,1,0,0
item,lead,6,23,4,17,0,1,1,0,0,3,4,0,1,1,0,0
openid,path,6,23,14,3,2,1,2,1,0,6,2,2,1,2,1,0
driver,path,6,22,8,3,8,1,2,0,0,5,3,2,1,2,0,0
stock,opid,6,22,11,9,1,0,1,0,0,5,3,1,0,1,0,0
trial,path,6,22,5,16,1,0,0,0,0,3,3,1,0,0,0,0
deletion,path,6,21,5,16,0,0,0,0,0,4,4,0,0,0,0,0
diff,opid,6,21,18,3,0,0,0,0,0,5,3,0,0,0,0,0
facilities,path,6,21,16,5,0,0,0,0,0,6,1,0,0,0,0,0
header,path,6,21,12,5,2,1,1,0,0,6,3,2,1,1,0,0
publication,opid,6,21,18,0,1,1,1,0,0,6,0,1,1,1,0,0
saml,opid,6,21,10,10,1,0,0,0,0,4,5,1,0,0,0,0
subaccount,opid,6,21,8,5,4,2,2,0,0,4,5,4,2,2,0,0
token,lead,6,21,8,10,1,1,1,0,0,3,4,1,1,1,0,0
cancellation,opid,6,20,9,8,2,0,1,0,0,5,5,2,0,1,0,0
child,path,6,20,19,1,0,0,0,0,0,5,1,0,0,0,0,0
fetch,path,6,20,2,18,0,0,0,0,0,1,5,0,0,0,0,0
material,opid,6,20,11,5,1,2,1,0,0,5,3,1,2,1,0,0
personal,opid,6,20,6,8,4,0,2,0,0,2,4,4,0,2,0,0
title,path,6,20,17,3,0,0,0,0,0,4,2,0,0,0,0,0
word,opid,6,20,10,5,2,1,2,0,0,4,3,2,1,2,0,0
current,lead,6,19,19,0,0,0,0,0,0,6,0,0,0,0,0,0
frame,path,6,19,16,3,0,0,0,0,0,4,3,0,0,0,0,0
privacy,path,6,19,6,3,6,0,4,0,0,3,3,1,0,2,0,0
sign,path,6,19,0,19,0,0,0,0,0,0,6,0,0,0,0,0
click,path,6,18,12,3,1,1,1,0,0,6,3,1,1,1,0,0
deletion,opid,6,18,4,14,0,0,0,0,0,3,5,0,0,0,0,0
discover,path,6,18,2,14,2,0,0,0,0,2,4,1,0,0,0,0
like,opid,6,18,8,4,4,0,2,0,0,4,3,3,0,1,0,0
playback,path,6,18,5,9,2,0,2,0,0,3,5,1,0,2,0,0
recurring,opid,6,18,7,6,1,0,4,0,0,4,2,1,0,3,0,0
risk,path,6,18,7,9,1,1,0,0,0,4,3,1,1,0,0,0
uuid,path,6,18,12,3,0,2,1,0,0,6,2,0,1,1,0,0
venue,opid,6,18,13,4,0,1,0,0,0,4,2,0,1,0,0,0
airport,opid,6,17,17,0,0,0,0,0,0,6,0,0,0,0,0,0
db,opid,6,17,9,7,0,0,1,0,0,6,2,0,0,1,0,0
family,opid,6,17,12,1,0,4,0,0,0,6,1,0,1,0,0,0
inbox,path,6,17,11,4,0,2,0,0,0,4,4,0,1,0,0,0
indexes,opid,6,17,8,6,1,0,2,0,0,5,4,1,0,2,0,0
mac,opid,6,17,6,10,0,0,1,0,0,3,5,0,0,1,0,0
only,path,6,17,12,5,0,0,0,0,0,5,3,0,0,0,0,0
star,opid,6,17,6,4,4,0,3,0,0,4,3,2,0,3,0,0
unassign,lead,6,17,0,6,0,0,11,0,0,0,3,0,0,4,0,0
branding,path,6,16,9,7,0,0,0,0,0,5,4,0,0,0,0,0
caption,path,6,16,7,3,2,1,3,0,0,5,3,2,1,3,0,0
category,lead,6,16,9,4,1,0,2,0,0,6,1,1,0,1,0,0
changeset,opid,6,16,7,7,2,0,0,0,0,4,5,2,0,0,0,0
deprecated,opid,6,16,9,4,0,1,2,0,0,5,2,0,1,2,0,0
financial,path,6,16,15,1,0,0,0,0,0,5,1,0,0,0,0,0
git,opid,6,16,9,5,0,1,1,0,0,5,2,0,1,1,0,0
loss,opid,6,16,10,6,0,0,0,0,0,6,1,0,0,0,0,0
parse,lead,6,16,5,9,2,0,0,0,0,2,5,1,0,0,0,0
phone,lead,6,16,11,5,0,0,0,0,0,5,3,0,0,0,0,0
reminder,path,6,16,5,8,1,1,1,0,0,3,5,1,1,1,0,0
suggested,path,6,16,8,8,0,0,0,0,0,4,3,0,0,0,0,0
branding,opid,6,15,9,6,0,0,0,0,0,5,3,0,0,0,0,0
discover,opid,6,15,2,11,2,0,0,0,0,2,4,1,0,0,0,0
jurisdiction,path,6,15,12,1,1,0,1,0,0,6,1,1,0,1,0,0
phrase,path,6,15,4,9,1,0,1,0,0,4,4,1,0,1,0,0
privilege,path,6,15,11,2,0,0,2,0,0,6,1,0,0,1,0,0
use,path,6,15,7,3,2,1,2,0,0,4,2,2,1,2,0,0
advanced,opid,6,14,8,4,2,0,0,0,0,5,2,1,0,0,0,0
attempt,opid,6,14,9,4,0,0,1,0,0,4,3,0,0,1,0,0
funds,opid,6,14,5,6,1,1,1,0,0,2,4,1,1,1,0,0
presence,opid,6,14,7,4,3,0,0,0,0,4,3,2,0,0,0,0
presence,path,6,14,7,4,3,0,0,0,0,4,3,2,0,0,0,0
received,path,6,14,7,7,0,0,0,0,0,5,3,0,0,0,0,0
ref,opid,6,14,11,3,0,0,0,0,0,6,2,0,0,0,0,0
reputation,path,6,14,11,1,2,0,0,0,0,6,1,1,0,0,0,0
variation,path,6,14,8,3,2,0,1,0,0,4,3,2,0,1,0,0
created,opid,6,13,4,9,0,0,0,0,0,3,3,0,0,0,0,0
decision,path,6,13,5,7,0,1,0,0,0,4,4,0,1,0,0,0
distance,opid,6,13,3,10,0,0,0,0,0,3,3,0,0,0,0,0
help,path,6,13,10,1,1,0,1,0,0,6,1,1,0,1,0,0
hotel,opid,6,13,12,1,0,0,0,0,0,6,1,0,0,0,0,0
reply,path,6,13,3,6,2,0,2,0,0,2,5,2,0,2,0,0
subscriber,path,6,13,7,6,0,0,0,0,0,5,2,0,0,0,0,0
7,path,6,12,8,2,1,0,1,0,0,5,1,1,0,1,0,0
airport,path,6,12,11,0,0,0,0,0,1,6,0,0,0,0,0,1
block,lead,6,12,6,5,1,0,0,0,0,3,3,1,0,0,0,0
evaluate,path,6,12,4,8,0,0,0,0,0,1,5,0,0,0,0,0
incident,opid,6,12,8,4,0,0,0,0,0,6,1,0,0,0,0,0
reorder,opid,6,12,1,7,4,0,0,0,0,1,4,2,0,0,0,0
resolve,path,6,12,2,8,0,2,0,0,0,2,4,0,1,0,0,0
spam,opid,6,12,4,4,1,1,2,0,0,2,3,1,1,1,0,0
two,path,6,12,3,8,0,0,1,0,0,2,5,0,0,1,0,0
unread,path,6,12,6,4,2,0,0,0,0,1,4,2,0,0,0,0
util,path,6,12,11,1,0,0,0,0,0,6,1,0,0,0,0,0
zip,opid,6,12,6,6,0,0,0,0,0,5,4,0,0,0,0,0
approve,lead,6,11,0,11,0,0,0,0,0,0,6,0,0,0,0,0
changeset,path,6,11,5,5,1,0,0,0,0,3,4,1,0,0,0,0
cycle,path,6,11,5,3,3,0,0,0,0,3,3,1,0,0,0,0
interaction,path,6,11,7,3,1,0,0,0,0,4,3,1,0,0,0,0
predict,opid,6,11,2,9,0,0,0,0,0,1,5,0,0,0,0,0
select,opid,6,11,1,9,1,0,0,0,0,1,5,1,0,0,0,0
clip,opid,6,10,8,2,0,0,0,0,0,4,2,0,0,0,0,0
collect,opid,6,10,3,5,2,0,0,0,0,1,4,1,0,0,0,0
completed,opid,6,10,8,2,0,0,0,0,0,5,1,0,0,0,0,0
decline,opid,6,10,0,9,0,0,1,0,0,0,5,0,0,1,0,0
disconnect,lead,6,10,0,6,0,0,4,0,0,0,3,0,0,3,0,0
duplicate,path,6,10,0,9,1,0,0,0,0,0,5,1,0,0,0,0
filtered,opid,6,10,9,1,0,0,0,0,0,5,1,0,0,0,0,0
first,path,6,10,6,3,0,1,0,0,0,5,2,0,1,0,0,0
ignore,path,6,10,2,5,2,0,1,0,0,1,5,2,0,1,0,0
make,opid,6,10,1,9,0,0,0,0,0,1,6,0,0,0,0,0
provision,lead,6,10,0,9,1,0,0,0,0,0,5,1,0,0,0,0
ranking,path,6,10,7,1,1,0,1,0,0,5,1,1,0,1,0,0
restriction,opid,6,10,4,6,0,0,0,0,0,4,3,0,0,0,0,0
unarchive,opid,6,10,0,7,1,0,2,0,0,0,4,1,0,1,0,0
watching,opid,6,10,4,6,0,0,0,0,0,3,4,0,0,0,0,0
append,opid,6,9,2,4,1,2,0,0,0,1,3,1,2,0,0,0
decline,path,6,9,0,9,0,0,0,0,0,0,6,0,0,0,0,0
invalidate,opid,6,9,0,6,2,0,1,0,0,0,4,1,0,1,0,0
sent,path,6,9,8,1,0,0,0,0,0,6,1,0,0,0,0,0
who,opid,6,9,8,1,0,0,0,0,0,5,1,0,0,0,0,0
without,opid,6,9,3,5,0,0,1,0,0,3,3,0,0,1,0,0
acknowledge,lead,6,8,0,6,0,2,0,0,0,0,5,0,1,0,0,0
extract,lead,6,8,4,4,0,0,0,0,0,3,4,0,0,0,0,0
hide,opid,6,8,0,5,1,0,2,0,0,0,4,1,0,1,0,0
incoming,opid,6,8,5,2,0,0,1,0,0,5,2,0,0,1,0,0
interval,path,6,8,3,3,2,0,0,0,0,2,3,1,0,0,0,0
now,path,6,8,2,6,0,0,0,0,0,1,5,0,0,0,0,0
online,opid,6,8,4,2,1,0,1,0,0,4,2,1,0,1,0,0
personal,path,6,8,3,2,2,0,0,1,0,2,2,2,0,0,1,0
prepare,opid,6,8,0,7,1,0,0,0,0,0,5,1,0,0,0,0
suggest,lead,6,8,4,3,1,0,0,0,0,4,2,1,0,0,0,0
amount,opid,6,7,6,1,0,0,0,0,0,5,1,0,0,0,0,0
balance,lead,6,7,7,0,0,0,0,0,0,6,0,0,0,0,0,0
browse,opid,6,7,7,0,0,0,0,0,0,6,0,0,0,0,0,0
encrypt,opid,6,7,0,5,2,0,0,0,0,0,4,2,0,0,0,0
expire,opid,6,7,0,5,0,0,2,0,0,0,5,0,0,1,0,0
sentiment,lead,6,7,2,5,0,0,0,0,0,2,5,0,0,0,0,0
single,path,6,7,1,6,0,0,0,0,0,1,5,0,0,0,0,0
un,opid,6,7,0,3,0,0,4,0,0,0,3,0,0,3,0,0
unpublish,opid,6,7,0,2,3,0,2,0,0,0,2,2,0,2,0,0
expiry,opid,6,6,1,3,2,0,0,0,0,1,3,2,0,0,0,0
reason,path,6,6,6,0,0,0,0,0,0,6,0,0,0,0,0,0
microsoft,path,5,7055,3562,1224,951,442,828,48,0,2,5,3,1,2,1,0
beta,path,5,1496,633,644,32,83,104,0,0,3,5,2,3,3,0,0
compute,lead,5,733,279,307,17,51,79,0,0,4,5,3,2,3,0,0
defined,opid,5,367,347,12,4,2,2,0,0,4,3,3,1,2,0,0
core,opid,5,283,127,40,33,32,39,6,6,5,4,2,2,2,1,1
recovery,path,5,274,134,78,26,13,23,0,0,2,5,2,1,2,0,0
replication,opid,5,243,87,115,17,9,15,0,0,4,4,3,2,3,0,0
protocol,path,5,235,120,18,85,0,12,0,0,5,4,2,0,2,0,0
replication,path,5,229,80,116,13,7,13,0,0,4,4,1,1,3,0,0
resource,lead,5,188,128,33,10,9,5,3,0,5,3,2,2,2,1,0
sql,opid,5,177,64,69,18,7,19,0,0,4,4,3,2,2,0,0
watch,path,5,175,156,15,2,0,2,0,0,2,3,1,0,1,0,0
work,path,5,167,33,121,3,6,4,0,0,4,4,2,3,3,0,0
article,lead,5,164,110,31,9,3,11,0,0,5,4,4,2,3,0,0
organisation,path,5,163,80,24,28,0,31,0,0,5,2,2,0,2,0,0
server,lead,5,145,73,14,28,10,20,0,0,5,2,2,2,2,0,0
partition,path,5,133,35,66,31,0,1,0,0,4,4,2,0,1,0,0
bot,path,5,128,39,31,30,4,24,0,0,4,3,3,1,3,0,0
scheme,opid,5,125,52,17,30,1,25,0,0,4,4,4,1,4,0,0
assessment,opid,5,123,46,40,22,1,14,0,0,3,5,3,1,2,0,0
recipe,path,5,116,69,29,11,0,7,0,0,5,3,2,0,2,0,0
network,lead,5,111,54,25,11,8,13,0,0,4,4,2,2,3,0,0
distribution,path,5,104,47,33,10,3,11,0,0,5,4,2,1,3,0,0
quote,lead,5,103,48,26,20,3,6,0,0,3,5,3,1,3,0,0
data,lead,5,99,48,18,17,2,14,0,0,5,4,2,1,2,0,0
wireless,path,5,96,35,16,14,10,21,0,0,5,4,3,2,5,0,0
certificate,lead,5,93,36,25,10,7,14,1,0,5,5,2,1,5,1,0
organisation,opid,5,93,44,13,17,0,19,0,0,4,2,1,0,1,0,0
patient,opid,5,89,45,17,11,12,4,0,0,5,3,2,2,1,0,0
distribution,opid,5,87,30,36,9,2,10,0,0,4,4,2,1,2,0,0
experiment,path,5,87,33,33,6,6,9,0,0,5,4,3,3,4,0,0
window,path,5,87,17,64,2,2,2,0,0,4,4,1,1,1,0,0
backend,opid,5,86,18,54,4,4,5,1,0,4,4,2,2,3,1,0
cart,opid,5,80,35,24,13,0,8,0,0,4,4,2,0,2,0,0
recovery,opid,5,79,28,35,8,1,7,0,0,2,5,3,1,2,0,0
ad,path,5,78,40,30,3,1,4,0,0,4,4,2,1,2,0,0
bot,opid,5,76,27,16,17,2,14,0,0,4,4,3,1,3,0,0
replica,opid,5,73,35,28,4,3,3,0,0,5,5,2,1,2,0,0
acl,path,5,72,20,36,6,5,5,0,0,5,3,3,2,2,0,0
aggregated,path,5,70,67,3,0,0,0,0,0,4,2,0,0,0,0,0
binding,opid,5,70,34,11,9,4,12,0,0,5,3,3,2,3,0,0
compliance,path,5,68,33,35,0,0,0,0,0,4,3,0,0,0,0,0
signing,opid,5,67,29,14,12,3,9,0,0,5,4,4,1,4,0,0
capacity,opid,5,66,29,29,2,2,4,0,0,5,4,1,1,1,0,0
meeting,opid,5,64,35,13,6,5,5,0,0,5,3,2,1,3,0,0
detection,opid,5,63,5,55,1,2,0,0,0,3,4,1,2,0,0,0
drive,opid,5,62,28,15,0,9,10,0,0,5,2,0,2,2,0,0
experiment,opid,5,62,20,24,5,5,8,0,0,5,4,3,3,4,0,0
reserved,opid,5,62,34,27,0,0,1,0,0,5,2,0,0,1,0,0
node,lead,5,59,41,7,1,5,5,0,0,5,2,1,2,3,0,0
registries,path,5,59,23,14,8,5,9,0,0,5,5,4,1,4,0,0
album,opid,5,58,33,7,6,4,8,0,0,5,2,2,1,2,0,0
placement,path,5,56,20,19,7,4,6,0,0,5,5,4,2,5,0,0
acl,opid,5,54,15,32,5,1,1,0,0,5,2,4,1,1,0,0
global,lead,5,54,24,23,4,1,2,0,0,4,3,2,1,2,0,0
skill,path,5,53,26,25,1,1,0,0,0,4,2,1,1,0,0,0
lifecycle,path,5,52,13,35,4,0,0,0,0,3,3,2,0,0,0,0
runtime,opid,5,52,15,23,7,3,4,0,0,4,4,4,2,2,0,0
tab,path,5,51,17,15,10,0,9,0,0,4,5,4,0,3,0,0
equipment,path,5,50,15,35,0,0,0,0,0,4,2,0,0,0,0,0
watcher,path,5,50,13,24,4,3,6,0,0,4,4,1,1,3,0,0
placement,opid,5,49,18,17,6,4,4,0,0,4,4,3,2,3,0,0
routing,opid,5,49,9,32,4,1,3,0,0,5,2,3,1,2,0,0
translation,opid,5,49,24,13,10,0,2,0,0,3,4,2,0,2,0,0
assigned,path,5,47,24,13,2,1,7,0,0,4,2,2,1,2,0,0
tab,opid,5,47,16,13,10,0,8,0,0,4,5,4,0,3,0,0
discovery,path,5,46,29,12,2,1,2,0,0,4,4,2,1,1,0,0
pref,path,5,46,9,4,27,3,3,0,0,5,3,1,1,2,0,0
compliance,opid,5,45,22,23,0,0,0,0,0,4,2,0,0,0,0,0
prefixes,opid,5,45,19,9,4,6,7,0,0,5,3,3,3,4,0,0
worker,path,5,45,25,14,2,2,2,0,0,4,4,1,1,2,0,0
build,lead,5,44,29,9,0,4,2,0,0,2,5,0,2,1,0,0
binding,path,5,43,19,11,7,1,5,0,0,4,3,3,1,1,0,0
institution,path,5,43,28,11,2,0,2,0,0,4,3,2,0,2,0,0
p,path,5,43,18,18,2,2,3,0,0,5,2,1,2,2,0,0
pref,opid,5,43,8,3,27,3,2,0,0,5,3,1,1,1,0,0
sandbox,opid,5,43,5,31,3,0,4,0,0,2,4,2,0,2,0,0
continuous,opid,5,42,19,17,2,0,4,0,0,5,5,2,0,3,0,0
adjustment,opid,5,41,25,12,2,0,2,0,0,5,4,1,0,1,0,0
adjustment,path,5,41,25,12,2,0,2,0,0,5,4,1,0,1,0,0
associated,opid,5,41,26,9,1,0,5,0,0,4,3,1,0,2,0,0
frame,opid,5,41,22,11,1,3,4,0,0,4,4,1,1,1,0,0
proposal,opid,5,41,11,26,2,2,0,0,0,3,4,1,1,0,0,0
screen,opid,5,41,13,14,8,0,6,0,0,2,5,2,0,2,0,0
insurance,opid,5,40,24,5,5,1,5,0,0,5,1,1,1,1,0,0
modify,path,5,40,1,38,1,0,0,0,0,1,4,1,0,0,0,0
timeline,opid,5,40,21,11,1,1,6,0,0,5,3,1,1,2,0,0
location,lead,5,39,29,7,1,1,1,0,0,4,3,1,1,1,0,0
training,path,5,39,16,14,4,1,2,0,2,4,5,1,1,1,0,1
department,path,5,38,24,8,2,3,1,0,0,4,3,1,2,1,0,0
if,opid,5,38,20,18,0,0,0,0,0,4,3,0,0,0,0,0
ai,path,5,37,17,8,5,2,5,0,0,3,4,1,1,1,0,0
core,path,5,37,19,12,1,1,4,0,0,4,3,1,1,1,0,0
effective,opid,5,37,26,11,0,0,0,0,0,4,3,0,0,0,0,0
histories,path,5,37,26,9,0,2,0,0,0,4,3,0,1,0,0,0
hour,path,5,37,22,8,4,2,1,0,0,4,2,3,1,1,0,0
people,opid,5,37,24,7,1,2,3,0,0,5,1,1,1,1,0,0
emoji,path,5,36,19,11,0,0,6,0,0,5,3,0,0,1,0,0
pattern,path,5,36,5,27,1,0,3,0,0,3,4,1,0,2,0,0
ads,path,5,35,11,18,4,1,1,0,0,5,5,3,1,1,0,0
scheduling,opid,5,35,13,12,3,3,4,0,0,1,5,1,1,1,0,0
sandbox,path,5,34,3,21,7,0,3,0,0,2,3,3,0,2,0,0
reboot,opid,5,33,7,25,1,0,0,0,0,1,5,1,0,0,0,0
deleted,lead,5,32,23,7,0,0,2,0,0,4,2,0,0,2,0,0
forwarding,path,5,32,12,10,3,2,5,0,0,4,4,2,1,3,0,0
lead,opid,5,32,13,5,6,2,6,0,0,5,3,3,1,4,0,0
peer,opid,5,32,16,9,1,0,6,0,0,5,3,1,0,3,0,0
scheduler,path,5,32,9,14,2,2,5,0,0,3,4,1,1,3,0,0
seller,opid,5,32,18,5,6,1,2,0,0,5,1,1,1,1,0,0
serial,opid,5,32,18,10,1,1,2,0,0,5,4,1,1,1,0,0
benefit,path,5,31,10,15,3,1,2,0,0,4,2,3,1,2,0,0
district,path,5,31,31,0,0,0,0,0,0,5,0,0,0,0,0,0
forecast,opid,5,31,6,25,0,0,0,0,0,4,2,0,0,0,0,0
milestone,opid,5,31,19,7,2,2,1,0,0,5,4,2,2,1,0,0
ownership,path,5,31,12,9,3,4,3,0,0,4,4,1,2,1,0,0
podcast,path,5,31,21,5,2,0,3,0,0,5,2,1,0,2,0,0
serial,path,5,31,18,11,1,1,0,0,0,5,4,1,1,0,0,0
office,path,5,30,17,1,11,1,0,0,0,5,1,2,1,0,0,0
standing,path,5,30,26,4,0,0,0,0,0,5,1,0,0,0,0,0
lease,opid,5,29,15,6,5,1,2,0,0,2,4,2,1,1,0,0
strategies,path,5,29,14,7,4,1,3,0,0,5,4,3,1,2,0,0
air,path,5,28,17,11,0,0,0,0,0,5,1,0,0,0,0,0
developer,path,5,28,12,10,1,2,3,0,0,4,4,1,1,1,0,0
sender,opid,5,28,11,11,1,2,3,0,0,4,4,1,1,2,0,0
tunnel,path,5,28,12,12,1,1,2,0,0,5,3,1,1,2,0,0
wallet,path,5,28,11,13,0,0,0,0,4,3,4,0,0,0,0,1
author,path,5,27,14,9,2,0,2,0,0,5,2,1,0,1,0,0
bandwidth,opid,5,27,12,7,4,0,4,0,0,4,3,2,0,2,0,0
bandwidth,path,5,27,12,7,4,0,4,0,0,4,3,2,0,2,0,0
entitlement,path,5,27,11,12,2,0,2,0,0,4,3,2,0,2,0,0
picture,path,5,27,11,8,1,4,3,0,0,3,3,1,1,1,0,0
signal,opid,5,27,6,15,3,1,2,0,0,3,4,3,1,2,0,0
supplier,path,5,27,15,4,4,1,3,0,0,4,4,3,1,3,0,0
dispute,path,5,26,13,11,1,0,1,0,0,5,4,1,0,1,0,0
sdk,opid,5,26,13,8,3,0,2,0,0,5,2,1,0,1,0,0
telemetry,path,5,26,14,10,0,0,2,0,0,4,3,0,0,1,0,0
timeseries,path,5,26,10,15,0,1,0,0,0,4,3,0,1,0,0,0
via,opid,5,26,6,14,3,0,1,2,0,3,3,2,0,1,1,0
widget,opid,5,26,15,7,1,1,2,0,0,5,3,1,1,2,0,0
gender,path,5,25,14,11,0,0,0,0,0,4,2,0,0,0,0,0
ios,path,5,25,15,3,3,1,3,0,0,5,2,1,1,1,0,0
manufacturer,opid,5,25,9,3,4,4,5,0,0,4,3,3,3,3,0,0
ownership,opid,5,25,10,4,4,3,4,0,0,3,3,2,1,2,0,0
reaction,opid,5,25,9,10,0,0,6,0,0,4,5,0,0,3,0,0
stripe,path,5,25,12,7,4,0,2,0,0,4,5,1,0,1,0,0
reporting,opid,5,24,20,2,1,0,1,0,0,4,2,1,0,1,0,0
classifier,path,5,23,8,12,1,0,2,0,0,4,2,1,0,2,0,0
hit,path,5,23,6,15,1,0,1,0,0,2,4,1,0,1,0,0
leaderboard,path,5,23,16,5,1,0,1,0,0,5,1,1,0,1,0,0
alternative,path,5,22,19,2,0,0,1,0,0,5,1,0,0,1,0,0
byte,path,5,22,10,12,0,0,0,0,0,2,3,0,0,0,0,0
c,path,5,22,12,4,1,1,4,0,0,4,1,1,1,2,0,0
favourite,opid,5,22,9,2,7,0,4,0,0,4,1,4,0,3,0,0
record,lead,5,22,8,2,6,3,3,0,0,2,2,3,2,2,0,0
drive,path,5,21,10,5,0,3,3,0,0,5,2,0,2,2,0,0
echo,path,5,21,9,11,0,0,0,0,1,2,3,0,0,0,0,1
example,opid,5,21,12,7,0,0,2,0,0,5,3,0,0,1,0,0
payout,path,5,21,13,6,0,0,2,0,0,3,3,0,0,1,0,0
short,path,5,21,11,3,3,4,0,0,0,4,2,1,2,0,0,0
smart,opid,5,21,12,6,1,1,1,0,0,4,4,1,1,1,0,0
survey,opid,5,21,17,4,0,0,0,0,0,5,1,0,0,0,0,0
apikey,opid,5,20,9,7,0,1,3,0,0,4,4,0,1,3,0,0
dispute,opid,5,20,11,7,1,0,1,0,0,5,4,1,0,1,0,0
menu,path,5,20,16,3,1,0,0,0,0,5,3,1,0,0,0,0
past,path,5,20,20,0,0,0,0,0,0,5,0,0,0,0,0,0
transform,lead,5,20,8,9,1,1,1,0,0,2,4,1,1,1,0,0
availabilities,path,5,19,14,3,1,1,0,0,0,4,2,1,1,0,0,0
cross,path,5,19,7,8,2,1,1,0,0,3,3,1,1,1,0,0
display,lead,5,19,10,8,1,0,0,0,0,4,3,1,0,0,0,0
division,path,5,19,18,1,0,0,0,0,0,4,1,0,0,0,0,0
header,opid,5,19,10,5,2,1,1,0,0,4,3,2,1,1,0,0
moderator,path,5,19,8,3,2,1,5,0,0,4,3,1,1,4,0,0
privacy,opid,5,19,7,2,6,0,4,0,0,3,2,1,0,2,0,0
queue,lead,5,19,8,7,2,0,2,0,0,2,4,1,0,1,0,0
alternative,opid,5,18,14,3,0,0,1,0,0,4,2,0,0,1,0,0
bounce,path,5,18,10,3,1,2,2,0,0,4,2,1,1,1,0,0
center,path,5,18,11,2,1,2,2,0,0,5,2,1,2,2,0,0
past,opid,5,18,18,0,0,0,0,0,0,5,0,0,0,0,0,0
recover,lead,5,18,0,12,6,0,0,0,0,0,4,1,0,0,0,0
recover,opid,5,18,1,17,0,0,0,0,0,1,4,0,0,0,0,0
stored,opid,5,18,6,8,1,1,2,0,0,4,3,1,1,2,0,0
style,opid,5,18,10,4,1,1,2,0,0,5,2,1,1,2,0,0
subscribed,opid,5,18,6,5,5,0,2,0,0,2,2,2,0,1,0,0
terminate,path,5,18,0,17,1,0,0,0,0,0,4,1,0,0,0,0
visibility,opid,5,18,4,6,8,0,0,0,0,2,2,3,0,0,0,0
visibility,path,5,18,4,6,8,0,0,0,0,2,2,3,0,0,0,0
cancellation,path,5,17,8,6,2,0,1,0,0,4,4,2,0,1,0,0
communication,opid,5,17,6,6,3,1,1,0,0,2,5,2,1,1,0,0
division,opid,5,17,16,1,0,0,0,0,0,4,1,0,0,0,0,0
moderator,opid,5,17,5,4,2,1,5,0,0,3,4,1,1,4,0,0
oauth,lead,5,17,10,3,1,1,2,0,0,5,3,1,1,2,0,0
only,opid,5,17,12,5,0,0,0,0,0,5,3,0,0,0,0,0
static,path,5,17,8,7,1,0,1,0,0,4,2,1,0,1,0,0
v,lead,5,17,12,4,1,0,0,0,0,4,3,1,0,0,0,0
connectivity,opid,5,16,7,5,3,1,0,0,0,4,2,1,1,0,0,0
flight,opid,5,16,10,5,0,0,1,0,0,4,2,0,0,1,0,0
leaderboard,opid,5,16,13,1,1,0,1,0,0,5,1,1,0,1,0,0
license,lead,5,16,5,9,2,0,0,0,0,4,2,1,0,0,0,0
per,opid,5,16,7,9,0,0,0,0,0,3,2,0,0,0,0,0
published,opid,5,16,11,1,3,0,1,0,0,4,1,2,0,1,0,0
resolution,path,5,16,8,4,3,0,1,0,0,4,3,1,0,1,0,0
acknowledge,opid,5,15,0,14,0,1,0,0,0,0,4,0,1,0,0,0
analyze,lead,5,15,2,13,0,0,0,0,0,2,5,0,0,0,0,0
automatic,opid,5,15,5,8,0,2,0,0,0,4,3,0,1,0,0,0
legal,opid,5,15,7,4,1,1,2,0,0,4,3,1,1,2,0,0
loss,path,5,15,9,6,0,0,0,0,0,5,1,0,0,0,0,0
problem,opid,5,15,6,7,1,1,0,0,0,3,3,1,1,0,0,0
recognize,opid,5,15,0,14,1,0,0,0,0,0,5,1,0,0,0,0
reminder,opid,5,15,5,7,1,1,1,0,0,3,4,1,1,1,0,0
resolution,opid,5,15,8,3,3,0,1,0,0,4,3,1,0,1,0,0
saml,path,5,15,5,9,1,0,0,0,0,3,5,1,0,0,0,0
session,lead,5,15,4,6,2,0,3,0,0,3,4,2,0,3,0,0
strategies,opid,5,15,9,2,1,1,2,0,0,5,2,1,1,2,0,0
ui,opid,5,15,3,10,1,0,1,0,0,3,3,1,0,1,0,0
wait,opid,5,15,4,11,0,0,0,0,0,1,4,0,0,0,0,0
8,opid,5,14,7,5,0,0,2,0,0,2,3,0,0,2,0,0
blacklist,path,5,14,4,5,1,0,4,0,0,3,4,1,0,3,0,0
claim,lead,5,14,2,10,2,0,0,0,0,1,4,2,0,0,0,0
mac,path,5,14,5,8,0,0,1,0,0,3,4,0,0,1,0,0
mfa,opid,5,14,2,9,1,1,1,0,0,1,4,1,1,1,0,0
rollback,path,5,14,1,12,1,0,0,0,0,1,4,1,0,0,0,0
slack,path,5,14,5,3,4,1,1,0,0,4,3,3,1,1,0,0
website,path,5,14,2,9,2,0,1,0,0,2,3,2,0,1,0,0
amazon,path,5,13,5,3,3,0,2,0,0,2,3,2,0,2,0,0
color,path,5,13,10,1,2,0,0,0,0,3,1,1,0,0,0,0
common,path,5,13,5,4,0,2,2,0,0,3,4,0,2,2,0,0
dynamic,opid,5,13,4,5,0,1,3,0,0,3,4,0,1,3,0,0
font,path,5,13,7,5,0,0,1,0,0,4,2,0,0,1,0,0
force,path,5,13,1,10,0,0,2,0,0,1,4,0,0,1,0,0
friend,path,5,13,6,7,0,0,0,0,0,4,2,0,0,0,0,0
general,path,5,13,10,0,3,0,0,0,0,5,0,2,0,0,0,0
requirement,opid,5,13,9,4,0,0,0,0,0,4,3,0,0,0,0,0
tracked,opid,5,13,8,5,0,0,0,0,0,3,2,0,0,0,0,0
violation,path,5,13,8,5,0,0,0,0,0,5,4,0,0,0,0,0
actor,path,5,12,6,4,0,0,2,0,0,4,4,0,0,2,0,0
allocation,opid,5,12,5,4,3,0,0,0,0,4,1,1,0,0,0,0
following,opid,5,12,11,1,0,0,0,0,0,4,1,0,0,0,0,0
forward,path,5,12,3,5,1,2,1,0,0,2,4,1,1,1,0,0
funds,path,5,12,5,4,1,1,1,0,0,2,3,1,1,1,0,0
help,opid,5,12,9,1,1,0,1,0,0,5,1,1,0,1,0,0
incoming,path,5,12,8,2,0,0,2,0,0,5,1,0,0,2,0,0
published,path,5,12,11,1,0,0,0,0,0,4,1,0,0,0,0,0
publisher,opid,5,12,10,2,0,0,0,0,0,5,1,0,0,0,0,0
risk,opid,5,12,7,3,1,1,0,0,0,4,2,1,1,0,0,0
scenario,path,5,12,5,5,1,0,1,0,0,4,4,1,0,1,0,0
severity,path,5,12,11,1,0,0,0,0,0,4,1,0,0,0,0,0
sheet,path,5,12,8,3,0,0,1,0,0,4,2,0,0,1,0,0
slack,opid,5,12,4,4,3,0,1,0,0,3,4,2,0,1,0,0
strategy,opid,5,12,4,4,1,1,2,0,0,4,3,1,1,2,0,0
uri,path,5,12,7,5,0,0,0,0,0,4,2,0,0,0,0,0
connectivity,path,5,11,6,2,3,0,0,0,0,4,2,1,0,0,0,0
dynamic,path,5,11,4,3,0,1,3,0,0,4,3,0,1,3,0,0
inline,path,5,11,3,6,1,0,1,0,0,2,4,1,0,1,0,0
privilege,opid,5,11,7,2,0,0,2,0,0,5,1,0,0,1,0,0
received,opid,5,11,5,6,0,0,0,0,0,3,3,0,0,0,0,0
recognize,lead,5,11,0,11,0,0,0,0,0,0,5,0,0,0,0,0
replace,path,5,11,2,8,1,0,0,0,0,1,4,1,0,0,0,0
revert,opid,5,11,0,11,0,0,0,0,0,0,5,0,0,0,0,0
spam,path,5,11,4,4,0,1,2,0,0,2,3,0,1,1,0,0
style,path,5,11,7,2,0,1,1,0,0,5,1,0,1,1,0,0
visible,opid,5,11,6,2,0,2,1,0,0,4,2,0,2,1,0,0
abort,opid,5,10,1,3,1,0,5,0,0,1,3,1,0,2,0,0
buy,opid,5,10,5,4,1,0,0,0,0,2,4,1,0,0,0,0
buy,path,5,10,5,4,1,0,0,0,0,2,4,1,0,0,0,0
facilities,opid,5,10,10,0,0,0,0,0,0,5,0,0,0,0,0,0
migrate,lead,5,10,1,6,1,1,1,0,0,1,5,1,1,1,0,0
physical,opid,5,10,6,1,1,2,0,0,0,4,1,1,2,0,0,0
physical,path,5,10,6,1,1,2,0,0,0,4,1,1,2,0,0,0
predict,path,5,10,5,5,0,0,0,0,0,2,4,0,0,0,0,0
requested,path,5,10,2,6,1,0,1,0,0,2,4,1,0,1,0,0
right,opid,5,10,6,4,0,0,0,0,0,5,1,0,0,0,0,0
taxonomy,opid,5,10,6,2,1,0,1,0,0,5,2,1,0,1,0,0
taxonomy,path,5,10,6,2,1,0,1,0,0,5,2,1,0,1,0,0
validator,path,5,10,3,4,1,1,1,0,0,2,4,1,1,1,0,0
wait,path,5,10,4,6,0,0,0,0,0,1,4,0,0,0,0,0
clip,path,5,9,4,3,1,0,1,0,0,3,3,1,0,1,0,0
decode,opid,5,9,5,4,0,0,0,0,0,3,3,0,0,0,0,0
departure,path,5,9,9,0,0,0,0,0,0,5,0,0,0,0,0,0
discover,lead,5,9,2,7,0,0,0,0,0,2,3,0,0,0,0,0
display,opid,5,9,5,2,1,1,0,0,0,4,1,1,1,0,0,0
eligibility,path,5,9,7,2,0,0,0,0,0,5,1,0,0,0,0,0
extend,path,5,9,2,7,0,0,0,0,0,1,5,0,0,0,0,0
geocode,path,5,9,9,0,0,0,0,0,0,5,0,0,0,0,0,0
initial,path,5,9,5,1,2,0,1,0,0,4,1,2,0,1,0,0
like,lead,5,9,0,5,4,0,0,0,0,0,3,3,0,0,0,0
owned,opid,5,9,9,0,0,0,0,0,0,5,0,0,0,0,0,0
perform,opid,5,9,0,9,0,0,0,0,0,0,5,0,0,0,0,0
swagger,opid,5,9,5,2,1,0,1,0,0,3,2,1,0,1,0,0
swap,opid,5,9,1,7,1,0,0,0,0,1,4,1,0,0,0,0
unarchive,path,5,9,0,8,1,0,0,0,0,0,4,1,0,0,0,0
watermark,opid,5,9,1,6,2,0,0,0,0,1,4,1,0,0,0,0
watermark,path,5,9,1,6,2,0,0,0,0,1,4,1,0,0,0,0
average,path,5,8,5,3,0,0,0,0,0,3,2,0,0,0,0,0
banner,path,5,8,3,3,1,0,1,0,0,3,3,1,0,1,0,0
collect,path,5,8,0,6,2,0,0,0,0,0,4,1,0,0,0,0
ephemeral,opid,5,8,0,8,0,0,0,0,0,0,5,0,0,0,0,0
opt,opid,5,8,1,7,0,0,0,0,0,1,5,0,0,0,0,0
receive,opid,5,8,3,4,1,0,0,0,0,2,3,1,0,0,0,0
revert,path,5,8,0,8,0,0,0,0,0,0,5,0,0,0,0,0
sum,path,5,8,7,1,0,0,0,0,0,4,1,0,0,0,0,0
toggle,path,5,8,1,5,2,0,0,0,0,1,4,1,0,0,0,0
transcript,opid,5,8,3,3,2,0,0,0,0,3,2,1,0,0,0,0
allow,lead,5,7,1,4,2,0,0,0,0,1,4,1,0,0,0,0
anonymous,path,5,7,3,2,1,0,1,0,0,3,2,1,0,1,0,0
color,opid,5,7,3,1,2,0,1,0,0,3,1,1,0,1,0,0
connected,opid,5,7,6,1,0,0,0,0,0,4,1,0,0,0,0,0
consumption,opid,5,7,6,1,0,0,0,0,0,4,1,0,0,0,0,0
eligibility,opid,5,7,7,0,0,0,0,0,0,5,0,0,0,0,0,0
existing,opid,5,7,2,3,2,0,0,0,0,2,2,2,0,0,0,0
extend,opid,5,7,0,7,0,0,0,0,0,0,5,0,0,0,0,0
pick,path,5,7,1,5,1,0,0,0,0,1,3,1,0,0,0,0
renew,lead,5,7,0,6,1,0,0,0,0,0,4,1,0,0,0,0
text,lead,5,7,1,6,0,0,0,0,0,1,4,0,0,0,0,0
unpublish,path,5,7,0,2,4,0,1,0,0,0,2,2,0,1,0,0
categories,lead,5,6,5,1,0,0,0,0,0,4,1,0,0,0,0,0
completion,path,5,6,1,5,0,0,0,0,0,1,4,0,0,0,0,0
make,path,5,6,0,6,0,0,0,0,0,0,5,0,0,0,0,0
market,lead,5,6,4,2,0,0,0,0,0,3,2,0,0,0,0,0
prepare,path,5,6,0,6,0,0,0,0,0,0,5,0,0,0,0,0
receive,lead,5,6,2,3,1,0,0,0,0,1,3,1,0,0,0,0
rental,opid,5,6,4,2,0,0,0,0,0,4,1,0,0,0,0,0
sent,opid,5,6,6,0,0,0,0,0,0,5,0,0,0,0,0,0
ship,path,5,6,1,4,1,0,0,0,0,1,3,1,0,0,0,0
split,lead,5,6,1,5,0,0,0,0,0,1,4,0,0,0,0,0
timezone,opid,5,6,6,0,0,0,0,0,0,5,0,0,0,0,0,0
uninstall,opid,5,6,2,2,0,0,2,0,0,2,2,0,0,1,0,0
unlink,path,5,6,0,5,1,0,0,0,0,0,4,1,0,0,0,0
classes,opid,5,5,5,0,0,0,0,0,0,5,0,0,0,0,0,0
expire,path,5,5,0,5,0,0,0,0,0,0,5,0,0,0,0,0
inactive,opid,5,5,2,2,0,0,1,0,0,2,2,0,0,1,0,0
max,path,5,5,2,3,0,0,0,0,0,2,3,0,0,0,0,0
nearest,opid,5,5,5,0,0,0,0,0,0,5,0,0,0,0,0,0
prepare,lead,5,5,1,3,1,0,0,0,0,1,3,1,0,0,0,0
reason,opid,5,5,5,0,0,0,0,0,0,5,0,0,0,0,0,0
ship,opid,5,5,2,2,1,0,0,0,0,2,2,1,0,0,0,0
shutdown,lead,5,5,0,5,0,0,0,0,0,0,5,0,0,0,0,0
unblock,opid,5,5,0,2,2,0,1,0,0,0,2,2,0,1,0,0
unblock,path,5,5,0,3,2,0,0,0,0,0,3,2,0,0,0,0
uninstall,path,5,5,2,3,0,0,0,0,0,2,3,0,0,0,0,0
void,opid,5,5,0,4,1,0,0,0,0,0,4,1,0,0,0,0
sql,path,4,605,324,85,98,28,70,0,0,3,3,3,2,2,0,0
web,lead,4,380,167,92,57,22,42,0,0,3,3,2,1,2,0,0
alpha,path,4,329,126,138,12,25,28,0,0,2,4,2,2,2,0,0
vault,path,4,317,157,71,34,20,35,0,0,4,4,3,3,4,0,0
content,lead,4,306,121,131,20,9,25,0,0,4,3,3,2,3,0,0
employer,path,4,284,175,18,32,9,50,0,0,3,2,1,1,1,0,0
configuration,lead,4,251,157,49,17,12,16,0,0,4,2,2,2,3,0,0
protocol,opid,4,220,113,14,83,0,10,0,0,3,3,1,0,1,0,0
untag,opid,4,194,11,102,3,1,77,0,0,1,2,1,1,3,0,0
model,lead,4,173,75,34,24,6,34,0,0,3,2,1,1,1,0,0
untag,lead,4,170,0,91,3,1,75,0,0,0,2,1,1,3,0,0
cart,path,4,161,61,61,22,0,17,0,0,3,4,2,0,2,0,0
transit,path,4,155,73,76,2,2,2,0,0,3,3,1,1,1,0,0
catalog,lead,4,145,81,29,17,2,16,0,0,4,3,3,1,3,0,0
11,path,4,142,14,88,35,1,4,0,0,3,3,1,1,1,0,0
balancer,path,4,140,62,65,5,1,7,0,0,4,3,3,1,3,0,0
extra,path,4,140,54,17,23,23,23,0,0,3,3,2,2,2,0,0
extra,opid,4,134,48,17,23,23,23,0,0,3,3,2,2,2,0,0
balancer,opid,4,130,60,55,6,1,8,0,0,4,3,3,1,3,0,0
stack,path,4,121,47,66,2,2,4,0,0,4,4,1,2,3,0,0
fleet,path,4,110,24,76,5,1,4,0,0,4,2,2,1,2,0,0
offering,path,4,110,62,34,4,4,6,0,0,4,3,1,1,1,0,0
inventory,lead,4,104,71,22,5,5,1,0,0,4,3,1,1,1,0,0
hub,opid,4,100,47,31,8,5,9,0,0,4,3,1,2,2,0,0
enterprise,path,4,99,43,27,15,2,12,0,0,3,4,2,1,2,0,0
game,lead,4,98,62,29,2,1,4,0,0,4,2,1,1,2,0,0
asset,lead,4,97,44,35,5,5,8,0,0,2,4,2,2,2,0,0
at,opid,4,97,45,22,13,0,13,4,0,3,2,1,0,1,1,0
b,path,4,97,41,32,9,6,9,0,0,3,2,1,2,2,0,0
disk,opid,4,95,30,50,5,4,6,0,0,3,4,2,2,3,0,0
protection,opid,4,95,41,34,10,3,7,0,0,3,4,1,2,2,0,0
vault,opid,4,95,37,22,15,5,16,0,0,4,4,4,2,4,0,0
bus,path,4,93,43,20,15,2,13,0,0,3,2,1,1,1,0,0
disk,path,4,90,28,48,4,4,6,0,0,3,4,2,2,3,0,0
capacity,path,4,85,41,30,6,5,3,0,0,4,3,1,1,1,0,0
front,path,4,85,18,45,8,6,8,0,0,3,4,3,2,3,0,0
backend,path,4,84,16,55,4,4,4,1,0,3,4,2,2,2,1,0
element,opid,4,83,45,23,3,3,9,0,0,3,4,1,1,2,0,0
recipe,opid,4,82,50,21,7,0,4,0,0,4,3,2,0,2,0,0
diagnostic,opid,4,80,49,7,10,5,7,2,0,4,3,1,1,1,1,0
exclusion,opid,4,80,52,20,2,1,5,0,0,3,3,2,1,1,0,0
exclusion,path,4,80,52,20,2,1,5,0,0,3,3,2,1,1,0,0
many,opid,4,78,54,9,1,4,10,0,0,4,1,1,1,1,0,0
marketing,path,4,74,29,25,4,6,10,0,0,3,3,2,2,2,0,0
tenancy,opid,4,72,21,9,14,14,14,0,0,4,3,2,2,2,0,0
subnet,path,4,71,30,36,2,0,3,0,0,3,3,1,0,1,0,0
tenancy,path,4,70,18,10,14,14,14,0,0,4,4,2,2,2,0,0
streaming,opid,4,69,24,25,7,3,10,0,0,2,3,2,2,3,0,0
marketplace,path,4,68,33,26,5,0,3,1,0,3,3,2,0,2,1,0
pos,path,4,67,22,19,6,9,11,0,0,2,3,1,1,2,0,0
studio,path,4,67,26,26,1,5,7,2,0,3,2,1,1,1,1,0
partition,opid,4,64,26,36,1,0,1,0,0,3,4,1,0,1,0,0
appointment,path,4,63,25,12,14,6,6,0,0,4,4,4,3,4,0,0
encryption,path,4,61,25,28,5,1,2,0,0,3,4,2,1,1,0,0
reserved,path,4,61,33,27,0,0,1,0,0,4,2,0,0,1,0,0
gift,opid,4,60,25,27,3,0,5,0,0,4,4,2,0,2,0,0
shared,lead,4,59,44,8,4,1,2,0,0,4,2,3,1,2,0,0
streaming,path,4,59,20,23,6,2,8,0,0,3,3,2,2,2,0,0
continuous,path,4,58,21,28,4,0,5,0,0,4,4,3,0,2,0,0
replica,path,4,58,29,27,1,0,1,0,0,4,4,1,0,1,0,0
gene,path,4,57,53,4,0,0,0,0,0,4,1,0,0,0,0,0
strategy,path,4,57,38,19,0,0,0,0,0,2,3,0,0,0,0,0
holiday,opid,4,56,34,7,5,3,7,0,0,4,2,3,2,3,0,0
pattern,opid,4,55,12,31,5,0,7,0,0,3,3,1,0,2,0,0
portfolio,opid,4,55,17,32,3,0,3,0,0,3,2,2,0,2,0,0
spot,opid,4,55,30,18,4,0,3,0,0,4,3,2,0,2,0,0
advisor,path,4,54,30,17,3,3,1,0,0,3,2,1,1,1,0,0
grid,path,4,52,26,15,4,3,4,0,0,3,2,1,1,1,0,0
origin,path,4,52,26,8,12,1,5,0,0,4,3,2,1,2,0,0
signing,path,4,52,24,11,10,0,7,0,0,4,3,3,0,3,0,0
termination,path,4,52,15,14,8,7,8,0,0,4,4,3,2,3,0,0
crm,path,4,51,24,9,0,9,9,0,0,4,2,0,2,2,0,0
gift,path,4,51,19,21,4,2,5,0,0,4,4,2,1,1,0,0
route,lead,4,51,26,7,7,4,7,0,0,4,2,2,2,2,0,0
scheme,path,4,51,25,6,9,1,10,0,0,4,4,3,1,2,0,0
identities,path,4,49,16,11,10,2,10,0,0,3,3,2,2,4,0,0
principal,opid,4,49,20,19,2,3,5,0,0,3,3,1,1,2,0,0
processes,path,4,48,40,4,0,0,4,0,0,4,2,0,0,1,0,0
space,opid,4,48,18,15,11,1,3,0,0,3,3,2,1,2,0,0
connection,lead,4,47,21,9,5,6,6,0,0,3,3,1,2,2,0,0
front,opid,4,47,17,8,8,6,8,0,0,4,4,4,2,4,0,0
worker,opid,4,47,24,15,2,3,3,0,0,3,4,1,2,3,0,0
d,opid,4,46,46,0,0,0,0,0,0,4,0,0,0,0,0,0
specification,path,4,45,18,15,5,0,7,0,0,3,4,2,0,2,0,0
format},path,4,44,32,12,0,0,0,0,0,4,1,0,0,0,0,0
simulation,path,4,44,0,44,0,0,0,0,0,0,4,0,0,0,0,0
tunnel,opid,4,43,17,16,4,1,5,0,0,4,4,2,1,3,0,0
story,opid,4,42,20,13,5,0,4,0,0,4,3,3,0,2,0,0
tester,opid,4,40,17,10,2,2,9,0,0,3,4,2,1,2,0,0
vlan,opid,4,40,13,6,8,6,7,0,0,4,3,3,2,3,0,0
vlan,path,4,40,13,6,8,6,7,0,0,4,3,3,2,3,0,0
hosted,opid,4,39,16,12,4,0,7,0,0,4,2,1,0,3,0,0
secondary,opid,4,39,26,11,0,0,2,0,0,3,2,0,0,1,0,0
secondary,path,4,39,26,11,0,0,2,0,0,3,2,0,0,1,0,0
vulnerability,opid,4,39,21,4,7,0,7,0,0,4,1,1,0,1,0,0
accounting,opid,4,38,16,9,8,0,5,0,0,4,2,1,0,2,0,0
evaluation,opid,4,38,11,25,0,1,1,0,0,3,3,0,1,1,0,0
vulnerability,path,4,38,20,4,7,0,7,0,0,4,1,1,0,1,0,0
mesh,opid,4,37,21,1,8,0,7,0,0,4,1,2,0,2,0,0
programme,opid,4,37,37,0,0,0,0,0,0,4,0,0,0,0,0,0
runtime,path,4,37,8,20,5,2,2,0,0,3,2,3,1,1,0,0
song,path,4,37,26,7,0,0,4,0,0,4,1,0,0,1,0,0
tester,path,4,37,17,8,2,1,9,0,0,3,3,2,1,2,0,0
whitelist,path,4,37,15,10,4,1,7,0,0,2,4,1,1,3,0,0
blog,path,4,36,20,9,2,2,3,0,0,4,1,1,1,1,0,0
call,lead,4,36,1,31,3,0,1,0,0,1,4,1,0,1,0,0
histories,opid,4,36,25,9,0,2,0,0,0,3,3,0,1,0,0,0
department,opid,4,35,21,8,2,3,1,0,0,3,3,1,2,1,0,0
discovery,opid,4,35,18,12,2,1,2,0,0,4,4,2,1,1,0,0
finance,path,4,35,10,9,8,0,8,0,0,4,2,1,0,1,0,0
layer,opid,4,35,15,18,0,0,2,0,0,4,1,0,0,1,0,0
commerce,path,4,34,26,6,0,2,0,0,0,3,3,0,1,0,0,0
emoji,opid,4,34,17,11,0,0,6,0,0,4,3,0,0,1,0,0
load,lead,4,34,20,5,3,1,5,0,0,2,3,2,1,2,0,0
watcher,opid,4,34,7,19,2,2,4,0,0,3,4,1,1,3,0,0
institution,opid,4,33,23,8,1,0,1,0,0,3,2,1,0,1,0,0
package,lead,4,33,12,10,6,0,5,0,0,4,3,2,0,2,0,0
library,path,4,32,15,13,1,0,3,0,0,4,3,1,0,2,0,0
manage,path,4,32,11,10,5,0,6,0,0,2,2,2,0,2,0,0
nat,opid,4,32,16,9,4,1,2,0,0,4,2,2,1,1,0,0
advisor,opid,4,31,15,14,0,2,0,0,0,3,1,0,1,0,0,0
award,path,4,31,18,7,0,0,6,0,0,3,2,0,0,1,0,0
nat,path,4,31,16,8,4,1,2,0,0,4,2,2,1,1,0,0
outbound,opid,4,31,21,5,1,2,2,0,0,3,2,1,1,2,0,0
relay,opid,4,31,10,7,4,5,5,0,0,2,3,1,2,2,0,0
router,path,4,31,15,3,7,1,5,0,0,4,2,3,1,3,0,0
tracker,path,4,31,8,15,3,2,3,0,0,3,3,3,2,2,0,0
us,path,4,31,5,26,0,0,0,0,0,3,2,0,0,0,0,0
agent,lead,4,30,17,2,8,0,3,0,0,4,2,3,0,3,0,0
based,opid,4,30,11,19,0,0,0,0,0,2,2,0,0,0,0,0
bridge,path,4,30,11,8,6,0,5,0,0,3,4,2,0,2,0,0
income,opid,4,30,13,15,1,0,1,0,0,3,3,1,0,1,0,0
income,path,4,30,13,15,1,0,1,0,0,3,3,1,0,1,0,0
line,lead,4,30,25,1,2,1,1,0,0,4,1,2,1,1,0,0
standing,opid,4,30,26,4,0,0,0,0,0,4,1,0,0,0,0,0
evaluation,path,4,29,7,21,0,0,1,0,0,3,3,0,0,1,0,0
forwarding,opid,4,29,11,9,3,2,4,0,0,3,3,2,1,2,0,0
kubernetes,opid,4,29,12,8,3,0,6,0,0,2,2,2,0,1,0,0
reviewer,path,4,29,13,2,6,0,8,0,0,4,2,2,0,4,0,0
specification,opid,4,29,12,13,2,0,2,0,0,2,4,1,0,1,0,0
audience,path,4,28,16,5,2,2,2,1,0,4,3,2,1,2,1,0
debit,opid,4,28,12,10,5,0,1,0,0,3,3,1,0,1,0,0
dev,opid,4,28,11,13,3,0,1,0,0,2,3,1,0,1,0,0
library,opid,4,28,17,6,2,1,2,0,0,4,4,2,1,2,0,0
shopping,path,4,28,16,11,0,0,1,0,0,4,3,0,0,1,0,0
watchlist,path,4,28,4,24,0,0,0,0,0,2,3,0,0,0,0,0
broker,opid,4,27,11,5,8,1,2,0,0,2,3,3,1,2,0,0
bundle,lead,4,27,11,6,3,2,5,0,0,3,4,2,1,3,0,0
conference,opid,4,27,6,21,0,0,0,0,0,3,2,0,0,0,0,0
datasource,opid,4,27,5,19,1,0,2,0,0,1,4,1,0,1,0,0
podcast,opid,4,27,17,5,2,0,3,0,0,4,2,1,0,2,0,0
processes,opid,4,27,19,6,0,1,1,0,0,4,2,0,1,1,0,0
watchlist,opid,4,27,3,24,0,0,0,0,0,2,3,0,0,0,0,0
6,opid,4,26,18,6,0,0,2,0,0,4,3,0,0,2,0,0
cable,opid,4,26,6,5,5,5,5,0,0,2,4,2,2,2,0,0
credit,lead,4,26,4,20,0,1,1,0,0,2,3,0,1,1,0,0
init,path,4,26,0,26,0,0,0,0,0,0,4,0,0,0,0,0
marketing,opid,4,26,8,11,1,2,4,0,0,2,3,1,1,1,0,0
permission,lead,4,26,14,4,4,0,4,0,0,4,3,3,0,3,0,0
router,opid,4,26,12,4,5,1,4,0,0,3,3,3,1,3,0,0
del,opid,4,25,0,1,0,0,24,0,0,0,1,0,0,3,0,0
jira,path,4,25,13,3,5,4,0,0,0,2,2,2,1,0,0,0
transaction,lead,4,25,11,11,1,1,1,0,0,3,2,1,1,1,0,0
acces,lead,4,24,12,2,7,0,3,0,0,3,2,3,0,2,0,0
attach,lead,4,24,0,16,8,0,0,0,0,0,4,1,0,0,0,0
bid,opid,4,24,16,4,2,0,2,0,0,3,1,1,0,1,0,0
extended,opid,4,24,9,5,5,3,2,0,0,3,2,1,1,1,0,0
gender,opid,4,24,13,11,0,0,0,0,0,3,2,0,0,0,0,0
long,lead,4,24,19,1,1,0,3,0,0,4,1,1,0,2,0,0
carrier,path,4,23,14,6,2,0,1,0,0,4,3,1,0,1,0,0
datasource,path,4,23,6,14,1,0,2,0,0,4,4,1,0,2,0,0
delta,path,4,23,23,0,0,0,0,0,0,4,0,0,0,0,0,0
identities,opid,4,23,12,5,1,2,3,0,0,4,2,1,2,2,0,0
message,lead,4,23,8,8,1,2,4,0,0,4,4,1,2,3,0,0
messaging,path,4,23,14,4,0,3,2,0,0,4,2,0,2,1,0,0
ocr,path,4,23,0,23,0,0,0,0,0,0,4,0,0,0,0,0
ontology,path,4,23,23,0,0,0,0,0,0,4,0,0,0,0,0,0
registries,opid,4,23,7,14,0,1,1,0,0,3,3,0,1,1,0,0
review,lead,4,23,9,7,5,0,2,0,0,4,3,2,0,1,0,0
supplier,opid,4,23,14,3,3,1,2,0,0,4,3,2,1,2,0,0
thread,opid,4,23,14,6,1,1,1,0,0,3,2,1,1,1,0,0
thread,path,4,23,15,5,1,1,1,0,0,4,2,1,1,1,0,0
checkout,opid,4,22,6,16,0,0,0,0,0,3,3,0,0,0,0,0
multipart,opid,4,22,2,17,1,0,2,0,0,1,4,1,0,1,0,0
brand,lead,4,21,12,1,4,0,4,0,0,4,1,1,0,1,0,0
commitment,path,4,21,11,6,1,2,1,0,0,3,4,1,2,1,0,0
gender,lead,4,21,12,9,0,0,0,0,0,3,2,0,0,0,0,0
matrix,path,4,21,2,19,0,0,0,0,0,1,4,0,0,0,0,0
packet,opid,4,21,7,9,1,1,3,0,0,4,3,1,1,3,0,0
qrcode,path,4,21,9,12,0,0,0,0,0,2,3,0,0,0,0,0
simulate,opid,4,21,2,19,0,0,0,0,0,1,4,0,0,0,0,0
subject,path,4,21,17,3,0,0,1,0,0,4,2,0,0,1,0,0
carrier,opid,4,20,13,4,2,0,1,0,0,4,2,1,0,1,0,0
code,lead,4,20,10,7,0,1,2,0,0,4,1,0,1,1,0,0
delta,opid,4,20,19,1,0,0,0,0,0,3,1,0,0,0,0,0
dimension,path,4,20,9,7,1,2,1,0,0,4,2,1,2,1,0,0
extended,path,4,20,7,3,5,3,2,0,0,3,2,1,1,1,0,0
reindex,path,4,20,5,9,5,1,0,0,0,2,3,1,1,0,0,0
row,path,4,20,12,8,0,0,0,0,0,3,2,0,0,0,0,0
tracker,opid,4,20,5,9,2,2,2,0,0,3,2,2,2,1,0,0
0,opid,4,19,16,3,0,0,0,0,0,2,2,0,0,0,0,0
attendee,path,4,19,14,4,0,0,1,0,0,4,1,0,0,1,0,0
background,opid,4,19,8,4,3,1,3,0,0,3,3,1,1,2,0,0
blocklist,path,4,19,9,4,2,0,4,0,0,4,3,2,0,3,0,0
cash,path,4,19,11,2,4,0,2,0,0,4,1,1,0,1,0,0
dealer,path,4,19,19,0,0,0,0,0,0,4,0,0,0,0,0,0
demographic,path,4,19,9,5,3,1,1,0,0,3,4,2,1,1,0,0
derived,path,4,19,19,0,0,0,0,0,0,4,0,0,0,0,0,0
payout,opid,4,19,11,6,0,0,2,0,0,2,3,0,0,1,0,0
pre,opid,4,19,10,5,1,1,2,0,0,2,4,1,1,2,0,0
quick,path,4,19,7,10,1,0,1,0,0,3,3,1,0,1,0,0
version,lead,4,19,9,4,2,0,4,0,0,4,1,1,0,1,0,0
actor,opid,4,18,6,6,2,0,4,0,0,3,4,2,0,2,0,0
area,lead,4,18,11,5,0,1,1,0,0,3,2,0,1,1,0,0
decode,lead,4,18,17,1,0,0,0,0,0,3,1,0,0,0,0,0
del,lead,4,18,0,1,0,0,17,0,0,0,1,0,0,3,0,0
hierarchy,opid,4,18,12,3,2,0,1,0,0,4,1,2,0,1,0,0
named,opid,4,18,4,10,1,1,1,1,0,3,4,1,1,1,1,0
per,path,4,18,10,8,0,0,0,0,0,3,1,0,0,0,0,0
recently,path,4,18,18,0,0,0,0,0,0,4,0,0,0,0,0,0
row,opid,4,18,5,11,0,1,1,0,0,3,2,0,1,1,0,0
what,opid,4,18,2,15,0,1,0,0,0,1,2,0,1,0,0,0
badge,path,4,17,13,2,1,0,1,0,0,4,2,1,0,1,0,0
bin,path,4,17,8,6,1,1,1,0,0,4,3,1,1,1,0,0
cash,opid,4,17,9,2,4,0,2,0,0,4,1,1,0,1,0,0
datastore,path,4,17,8,3,3,0,3,0,0,4,3,2,0,2,0,0
inventories,path,4,17,7,9,1,0,0,0,0,3,3,1,0,0,0,0
manufacturer,path,4,17,5,3,3,3,3,0,0,3,3,2,2,2,0,0
payroll,path,4,17,7,7,0,1,2,0,0,3,3,0,1,1,0,0
sha,opid,4,17,12,4,0,0,1,0,0,4,2,0,0,1,0,0
uptime,opid,4,17,11,2,2,0,2,0,0,4,1,1,0,1,0,0
watched,path,4,17,9,2,1,0,5,0,0,3,2,1,0,4,0,0
algorithm,path,4,16,6,8,1,1,0,0,0,2,3,1,1,0,0,0
announcement,opid,4,16,8,6,0,1,1,0,0,4,2,0,1,1,0,0
bounce,opid,4,16,8,3,1,2,2,0,0,3,2,1,1,1,0,0
correlation,path,4,16,2,14,0,0,0,0,0,2,2,0,0,0,0,0
folder,lead,4,16,7,5,1,1,2,0,0,4,2,1,1,2,0,0
hierarchy,path,4,16,10,3,2,0,1,0,0,4,1,2,0,1,0,0
inbox,opid,4,16,9,4,0,1,2,0,0,3,3,0,1,1,0,0
key,lead,4,16,9,4,1,0,2,0,0,3,2,1,0,1,0,0
kyc,opid,4,16,6,7,1,1,1,0,0,3,2,1,1,1,0,0
listing,lead,4,16,16,0,0,0,0,0,0,4,0,0,0,0,0,0
reload,opid,4,16,2,11,3,0,0,0,0,2,2,1,0,0,0,0
reload,path,4,16,3,10,3,0,0,0,0,2,2,1,0,0,0,0
settlement,opid,4,16,12,3,1,0,0,0,0,4,2,1,0,0,0,0
stripe,opid,4,16,9,3,4,0,0,0,0,3,3,1,0,0,0,0
train,opid,4,16,4,12,0,0,0,0,0,2,4,0,0,0,0,0
wallet,opid,4,16,8,8,0,0,0,0,0,2,3,0,0,0,0,0
website,opid,4,16,3,8,3,0,2,0,0,3,2,3,0,2,0,0
any,path,4,15,12,3,0,0,0,0,0,2,2,0,0,0,0,0
are,opid,4,15,15,0,0,0,0,0,0,4,0,0,0,0,0,0
bill,lead,4,15,9,4,0,1,1,0,0,3,3,0,1,1,0,0
chapter,path,4,15,13,1,0,0,1,0,0,4,1,0,0,1,0,0
controller,path,4,15,5,5,3,1,1,0,0,3,3,3,1,1,0,0
generic,path,4,15,7,2,4,2,0,0,0,4,1,3,1,0,0,0
into,opid,4,15,0,9,6,0,0,0,0,0,4,1,0,0,0,0
picture,opid,4,15,5,5,1,2,2,0,0,2,3,1,1,1,0,0
realtime,opid,4,15,4,9,1,0,1,0,0,4,3,1,0,1,0,0
realtime,path,4,15,4,9,1,0,1,0,0,4,3,1,0,1,0,0
recurring,path,4,15,4,7,1,0,3,0,0,2,3,1,0,2,0,0
repair,opid,4,15,1,13,1,0,0,0,0,1,3,1,0,0,0,0
step,lead,4,15,7,5,2,0,1,0,0,3,3,2,0,1,0,0
are,lead,4,14,14,0,0,0,0,0,0,4,0,0,0,0,0,0
browse,path,4,14,14,0,0,0,0,0,0,4,0,0,0,0,0,0
caption,opid,4,14,6,2,2,1,3,0,0,4,2,2,1,3,0,0
dealer,opid,4,14,14,0,0,0,0,0,0,4,0,0,0,0,0,0
deposit,path,4,14,5,9,0,0,0,0,0,3,2,0,0,0,0,0
documentation,opid,4,14,7,2,1,2,2,0,0,4,1,1,1,1,0,0
enrollment,opid,4,14,4,10,0,0,0,0,0,3,2,0,0,0,0,0
featured,opid,4,14,9,5,0,0,0,0,0,3,1,0,0,0,0,0
funding,opid,4,14,8,6,0,0,0,0,0,2,3,0,0,0,0,0
handler,opid,4,14,7,3,2,0,2,0,0,3,3,1,0,1,0,0
instrument,opid,4,14,11,2,0,1,0,0,0,4,1,0,1,0,0,0
instrument,path,4,14,11,2,0,1,0,0,0,4,1,0,1,0,0,0
issuer,opid,4,14,6,3,2,2,1,0,0,3,2,2,2,1,0,0
jurisdiction,opid,4,14,11,1,1,0,1,0,0,4,1,1,0,1,0,0
moderation,path,4,14,1,12,0,0,1,0,0,1,4,0,0,1,0,0
partial,lead,4,14,0,4,0,10,0,0,0,0,3,0,1,0,0,0
perf,opid,4,14,11,3,0,0,0,0,0,4,1,0,0,0,0,0
ref,path,4,14,9,2,0,0,3,0,0,3,1,0,0,2,0,0
reload,lead,4,14,2,11,1,0,0,0,0,2,2,1,0,0,0,0
searches,opid,4,14,6,3,4,0,1,0,0,4,2,1,0,1,0,0
system,lead,4,14,13,1,0,0,0,0,0,4,1,0,0,0,0,0
transcription,opid,4,14,0,14,0,0,0,0,0,0,4,0,0,0,0,0
aggregation,opid,4,13,3,8,1,0,1,0,0,3,2,1,0,1,0,0
attempt,path,4,13,8,4,0,0,1,0,0,3,2,0,0,1,0,0
automatic,path,4,13,4,7,0,2,0,0,0,3,2,0,1,0,0,0
begin,path,4,13,0,13,0,0,0,0,0,0,4,0,0,0,0,0
byte,opid,4,13,1,12,0,0,0,0,0,1,3,0,0,0,0,0
community,opid,4,13,6,3,3,0,1,0,0,4,1,2,0,1,0,0
deposit,opid,4,13,3,9,1,0,0,0,0,2,2,1,0,0,0,0
direction,path,4,13,9,4,0,0,0,0,0,4,1,0,0,0,0,0
funding,path,4,13,8,5,0,0,0,0,0,2,3,0,0,0,0,0
guide,opid,4,13,8,2,2,0,1,0,0,3,1,2,0,1,0,0
insert,path,4,13,1,12,0,0,0,0,0,1,4,0,0,0,0,0
journey,opid,4,13,8,2,2,0,1,0,0,3,2,1,0,1,0,0
learning,opid,4,13,8,2,1,1,1,0,0,4,1,1,1,1,0,0
mapped,opid,4,13,8,1,0,4,0,0,0,3,1,0,1,0,0,0
not,opid,4,13,5,4,2,0,2,0,0,2,3,2,0,1,0,0
problem,path,4,13,6,5,1,1,0,0,0,3,2,1,1,0,0,0
recently,opid,4,13,12,0,0,0,1,0,0,3,0,0,0,1,0,0
signed,opid,4,13,4,6,0,3,0,0,0,3,1,0,2,0,0,0
static,opid,4,13,4,7,1,0,1,0,0,3,2,1,0,1,0,0
trusted,opid,4,13,4,5,1,1,2,0,0,3,1,1,1,2,0,0
universal,path,4,13,7,3,0,0,2,1,0,4,2,0,0,2,1,0
upgrade,lead,4,13,0,10,3,0,0,0,0,0,4,1,0,0,0,0
violation,opid,4,13,8,5,0,0,0,0,0,4,4,0,0,0,0,0
aggregation,path,4,12,3,7,1,0,1,0,0,3,2,1,0,1,0,0
atm,path,4,12,11,0,0,0,0,1,0,4,0,0,0,0,1,0
built,opid,4,12,7,5,0,0,0,0,0,3,3,0,0,0,0,0
challenge,opid,4,12,2,8,2,0,0,0,0,2,3,2,0,0,0,0
configure,path,4,12,1,7,4,0,0,0,0,1,4,1,0,0,0,0
csr,opid,4,12,7,2,1,1,1,0,0,3,1,1,1,1,0,0
dependent,path,4,12,7,3,1,0,1,0,0,4,2,1,0,1,0,0
difference,path,4,12,10,2,0,0,0,0,0,3,2,0,0,0,0,0
election,path,4,12,12,0,0,0,0,0,0,4,0,0,0,0,0,0
failure,opid,4,12,4,7,0,0,1,0,0,3,2,0,0,1,0,0
human,opid,4,12,4,7,0,0,1,0,0,3,2,0,0,1,0,0
me,lead,4,12,8,0,3,1,0,0,0,4,0,1,1,0,0,0
meter,opid,4,12,7,5,0,0,0,0,0,3,2,0,0,0,0,0
meter,path,4,12,7,5,0,0,0,0,0,3,2,0,0,0,0,0
moderation,opid,4,12,0,11,1,0,0,0,0,0,4,1,0,0,0,0
outgoing,path,4,12,6,5,0,0,1,0,0,3,2,0,0,1,0,0
sms,lead,4,12,2,7,1,1,1,0,0,1,4,1,1,1,0,0
stored,path,4,12,5,5,1,0,1,0,0,3,2,1,0,1,0,0
vat,opid,4,12,7,5,0,0,0,0,0,3,2,0,0,0,0,0
wiki,path,4,12,8,1,1,1,1,0,0,3,1,1,1,1,0,0
appliance,opid,4,11,4,5,2,0,0,0,0,2,3,1,0,0,0,0
appliance,path,4,11,4,5,2,0,0,0,0,2,3,1,0,0,0,0
ca,opid,4,11,4,6,0,0,1,0,0,3,3,0,0,1,0,0
crawl,opid,4,11,8,3,0,0,0,0,0,3,2,0,0,0,0,0
crawl,path,4,11,8,3,0,0,0,0,0,3,2,0,0,0,0,0
csr,path,4,11,7,1,1,1,1,0,0,3,1,1,1,1,0,0
failure,path,4,11,3,7,0,0,1,0,0,2,2,0,0,1,0,0
finalize,opid,4,11,0,9,2,0,0,0,0,0,3,2,0,0,0,0
forward,opid,4,11,3,3,2,2,1,0,0,2,2,2,1,1,0,0
friend,opid,4,11,6,5,0,0,0,0,0,4,1,0,0,0,0,0
language,lead,4,11,2,7,1,0,1,0,0,1,4,1,0,1,0,0
net,opid,4,11,10,1,0,0,0,0,0,4,1,0,0,0,0,0
ordering,path,4,11,5,5,1,0,0,0,0,2,3,1,0,0,0,0
paginated,opid,4,11,11,0,0,0,0,0,0,4,0,0,0,0,0,0
production,opid,4,11,2,9,0,0,0,0,0,2,2,0,0,0,0,0
programme,path,4,11,11,0,0,0,0,0,0,4,0,0,0,0,0,0
race,path,4,11,9,2,0,0,0,0,0,4,1,0,0,0,0,0
rental,path,4,11,5,4,1,0,1,0,0,3,2,1,0,1,0,0
requirement,path,4,11,8,3,0,0,0,0,0,4,2,0,0,0,0,0
rule,lead,4,11,8,0,1,0,2,0,0,4,0,1,0,2,0,0
scan,lead,4,11,6,5,0,0,0,0,0,1,3,0,0,0,0,0
trip,path,4,11,10,1,0,0,0,0,0,4,1,0,0,0,0,0
warmup,path,4,11,3,3,4,0,1,0,0,2,2,1,0,1,0,0
blacklist,opid,4,10,4,3,1,0,2,0,0,3,3,1,0,2,0,0
city,opid,4,10,10,0,0,0,0,0,0,4,0,0,0,0,0,0
counter,opid,4,10,8,1,0,1,0,0,0,3,1,0,1,0,0,0
crypto,path,4,10,6,4,0,0,0,0,0,3,2,0,0,0,0,0
datacenter,path,4,10,8,2,0,0,0,0,0,4,2,0,0,0,0,0
emergency,opid,4,10,1,5,2,0,2,0,0,1,3,2,0,2,0,0
emergency,path,4,10,1,6,2,0,1,0,0,1,3,2,0,1,0,0
healthcheck,path,4,10,6,3,0,0,1,0,0,3,2,0,0,1,0,0
hosted,path,4,10,3,6,0,0,1,0,0,2,3,0,0,1,0,0
inline,opid,4,10,3,5,1,0,1,0,0,2,3,1,0,1,0,0
observation,opid,4,10,8,2,0,0,0,0,0,3,1,0,0,0,0,0
observation,path,4,10,8,2,0,0,0,0,0,3,1,0,0,0,0,0
params,path,4,10,7,3,0,0,0,0,0,2,2,0,0,0,0,0
parties,path,4,10,10,0,0,0,0,0,0,4,0,0,0,0,0,0
password,lead,4,10,2,8,0,0,0,0,0,2,3,0,0,0,0,0
poi,path,4,10,6,2,0,1,1,0,0,3,2,0,1,1,0,0
point,lead,4,10,7,1,0,1,1,0,0,3,1,0,1,1,0,0
scenario,opid,4,10,5,3,1,0,1,0,0,3,2,1,0,1,0,0
speech,opid,4,10,4,6,0,0,0,0,0,2,3,0,0,0,0,0
subscribed,path,4,10,0,6,3,0,1,0,0,0,3,1,0,1,0,0
trip,opid,4,10,9,1,0,0,0,0,0,4,1,0,0,0,0,0
used,lead,4,10,4,6,0,0,0,0,0,2,3,0,0,0,0,0
valid,opid,4,10,7,3,0,0,0,0,0,3,2,0,0,0,0,0
10,opid,4,9,3,5,0,0,1,0,0,3,1,0,0,1,0,0
anonymize,path,4,9,1,6,2,0,0,0,0,1,2,2,0,0,0,0
arrival,path,4,9,9,0,0,0,0,0,0,4,0,0,0,0,0,0
ban,path,4,9,2,4,0,0,3,0,0,1,4,0,0,3,0,0
delay,path,4,9,4,1,2,1,1,0,0,4,1,2,1,1,0,0
deny,lead,4,9,6,2,0,0,1,0,0,1,2,0,0,1,0,0
enrollment,path,4,9,4,5,0,0,0,0,0,3,2,0,0,0,0,0
equipment,opid,4,9,7,2,0,0,0,0,0,3,2,0,0,0,0,0
heartbeat,opid,4,9,3,6,0,0,0,0,0,3,2,0,0,0,0,0
interaction,opid,4,9,6,2,1,0,0,0,0,3,2,1,0,0,0,0
liveness,opid,4,9,6,3,0,0,0,0,0,3,2,0,0,0,0,0
liveness,path,4,9,6,3,0,0,0,0,0,3,2,0,0,0,0,0
markdown,path,4,9,3,4,1,0,1,0,0,3,3,1,0,1,0,0
offline,path,4,9,4,3,1,0,1,0,0,2,3,1,0,1,0,0
operating,opid,4,9,8,1,0,0,0,0,0,3,1,0,0,0,0,0
region,lead,4,9,9,0,0,0,0,0,0,4,0,0,0,0,0,0
registered,opid,4,9,4,2,1,0,2,0,0,3,2,1,0,1,0,0
reorder,lead,4,9,0,5,4,0,0,0,0,0,2,2,0,0,0,0
see,lead,4,9,9,0,0,0,0,0,0,4,0,0,0,0,0,0
setting,lead,4,9,4,1,4,0,0,0,0,2,1,3,0,0,0,0
signup,path,4,9,1,7,0,0,0,0,1,1,4,0,0,0,0,1
train,lead,4,9,2,7,0,0,0,0,0,1,4,0,0,0,0,0
unfollow,opid,4,9,0,0,0,0,9,0,0,0,0,0,0,4,0,0
vote,opid,4,9,4,3,0,0,2,0,0,4,3,0,0,2,0,0
addon,lead,4,8,6,0,1,0,1,0,0,4,0,1,0,1,0,0
age,path,4,8,6,1,0,1,0,0,0,4,1,0,1,0,0,0
air,opid,4,8,6,2,0,0,0,0,0,4,1,0,0,0,0,0
approved,path,4,8,6,0,1,0,1,0,0,4,0,1,0,1,0,0
ban,opid,4,8,2,4,0,0,2,0,0,1,4,0,0,2,0,0
config,lead,4,8,4,2,1,0,1,0,0,3,1,1,0,1,0,0
decode,path,4,8,5,3,0,0,0,0,0,3,2,0,0,0,0,0
departure,opid,4,8,8,0,0,0,0,0,0,4,0,0,0,0,0,0
difference,opid,4,8,2,6,0,0,0,0,0,2,3,0,0,0,0,0
dismiss,opid,4,8,0,8,0,0,0,0,0,0,4,0,0,0,0,0
end,lead,4,8,2,2,2,1,1,0,0,1,2,2,1,1,0,0
exec,path,4,8,2,6,0,0,0,0,0,2,4,0,0,0,0,0
force,opid,4,8,0,8,0,0,0,0,0,0,4,0,0,0,0,0
frequency,path,4,8,8,0,0,0,0,0,0,4,0,0,0,0,0,0
hidden,path,4,8,3,3,1,0,1,0,0,3,2,1,0,1,0,0
installation,opid,4,8,5,1,0,0,2,0,0,2,1,0,0,2,0,0
installation,path,4,8,6,1,0,0,1,0,0,3,1,0,0,1,0,0
letter,opid,4,8,6,2,0,0,0,0,0,4,2,0,0,0,0,0
marker,path,4,8,3,2,2,0,1,0,0,3,2,2,0,1,0,0
month,opid,4,8,7,0,0,1,0,0,0,4,0,0,1,0,0,0
nearby,path,4,8,8,0,0,0,0,0,0,4,0,0,0,0,0,0
office,opid,4,8,5,1,1,1,0,0,0,4,1,1,1,0,0,0
operating,path,4,8,7,1,0,0,0,0,0,3,1,0,0,0,0,0
or,path,4,8,4,2,0,0,2,0,0,3,2,0,0,1,0,0
owned,path,4,8,8,0,0,0,0,0,0,4,0,0,0,0,0,0
pickup,path,4,8,5,1,1,0,1,0,0,3,1,1,0,1,0,0
poll,lead,4,8,0,8,0,0,0,0,0,0,4,0,0,0,0,0
purge,path,4,8,2,4,1,1,0,0,0,2,2,1,1,0,0,0
reputation,opid,4,8,4,2,2,0,0,0,0,4,2,1,0,0,0,0
synonym,path,4,8,5,1,1,0,1,0,0,4,1,1,0,1,0,0
transformation,path,4,8,4,1,1,2,0,0,0,3,1,1,2,0,0,0
valid,path,4,8,4,4,0,0,0,0,0,2,3,0,0,0,0,0
{name},path,4,7,6,1,0,0,0,0,0,4,1,0,0,0,0,0
accepted,path,4,7,2,3,2,0,0,0,0,1,3,1,0,0,0,0
age,opid,4,7,6,0,0,1,0,0,0,4,0,0,1,0,0,0
barcode,path,4,7,5,2,0,0,0,0,0,3,2,0,0,0,0,0
between,opid,4,7,5,1,1,0,0,0,0,2,1,1,0,0,0,0
common,opid,4,7,3,2,0,1,1,0,0,3,2,0,1,1,0,0
decline,lead,4,7,0,6,0,0,1,0,0,0,3,0,0,1,0,0
distribute,opid,4,7,0,7,0,0,0,0,0,0,4,0,0,0,0,0
empty,opid,4,7,0,5,0,0,2,0,0,0,2,0,0,2,0,0
ephemeral,path,4,7,0,7,0,0,0,0,0,0,4,0,0,0,0,0
grant,lead,4,7,0,7,0,0,0,0,0,0,4,0,0,0,0,0
impact,path,4,7,3,4,0,0,0,0,0,2,3,0,0,0,0,0
latest,lead,4,7,7,0,0,0,0,0,0,4,0,0,0,0,0,0
lifetime,opid,4,7,5,2,0,0,0,0,0,3,1,0,0,0,0,0
matching,opid,4,7,5,2,0,0,0,0,0,3,2,0,0,0,0,0
month,path,4,7,6,0,0,1,0,0,0,4,0,0,1,0,0,0
name},path,4,7,3,3,1,0,0,0,0,3,1,1,0,0,0,0
not,path,4,7,4,2,1,0,0,0,0,3,1,1,0,0,0,0
opted,opid,4,7,4,2,1,0,0,0,0,3,1,1,0,0,0,0
opted,path,4,7,4,2,1,0,0,0,0,3,1,1,0,0,0,0
played,path,4,7,4,2,0,0,1,0,0,2,2,0,0,1,0,0
priorities,opid,4,7,5,1,1,0,0,0,0,4,1,1,0,0,0,0
reactivate,opid,4,7,0,7,0,0,0,0,0,0,4,0,0,0,0,0
rebuild,opid,4,7,1,6,0,0,0,0,0,1,4,0,0,0,0,0
reorder,path,4,7,0,7,0,0,0,0,0,0,4,0,0,0,0,0
reserve,opid,4,7,0,7,0,0,0,0,0,0,4,0,0,0,0,0
reserve,path,4,7,0,6,1,0,0,0,0,0,3,1,0,0,0,0
rss,path,4,7,7,0,0,0,0,0,0,4,0,0,0,0,0,0
unarchive,lead,4,7,0,4,1,0,2,0,0,0,2,1,0,1,0,0
unlike,lead,4,7,0,0,2,0,5,0,0,0,0,2,0,3,0,0
weight,path,4,7,2,5,0,0,0,0,0,1,3,0,0,0,0,0
withdraw,opid,4,7,1,4,1,0,1,0,0,1,3,1,0,1,0,0
about,opid,4,6,5,0,0,1,0,0,0,4,0,0,1,0,0,0
anonymous,opid,4,6,2,2,1,0,1,0,0,2,2,1,0,1,0,0
archived,opid,4,6,4,1,0,0,1,0,0,3,1,0,0,1,0,0
at,path,4,6,1,3,2,0,0,0,0,1,2,1,0,0,0,0
country,lead,4,6,5,1,0,0,0,0,0,4,1,0,0,0,0,0
estimate,lead,4,6,3,3,0,0,0,0,0,2,3,0,0,0,0,0
expand,opid,4,6,5,1,0,0,0,0,0,3,1,0,0,0,0,0
expand,path,4,6,5,1,0,0,0,0,0,3,1,0,0,0,0,0
expiry,path,4,6,2,2,2,0,0,0,0,2,2,2,0,0,0,0
family,path,4,6,6,0,0,0,0,0,0,4,0,0,0,0,0,0
flush,opid,4,6,0,2,1,0,3,0,0,0,2,1,0,1,0,0
fork,lead,4,6,1,5,0,0,0,0,0,1,3,0,0,0,0,0
full,lead,4,6,2,3,1,0,0,0,0,2,2,1,0,0,0,0
geocode,lead,4,6,6,0,0,0,0,0,0,4,0,0,0,0,0,0
hash,path,4,6,3,3,0,0,0,0,0,2,2,0,0,0,0,0
industries,path,4,6,5,0,1,0,0,0,0,4,0,1,0,0,0,0
initial,opid,4,6,3,1,2,0,0,0,0,2,1,2,0,0,0,0
metadata,lead,4,6,6,0,0,0,0,0,0,4,0,0,0,0,0,0
missing,opid,4,6,4,2,0,0,0,0,0,2,2,0,0,0,0,0
opt,lead,4,6,0,5,1,0,0,0,0,0,3,1,0,0,0,0
percentile,opid,4,6,5,1,0,0,0,0,0,3,1,0,0,0,0,0
percentile,path,4,6,5,1,0,0,0,0,0,3,1,0,0,0,0,0
played,opid,4,6,4,2,0,0,0,0,0,2,2,0,0,0,0,0
process,lead,4,6,0,6,0,0,0,0,0,0,4,0,0,0,0,0
profit,opid,4,6,6,0,0,0,0,0,0,4,0,0,0,0,0,0
psd,path,4,6,4,2,0,0,0,0,0,2,2,0,0,0,0,0
redact,opid,4,6,0,6,0,0,0,0,0,0,4,0,0,0,0,0
render,lead,4,6,2,4,0,0,0,0,0,1,3,0,0,0,0,0
shutdown,opid,4,6,0,6,0,0,0,0,0,0,4,0,0,0,0,0
sum,opid,4,6,5,1,0,0,0,0,0,3,1,0,0,0,0,0
unlike,opid,4,6,0,0,2,0,4,0,0,0,0,2,0,3,0,0
unlink,opid,4,6,0,3,1,0,2,0,0,0,2,1,0,1,0,0
unpublish,lead,4,6,0,1,3,0,2,0,0,0,1,1,0,2,0,0
userinfo,path,4,6,5,0,1,0,0,0,0,4,0,1,0,0,0,0
variation,opid,4,6,3,2,1,0,0,0,0,2,2,1,0,0,0,0
without,path,4,6,3,3,0,0,0,0,0,3,2,0,0,0,0,0
yaml,opid,4,6,5,0,1,0,0,0,0,4,0,1,0,0,0,0
accessible,opid,4,5,4,1,0,0,0,0,0,3,1,0,0,0,0,0
accessible,path,4,5,4,1,0,0,0,0,0,3,1,0,0,0,0,0
accuracy,path,4,5,3,2,0,0,0,0,0,2,2,0,0,0,0,0
amount,path,4,5,5,0,0,0,0,0,0,4,0,0,0,0,0,0
applied,path,4,5,3,2,0,0,0,0,0,2,2,0,0,0,0,0
assignee,path,4,5,1,2,2,0,0,0,0,1,1,2,0,0,0,0
cached,path,4,5,4,0,0,0,1,0,0,4,0,0,0,1,0,0
categorize,lead,4,5,1,2,1,1,0,0,0,1,2,1,1,0,0,0
choice,opid,4,5,4,1,0,0,0,0,0,3,1,0,0,0,0,0
commit,lead,4,5,1,4,0,0,0,0,0,1,3,0,0,0,0,0
completion,opid,4,5,1,4,0,0,0,0,0,1,3,0,0,0,0,0
cycle,opid,4,5,3,2,0,0,0,0,0,2,2,0,0,0,0,0
decrypt,opid,4,5,0,5,0,0,0,0,0,0,4,0,0,0,0,0
demand,path,4,5,1,4,0,0,0,0,0,1,3,0,0,0,0,0
down,opid,4,5,3,2,0,0,0,0,0,2,2,0,0,0,0,0
encoding,path,4,5,2,1,1,0,1,0,0,2,1,1,0,1,0,0
encrypt,path,4,5,0,4,1,0,0,0,0,0,3,1,0,0,0,0
energy,path,4,5,4,1,0,0,0,0,0,3,1,0,0,0,0,0
expire,lead,4,5,0,3,0,0,2,0,0,0,3,0,0,1,0,0
filter,lead,4,5,1,4,0,0,0,0,0,1,3,0,0,0,0,0
financial,opid,4,5,5,0,0,0,0,0,0,4,0,0,0,0,0,0
flag,lead,4,5,0,4,1,0,0,0,0,0,4,1,0,0,0,0
flush,path,4,5,0,3,1,0,1,0,0,0,2,1,0,1,0,0
geocode,opid,4,5,5,0,0,0,0,0,0,4,0,0,0,0,0,0
hide,lead,4,5,0,2,1,0,2,0,0,0,2,1,0,1,0,0
invalidate,lead,4,5,0,2,2,0,1,0,0,0,2,1,0,1,0,0
jira,opid,4,5,1,3,1,0,0,0,0,1,3,1,0,0,0,0
monthly,opid,4,5,5,0,0,0,0,0,0,4,0,0,0,0,0,0
onboarding,opid,4,5,5,0,0,0,0,0,0,4,0,0,0,0,0,0
onboarding,path,4,5,5,0,0,0,0,0,0,4,0,0,0,0,0,0
original,path,4,5,5,0,0,0,0,0,0,4,0,0,0,0,0,0
os,path,4,5,4,1,0,0,0,0,0,4,1,0,0,0,0,0
predict,lead,4,5,2,3,0,0,0,0,0,1,3,0,0,0,0,0
previous,opid,4,5,2,3,0,0,0,0,0,2,2,0,0,0,0,0
previous,path,4,5,2,3,0,0,0,0,0,2,2,0,0,0,0,0
provide,lead,4,5,1,4,0,0,0,0,0,1,3,0,0,0,0,0
rebuild,lead,4,5,0,5,0,0,0,0,0,0,4,0,0,0,0,0
rebuild,path,4,5,0,5,0,0,0,0,0,0,4,0,0,0,0,0
transcript,path,4,5,3,1,1,0,0,0,0,3,1,1,0,0,0,0
uninstall,lead,4,5,0,3,0,0,2,0,0,0,3,0,0,1,0,0
withdraw,lead,4,5,0,3,1,0,1,0,0,0,3,1,0,1,0,0
best,opid,4,4,3,1,0,0,0,0,0,3,1,0,0,0,0,0
cached,opid,4,4,4,0,0,0,0,0,0,4,0,0,0,0,0,0
capture,lead,4,4,0,4,0,0,0,0,0,0,4,0,0,0,0,0
checkin,opid,4,4,2,0,1,0,1,0,0,2,0,1,0,1,0,0
compile,opid,4,4,1,3,0,0,0,0,0,1,3,0,0,0,0,0
configured,path,4,4,3,1,0,0,0,0,0,3,1,0,0,0,0,0
decrypt,path,4,4,0,4,0,0,0,0,0,0,4,0,0,0,0,0
descriptor,path,4,4,4,0,0,0,0,0,0,4,0,0,0,0,0,0
dictionary,opid,4,4,3,1,0,0,0,0,0,3,1,0,0,0,0,0
dictionary,path,4,4,4,0,0,0,0,0,0,4,0,0,0,0,0,0
encrypt,lead,4,4,0,3,1,0,0,0,0,0,3,1,0,0,0,0
exchange,lead,4,4,1,3,0,0,0,0,0,1,3,0,0,0,0,0
expiration,opid,4,4,1,3,0,0,0,0,0,1,3,0,0,0,0,0
expiration,path,4,4,1,3,0,0,0,0,0,1,3,0,0,0,0,0
finish,opid,4,4,0,4,0,0,0,0,0,0,4,0,0,0,0,0
has,path,4,4,2,1,1,0,0,0,0,2,1,1,0,0,0,0
hide,path,4,4,0,4,0,0,0,0,0,0,4,0,0,0,0,0
inactive,path,4,4,2,2,0,0,0,0,0,2,2,0,0,0,0,0
init,opid,4,4,0,4,0,0,0,0,0,0,4,0,0,0,0,0
manage,opid,4,4,1,0,2,1,0,0,0,1,0,2,1,0,0,0
min,path,4,4,2,2,0,0,0,0,0,2,2,0,0,0,0,0
override,lead,4,4,0,1,3,0,0,0,0,0,1,3,0,0,0,0
preview,lead,4,4,2,2,0,0,0,0,0,2,2,0,0,0,0,0
purpose,path,4,4,2,1,1,0,0,0,0,2,1,1,0,0,0,0
reopen,path,4,4,0,2,2,0,0,0,0,0,2,2,0,0,0,0
reserve,lead,4,4,0,3,1,0,0,0,0,0,3,1,0,0,0,0
reverse,lead,4,4,2,2,0,0,0,0,0,2,2,0,0,0,0,0
scanner,opid,4,4,4,0,0,0,0,0,0,4,0,0,0,0,0,0
spec,lead,4,4,4,0,0,0,0,0,0,4,0,0,0,0,0,0
swap,path,4,4,0,4,0,0,0,0,0,0,4,0,0,0,0,0
undo,opid,4,4,0,2,0,0,2,0,0,0,2,0,0,2,0,0
unlock,lead,4,4,1,3,0,0,0,0,0,1,3,0,0,0,0,0
unread,opid,4,4,0,3,1,0,0,0,0,0,3,1,0,0,0,0
void,lead,4,4,0,3,1,0,0,0,0,0,3,1,0,0,0,0
welcome,path,4,4,2,2,0,0,0,0,0,2,2,0,0,0,0,0
io,path,3,454,230,47,52,52,73,0,0,3,3,2,2,2,0,0
k,path,3,429,217,43,49,49,71,0,0,1,2,1,1,2,0,0
ipam,opid,3,285,91,65,43,43,43,0,0,3,3,2,2,2,0,0
ipam,path,3,285,91,65,43,43,43,0,0,3,3,2,2,2,0,0
iam,path,3,261,75,182,3,0,1,0,0,2,3,2,0,1,0,0
compute,path,3,243,114,55,27,20,27,0,0,1,3,1,1,1,0,0
lab,path,3,221,74,60,30,28,29,0,0,3,2,2,2,2,0,0
msg,path,3,221,116,11,82,0,12,0,0,3,2,1,0,2,0,0
frontend,path,3,185,5,180,0,0,0,0,0,2,2,0,0,0,0,0
site,lead,3,171,59,44,38,11,19,0,0,3,2,2,2,2,0,0
put,path,3,167,2,160,5,0,0,0,0,1,2,2,0,0,0,0
database,lead,3,160,77,31,25,9,17,1,0,3,3,3,3,3,1,0
transit,opid,3,143,69,72,0,0,2,0,0,2,2,0,0,1,0,0
storage,lead,3,132,61,26,19,8,18,0,0,3,3,3,2,3,0,0
associate,lead,3,128,0,98,28,2,0,0,0,0,3,3,1,0,0,0
container,lead,3,121,44,61,6,1,8,1,0,3,3,2,1,3,1,0
disassociate,lead,3,121,0,82,1,2,36,0,0,0,2,1,1,3,0,0
board,opid,3,115,52,15,42,0,6,0,0,3,3,2,0,2,0,0
circuit,opid,3,114,42,15,21,15,21,0,0,3,3,3,3,3,0,0
circuit,path,3,114,42,15,21,15,21,0,0,3,3,3,3,3,0,0
directory,lead,3,114,44,26,13,12,19,0,0,3,1,2,1,2,0,0
peering,path,3,111,51,32,12,3,13,0,0,3,3,1,2,2,0,0
fleet,opid,3,109,23,76,5,1,4,0,0,3,2,2,1,2,0,0
scale,path,3,105,37,53,7,5,3,0,0,2,2,2,2,1,0,0
ec,path,3,104,1,102,0,1,0,0,0,1,1,0,1,0,0,0
farm,path,3,104,22,80,1,1,0,0,0,2,2,1,1,0,0,0
policy,lead,3,102,39,35,13,0,13,2,0,2,3,1,0,2,1,0
logging,opid,3,101,32,48,10,4,7,0,0,2,2,3,1,2,0,0
object,lead,3,98,39,19,21,0,19,0,0,2,2,1,0,1,0,0
peering,opid,3,96,46,24,10,4,12,0,0,3,2,1,2,3,0,0
alpha,opid,3,95,47,10,11,11,16,0,0,2,2,1,1,1,0,0
alt,opid,3,91,45,14,13,5,14,0,0,2,3,2,1,2,0,0
scale,opid,3,86,31,40,7,5,3,0,0,2,2,2,2,1,0,0
youtube,path,3,85,34,27,11,0,13,0,0,3,1,1,0,1,0,0
{resource,path,3,82,6,2,2,4,68,0,0,2,2,1,2,2,0,0
deployment,lead,3,76,30,23,7,3,8,5,0,2,2,1,2,2,1,0
lake,path,3,74,28,20,9,8,9,0,0,2,3,1,1,1,0,0
azure,path,3,71,35,12,9,5,10,0,0,2,3,1,1,2,0,0
cidr,opid,3,71,31,35,1,1,3,0,0,2,3,1,1,2,0,0
expense,lead,3,68,42,16,4,2,4,0,0,3,3,3,1,3,0,0
subnet,opid,3,66,28,34,2,0,2,0,0,3,2,1,0,1,0,0
goal,path,3,63,32,16,8,1,6,0,0,3,3,3,1,2,0,0
lab,opid,3,62,22,16,8,8,8,0,0,3,2,2,2,2,0,0
verified,path,3,62,30,30,0,1,1,0,0,2,3,0,1,1,0,0
alarm,opid,3,61,23,34,1,0,3,0,0,2,3,1,0,2,0,0
relay,path,3,61,23,16,8,4,10,0,0,2,3,1,2,2,0,0
drive,lead,3,60,26,15,0,9,10,0,0,3,2,0,2,2,0,0
finding,path,3,58,18,27,5,7,1,0,0,3,2,2,2,1,0,0
goal,opid,3,58,31,12,8,1,6,0,0,3,3,3,1,2,0,0
mirror,opid,3,58,26,22,3,2,5,0,0,3,3,1,1,2,0,0
launch,opid,3,57,21,32,0,2,2,0,0,1,3,0,1,1,0,0
logging,path,3,57,16,33,6,0,2,0,0,2,2,1,0,1,0,0
music,path,3,57,36,10,5,0,4,2,0,3,2,1,0,1,1,0
workflow,lead,3,57,32,20,1,2,2,0,0,3,2,1,2,2,0,0
failover,opid,3,56,12,39,2,1,2,0,0,2,3,1,1,1,0,0
ingress,opid,3,56,24,20,3,4,5,0,0,3,3,1,2,2,0,0
music,opid,3,56,35,10,5,0,4,2,0,3,2,1,0,1,1,0
solution,path,3,56,29,13,5,4,5,0,0,3,2,1,1,1,0,0
alarm,path,3,55,20,34,0,0,1,0,0,3,3,0,0,1,0,0
rack,opid,3,54,16,7,10,11,10,0,0,2,2,2,3,2,0,0
rack,path,3,54,16,7,10,11,10,0,0,2,2,2,3,2,0,0
book,lead,3,53,31,19,2,0,1,0,0,2,1,2,0,1,0,0
slide,lead,3,53,45,2,6,0,0,0,0,3,1,1,0,0,0,0
slide,opid,3,53,45,2,6,0,0,0,0,3,1,1,0,0,0,0
offering,opid,3,52,27,25,0,0,0,0,0,3,2,0,0,0,0,0
enterprise,opid,3,51,22,19,4,3,3,0,0,3,3,2,2,2,0,0
finding,opid,3,51,15,27,2,4,3,0,0,3,1,1,1,1,0,0
gene,opid,3,51,49,2,0,0,0,0,0,3,1,0,0,0,0,0
face,opid,3,50,11,25,2,5,7,0,0,2,3,1,1,2,0,0
protected,path,3,50,21,21,4,1,3,0,0,3,1,2,1,1,0,0
termination,opid,3,50,14,13,8,7,8,0,0,3,3,3,2,3,0,0
workload,path,3,50,27,8,4,7,4,0,0,3,2,2,2,2,0,0
dedicated,opid,3,49,23,3,11,5,7,0,0,3,2,2,1,2,0,0
attribute,lead,3,48,26,11,2,4,5,0,0,3,3,1,2,2,0,0
iot,path,3,48,25,10,6,2,5,0,0,3,1,3,1,2,0,0
studies,path,3,47,29,13,2,0,3,0,0,3,3,1,0,1,0,0
solution,opid,3,46,24,13,3,3,3,0,0,3,2,1,1,1,0,0
appointment,opid,3,45,18,10,6,6,5,0,0,3,3,3,3,3,0,0
failover,path,3,45,6,34,2,1,2,0,0,2,3,1,1,1,0,0
skill,opid,3,45,18,25,1,1,0,0,0,2,2,1,1,0,0,0
tv,path,3,45,31,9,0,0,5,0,0,3,1,0,0,1,0,0
table,lead,3,44,28,2,7,2,5,0,0,3,1,3,1,2,0,0
type},path,3,43,16,12,7,0,8,0,0,3,2,1,0,2,0,0
volume,lead,3,43,24,6,4,1,8,0,0,3,2,1,1,3,0,0
principal,path,3,42,14,18,2,3,5,0,0,2,3,1,1,2,0,0
candidate,path,3,41,34,7,0,0,0,0,0,2,2,0,0,0,0,0
listener,path,3,41,15,22,2,0,2,0,0,3,2,2,0,2,0,0
projected,opid,3,41,39,2,0,0,0,0,0,2,1,0,0,0,0,0
suppression,path,3,41,17,7,4,1,12,0,0,3,2,2,1,3,0,0
proposal,path,3,38,11,24,2,1,0,0,0,2,3,1,1,0,0,0
recipient,lead,3,38,12,9,10,0,7,0,0,2,3,1,0,1,0,0
secret,lead,3,38,16,6,6,4,6,0,0,3,3,2,2,3,0,0
artifact,lead,3,37,17,10,3,1,5,1,0,2,2,1,1,1,1,0
ml,path,3,37,3,30,2,0,2,0,0,1,3,1,0,1,0,0
notebook,opid,3,37,6,30,0,0,1,0,0,2,2,0,0,1,0,0
processor,opid,3,37,6,30,0,0,1,0,0,1,3,0,0,1,0,0
protected,opid,3,37,17,13,3,1,3,0,0,3,1,1,1,1,0,0
sim,path,3,37,16,13,2,2,4,0,0,3,2,1,1,1,0,0
studio,opid,3,37,12,17,1,2,3,2,0,3,1,1,1,1,1,0
suppression,opid,3,37,15,7,3,1,11,0,0,2,2,2,1,2,0,0
authorization,lead,3,36,13,10,5,1,6,1,0,2,3,2,1,2,1,0
gallery,opid,3,36,16,2,6,5,7,0,0,3,2,2,1,2,0,0
clean,lead,3,35,18,16,0,0,0,1,0,2,1,0,0,0,1,0
optimization,path,3,35,4,31,0,0,0,0,0,1,3,0,0,0,0,0
revenue,path,3,35,19,9,6,0,1,0,0,3,1,1,0,1,0,0
sip,path,3,35,12,10,3,3,7,0,0,3,2,1,1,2,0,0
blueprint,path,3,34,14,12,4,0,4,0,0,2,2,1,0,1,0,0
outlet,opid,3,34,12,4,6,6,6,0,0,3,2,2,2,2,0,0
outlet,path,3,34,12,4,6,6,6,0,0,3,2,2,2,2,0,0
whitelist,opid,3,34,16,6,4,1,7,0,0,3,3,1,1,3,0,0
anomaly,opid,3,33,8,25,0,0,0,0,0,3,1,0,0,0,0,0
geofence,path,3,33,13,8,6,0,6,0,0,3,3,3,0,2,0,0
holiday,lead,3,33,20,6,2,2,3,0,0,3,1,1,1,2,0,0
lake,opid,3,33,15,14,2,1,1,0,0,2,2,2,1,1,0,0
anomaly,path,3,32,7,25,0,0,0,0,0,3,1,0,0,0,0,0
based,path,3,32,4,25,1,1,1,0,0,1,3,1,1,1,0,0
env,path,3,32,15,2,8,2,5,0,0,3,2,2,2,3,0,0
function,lead,3,32,14,8,3,2,5,0,0,3,3,3,2,3,0,0
hardware,path,3,32,22,6,2,1,1,0,0,3,2,2,1,1,0,0
opportunities,path,3,32,20,5,2,3,2,0,0,3,2,1,2,2,0,0
profile,lead,3,32,16,7,3,2,4,0,0,3,2,1,1,2,0,0
basket,path,3,31,14,6,5,0,6,0,0,3,3,2,0,3,0,0
composite,path,3,31,20,5,1,1,4,0,0,3,3,1,1,2,0,0
kubernetes,path,3,31,12,9,3,0,7,0,0,2,2,2,0,2,0,0
modifier,opid,3,31,16,7,2,4,2,0,0,2,3,1,2,1,0,0
modifier,path,3,31,16,7,2,4,2,0,0,2,3,1,2,1,0,0
pack,path,3,31,8,18,2,1,2,0,0,2,2,1,1,1,0,0
administrator,path,3,30,12,10,4,0,4,0,0,2,2,1,0,1,0,0
families,path,3,30,15,4,0,10,1,0,0,1,3,0,1,1,0,0
ins,path,3,30,27,3,0,0,0,0,0,2,2,0,0,0,0,0
award,opid,3,29,17,6,0,0,6,0,0,3,1,0,0,1,0,0
buyer,opid,3,29,9,18,0,1,1,0,0,2,2,0,1,1,0,0
dashboard,lead,3,29,24,2,1,1,1,0,0,2,1,1,1,1,0,0
loyalty,path,3,29,10,14,2,2,1,0,0,3,2,1,1,1,0,0
registrant,path,3,29,12,7,3,3,4,0,0,2,3,1,1,2,0,0
us,opid,3,29,3,26,0,0,0,0,0,2,2,0,0,0,0,0
ads,opid,3,28,9,15,1,2,1,0,0,3,2,1,1,1,0,0
cm,path,3,28,0,28,0,0,0,0,0,0,3,0,0,0,0,0
tweet,path,3,28,23,3,1,0,1,0,0,3,2,1,0,1,0,0
disruption,opid,3,27,20,1,2,2,2,0,0,3,1,1,1,1,0,0
payee,path,3,27,17,8,0,0,2,0,0,3,1,0,0,1,0,0
processor,path,3,27,4,23,0,0,0,0,0,1,3,0,0,0,0,0
training,opid,3,27,11,11,4,0,1,0,0,3,3,1,0,1,0,0
vms,opid,3,27,8,17,1,0,1,0,0,3,2,1,0,1,0,0
workload,opid,3,27,11,6,2,3,5,0,0,3,2,1,2,3,0,0
azure,opid,3,26,11,6,4,1,4,0,0,2,3,1,1,2,0,0
composite,opid,3,26,9,6,4,1,6,0,0,3,3,2,1,2,0,0
conference,path,3,26,5,21,0,0,0,0,0,2,2,0,0,0,0,0
echo,lead,3,26,14,12,0,0,0,0,0,3,1,0,0,0,0,0
env,opid,3,26,11,2,6,2,5,0,0,3,2,2,2,3,0,0
extension},path,3,26,18,8,0,0,0,0,0,3,1,0,0,0,0,0
installer,opid,3,26,10,10,3,0,3,0,0,2,2,1,0,1,0,0
l,path,3,26,9,2,7,4,4,0,0,3,1,2,1,1,0,0
pack,opid,3,26,6,17,1,1,1,0,0,2,2,1,1,1,0,0
people,lead,3,26,13,7,1,2,3,0,0,3,1,1,1,1,0,0
cable,path,3,25,6,4,5,5,5,0,0,2,3,2,2,2,0,0
fact,path,3,25,16,3,4,0,2,0,0,3,1,2,0,2,0,0
head,lead,3,25,0,0,0,0,0,25,0,0,0,0,0,0,3,0
lease,path,3,25,15,2,5,1,2,0,0,2,2,2,1,1,0,0
mapper,path,3,25,11,8,3,0,3,0,0,2,2,1,0,1,0,0
student,opid,3,25,18,5,0,1,1,0,0,3,1,0,1,1,0,0
sim,opid,3,24,12,8,0,2,2,0,0,3,2,0,1,1,0,0
student,path,3,24,17,5,0,1,1,0,0,3,1,0,1,1,0,0
connector,lead,3,23,12,5,2,1,3,0,0,3,1,1,1,2,0,0
delegated,opid,3,23,11,8,0,2,2,0,0,2,2,0,1,1,0,0
delegated,path,3,23,11,8,0,2,2,0,0,2,2,0,1,1,0,0
discovered,opid,3,23,11,12,0,0,0,0,0,3,2,0,0,0,0,0
floating,path,3,23,9,11,1,0,2,0,0,3,3,1,0,2,0,0
ledger,path,3,23,9,8,0,3,3,0,0,3,3,0,2,2,0,0
payee,opid,3,23,15,6,0,0,2,0,0,3,1,0,0,1,0,0
stage,opid,3,23,6,11,0,2,4,0,0,3,1,0,1,1,0,0
sticker,path,3,23,8,12,1,0,2,0,0,2,2,1,0,1,0,0
usage,lead,3,23,23,0,0,0,0,0,0,3,0,0,0,0,0,0
watchlist,lead,3,23,2,21,0,0,0,0,0,1,2,0,0,0,0,0
allocate,opid,3,22,9,11,1,0,1,0,0,2,3,1,0,1,0,0
audience,opid,3,22,11,4,2,2,2,1,0,3,2,2,1,2,1,0
blueprint,opid,3,22,6,12,2,0,2,0,0,2,2,1,0,1,0,0
closed,opid,3,22,6,5,6,2,3,0,0,1,2,2,1,1,0,0
cross,opid,3,22,6,8,4,1,3,0,0,2,2,2,1,2,0,0
detach,lead,3,22,0,15,4,0,3,0,0,0,3,1,0,1,0,0
developer,opid,3,22,7,15,0,0,0,0,0,2,2,0,0,0,0,0
discovered,path,3,22,11,11,0,0,0,0,0,3,2,0,0,0,0,0
lan,opid,3,22,7,2,4,4,5,0,0,3,1,1,1,2,0,0
live,lead,3,22,13,3,3,1,2,0,0,2,1,2,1,1,0,0
pathway,path,3,22,21,1,0,0,0,0,0,3,1,0,0,0,0,0
savings,opid,3,22,4,14,2,0,2,0,0,2,3,2,0,1,0,0
savings,path,3,22,4,14,2,0,2,0,0,2,3,2,0,1,0,0
shift,opid,3,22,10,4,3,2,3,0,0,2,2,2,1,2,0,0
shift,path,3,22,10,4,3,2,3,0,0,2,2,2,1,2,0,0
simulation,opid,3,22,3,19,0,0,0,0,0,1,2,0,0,0,0,0
work,lead,3,22,12,6,1,2,1,0,0,3,3,1,2,1,0,0
asn,opid,3,21,11,2,3,2,3,0,0,3,2,2,1,2,0,0
asn,path,3,21,11,2,3,2,3,0,0,3,2,2,1,2,0,0
auditing,path,3,21,13,1,7,0,0,0,0,3,1,1,0,0,0,0
bio,opid,3,21,17,3,1,0,0,0,0,1,1,1,0,0,0,0
bio,path,3,21,17,3,1,0,0,0,0,1,1,1,0,0,0,0
campaign,lead,3,21,9,8,2,0,2,0,0,3,2,2,0,2,0,0
if,path,3,21,3,18,0,0,0,0,0,2,3,0,0,0,0,0
messaging,opid,3,21,14,3,0,2,2,0,0,3,1,0,1,1,0,0
opportunities,opid,3,21,13,4,1,2,1,0,0,3,2,1,2,1,0,0
pos,opid,3,21,5,8,6,0,2,0,0,2,1,1,0,1,0,0
tls,opid,3,21,7,11,0,2,1,0,0,2,2,0,2,1,0,0
warehouse,path,3,21,9,6,4,0,2,0,0,3,3,2,0,2,0,0
week,path,3,21,21,0,0,0,0,0,0,3,0,0,0,0,0,0
chassis,opid,3,20,6,3,4,3,4,0,0,3,3,3,2,3,0,0
cloud,lead,3,20,8,8,1,0,3,0,0,3,2,1,0,2,0,0
domestic,path,3,20,11,9,0,0,0,0,0,2,2,0,0,0,0,0
infrastructure,path,3,20,13,3,3,0,1,0,0,3,2,2,0,1,0,0
locator,opid,3,20,15,3,1,0,1,0,0,3,1,1,0,1,0,0
manual,path,3,20,8,8,3,1,0,0,0,2,3,1,1,0,0,0
most,opid,3,20,19,1,0,0,0,0,0,2,1,0,0,0,0,0
t,path,3,20,8,4,5,1,2,0,0,3,2,2,1,2,0,0
cache,lead,3,19,6,5,3,2,2,1,0,2,2,2,1,1,1,0
constraint,opid,3,19,3,16,0,0,0,0,0,2,2,0,0,0,0,0
constraint,path,3,19,3,16,0,0,0,0,0,2,2,0,0,0,0,0
consumer,lead,3,19,12,2,2,1,2,0,0,3,2,2,1,2,0,0
daemon,opid,3,19,10,2,2,2,3,0,0,3,2,1,1,2,0,0
dimension,opid,3,19,7,8,1,2,1,0,0,3,2,1,2,1,0,0
enterprise,lead,3,19,7,6,2,2,2,0,0,2,3,1,1,1,0,0
idp,opid,3,19,11,4,1,1,2,0,0,3,2,1,1,2,0,0
reviewer,opid,3,19,8,2,4,0,5,0,0,3,1,1,0,2,0,0
bridge,opid,3,18,4,7,4,0,3,0,0,2,3,1,0,1,0,0
broker,path,3,18,8,4,4,0,2,0,0,2,2,2,0,1,0,0
committee,path,3,18,18,0,0,0,0,0,0,3,0,0,0,0,0,0
conformance,path,3,18,3,15,0,0,0,0,0,2,1,0,0,0,0,0
contains,path,3,18,14,4,0,0,0,0,0,1,2,0,0,0,0,0
currencies,lead,3,18,14,2,1,1,0,0,0,3,1,1,1,0,0,0
debug,path,3,18,4,14,0,0,0,0,0,2,3,0,0,0,0,0
department,lead,3,18,10,4,1,2,1,0,0,3,2,1,2,1,0,0
face,path,3,18,2,16,0,0,0,0,0,1,3,0,0,0,0,0
families,opid,3,18,9,4,0,5,0,0,0,1,3,0,1,0,0,0
gen,path,3,18,12,6,0,0,0,0,0,3,3,0,0,0,0,0
logger,path,3,18,8,2,3,1,3,1,0,3,1,3,1,3,1,0
media,lead,3,18,7,6,2,1,2,0,0,3,1,1,1,1,0,0
packet,path,3,18,6,8,1,1,2,0,0,3,2,1,1,2,0,0
prometheus,opid,3,18,9,8,0,0,1,0,0,3,2,0,0,1,0,0
symbol,path,3,18,14,2,0,1,1,0,0,3,1,0,1,1,0,0
64,path,3,17,10,6,0,1,0,0,0,2,1,0,1,0,0,0
capacities,path,3,17,11,3,1,1,1,0,0,2,2,1,1,1,0,0
classifier,opid,3,17,4,11,1,0,1,0,0,2,1,1,0,1,0,0
delegate,path,3,17,2,14,0,0,1,0,0,1,3,0,0,1,0,0
demographic,opid,3,17,8,4,3,1,1,0,0,2,3,2,1,1,0,0
dhcp,opid,3,17,10,5,2,0,0,0,0,2,2,1,0,0,0,0
dhcp,path,3,17,10,5,2,0,0,0,0,2,2,1,0,0,0,0
facet,opid,3,17,3,6,8,0,0,0,0,2,1,1,0,0,0,0
life,path,3,17,7,3,5,0,2,0,0,1,2,2,0,1,0,0
marketplace,opid,3,17,10,6,1,0,0,0,0,2,3,1,0,0,0,0
power,lead,3,17,6,6,2,1,2,0,0,2,3,2,1,1,0,0
revenue,opid,3,17,12,0,5,0,0,0,0,3,0,1,0,0,0,0
sas,path,3,17,7,7,1,1,1,0,0,3,1,1,1,1,0,0
school,path,3,17,17,0,0,0,0,0,0,3,0,0,0,0,0,0
substance,opid,3,17,17,0,0,0,0,0,0,3,0,0,0,0,0,0
what,path,3,17,2,15,0,0,0,0,0,1,2,0,0,0,0,0
a,path,3,16,13,1,0,1,1,0,0,2,1,0,1,1,0,0
attendee,opid,3,16,10,5,0,0,1,0,0,3,1,0,0,1,0,0
bank,lead,3,16,2,11,2,0,1,0,0,2,2,1,0,1,0,0
bid,path,3,16,12,4,0,0,0,0,0,2,1,0,0,0,0,0
chassis,path,3,16,5,2,3,3,3,0,0,3,2,2,2,2,0,0
extension,lead,3,16,9,0,3,1,3,0,0,3,0,1,1,1,0,0
fast,path,3,16,8,8,0,0,0,0,0,3,1,0,0,0,0,0
idp,path,3,16,10,4,1,0,1,0,0,3,2,1,0,1,0,0
life,opid,3,16,9,3,2,0,2,0,0,2,2,1,0,1,0,0
mailbox,opid,3,16,2,10,3,0,1,0,0,2,2,1,0,1,0,0
named,path,3,16,3,9,1,1,1,1,0,2,3,1,1,1,1,0
negative,opid,3,16,7,6,1,1,1,0,0,3,2,1,1,1,0,0
negative,path,3,16,7,6,1,1,1,0,0,3,2,1,1,1,0,0
ontology,opid,3,16,15,1,0,0,0,0,0,3,1,0,0,0,0,0
relation,opid,3,16,13,2,1,0,0,0,0,3,2,1,0,0,0,0
substance,path,3,16,16,0,0,0,0,0,0,3,0,0,0,0,0,0
threat,opid,3,16,7,5,2,1,1,0,0,3,2,1,1,1,0,0
uptime,path,3,16,10,2,2,0,2,0,0,3,1,1,0,1,0,0
adapter,path,3,15,5,4,3,0,3,0,0,3,2,1,0,2,0,0
ap,opid,3,15,6,6,1,0,2,0,0,2,1,1,0,1,0,0
capacities,opid,3,15,8,4,1,1,1,0,0,2,2,1,1,1,0,0
checkout,lead,3,15,3,12,0,0,0,0,0,1,3,0,0,0,0,0
cms,path,3,15,9,2,2,0,2,0,0,3,1,1,0,1,0,0
countries,lead,3,15,11,2,1,1,0,0,0,3,1,1,1,0,0,0
estimation,opid,3,15,5,9,1,0,0,0,0,2,2,1,0,0,0,0
indexing,path,3,15,5,7,1,0,2,0,0,3,2,1,0,1,0,0
kyc,path,3,15,6,6,1,1,1,0,0,3,1,1,1,1,0,0
layout,path,3,15,7,3,3,0,2,0,0,3,2,1,0,1,0,0
ledger,opid,3,15,7,3,0,3,2,0,0,3,3,0,2,2,0,0
perf,path,3,15,10,4,0,0,1,0,0,3,2,0,0,1,0,0
signal,lead,3,15,3,9,1,1,1,0,0,1,3,1,1,1,0,0
tls,path,3,15,5,9,0,1,0,0,0,2,2,0,1,0,0,0
warehouse,opid,3,15,5,5,3,0,2,0,0,3,3,2,0,2,0,0
abuse,path,3,14,6,5,1,0,2,0,0,3,3,1,0,1,0,0
algorithm,opid,3,14,6,7,0,1,0,0,0,2,2,0,1,0,0,0
any,opid,3,14,5,4,2,0,3,0,0,2,1,1,0,2,0,0
are,path,3,14,14,0,0,0,0,0,0,3,0,0,0,0,0,0
calculation,path,3,14,5,9,0,0,0,0,0,2,2,0,0,0,0,0
care,path,3,14,6,6,1,0,1,0,0,2,2,1,0,1,0,0
duty,path,3,14,8,2,2,0,2,0,0,3,2,2,0,2,0,0
generation,opid,3,14,2,10,2,0,0,0,0,2,2,1,0,0,0,0
holding,path,3,14,9,2,2,0,1,0,0,2,2,1,0,1,0,0
income,lead,3,14,6,6,1,0,1,0,0,2,2,1,0,1,0,0
increase,opid,3,14,3,10,1,0,0,0,0,2,2,1,0,0,0,0
ios,opid,3,14,6,1,3,1,3,0,0,3,1,1,1,1,0,0
ocr,opid,3,14,0,14,0,0,0,0,0,0,3,0,0,0,0,0
premium,path,3,14,14,0,0,0,0,0,0,3,0,0,0,0,0,0
road,path,3,14,9,1,0,4,0,0,0,2,1,0,1,0,0,0
robot,path,3,14,2,12,0,0,0,0,0,2,1,0,0,0,0,0
scheduling,path,3,14,6,4,1,1,2,0,0,1,3,1,1,1,0,0
slice,opid,3,14,9,1,1,1,2,0,0,3,1,1,1,1,0,0
syslog,opid,3,14,8,1,5,0,0,0,0,3,1,3,0,0,0,0
syslog,path,3,14,8,1,5,0,0,0,0,3,1,3,0,0,0,0
vm,path,3,14,7,4,2,0,1,0,0,2,2,2,0,1,0,0
amendment,path,3,13,7,1,2,1,2,0,0,3,1,2,1,2,0,0
assistant,path,3,13,4,7,0,0,2,0,0,3,2,0,0,1,0,0
attached,opid,3,13,6,5,1,0,1,0,0,3,1,1,0,1,0,0
channel,lead,3,13,5,2,2,2,2,0,0,2,2,1,2,1,0,0
earning,opid,3,13,9,2,1,0,1,0,0,3,1,1,0,1,0,0
earning,path,3,13,9,2,1,0,1,0,0,3,1,1,0,1,0,0
indices,path,3,13,5,6,1,0,1,0,0,3,1,1,0,1,0,0
invocation,path,3,13,5,8,0,0,0,0,0,2,2,0,0,0,0,0
kpi,path,3,13,9,2,1,0,1,0,0,3,1,1,0,1,0,0
rateplan,path,3,13,8,1,2,2,0,0,0,3,1,1,1,0,0,0
required,path,3,13,5,4,1,1,2,0,0,3,2,1,1,2,0,0
source,lead,3,13,8,1,2,1,1,0,0,2,1,1,1,1,0,0
svg,path,3,13,13,0,0,0,0,0,0,3,0,0,0,0,0,0
synonym,opid,3,13,5,2,2,1,3,0,0,3,2,2,1,3,0,0
train,path,3,13,4,9,0,0,0,0,0,2,3,0,0,0,0,0
watched,opid,3,13,8,2,1,0,2,0,0,2,2,1,0,2,0,0
:id,path,3,12,3,0,3,0,6,0,0,2,0,2,0,3,0,0
advertised,opid,3,12,8,2,0,1,1,0,0,2,2,0,1,1,0,0
art,path,3,12,11,0,1,0,0,0,0,3,0,1,0,0,0,0
cells,path,3,12,2,6,1,2,1,0,0,2,2,1,1,1,0,0
css,path,3,12,7,2,1,0,2,0,0,3,2,1,0,1,0,0
datastore,opid,3,12,5,5,1,0,1,0,0,3,2,1,0,1,0,0
dicom,path,3,12,6,4,1,0,1,0,0,3,2,1,0,1,0,0
dictionaries,path,3,12,10,2,0,0,0,0,0,3,2,0,0,0,0,0
ext,path,3,12,4,3,1,1,3,0,0,2,3,1,1,2,0,0
holding,opid,3,12,7,2,2,0,1,0,0,2,2,1,0,1,0,0
instant,path,3,12,7,5,0,0,0,0,0,1,2,0,0,0,0,0
ip,lead,3,12,8,0,2,1,1,0,0,3,0,1,1,1,0,0
journey,path,3,12,8,1,2,0,1,0,0,3,1,1,0,1,0,0
landing,opid,3,12,9,1,1,1,0,0,0,3,1,1,1,0,0,0
loan,path,3,12,8,1,0,1,1,1,0,3,1,0,1,1,1,0
memory,opid,3,12,7,3,2,0,0,0,0,2,1,2,0,0,0,0
movie,lead,3,12,12,0,0,0,0,0,0,3,0,0,0,0,0,0
newsletter,path,3,12,10,0,2,0,0,0,0,3,0,1,0,0,0,0
play,lead,3,12,9,3,0,0,0,0,0,1,2,0,0,0,0,0
qrcode,opid,3,12,0,12,0,0,0,0,0,0,3,0,0,0,0,0
rate,lead,3,12,8,0,2,2,0,0,0,2,0,2,1,0,0,0
recycle,opid,3,12,4,8,0,0,0,0,0,1,3,0,0,0,0,0
recycle,path,3,12,4,8,0,0,0,0,0,1,3,0,0,0,0,0
runner,opid,3,12,5,2,2,0,3,0,0,2,2,2,0,2,0,0
adapter,opid,3,11,5,3,1,0,2,0,0,3,2,1,0,2,0,0
calculation,opid,3,11,5,6,0,0,0,0,0,2,1,0,0,0,0,0
challenge,path,3,11,3,7,1,0,0,0,0,3,2,1,0,0,0,0
compilation,opid,3,11,5,5,1,0,0,0,0,2,2,1,0,0,0,0
delivered,path,3,11,4,4,3,0,0,0,0,2,2,2,0,0,0,0
dkim,opid,3,11,3,4,4,0,0,0,0,1,2,2,0,0,0,0
effect,path,3,11,8,3,0,0,0,0,0,2,1,0,0,0,0,0
favorite,lead,3,11,4,2,2,1,2,0,0,3,1,2,1,2,0,0
fill,path,3,11,9,2,0,0,0,0,0,1,2,0,0,0,0,0
guid,opid,3,11,4,3,1,1,2,0,0,1,2,1,1,2,0,0
human,path,3,11,4,6,0,0,1,0,0,3,1,0,0,1,0,0
invocation,opid,3,11,5,6,0,0,0,0,0,2,2,0,0,0,0,0
issuer,path,3,11,4,2,2,2,1,0,0,2,2,2,2,1,0,0
legacy,lead,3,11,9,2,0,0,0,0,0,3,1,0,0,0,0,0
migration,lead,3,11,5,3,2,0,1,0,0,2,2,2,0,1,0,0
optimal,path,3,11,4,7,0,0,0,0,0,1,3,0,0,0,0,0
organization,lead,3,11,6,2,0,1,2,0,0,3,1,0,1,1,0,0
reboot,lead,3,11,0,10,1,0,0,0,0,0,3,1,0,0,0,0
receiver,path,3,11,7,1,2,0,1,0,0,3,1,2,0,1,0,0
reindex,opid,3,11,3,5,3,0,0,0,0,2,3,1,0,0,0,0
remote,lead,3,11,5,2,1,1,2,0,0,2,2,1,1,2,0,0
sdk,path,3,11,8,3,0,0,0,0,0,3,1,0,0,0,0,0
sequence,opid,3,11,5,3,1,0,2,0,0,3,2,1,0,2,0,0
signed,path,3,11,2,6,0,3,0,0,0,2,1,0,2,0,0,0
sku,lead,3,11,10,1,0,0,0,0,0,3,1,0,0,0,0,0
summarize,opid,3,11,3,8,0,0,0,0,0,2,1,0,0,0,0,0
terminate,lead,3,11,0,10,1,0,0,0,0,0,2,1,0,0,0,0
transcription,path,3,11,0,11,0,0,0,0,0,0,3,0,0,0,0,0
trusted,path,3,11,3,5,1,1,1,0,0,2,1,1,1,1,0,0
vat,lead,3,11,6,5,0,0,0,0,0,2,2,0,0,0,0,0
wiki,opid,3,11,7,1,1,1,1,0,0,2,1,1,1,1,0,0
additional,lead,3,10,8,2,0,0,0,0,0,3,1,0,0,0,0,0
amendment,opid,3,10,6,1,1,1,1,0,0,3,1,1,1,1,0,0
behavior,opid,3,10,4,4,0,1,1,0,0,2,3,0,1,1,0,0
behavior,path,3,10,4,4,0,1,1,0,0,2,3,0,1,1,0,0
blue,opid,3,10,4,5,1,0,0,0,0,1,2,1,0,0,0,0
blue,path,3,10,4,5,1,0,0,0,0,1,2,1,0,0,0,0
compose,opid,3,10,4,5,1,0,0,0,0,2,3,1,0,0,0,0
dealer,lead,3,10,10,0,0,0,0,0,0,3,0,0,0,0,0,0
experience,path,3,10,2,8,0,0,0,0,0,2,1,0,0,0,0,0
geojson,path,3,10,6,4,0,0,0,0,0,3,1,0,0,0,0,0
increase,path,3,10,1,8,1,0,0,0,0,1,2,1,0,0,0,0
initiate,path,3,10,1,8,1,0,0,0,0,1,2,1,0,0,0,0
inspection,path,3,10,5,4,1,0,0,0,0,3,2,1,0,0,0,0
institution,lead,3,10,6,4,0,0,0,0,0,2,2,0,0,0,0,0
menu,opid,3,10,8,1,1,0,0,0,0,2,1,1,0,0,0,0
payroll,opid,3,10,6,4,0,0,0,0,0,2,2,0,0,0,0,0
procedure,opid,3,10,8,0,1,0,1,0,0,3,0,1,0,1,0,0
procedure,path,3,10,8,0,1,0,1,0,0,3,0,1,0,1,0,0
processing,opid,3,10,1,8,1,0,0,0,0,1,1,1,0,0,0,0
prometheus,path,3,10,5,5,0,0,0,0,0,3,1,0,0,0,0,0
real,opid,3,10,5,3,1,0,1,0,0,3,2,1,0,1,0,0
replay,opid,3,10,1,9,0,0,0,0,0,1,2,0,0,0,0,0
restrict,opid,3,10,1,4,4,0,1,0,0,1,2,1,0,1,0,0
restrict,path,3,10,1,4,4,0,1,0,0,1,2,1,0,1,0,0
road,opid,3,10,9,1,0,0,0,0,0,2,1,0,0,0,0,0
sequence,path,3,10,5,2,1,0,2,0,0,3,2,1,0,2,0,0
study,path,3,10,9,1,0,0,0,0,0,3,1,0,0,0,0,0
taxation,opid,3,10,5,2,2,0,1,0,0,2,1,2,0,1,0,0
tile,path,3,10,10,0,0,0,0,0,0,3,0,0,0,0,0,0
voucher,path,3,10,6,2,1,0,1,0,0,3,2,1,0,1,0,0
ack,path,3,9,0,7,0,2,0,0,0,0,2,0,1,0,0,0
amazon,opid,3,9,2,2,3,0,2,0,0,1,2,2,0,2,0,0
annotate,path,3,9,2,7,0,0,0,0,0,1,3,0,0,0,0,0
annotated,opid,3,9,7,2,0,0,0,0,0,3,2,0,0,0,0,0
badge,opid,3,9,6,1,1,0,1,0,0,3,1,1,0,1,0,0
bgp,opid,3,9,5,4,0,0,0,0,0,2,3,0,0,0,0,0
bgp,path,3,9,5,4,0,0,0,0,0,2,3,0,0,0,0,0
changed,opid,3,9,9,0,0,0,0,0,0,3,0,0,0,0,0,0
changed,path,3,9,8,1,0,0,0,0,0,2,1,0,0,0,0,0
community,path,3,9,4,3,1,0,1,0,0,3,1,1,0,1,0,0
compatible,opid,3,9,4,3,0,1,1,0,0,2,3,0,1,1,0,0
d,path,3,9,5,2,0,1,1,0,0,3,1,0,1,1,0,0
datacenter,opid,3,9,6,3,0,0,0,0,0,3,2,0,0,0,0,0
distribute,path,3,9,0,6,3,0,0,0,0,0,3,1,0,0,0,0
driver,opid,3,9,6,1,0,1,1,0,0,3,1,0,1,1,0,0
followed,path,3,9,5,2,0,0,2,0,0,3,2,0,0,2,0,0
handler,path,3,9,3,4,1,0,1,0,0,2,3,1,0,1,0,0
infrastructure,opid,3,9,4,2,2,0,1,0,0,3,2,1,0,1,0,0
integrity,opid,3,9,4,4,0,1,0,0,0,2,2,0,1,0,0,0
integrity,path,3,9,4,4,0,1,0,0,0,2,2,0,1,0,0,0
licensing,path,3,9,4,2,1,1,1,0,0,2,2,1,1,1,0,0
lookup,lead,3,9,0,9,0,0,0,0,0,0,3,0,0,0,0,0
near,opid,3,9,8,1,0,0,0,0,0,2,1,0,0,0,0,0
paged,path,3,9,7,2,0,0,0,0,0,2,1,0,0,0,0,0
payslip,path,3,9,3,4,0,1,1,0,0,3,2,0,1,1,0,0
radius,opid,3,9,1,6,1,0,1,0,0,1,3,1,0,1,0,0
radius,path,3,9,1,6,1,0,1,0,0,1,3,1,0,1,0,0
relation,path,3,9,7,2,0,0,0,0,0,3,2,0,0,0,0,0
rerun,opid,3,9,1,7,1,0,0,0,0,1,3,1,0,0,0,0
rerun,path,3,9,1,7,1,0,0,0,0,1,3,1,0,0,0,0
simulate,path,3,9,1,8,0,0,0,0,0,1,3,0,0,0,0,0
temporary,path,3,9,1,8,0,0,0,0,0,1,3,0,0,0,0,0
voucher,opid,3,9,5,2,1,0,1,0,0,3,2,1,0,1,0,0
ack,opid,3,8,0,7,0,0,1,0,0,0,2,0,0,1,0,0
advertised,path,3,8,4,2,0,1,1,0,0,2,2,0,1,1,0,0
annual,opid,3,8,6,1,0,0,1,0,0,3,1,0,0,1,0,0
annual,path,3,8,6,1,0,0,1,0,0,3,1,0,0,1,0,0
blocked,path,3,8,4,2,0,1,1,0,0,3,2,0,1,1,0,0
carbon,path,3,8,3,0,0,5,0,0,0,2,0,0,1,0,0,0
classify,lead,3,8,0,8,0,0,0,0,0,0,3,0,0,0,0,0
classify,opid,3,8,0,8,0,0,0,0,0,0,3,0,0,0,0,0
classify,path,3,8,1,7,0,0,0,0,0,1,3,0,0,0,0,0
cover,opid,3,8,4,0,4,0,0,0,0,2,0,2,0,0,0,0
creator,opid,3,8,8,0,0,0,0,0,0,3,0,0,0,0,0,0
creator,path,3,8,8,0,0,0,0,0,0,3,0,0,0,0,0,0
dependent,opid,3,8,5,2,0,0,1,0,0,3,1,0,0,1,0,0
drawdown,path,3,8,5,3,0,0,0,0,0,2,2,0,0,0,0,0
edited,path,3,8,7,1,0,0,0,0,0,3,1,0,0,0,0,0
enum,opid,3,8,4,3,1,0,0,0,0,1,2,1,0,0,0,0
first,opid,3,8,5,2,0,1,0,0,0,3,1,0,1,0,0,0
hashtag,path,3,8,8,0,0,0,0,0,0,3,0,0,0,0,0,0
history,lead,3,8,6,2,0,0,0,0,0,2,1,0,0,0,0,0
insert,lead,3,8,0,8,0,0,0,0,0,0,3,0,0,0,0,0
letter,path,3,8,4,4,0,0,0,0,0,3,2,0,0,0,0,0
light,opid,3,8,2,4,1,0,1,0,0,1,3,1,0,1,0,0
light,path,3,8,2,4,1,0,1,0,0,1,3,1,0,1,0,0
loop,path,3,8,5,2,0,0,1,0,0,3,1,0,0,1,0,0
marketdata,path,3,8,8,0,0,0,0,0,0,3,0,0,0,0,0,0
measure,opid,3,8,4,2,1,0,1,0,0,3,2,1,0,1,0,0
measure,path,3,8,4,2,1,0,1,0,0,3,2,1,0,1,0,0
measurement,opid,3,8,5,2,0,1,0,0,0,3,1,0,1,0,0,0
moderate,path,3,8,0,8,0,0,0,0,0,0,3,0,0,0,0,0
monitor,lead,3,8,5,2,0,1,0,0,0,1,2,0,1,0,0,0
monitored,opid,3,8,4,2,1,0,1,0,0,2,2,1,0,1,0,0
monitored,path,3,8,4,2,1,0,1,0,0,2,2,1,0,1,0,0
offer,lead,3,8,6,0,1,0,1,0,0,3,0,1,0,1,0,0
pinned,path,3,8,4,2,0,0,2,0,0,3,2,0,0,2,0,0
platform,lead,3,8,6,0,1,0,1,0,0,3,0,1,0,1,0,0
producer,opid,3,8,3,3,0,1,1,0,0,3,2,0,1,1,0,0
proof,path,3,8,4,2,0,1,1,0,0,2,2,0,1,1,0,0
race,opid,3,8,6,2,0,0,0,0,0,3,1,0,0,0,0,0
receiver,opid,3,8,5,2,1,0,0,0,0,2,2,1,0,0,0,0
red,opid,3,8,6,1,1,0,0,0,0,1,1,1,0,0,0,0
red,path,3,8,6,1,1,0,0,0,0,1,1,1,0,0,0,0
repository,lead,3,8,4,1,0,1,2,0,0,3,1,0,1,2,0,0
root,path,3,8,3,5,0,0,0,0,0,2,2,0,0,0,0,0
running,path,3,8,5,2,0,0,1,0,0,1,2,0,0,1,0,0
signin,path,3,8,2,4,1,0,1,0,0,1,3,1,0,1,0,0
threshold,opid,3,8,4,1,1,1,1,0,0,3,1,1,1,1,0,0
threshold,path,3,8,4,1,1,1,1,0,0,3,1,1,1,1,0,0
title,opid,3,8,7,1,0,0,0,0,0,2,1,0,0,0,0,0
trailer,opid,3,8,7,1,0,0,0,0,0,3,1,0,0,0,0,0
twilio,opid,3,8,3,3,1,0,1,0,0,2,3,1,0,1,0,0
twilio,path,3,8,3,3,1,0,1,0,0,2,3,1,0,1,0,0
twitter,path,3,8,3,3,1,0,1,0,0,2,3,1,0,1,0,0
txt,path,3,8,8,0,0,0,0,0,0,3,0,0,0,0,0,0
userid,opid,3,8,2,2,1,0,3,0,0,1,2,1,0,2,0,0
utility,path,3,8,4,4,0,0,0,0,0,2,1,0,0,0,0,0
utilization,opid,3,8,2,6,0,0,0,0,0,2,2,0,0,0,0,0
visible,path,3,8,4,2,0,1,1,0,0,2,2,0,1,1,0,0
zone,lead,3,8,4,1,1,1,1,0,0,2,1,1,1,1,0,0
anonymize,lead,3,7,1,5,1,0,0,0,0,1,1,1,0,0,0,0
apple,path,3,7,2,4,0,0,1,0,0,1,3,0,0,1,0,0
approved,opid,3,7,5,0,1,0,1,0,0,3,0,1,0,1,0,0
arrival,opid,3,7,7,0,0,0,0,0,0,3,0,0,0,0,0,0
attendance,path,3,7,2,3,0,1,1,0,0,2,2,0,1,1,0,0
between,path,3,7,4,2,1,0,0,0,0,2,1,1,0,0,0,0
blocked,opid,3,7,3,3,0,1,0,0,0,3,2,0,1,0,0,0
blog,opid,3,7,7,0,0,0,0,0,0,3,0,0,0,0,0,0
cookie,path,3,7,6,1,0,0,0,0,0,3,1,0,0,0,0,0
coordinates,path,3,7,2,1,0,4,0,0,0,2,1,0,1,0,0,0
deactivation,path,3,7,1,6,0,0,0,0,0,1,2,0,0,0,0,0
decision,opid,3,7,1,6,0,0,0,0,0,1,3,0,0,0,0,0
doc,lead,3,7,5,2,0,0,0,0,0,3,1,0,0,0,0,0
dump,path,3,7,6,1,0,0,0,0,0,2,1,0,0,0,0,0
exposed,path,3,7,4,1,2,0,0,0,0,3,1,1,0,0,0,0
fare,opid,3,7,7,0,0,0,0,0,0,3,0,0,0,0,0,0
filing,path,3,7,7,0,0,0,0,0,0,3,0,0,0,0,0,0
formula,path,3,7,4,0,1,1,1,0,0,3,0,1,1,1,0,0
historic,path,3,7,6,1,0,0,0,0,0,2,1,0,0,0,0,0
initialize,opid,3,7,0,7,0,0,0,0,0,0,3,0,0,0,0,0
known,opid,3,7,3,2,1,0,1,0,0,2,2,1,0,1,0,0
last,lead,3,7,5,2,0,0,0,0,0,2,1,0,0,0,0,0
locate,opid,3,7,2,5,0,0,0,0,0,1,2,0,0,0,0,0
measurement,path,3,7,4,2,0,1,0,0,0,3,1,0,1,0,0,0
merchant,lead,3,7,3,2,0,1,1,0,0,2,2,0,1,1,0,0
pinned,opid,3,7,5,1,0,0,1,0,0,3,1,0,0,1,0,0
port,lead,3,7,6,1,0,0,0,0,0,2,1,0,0,0,0,0
presigned,opid,3,7,0,7,0,0,0,0,0,0,3,0,0,0,0,0
reindex,lead,3,7,0,4,3,0,0,0,0,0,3,1,0,0,0,0
requisition,opid,3,7,4,2,0,0,1,0,0,2,2,0,0,1,0,0
requisition,path,3,7,4,2,0,0,1,0,0,2,2,0,0,1,0,0
socket,path,3,7,5,2,0,0,0,0,0,2,1,0,0,0,0,0
tune,opid,3,7,4,3,0,0,0,0,0,2,2,0,0,0,0,0
working,path,3,7,3,4,0,0,0,0,0,2,2,0,0,0,0,0
z,opid,3,7,7,0,0,0,0,0,0,3,0,0,0,0,0,0
abort,lead,3,6,0,1,0,0,5,0,0,0,1,0,0,2,0,0
absolute,path,3,6,5,1,0,0,0,0,0,2,1,0,0,0,0,0
append,lead,3,6,2,2,1,1,0,0,0,1,1,1,1,0,0,0
auditlog,path,3,6,6,0,0,0,0,0,0,3,0,0,0,0,0,0
buyer,path,3,6,4,2,0,0,0,0,0,2,2,0,0,0,0,0
cast,path,3,6,6,0,0,0,0,0,0,3,0,0,0,0,0,0
combined,opid,3,6,5,0,0,0,1,0,0,3,0,0,0,1,0,0
compatibility,opid,3,6,3,3,0,0,0,0,0,1,3,0,0,0,0,0
compatibility,path,3,6,3,3,0,0,0,0,0,1,3,0,0,0,0,0
curated,path,3,6,3,2,0,0,1,0,0,2,2,0,0,1,0,0
debit,path,3,6,3,3,0,0,0,0,0,2,2,0,0,0,0,0
deposit,lead,3,6,1,5,0,0,0,0,0,1,2,0,0,0,0,0
digest,path,3,6,4,1,0,0,1,0,0,2,1,0,0,1,0,0
dismiss,path,3,6,0,6,0,0,0,0,0,0,3,0,0,0,0,0
duplicate,lead,3,6,0,6,0,0,0,0,0,0,3,0,0,0,0,0
e,path,3,6,5,0,0,0,1,0,0,2,0,0,0,1,0,0
editor,path,3,6,5,1,0,0,0,0,0,2,1,0,0,0,0,0
effect,opid,3,6,3,3,0,0,0,0,0,2,1,0,0,0,0,0
eu,opid,3,6,5,1,0,0,0,0,0,3,1,0,0,0,0,0
eu,path,3,6,5,1,0,0,0,0,0,3,1,0,0,0,0,0
evaluate,lead,3,6,0,6,0,0,0,0,0,0,3,0,0,0,0,0
faq,path,3,6,2,4,0,0,0,0,0,2,1,0,0,0,0,0
federation,path,3,6,4,2,0,0,0,0,0,3,2,0,0,0,0,0
fee,path,3,6,5,0,1,0,0,0,0,3,0,1,0,0,0,0
filtered,path,3,6,6,0,0,0,0,0,0,3,0,0,0,0,0,0
fixed,path,3,6,3,2,0,0,1,0,0,2,2,0,0,1,0,0
generated,opid,3,6,4,1,1,0,0,0,0,3,1,1,0,0,0,0
geometry,path,3,6,4,2,0,0,0,0,0,3,1,0,0,0,0,0
hdf,path,3,6,1,4,1,0,0,0,0,1,2,1,0,0,0,0
hostname,opid,3,6,3,1,0,1,1,0,0,2,1,0,1,1,0,0
impact,opid,3,6,3,3,0,0,0,0,0,2,2,0,0,0,0,0
interest,path,3,6,5,1,0,0,0,0,0,2,1,0,0,0,0,0
json,lead,3,6,1,5,0,0,0,0,0,1,3,0,0,0,0,0
lyrics,path,3,6,6,0,0,0,0,0,0,3,0,0,0,0,0,0
malware,opid,3,6,3,2,1,0,0,0,0,3,1,1,0,0,0,0
malware,path,3,6,3,2,1,0,0,0,0,3,1,1,0,0,0,0
mapped,path,3,6,5,1,0,0,0,0,0,2,1,0,0,0,0,0
marker,opid,3,6,2,1,2,0,1,0,0,2,1,2,0,1,0,0
mute,path,3,6,1,5,0,0,0,0,0,1,3,0,0,0,0,0
obtain,lead,3,6,1,5,0,0,0,0,0,1,3,0,0,0,0,0
opt,path,3,6,1,4,1,0,0,0,0,1,2,1,0,0,0,0
pairing,opid,3,6,3,2,1,0,0,0,0,2,1,1,0,0,0,0
perform,path,3,6,0,6,0,0,0,0,0,0,3,0,0,0,0,0
producer,path,3,6,3,3,0,0,0,0,0,3,2,0,0,0,0,0
random,lead,3,6,2,4,0,0,0,0,0,1,2,0,0,0,0,0
reactivate,path,3,6,0,6,0,0,0,0,0,0,3,0,0,0,0,0
reveal,path,3,6,4,1,1,0,0,0,0,2,1,1,0,0,0,0
safety,path,3,6,4,2,0,0,0,0,0,2,2,0,0,0,0,0
selection,opid,3,6,3,1,1,0,1,0,0,2,1,1,0,1,0,0
selection,path,3,6,3,1,1,0,1,0,0,2,1,1,0,1,0,0
sha,path,3,6,3,3,0,0,0,0,0,2,3,0,0,0,0,0
sharing,path,3,6,3,1,2,0,0,0,0,2,1,2,0,0,0,0
tracked,path,3,6,1,5,0,0,0,0,0,1,2,0,0,0,0,0
transformation,opid,3,6,2,1,1,2,0,0,0,2,1,1,2,0,0,0
trending,lead,3,6,6,0,0,0,0,0,0,3,0,0,0,0,0,0
unique,opid,3,6,1,3,0,0,2,0,0,1,2,0,0,1,0,0
unset,opid,3,6,0,2,3,0,1,0,0,0,2,1,0,1,0,0
unset,path,3,6,0,2,3,0,1,0,0,0,2,1,0,1,0,0
water,path,3,6,4,2,0,0,0,0,0,3,1,0,0,0,0,0
wifi,path,3,6,1,4,1,0,0,0,0,1,2,1,0,0,0,0
acceptance,path,3,5,1,3,1,0,0,0,0,1,3,1,0,0,0,0
added,path,3,5,3,2,0,0,0,0,0,2,1,0,0,0,0,0
applied,opid,3,5,1,3,1,0,0,0,0,1,2,1,0,0,0,0
backfill,opid,3,5,0,5,0,0,0,0,0,0,3,0,0,0,0,0
backfill,path,3,5,0,5,0,0,0,0,0,0,3,0,0,0,0,0
banner,opid,3,5,2,2,1,0,0,0,0,2,2,1,0,0,0,0
collector,opid,3,5,0,4,1,0,0,0,0,0,2,1,0,0,0,0
collector,path,3,5,0,4,1,0,0,0,0,0,2,1,0,0,0,0
commercial,path,3,5,3,1,0,0,0,1,0,2,1,0,0,0,1,0
concept,opid,3,5,5,0,0,0,0,0,0,3,0,0,0,0,0,0
conflict,opid,3,5,0,5,0,0,0,0,0,0,3,0,0,0,0,0
conflict,path,3,5,0,5,0,0,0,0,0,0,3,0,0,0,0,0
culture,path,3,5,5,0,0,0,0,0,0,3,0,0,0,0,0,0
daily,lead,3,5,5,0,0,0,0,0,0,3,0,0,0,0,0,0
default,lead,3,5,5,0,0,0,0,0,0,3,0,0,0,0,0,0
demand,opid,3,5,1,4,0,0,0,0,0,1,2,0,0,0,0,0
drop,opid,3,5,1,2,1,0,1,0,0,1,2,1,0,1,0,0
enrich,path,3,5,0,5,0,0,0,0,0,0,3,0,0,0,0,0
entities,lead,3,5,2,3,0,0,0,0,0,2,2,0,0,0,0,0
facility,opid,3,5,3,2,0,0,0,0,0,2,1,0,0,0,0,0
fee,opid,3,5,5,0,0,0,0,0,0,3,0,0,0,0,0,0
finalize,path,3,5,0,3,2,0,0,0,0,0,2,2,0,0,0,0
font,opid,3,5,5,0,0,0,0,0,0,3,0,0,0,0,0,0
forget,opid,3,5,0,5,0,0,0,0,0,0,3,0,0,0,0,0
glossary,path,3,5,4,1,0,0,0,0,0,3,1,0,0,0,0,0
guide,path,3,5,4,0,1,0,0,0,0,2,0,1,0,0,0,0
handle,opid,3,5,0,4,1,0,0,0,0,0,2,1,0,0,0,0
hashes,path,3,5,3,2,0,0,0,0,0,2,1,0,0,0,0,0
interest,opid,3,5,4,1,0,0,0,0,0,2,1,0,0,0,0,0
layout,opid,3,5,3,1,1,0,0,0,0,3,1,1,0,0,0,0
liked,opid,3,5,5,0,0,0,0,0,0,3,0,0,0,0,0,0
need,path,3,5,5,0,0,0,0,0,0,3,0,0,0,0,0,0
no,path,3,5,4,1,0,0,0,0,0,2,1,0,0,0,0,0
pairing,path,3,5,2,2,1,0,0,0,0,2,1,1,0,0,0,0
priorities,path,3,5,4,1,0,0,0,0,0,3,1,0,0,0,0,0
profit,path,3,5,5,0,0,0,0,0,0,3,0,0,0,0,0,0
recognition,path,3,5,2,3,0,0,0,0,0,1,2,0,0,0,0,0
redact,lead,3,5,0,5,0,0,0,0,0,0,3,0,0,0,0,0
resize,lead,3,5,0,5,0,0,0,0,0,0,3,0,0,0,0,0
rollback,lead,3,5,0,4,1,0,0,0,0,0,2,1,0,0,0,0
seat,opid,3,5,1,4,0,0,0,0,0,1,2,0,0,0,0,0
select,lead,3,5,0,4,1,0,0,0,0,0,2,1,0,0,0,0
sensitive,opid,3,5,4,0,1,0,0,0,0,3,0,1,0,0,0,0
sentence,path,3,5,4,1,0,0,0,0,0,2,1,0,0,0,0,0
severity,opid,3,5,4,1,0,0,0,0,0,2,1,0,0,0,0,0
similarity,opid,3,5,3,2,0,0,0,0,0,2,2,0,0,0,0,0
similarity,path,3,5,3,2,0,0,0,0,0,2,2,0,0,0,0,0
song,opid,3,5,5,0,0,0,0,0,0,3,0,0,0,0,0,0
speech,path,3,5,0,5,0,0,0,0,0,0,3,0,0,0,0,0
square,path,3,5,4,1,0,0,0,0,0,2,1,0,0,0,0,0
temporary,opid,3,5,1,4,0,0,0,0,0,1,3,0,0,0,0,0
undelete,path,3,5,1,4,0,0,0,0,0,1,3,0,0,0,0,0
unmute,path,3,5,0,5,0,0,0,0,0,0,3,0,0,0,0,0
unpin,path,3,5,0,4,1,0,0,0,0,0,2,1,0,0,0,0
updatestatus,path,3,5,1,4,0,0,0,0,0,1,2,0,0,0,0,0
url,lead,3,5,1,4,0,0,0,0,0,1,2,0,0,0,0,0
within,path,3,5,4,1,0,0,0,0,0,2,1,0,0,0,0,0
yaml,path,3,5,4,0,1,0,0,0,0,3,0,1,0,0,0,0
accuracy,opid,3,4,3,1,0,0,0,0,0,2,1,0,0,0,0,0
address,lead,3,4,2,2,0,0,0,0,0,2,2,0,0,0,0,0
age,lead,3,4,3,0,0,1,0,0,0,2,0,0,1,0,0,0
audit,lead,3,4,3,1,0,0,0,0,0,2,1,0,0,0,0,0
average,opid,3,4,3,1,0,0,0,0,0,2,1,0,0,0,0,0
bind,opid,3,4,0,3,1,0,0,0,0,0,2,1,0,0,0,0
bootstrap,path,3,4,1,3,0,0,0,0,0,1,3,0,0,0,0,0
browse,lead,3,4,4,0,0,0,0,0,0,3,0,0,0,0,0,0
cast,opid,3,4,4,0,0,0,0,0,0,3,0,0,0,0,0,0
checkin,path,3,4,1,1,1,0,1,0,0,1,1,1,0,1,0,0
clean,path,3,4,2,1,0,0,0,1,0,1,1,0,0,0,1,0
combine,opid,3,4,0,4,0,0,0,0,0,0,3,0,0,0,0,0
compound,path,3,4,4,0,0,0,0,0,0,3,0,0,0,0,0,0
concept,path,3,4,4,0,0,0,0,0,0,3,0,0,0,0,0,0
date,lead,3,4,2,2,0,0,0,0,0,2,1,0,0,0,0,0
demote,opid,3,4,0,3,0,0,1,0,0,0,2,0,0,1,0,0
down,path,3,4,3,1,0,0,0,0,0,2,1,0,0,0,0,0
elevation,path,3,4,3,0,0,0,0,0,1,3,0,0,0,0,0,1
energy,opid,3,4,2,1,1,0,0,0,0,2,1,1,0,0,0,0
enrichment,opid,3,4,0,4,0,0,0,0,0,0,3,0,0,0,0,0
fare,lead,3,4,4,0,0,0,0,0,0,3,0,0,0,0,0,0
fetches,lead,3,4,4,0,0,0,0,0,0,3,0,0,0,0,0,0
followed,opid,3,4,4,0,0,0,0,0,0,3,0,0,0,0,0,0
forget,lead,3,4,0,4,0,0,0,0,0,0,3,0,0,0,0,0
frequency,opid,3,4,4,0,0,0,0,0,0,3,0,0,0,0,0,0
homepage,path,3,4,3,0,1,0,0,0,0,3,0,1,0,0,0,0
i,opid,3,4,4,0,0,0,0,0,0,3,0,0,0,0,0,0
ingest,opid,3,4,0,3,1,0,0,0,0,0,2,1,0,0,0,0
installed,path,3,4,3,1,0,0,0,0,0,2,1,0,0,0,0,0
issued,opid,3,4,4,0,0,0,0,0,0,3,0,0,0,0,0,0
issued,path,3,4,4,0,0,0,0,0,0,3,0,0,0,0,0,0
monthly,path,3,4,4,0,0,0,0,0,0,3,0,0,0,0,0,0
mute,opid,3,4,0,4,0,0,0,0,0,0,3,0,0,0,0,0
nameserver,path,3,4,2,1,1,0,0,0,0,1,1,1,0,0,0,0
non,opid,3,4,1,1,1,0,1,0,0,1,1,1,0,1,0,0
notice,path,3,4,3,1,0,0,0,0,0,3,1,0,0,0,0,0
outgoing,opid,3,4,3,1,0,0,0,0,0,3,1,0,0,0,0,0
paid,opid,3,4,0,4,0,0,0,0,0,0,3,0,0,0,0,0
postcode,path,3,4,4,0,0,0,0,0,0,3,0,0,0,0,0,0
promote,lead,3,4,0,3,0,1,0,0,0,0,2,0,1,0,0,0
provide,opid,3,4,0,4,0,0,0,0,0,0,3,0,0,0,0,0
rank,lead,3,4,0,4,0,0,0,0,0,0,3,0,0,0,0,0
recognition,opid,3,4,0,3,1,0,0,0,0,0,2,1,0,0,0,0
reissue,path,3,4,0,4,0,0,0,0,0,0,3,0,0,0,0,0
reopen,opid,3,4,0,2,2,0,0,0,0,0,1,2,0,0,0,0
reschedule,path,3,4,0,3,1,0,0,0,0,0,2,1,0,0,0,0
resolved,path,3,4,1,0,2,0,1,0,0,1,0,2,0,1,0,0
reveal,opid,3,4,2,1,1,0,0,0,0,2,1,1,0,0,0,0
seek,opid,3,4,0,2,2,0,0,0,0,0,2,1,0,0,0,0
serp,lead,3,4,0,4,0,0,0,0,0,0,3,0,0,0,0,0
serp,opid,3,4,0,4,0,0,0,0,0,0,3,0,0,0,0,0
serp,path,3,4,0,4,0,0,0,0,0,0,3,0,0,0,0,0
slice,path,3,4,4,0,0,0,0,0,0,3,0,0,0,0,0,0
street,path,3,4,4,0,0,0,0,0,0,3,0,0,0,0,0,0
subtask,opid,3,4,3,1,0,0,0,0,0,3,1,0,0,0,0,0
suggested,opid,3,4,1,3,0,0,0,0,0,1,2,0,0,0,0,0
summary,lead,3,4,3,1,0,0,0,0,0,3,1,0,0,0,0,0
ten,opid,3,4,4,0,0,0,0,0,0,3,0,0,0,0,0,0
timeseries,opid,3,4,3,1,0,0,0,0,0,2,1,0,0,0,0,0
track,lead,3,4,1,2,1,0,0,0,0,1,1,1,0,0,0,0
trade,path,3,4,4,0,0,0,0,0,0,3,0,0,0,0,0,0
truncate,opid,3,4,0,4,0,0,0,0,0,0,3,0,0,0,0,0
truncate,path,3,4,0,4,0,0,0,0,0,0,3,0,0,0,0,0
unapply,opid,3,4,0,2,2,0,0,0,0,0,2,1,0,0,0,0
unapply,path,3,4,0,2,2,0,0,0,0,0,2,1,0,0,0,0
unblock,lead,3,4,0,1,1,0,2,0,0,0,1,1,0,1,0,0
undo,lead,3,4,0,2,0,0,2,0,0,0,1,0,0,2,0,0
unmute,opid,3,4,0,3,0,0,1,0,0,0,2,0,0,1,0,0
use,lead,3,4,0,3,0,0,1,0,0,0,2,0,0,1,0,0
visit,path,3,4,3,1,0,0,0,0,0,3,1,0,0,0,0,0
vm,opid,3,4,2,1,1,0,0,0,0,2,1,1,0,0,0,0
vote,lead,3,4,0,1,3,0,0,0,0,0,1,2,0,0,0,0
weather,opid,3,4,4,0,0,0,0,0,0,3,0,0,0,0,0,0
weather,path,3,4,4,0,0,0,0,0,0,3,0,0,0,0,0,0
weight,opid,3,4,2,2,0,0,0,0,0,1,2,0,0,0,0,0
when,opid,3,4,0,4,0,0,0,0,0,0,3,0,0,0,0,0
when,path,3,4,1,3,0,0,0,0,0,1,2,0,0,0,0,0
wipe,opid,3,4,0,3,1,0,0,0,0,0,2,1,0,0,0,0
xls,path,3,4,4,0,0,0,0,0,0,3,0,0,0,0,0,0
abort,path,3,3,0,2,1,0,0,0,0,0,2,1,0,0,0,0
accepted,opid,3,3,1,2,0,0,0,0,0,1,2,0,0,0,0,0
addition,opid,3,3,2,1,0,0,0,0,0,2,1,0,0,0,0,0
addition,path,3,3,2,1,0,0,0,0,0,2,1,0,0,0,0,0
alternate,opid,3,3,1,1,0,0,1,0,0,1,1,0,0,1,0,0
ancestor,opid,3,3,3,0,0,0,0,0,0,3,0,0,0,0,0,0
anon,opid,3,3,1,2,0,0,0,0,0,1,2,0,0,0,0,0
archived,path,3,3,1,2,0,0,0,0,0,1,2,0,0,0,0,0
begin,opid,3,3,0,3,0,0,0,0,0,0,3,0,0,0,0,0
best,path,3,3,3,0,0,0,0,0,0,3,0,0,0,0,0,0
billable,opid,3,3,3,0,0,0,0,0,0,3,0,0,0,0,0,0
billable,path,3,3,3,0,0,0,0,0,0,3,0,0,0,0,0,0
binary,opid,3,3,2,1,0,0,0,0,0,2,1,0,0,0,0,0
bind,path,3,3,0,3,0,0,0,0,0,0,3,0,0,0,0,0
body,opid,3,3,2,1,0,0,0,0,0,2,1,0,0,0,0,0
body,path,3,3,2,1,0,0,0,0,0,2,1,0,0,0,0,0
bookmark,lead,3,3,0,0,3,0,0,0,0,0,0,3,0,0,0,0
buy,lead,3,3,0,3,0,0,0,0,0,0,3,0,0,0,0,0
can,opid,3,3,3,0,0,0,0,0,0,3,0,0,0,0,0,0
canceled,path,3,3,2,1,0,0,0,0,0,2,1,0,0,0,0,0
cm,opid,3,3,0,3,0,0,0,0,0,0,3,0,0,0,0,0
compile,lead,3,3,1,2,0,0,0,0,0,1,2,0,0,0,0,0
compile,path,3,3,0,3,0,0,0,0,0,0,3,0,0,0,0,0
connected,path,3,3,3,0,0,0,0,0,0,3,0,0,0,0,0,0
countrycode,path,3,3,3,0,0,0,0,0,0,3,0,0,0,0,0,0
currency,lead,3,3,3,0,0,0,0,0,0,3,0,0,0,0,0,0
deadline,opid,3,3,0,2,1,0,0,0,0,0,2,1,0,0,0,0
deadline,path,3,3,0,2,1,0,0,0,0,0,2,1,0,0,0,0
descriptor,opid,3,3,3,0,0,0,0,0,0,3,0,0,0,0,0,0
desktop,opid,3,3,3,0,0,0,0,0,0,3,0,0,0,0,0,0
development,path,3,3,1,2,0,0,0,0,0,1,2,0,0,0,0,0
diagnose,opid,3,3,2,1,0,0,0,0,0,2,1,0,0,0,0,0
editor,opid,3,3,2,1,0,0,0,0,0,2,1,0,0,0,0,0
elevation,opid,3,3,3,0,0,0,0,0,0,3,0,0,0,0,0,0
eligible,opid,3,3,1,2,0,0,0,0,0,1,2,0,0,0,0,0
eligible,path,3,3,1,2,0,0,0,0,0,1,2,0,0,0,0,0
enqueue,opid,3,3,0,3,0,0,0,0,0,0,3,0,0,0,0,0
force,lead,3,3,0,2,1,0,0,0,0,0,2,1,0,0,0,0
fully,lead,3,3,0,1,2,0,0,0,0,0,1,2,0,0,0,0
hard,opid,3,3,2,0,0,0,1,0,0,2,0,0,0,1,0,0
has,opid,3,3,2,1,0,0,0,0,0,2,1,0,0,0,0,0
hlr,path,3,3,1,2,0,0,0,0,0,1,2,0,0,0,0,0
ignore,lead,3,3,0,1,1,1,0,0,0,0,1,1,1,0,0,0
in,lead,3,3,2,0,0,1,0,0,0,2,0,0,1,0,0,0
index,lead,3,3,1,2,0,0,0,0,0,1,2,0,0,0,0,0
install,lead,3,3,0,3,0,0,0,0,0,0,3,0,0,0,0,0
interval,opid,3,3,1,2,0,0,0,0,0,1,2,0,0,0,0,0
kick,path,3,3,0,3,0,0,0,0,0,0,3,0,0,0,0,0
kill,opid,3,3,1,1,0,0,1,0,0,1,1,0,0,1,0,0
launch,lead,3,3,0,3,0,0,0,0,0,0,3,0,0,0,0,0
lost,opid,3,3,1,2,0,0,0,0,0,1,2,0,0,0,0,0
max,opid,3,3,1,2,0,0,0,0,0,1,2,0,0,0,0,0
missing,path,3,3,1,2,0,0,0,0,0,1,2,0,0,0,0,0
most,path,3,3,1,2,0,0,0,0,0,1,2,0,0,0,0,0
nearest,lead,3,3,2,1,0,0,0,0,0,2,1,0,0,0,0,0
nonce,opid,3,3,2,1,0,0,0,0,0,2,1,0,0,0,0,0
original,opid,3,3,3,0,0,0,0,0,0,3,0,0,0,0,0,0
os,opid,3,3,2,1,0,0,0,0,0,2,1,0,0,0,0,0
overall,path,3,3,3,0,0,0,0,0,0,3,0,0,0,0,0,0
pac,path,3,3,3,0,0,0,0,0,0,3,0,0,0,0,0,0
pick,opid,3,3,1,2,0,0,0,0,0,1,2,0,0,0,0,0
postcode,opid,3,3,3,0,0,0,0,0,0,3,0,0,0,0,0,0
pro,opid,3,3,1,1,1,0,0,0,0,1,1,1,0,0,0,0
psd,opid,3,3,1,2,0,0,0,0,0,1,2,0,0,0,0,0
re,lead,3,3,0,2,1,0,0,0,0,0,2,1,0,0,0,0
refund,lead,3,3,0,3,0,0,0,0,0,0,3,0,0,0,0,0
remaining,opid,3,3,1,2,0,0,0,0,0,1,2,0,0,0,0,0
remaining,path,3,3,1,2,0,0,0,0,0,1,2,0,0,0,0,0
right,path,3,3,3,0,0,0,0,0,0,3,0,0,0,0,0,0
sample,lead,3,3,3,0,0,0,0,0,0,3,0,0,0,0,0,0
seal,path,3,3,2,1,0,0,0,0,0,2,1,0,0,0,0,0
sort,opid,3,3,2,1,0,0,0,0,0,2,1,0,0,0,0,0
sort,path,3,3,2,1,0,0,0,0,0,2,1,0,0,0,0,0
subdomain,opid,3,3,2,1,0,0,0,0,0,2,1,0,0,0,0,0
suppress,lead,3,3,0,3,0,0,0,0,0,0,3,0,0,0,0,0
suppress,opid,3,3,0,3,0,0,0,0,0,0,3,0,0,0,0,0
suppress,path,3,3,0,3,0,0,0,0,0,0,3,0,0,0,0,0
swap,lead,3,3,0,2,1,0,0,0,0,0,2,1,0,0,0,0
timestamp,path,3,3,1,0,2,0,0,0,0,1,0,2,0,0,0,0
tool,opid,3,3,0,3,0,0,0,0,0,0,3,0,0,0,0,0
unique,path,3,3,2,1,0,0,0,0,0,2,1,0,0,0,0,0
unmark,lead,3,3,0,0,0,0,3,0,0,0,0,0,0,3,0,0
unpause,path,3,3,0,3,0,0,0,0,0,0,3,0,0,0,0,0
unresolved,opid,3,3,2,0,0,0,1,0,0,2,0,0,0,1,0,0
unsuspend,path,3,3,0,3,0,0,0,0,0,0,3,0,0,0,0,0
viewed,path,3,3,1,2,0,0,0,0,0,1,2,0,0,0,0,0
voice,lead,3,3,1,2,0,0,0,0,0,1,2,0,0,0,0,0
weapon,path,3,3,3,0,0,0,0,0,0,3,0,0,0,0,0,0
welcome,opid,3,3,0,2,1,0,0,0,0,0,2,1,0,0,0,0
wipe,path,3,3,0,2,1,0,0,0,0,0,2,1,0,0,0,0
withdraw,path,3,3,0,2,1,0,0,0,0,0,2,1,0,0,0,0
