set,repo,path,method,operationId,summary,description
camara,ApplicationEndpointDiscovery,/retrieve-optimal-app-endpoints,POST,getOptimalAppEndpoints,Returns the Endpoint(s) of the optimal Application Instance(s) to the user device identified in the request.,"On receiving this request, the network will return the endpoint(s) of the Application Instance(s) with the shortest network path to the end user device identified in the request."
camara,ApplicationEndpointRegistration,/application-endpoint-lists,POST,registerApplicationEndpoints,Register endpoints of a deployed application,Register the endpoints of a deployed application to a specified edge cloud zone.
camara,ApplicationEndpointRegistration,/application-endpoint-lists,GET,getAllRegisteredApplicationEndpoints,Get all registered edge application endpoint information,Returns endpoint information for all registered Applications.
camara,ApplicationEndpointRegistration,/application-endpoint-lists/{applicationEndpointListId},GET,getApplicationEndpointsById,Get registered edge application endpoint information,Returns endpoint information of the application based on applicationEndpointListId.
camara,ApplicationEndpointRegistration,/application-endpoint-lists/{applicationEndpointListId},PUT,updateApplicationEndpoint,Update an application Endpoint,Update registered application Endpoint information.
camara,ApplicationEndpointRegistration,/application-endpoint-lists/{applicationEndpointListId},DELETE,deregisterApplicationEndpoint,Deregister an application Endpoint,Deregister an application's Endpoint from the edge cloud zone.
camara,ApplicationProfiles,/application-profiles,POST,createApplicationProfile,Create an Application Profile,Define network monitoring intents for optimal end user application experience.
camara,ApplicationProfiles,/application-profiles/{applicationProfileId},PATCH,updateApplicationProfile,Update an Application Profile,Update the complete set of network quality thresholds for an application with the new set of thresholds to ensure good end user experience
camara,ApplicationProfiles,/application-profiles/{applicationProfileId},GET,readApplicationProfile,Get an Application Profile,Read an Application Profile
camara,ApplicationProfiles,/application-profiles/{applicationProfileId},DELETE,deleteApplicationProfile,Delete an Application Profile,Delete an application profile
camara,BlockchainPublicAddress,/nonce,POST,createBlockchainPublicAddressValidationNonce,Generates a one-time nonce associated to a specific Blockchain Public Address,Generates a one-time nonce (i.e. challenge) associated to a specific Blockchain Public Address to allow for enhanced validation as per defined in `bindBlockchainPublicAddress` operation of CAMARA Blockchain Public Address API.
camara,BlockchainPublicAddress,/blockchain-public-addresses/retrieve-blockchains,POST,retrieveBlockchainPublicAddress,Retrieves Blockchain Public Address associated with a mobile phone number.,"Retrieves Blockchain Public Address associated with a mobile phone number. This operation can be accessed in 3-legged and in 2-legged, notice that the mobile phone number used as input need not be related with the user or mobile phone number to which the Access Token is associated; this is because the operation is intended to be used to manage Blockchain Public Address of any mobile phone number, in order to perform send or request crypto operations."
camara,BlockchainPublicAddress,/blockchain-public-addresses,POST,bindBlockchainPublicAddress,Binds Blockchain Public Address to a mobile phone number,"Binds Blockchain Public Address to a mobile phone number. If the mobile phone number is already bound to a Blockchain Public Address, this operation will add a new bound Blockchain Public Address to the mobile phone number. This operation is intended to be used with a 3-legged Access Token, and the indicated mobile phone number must belong to the user identified by its `sub` in the Access Token; this is because only the user of the mobile phone number must be able to perform the bind. Specifically for this functionality, when a binding operation indicates a `blockchainNetworkId` not allowed by"
camara,BlockchainPublicAddress,/blockchain-public-addresses/{id},DELETE,deleteBlockchainPublicAddress,Unbinds Blockchain Public Address association to a mobile phone number,"Unbinds Blockchain Public Address to a mobile phone number. This operation is intended to be used with a 3-legged Access Token; this is because only the user of the mobile phone number must be able to perform the unbind. Note: Due to this, the API Server must validate that the `id` included in the request refers to a bind for a mobile phone number belonging to the user identified by its `sub` in the Access Token."
camara,CallForwardingSignal,/unconditional-call-forwardings,POST,retrieveUnconditionalCallForwarding,Retrieve the information about the status of the unconditional call forwarding service on a phone number (PhoneNumber),"This endpoint provides information about the status of the unconditional call forwarding, being active or not."
camara,CallForwardingSignal,/call-forwardings,POST,retrieveCallForwarding,Retrieve the information about the type of call forwarding service active on a phone number (PhoneNumber),"This endpoint provides information about which type of call forwarding service is active. More than one service can be active, e.g. conditional and unconditional. This endpoint exceeds the main scope of the Call Forwarding Signal API, for this reason an error code 501 can be returned."
camara,CapabilitiesAndRuntimeRestrictions,/retrieve,POST,postServiceCapability,Retrieve tailored service capabilities based on consumer context,"Returns service capability information tailored to the consumer's context, including active/inactive restrictions and mapping metadata. Successful response is with sets of restrictions based on consumer context, along with a restriction mapping assigning bit positions, capability identifiers, and a mapping version. It includes response with initial bitmaps which should be enforced on the API consumer side."
camara,CarrierBillingCheckOut,/payments/{paymentId}/refunds,POST,createRefund,Create a new Refund,Create a new refund for an existing payment. Refund can be `total` or `partial`. This procedure MUST be always limited to the API client which performed the related payment.
camara,CarrierBillingCheckOut,/payments/{paymentId}/refunds,GET,retrieveRefunds,Get a list of refunds,"Retrieve a list of refunds and their details for a specific payment, identified by its `paymentId`, based on some filtering criteria. Regardless the refund criteria provided, response MUST be always limited to refunds performed by the API client (i.e same oAuth credentials) triggering this request. This is to guarantee no API client can check refunds performed by other, therefore avoiding any legal or privacy topic. When Access Token is issued for a given user phone number, the list of refunds returned would be only the ones associated to that user phone number and API client. When Access Toke"
camara,CarrierBillingCheckOut,/payments/{paymentId}/refunds/{refundId},GET,retrieveRefund,Get refund details,"Retrieve refund details for a given refund. When Access Token is issued for a given user phone number, the refund details would be returned in case the `refundId` is associated to that user phone number and API client, otherwise `404 NOT_FOUND` will be returned. When Access Token is not associated to a user phone number, the refund details are returned in case the API client managed that refund."
camara,CarrierBillingCheckOut,/payments/{paymentId}/refunds/remaining-amount,GET,retrievePaymentRemainingAmount,Get remaining amount not refunded for a given payment,"Retrieve remaining amount not yet refunded for a given payment. This amount refers to the pending amount never requested to be refunded (i.e. a refund not yet consolidated -processing- implies that such an amount is not part of the remaining amount until final status for that procedure is reached). Some cases below to illustrate the behaviour: **Case_1:** Payment of 80 EUR, with 2 partial `succedeed` Refunds, each of them of 20 EUR - remainingAmount: 40 EUR **Case_2:** Payment of 80 EUR, with 2 partial Refunds, one `succeeded` of 20 EUR and other `processing` of 15 EUR - remainingAmount: 45 EU"
camara,CarrierBillingCheckOut,/payments,POST,createPayment,Create a new Payment,Create a new payment for subsequent charging to an end user. Carrier Billing Server will apply the charging according to business configuration for the end user.
camara,CarrierBillingCheckOut,/payments,GET,retrievePayments,Get a list of payments,"Retrieve a list of payments and their details based on some filtering criteria. Regardless the payment criteria provided, response MUST be always limited to payments performed by the API client (i.e same oAuth credentials) triggering this request. This is to guarantee no API client can check payments performed by other, therefore avoiding any legal or privacy topic. When Access Token is issued for a given user phone number, the list of payments returned would be only the ones associated to that user phone number and API client. When Access Token is not associated to a user phone number, theref"
camara,CarrierBillingCheckOut,/payments/{paymentId},GET,retrievePayment,Get payment details,"Retrieve payment details for a given payment. When Access Token is issued for a given user phone number, the payment details would be returned in case the `paymentId` is associated to that user phone number and API client, otherwise `404 NOT_FOUND` will be returned. When Access Token is not associated to a user phone number, the payment details are returned in case the API client managed that payment."
camara,CarrierBillingCheckOut,/payments/prepare,POST,preparePayment,Prepare (reserve) a payment,Prepare a new payment procedure. Carrier Billing Server will apply the charging according to business configuration for the end user.
camara,CarrierBillingCheckOut,/payments/{paymentId}/validate,POST,validatePayment,Validate a payment,"Validate a given payment with a code, identified by its paymentId. This process is applicable for 2-STEP, when optionally required by business case."
camara,CarrierBillingCheckOut,/payments/{paymentId}/confirm,POST,confirmPayment,Confirm a payment,"Confirm a reservation of a given payment, identified by its paymentId."
camara,CarrierBillingCheckOut,/payments/{paymentId}/cancel,POST,cancelPayment,Cancel a payment,"Cancel a reservation of a given payment, identified by its paymentId."
camara,ClickToDial,/calls,POST,createCall,Create a new Click to Dial call session,Creates a new Click to Dial call session between the caller and the callee.
camara,ClickToDial,/calls/{callId},GET,getCall,Get call details,Retrieve the details and current status of a Click to Dial call session.
camara,ClickToDial,/calls/{callId},DELETE,terminateCall,Terminate an active call,Terminates an active Click to Dial call session identified by the given callId.
camara,ClickToDial,/calls/{callId}/recording,GET,getRecording,Get call recording,"Retrieve the recording associated with the given callId. A recording can be retrieved successfully only if recording was explicitly enabled during creation (`recordingEnabled: true`), is supported by the provider, the call session has completed, and a recording was actually generated. If no recording is available, the API returns `404 Not Found` with the code `NOT_FOUND` (or `422 RECORDING_NOT_SUPPORTED` during call creation if the provider immediately knows recording cannot be enabled)."
camara,ConnectedNetworkType,/subscriptions,POST,createConnectedNetworkTypeSubscription,Create a subscription for receiving notifications on changes to the connected network type of a device,Create a subscription for receiving notifications on changes to the connected network type of a device.
camara,ConnectedNetworkType,/subscriptions,GET,retrieveConnectedNetworkTypeSubscriptionList,Retrieve a list of device connected network type event subscription,Retrieve a list of device connected network type event subscription(s)
camara,ConnectedNetworkType,/subscriptions/{subscriptionId},GET,retrieveConnectedNetworkTypeSubscription,Retrieve a device connected network type event subscription for a device,retrieve ConnectedNetworkType subscription information for a given subscription ID.
camara,ConnectedNetworkType,/subscriptions/{subscriptionId},DELETE,deleteConnectedNetworkTypeSubscription,Delete connected network type event subscription for a device,delete a given ConnectedNetworkType subscription.
camara,ConnectedNetworkType,/retrieve,POST,getConnectedNetworkType,Get the connected network type,Get the connected network type to which the user device is connected
camara,ConnectivityInsights,/subscriptions,POST,createSubscription,Create a Connectivity insights subscription for a device,Create a Connectivity insights subscription for a device
camara,ConnectivityInsights,/subscriptions,GET,getSubscriptionList,Retrieve a list of apiName event subscription,Operation to list subscriptions authorized to be retrieved by the provided access token.
camara,ConnectivityInsights,/subscriptions/{subscriptionId},GET,getSubscription,Operation to retrieve a subscription based on the provided ID,Retrieve a given subscription by ID
camara,ConnectivityInsights,/subscriptions/{subscriptionId},DELETE,deleteSubscription,Operation to delete a subscription,Delete a given subscription by ID
camara,ConnectivityInsights,/check-network-quality,POST,checkNetworkQuality,Check the network quality.,Check the network quality. The response shows the network's current level of confidence that it can meet an application profile's quality thresholds for a given end user device.
camara,ConsentInfo,/retrieve,POST,retrieveStatus,Create a request to retrieve the validity status of the data processing,"Create a request to retrieve the validity status of the API Consumer data processing for a given User, scope(s) and Purpose. The API Consumer is identified by the `client_id` parameter deduced from the access token."
camara,ConsentManagement,/consents,POST,createConsent,Create User Consent,"This operation allows the API Consumer to create a Consent for a given User, scope(s) and Purpose. The API Consumer is identified by the `client_id` parameter deduced from the access token. The API Provider will set the creation date of the User Consent to the current date and time when the `createConsent` operation is invoked successfully by the API Consumer. The expiration date of the User Consent created by the API Consumer will be determined by the API Provider's internal policies. The API Consumer cannot set or modify the expiration date of the User Consents captured in a delegated manner"
camara,ConsentManagement,/consents/{consentId},PATCH,updateConsent,Update User Consent,"This operation allows the API Consumer to update the status of an existing Consent for a given User, scope(s) and Purpose. The API Consumer is identified by the `client_id` parameter deduced from the access token. The expiration date of the User Consent updated by the API Consumer will be determined by the API Provider's internal policies. The API Consumer cannot set or modify the expiration date of the User Consents captured in a delegated manner."
camara,ConsentManagement,/consents/retrieve-info,POST,retrieveConsentInfo,Retrieve Consent Information,"This operation allows the API Consumer to retrieve information about the Consent(s) for a given User, scope(s) and Purpose. The API Consumer is identified by the `client_id` parameter deduced from the access token. The API Consumer can request that the texts intended for or previously shown to the User during the Consent Capture process for the requested scope(s) and Purpose be included in the response. If so, the `consentText` field will be included in the response for each matching Consent Information entry. The operation response may require more than one array item for the requested scope("
camara,CustomerInsights,/scoring/retrieve,POST,retrieveScoring,Retrieves Scoring information,"Retrieves Scoring information, for the user associated with the provided `idDocument`, `phoneNumber` or the combination of both parameters. It also allows to select the type of the Scoring scale measurement."
camara,DedicatedNetworks,/accesses,GET,listAccesses,"Get a paged list of accesses to dedicated networks, optionally filtered for a given device and/or for a given dedicated network","Get a paged list of accesses to dedicated networks, optionally filtered for a given device and/or for a given dedicated network"
camara,DedicatedNetworks,/accesses,POST,createAccess,"Create an access to a dedicated network with given configuration, optionally including devices","Create an access to a dedicated network with given configuration, optionally including devices"
camara,DedicatedNetworks,/accesses/{accessId},GET,readAccess,Read access information,Read access information
camara,DedicatedNetworks,/accesses/{accessId},DELETE,deleteAccess,Delete an access,Delete an access
camara,DedicatedNetworks,/accesses/{accessId}/devices,GET,listDevices,"Read a paged list of devices with information included in the access, optionally filtered for a given device and/or for a given device status","Read a paged list of devices with information included in the access, optionally filtered for a given device and/or for a given device status"
camara,DedicatedNetworks,/accesses/{accessId}/devices/add,POST,addDevicesToAccess,Add devices to the access,Add devices to the access
camara,DedicatedNetworks,/accesses/{accessId}/devices/remove,POST,removeDevicesFromAccess,Remove devices from the access,Remove devices from the access
camara,DedicatedNetworks,/retrieve-service-areas,POST,retrieveNetworkServiceAreas,"Retrieve network service areas, filtered by additional search criteria","Retrieve a paged list of network service areas matching the provided search criteria such as location, area overlap, name, or supported profiles."
camara,DedicatedNetworks,/areas/{areaId},GET,readNetworkServiceArea,Read a network service area,Read detailed information about a specific network service area identified by its areaId.
camara,DedicatedNetworks,/profiles,GET,readNetworkProfiles,Read dedicated network profiles,"Read all available network profiles, optionally filtered by name."
camara,DedicatedNetworks,/profiles/{profileId},GET,readNetworkProfile,Read a dedicated network profile,Read detailed information about a specific network profile identified by its profileId.
camara,DedicatedNetworks,/networks,GET,listNetworks,Get a paged list of dedicated networks,"A paged list of all available dedicated networks, optionally filtered by name."
camara,DedicatedNetworks,/networks,POST,createNetwork,Request to create a dedicated network,"Create a dedicated network with the given configuration, including service time, service area, and a network profile or QoS profile."
camara,DedicatedNetworks,/networks/{networkId},GET,readNetwork,Get the current information about a dedicated network,Read the current status and configuration of a specific dedicated network identified by its networkId.
camara,DedicatedNetworks,/networks/{networkId},DELETE,deleteNetwork,Delete a dedicated network,Delete a dedicated network identified by its networkId.
camara,DeviceAuthenticity,/check-status,POST,checkImeiStatus,Check the register status of a device using its IMEI,"Verify if an IMEI is present in allowed, prohibited, or tracked lists maintained by operators"
camara,DeviceDataVolume,/subscriptions,POST,createDeviceDataVolumeSubscription,Create a device data volume event subscription,Create a subscription for data volume usage events
camara,DeviceDataVolume,/subscriptions,GET,retrieveDeviceDataVolumeSubscriptionList,Retrieve a list of device data volume subscriptions,Retrieve a list of data volume usage event subscription(s)
camara,DeviceDataVolume,/subscriptions/{subscriptionId},GET,retrieveDeviceDataVolumeSubscription,Retrieve a device data volume event subscription,Retrieve a specific subscription by ID
camara,DeviceDataVolume,/subscriptions/{subscriptionId},DELETE,deleteDeviceDataVolumeSubscription,Delete a device data volume event subscription,"This operation deletes a specific data volume usage subscription by its subscription ID. Once deleted, no more notifications will be sent for the corresponding subscription."
camara,DeviceDataVolume,/retrieve,POST,retrieveDataVolume,Execute device data volume retrieval for a user device,Retrieve the estimated remaining data volume for a device.
camara,DeviceDataVolume,/check,POST,checkDataVolume,Check if the remaining data allowance is above a specified threshold,"Check if the remaining data allowance for a specified device is above a specified threshold. If the remaining data allowance is above the threshold, then response property `thresholdExceeded` will be `true`."
camara,DeviceIdentifier,/retrieve-identifier,POST,retrieveIdentifier,Get details about the specific device being used by a given mobile subscriber,Get details about the specific device being used by a given mobile subscriber
camara,DeviceIdentifier,/retrieve-type,POST,retrieveType,Get details about the type of device being used by a given mobile subscriber,Get details about the type of device being used by a given mobile subscriber
camara,DeviceIdentifier,/retrieve-ppid,POST,retrievePpid,Get a pseudonymous identifier for device being used by a given mobile subscriber,Get a pseudonymous identifier for device being used by a given mobile subscriber
camara,DeviceIdentifier,/match-identifier,POST,matchIdentifier,Check if a provided device identifier matches the one associated with the subscription,Check if a provided device identifier matches the one the network currently associates with a given mobile subscription
camara,DeviceLocation,/subscriptions,POST,createGeofencingSubscription,Create a geofencing subscription for a device,Create a subscription for a device to receive notifications when the device enters or exits a specified area.
camara,DeviceLocation,/subscriptions,GET,retrieveGeofencingSubscriptionList,Retrieve a list of geofencing event subscription,Retrieve a list of geofencing event subscription(s).
camara,DeviceLocation,/subscriptions/{subscriptionId},GET,retrieveGeofencingSubscription,Operation to retrieve a subscription based on the provided ID,Retrieve Geofencing subscription information for a given subscription ID.
camara,DeviceLocation,/subscriptions/{subscriptionId},DELETE,deleteGeofencingSubscription,Delete a Geofencing event subscription,Delete a given Geofencing subscription.
camara,DeviceLocation,/retrieve,POST,retrieveLocation,Execute location retrieval for a user device,Retrieve the area where a certain user device is localized.
camara,DeviceLocation,/verify,POST,verifyLocation,Verify the location of a device,"Verify whether the location of a device is within a requested area. The operation returns a verification result and, optionally, a match rate estimation for the location verification in percent."
camara,DeviceMediaStreamingRate,/retrieve-maximum-downstream-media-rate,POST,retrieveMaximumDownstreamMediaRate,Get maximum downstream media streaming rate,"Retrieve the maximum downstream media streaming rate for a device. This helps application developers determine the optimal media quality settings for their applications. When using a two-legged token, the device object MUST be provided. When using a three-legged token, the device object MUST NOT be provided as the device information will be extracted from the token."
camara,DeviceReachabilityStatus,/subscriptions,POST,createDeviceReachabilityStatusSubscription,Create a device reachability status event subscription for a device,Create a device reachability status event subscription for a device
camara,DeviceReachabilityStatus,/subscriptions,GET,retrieveDeviceReachabilityStatusSubscriptionList,Retrieve a list of device reachability status event subscription,Retrieve a list of device reachability status event subscription(s)
camara,DeviceReachabilityStatus,/subscriptions/{subscriptionId},GET,retrieveDeviceReachabilityStatusSubscription,Retrieve a device reachability status event subscription for a device,Retrieve a given subscription by ID
camara,DeviceReachabilityStatus,/subscriptions/{subscriptionId},DELETE,deleteDeviceReachabilityStatusSubscription,Delete a device reachability status event subscription for a device,Delete a given subscription by ID
camara,DeviceReachabilityStatus,/retrieve,POST,getReachabilityStatus,Get the current reachability status information,Get the current reachability status information
camara,DeviceRoamingStatus,/subscriptions,POST,createDeviceRoamingStatusSubscription,Create a device roaming status event subscription for a device,Create a device roaming status event subscription for a device
camara,DeviceRoamingStatus,/subscriptions,GET,retrieveDeviceRoamingStatusSubscriptionList,Retrieve a list of device roaming status event subscription,Retrieve a list of device roaming status event subscription(s)
camara,DeviceRoamingStatus,/subscriptions/{subscriptionId},GET,retrieveDeviceRoamingStatusSubscription,Retrieve a roaming status event subscription for a device,retrieve device roaming status subscription information for a given subscription.
camara,DeviceRoamingStatus,/subscriptions/{subscriptionId},DELETE,deleteDeviceRoamingStatusSubscription,Delete a device-roaming-status event subscription for a device,Delete a given device-roaming-status subscription by ID
camara,DeviceRoamingStatus,/retrieve,POST,getRoamingStatus,Get the current roaming status and the country information,Get the current roaming status and the country information
camara,DeviceStatus,/subscriptions,POST,createConnectedNetworkTypeSubscription,Create a subscription for receiving notifications on changes to the connected network type of a device,Create a subscription for receiving notifications on changes to the connected network type of a device.
camara,DeviceStatus,/subscriptions,GET,retrieveConnectedNetworkTypeSubscriptionList,Retrieve a list of device connected network type event subscription,Retrieve a list of device connected network type event subscription(s)
camara,DeviceStatus,/subscriptions/{subscriptionId},GET,retrieveConnectedNetworkTypeSubscription,Retrieve a device connected network type event subscription for a device,retrieve ConnectedNetworkType subscription information for a given subscription ID.
camara,DeviceStatus,/subscriptions/{subscriptionId},DELETE,deleteConnectedNetworkTypeSubscription,Delete connected network type event subscription for a device,delete a given ConnectedNetworkType subscription.
camara,DeviceStatus,/retrieve,POST,getConnectedNetworkType,Get the connected network type,Get the connected network type to which the user device is connected
camara,DeviceStatus,/subscriptions,POST,createDeviceReachabilityStatusSubscription,Create a device reachability status event subscription for a device,Create a device reachability status event subscription for a device
camara,DeviceStatus,/subscriptions,GET,retrieveDeviceReachabilityStatusSubscriptionList,Retrieve a list of device reachability status event subscription,Retrieve a list of device reachability status event subscription(s)
camara,DeviceStatus,/subscriptions/{subscriptionId},GET,retrieveDeviceReachabilityStatusSubscription,Retrieve a device reachability status event subscription for a device,Retrieve a given subscription by ID
camara,DeviceStatus,/subscriptions/{subscriptionId},DELETE,deleteDeviceReachabilityStatusSubscription,Delete a device reachability status event subscription for a device,Delete a given subscription by ID
camara,DeviceStatus,/retrieve,POST,getReachabilityStatus,Get the current reachability status information,Get the current reachability status information
camara,DeviceStatus,/subscriptions,POST,createDeviceRoamingStatusSubscription,Create a device roaming status event subscription for a device,Create a device roaming status event subscription for a device
camara,DeviceStatus,/subscriptions,GET,retrieveDeviceRoamingStatusSubscriptionList,Retrieve a list of device roaming status event subscription,Retrieve a list of device roaming status event subscription(s)
camara,DeviceStatus,/subscriptions/{subscriptionId},GET,retrieveDeviceRoamingStatusSubscription,Retrieve a roaming status event subscription for a device,retrieve device roaming status subscription information for a given subscription.
camara,DeviceStatus,/subscriptions/{subscriptionId},DELETE,deleteDeviceRoamingStatusSubscription,Delete a device-roaming-status event subscription for a device,Delete a given device-roaming-status subscription by ID
camara,DeviceStatus,/retrieve,POST,getRoamingStatus,Get the current roaming status and the country information,Get the current roaming status and the country information
camara,DeviceSwap,/retrieve-date,POST,retrieveDeviceSwapDate,Get last device swap date,Get timestamp of last device swap for a mobile user account provided with phone number.
camara,DeviceSwap,/check,POST,checkDeviceSwap,Check last device swap date,Check if device swap has been performed during a past period
camara,DeviceVisitLocation,/retrieve,POST,retrieveDeviceVisitLocation,Retrieves device visit location information,Retrieves the latest visit locations of a device within a given time window.
camara,EdgeApplicationManagement,/apps,POST,submitApp,Submit application metadata to the Edge Cloud Provider.,Contains the information about the application to be instantiated in the Edge Cloud
camara,EdgeApplicationManagement,/apps,GET,getApps,Retrieve a list of existing Applications,Get the list of all existing Application definitions from the Edge Cloud Provider that the user has permission to view.
camara,EdgeApplicationManagement,/apps/{appId},GET,getApp,Retrieve the information of an Application,Ask the Edge Cloud Provider the information for a given application
camara,EdgeApplicationManagement,/apps/{appId},DELETE,deleteApp,Delete an Application from an Edge Cloud Provider,Delete all the information and content related to an Application
camara,EdgeApplicationManagement,/app-instances,POST,createAppInstance,Instantiation of an Application,Ask the Edge Cloud Platform to instantiate an application to an Edge Cloud Zone.
camara,EdgeApplicationManagement,/app-instances,GET,getAppInstances,Retrieve the information of Application Instances for a given App,Ask the Edge Cloud Provider the information of the instances for a given application
camara,EdgeApplicationManagement,/app-instances/{appInstanceId},GET,getAppInstance,Retrieve the information of an Application Instance,Ask the Edge Cloud Provider the information for a given application instance
camara,EdgeApplicationManagement,/app-instances/{appInstanceId},DELETE,deleteAppInstance,Terminate an Application Instance,Terminate a running instance of an application within an Edge Cloud Zone
camara,EdgeApplicationManagement,/deployments,POST,createAppDeployment,Deploy an Application,Ask the Edge Cloud Platform to instantiate an application to several Edge Cloud Zones.
camara,EdgeApplicationManagement,/deployments,GET,getAppDeployments,Retrieve a list of Application Deployment for a given App,Ask the Edge Cloud Provider the information of the Deployments for a given application
camara,EdgeApplicationManagement,/deployments/{appDeploymentId},GET,getAppDeployment,Retrieve the information of an Application Deployment,Ask the Edge Cloud Provider the information of a given application deployment
camara,EdgeApplicationManagement,/deployments/{appDeploymentId},DELETE,deleteAppDeployment,Terminate an Application Deployment,Delete a deployment terminating all related instances of an application
camara,EdgeApplicationManagement,/deployments/{appDeploymentId},PATCH,updateAppDeployment,Update an Application Deployment,"Update the configuration or properties of an existing application deployment using JSON Merge Patch semantics (RFC 7396). Only the fields provided in the request body will be updated. Fields not included in the request will remain unchanged. IMPORTANT: When updating array fields (like edgeCloudZones or kubernetesClusterRefs), JSON Merge Patch will REPLACE the entire array, not merge or append to it. This operation may include changing the deployment name, target Edge Cloud Zones, or other updatable fields."
camara,EdgeApplicationManagement,/edge-cloud-zones,GET,getEdgeCloudZones,Retrieve a paginated list of the provider's Edge Cloud Zones,"List of the provider's Edge Cloud Zones, including their status and, when applicable, the Kubernetes clusters available within each zone. Results can be filtered by country code, Edge Cloud Provider, Edge Cloud Provider-specific region and status, and are returned as a paginated collection."
camara,EnergyFootprintNotification,/calculate-energy-consumption,POST,calculateEnergyConsumption,Provides the overall Energy Consumption for the target Application instances in a certain period of time.,Receives as input an object containing the intents from the API Consumer and provides back the energy consumption with a callback.
camara,EnergyFootprintNotification,/calculate-carbon-footprint,POST,calculateCarbonFootprint,Retrieves the overall carbon footprint for the target Application instances in a certain period of time.,Receives as input an object containing the intents from the API Consumer and provides back the carbon footprint with a callback.
camara,HighThroughputElasticNetworks,/high-throughput-elastic-network/transmission/schedule,POST,scheduleTransmission,Submit high-throughput data transmission scheduling request,"Schedules network resources based on bandwidth, latency, file size and guarantee requirements, returns transmission plan and statistics"
camara,InHomeDeviceManagement,/v1/devices,GET,listDevices,Get all connected devices,Returns all devices currently connected to the specified household fixed-line network (identified by SSID). Supports optional filtering by connection status.
camara,InHomeDeviceManagement,/v1/devices/{deviceId},GET,getDevice,Get device details,Returns full details of a specific device connected to the household network.
camara,InHomeDeviceManagement,/v1/devices/{deviceId},PATCH,updateDevice,Update device information,"Update device information and apply network access controls. Use this operation to: - Rename a device (deviceName) - Block or unblock network access (blocked: true/false) - Pause or unpause internet access (paused: true/false), optionally with a duration"
camara,InHomeDeviceManagement,/v1/devices/{deviceId},DELETE,deleteDevice,Delete device record,Removes the device record from the household network. The device will no longer appear in the device list. Any active access control rules for this device are also removed.
camara,InHomeDeviceManagement,/v1/devices/{deviceId}/actions/{actionId},POST,performDeviceAction,Perform action on device,Execute a specific network access action on a connected device. Supported actions: - schedule-access: Schedule internet access windows for a device (e.g. parental controls). Defines allowed or blocked time windows with optional recurrence.
camara,InHomeDeviceManagement,/v1/devices/{deviceId}/network-health,GET,getDeviceNetworkHealth,Get device network health,Provides real-time network health attributes of a specific device connected to the fixed-line network (modem). Useful for: - Self-diagnosis: customers can check if device slowness is due to network issues. - Proactive alerts: monitoring solutions can detect congestion or poor signal strength. - ISP recommendations: API consumers can suggest improvements based on health data.
camara,IoTDeviceManagement,/download,POST,downloadEsimProfile,Download eSIM Profile to device,Downloads and installs an eSIM Profile to a device. The eSIM Profile will be in DISABLED state after successful download and ready for enabling. **eSIM Profile Identification**: Requires EID (target device) and activationCode. The ICCID will be assigned during the download process and returned in the response. **State Transition**: None → DISABLED **Required**: EID + activationCode
camara,IoTDeviceManagement,/enable,POST,enableEsimProfile,Enable eSIM Profile,Enables an eSIM Profile for cellular connectivity provided valid connectivity services are configured in the eSIM Profile and the network. Only one eSIM Profile can be enabled per eUICC on the device - enabling automatically disables the currently active eSIM Profile. **eSIM Profile Identification**: Uses ICCID to identify the profile. **State Transition**: DISABLED → ENABLED **Required**: ICCID
camara,IoTDeviceManagement,/disable,POST,disableEsimProfile,Disable eSIM Profile,Disables the currently enabled eSIM Profile. Device will lose cellular connectivity until another eSIM Profile is enabled. The eSIM Profile remains installed and can be re-enabled. **State Transition**: ENABLED → DISABLED **Required**: ICCID (identifies eSIM Profile and device)
camara,IoTDeviceManagement,/delete,POST,deleteEsimProfile,Delete eSIM Profile,Permanently removes an eSIM Profile from the device. This operation is irreversible and the profile cannot be recovered. The profile must be in DISABLED state before deletion. **State Transition**: DISABLED → Deleted (removed) **Required**: ICCID (identifies eSIM Profile and device)
camara,IoTDeviceManagement,/set-fallback,POST,setFallbackEsimProfile,Set fallback eSIM Profile,"Configures an eSIM Profile as fallback (backup) profile for automatic enabling if primary profiles fail. The eSIM Profile must be in DISABLED state. **Identification**: The ICCID identifies the target eSIM Profile to designate as fallback. The EID, when supplied, identifies the eUICC on which to set the fallback. When both are provided and the ICCID is not installed on the identified eUICC, the request is rejected with `422 ESIM_PROFILE_MANAGEMENT.IDENTIFIER_MISMATCH`. **State Transition**: No state change (sets attribute only) **Required**: ICCID (target eSIM Profile). **Optional**: EID (targ"
camara,IoTDeviceManagement,/retrieve-status,POST,getEsimProfileStatus,Retrieve eSIM Profile status,"Retrieves current status and state information for eSIM Profiles. This operation uses POST despite being a read operation. Device identifiers (EID/ICCID) are passed in the request body rather than as URL parameters to prevent their exposure in server logs, proxy caches, and browser history. **eSIM Profile Identification**: Accepts EID (all profiles on device), ICCID (specific profile), or both (specific profile, with the EID/ICCID pairing asserted)"
camara,IoTDeviceManagement,/operations/{operationId},GET,retrieveOperation,Retrieve operation information,"Retrieves detailed information about an eSIM Profile operation including its `status` and, once `COMPLETED`, its `result`. The API Consumer polls this endpoint to observe the transition from `ACCEPTED` to `COMPLETED`. A `COMPLETED` operation remains retrievable only for a provider-defined period, after which this endpoint returns `404`. **Operation ID**: From any eSIM Profile operation response"
camara,IoTNetworkOptimization,/features/power-saving,POST,activatePowerSaving,Activate or de-activate power-saving features for IoT devices,
camara,IoTNetworkOptimization,/features/power-saving/transactions/{transactionId},GET,getPowerSaving,Get status of a transaction for power-saving features,
camara,IoTSIMFraudPrevention,/subscriptions,POST,subscribeFraudPrevention,Subscribe to IMEI or area change events,Create a subscription to receive notifications when the IMEI of a device changes or when it enters/leaves a restricted area.
camara,IoTSIMFraudPrevention,/subscriptions,GET,listSubscriptions,List subscriptions,Retrieve a list of existing subscriptions.
camara,IoTSIMFraudPrevention,/subscriptions/{subscriptionId},GET,getSubscription,Get subscription details,Retrieve the details of an existing subscription.
camara,IoTSIMFraudPrevention,/subscriptions/{subscriptionId},DELETE,deleteSubscription,Delete subscription,"Delete an existing subscription. After deletion, no further notifications will be sent."
camara,IoTSIMFraudPrevention,/bind,POST,bindDeviceImei,Bind device IMEI or area restrictions,Associate a SIM card with a specific IMEI or restrict it to a geographic area.
camara,IoTSIMFraudPrevention,/unbind,POST,unBindDeviceImei,Unbind device IMEI or area restrictions,Remove an existing IMEI binding or area restriction from a device.
camara,IoTSIMFraudPrevention,/query,POST,query,IoT SIM Fraud Prevention Query,Retrieve the current IMEI binding status or area restriction for a device.
camara,KnowYourCustomer,/verify,POST,verifyAge,Verify Age Threshold,"Verify that the age of the subscriber associated with a phone number is equal to or greater than the specified age threshold value. As it is possible that the person holding the contract and the end-user of the subscription may not be the same, the endpoint also admits a list of optional properties to be included in the request to improve the identification. The response may optionally include the `identityMatchScore` property with a value that indicates how certain it is that the information returned relates to the person that the API Client is requesting. To increase the reliability of the i"
camara,KnowYourCustomer,/fill-in,POST,KYC_Fill-in,Providing information related to a customer identity stored the account data bound to the customer's phone number.,
camara,KnowYourCustomer,/match,POST,KYC_Match,Matching a customer identity by checking a set of attributes related against the account data bound to their phone number.,"Verify matching of a number of attributes related to a customer identity against the verified data bound to their phone number in the Operator systems. Regardless of whether the `phoneNumber` is explicitly stated in the request body, at least one of the other fields must be provided, otherwise a `HTTP 400 - KNOW_YOUR_CUSTOMER.INVALID_PARAM_COMBINATION` error will be returned. In order to proceed with the match check, some Operators may have the requirement to perform an additional level of validation based on the `idDocument` property. This means that, in those cases, the `idDocument` is requi"
camara,KnowYourCustomerAgeVerification,/verify,POST,verifyAge,Verify Age Threshold,"Verify that the age of the subscriber associated with a phone number is equal to or greater than the specified age threshold value. As it is possible that the person holding the contract and the end-user of the subscription may not be the same, the endpoint also admits a list of optional properties to be included in the request to improve the identification. The response may optionally include the `identityMatchScore` property with a value that indicates how certain it is that the information returned relates to the person that the API Client is requesting. To increase the reliability of the i"
camara,KnowYourCustomerFill-in,/fill-in,POST,kycFillin,Providing information related to a customer identity stored the account data bound to the customer's phone number.,Provides information related to a customer identity stored the account data bound to the customer's phone number.
camara,KnowYourCustomerMatch,/match,POST,kycMatch,Matching a customer identity by checking a set of attributes related against the account data bound to their phone number.,"Verify matching of a number of attributes related to a customer identity against the verified data bound to their phone number in the Operator systems. Regardless of whether the `phoneNumber` is explicitly stated in the request body, at least one of the other fields must be provided, otherwise a `HTTP 400 - KNOW_YOUR_CUSTOMER.INVALID_PARAM_COMBINATION` error will be returned. The API will return the result of the matching process for each requested attribute. This means that the response will **only** contain the attributes for which validation has been requested. Possible values are:k - **tru"
camara,ModelAsAService,/knowledge-bases,POST,createKnowledgeBase,Create a new knowledge base,Creates a new knowledge base with the provided metadata. **Key Features:** - Initializes a new knowledge base container - Stores name and description metadata - Generates unique knowledgeBaseId **Key Rules:** - Requires `name` field in request body - Requires `knowledge-base:knowledge-bases:create` scope - Name must be unique within the system **Response Characteristics:** - **201 Created**: Returns full `KnowledgeBase` object with generated ID - **400 Bad Request**: Missing `name` or invalid parameters - **403 Forbidden**: Missing required scope - **409 Conflict**: Duplicate knowledge base na
camara,ModelAsAService,/knowledge-bases,GET,listKnowledgeBases,Get all knowledge bases,Retrieves all knowledge bases accessible to the authenticated user. **Key Features:** - Returns complete collection of knowledge bases - Includes metadata and embedded document lists (with their indexing `status`; each document is also individually addressable via `getDocument`) - Supports pagination (implied by array response) **Key Rules:** - Requires `knowledge-base:knowledge-bases:read` scope - Returns empty array if no knowledge bases exist **Response Characteristics:** - **200 OK**: Array of `KnowledgeBase` objects - **401 Unauthenticated**: Invalid/missing credentials - **403 Forbidden*
camara,ModelAsAService,/knowledge-bases/{knowledgeBaseId},GET,getKnowledgeBase,Get a specific knowledge base,"Retrieves metadata and document list for a specific knowledge base. **Key Features:** - Returns detailed metadata (name, description) - Includes the embedded document list (filename, format, upload timestamp and indexing `status`); each document is also individually addressable via `getDocument` **Key Rules:** - Requires valid `knowledgeBaseId` path parameter - Requires `knowledge-base:knowledge-bases:read` scope **Response Characteristics:** - **200 OK**: Complete `KnowledgeBase` object - **404 Not Found**: Invalid/non-existent knowledgeBaseId - **403 Forbidden**: Missing required scope - **5"
camara,ModelAsAService,/knowledge-bases/{knowledgeBaseId},PUT,updateKnowledgeBase,Update a knowledge base,"Updates metadata of an existing knowledge base. This is a partial update (not a full replacement): fields omitted from the request body are left unchanged, they are not cleared. Providing a field replaces its stored value. At least one updatable field (`name` and/or `description`) MUST be provided; an empty object is rejected with `400 INVALID_ARGUMENT`. The `knowledgeBaseId`, the document associations and the documents themselves are not modifiable through this operation. **Key Features:** - Modifies name and/or description - Preserves existing document associations - Returns updated metadata"
camara,ModelAsAService,/knowledge-bases/{knowledgeBaseId},DELETE,deleteKnowledgeBase,Delete a knowledge base,Permanently deletes a knowledge base and its documents. **Key Features:** - Removes knowledge base metadata - Deletes all associated documents - Irreversible operation **Key Rules:** - Requires valid `knowledgeBaseId` - Requires `knowledge-base:knowledge-bases:delete` scope - No partial deletions **Response Characteristics:** - **204 No Content**: Successful deletion (no body) - **404 Not Found**: Invalid knowledgeBaseId - **403 Forbidden**: Missing required scope - **500 Internal Server Error**: Deletion processing failure
camara,ModelAsAService,/knowledge-bases/{knowledgeBaseId}/documents,POST,uploadDocument,Upload a document to a knowledge base,"Uploads a document to a knowledge base. The uploaded document is modelled as a sub-resource of the knowledge base and gets its own `documentId`, so it can be retrieved and deleted individually via `GET /knowledge-bases/{knowledgeBaseId}/documents/{documentId}` and `DELETE /knowledge-bases/{knowledgeBaseId}/documents/{documentId}`. Documents are typically indexed asynchronously after upload. The returned `status` field reflects the indexing stage: `PROCESSING` while the document is being indexed, `READY` once it is available for answer generation, and `FAILED` if indexing could not be completed"
camara,ModelAsAService,/knowledge-bases/{knowledgeBaseId}/documents/{documentId},GET,getDocument,Get a specific document,"Retrieves metadata of a specific document uploaded to a knowledge base, including its indexing `status`. **Key Features:** - Returns the `Document` resource (filename, format, upload timestamp, status) - Useful for polling `status` after upload until it becomes `READY` or `FAILED` **Key Rules:** - Requires valid `knowledgeBaseId` and `documentId` - Requires `knowledge-base:documents:read` scope **Response Characteristics:** - **200 OK**: Complete `Document` object - **404 Not Found**: Invalid documentId or knowledgeBaseId - **403 Forbidden**: Missing required scope - **500 Internal Server Erro"
camara,ModelAsAService,/knowledge-bases/{knowledgeBaseId}/documents/{documentId},DELETE,deleteDocument,Delete a document,"Permanently removes a document from a knowledge base, together with any indexed representation of its content. The document is no longer returned by `GET /knowledge-bases/{knowledgeBaseId}` or by `getDocument`, and it no longer participates in answer generation. **Key Features:** - Irreversible deletion - Removes document metadata and its indexed content **Key Rules:** - Requires valid `knowledgeBaseId` and `documentId` - Requires `knowledge-base:documents:delete` scope - Cannot be undone **Response Characteristics:** - **204 No Content**: Successful deletion (no body) - **404 Not Found**: Inv"
camara,ModelAsAService,/knowledge-bases/{knowledgeBaseId}/tools,POST,createTool,Register a new tool,"Registers a new tool in the knowledge base. A tool defines an external callable capability with a URL, HTTP method, and optional input/output schemas - similar to MCP (Model Context Protocol) tool definitions. **Intended usage model:** - Tools are registered under a knowledge base and may be associated with a Q&A assistant via the `toolIds` field of the `qa-assistant-manage` API. - When a tool is associated with an assistant, the assistant's LLM may invoke the tool automatically during answer generation (via `queryAssistant` on the `qa-assistant-service` API), turning the Q&A assistant into an"
camara,ModelAsAService,/knowledge-bases/{knowledgeBaseId}/tools,GET,listTools,List all tools in a knowledge base,"Retrieves all registered tools in the specified knowledge base. **Key Features:** - Returns complete collection of tools - Includes tool metadata (name, URL, method, schemas) - Supports pagination **Key Rules:** - Requires valid `knowledgeBaseId` - Requires `knowledge-base:tools:read` scope - Returns empty array if no tools exist **Response Characteristics:** - **200 OK**: Array of `Tool` objects with pagination - **401 Unauthenticated**: Invalid/missing credentials - **403 Forbidden**: Insufficient permissions - **404 Not Found**: Invalid knowledgeBaseId - **500 Internal Server Error**: Data "
camara,ModelAsAService,/knowledge-bases/{knowledgeBaseId}/tools/{toolId},GET,getTool,Get a specific tool,"Retrieves details of a specific tool registered in the knowledge base. **Key Features:** - Returns full tool definition including URL, method, and schemas - Provides creation and update timestamps **Key Rules:** - Requires valid `knowledgeBaseId` and `toolId` - Requires `knowledge-base:tools:read` scope **Response Characteristics:** - **200 OK**: Complete `Tool` object - **404 Not Found**: Invalid toolId or knowledgeBaseId - **403 Forbidden**: Missing required scope - **500 Internal Server Error**: Data retrieval failure"
camara,ModelAsAService,/knowledge-bases/{knowledgeBaseId}/tools/{toolId},PUT,updateTool,Update a tool,"Updates the definition of an existing tool. This is a partial update (not a full replacement): fields omitted from the request body are left unchanged, they are not cleared. Providing a field replaces its stored value. At least one updatable field MUST be provided; an empty object is rejected with `400 INVALID_ARGUMENT`. The `toolId` is not modifiable. **`headers` field behaviour on update:** because `headers` is `writeOnly` (see issue #41), it cannot be read back, so the update semantics matter: - If `headers` is **provided** in the update body, the stored headers are **replaced as a whole** "
camara,ModelAsAService,/knowledge-bases/{knowledgeBaseId}/tools/{toolId},DELETE,deleteTool,Delete a tool,"Permanently removes a tool definition from the knowledge base. **Cross-API effect on assistants:** if the deleted tool is referenced by one or more assistants via the `toolIds` field of the `qa-assistant-manage` API, the server MUST silently drop (prune) the deleted tool's ID from those assistants' `toolIds` arrays on their next read (`getAssistant` / `listAssistants`). Reads of an affected assistant do NOT return `422 KNOWLEDGE_BASE.TOOL_NOT_FOUND` for the pruned tool (issue #51). This single behaviour makes the cross-API contract dependable across implementations. **Key Features:** - Irrever"
camara,ModelAsAService,/knowledge-bases/{knowledgeBaseId}/tools/{toolId}/call,POST,callTool,Invoke a tool,"Invokes a registered tool with the provided arguments. The tool will be executed according to its definition (URL, method, headers) and the result will be returned. **Security note:** this operation causes the API provider's server to send an outbound HTTP request to the consumer-registered `url`. The provider MUST enforce the SSRF protections documented in the ""Security considerations"" section of this API (URL scheme, destination address blocklist, port allow-list, redirect handling, response size and timeout bounds) for every invocation. **Authentication to the upstream tool:** the platform "
camara,ModelAsAService,/assistants,POST,createAssistant,Create a new QA assistant,"Creates a new QA assistant configuration. **Key Features:** - Configures LLM parameters (model, temperature, maxTokens) - Associates with knowledge bases - Sets behavior-defining prompts **Key Rules:** - Requires `name`, `configurationPrompt`, and `largeModelParameters` - `largeModelParameters` is a flat object whose required fields are `model`, `temperature` (0.0-1.0 by default) and `maxTokens` (≥1); `topP` is optional. The bounds are reference defaults - the provider MAY adjust them to match its backend (see the `largeModelParameters` schema description) - Needs `qa-assistant-manage:assistan"
camara,ModelAsAService,/assistants,GET,listAssistants,List all QA assistants,"Retrieves all configured QA assistants. **Key Features:** - Returns complete assistant configurations - Includes metadata (createdAt, updatedAt) - Shows associated knowledge bases **Key Rules:** - Requires `qa-assistant-manage:assistants:read` scope - Returns empty array if no assistants exist **Response Characteristics:** - **200 OK**: Array of `Assistant` objects - **401 Unauthenticated**: Invalid credentials - **403 Forbidden**: Insufficient permissions - **500 Internal Server Error**: Data retrieval failure"
camara,ModelAsAService,/assistants/{assistantId},GET,getAssistant,Get a specific QA assistant,Retrieves detailed configuration for a specific assistant. **Key Features:** - Returns full LLM parameter configuration - Includes knowledge base associations - Shows prompt configurations **Key Rules:** - Requires valid UUID `assistantId` - Needs `qa-assistant-manage:assistants:read` scope **Response Characteristics:** - **200 OK**: Complete `Assistant` object - **404 Not Found**: Invalid/non-existent assistantId - **403 Forbidden**: Missing required scope - **500 Internal Server Error**: Configuration retrieval failure
camara,ModelAsAService,/assistants/{assistantId},PUT,updateAssistant,Update a QA assistant,"Modifies an existing QA assistant configuration. This is a partial update (not a full replacement): fields omitted from the request body are left unchanged, they are not cleared. Providing a field replaces its stored value. At least one updatable field MUST be provided; an empty object is rejected with `400 INVALID_ARGUMENT`. The `assistantId`, `createdAt` and `updatedAt` are not modifiable. **Merge rules for nested objects:** - `largeModelParameters` is replaced as a whole when provided. Nested merge is NOT supported: to change a single parameter (e.g. `temperature`), the API consumer MUST pr"
camara,ModelAsAService,/assistants/{assistantId},DELETE,deleteAssistant,Delete a QA assistant,Permanently removes a QA assistant configuration. **Key Features:** - Irreversible deletion - Cleans up associated resources - Immediate deactivation **Key Rules:** - Requires valid UUID `assistantId` - Needs `qa-assistant-manage:assistants:delete` scope - Cannot be undone **Response Characteristics:** - **204 No Content**: Successful deletion (no body) - **404 Not Found**: Invalid assistantId - **403 Forbidden**: Missing required scope - **500 Internal Server Error**: Deletion processing failure
camara,ModelAsAService,/answer,POST,queryAssistant,Get an answer from a QA assistant,"Queries a configured QA assistant to generate answers using knowledge bases and LLMs. **Tool usage during answer generation:** If the assistant has tools associated via `toolIds` (see `qa-assistant-manage`), the platform's LLM MAY invoke those tools automatically while generating the answer, turning the assistant into an agent that can take actions to ground or enrich its responses. Whether and which tools are invoked is decided by the LLM at query time based on the prompt and the assistant configuration. Tool invocation details (whether any tool was called, which ones, with what arguments and"
camara,MostFrequentLocation,/verify,POST,verifyFrequentLocation,Verify the most frequent location of a device,Verify the frequency with which a device is within a requested geographic area location. The location can be defined by a postal code or a latitude and longitude coordinates. The operation returns a score representing how frequently the device was connected to antennas whose coverage covers the requested area.
camara,MultiPointVPN,/networks,POST,createNetwork,To create a multipoint virtual private network,Create a multipoint virtual private network
camara,MultiPointVPN,/networks/{serviceId},PATCH,updateNetwork,To update a multipoint virtual private network,Update a multipoint virtual private network
camara,MultiPointVPN,/networks/{serviceId},GET,getNetwork,retrieve multipoint virtual private network details,Retrieve multipoint virtual private network details
camara,MultiPointVPN,/networks/{serviceId},DELETE,deleteNetwork,Delete multipoint virtual private network,Delete multipoint virtual private network
camara,MultiPointVPN,/assessment,POST,assessConnectionFeasibility,Assess Multipoint VPN connection feasibility,Get the feasibility assessment for a Multipoint VPN connection
camara,NetworkAccessManagement,/network-access-devices,GET,getNetworkAccessDevices,Get all Network Access Devices associated with the service owner,Retrieves all Network Access Devices associated with the subscriber that the caller is authorized to manage using the `network-access-devices:reboot` scope.
camara,NetworkAccessManagement,/network-access-devices/{networkAccessDeviceId},GET,getNetworkAccessDevice,Get a specific Network Access Device,Retrieves the Network Access Device that matches the given ID.
camara,NetworkAccessManagement,/reboot-requests,POST,createRebootRequest,Create a new Reboot Request,Creates a new Reboot Request targeting one or more Network Access Devices.
camara,NetworkAccessManagement,/reboot-requests,GET,getRebootRequests,Get all Reboot Requests created by the calling API client,This endpoint returns a list of Reboot Requests associated with the service owner created by the calling API client.
camara,NetworkAccessManagement,/reboot-requests/{rebootRequestId},GET,getRebootRequest,Get a specific Reboot Request,Retrieves the Reboot Request that matches the given ID.
camara,NetworkAccessManagement,/reboot-requests/{rebootRequestId},PATCH,updateRebootRequest,Update an existing Reboot Request,"Updates an existing Reboot Request to modify its scheduled time or cancel it. A 409 INCOMPATIBLE_STATE is returned if the Reboot Request is in a state that does not allow the requested change (for example, it is already executing or has completed)."
camara,NetworkAccessManagement,/reboot-requests/{rebootRequestId},DELETE,deleteRebootRequest,Delete an existing Reboot Request,"Deletes an existing Reboot Request, cancelling the scheduled reboot if it has not yet occurred."
camara,NetworkAccessManagement,/services,GET,getServices,Get all services accessible to the authenticated identity,"Returns all services accessible to the calling identity. Services represent a logical commercial relationship between a subscriber and a network operator, typically corresponding to a unique service account or subscription. This endpoint supports workflows where an API Consumer (e.g., AirBnB, Amazon) has received subscriber authorization and must enumerate services to link with Network Client Devices or Trust Domains."
camara,NetworkAccessManagement,/services/{serviceId},GET,getService,Get a service by ID,Returns a specific service corresponding to the given `serviceId`. This can be used to inspect service metadata prior to using it in other API operations such as Trust Domain creation. **Required Scopes:** - `network-access-domains:services:read`
camara,NetworkAccessManagement,/trust-domains/capabilities,GET,getTrustDomainCapabilities,Get Trust Domain capabilities,"Retrieves the set of Trust Domain configuration capabilities supported by the API provider. Capabilities describe supported access types, policy constraints, and configuration limits. This endpoint enables API clients to discover: - Which access types are supported (Wi-Fi variants, Thread modes, etc.) - What policy types are available - Operational limits and constraints - Advanced features and configuration options Use this endpoint before creating Trust Domains to ensure your configuration is supported by the target API provider/network operator."
camara,NetworkAccessManagement,/trust-domains,POST,createTrustDomain,Create a new Trust Domain,Creates and returns the new Trust Domain. A 409 ALREADY_EXISTS is returned if a Trust Domain with the same name already exists for the referenced service.
camara,NetworkAccessManagement,/trust-domains,GET,getTrustDomains,Retrieves all Trust Domains visible to the calling API client,"Retrieves all Trust Domains visible to the calling API client. If the caller has `network-access-domains:trust-domains`, the response is limited to Trust Domains created by the caller. If the caller has `network-access-domains:trust-domains:read-all`, the response includes all Trust Domains associated with the subscriber."
camara,NetworkAccessManagement,/trust-domains/{trustDomainId},GET,getTrustDomain,Get a specific Trust Domain,Retrieves the Trust Domain identified by the given ID. Visibility of this Trust Domain depends on the caller's scope and ownership: - `trust-domains` restricts access to caller-owned Trust Domains. - `trust-domains:read-all` allows retrieval of any Trust Domain associated with the subscriber.
camara,NetworkAccessManagement,/trust-domains/{trustDomainId},PATCH,updateTrustDomain,Update a specific Trust Domain,Updates the Trust Domain identified by the given ID. Any changes are automatically applied to all network access devices where the Trust Domain is configured.
camara,NetworkAccessManagement,/trust-domains/{trustDomainId},DELETE,deleteTrustDomain,Delete a specific Trust Domain,Deletes the Trust Domain identified by the given ID and removes its configuration from all network access devices where it is applied.
camara,NetworkAccessManagement,/trust-domains/{trustDomainId}/devices,POST,createTrustDomainDevice,Register a new device to a Trust Domain,"Registers a subscriber or IoT device to the specified Trust Domain so that it may join the segment under the domain's access configuration and policies. When `bootstrappingInfo` is supplied it is used to onboard (""zero-touch"") the device; when it is omitted, registration simply associates the device with the domain (for example, to apply a connectivity policy). A 409 ALREADY_EXISTS is returned if the device is already registered to the Trust Domain."
camara,NetworkAccessManagement,/trust-domains/{trustDomainId}/devices,GET,getTrustDomainDevices,List all devices registered to a Trust Domain,Retrieves all devices registered to the specified Trust Domain that the caller is authorized to view.
camara,NetworkAccessManagement,/trust-domains/{trustDomainId}/devices/{deviceId},GET,getTrustDomainDevice,Get a specific device in a Trust Domain,Retrieves the device identified by the given ID within the specified Trust Domain.
camara,NetworkAccessManagement,/trust-domains/{trustDomainId}/devices/{deviceId},PATCH,updateTrustDomainDevice,Update a device in a Trust Domain,Updates the device identified by the given ID within the specified Trust Domain. Only the fields included in the request body will be updated. The `bootstrappingInfo` and `deviceCredential` fields use full replacement semantics when included.
camara,NetworkAccessManagement,/trust-domains/{trustDomainId}/devices/{deviceId},DELETE,deleteTrustDomainDevice,Remove a device from a Trust Domain,Deregisters and removes the device identified by the given ID from the specified Trust Domain.
camara,NetworkInsights,/health-scores,GET,getHealthScores,Query the latest network health score,"Query the health assessment results of the specified network module at the latest time point. Returns the health score (0-100) for the selected network module. If the specified `networkId` exists but no health data is available, returns `200 OK` with `score: null` and `scoringTime: null`."
camara,NetworkInsights,/traffic-analysis,GET,getTrafficAnalysis,Get network traffic analysis,"Query 5G traffic statistics information for aggregated network-level data. If no data is available for the requested period, returns `200 OK` with an empty `records` array."
camara,NetworkSliceBooking,/slices/{sliceId}/devices,POST,assignDevice,Assign a device to a network slice,"Assign a device to an existing network slice. The number of devices assigned to the slice must not exceed the maximum number defined in the slice QoS profile. - If the assignment operation is successful, the response will indicate the status as `SUCCESS`. - If the number of devices exceeds the maximum allowed for the slice, the response will indicate the status as `FAILURE` with statusInfo as `MAX_DEVICES_EXCEEDED`. - If the device is already assigned to the slice, the response will indicate the status as `FAILURE` with statusInfo as `DEVICE_ALREADY_ASSIGNED`. - If the assignment operation is "
camara,NetworkSliceBooking,/slices/{sliceId}/devices,GET,getDevices,Get devices assigned to a network slice,Get information about devices assigned to an existing network slice.
camara,NetworkSliceBooking,/slices/{sliceId}/release,POST,releaseDevice,Release a device from an existing network slice,"Release a device from an existing network slice. - If the release operation is successful, the response will indicate the status as `SUCCESS` with statusInfo as `RELEASE_COMPLETED`. - If the device is not assigned to the slice, the response will indicate the status as `FAILURE` with statusInfo as `DEVICE_ALREADY_RELEASED`. **NOTES:** - The access token may be either 2-legged or 3-legged. See ""Identifying the device from the access token"" for further information - When the API is invoked using a two-legged access token, the subject will be identified from the optional `device` object, which the"
camara,NetworkSliceBooking,/retrieve-slices,POST,retrieveSlicesByDevice,Retrieve all network slices by device,Retrieve the list of network slices to which a device is assigned.
camara,NetworkSliceBooking,/slices,POST,createSlice,Creates a new network slice,"Create a new network slice with the expected service time, service area, and QoS profile. NOTES: - If newtwork slice creation is successful, the API consumer will receive a response with code `201 - Created` and a slice ID. - If requested service area is not supported, the API consumer will receive a response with code `422 - NETWORK_SLICE_BOOKING.SERVICEAREA_NOT_SUPPORTED`. - If the left resources are not sufficient for the requested slice resources, the API consumer will receive a response with code `422 - NETWORK_SLICE_BOOKING.RESOURCES_INSUFFICIENT`."
camara,NetworkSliceBooking,/slices/{sliceId},DELETE,deleteSlice,Delete a network slice,"Release slice resources related to sliceId. NOTES: - The deletion operation takes effect immediately, e.g. if the slice is deleted before the end of the service time, the service will end ahead of the scheduled time. - If the slice is deleted, the API consumer will not be able to retrieve information about the slice. - The deletion operation is idempotent, meaning that if the slice is already deleted, the API consumer will receive a response with code `204 - No Content`."
camara,NetworkSliceBooking,/slices/{sliceId},GET,getSlice,Get network slcie booking information,"Querying for network slcie booking resource information details. NOTES: - According to sliceId, the API consumer can retrieve information about an existing slice, including the service time, service area, and QoS profile. - If the slice is deleted, the API consumer will receive a response with code `404 - Not Found`."
camara,NumberRecycling,/check,POST,checkNumberRecycling,Check whether the subscriber of the phone number has changed.,Check whether the subscriber of the phone number has changed.
camara,NumberVerification,/verify,POST,phoneNumberVerify,Verifies if the received hashed/plain text phone number matches the phone number associated with the access token,Verifies if the specified phone number (either in plain text or hashed format) matches the one that the user is currently using. Only one of the plain or hashed formats must be provided. - The number verification will be done for the user that has authenticated via mobile network - It returns true/false depending on if the hashed phone number received as input matches the authenticated user's `device phone number` associated to the access token
camara,NumberVerification,/device-phone-number,GET,phoneNumberShare,Returns the phone number associated with the access token,Returns the phone number so the API clients can verify the number themselves: - It will be done for the user that has authenticated via mobile network - It returns the authenticated user's `device phone number` associated to the access token
camara,OTPValidation,/send-code,POST,sendCode,Sends a message including an OTP code to the given phone number,Sends an SMS with the desired message and an OTP code to the received phone number.
camara,OTPValidation,/validate-code,POST,validateCode,Verifies the OTP received as input,Verifies the code is valid for the received authenticationId
camara,OptimalEdgeDiscovery,/regions,GET,getRegions,Fetch all Regions,This is a helper API to get all the regions. The response identifies the regions where edge cloud zones are available.
camara,OptimalEdgeDiscovery,/retrieve-optimal-edge-cloud-zones,POST,discoverOptimalEdge,Discover optimal edge cloud zones for deployed applications,"Returns a list of optimal edge cloud zones where you can register your deployed application. The `applicationProfileId` is required; optionally, device information and a preferred `edgeCloudRegion` may also be specified."
camara,PopulationDensityData,/retrieve,POST,retrievePopulationDensity,Retrieves population density information in a specified area,Retrieves population density estimation together with the estimation range related for a time slot for a given area (described as a polygon) as a data set consisting of a sequence of equally-sized objects covering the input polygon area.
camara,PredictiveConnectivityData,/retrieve,POST,retrieveConnectivity,Obtain connectivity information in the specified area,"Retrieves the connectivity for a concrete area, specifying the required service level that has to be met in the whole area in the requested network type/s. Optionally, raw signal strength values can be included in the response if supported by the implementation."
camara,QoSBooking,/qos-bookings,POST,createBooking,This operation reserves required QoS in advance up to a certain number of devices in certain serviceArea and time slot. The devices have to be attached with a subsequent operation.,"This operation reserves a Quality of Service (QoS) booking for a specified number of devices, service area, and scheduled time/duration. Devices can be assigned to the booking at any time after the reservation is successful and before the scheduled end-time. - `Pre-assigned devices :` These devices will be automatically provisioned and activated with the requested QoS profile exactly when the scheduled start time arrives. - `Late-assigned devices:` Devices assigned after the schedule starts (but before it ends) will be provisioned and activated with the requested QoS profile immediately upon a"
camara,QoSBooking,/qos-bookings/{bookingId},GET,getBookingById,Get the Booking information for a given QoS Booking identified by `bookingId`.,"This operation is synchronous and retrieves the details of an existing Quality of Service (QoS) booking using its unique identifier (`bookingId`). This `bookingId` is the identifier returned by the initial booking operation upon successful creation. Response Scenarios: - `HTTP 200 (status: SUCCESSFUL):` The booking details are successfully retrieved and returned in the response body along with the remaining number of devices still can be assigned to the booking. - `HTTP 4xx (Failure Condition) :` The request failed, and an appropriate HTTP 4xx error code is returned with a specific status and "
camara,QoSBooking,/qos-bookings/{bookingId},DELETE,deleteBooking,This operation cancels an existing QoS Booking and release the associated resources.,This operation cancels and deletes a specific QoS booking using its unique identifier and releases the resources related to that booking. It supports both synchronous and asynchronous processing. Constraints & Notes: - The Quality of Service (QoS) booking must have been created by the same API client identified in the access token. - The SUCCESSFUL and FAILURE conditions for a deletion are dependent on the operator's specific implementation. - Operators SHOULD properly document their `Booking Cancellation` behavior with clear policies and the respective terms and conditions. Response Scenarios
camara,QoSBooking,/qos-bookings/{bookingId}/devices/assign,POST,assignDevices,Assign one or more devices to an existing QoS Booking identified by `bookingId`,"This endpoint allows the end user to assign one or more devices to the existing QoS Booking. - If the assignment is successful for all the devices, the call will return 201 success code with status `SUCCESSFUL` and the network is available for the said devices to connect and use them at the requested time - If the assignment request failed for some reason, this call we be retured with 4xx error code with appropirate status codes - This is an asynchronous call, and status = `PENDING` if the network is still working on your request. A callback will come with appropriate status. - If the network "
camara,QoSBooking,/qos-bookings/{bookingId}/devices,GET,getDevicesByBookingId,Get the list of devices assigned to an existing QoS Booking,"This endpoint allows the end user to retrieve the list of devices assigned to the existing QoS Booking. - status = `SUCCESSFUL` if the operation is successful - status = `FAILURE` if the operation is unsuccessful then the `statusInfo` will have more information. - GET may not return the identifying details of all the devices assigned to the booking. There are certain situations, identifying details of certain devices can't be disclosed because of privacy laws, jurisdiction restrictions, and some legal requirements. In such a situation the operator SHOULD properly communicate this to the API co"
camara,QoSBooking,/qos-bookings/{bookingId}/devices/release,POST,releaseDevices,Release one or more devices from the given QoS Booking,"This endpoint will release one or more assigned devices. The timing of the release depends on the current status: - `Before the scheduled time:` The release will be mostly immediate. - `After the scheduled time (devices active):` The release may take time as the system needs to free up associated resources. A callback notification will be sent once the devices are successfully released, provided one is registered with the device assignment. This endpoint functions in both synchronous and asynchronous modes. - If the device is assigned using 3-legged access token: - If the device is active, the"
camara,QoSBooking,/qos-bookings/retrieve,POST,retrieveBookingByDevice,Retrieves all the bookings that corresponds to a device,"Querying for QoS Booking resource information details for a device. **NOTES:** - The access token may be either 2-legged or 3-legged. - If a 3-legged access token is used, the subject associated with the QoS Booking must also be associated with the access token. In this case the optional `device` parameter MUST NOT be provided in the request. - If a 2-legged access token is used, the device parameter must be provided and identify a device. - The QoS Booking must have been created by the same API client given in the access token. - If no QoS booking is found for the requested device, an empty a"
camara,QoSBooking,/device-qos-bookings,POST,createBooking,Sets a new booking of QoS for a device,"Triggers a new booking to assign certain QoS Profile to certain device. - If the booking is completed synchronously, the response will be 201 with `bookingStatus` = `SCHEDULED`. - If the booking request is accepted but not yet completed, the response will be 201 with `bookingStatus` = `REQUESTED`. - If the operator determines synchronously that the booking request cannot be fulfilled, the response will be 201 with `bookingStatus` = `TERMINATED` and `statusInfo` = `BOOKING_DECLINED`. - If the request includes a notification callback, the client will receive a `status-changed` event with the out"
camara,QoSBooking,/device-qos-bookings/{bookingId},GET,getBookingById,Get QoS Booking information,"Querying for QoS Booking information details **NOTES:** - The access token may be either 2-legged or 3-legged. - If a 3-legged access token is used, the subject associated with the QoS Booking must also be associated with the access token. - The QoS Booking must have been created by the same API client given in the access token."
camara,QoSBooking,/device-qos-bookings/{bookingId},DELETE,deleteBooking,Deletes a QoS Booking,"Release resources related to a QoS Booking. If the notification callback is provided and the booking status was `REQUESTED`, `SCHEDULED` or `ACTIVATED`, when the deletion is completed, the client will receive, in addition to the response, a `BOOKING_STATUS_CHANGED` event with - `bookingStatus` as `TERMINATED` and - `statusInfo` as `DELETE_REQUESTED` There will be no notification event if the `bookingStatus` was already `TERMINATED`. **NOTES:** - The access token may be either 2-legged or 3-legged. - If a 3-legged access token is used, the subject associated with the QoS Booking must also be as"
camara,QoSBooking,/retrieve-device-qos-bookings,POST,retrieveBookingByDevice,Gets the QoS Booking for a device,"Querying for QoS Booking resource information details for a device. **NOTES:** - The access token may be either 2-legged or 3-legged. - If a 3-legged access token is used, the subject associated with the QoS Booking must also be associated with the access token. In this case the optional `device` parameter MUST NOT be provided in the request. - If a 2-legged access token is used, the device parameter must be provided and identify a device. - The QoS Booking must have been created by the same API client given in the access token. - If no QoS booking is found for the requested device, an empty a"
camara,QualityOnDemand,/retrieve-qos-profiles,POST,retrieveQosProfiles,Retrieve QoS profiles,"Returns all QoS Profiles that match the given criteria. **NOTES:** - The access token may be either a 2-legged or 3-legged access token. - If the access token is 3-legged, all returned QoS Profiles will be available to the subject (device) associated with the access token. - If the access token is 2-legged and a device filter is provided, all returned QoS Profiles will be available to that device. If multiple device identifiers are provided within the device property, only QoS Profiles available to the device identifier chosen by the implementation will be returned, even if the identifiers do "
camara,QualityOnDemand,/qos-profiles/{name},GET,getQosProfile,Get QoS Profile for a given name,"Returns a QoS Profile that matches the given name. The access token may be either a 2-legged or 3-legged access token. If the access token is 3-legged, a QoS Profile is only returned if available to all subjects associated with the access token."
camara,QualityOnDemand,/qos-assignments,POST,createQosAssignment,Triggers the provisioning process for the assignment of a QoS profile to a device,"Initiates the assignment of a specific QoS profile to a given device when connected to the operator's network. - If the QoS profile assignment is completed synchronously, the response will be 201 with `status` = `AVAILABLE`. - If the QoS profile assignment request is accepted but not yet completed, the response will be 201 with `status` = `REQUESTED`. - If the operator determines synchronously that the QoS profile assignment request cannot be fulfilled, the response will be 201 with `status` = `UNAVAILABLE`. - If the request includes the `sink` and `sinkCredential` properties, the client will "
camara,QualityOnDemand,/qos-assignments/{assignmentId},GET,getQosAssignmentById,Get the QoS profile assignment information identified by an assignment record ID,"Querying for details about the QoS profile assignment **NOTES:** - The access token may be either 2-legged or 3-legged. - If a 3-legged access token is used, the subject associated with the QoS profile assignment must also be associated with the access token. - The QoS profile assignment must have been created by the same API consumer given in the access token."
camara,QualityOnDemand,/qos-assignments/{assignmentId},DELETE,revokeQosAssignment,Revokes a QoS profile assignment identified by an assignment record ID,"Revokes the assignment of a QoS profile to a device performed by a previous assignment operation. If the notification callback is provided and the assignment status was `AVAILABLE`, when the process is completed, the API consumer will receive in addition to the response a `ASSIGNMENT_STATUS_CHANGED` event with - `status` as `UNAVAILABLE` and - `statusInfo` as `DELETE_REQUESTED` There will be no notification event if the `status` was already `UNAVAILABLE`. **NOTES:** - The access token may be either 2-legged or 3-legged. - If a 3-legged access token is used, the subject associated with the QoS "
camara,QualityOnDemand,/retrieve-qos-assignment,POST,getQosAssignmentByDevice,Returns the assignment record details of the QoS profile assignment for a device,"Returns the details of the record for the assignment of a QoS profile to a device, if any. **NOTES:** - The access token may be either 2-legged or 3-legged. See ""Identifying the device from the access token"" for further information - When the API is invoked using a two-legged access token, the subject will be identified from the optional `device` object, which therefore MUST be provided. - When a three-legged access token is used however, this optional identifier MUST NOT be provided, as the subject will be uniquely identified from the access token. - The QoS profile assignment must have been "
camara,QualityOnDemand,/sessions,POST,createSession,Creates a new session,"Create QoS Session to manage latency/throughput priorities If the qosStatus in the API response is ""AVAILABLE"" and a notification callback is provided the API consumer will receive in addition to the response a `QOS_STATUS_CHANGED` event notification with `qosStatus` as `AVAILABLE`. If the `qosStatus` in the API response is `REQUESTED`, the client will receive either - a `QOS_STATUS_CHANGED` event notification with `qosStatus` as `AVAILABLE` after the network notifies that it has created the requested session, or - a `QOS_STATUS_CHANGED` event notification with `qosStatus` as `UNAVAILABLE` and"
camara,QualityOnDemand,/sessions/{sessionId},GET,getSession,Get QoS session information,"Querying for QoS session resource information details **NOTES:** - The access token may be either 2-legged or 3-legged. - If a 3-legged access token is used, the end user (and device) associated with the session must also be associated with the access token. - The session must have been created by the same API client given in the access token"
camara,QualityOnDemand,/sessions/{sessionId},DELETE,deleteSession,Delete a QoS session,"Release resources related to QoS session If the notification callback is provided and the `qosStatus` of the session was `AVAILABLE` the client will receive in addition to the response a `QOS_STATUS_CHANGED` event with - `qosStatus` as `UNAVAILABLE` and - `statusInfo` as `DELETE_REQUESTED` There will be no notification event if the `qosStatus` was already `UNAVAILABLE`. **NOTES:** - The access token may be either 2-legged or 3-legged. - If a 3-legged access token is used, the subject associated with the session must also be associated with the access token. - The session must must have been cr"
camara,QualityOnDemand,/sessions/{sessionId}/extend,POST,extendQosSessionDuration,Extend the duration of an active session,"Extend the overall session duration of an active QoS session (with qosStatus = AVAILABLE). The overall duration of the QoS session, including the additional extended duration, shall not exceed the maximum duration limit fixed for the QoS Profile. If the current duration plus the value of `requestedAdditionalDuration` exceeds the maximum limit, the new overall duration shall be capped to the maximum value allowed. An example: For a QoS profile limited to a `maxDuration` of 50,000 seconds, a QoS session was originally created with duration 30,000 seconds. Before the session expires, the API cons"
camara,QualityOnDemand,/retrieve-sessions,POST,retrieveSessionsByDevice,Get QoS session information for a device,"Querying for QoS session resource information details for a device **NOTES:** - The access token may be either 2-legged or 3-legged. - If a 3-legged access token is used, the subject associated with the session must also be associated with the access token. In this case the optional `device` parameter MUST NOT be provided in the request. - If a 2-legged access token is used, the device parameter must be provided and identify a device. - The session must have been created by the same API consumer given in the access token - If no QoS session is found for the requested device, an empty array is "
camara,RegionDeviceCount,/count,POST,count,API operation to get the device count in the specified area during a certain time interval.,"Get the number of devices in the specified area during a certain time interval. - The query area can be a circle or a polygon composed of longitude and latitude points. - If the areaType is circle, the circleCenter and circleRadius must be provided; if the area is a polygon, the point list must be provided. - If starttime and endtime are not passed in,this api should return the current number of devices in the area. - If the device appears in the specified area at least once during the certain time interval, it should be counted."
camara,SessionInsights,/sessions,POST,createSession,Create a Session Insights session,"Create a new insights session for monitoring application performance and network quality. The session can be used to send application-observed metrics, receive session quality scores asynchronously via notifications, and receive root cause analysis when quality degrades. The session is created using a selected Application Profile, which defines the expected performance thresholds and other parameters."
camara,SessionInsights,/sessions/{sessionId},GET,getSession,Get session by sessionId,Retrieve the details of a specific session by its operator-assigned session ID.
camara,SessionInsights,/sessions/{sessionId},DELETE,deleteSession,Delete session,Delete an insights session by its operator-assigned session ID. This will stop all notifications and metric reporting for the session.
camara,SessionInsights,/retrieve-sessions,POST,retrieveSessionsByDevice,Retrieve Session Insights sessions by device,"Retrieve all Session Insights sessions for a given device. **Notes:** - This operation allows retrieving all active or historical sessions associated with a device. - It uses POST instead of GET to allow passing sensitive device identifiers in the body, per CAMARA guidelines. - The request must include a `device` object if using a two-legged token. If using a three-legged token, do not provide a `device` as the device is derived from the token."
camara,SessionInsights,/sessions/{sessionId}/metrics,POST,sendSessionMetrics,Send session metrics,"Send application-observed session metrics to the API provider for the specified session. The API provider uses these metrics to evaluate session quality and delivers a session quality notification asynchronously to the session's configured sink. This operation returns 204 No Content to acknowledge receipt; the resulting quality score is delivered via notification, not in this response."
camara,SimSwap,/subscriptions,POST,createSimSwapSubscription,Create a sim swap event subscription for a phone number,Create a sim swap event subscription for a phone number
camara,SimSwap,/subscriptions,GET,retrieveSubscriptionList,Retrieve a list of sim swap event subscription,Retrieve a list of sim swap event subscription(s)
camara,SimSwap,/subscriptions/{subscriptionId},GET,retrieveSubscription,Retrieve a sim swap event subscription for a phone number,retrieve event subscription information for a given subscription.
camara,SimSwap,/subscriptions/{subscriptionId},DELETE,deleteSubscription,Delete a sim swap event subscription,delete a given event subscription.
camara,SimSwap,/retrieve-date,POST,retrieveSimSwapDate,Retrieve SIM swap date,Get timestamp of last SIM swap event for a mobile user account provided with phone number.
camara,SimSwap,/check,POST,checkSimSwap,Check SIM swap,Check if SIM swap has been performed during a past period
camara,SimSwap,/retrieve-age-band,POST,retrieveSimSwapAgeBand,Retrieve SIM swap age band,"Returns a standardized `simSwapAgeBand` value indicating how recently a SIM swap occurred, expressed as a time band. This operation is an alternative way to expose SIM swap recency for API providers that do not expose the exact SIM swap date. It does not return the actual SIM swap date, and is not expected to be supported in addition to `check` and `retrieve-date`; support depends on the provider's available capabilities and commercial use case. The returned value is a technical network signal indicating recency. Consuming parties apply their own decisioning outside the API contract. Value `11"
camara,SimpleEdgeDiscovery,/retrieve-closest-edge-cloud-zone,POST,readClosestEdgeCloudZone,Returns the name of the Edge Cloud Zone closest to user device identified in the request.,"On receiving this request, the network will return the name of the Edge Cloud Zone with the shortest network path to the end user device identified in the request."
camara,SponsoredData,/sponsorship,POST,startSponsorship,Start Sponsorship Session Request,"This operation requests the sponsorship for a subscriber in a specific campaign, allowing them to use sponsored data within the limits set by this request or those defined in the campaign onboarding declaration by default."
camara,SponsoredData,/sponsorship/{sponsorId}/{campaignId}/{sessionId}/session-status,GET,getSessionStatus,Sponsorship Session Status Inquiry,"Queries detailed information about a sponsorship session for a specific campaign and sponsor. NOTES: The access token for this query must be a 2-legged token, and the sponsor must have been previously authorized with a 3-legged token at the time of session initiation. The session must have been created by the same API client indicated in the access token."
camara,SponsoredData,/sponsorship/{sponsorId}/{campaignId}/{sessionId}/revoke,DELETE,revokeSponsorship,Revocation of Sponsorship,"This operation revokes an active sponsorship, preventing further use of sponsored data for the subscriber."
camara,SponsoredData,/campaign/{sponsorId}/{campaignId}/campaign-status,GET,getCampaignStatus,"Campaign Status Inquiry [active, paused, concluded], data volume balance.","Retrieves the current status of a specific sponsorship campaign for a given sponsor. Provides information such as whether the campaign is active, paused, or completed, along with key metadata like start and end dates, data volume limits, and any configured alerts. This endpoint allows sponsoring companies to monitor the progress and operational state of their campaigns."
camara,SponsoredData,/campaign/{sponsorId}/{campaignId}/active-sponsorships,GET,getActiveSponsorships,Query of Active Sponsorships,Returns the list of users currently benefiting from sponsored data under a specific campaign. Each entry includes identifiers and session information to track which end users are actively consuming sponsored data. Useful for reporting and campaign analytics.
camara,SponsoredData,/campaign/{sponsorId}/{campaignId}/alert-subscription,POST,configureAlerts,Campaigns - Subscription to Alert y Notifications,"This operation enables Sponsors (EPs) to subscribe to receive notifications related to campaigns. With the subscription, the EP provides a webhook URL and a token, which will be used by the API Gateway to send notifications related to the campaign. In this API version, only two types of alerts are provided: - Notification for consuming more than 80% of the contracted data volume. - Notification for campaign validity expiration. - Notification for campaign data volume exhausted. - Alerts for network failures will be addressed in future versions."
camara,SponsoredData,/campaign/management,POST,manageCampaign,Campaign Management,"This operation allows pausing or resuming a campaign based on the action parameter provided in the request body. The possible values for action are: - PAUSE to temporarily halt new sponsorships (ongoing sponsorships will continue until completion). - RESUME to reactivate the campaign. If the campaign has already ended, the API will respond with a 400 error, indicating that the campaign is finished and cannot be modified. Pausing a campaign does not extend its end date or overall duration."
camara,SubscriptionStatus,/retrieve-subscription-status,POST,retrieveSubscriptionStatus,Retrieve subscription status of a phone number,"Obtain the business subscription status of the provided phone number, including Voice/SMS inbound, Voice/SMS outbound, and data service status."
camara,Tenure,/check-tenure,POST,checkTenure,The KYC Tenure service API,"Verifies a specified length of tenure, based on a provided date, for a network subscriber to establish a level of trust for the network subscription identifier."
camara,TrafficInfluence,/traffic-influences,GET,getAllTrafficInfluences,Retries existing TrafficInfluence Resources,Reads all of the active TrafficInfluence resources owned by the same API Consumer
camara,TrafficInfluence,/traffic-influences,POST,postTrafficInfluence,Creates a new TrafficInfluence resource influencing the traffic toward local instances of the Application for any user.,"Takes as input an object containing the intents from the API Consumer and creates a TrafficInfluence resource accordingly. The trafficInfluenceID parameter, that is part of the object, must not be valorized when creating a new resource. For this reason the trafficInfluenceID parameter must be avoided in the object, anyway it will be ignored by the API Producer. It is automatically generated by the system and returned in the response."
camara,TrafficInfluence,/traffic-influence-devices,POST,postTrafficInfluenceDevice,Creates a new TrafficInfluence resource influencing the traffic toward local instances of the Application for a specific user.,"Takes as input an object containing the intents from the API Consumer and creates a TrafficInfluence resource accordingly. The trafficInfluenceID parameter, that is part of the object, must not be valorized when creating a new resource. For this reason the trafficInfluenceID parameter must be avoided in the object, anyway it will be ignored by the API Producer. It is automatically generated by the system and returned in the response."
camara,TrafficInfluence,/traffic-influences/{trafficInfluenceID},GET,getTrafficInfluenceById,Reads a specific TrafficInfluence resource identified by the trafficInfluenceID value.,"Returns a specific TrafficInfluence resources owned by the same API Consumer. For privacy reasons, if a resource is related to a user, the parameter Device is not exchanged."
camara,TrafficInfluence,/traffic-influences/{trafficInfluenceID},PATCH,patchTrafficInfluence,"updates a specific TrafficInfluence resource, identified by the trafficInfluenceID value. If used for a specific user, the Device parameter can not be modified.","The resource identified by the trafficInfluenceID value can be modified. Before the PATCH can be invoked the status (state) of the resource must be ""active"". If not an error code 409 (DENIED_WAIT) is returned."
camara,TrafficInfluence,/traffic-influences/{trafficInfluenceID},DELETE,deleteTrafficInfluence,Delete an existing TrafficInfluence resource,"invoked by the API Consumer to stop influencing the traffic, deleting a TrafficInfluence resource previously created. The notification will be sent via Cloud Event with the information already available in the TrafficInfluence resource identified by ""trafficInfluenceID""."
camara,VerifiedCaller,/registrations,POST,createRegistration,Register new brand information in the service platform,Register new brand information with optional call verification request.
camara,VerifiedCaller,/registrations,GET,readRegistrations,Read existing brand registrations from the service platform,"Read existing brand registrations from the service platform. ## Filtering The following query parameters are RECOMMENDED filters for this operation. They are all optional. API providers MAY implement any subset of them based on their capabilities; the supported set for a given provider is documented on that provider's Exposition Gateway ""Getting Started"" page (filter support is not intended to be discovered through HTTP error responses). - `customerId` - filter by enterprise/brand owner identifier. - `displayName` - filter by the display name registered for the brand. - `status` - filter by re"
camara,VerifiedCaller,/registrations/{registrationId},GET,readRegistration,Read an existing brand registration from the service platform,Read an existing brand registration from the service platform
camara,VerifiedCaller,/registrations/{registrationId},DELETE,deleteRegistration,Delete an existing brand registration from the service platform,Delete an existing brand registration from the service platform
camara,VerifiedCaller,/registrations/{registrationId},PUT,updateRegistration,Update an existing brand registration in the service platform,Update an existing brand registration
camara,VerifiedCaller,/pre-announce,POST,createPreAnnouncement,Create a call pre-announcement in the service platform,Create a call pre-announcement for a Calling and a Called Party that will remain valid for a specified duration.
camara,WebRTC,/sessions,POST,createSession,Creates voice and/or video session,Creates a voice and/or video session
camara,WebRTC,/sessions/{mediaSessionId},GET,getSessionDetailsById,Get the media session information,Get the media Session description based on `mediaSessionId`. ** The client shall construct the API path using the `mediaSessionId` supplied in the session creation response (origination) or in the invitation notification (termination). **
camara,WebRTC,/sessions/{mediaSessionId},DELETE,deleteSessionById,Cancel or Terminate the media session,"Cancel a 1-1 media session (as originator), Decline a 1-1 media session (as receiver), Terminate a 1-1 an ongoing media session ** The client shall construct the API path using the mediaSessionId supplied in the session creation response (origination) or in the invitation notification (termination). **'"
camara,WebRTC,/sessions/{mediaSessionId}/status,PUT,updateSessionStatus,Update the status of the media session,"Update the status of the media session, this may include updating SDP media The API consumer shall construct the API path using the `mediaSessionId` supplied in the session creation response (origination) or in the invitation notification (termination). The party making the update MAY include `locationDetails` to share their device location. When included in an answer/accept step (e.g., status `Connected` with an answer SDP), `locationDetails` describes the answering party's device location. After call establishment, either party MAY provide or update their location by including `locationDetai"
camara,WebRTC,/subscriptions,POST,createNotificationChannelSubscription,Create a webrtc-events event subscription,"Create a webrtc-events event subscription. For the corresponding type: - `org.camaraproject.webrtc-events-subscriptions.v0.session-invitation`: new calls event - `org.camaraproject.webrtc-events-subscriptions.v0.session-status`: updates on specific call - `org.camaraproject.webrtc-events-subscriptions.v0.registration-ends`: registration termination event To subscribe and receive notifications about new calls, a `session-invitation` subscription is required using the `deviceId` related to a valid registration. For WebRTC calling subscription scenarios, developers should not use `initialEvent` o"
camara,WebRTC,/subscriptions,GET,retrieveNotificationChannelSubscriptionList,Retrieve a list of webrtc-events event subscription,Retrieve **a list** of webrtc-events subscription(s) with detailed information. Including configuration data and current status.
camara,WebRTC,/subscriptions/{subscriptionId},GET,retrieveNotificationChannelSubscription,Retrieve a webrtc-events event subscription,Retrieve webrtc-events subscription detailed information for a given subscription. Including configuration data and current status.
camara,WebRTC,/subscriptions/{subscriptionId},PUT,updateNotificationChannelSubscription,Update a webrtc-events event subscription,"Update a given webrtc-events subscription without changing its identity. This operation is idempotent. Repeating the same update request results in the same final subscription state. Either or both of the following attributes may be updated: - `sinkCredential` - `config.subscriptionExpireTime` The subscription `sink`, event types, and `config.subscriptionDetail` are not modified by this operation."
camara,WebRTC,/subscriptions/{subscriptionId},DELETE,deleteNotificationChannelSubscription,Delete a webrtc-events event subscription,API endpoint to delete a given webrtc-events subscription. Action done to stop receiving notifications about this event subscription.
camara,WebRTC,/sessions,GET,getRegistrationsByDeviceId,Retrieve all registrations for a device,"Retrieve the active registrations associated with a given `deviceId` that are authorized for the access token used in the request. This endpoint allows an API consumer to recover registration state after a network disconnection or application restart, where the `registrationId` has been lost but the `deviceId` is known. Because `deviceId` is a client-generated identifier and is NOT guaranteed to be globally unique, the same `deviceId` value may be shared across registrations bound to different `phoneNumber`s. Only the registrations bound to a `phoneNumber` authorized by the access token are re"
camara,WebRTC,/sessions,POST,createRegistration,Create a registration,"Create a new device registration in the network using a client-supplied `deviceId`. The subscriber identifier (`phoneNumber`) for the registration depends on the type of access token used: - With a **three-legged access token**, the API consumer MUST NOT include `phoneNumber` in the request body; it is resolved server-side from the token. A request that includes it is rejected with `422 UNNECESSARY_IDENTIFIER`. - With a **two-legged access token**, the API consumer MUST include `phoneNumber` in the request body, since the token carries no subscriber identity. A request that omits it is rejecte"
camara,WebRTC,/sessions/{registrationId},GET,getRegistrationById,Retrieve a device registration,"Retrieve an existing registration by its `registrationId`. This endpoint allows an API consumer to confirm whether a registration is still active and retrieve its current state. A typical use case is state recovery after a network disconnection or application restart, where the client has a previously stored `registrationId` and needs to verify it is still valid before attempting to create calls or subscribe to events. Returns `404` if the registration does not exist or has expired."
camara,WebRTC,/sessions/{registrationId},PUT,updateRegistrationById,Refresh network registration.,"API endpoint used to **refresh** an existing registration *before* it expires. **Server behaviour on refresh** 1. Let `t_req` be the server-side receipt time of the request and `t_prev` the previously stored `registrationExpireTime`. 2. Compute the remaining lifetime remaining = t_prev - t_req (values ≤ 0 indicate the client is late; operators MAY reject or treat it as a new registration). 3. Apply the operator's configured TTL (`TTL_cfg`, e.g. 3600 s) **from `t_req`, not from `t_prev`**: newExpire = t_req + TTL_cfg 4. Persist `newExpire` and return it in `expiresAt` inside the response body. "
camara,WebRTC,/sessions/{registrationId},DELETE,deleteRegistrationById,Delete Registration Session.,API endpoint used to remove a valid registration on the network. This action frees any resource and invalidates future actions that involves this registration between the device and the network. Use the registrationId to identify the registration to delete.
camara,eSimRemoteManagement,/profile/result/query,POST,profileResultQuery,Query profile operation result,"Query the result of an asynchronous profile operation (download, enable, disable, delete) using the task ID returned from a previous operation request."
camara,eSimRemoteManagement,/profile/oper,POST,profileOperation,Perform profile operation,"Perform lifecycle operations on an eSIM profile including enable, disable, or delete. This is an asynchronous operation that returns a task ID for status tracking."
camara,eSimRemoteManagement,/profile/downloaded-list,POST,profileList,Query downloaded profile list,"Retrieve a list of all eSIM profiles currently downloaded on the device, including their status (enabled/disabled), ICCID, and other metadata."
camara,eSimRemoteManagement,/profile/download,POST,profileDownload,Download profile,Download and optionally install a new eSIM profile to the device. This is an asynchronous operation that returns a task ID for status tracking.
holdout1,twilio,/2010-04-01/Accounts.json,POST,CreateAccount,Create a new Twilio Subaccount from the account making the request,Create a new Twilio Subaccount from the account making the request
holdout1,twilio,/2010-04-01/Accounts/{Sid}.json,POST,UpdateAccount,Modify the properties of a given Account,Modify the properties of a given Account
holdout1,twilio,/2010-04-01/Accounts/{AccountSid}/Addresses.json,POST,CreateAddress,,
holdout1,twilio,/2010-04-01/Accounts/{AccountSid}/Addresses/{Sid}.json,POST,UpdateAddress,,
holdout1,twilio,/2010-04-01/Accounts/{AccountSid}/Addresses/{Sid}.json,DELETE,DeleteAddress,,
holdout1,twilio,/2010-04-01/Accounts/{AccountSid}/Applications.json,POST,CreateApplication,Create a new application within your account,Create a new application within your account
holdout1,twilio,/2010-04-01/Accounts/{AccountSid}/Applications/{Sid}.json,POST,UpdateApplication,Updates the application's properties,Updates the application's properties
holdout1,twilio,/2010-04-01/Accounts/{AccountSid}/Applications/{Sid}.json,DELETE,DeleteApplication,Delete the application by the specified application sid,Delete the application by the specified application sid
holdout1,twilio,/2010-04-01/Accounts/{AccountSid}/Calls.json,POST,CreateCall,"Create a new outgoing call to phones, SIP-enabled endpoints or Twilio Client connections","Create a new outgoing call to phones, SIP-enabled endpoints or Twilio Client connections"
holdout1,twilio,/2010-04-01/Accounts/{AccountSid}/Calls/{Sid}.json,POST,UpdateCall,Initiates a call redirect or terminates a call,Initiates a call redirect or terminates a call
holdout1,twilio,/2010-04-01/Accounts/{AccountSid}/Calls/{Sid}.json,DELETE,DeleteCall,"Delete a Call record from your account. Once the record is deleted, it will no longer appear in the API and Account Portal logs.","Delete a Call record from your account. Once the record is deleted, it will no longer appear in the API and Account Portal logs."
holdout1,twilio,/2010-04-01/Accounts/{AccountSid}/Calls/{CallSid}/Recordings.json,POST,CreateCallRecording,Create a recording for the call,Create a recording for the call
holdout1,twilio,/2010-04-01/Accounts/{AccountSid}/Calls/{CallSid}/Recordings/{Sid}.json,POST,UpdateCallRecording,"Changes the status of the recording to paused, stopped, or in-progress. Note: Pass `Twilio.CURRENT` instead of recording sid to reference current active recording.","Changes the status of the recording to paused, stopped, or in-progress. Note: Pass `Twilio.CURRENT` instead of recording sid to reference current active recording."
holdout1,twilio,/2010-04-01/Accounts/{AccountSid}/Calls/{CallSid}/Recordings/{Sid}.json,DELETE,DeleteCallRecording,Delete a recording from your account,Delete a recording from your account
holdout1,twilio,/2010-04-01/Accounts/{AccountSid}/Conferences/{Sid}.json,POST,UpdateConference,,
holdout1,twilio,/2010-04-01/Accounts/{AccountSid}/Conferences/{ConferenceSid}/Recordings/{Sid}.json,POST,UpdateConferenceRecording,"Changes the status of the recording to paused, stopped, or in-progress. Note: To use `Twilio.CURRENT`, pass it as recording sid.","Changes the status of the recording to paused, stopped, or in-progress. Note: To use `Twilio.CURRENT`, pass it as recording sid."
holdout1,twilio,/2010-04-01/Accounts/{AccountSid}/Conferences/{ConferenceSid}/Recordings/{Sid}.json,DELETE,DeleteConferenceRecording,Delete a recording from your account,Delete a recording from your account
holdout1,twilio,/2010-04-01/Accounts/{AccountSid}/ConnectApps/{Sid}.json,POST,UpdateConnectApp,Update a connect-app with the specified parameters,Update a connect-app with the specified parameters
holdout1,twilio,/2010-04-01/Accounts/{AccountSid}/ConnectApps/{Sid}.json,DELETE,DeleteConnectApp,Delete an instance of a connect-app,Delete an instance of a connect-app
holdout1,twilio,/2010-04-01/Accounts/{AccountSid}/IncomingPhoneNumbers/{Sid}.json,POST,UpdateIncomingPhoneNumber,Update an incoming-phone-number instance.,Update an incoming-phone-number instance.
holdout1,twilio,/2010-04-01/Accounts/{AccountSid}/IncomingPhoneNumbers/{Sid}.json,DELETE,DeleteIncomingPhoneNumber,Delete a phone-numbers belonging to the account used to make the request.,Delete a phone-numbers belonging to the account used to make the request.
holdout1,twilio,/2010-04-01/Accounts/{AccountSid}/IncomingPhoneNumbers.json,POST,CreateIncomingPhoneNumber,Purchase a phone-number for the account.,Purchase a phone-number for the account.
holdout1,twilio,/2010-04-01/Accounts/{AccountSid}/IncomingPhoneNumbers/{ResourceSid}/AssignedAddOns/{Sid}.json,DELETE,DeleteIncomingPhoneNumberAssignedAddOn,Remove the assignment of an Add-on installation from the Number specified.,Remove the assignment of an Add-on installation from the Number specified.
holdout1,twilio,/2010-04-01/Accounts/{AccountSid}/IncomingPhoneNumbers/{ResourceSid}/AssignedAddOns.json,POST,CreateIncomingPhoneNumberAssignedAddOn,Assign an Add-on installation to the Number specified.,Assign an Add-on installation to the Number specified.
holdout1,twilio,/2010-04-01/Accounts/{AccountSid}/IncomingPhoneNumbers/Local.json,POST,CreateIncomingPhoneNumberLocal,,
holdout1,twilio,/2010-04-01/Accounts/{AccountSid}/IncomingPhoneNumbers/Mobile.json,POST,CreateIncomingPhoneNumberMobile,,
holdout1,twilio,/2010-04-01/Accounts/{AccountSid}/IncomingPhoneNumbers/TollFree.json,POST,CreateIncomingPhoneNumberTollFree,,
holdout1,twilio,/2010-04-01/Accounts/{AccountSid}/Keys/{Sid}.json,POST,UpdateKey,,
holdout1,twilio,/2010-04-01/Accounts/{AccountSid}/Keys/{Sid}.json,DELETE,DeleteKey,,
holdout1,twilio,/2010-04-01/Accounts/{AccountSid}/Keys.json,POST,CreateNewKey,,
holdout1,twilio,/2010-04-01/Accounts/{AccountSid}/Messages/{MessageSid}/Media/{Sid}.json,DELETE,DeleteMedia,Delete the Media resource.,Delete the Media resource.
holdout1,twilio,/2010-04-01/Accounts/{AccountSid}/Queues/{QueueSid}/Members/{CallSid}.json,POST,UpdateMember,Dequeue a member from a queue and have the member's call begin executing the TwiML document at that URL,Dequeue a member from a queue and have the member's call begin executing the TwiML document at that URL
holdout1,twilio,/2010-04-01/Accounts/{AccountSid}/Messages.json,POST,CreateMessage,Send a message,Send a message
holdout1,twilio,/2010-04-01/Accounts/{AccountSid}/Messages/{Sid}.json,POST,UpdateMessage,Update a Message resource (used to redact Message `body` text and to cancel not-yet-sent messages),Update a Message resource (used to redact Message `body` text and to cancel not-yet-sent messages)
holdout1,twilio,/2010-04-01/Accounts/{AccountSid}/Messages/{Sid}.json,DELETE,DeleteMessage,Deletes a Message resource from your account,Deletes a Message resource from your account
holdout1,twilio,/2010-04-01/Accounts/{AccountSid}/Messages/{MessageSid}/Feedback.json,POST,CreateMessageFeedback,Create Message Feedback to confirm a tracked user action was performed by the recipient of the associated Message,Create Message Feedback to confirm a tracked user action was performed by the recipient of the associated Message
holdout1,twilio,/2010-04-01/Accounts/{AccountSid}/SigningKeys.json,POST,CreateNewSigningKey,Create a new Signing Key for the account making the request.,Create a new Signing Key for the account making the request.
holdout1,twilio,/2010-04-01/Accounts/{AccountSid}/OutgoingCallerIds/{Sid}.json,POST,UpdateOutgoingCallerId,Updates the caller-id,Updates the caller-id
holdout1,twilio,/2010-04-01/Accounts/{AccountSid}/OutgoingCallerIds/{Sid}.json,DELETE,DeleteOutgoingCallerId,Delete the caller-id specified from the account,Delete the caller-id specified from the account
holdout1,twilio,/2010-04-01/Accounts/{AccountSid}/OutgoingCallerIds.json,POST,CreateValidationRequest,,
holdout1,twilio,/2010-04-01/Accounts/{AccountSid}/Conferences/{ConferenceSid}/Participants/{CallSid}.json,POST,UpdateParticipant,Update the properties of the participant,Update the properties of the participant
holdout1,twilio,/2010-04-01/Accounts/{AccountSid}/Conferences/{ConferenceSid}/Participants/{CallSid}.json,DELETE,DeleteParticipant,Kick a participant from a given conference,Kick a participant from a given conference
holdout1,twilio,/2010-04-01/Accounts/{AccountSid}/Conferences/{ConferenceSid}/Participants.json,POST,CreateParticipant,,
holdout1,twilio,/2010-04-01/Accounts/{AccountSid}/Calls/{CallSid}/Payments.json,POST,CreatePayments,create an instance of payments. This will start a new payments session,create an instance of payments. This will start a new payments session
holdout1,twilio,/2010-04-01/Accounts/{AccountSid}/Calls/{CallSid}/Payments/{Sid}.json,POST,UpdatePayments,update an instance of payments with different phases of payment flows.,update an instance of payments with different phases of payment flows.
holdout1,twilio,/2010-04-01/Accounts/{AccountSid}/Queues/{Sid}.json,POST,UpdateQueue,Update the queue with the new parameters,Update the queue with the new parameters
holdout1,twilio,/2010-04-01/Accounts/{AccountSid}/Queues/{Sid}.json,DELETE,DeleteQueue,Remove an empty queue,Remove an empty queue
holdout1,twilio,/2010-04-01/Accounts/{AccountSid}/Queues.json,POST,CreateQueue,Create a queue,Create a queue
holdout1,twilio,/2010-04-01/Accounts/{AccountSid}/Calls/{CallSid}/Transcriptions.json,POST,CreateRealtimeTranscription,Create a Transcription,Create a Transcription
holdout1,twilio,/2010-04-01/Accounts/{AccountSid}/Calls/{CallSid}/Transcriptions/{Sid}.json,POST,UpdateRealtimeTranscription,Stop a Transcription using either the SID of the Transcription resource or the `name` used when creating the resource,Stop a Transcription using either the SID of the Transcription resource or the `name` used when creating the resource
holdout1,twilio,/2010-04-01/Accounts/{AccountSid}/Recordings/{Sid}.json,DELETE,DeleteRecording,Delete a recording from your account,Delete a recording from your account
holdout1,twilio,/2010-04-01/Accounts/{AccountSid}/Recordings/{ReferenceSid}/AddOnResults/{Sid}.json,DELETE,DeleteRecordingAddOnResult,Delete a result and purge all associated Payloads,Delete a result and purge all associated Payloads
holdout1,twilio,/2010-04-01/Accounts/{AccountSid}/Recordings/{ReferenceSid}/AddOnResults/{AddOnResultSid}/Payloads/{Sid}.json,DELETE,DeleteRecordingAddOnResultPayload,Delete a payload from the result along with all associated Data,Delete a payload from the result along with all associated Data
holdout1,twilio,/2010-04-01/Accounts/{AccountSid}/Recordings/{RecordingSid}/Transcriptions/{Sid}.json,DELETE,DeleteRecordingTranscription,,
holdout1,twilio,/2010-04-01/Accounts/{AccountSid}/SMS/ShortCodes/{Sid}.json,POST,UpdateShortCode,Update a short code with the following parameters,Update a short code with the following parameters
holdout1,twilio,/2010-04-01/Accounts/{AccountSid}/SigningKeys/{Sid}.json,POST,UpdateSigningKey,,
holdout1,twilio,/2010-04-01/Accounts/{AccountSid}/SigningKeys/{Sid}.json,DELETE,DeleteSigningKey,,
holdout1,twilio,/2010-04-01/Accounts/{AccountSid}/SIP/Domains/{DomainSid}/Auth/Calls/CredentialListMappings.json,POST,CreateSipAuthCallsCredentialListMapping,Create a new credential list mapping resource,Create a new credential list mapping resource
holdout1,twilio,/2010-04-01/Accounts/{AccountSid}/SIP/Domains/{DomainSid}/Auth/Calls/CredentialListMappings/{Sid}.json,DELETE,DeleteSipAuthCallsCredentialListMapping,Delete a credential list mapping from the requested domain,Delete a credential list mapping from the requested domain
holdout1,twilio,/2010-04-01/Accounts/{AccountSid}/SIP/Domains/{DomainSid}/Auth/Calls/IpAccessControlListMappings.json,POST,CreateSipAuthCallsIpAccessControlListMapping,Create a new IP Access Control List mapping,Create a new IP Access Control List mapping
holdout1,twilio,/2010-04-01/Accounts/{AccountSid}/SIP/Domains/{DomainSid}/Auth/Calls/IpAccessControlListMappings/{Sid}.json,DELETE,DeleteSipAuthCallsIpAccessControlListMapping,Delete an IP Access Control List mapping from the requested domain,Delete an IP Access Control List mapping from the requested domain
holdout1,twilio,/2010-04-01/Accounts/{AccountSid}/SIP/Domains/{DomainSid}/Auth/Registrations/CredentialListMappings.json,POST,CreateSipAuthRegistrationsCredentialListMapping,Create a new credential list mapping resource,Create a new credential list mapping resource
holdout1,twilio,/2010-04-01/Accounts/{AccountSid}/SIP/Domains/{DomainSid}/Auth/Registrations/CredentialListMappings/{Sid}.json,DELETE,DeleteSipAuthRegistrationsCredentialListMapping,Delete a credential list mapping from the requested domain,Delete a credential list mapping from the requested domain
holdout1,twilio,/2010-04-01/Accounts/{AccountSid}/SIP/CredentialLists/{CredentialListSid}/Credentials.json,POST,CreateSipCredential,Create a new credential resource.,Create a new credential resource.
holdout1,twilio,/2010-04-01/Accounts/{AccountSid}/SIP/CredentialLists/{CredentialListSid}/Credentials/{Sid}.json,POST,UpdateSipCredential,Update a credential resource.,Update a credential resource.
holdout1,twilio,/2010-04-01/Accounts/{AccountSid}/SIP/CredentialLists/{CredentialListSid}/Credentials/{Sid}.json,DELETE,DeleteSipCredential,Delete a credential resource.,Delete a credential resource.
holdout1,twilio,/2010-04-01/Accounts/{AccountSid}/SIP/CredentialLists.json,POST,CreateSipCredentialList,Create a Credential List,Create a Credential List
holdout1,twilio,/2010-04-01/Accounts/{AccountSid}/SIP/CredentialLists/{Sid}.json,POST,UpdateSipCredentialList,Update a Credential List,Update a Credential List
holdout1,twilio,/2010-04-01/Accounts/{AccountSid}/SIP/CredentialLists/{Sid}.json,DELETE,DeleteSipCredentialList,Delete a Credential List,Delete a Credential List
holdout1,twilio,/2010-04-01/Accounts/{AccountSid}/SIP/Domains/{DomainSid}/CredentialListMappings.json,POST,CreateSipCredentialListMapping,Create a CredentialListMapping resource for an account.,Create a CredentialListMapping resource for an account.
holdout1,twilio,/2010-04-01/Accounts/{AccountSid}/SIP/Domains/{DomainSid}/CredentialListMappings/{Sid}.json,DELETE,DeleteSipCredentialListMapping,Delete a CredentialListMapping resource from an account.,Delete a CredentialListMapping resource from an account.
holdout1,twilio,/2010-04-01/Accounts/{AccountSid}/SIP/Domains.json,POST,CreateSipDomain,Create a new Domain,Create a new Domain
holdout1,twilio,/2010-04-01/Accounts/{AccountSid}/SIP/Domains/{Sid}.json,POST,UpdateSipDomain,Update the attributes of a domain,Update the attributes of a domain
holdout1,twilio,/2010-04-01/Accounts/{AccountSid}/SIP/Domains/{Sid}.json,DELETE,DeleteSipDomain,Delete an instance of a Domain,Delete an instance of a Domain
holdout1,twilio,/2010-04-01/Accounts/{AccountSid}/SIP/IpAccessControlLists.json,POST,CreateSipIpAccessControlList,Create a new IpAccessControlList resource,Create a new IpAccessControlList resource
holdout1,twilio,/2010-04-01/Accounts/{AccountSid}/SIP/IpAccessControlLists/{Sid}.json,POST,UpdateSipIpAccessControlList,Rename an IpAccessControlList,Rename an IpAccessControlList
holdout1,twilio,/2010-04-01/Accounts/{AccountSid}/SIP/IpAccessControlLists/{Sid}.json,DELETE,DeleteSipIpAccessControlList,Delete an IpAccessControlList from the requested account,Delete an IpAccessControlList from the requested account
holdout1,twilio,/2010-04-01/Accounts/{AccountSid}/SIP/Domains/{DomainSid}/IpAccessControlListMappings/{Sid}.json,DELETE,DeleteSipIpAccessControlListMapping,Delete an IpAccessControlListMapping resource.,Delete an IpAccessControlListMapping resource.
holdout1,twilio,/2010-04-01/Accounts/{AccountSid}/SIP/Domains/{DomainSid}/IpAccessControlListMappings.json,POST,CreateSipIpAccessControlListMapping,Create a new IpAccessControlListMapping resource.,Create a new IpAccessControlListMapping resource.
holdout1,twilio,/2010-04-01/Accounts/{AccountSid}/SIP/IpAccessControlLists/{IpAccessControlListSid}/IpAddresses.json,POST,CreateSipIpAddress,Create a new IpAddress resource.,Create a new IpAddress resource.
holdout1,twilio,/2010-04-01/Accounts/{AccountSid}/SIP/IpAccessControlLists/{IpAccessControlListSid}/IpAddresses/{Sid}.json,POST,UpdateSipIpAddress,Update an IpAddress resource.,Update an IpAddress resource.
holdout1,twilio,/2010-04-01/Accounts/{AccountSid}/SIP/IpAccessControlLists/{IpAccessControlListSid}/IpAddresses/{Sid}.json,DELETE,DeleteSipIpAddress,Delete an IpAddress resource.,Delete an IpAddress resource.
holdout1,twilio,/2010-04-01/Accounts/{AccountSid}/Calls/{CallSid}/Siprec.json,POST,CreateSiprec,Create a Siprec,Create a Siprec
holdout1,twilio,/2010-04-01/Accounts/{AccountSid}/Calls/{CallSid}/Siprec/{Sid}.json,POST,UpdateSiprec,Stop a Siprec using either the SID of the Siprec resource or the `name` used when creating the resource,Stop a Siprec using either the SID of the Siprec resource or the `name` used when creating the resource
holdout1,twilio,/2010-04-01/Accounts/{AccountSid}/Calls/{CallSid}/Streams.json,POST,CreateStream,Create a Stream,Create a Stream
holdout1,twilio,/2010-04-01/Accounts/{AccountSid}/Calls/{CallSid}/Streams/{Sid}.json,POST,UpdateStream,Stop a Stream using either the SID of the Stream resource or the `name` used when creating the resource,Stop a Stream using either the SID of the Stream resource or the `name` used when creating the resource
holdout1,twilio,/2010-04-01/Accounts/{AccountSid}/Tokens.json,POST,CreateToken,Create a new token for ICE servers,Create a new token for ICE servers
holdout1,twilio,/2010-04-01/Accounts/{AccountSid}/Transcriptions/{Sid}.json,DELETE,DeleteTranscription,Delete a transcription from the account used to make the request,Delete a transcription from the account used to make the request
holdout1,twilio,/2010-04-01/Accounts/{AccountSid}/Usage/Triggers/{Sid}.json,POST,UpdateUsageTrigger,Update an instance of a usage trigger,Update an instance of a usage trigger
holdout1,twilio,/2010-04-01/Accounts/{AccountSid}/Usage/Triggers/{Sid}.json,DELETE,DeleteUsageTrigger,,
holdout1,twilio,/2010-04-01/Accounts/{AccountSid}/Usage/Triggers.json,POST,CreateUsageTrigger,Create a new UsageTrigger,Create a new UsageTrigger
holdout1,twilio,/2010-04-01/Accounts/{AccountSid}/Calls/{CallSid}/UserDefinedMessages.json,POST,CreateUserDefinedMessage,Create a new User Defined Message for the given Call SID.,Create a new User Defined Message for the given Call SID.
holdout1,twilio,/2010-04-01/Accounts/{AccountSid}/Calls/{CallSid}/UserDefinedMessageSubscriptions.json,POST,CreateUserDefinedMessageSubscription,Subscribe to User Defined Messages for a given Call SID.,Subscribe to User Defined Messages for a given Call SID.
holdout1,twilio,/2010-04-01/Accounts/{AccountSid}/Calls/{CallSid}/UserDefinedMessageSubscriptions/{Sid}.json,DELETE,DeleteUserDefinedMessageSubscription,Delete a specific User Defined Message Subscription.,Delete a specific User Defined Message Subscription.
holdout1,stripe,/v1/accounts/{account},DELETE,DeleteAccountsAccount,Delete an account,"With Connect , you can delete accounts you manage. Test-mode accounts can be deleted at any time. Live-mode accounts that have access to the standard dashboard and Stripe is responsible for negative account balances cannot be deleted, which includes Standard accounts. All other Live-mode accounts, can be deleted when all balances are zero. If you want to delete your own account, use the account information tab in your account settings instead."
holdout1,stripe,/v1/accounts/{account}/bank_accounts/{id},DELETE,DeleteAccountsAccountBankAccountsId,Delete an external account,Delete a specified external account for a given account.
holdout1,stripe,/v1/accounts/{account}/external_accounts/{id},DELETE,DeleteAccountsAccountExternalAccountsId,Delete an external account,Delete a specified external account for a given account.
holdout1,stripe,/v1/accounts/{account}/people/{person},DELETE,DeleteAccountsAccountPeoplePerson,Delete a person,"Deletes an existing person’s relationship to the account’s legal entity. Any person with a relationship for an account can be deleted through the API, except if the person is the representative . If your integration is using the executive parameter, you cannot delete the only verified executive on file."
holdout1,stripe,/v1/accounts/{account}/persons/{person},DELETE,DeleteAccountsAccountPersonsPerson,Delete a person,"Deletes an existing person’s relationship to the account’s legal entity. Any person with a relationship for an account can be deleted through the API, except if the person is the representative . If your integration is using the executive parameter, you cannot delete the only verified executive on file."
holdout1,stripe,/v1/apple_pay/domains/{domain},DELETE,DeleteApplePayDomainsDomain,,Delete an apple pay domain.
holdout1,stripe,/v1/coupons/{coupon},DELETE,DeleteCouponsCoupon,Delete a coupon,"You can delete coupons via the coupon management page of the Stripe dashboard. However, deleting a coupon does not affect any customers who have already applied the coupon; it means that new customers can’t redeem the coupon. You can also delete coupons via the API."
holdout1,stripe,/v1/customers/{customer},DELETE,DeleteCustomersCustomer,Delete a customer,Permanently deletes a customer. It cannot be undone. Also immediately cancels any active subscriptions on the customer.
holdout1,stripe,/v1/customers/{customer}/bank_accounts/{id},DELETE,DeleteCustomersCustomerBankAccountsId,Delete a customer source,Delete a specified source for a given customer.
holdout1,stripe,/v1/customers/{customer}/cards/{id},DELETE,DeleteCustomersCustomerCardsId,Delete a customer source,Delete a specified source for a given customer.
holdout1,stripe,/v1/customers/{customer}/discount,DELETE,DeleteCustomersCustomerDiscount,Delete a customer discount,Removes the currently applied discount on a customer.
holdout1,stripe,/v1/customers/{customer}/sources/{id},DELETE,DeleteCustomersCustomerSourcesId,Delete a customer source,Delete a specified source for a given customer.
holdout1,stripe,/v1/customers/{customer}/subscriptions/{subscription_exposed_id},DELETE,DeleteCustomersCustomerSubscriptionsSubscriptionExposedId,Cancel a subscription,"Cancels a customer’s subscription. If you set the at_period_end parameter to true , the subscription will remain active until the end of the period, at which point it will be canceled and not renewed. Otherwise, with the default false value, the subscription is terminated immediately. In either case, the customer will not be charged again for the subscription. Note, however, that any pending invoice items that you’ve created will still be charged for at the end of the period, unless manually deleted . If you’ve set the subscription to cancel at the end of the period, any pending prorations wil"
holdout1,stripe,/v1/customers/{customer}/subscriptions/{subscription_exposed_id}/discount,DELETE,DeleteCustomersCustomerSubscriptionsSubscriptionExposedIdDiscount,Delete a customer discount,Removes the currently applied discount on a customer.
holdout1,stripe,/v1/customers/{customer}/tax_ids/{id},DELETE,DeleteCustomersCustomerTaxIdsId,Delete a Customer tax ID,Deletes an existing tax_id object.
holdout1,stripe,/v1/ephemeral_keys/{key},DELETE,DeleteEphemeralKeysKey,Immediately invalidate an ephemeral key,Invalidates a short-lived API key for a given resource.
holdout1,stripe,/v1/invoiceitems/{invoiceitem},DELETE,DeleteInvoiceitemsInvoiceitem,Delete an invoice item,"Deletes an invoice item, removing it from an invoice. Deleting invoice items is only possible when they’re not attached to invoices, or if it’s attached to a draft invoice."
holdout1,stripe,/v1/invoices/{invoice},DELETE,DeleteInvoicesInvoice,Delete a draft invoice,"Permanently deletes a one-off invoice draft. This cannot be undone. Attempts to delete invoices that are no longer in a draft state will fail; once an invoice has been finalized or if an invoice is for a subscription, it must be voided ."
holdout1,stripe,/v1/plans/{plan},DELETE,DeletePlansPlan,Delete a plan,Deleting plans means new subscribers can’t be added. Existing subscribers aren’t affected.
holdout1,stripe,/v1/products/{id},DELETE,DeleteProductsId,Delete a product,"Delete a product. Deleting a product is only possible if it has no prices associated with it. Additionally, deleting a product with type=good is only possible if it has no SKUs associated with it."
holdout1,stripe,/v1/products/{product}/features/{id},DELETE,DeleteProductsProductFeaturesId,Remove a feature from a product,Deletes the feature attachment to a product
holdout1,stripe,/v1/radar/value_list_items/{item},DELETE,DeleteRadarValueListItemsItem,Delete a value list item,"Deletes a ValueListItem object, removing it from its parent value list."
holdout1,stripe,/v1/radar/value_lists/{value_list},DELETE,DeleteRadarValueListsValueList,Delete a value list,"Deletes a ValueList object, also deleting any items contained within the value list. To be deleted, a value list must not be referenced in any rules."
holdout1,stripe,/v1/subscription_items/{item},DELETE,DeleteSubscriptionItemsItem,Delete a subscription item,Deletes an item from the subscription. Removing a subscription item from a subscription will not cancel the subscription.
holdout1,stripe,/v1/subscriptions/{subscription_exposed_id},DELETE,DeleteSubscriptionsSubscriptionExposedId,Cancel a subscription,"Cancels a customer’s subscription immediately. The customer won’t be charged again for the subscription. After it’s canceled, the subscription is largely immutable. You can still update its metadata and cancellation_details . Any pending invoice items that you’ve created are still charged at the end of the period, unless manually deleted . If you’ve set the subscription to cancel at the end of the period, any pending prorations are also left in place and collected at the end of the period. But if the subscription is set to cancel immediately, pending prorations are removed if invoice_now and p"
holdout1,stripe,/v1/subscriptions/{subscription_exposed_id}/discount,DELETE,DeleteSubscriptionsSubscriptionExposedIdDiscount,Delete a subscription discount,Removes the currently applied discount on a subscription.
holdout1,stripe,/v1/tax_ids/{id},DELETE,DeleteTaxIdsId,Delete a tax ID,Deletes an existing account or customer tax_id object.
holdout1,stripe,/v1/terminal/configurations/{configuration},DELETE,DeleteTerminalConfigurationsConfiguration,Delete a Configuration,Deletes a Configuration object.
holdout1,stripe,/v1/terminal/locations/{location},DELETE,DeleteTerminalLocationsLocation,Delete a Location,Deletes a Location object.
holdout1,stripe,/v1/terminal/readers/{reader},DELETE,DeleteTerminalReadersReader,Delete a Reader,Deletes a Reader object.
holdout1,stripe,/v1/test_helpers/test_clocks/{test_clock},DELETE,DeleteTestHelpersTestClocksTestClock,Delete a test clock,Deletes a test clock.
holdout1,stripe,/v1/webhook_endpoints/{webhook_endpoint},DELETE,DeleteWebhookEndpointsWebhookEndpoint,Delete a webhook endpoint,You can also delete webhook endpoints via the webhook endpoint management page of the Stripe dashboard.
holdout1,github,/app/installations/{installation_id},DELETE,apps/delete-installation,Delete an installation for the authenticated app,"Uninstalls a GitHub App on a user, organization, or enterprise account. If you prefer to temporarily suspend an app's access to your account's resources, then we recommend the ""[Suspend an app installation](https://docs.github.com/rest/apps/apps#suspend-an-app-installation)"" endpoint. You must use a [JWT](https://docs.github.com/apps/building-github-apps/authenticating-with-github-apps/#authenticating-as-a-github-app) to access this endpoint."
holdout1,github,/applications/{client_id}/token,DELETE,apps/delete-token,Delete an app token,OAuth or GitHub application owners can revoke a single token for an OAuth application or a GitHub application with an OAuth authorization.
holdout1,github,/enterprises/{enterprise}/code-security/configurations/{configuration_id},DELETE,code-security/delete-configuration-for-enterprise,Delete a code security configuration for an enterprise,Deletes a code security configuration from an enterprise. Repositories attached to the configuration will retain their settings but will no longer be associated with the configuration. The authenticated user must be an administrator for the enterprise to use this endpoint. OAuth app tokens and personal access tokens (classic) need the `admin:enterprise` scope to use this endpoint.
holdout1,github,/enterprises/{enterprise}/dependabot/repository-access/default-level,PUT,dependabot/set-repository-access-default-level-for-enterprise,Set the default repository access level for Dependabot in an enterprise,"Sets the default level of repository access Dependabot will have while performing an update across organizations in the enterprise. Available values are: - 'public' - Dependabot will only have access to public repositories, unless access is explicitly granted to non-public repositories. - 'internal' - Dependabot will only have access to public and internal repositories, unless access is explicitly granted to private repositories. The authenticated user must be an enterprise owner to use this endpoint."
holdout1,github,/enterprises/{enterprise}/teams/{enterprise-team}/organizations/{org},PUT,enterprise-team-organizations/add,Add an organization assignment,Assign an enterprise team to an organization.
holdout1,github,/gists/{gist_id}/star,DELETE,gists/unstar,Unstar a gist,
holdout1,github,/notifications/threads/{thread_id},DELETE,activity/mark-thread-as-done,Mark a thread as done,"Marks a thread as ""done."" Marking a thread as ""done"" is equivalent to marking a notification in your notification inbox on GitHub as done: https://github.com/notifications."
holdout1,github,/organizations/{org}/actions/cache/storage-limit,PUT,actions/set-actions-cache-storage-limit-for-organization,Set GitHub Actions cache storage limit for an organization,Sets GitHub Actions cache storage limit for an organization. All organizations and repositories under this organization may not set a higher cache storage limit. OAuth tokens and personal access tokens (classic) need the `admin:organization` scope to use this endpoint.
holdout1,github,/orgs/{org}/actions/hosted-runners/images/custom/{image_definition_id}/versions/{version},DELETE,actions/delete-custom-image-version-from-org,Delete an image version of custom image from the organization,Delete an image version of custom image from the organization. OAuth tokens and personal access tokens (classic) need the `manage_runners:org` scope to use this endpoint.
holdout1,github,/orgs/{org}/actions/permissions,PUT,actions/set-github-actions-permissions-organization,Set GitHub Actions permissions for an organization,Sets the GitHub Actions permissions policy for repositories and allowed actions and reusable workflows in an organization. OAuth app tokens and personal access tokens (classic) need the `admin:org` scope to use this endpoint.
holdout1,github,/orgs/{org}/actions/permissions/repositories,PUT,actions/set-selected-repositories-enabled-github-actions-organization,Set selected repositories enabled for GitHub Actions in an organization,"Replaces the list of selected repositories that are enabled for GitHub Actions in an organization. To use this endpoint, the organization permission policy for `enabled_repositories` must be configured to `selected`. For more information, see ""[Set GitHub Actions permissions for an organization](#set-github-actions-permissions-for-an-organization)."" OAuth app tokens and personal access tokens (classic) need the `admin:org` scope to use this endpoint."
holdout1,github,/orgs/{org}/actions/permissions/self-hosted-runners,PUT,actions/set-self-hosted-runners-permissions-organization,Set self-hosted runners settings for an organization,"Sets the settings for self-hosted runners for an organization. OAuth app tokens and personal access tokens (classic) need the `admin:org` scope or the ""Actions policies"" fine-grained permission to use this endpoint."
holdout1,github,/orgs/{org}/actions/permissions/workflow,PUT,actions/set-github-actions-default-workflow-permissions-organization,Set default workflow permissions for an organization,"Sets the default workflow permissions granted to the `GITHUB_TOKEN` when running workflows in an organization, and sets if GitHub Actions can submit approving pull request reviews. For more information, see ""[Setting the permissions of the GITHUB_TOKEN for your organization](https://docs.github.com/organizations/managing-organization-settings/disabling-or-limiting-github-actions-for-your-organization#setting-the-permissions-of-the-github_token-for-your-organization)."" OAuth app tokens and personal access tokens (classic) need the `admin:org` scope to use this endpoint."
holdout1,github,/orgs/{org}/actions/runner-groups/{runner_group_id}/repositories/{repository_id},PUT,actions/add-repo-access-to-self-hosted-runner-group-in-org,Add repository access to a self-hosted runner group in an organization,"Adds a repository to the list of repositories that can access a self-hosted runner group. The runner group must have `visibility` set to `selected`. For more information, see ""[Create a self-hosted runner group for an organization](#create-a-self-hosted-runner-group-for-an-organization)."" OAuth tokens and personal access tokens (classic) need the `admin:org` scope to use this endpoint."
holdout1,github,/orgs/{org}/actions/runners/{runner_id},DELETE,actions/delete-self-hosted-runner-from-org,Delete a self-hosted runner from an organization,"Forces the removal of a self-hosted runner from an organization. You can use this endpoint to completely remove the runner when the machine you were using no longer exists. Authenticated users must have admin access to the organization to use this endpoint. OAuth tokens and personal access tokens (classic) need the`admin:org` scope to use this endpoint. If the repository is private, OAuth tokens and personal access tokens (classic) need the `repo` scope to use this endpoint."
holdout1,github,/orgs/{org}/actions/secrets/{secret_name},DELETE,actions/delete-org-secret,Delete an organization secret,"Deletes a secret in an organization using the secret name. Authenticated users must have collaborator access to a repository to create, update, or read secrets. OAuth tokens and personal access tokens (classic) need the`admin:org` scope to use this endpoint. If the repository is private, OAuth tokens and personal access tokens (classic) need the `repo` scope to use this endpoint."
holdout1,github,/orgs/{org}/actions/secrets/{secret_name}/repositories/{repository_id},PUT,actions/add-selected-repo-to-org-secret,Add selected repository to an organization secret,"Adds a repository to an organization secret when the `visibility` for repository access is set to `selected`. For more information about setting the visibility, see [Create or update an organization secret](https://docs.github.com/rest/actions/secrets#create-or-update-an-organization-secret). Authenticated users must have collaborator access to a repository to create, update, or read secrets. OAuth tokens and personal access tokens (classic) need the `admin:org` scope to use this endpoint. If the repository is private, OAuth tokens and personal access tokens (classic) need the `repo` scope to "
holdout1,github,/orgs/{org}/actions/variables/{name}/repositories/{repository_id},PUT,actions/add-selected-repo-to-org-variable,Add selected repository to an organization variable,"Adds a repository to an organization variable that is available to selected repositories. Organization variables that are available to selected repositories have their `visibility` field set to `selected`. Authenticated users must have collaborator access to a repository to create, update, or read secrets. OAuth tokens and personal access tokens (classic) need the `admin:org` scope to use this endpoint. If the repository is private, OAuth tokens and personal access tokens (classic) need the `repo` scope to use this endpoint."
holdout1,github,/orgs/{org}/agents/secrets/{secret_name}/repositories/{repository_id},DELETE,agents/remove-selected-repo-from-org-secret,Remove selected repository from an organization secret,"Removes a repository from an organization secret when the `visibility` for repository access is set to `selected`. The visibility is set when you [Create or update an organization secret](https://docs.github.com/rest/agents/secrets#create-or-update-an-organization-secret). Authenticated users must have collaborator access to a repository to create, update, or read secrets. OAuth app tokens and personal access tokens (classic) need the `admin:org` scope to use this endpoint. If the repository is private, the `repo` scope is also required."
holdout1,github,/orgs/{org}/agents/variables/{name}/repositories/{repository_id},DELETE,agents/remove-selected-repo-from-org-variable,Remove selected repository from an organization variable,"Removes a repository from an organization agent variable that is available to selected repositories. Organization variables that are available to selected repositories have their `visibility` field set to `selected`. Authenticated users must have collaborator access to a repository to create, update, or read variables. OAuth app tokens and personal access tokens (classic) need the `admin:org` scope to use this endpoint. If the repository is private, the `repo` scope is also required."
holdout1,github,/orgs/{org}/blocks/{username},DELETE,orgs/unblock-user,Unblock a user from an organization,Unblocks the given user on behalf of the specified organization.
holdout1,github,/orgs/{org}/code-security/configurations/{configuration_id},DELETE,code-security/delete-configuration,Delete a code security configuration,Deletes the desired code security configuration from an organization. Repositories attached to the configuration will retain their settings but will no longer be associated with the configuration. The authenticated user must be an administrator or security manager for the organization to use this endpoint. OAuth app tokens and personal access tokens (classic) need the `write:org` scope to use this endpoint.
holdout1,github,/orgs/{org}/codespaces/secrets/{secret_name},DELETE,codespaces/delete-org-secret,Delete an organization secret,Deletes an organization development environment secret using the secret name. OAuth app tokens and personal access tokens (classic) need the `admin:org` scope to use this endpoint.
holdout1,github,/orgs/{org}/codespaces/secrets/{secret_name}/repositories/{repository_id},PUT,codespaces/add-selected-repo-to-org-secret,Add selected repository to an organization secret,Adds a repository to an organization development environment secret when the `visibility` for repository access is set to `selected`. The visibility is set when you [Create or update an organization secret](https://docs.github.com/rest/codespaces/organization-secrets#create-or-update-an-organization-secret). OAuth app tokens and personal access tokens (classic) need the `admin:org` scope to use this endpoint.
holdout1,github,/orgs/{org}/copilot-spaces/{space_number}/collaborators/{actor_type}/{actor_identifier},PUT,copilot-spaces/update-collaborator-for-org,Set a collaborator role for an organization Copilot Space,Updates the role of a collaborator for a specific Copilot Space owned by an organization. The authenticated user must have appropriate permissions to manage collaborators. OAuth app tokens and personal access tokens (classic) need the `write:org` scope to use this endpoint. Fine-grained tokens and GitHub App user access tokens must have been granted access to the organization that owns the space. They must also have been granted access to every repository referenced by resources in the space.
holdout1,github,/orgs/{org}/copilot/billing/selected_users,DELETE,copilot/cancel-copilot-seat-assignment-for-users,Remove users from the Copilot subscription for an organization,"> [!NOTE] > This endpoint is in public preview and is subject to change. Sets seats for all users specified to ""pending cancellation"". This will cause the specified users to lose access to GitHub Copilot at the end of the current billing cycle unless they retain access through team membership. For more information about disabling access to Copilot, see ""[Revoking access to Copilot for members of your organization](https://docs.github.com/copilot/managing-copilot/managing-github-copilot-in-your-organization/managing-access-to-github-copilot-in-your-organization/revoking-access-to-copilot-for-me"
holdout1,github,/orgs/{org}/copilot/coding-agent/permissions/repositories/{repository_id},PUT,copilot/enable-copilot-coding-agent-for-repository-in-organization,Enable a repository for Copilot cloud agent in an organization,> [!NOTE] > This endpoint is in public preview and is subject to change. Adds a repository to the list of selected repositories enabled for Copilot cloud agent in an organization. This method can only be called when the cloud agent repository policy is set to `selected`. OAuth app tokens and personal access tokens (classic) need the `admin:org` scope to use this endpoint.
holdout1,github,/orgs/{org}/dependabot/secrets/{secret_name},PUT,dependabot/create-or-update-org-secret,Create or update an organization secret,"Creates or updates an organization secret with an encrypted value. Encrypt your secret using [LibSodium](https://libsodium.gitbook.io/doc/bindings_for_other_languages). For more information, see ""[Encrypting secrets for the REST API](https://docs.github.com/rest/guides/encrypting-secrets-for-the-rest-api)."" OAuth app tokens and personal access tokens (classic) need the `admin:org` scope to use this endpoint."
holdout1,github,/orgs/{org}/hooks/{hook_id},DELETE,orgs/delete-webhook,Delete an organization webhook,"Delete a webhook for an organization. The authenticated user must be an organization owner to use this endpoint. OAuth app tokens and personal access tokens (classic) need `admin:org_hook` scope. OAuth apps cannot list, view, or edit webhooks that they did not create and users cannot list, view, or edit webhooks that were created by OAuth apps."
holdout1,github,/orgs/{org}/issue-fields/{issue_field_id},DELETE,orgs/delete-issue-field,Delete issue field for an organization,"Deletes an issue field for an organization. You can find out more about issue fields in [Managing issue fields in an organization](https://docs.github.com/issues/tracking-your-work-with-issues/using-issues/managing-issue-fields-in-an-organization). To use this endpoint, the authenticated user must be an administrator for the organization. OAuth app tokens and personal access tokens (classic) need the `admin:org` scope to use this endpoint."
holdout1,github,/orgs/{org}/members/{username}/codespaces/{codespace_name},DELETE,codespaces/delete-from-organization,Delete a codespace from the organization,Deletes a user's codespace. OAuth app tokens and personal access tokens (classic) need the `admin:org` scope to use this endpoint.
holdout1,github,/orgs/{org}/migrations/{migration_id}/repos/{repo_name}/lock,DELETE,migrations/unlock-repo-for-org,Unlock an organization repository,Unlocks a repository that was locked for migration. You should unlock each migrated repository and [delete them](https://docs.github.com/rest/repos/repos#delete-a-repository) when the migration is complete and you no longer need the source data.
holdout1,github,/orgs/{org}/organization-roles/users/{username},DELETE,orgs/revoke-all-org-roles-user,Remove all organization roles for a user,"Revokes all assigned organization roles from a user. For more information on organization roles, see ""[Using organization roles](https://docs.github.com/organizations/managing-peoples-access-to-your-organization-with-roles/using-organization-roles)."" The authenticated user must be an administrator for the organization to use this endpoint. OAuth app tokens and personal access tokens (classic) need the `admin:org` scope to use this endpoint."
holdout1,github,/orgs/{org}/outside_collaborators/{username},PUT,orgs/convert-member-to-outside-collaborator,Convert an organization member to outside collaborator,"When an organization member is converted to an outside collaborator, they'll only have access to the repositories that their current team membership allows. The user will no longer be a member of the organization. For more information, see ""[Converting an organization member to an outside collaborator](https://docs.github.com/articles/converting-an-organization-member-to-an-outside-collaborator/)"". Converting an organization member to an outside collaborator may be restricted by enterprise administrators. For more information, see ""[Enforcing repository management policies in your enterprise]("
holdout1,github,/orgs/{org}/projectsV2/{project_number}/items/{item_id},DELETE,projects/delete-item-for-org,Delete project item for organization,Delete a specific item from an organization-owned project.
holdout1,github,/orgs/{org}/public_members/{username},PUT,orgs/set-public-membership-for-authenticated-user,Set public organization membership for the authenticated user,"The user can publicize their own membership. (A user cannot publicize the membership for another user.) Note that you'll need to set `Content-Length` to zero when calling out to this endpoint. For more information, see ""[HTTP method](https://docs.github.com/rest/guides/getting-started-with-the-rest-api#http-method)."""
holdout1,github,/orgs/{org}/security-managers/teams/{team_slug},DELETE,orgs/remove-security-manager-team,Remove a security manager team,"> [!WARNING] > **Closing down notice:** This operation is closing down and will be removed starting January 1, 2026. Please use the ""[Organization Roles](https://docs.github.com/rest/orgs/organization-roles)"" endpoints instead."
holdout1,github,/orgs/{org}/settings/immutable-releases/repositories/{repository_id},DELETE,orgs/disable-selected-repository-immutable-releases-organization,Disable a selected repository for immutable releases in an organization,"Removes a repository from the list of selected repositories that are enforced for immutable releases in an organization. To use this endpoint, the organization immutable releases policy for `enforced_repositories` must be configured to `selected`. OAuth tokens and personal access tokens (classic) need the `admin:org` scope to use this endpoint."
holdout1,github,/orgs/{org}/teams/{team_slug}/memberships/{username},DELETE,teams/remove-membership-for-user-in-org,Remove team membership for a user,"To remove a membership between a user and a team, the authenticated user must have 'admin' permissions to the team or be an owner of the organization that the team is associated with. Removing team membership does not delete the user, it just removes their membership from the team. Team synchronization is available for organizations using GitHub Enterprise Cloud. For more information, see [GitHub's products](https://docs.github.com/github/getting-started-with-github/githubs-products) in the GitHub Help documentation. > [!NOTE] > When you have team synchronization set up for a team with your or"
holdout1,github,/repos/{owner}/{repo},DELETE,repos/delete,Delete a repository,"Deleting a repository requires admin access. If an organization owner has configured the organization to prevent members from deleting organization-owned repositories, you will get a `403 Forbidden` response. OAuth app tokens and personal access tokens (classic) need the `delete_repo` scope to use this endpoint."
holdout1,github,/repos/{owner}/{repo}/actions/caches,DELETE,actions/delete-actions-cache-by-key,Delete GitHub Actions caches for a repository (using a cache key),"Deletes one or more GitHub Actions caches for a repository, using a complete cache key. By default, all caches that match the provided key are deleted, but you can optionally provide a Git ref to restrict deletions to caches that match both the provided key and the Git ref. OAuth tokens and personal access tokens (classic) need the `repo` scope to use this endpoint."
holdout1,github,/repos/{owner}/{repo}/actions/permissions/access,PUT,actions/set-workflow-access-to-repository,Set the level of access for workflows outside of the repository,"Sets the level of access that workflows outside of the repository have to actions and reusable workflows in the repository. This endpoint only applies to private repositories. For more information, see ""[Allowing access to components in a private repository](https://docs.github.com/repositories/managing-your-repositorys-settings-and-features/enabling-features-for-your-repository/managing-github-actions-settings-for-a-repository#allowing-access-to-components-in-a-private-repository)"". OAuth app tokens and personal access tokens (classic) need the `repo` scope to use this endpoint."
holdout1,github,/repos/{owner}/{repo}/actions/permissions/selected-actions,PUT,actions/set-allowed-actions-repository,Set allowed actions and reusable workflows for a repository,"Sets the actions and reusable workflows that are allowed in a repository. To use this endpoint, the repository permission policy for `allowed_actions` must be configured to `selected`. For more information, see ""[Set GitHub Actions permissions for a repository](#set-github-actions-permissions-for-a-repository)."" OAuth app tokens and personal access tokens (classic) need the `repo` scope to use this endpoint."
holdout1,github,/repos/{owner}/{repo}/actions/runners/{runner_id}/labels,PUT,actions/set-custom-labels-for-self-hosted-runner-for-repo,Set custom labels for a self-hosted runner for a repository,Remove all previous custom labels and set the new custom labels for a specific self-hosted runner configured in a repository. Authenticated users must have admin access to the repository to use this endpoint. OAuth app tokens and personal access tokens (classic) need the `repo` scope to use this endpoint.
holdout1,github,/repos/{owner}/{repo}/actions/secrets/{secret_name},DELETE,actions/delete-repo-secret,Delete a repository secret,"Deletes a secret in a repository using the secret name. Authenticated users must have collaborator access to a repository to create, update, or read secrets. OAuth tokens and personal access tokens (classic) need the `repo` scope to use this endpoint."
holdout1,github,/repos/{owner}/{repo}/actions/workflows/{workflow_id}/enable,PUT,actions/enable-workflow,Enable a workflow,"Enables a workflow and sets the `state` of the workflow to `active`. You can replace `workflow_id` with the workflow file name. For example, you could use `main.yaml`. OAuth tokens and personal access tokens (classic) need the `repo` scope to use this endpoint."
holdout1,github,/repos/{owner}/{repo}/autolinks/{autolink_id},DELETE,repos/delete-autolink,Delete an autolink reference from a repository,This deletes a single autolink reference by ID that was configured for the given repository. Information about autolinks are only available to repository administrators.
holdout1,github,/repos/{owner}/{repo}/branches/{branch}/protection,PUT,repos/update-branch-protection,Update branch protection,"Protected branches are available in public repositories with GitHub Free and GitHub Free for organizations, and in public and private repositories with GitHub Pro, GitHub Team, GitHub Enterprise Cloud, and GitHub Enterprise Server. For more information, see [GitHub's products](https://docs.github.com/github/getting-started-with-github/githubs-products) in the GitHub Help documentation. Protecting a branch requires admin or owner permissions to the repository. > [!NOTE] > Passing new arrays of `users` and `teams` replaces their previous values. > [!NOTE] > The list of users, apps, and teams in "
holdout1,github,/repos/{owner}/{repo}/branches/{branch}/protection/required_status_checks,DELETE,repos/remove-status-check-protection,Remove status check protection,"Protected branches are available in public repositories with GitHub Free and GitHub Free for organizations, and in public and private repositories with GitHub Pro, GitHub Team, GitHub Enterprise Cloud, and GitHub Enterprise Server. For more information, see [GitHub's products](https://docs.github.com/github/getting-started-with-github/githubs-products) in the GitHub Help documentation."
holdout1,github,/repos/{owner}/{repo}/branches/{branch}/protection/restrictions/apps,DELETE,repos/remove-app-access-restrictions,Remove app access restrictions,"Protected branches are available in public repositories with GitHub Free and GitHub Free for organizations, and in public and private repositories with GitHub Pro, GitHub Team, GitHub Enterprise Cloud, and GitHub Enterprise Server. For more information, see [GitHub's products](https://docs.github.com/github/getting-started-with-github/githubs-products) in the GitHub Help documentation. Removes the ability of an app to push to this branch. Only GitHub Apps that are installed on the repository and that have been granted write access to the repository contents can be added as authorized actors on"
holdout1,github,/repos/{owner}/{repo}/branches/{branch}/protection/restrictions/users,DELETE,repos/remove-user-access-restrictions,Remove user access restrictions,"Protected branches are available in public repositories with GitHub Free and GitHub Free for organizations, and in public and private repositories with GitHub Pro, GitHub Team, GitHub Enterprise Cloud, and GitHub Enterprise Server. For more information, see [GitHub's products](https://docs.github.com/github/getting-started-with-github/githubs-products) in the GitHub Help documentation. Removes the ability of a user to push to this branch. | Type | Description | | ------- | --------------------------------------------------------------------------------------------------------------------------"
holdout1,github,/repos/{owner}/{repo}/codespaces/secrets/{secret_name},DELETE,codespaces/delete-repo-secret,Delete a repository secret,Deletes a development environment secret in a repository using the secret name. OAuth app tokens and personal access tokens (classic) need the `repo` scope to use this endpoint. The associated user must be a repository admin.
holdout1,github,/repos/{owner}/{repo}/comments/{comment_id},DELETE,repos/delete-commit-comment,Delete a commit comment,
holdout1,github,/repos/{owner}/{repo}/dependabot/secrets/{secret_name},DELETE,dependabot/delete-repo-secret,Delete a repository secret,Deletes a secret in a repository using the secret name. OAuth app tokens and personal access tokens (classic) need the `repo` scope to use this endpoint.
holdout1,github,/repos/{owner}/{repo}/environments/{environment_name},PUT,repos/create-or-update-environment,Create or update an environment,"Create or update an environment with protection rules, such as required reviewers. For more information about environment protection rules, see ""[Environments](/actions/reference/environments#environment-protection-rules)."" > [!NOTE] > To create or update name patterns that branches must match in order to deploy to this environment, see ""[Deployment branch policies](/rest/deployments/branch-policies)."" > [!NOTE] > To create or update secrets for an environment, see ""[GitHub Actions secrets](/rest/actions/secrets)."" OAuth app tokens and personal access tokens (classic) need the `repo` scope to "
holdout1,github,/repos/{owner}/{repo}/environments/{environment_name}/secrets/{secret_name},DELETE,actions/delete-environment-secret,Delete an environment secret,"Deletes a secret in an environment using the secret name. Authenticated users must have collaborator access to a repository to create, update, or read secrets. OAuth tokens and personal access tokens (classic) need the `repo` scope to use this endpoint."
holdout1,github,/repos/{owner}/{repo}/hooks/{hook_id},DELETE,repos/delete-webhook,Delete a repository webhook,"Delete a webhook for an organization. The authenticated user must be a repository owner, or have admin access in the repository, to delete the webhook."
holdout1,github,/repos/{owner}/{repo}/import,PUT,migrations/start-import,Start an import,"Start a source import to a GitHub repository using GitHub Importer. Importing into a GitHub repository with GitHub Actions enabled is not supported and will return a status `422 Unprocessable Entity` response. > [!WARNING] > **Endpoint closing down notice:** Due to very low levels of usage and available alternatives, this endpoint is closing down and will no longer be available from 00:00 UTC on April 12, 2024. For more details and alternatives, see the [changelog](https://gh.io/source-imports-api-deprecation)."
holdout1,github,/repos/{owner}/{repo}/interaction-limits/pulls/bypass-list,PUT,interactions/set-pull-request-bypass-list-for-repo,Add users to the pull request creation cap bypass list for a repository,Adds users to the pull request creation cap bypass list for a repository. Users on this list can create pull requests regardless of any configured pull request creation cap. Only users with maintainer permissions can modify the bypass list. You can add a maximum of 100 users per request. The bypass list can only hold a maximum of 100 users.
holdout1,github,/repos/{owner}/{repo}/issues/comments/{comment_id}/pin,PUT,issues/pin-comment,Pin an issue comment,"You can use the REST API to pin comments on issues. This endpoint supports the following custom media types. For more information, see ""[Media types](https://docs.github.com/rest/using-the-rest-api/getting-started-with-the-rest-api#media-types)."" - **`application/vnd.github.raw+json`**: Returns the raw markdown body. Response will include `body`. This is the default if you do not pass any specific media type. - **`application/vnd.github.text+json`**: Returns a text only representation of the markdown body. Response will include `body_text`. - **`application/vnd.github.html+json`**: Returns HTM"
holdout1,github,/repos/{owner}/{repo}/issues/{issue_number}/issue-field-values,PUT,issues/set-issue-field-values,Set issue field values for an issue,"Set custom field values for an issue, replacing any existing values. You can set values for organization-level issue fields that have been defined for the repository's organization. This endpoint supports the following field data types: - **`text`**: String values for text fields - **`single_select`**: Option names for single-select fields (must match an existing option name) - **`number`**: Numeric values for number fields - **`date`**: ISO 8601 date strings for date fields This operation will replace all existing field values with the provided ones. If you want to add field values without re"
holdout1,github,/repos/{owner}/{repo}/issues/{issue_number}/labels/{name},DELETE,issues/remove-label,Remove a label from an issue,"Removes the specified label from the issue, and returns the remaining labels on the issue. This endpoint returns a `404 Not Found` status if the label does not exist."
holdout1,github,/repos/{owner}/{repo}/issues/{issue_number}/sub_issue,DELETE,issues/remove-sub-issue,Remove sub-issue,"You can use the REST API to remove a sub-issue from an issue. Removing content too quickly using this endpoint may result in secondary rate limiting. For more information, see ""[Rate limits for the API](https://docs.github.com/rest/using-the-rest-api/rate-limits-for-the-rest-api#about-secondary-rate-limits)"" and ""[Best practices for using the REST API](https://docs.github.com/rest/guides/best-practices-for-using-the-rest-api)."" This endpoint supports the following custom media types. For more information, see ""[Media types](https://docs.github.com/rest/using-the-rest-api/getting-started-with-t"
holdout1,github,/repos/{owner}/{repo}/notifications,PUT,activity/mark-repo-notifications-as-read,Mark repository notifications as read,"Marks all notifications in a repository as ""read"" for the current user. If the number of notifications is too large to complete in one request, you will receive a `202 Accepted` status and GitHub will run an asynchronous process to mark notifications as ""read."" To check whether any ""unread"" notifications remain, you can use the [List repository notifications for the authenticated user](https://docs.github.com/rest/activity/notifications#list-repository-notifications-for-the-authenticated-user) endpoint and pass the query parameter `all=false`."
holdout1,github,/repos/{owner}/{repo}/private-vulnerability-reporting,PUT,repos/enable-private-vulnerability-reporting,Enable private vulnerability reporting for a repository,"Enables private vulnerability reporting for a repository. The authenticated user must have admin access to the repository. For more information, see ""[Privately reporting a security vulnerability](https://docs.github.com/code-security/security-advisories/guidance-on-reporting-and-writing/privately-reporting-a-security-vulnerability)."""
holdout1,github,/repos/{owner}/{repo}/pulls/{pull_number}/merge-async,PUT,pulls/merge-async,Merge a pull request asynchronously,"Merges a pull request into the base branch in the background. Merging in this way allows certain types of errors to be retried, and avoids the risk of timeouts for particularly complex merges. This is the required method for merging stacked PRs, but also supports unstacked PRs. When using this endpoint to merge a stacked pull request, all pull requests in the stack up to and including the requested PR will be merged into the base branch. The response includes a UUID that can be used to fetch the result of the merge. If another asynchronous merge request has already been made for this pull requ"
holdout1,github,/repos/{owner}/{repo}/pulls/{pull_number}/reviews/{review_id}/dismissals,PUT,pulls/dismiss-review,Dismiss a review for a pull request,"Dismisses a specified review on a pull request. > [!NOTE] > To dismiss a pull request review on a [protected branch](https://docs.github.com/rest/branches/branch-protection), you must be a repository administrator or be included in the list of people or teams who can dismiss pull request reviews. This endpoint supports the following custom media types. For more information, see ""[Media types](https://docs.github.com/rest/using-the-rest-api/getting-started-with-the-rest-api#media-types)."" - **`application/vnd.github-commitcomment.raw+json`**: Returns the raw markdown body. Response will include"
holdout1,github,/repos/{owner}/{repo}/releases/{release_id}/reactions/{reaction_id},DELETE,reactions/delete-for-release,Delete a release reaction,> [!NOTE] > You can also specify a repository by `repository_id` using the route `DELETE delete /repositories/:repository_id/releases/:release_id/reactions/:reaction_id`. Delete a reaction to a [release](https://docs.github.com/rest/releases/releases#get-a-release).
holdout1,github,/repos/{owner}/{repo}/subscription,DELETE,activity/delete-repo-subscription,Delete a repository subscription,"This endpoint should only be used to stop watching a repository. To control whether or not you wish to receive notifications from a repository, [set the repository's subscription manually](https://docs.github.com/rest/activity/watching#set-a-repository-subscription)."
holdout1,github,/repos/{owner}/{repo}/vulnerability-alerts,PUT,repos/enable-vulnerability-alerts,Enable vulnerability alerts,"Enables dependency alerts and the dependency graph for a repository. The authenticated user must have admin access to the repository. For more information, see ""[About security alerts for vulnerable dependencies](https://docs.github.com/articles/about-security-alerts-for-vulnerable-dependencies)""."
holdout1,github,/teams/{team_id}/memberships/{username},DELETE,teams/remove-membership-for-user-legacy,Remove team membership for a user (Legacy),"> [!WARNING] > **Endpoint closing down notice:** This endpoint route is closing down and will be removed from the Teams API. We recommend migrating your existing code to use the new [Remove team membership for a user](https://docs.github.com/rest/teams/members#remove-team-membership-for-a-user) endpoint. Team synchronization is available for organizations using GitHub Enterprise Cloud. For more information, see [GitHub's products](https://docs.github.com/github/getting-started-with-github/githubs-products) in the GitHub Help documentation. To remove a membership between a user and a team, the "
holdout1,github,/user/blocks/{username},DELETE,users/unblock,Unblock a user,Unblocks the given user and returns a 204.
holdout1,github,/user/codespaces/secrets/{secret_name}/repositories,PUT,codespaces/set-repositories-for-secret-for-authenticated-user,Set selected repositories for a user secret,Select the repositories that will use a user's development environment secret. The authenticated user must have Codespaces access to use this endpoint. OAuth app tokens and personal access tokens (classic) need the `codespace` or `codespace:secrets` scope to use this endpoint.
holdout1,github,/user/emails,DELETE,users/delete-email-for-authenticated-user,Delete an email address for the authenticated user,OAuth app tokens and personal access tokens (classic) need the `user` scope to use this endpoint.
holdout1,github,/user/installations/{installation_id}/repositories/{repository_id},DELETE,apps/remove-repo-from-installation-for-authenticated-user,Remove a repository from an app installation,Remove a single repository from an installation. The authenticated user must have admin access to the repository. The installation must have the `repository_selection` of `selected`. This endpoint only works for PATs (classic) with the `repo` scope.
holdout1,github,/user/keys/{key_id},DELETE,users/delete-public-ssh-key-for-authenticated-user,Delete a public SSH key for the authenticated user,Removes a public SSH key from the authenticated user's GitHub account. OAuth app tokens and personal access tokens (classic) need the `admin:public_key` scope to use this endpoint.
holdout1,github,/user/packages/{package_type}/{package_name}/versions/{package_version_id},DELETE,packages/delete-package-version-for-authenticated-user,Delete a package version for the authenticated user,"Deletes a specific package version for a package owned by the authenticated user. If the package is public and the package version has more than 5,000 downloads, you cannot delete the package version. In this scenario, contact GitHub support for further assistance. The authenticated user must have admin permissions in the organization to use this endpoint. OAuth app tokens and personal access tokens (classic) need the `read:packages` and `delete:packages` scopes to use this endpoint. For more information, see ""[About permissions for GitHub Packages](https://docs.github.com/packages/learn-githu"
holdout1,github,/user/starred/{owner}/{repo},DELETE,activity/unstar-repo-for-authenticated-user,Unstar a repository for the authenticated user,Unstar a repository that the authenticated user has previously starred.
holdout1,github,/users/{username}/copilot-spaces/{space_number},DELETE,copilot-spaces/delete-for-user,Delete a Copilot Space for a user,Deletes a Copilot Space owned by a user. The authenticated user must be the owner of the space. **Warning:** This action is permanent and cannot be undone. Deleting a space will remove all associated resources and configurations. OAuth app tokens and personal access tokens (classic) need the `user` scope to use this endpoint.
holdout1,github,/users/{username}/copilot-spaces/{space_number}/resources/{space_resource_id},DELETE,copilot-spaces/delete-resource-for-user,Delete a resource from a Copilot Space for a user,Deletes a resource from a specific Copilot Space owned by a user. The authenticated user must have write permissions on the space. OAuth app tokens and personal access tokens (classic) need the `write:user` scope to use this endpoint.
holdout1,github,/users/{username}/projectsV2/{project_number}/items/{item_id},DELETE,projects/delete-item-for-user,Delete project item for user,Delete a specific item from a user-owned project.
holdout2,box,/ai/ask,POST,post_ai_ask,Ask question,"Sends an AI request to supported LLMs and returns an answer specifically focused on the user's question given the provided context. You can ask a question about a single file, several files, or the entire contents of a Box Hub. To search across and ask questions about everything in a Box Hub, send a single item with `type` set to `hubs` and the Hub's ID as the `id`. Box AI answers the question using the indexed content of all files in that Hub. Asking questions about a Box Hub requires Box AI for Hubs to be enabled in the Admin Console before the Hub is created, so that its content is indexed."
holdout2,box,/ai/text_gen,POST,post_ai_text_gen,Generate text,Sends an AI request to supported Large Language Models (LLMs) and returns generated text based on the provided prompt.
holdout2,box,/ai_agents,POST,post_ai_agents,Create AI agent,"Creates an AI agent. At least one of the following capabilities must be provided: `ask`, `text_gen`, `extract`."
holdout2,box,/ai_agents/{agent_id},PUT,put_ai_agents_id,Update AI agent,Updates an AI agent.
holdout2,box,/collaboration_whitelist_entries,POST,post_collaboration_whitelist_entries,Add domain to list of allowed collaboration domains,Creates a new entry in the list of allowed domains to allow collaboration for.
holdout2,box,/collaboration_whitelist_exempt_targets,GET,get_collaboration_whitelist_exempt_targets,List users exempt from collaboration domain restrictions,Returns a list of users who have been exempt from the collaboration domain restrictions.
holdout2,box,/collaboration_whitelist_exempt_targets/{collaboration_whitelist_exempt_target_id},GET,get_collaboration_whitelist_exempt_targets_id,Get user exempt from collaboration domain restrictions,Returns a users who has been exempt from the collaboration domain restrictions.
holdout2,box,/collaborations/{collaboration_id},DELETE,delete_collaborations_id,Remove collaboration,Deletes a single collaboration.
holdout2,box,/collections,GET,get_collections,List all collections,"Retrieves all collections for a given user. Currently, only the `favorites` collection is supported."
holdout2,box,/comments,POST,post_comments,Create comment,"Adds a comment by the user to a specific file, or as a reply to an other comment."
holdout2,box,/comments/{comment_id},PUT,put_comments_id,Update comment,Update the message of a comment.
holdout2,box,/enterprises/{enterprise_id}/device_pinners,GET,get_enterprises_id_device_pinners,List enterprise device pins,"Retrieves all the device pins within an enterprise. The user must have admin privileges, and the application needs the ""manage enterprise"" scope to make this call."
holdout2,box,/file_requests/{file_request_id},GET,get_file_requests_id,Get file request,Retrieves the information about a file request.
holdout2,box,/file_version_legal_holds,GET,get_file_version_legal_holds,List file version legal holds,"Get a list of file versions on legal hold for a legal hold assignment. Due to ongoing re-architecture efforts this API might not return all file versions for this policy ID. Instead, this API will only return file versions held in the legacy architecture. Two new endpoints will available to request any file versions held in the new architecture. For file versions held in the new architecture, the `GET /legal_hold_policy_assignments/:id/file_versions_on_hold` API can be used to return all past file versions available for this policy assignment, and the `GET /legal_hold_policy_assignments/:id/fi"
holdout2,box,/file_version_retentions/{file_version_retention_id},GET,get_file_version_retentions_id,Get retention on file,"Returns information about a file version retention. **Note**: File retention API is now **deprecated**. To get information about files and file versions under retention, see [files under retention](https://developer.box.com/reference/get-retention-policy-assignments-id-files-under-retention) or [file versions under retention](https://developer.box.com/reference/get-retention-policy-assignments-id-file-versions-under-retention) endpoints."
holdout2,box,/files/upload_sessions/{upload_session_id},DELETE,delete_files_upload_sessions_id,Remove upload session,Abort an upload session and discard all data uploaded. This cannot be reversed. The actual endpoint URL is returned by the [`Create upload session`](https://developer.box.com/reference/post-files-upload-sessions) and [`Get upload session`](https://developer.box.com/reference/get-files-upload-sessions-id) endpoints.
holdout2,box,/files/upload_sessions/{upload_session_id}/commit,POST,post_files_upload_sessions_id_commit,Commit upload session,Close an upload session and create a file from the uploaded chunks. The actual endpoint URL is returned by the [`Create upload session`](https://developer.box.com/reference/post-files-upload-sessions) and [`Get upload session`](https://developer.box.com/reference/get-files-upload-sessions-id) endpoints.
holdout2,box,/files/{file_id},DELETE,delete_files_id,Delete file,"Deletes a file, either permanently or by moving it to the trash. The enterprise settings determine whether the item will be permanently deleted from Box or moved to the trash."
holdout2,box,/files/{file_id},PUT,put_files_id,Update file,"Updates a file. This can be used to rename or move a file, create a shared link, or lock a file."
holdout2,box,/files/{file_id}#remove_shared_link,PUT,put_files_id#remove_shared_link,Remove shared link from file,Removes a shared link from a file.
holdout2,box,/files/{file_id}/collaborations,GET,get_files_id_collaborations,List file collaborations,Retrieves a list of pending and active collaborations for a file. This returns all the users that have access to the file or have been invited to the file.
holdout2,box,/files/{file_id}/content,POST,post_files_id_content,Upload file version,Update a file's content. For file sizes over 50MB we recommend using the Chunk Upload APIs. The `attributes` part of the body must come **before** the `file` part. Requests that do not follow this format when uploading the file will receive a HTTP `400` error with a `metadata_after_file_contents` error code.
holdout2,box,/files/{file_id}/metadata/enterprise/securityClassification-6VMVochwUWo,DELETE,delete_files_id_metadata_enterprise_securityClassification-6VMVochwUWo,Remove classification from file,"Removes any classifications from a file. This API can also be called by including the enterprise ID in the URL explicitly, for example `/files/:id//enterprise_12345/securityClassification-6VMVochwUWo`."
holdout2,box,/files/{file_id}/metadata/enterprise/securityClassification-6VMVochwUWo,PUT,put_files_id_metadata_enterprise_securityClassification-6VMVochwUWo,Update classification on file,"Updates a classification on a file. The classification can only be updated if a classification has already been applied to the file before. When editing classifications, only values are defined for the enterprise will be accepted."
holdout2,box,/files/{file_id}/metadata/global/boxSkillsCards,POST,post_files_id_metadata_global_boxSkillsCards,Create Box Skill cards on file,Applies one or more Box Skills metadata cards to a file.
holdout2,box,/files/{file_id}/metadata/{scope}/{template_key},GET,get_files_id_metadata_id_id,Get metadata instance on file,Retrieves the instance of a metadata template that has been applied to a file.
holdout2,box,/files/{file_id}/tasks,GET,get_files_id_tasks,List tasks on file,Retrieves a list of all the tasks for a file. This endpoint does not support pagination.
holdout2,box,/files/{file_id}/trash,GET,get_files_id_trash,Get trashed file,"Retrieves a file that has been moved to the trash. Please note that only if the file itself has been moved to the trash can it be retrieved with this API call. If instead one of its parent folders was moved to the trash, only that folder can be inspected using the [`GET /folders/:id/trash`](https://developer.box.com/reference/get-folders-id-trash) API. To list all items that have been moved to the trash, please use the [`GET /folders/trash/items`](https://developer.box.com/reference/get-folders-trash-items/) API."
holdout2,box,/files/{file_id}/versions/current,POST,post_files_id_versions_current,Promote file version,"Promote a specific version of a file. If previous versions exist, this method can be used to promote one of the older versions to the top of the version history. This creates a new copy of the old version and puts it at the top of the versions history. The file will have the exact same contents as the older version, with the same hash digest, `etag`, and name as the original. Other properties such as comments do not get updated to their former values. Don't use this endpoint to restore Box Notes, as it works with file formats such as PDF, DOC, PPTX or similar."
holdout2,box,/files/{file_id}/versions/{file_version_id},PUT,put_files_id_versions_id,Restore file version,"Restores a specific version of a file after it was deleted. Don't use this endpoint to restore Box Notes, as it works with file formats such as PDF, DOC, PPTX or similar."
holdout2,box,/files/{file_id}/watermark,PUT,put_files_id_watermark,Apply watermark to file,Applies or update a watermark on a file.
holdout2,box,/folder_locks/{folder_lock_id},DELETE,delete_folder_locks_id,Delete folder lock,Deletes a folder lock on a given folder. You must be authenticated as the owner or co-owner of the folder to use this endpoint.
holdout2,box,/folders/{folder_id},DELETE,delete_folders_id,Delete folder,"Deletes a folder, either permanently or by moving it to the trash."
holdout2,box,/folders/{folder_id},PUT,put_folders_id,Update folder,"Updates a folder. This can be also be used to move the folder, create shared links, update collaborations, and more."
holdout2,box,/folders/{folder_id}#remove_shared_link,PUT,put_folders_id#remove_shared_link,Remove shared link from folder,Removes a shared link from a folder.
holdout2,box,/folders/{folder_id}/collaborations,GET,get_folders_id_collaborations,List folder collaborations,Retrieves a list of pending and active collaborations for a folder. This returns all the users that have access to the folder or have been invited to the folder.
holdout2,box,/folders/{folder_id}/metadata,GET,get_folders_id_metadata,List metadata instances on folder,Retrieves all metadata for a given folder. This can not be used on the root folder with ID `0`.
holdout2,box,/folders/{folder_id}/metadata/enterprise/securityClassification-6VMVochwUWo,POST,post_folders_id_metadata_enterprise_securityClassification-6VMVochwUWo,Add classification to folder,"Adds a classification to a folder by specifying the label of the classification to add. This API can also be called by including the enterprise ID in the URL explicitly, for example `/folders/:id/enterprise_12345/securityClassification-6VMVochwUWo`."
holdout2,box,/folders/{folder_id}/metadata/{scope}/{template_key},GET,get_folders_id_metadata_id_id,Get metadata instance on folder,Retrieves the instance of a metadata template that has been applied to a folder. This can not be used on the root folder with ID `0`.
holdout2,box,/folders/{folder_id}/trash,DELETE,delete_folders_id_trash,Permanently remove folder,Permanently deletes a folder that is in the trash. This action cannot be undone.
holdout2,box,/folders/{folder_id}/watermark,GET,get_folders_id_watermark,Get watermark for folder,Retrieve the watermark for a folder.
holdout2,box,/group_memberships/{group_membership_id},DELETE,delete_group_memberships_id,Remove user from group,Deletes a specific group membership. Only admins of this group or users with admin-level permissions will be able to use this API.
holdout2,box,/groups,GET,get_groups,List groups for enterprise,Retrieves all of the groups for a given enterprise. The user must have admin permissions to inspect enterprise's groups.
holdout2,box,/groups/{group_id},DELETE,delete_groups_id,Remove group,Permanently deletes a group. Only users with admin-level permissions will be able to use this API.
holdout2,box,/groups/{group_id}/collaborations,GET,get_groups_id_collaborations,List group collaborations,Retrieves all the collaborations for a group. The user must have admin permissions to inspect enterprise's groups. Each collaboration object has details on which files or folders the group has access to and with what role.
holdout2,box,/integration_mappings/slack,POST,post_integration_mappings_slack,Create Slack integration mapping,Creates a [Slack integration mapping](https://support.box.com/hc/en-us/articles/4415585987859-Box-as-the-Content-Layer-for-Slack) by mapping a Slack channel to a Box item. You need Admin or Co-Admin role to use this endpoint.
holdout2,box,/integration_mappings/teams,GET,get_integration_mappings_teams,List Teams integration mappings,Lists [Teams integration mappings](https://support.box.com/hc/en-us/articles/360044681474-Using-Box-for-Teams) in a users' enterprise. You need Admin or Co-Admin role to use this endpoint.
holdout2,box,/integration_mappings/teams/{integration_mapping_id},PUT,put_integration_mappings_teams_id,Update Teams integration mapping,Updates a [Teams integration mapping](https://support.box.com/hc/en-us/articles/360044681474-Using-Box-for-Teams). Supports updating the Box folder ID and options. You need Admin or Co-Admin role to use this endpoint.
holdout2,box,/legal_hold_policies,GET,get_legal_hold_policies,List all legal hold policies,Retrieves a list of legal hold policies that belong to an enterprise.
holdout2,box,/legal_hold_policies/{legal_hold_policy_id},GET,get_legal_hold_policies_id,Get legal hold policy,Retrieve a legal hold policy.
holdout2,box,/legal_hold_policy_assignments,POST,post_legal_hold_policy_assignments,Assign legal hold policy,"Assign a legal hold to an item type of: file, file version, folder, user, ownership, or interactions."
holdout2,box,/legal_hold_policy_assignments/{legal_hold_policy_assignment_id}/file_versions_on_hold,GET,get_legal_hold_policy_assignments_id_file_versions_on_hold,List previous file versions for legal hold policy assignment,"Get a list of previous file versions for a legal hold assignment. In some cases you may only need the latest file versions instead. In these cases, use the `GET /legal_hold_policy_assignments/:id/files_on_hold` API instead to return any current (latest) versions of a file for this legal hold policy assignment. Due to ongoing re-architecture efforts this API might not return all files held for this policy ID. Instead, this API will only return past file versions held in the newly developed architecture. The `GET /file_version_legal_holds` API can be used to fetch current and past versions of fi"
holdout2,box,/metadata_cascade_policies,POST,post_metadata_cascade_policies,Create metadata cascade policy,Creates a new metadata cascade policy that applies a given metadata template to a given folder and automatically cascades it down to any files within that folder. In order for the policy to be applied a metadata instance must first be applied to the folder the policy is to be applied to.
holdout2,box,/metadata_cascade_policies/{metadata_cascade_policy_id}/apply,POST,post_metadata_cascade_policies_id_apply,Force-apply metadata cascade policy to folder,Force the metadata on a folder with a metadata cascade policy to be applied to all of its children. This can be used after creating a new cascade policy to enforce the metadata to be cascaded down to all existing files within that folder.
holdout2,box,/metadata_taxonomies/{namespace},GET,get_metadata_taxonomies_id,Get metadata taxonomies for namespace,Used to retrieve all metadata taxonomies in a namespace.
holdout2,box,/metadata_taxonomies/{namespace}/{taxonomy_key},PATCH,patch_metadata_taxonomies_id_id,Update metadata taxonomy,Updates an existing metadata taxonomy.
holdout2,box,/metadata_taxonomies/{namespace}/{taxonomy_key}/levels:append,POST,post_metadata_taxonomies_id_id_levels:append,Add metadata taxonomy level,"Creates a new metadata taxonomy level and appends it to the existing levels. If there are no levels defined yet, this will create the first level."
holdout2,box,/metadata_taxonomies/{namespace}/{taxonomy_key}/nodes,POST,post_metadata_taxonomies_id_id_nodes,Create metadata taxonomy node,Creates a new metadata taxonomy node.
holdout2,box,/metadata_taxonomies/{namespace}/{taxonomy_key}/nodes/{node_id},PATCH,patch_metadata_taxonomies_id_id_nodes_id,Update metadata taxonomy node,Updates an existing metadata taxonomy node.
holdout2,box,/metadata_templates/enterprise/securityClassification-6VMVochwUWo/schema,GET,get_metadata_templates_enterprise_securityClassification-6VMVochwUWo_schema,List all classifications,"Retrieves the classification metadata template and lists all the classifications available to this enterprise. This API can also be called by including the enterprise ID in the URL explicitly, for example `/metadata_templates/enterprise_12345/securityClassification-6VMVochwUWo/schema`."
holdout2,box,/metadata_templates/global,GET,get_metadata_templates_global,List all global metadata templates,"Used to retrieve all generic, global metadata templates available to all enterprises using Box."
holdout2,box,/metadata_templates/{namespace}/{template_key}/fields/{field_key}/options,GET,get_metadata_templates_id_id_fields_id_options,List metadata template's options for taxonomy field,"Used to retrieve metadata taxonomy nodes which are available for the taxonomy field based on its configuration and the parameters specified. Results are sorted in lexicographic order unless a `query` parameter is passed. With a `query` parameter specified, results are sorted in order of relevance."
holdout2,box,/metadata_templates/{scope}/{template_key}/schema,PUT,put_metadata_templates_id_id_schema,Update metadata template,"Updates a metadata template. The metadata template can only be updated if the template already exists. The update is applied atomically. If any errors occur during the application of the operations, the metadata template will not be changed."
holdout2,box,/oauth2/token,POST,post_oauth2_token,Request access token,Request an Access Token using either a client-side obtained OAuth 2.0 authorization code or a server-side JWT assertion. An Access Token is a string that enables Box to verify that a request belongs to an authorized session. In the normal order of operations you will begin by requesting authentication from the [authorize](https://developer.box.com/reference/get-authorize) endpoint and Box will send you an authorization code. You will then send this code to this endpoint to exchange it for an Access Token. The returned Access Token can then be used to to make Box API calls.
holdout2,box,/retention_policies,GET,get_retention_policies,List retention policies,Retrieves all of the retention policies for an enterprise.
holdout2,box,/retention_policies/{retention_policy_id},GET,get_retention_policies_id,Get retention policy,Retrieves a retention policy.
holdout2,box,/retention_policy_assignments,POST,post_retention_policy_assignments,Assign retention policy,Assigns a retention policy to an item.
holdout2,box,/retention_policy_assignments/{retention_policy_assignment_id}/file_versions_under_retention,GET,get_retention_policy_assignments_id_file_versions_under_retention,Get file versions under retention,Returns a list of file versions under retention for a retention policy assignment.
holdout2,box,/shared_items,GET,get_shared_items,Find file for shared link,"Returns the file represented by a shared link. A shared file can be represented by a shared link, which can originate within the current enterprise or within another. This endpoint allows an application to retrieve information about a shared file when only given a shared link. The `shared_link_permission_options` array field can be returned by requesting it in the `fields` query parameter."
holdout2,box,/shared_items#web_links,GET,get_shared_items#web_links,Find web link for shared link,"Returns the web link represented by a shared link. A shared web link can be represented by a shared link, which can originate within the current enterprise or within another. This endpoint allows an application to retrieve information about a shared web link when only given a shared link."
holdout2,box,/shield_information_barrier_reports/{shield_information_barrier_report_id},GET,get_shield_information_barrier_reports_id,Get shield information barrier report by ID,Retrieves a shield information barrier report by its ID.
holdout2,box,/shield_information_barrier_segment_members/{shield_information_barrier_segment_member_id},DELETE,delete_shield_information_barrier_segment_members_id,Delete shield information barrier segment member by ID,Deletes a shield information barrier segment member based on provided ID.
holdout2,box,/shield_information_barrier_segment_restrictions,POST,post_shield_information_barrier_segment_restrictions,Create shield information barrier segment restriction,Creates a shield information barrier segment restriction object.
holdout2,box,/shield_information_barrier_segments,GET,get_shield_information_barrier_segments,List shield information barrier segments,Retrieves a list of shield information barrier segment objects for the specified Information Barrier ID.
holdout2,box,/shield_information_barrier_segments/{shield_information_barrier_segment_id},GET,get_shield_information_barrier_segments_id,Get shield information barrier segment with specified ID,Retrieves shield information barrier segment based on provided ID..
holdout2,box,/shield_information_barriers,POST,post_shield_information_barriers,Create shield information barrier,Creates a shield information barrier to separate individuals/groups within the same firm and prevents confidential information passing between them.
holdout2,box,/sign_requests,GET,get_sign_requests,List Box Sign requests,"Gets signature requests created by a user. If the `sign_files` and/or `parent_folder` are deleted, the signature request will not return in the list."
holdout2,box,/sign_requests/{sign_request_id}/cancel,POST,post_sign_requests_id_cancel,Cancel Box Sign request,Cancels a sign request.
holdout2,box,/sign_templates/{template_id},GET,get_sign_templates_id,Get Box Sign template by ID,Fetches details of a specific Box Sign template.
holdout2,box,/storage_policies/{storage_policy_id},GET,get_storage_policies_id,Get storage policy,Fetches a specific storage policy.
holdout2,box,/storage_policy_assignments/{storage_policy_assignment_id},DELETE,delete_storage_policy_assignments_id,Unassign storage policy,Delete a storage policy assignment. Deleting a storage policy assignment on a user will have the user inherit the enterprise's default storage policy. There is a rate limit for calling this endpoint of only twice per user in a 24 hour time frame.
holdout2,box,/task_assignments,POST,post_task_assignments,Assign task,Assigns a task to a user. A task can be assigned to more than one user by creating multiple assignments.
holdout2,box,/task_assignments/{task_assignment_id},PUT,put_task_assignments_id,Update task assignment,Updates a task assignment. This endpoint can be used to update the state of a task assigned to a user.
holdout2,box,/tasks/{task_id},GET,get_tasks_id,Get task,Retrieves information about a specific task.
holdout2,box,/terms_of_service_user_statuses,GET,get_terms_of_service_user_statuses,List terms of service user statuses,"Retrieves an overview of users and their status for a terms of service, including Whether they have accepted the terms and when."
holdout2,box,/terms_of_services,GET,get_terms_of_services,List terms of services,Returns the current terms of service text and settings for the enterprise.
holdout2,box,/terms_of_services/{terms_of_service_id},PUT,put_terms_of_services_id,Update terms of service,Updates a specific terms of service.
holdout2,box,/users/me,GET,get_users_me,Get current user,"Retrieves information about the user who is currently authenticated. In the case of a client-side authenticated OAuth 2.0 application this will be the user who authorized the app. In the case of a JWT, server-side authenticated application this will be the service account that belongs to the application by default. Use the `As-User` header to change who this API call is made on behalf of."
holdout2,box,/users/{user_id},GET,get_users_id,Get user,"Retrieves information about a user in the enterprise. The application and the authenticated user need to have the permission to look up users in the entire enterprise. This endpoint also returns a limited set of information for external users who are collaborated on content owned by the enterprise for authenticated users with the right scopes. In this case, disallowed fields will return null instead."
holdout2,box,/users/{user_id}/avatar,GET,get_users_id_avatar,Get user avatar,Retrieves an image of a the user's avatar.
holdout2,box,/users/{user_id}/email_aliases,POST,post_users_id_email_aliases,Create email alias,Adds a new email alias to a user account..
holdout2,box,/users/{user_id}/memberships,GET,get_users_id_memberships,List user's groups,Retrieves all the groups for a user. Only members of this group or users with admin-level permissions will be able to use this API.
holdout2,box,/web_links/{web_link_id},GET,get_web_links_id,Get web link,Retrieve information about a web link.
holdout2,box,/web_links/{web_link_id}#add_shared_link,PUT,put_web_links_id#add_shared_link,Add shared link to web link,Adds a shared link to a web link.
holdout2,box,/web_links/{web_link_id}#update_shared_link,PUT,put_web_links_id#update_shared_link,Update shared link on web link,Updates a shared link on a web link.
holdout2,box,/webhooks,GET,get_webhooks,List all webhooks,"Returns all defined webhooks for the requesting application. This API only returns webhooks that are applied to files or folders that are owned by the authenticated user. This means that an admin can not see webhooks created by a service account unless the admin has access to those folders, and vice versa."
holdout2,box,/webhooks/{webhook_id},GET,get_webhooks_id,Get webhook,Retrieves a specific webhook.
holdout2,box,/workflows/{workflow_id}/start,POST,post_workflows_id_start,Starts workflow based on request body,Initiates a flow with a trigger type of `WORKFLOW_MANUAL_START`. You application must be authorized to use the `Manage Box Relay` application scope within the developer console.
holdout2,box,/zip_downloads/{zip_download_id}/status,GET,get_zip_downloads_id_status,Get zip download status,"Returns the download status of a `zip` archive, allowing an application to inspect the progress of the download as well as the number of items that might have been skipped. This endpoint can only be accessed once the download has started. Subsequently this endpoint is valid for 12 hours from the start of the download. The URL of this endpoint should not be considered as fixed. Instead, use the [Create zip download](https://developer.box.com/reference/post-zip-downloads) API to request to create a `zip` archive, and then follow the `status_url` field in the response to this endpoint."
holdout2,pagerduty,/abilities,GET,listAbilities,List abilities,"List all of your account's abilities, by name. ""Abilities"" describes your account's capabilities by feature name. For example `""teams""`. An ability may be available to your account based on things like your pricing plan or account state. For more information see the [API Concepts Document](../../api-reference/a47605517c19a-api-concepts#abilities) Scoped OAuth requires: `abilities.read`"
holdout2,pagerduty,/addons/{id},GET,getAddon,Get an Add-on,Get details about an existing Add-on. Addon's are pieces of functionality that developers can write to insert new functionality into PagerDuty's UI. For more information see the [API Concepts Document](../../api-reference/a47605517c19a-api-concepts#add-ons) Scoped OAuth requires: `addons.read`
holdout2,pagerduty,/alert_grouping_settings/{id},GET,getAlertGroupingSetting,Get an Alert Grouping Setting,Get an existing Alert Grouping Setting. The settings part of Alert Grouper service allows us to create Alert Grouping Settings and configs that are required to be used during grouping of the alerts. Scoped OAuth requires: `services.read`
holdout2,pagerduty,/analytics/metrics/incidents/services,POST,getAnalyticsMetricsIncidentsService,Get aggregated service data,"Provides aggregated metrics for incidents aggregated into units of time by service. Example metrics include Seconds to Resolve, Seconds to Engage, Snoozed Seconds, and Sleep Hour Interruptions. Metric definitions can be found in our [Knowledge Base](https://support.pagerduty.com/docs/insights#services-list). Data can be aggregated by day, week or month in addition to by service, or provided just as a collection of aggregates for each service in the dataset for the entire period. If a unit is provided, each row in the returned dataset will include a 'range_start' timestamp. > **Note:** Data ava"
holdout2,pagerduty,/analytics/metrics/responders/all,POST,getAnalyticsMetricsRespondersAll,Get aggregated metrics for all responders,"Provides aggregated incident metrics for all selected responders. Example metrics include Seconds to Resolve, Seconds to Engage, Snoozed Seconds, and Sleep Hour Interruptions. Metric definitions can be found in our [Knowledge Base](https://support.pagerduty.com/docs/insights#responders-list). > **Note:** Data availability reflects [pipeline processing cycles](https://support.pagerduty.com/main/docs/insights#:~:text=Data%20Update%20Schedule) and is generally within 24 hours under normal conditions. Scoped OAuth requires: `analytics.write`"
holdout2,pagerduty,/analytics/raw/incidents/{id}/responses,GET,getAnalyticsIncidentResponsesById,Get raw responses from a single incident,"Provides enriched responder data for a single incident. Example metrics include Time to Respond, Responder Type, and Response Status. See metric definitions below. > **Note:** Data availability reflects [pipeline processing cycles](https://support.pagerduty.com/main/docs/insights#:~:text=Data%20Update%20Schedule) and is generally within 24 hours under normal conditions. Scoped OAuth requires: `analytics.read`"
holdout2,pagerduty,/automation_actions/actions,POST,createAutomationAction,Create an Automation Action,"Create a Script, Process Automation, or Runbook Automation action"
holdout2,pagerduty,/automation_actions/actions/{id}/services,GET,getAutomationActionsActionServiceAssociations,Get all service references associated with an Automation Action,Gets all service references associated with an Automation Action
holdout2,pagerduty,/automation_actions/actions/{id}/teams,POST,createAutomationActionTeamAssociation,Associate an Automation Action with a team,Associate an Automation Action with a team
holdout2,pagerduty,/automation_actions/runners,GET,getAutomationActionsRunners,List Automation Action runners,Lists Automation Action runners matching provided query params. The returned records are sorted by runner name in alphabetical order. See [`Cursor-based pagination`](https://developer.pagerduty.com/docs/rest-api-v2/pagination/) for instructions on how to paginate through the result set.
holdout2,pagerduty,/automation_actions/runners/{id}/teams,GET,getAutomationActionsRunnerTeamAssociations,Get all team references associated with a runner,Gets all team references associated with a runner
holdout2,pagerduty,/business_services,POST,createBusinessService,Create a Business Service,"Create a new Business Service. Business services model capabilities that span multiple technical services and that may be owned by several different teams. There is a limit of 5,000 business services per account. If the limit is reached, the API will respond with an error. For more information see the [API Concepts Document](../../api-reference/a47605517c19a-api-concepts#business-services) Scoped OAuth requires: `services.write`"
holdout2,pagerduty,/business_services/priority_thresholds,PUT,putBusinessServicePriorityThresholds,Set the Account-level priority threshold for Business Service impact.,Set the Account-level priority threshold for Business Service. Scoped OAuth requires: `services.write`
holdout2,pagerduty,/business_services/{id}/account_subscription,POST,createBusinessServiceAccountSubscription,Create Business Service Account Subscription,Subscribe your Account to a Business Service. Scoped OAuth requires: `subscribers.write`
holdout2,pagerduty,/change_events,GET,listChangeEvents,List Change Events,List all of the existing Change Events. Scoped OAuth requires: `change_events.read`
holdout2,pagerduty,/enrichment/event_enrichments,POST,createEventEnrichment,Create an Event Enrichment,"Event Enrichments allow you to automatically add contextual data to events as they're ingested, so that relevant information is available throughout the event, alert, and incident lifecycle. By leveraging the Contextual Data Platform (CDP), you can define rules that extract values from events or query enrichment schemas to populate event fields. > ### Early Access > This API is in Early Access and may change at any time. Contact your PagerDuty account team to request access. Create a new Event Enrichment."
holdout2,pagerduty,/enrichment/event_enrichments/{id},PUT,updateEventEnrichment,Update an Event Enrichment,"Event Enrichments allow you to automatically add contextual data to events as they're ingested, so that relevant information is available throughout the event, alert, and incident lifecycle. By leveraging the Contextual Data Platform (CDP), you can define rules that extract values from events or query enrichment schemas to populate event fields. > ### Early Access > This API is in Early Access and may change at any time. Contact your PagerDuty account team to request access. Update an existing Event Enrichment."
holdout2,pagerduty,/enrichment/event_enrichments/{id}/rules,PUT,updateEventEnrichmentRules,Update Event Enrichment rules,"Event Enrichments allow you to automatically add contextual data to events as they're ingested, so that relevant information is available throughout the event, alert, and incident lifecycle. By leveraging the Contextual Data Platform (CDP), you can define rules that extract values from events or query enrichment schemas to populate event fields. > ### Early Access > This API is in Early Access and may change at any time. Contact your PagerDuty account team to request access. Update the enrichment rules for a specific Event Enrichment. Performs a full replacement of the rules set."
holdout2,pagerduty,/enrichment/integrations/servicenow/credentials/{credentials_id},GET,getServiceNowCredentials,Get ServiceNow credentials,Retrieves the ServiceNow credentials by ID. The password is never returned. > ### Early Access > This API is in Early Access and may change at any time. Contact your PagerDuty account team to request access. Scoped OAuth requires: `contextual_data.read`
holdout2,pagerduty,/enrichment/integrations/servicenow/{integration_id}/tables/{table_id},DELETE,deleteServiceNowTable,Remove a CMDB table,Removes a ServiceNow CMDB table configuration from an integration. The table's generated enrichment schema is removed and its data synchronization is disabled. > ### Early Access > This API is in Early Access and may change at any time. Contact your PagerDuty account team to request access. Scoped OAuth requires: `contextual_data.write`
holdout2,pagerduty,/enrichment/schemas,GET,listEnrichmentSchemas,List enrichment schemas,Lists all enrichment schemas for the account. > ### Early Access > This API is in Early Access and may change at any time. Contact your PagerDuty account team to request access. Scoped OAuth requires: `contextual_data.read`
holdout2,pagerduty,/enrichment/schemas/{schema_id}/records,GET,listEnrichmentRecords,List enrichment records,Retrieves a page of enrichment records for a schema. Results are cursor-paginated. > ### Early Access > This API is in Early Access and may change at any time. Contact your PagerDuty account team to request access. Scoped OAuth requires: `contextual_data.read`
holdout2,pagerduty,/escalation_policies/{id},DELETE,deleteEscalationPolicy,Delete an escalation policy,Deletes an existing escalation policy and rules. The escalation policy must not be in use by any services. Escalation policies define which user should be alerted at which time. For more information see the [API Concepts Document](../../api-reference/a47605517c19a-api-concepts#escalation-policies) Scoped OAuth requires: `escalation_policies.write`
holdout2,pagerduty,/event_orchestrations,POST,postOrchestration,Create an Orchestration,"Create a Global Event Orchestration. Global Event Orchestrations allow you define a set of Global Rules and Router Rules, so that when you ingest events using the Orchestration's Routing Key your events will have actions applied via the Global Rules & then routed to the correct Service by the Router Rules, based on the event's content. For more information see the [API Concepts Document](../../api-reference/a47605517c19a-api-concepts#event-orchestrations) Scoped OAuth requires: `event_orchestrations.write`"
holdout2,pagerduty,/event_orchestrations/services/{service_id}/cache_variables,GET,listCacheVarOnServiceOrch,List Cache Variables for a Service Event Orchestration,"List Cache Variables for a Service Event Orchestration. Cache Variables allow you to store event data on an Event Orchestration, which can then be used in Event Orchestration rules as part of conditions or actions. For more information see the [API Concepts Document](../../api-reference/a47605517c19a-api-concepts#event-orchestrations) Scoped OAuth requires: `services.read`"
holdout2,pagerduty,/event_orchestrations/services/{service_id}/cache_variables/{cache_variable_id}/data,DELETE,deleteExternalDataCacheVarDataOnServiceOrch,Delete Data for an External Data Cache Variable on a Service Event Orchestration,"Delete Data for an `external_data` type Cache Variable on a Service Event Orchestration. Use External Data type Cache Variables to store string, number, or boolean values via a dedicated API endpoint. These stored values can then be used in conditions or actions in Event Orchestration rules. For more information see the [Knowledge Base](https://support.pagerduty.com/main/docs/event-orchestration-cache-variables) Scoped OAuth requires: `services.write`"
holdout2,pagerduty,/event_orchestrations/{id},PUT,updateOrchestration,Update an Orchestration,"Update a Global Event Orchestration. Global Event Orchestrations allow you define a set of Global Rules and Router Rules, so that when you ingest events using the Orchestration's Routing Key your events will have actions applied via the Global Rules & then routed to the correct Service by the Router Rules, based on the event's content. For more information see the [API Concepts Document](../../api-reference/a47605517c19a-api-concepts#event-orchestrations) Scoped OAuth requires: `event_orchestrations.write`"
holdout2,pagerduty,/event_orchestrations/{id}/cache_variables/{cache_variable_id},PUT,updateCacheVarOnGlobalOrch,Update a Cache Variable for a Global Event Orchestration,"Update a Cache Variable for a Global Event Orchestration. Cache Variables allow you to store event data on an Event Orchestration, which can then be used in Event Orchestration rules as part of conditions or actions. For more information see the [API Concepts Document](../../api-reference/a47605517c19a-api-concepts#event-orchestrations) Scoped OAuth requires: `event_orchestrations.write`"
holdout2,pagerduty,/event_orchestrations/{id}/enablements/{feature_name},PUT,updateEventOrchestrationFeatureEnablements,Update an Enablement for an Event Orchestration,"Update the feature enablement setting for a specific product addon on an Event Orchestration. This setting controls enabling or disabling the set of features contained within the addon. Currently, only `aiops` is supported as a valid feature enablement. **Warning conditions**: - If the account is not entitled to use AIOps features, the setting will be updated, but a warning will be returned. Scoped OAuth requires: `event_orchestrations.write`"
holdout2,pagerduty,/event_orchestrations/{id}/integrations/migration,POST,migrateOrchestrationIntegration,Migrate an Integration from one Event Orchestration to another,"Move an Integration and its Routing Key from the Event Orchestration specified in the request payload, to the Event Orchestration specified in the request URL. Any future events sent to this Integration's Routing Key will be processed by this Event Orchestration's Rules. For more information see the [API Concepts Document](../../api-reference/a47605517c19a-api-concepts#event-orchestrations) Scoped OAuth requires: `event_orchestrations.write`"
holdout2,pagerduty,/event_orchestrations/{id}/router,PUT,updateOrchPathRouter,Update the Router for an Event Orchestration,"Update a Global Orchestration's Routing Rules. An Orchestration Router allows you to create a set of Event Rules. The Router evaluates Events you send to this Global Orchestration against each of its rules, one at a time, and routes the event to a specific Service based on the first rule that matches. If an event doesn't match any rules, it'll be sent to service specified in as the `catch_all` or the ""Unrouted"" Orchestration if no service is specified. For more information see the [API Concepts Document](../../api-reference/a47605517c19a-api-concepts#event-orchestrations) Scoped OAuth requires"
holdout2,pagerduty,/extensions,GET,listExtensions,List extensions,List existing extensions. Extensions are representations of Extension Schema objects that are attached to Services. For more information see the [API Concepts Document](../../api-reference/a47605517c19a-api-concepts#extensions) Scoped OAuth requires: `extensions.read`
holdout2,pagerduty,/extensions/{id}/enable,POST,enableExtension,Enable an extension,Enable an extension that is temporarily disabled. (This API does not require a request body.) Extensions are representations of Extension Schema objects that are attached to Services. For more information see the [API Concepts Document](../../api-reference/a47605517c19a-api-concepts#extensions) Scoped OAuth requires: `extensions.write`
holdout2,pagerduty,/incident_workflows/triggers,GET,listIncidentWorkflowTriggers,List Triggers,List existing Incident Workflow Triggers Scoped OAuth requires: `incident_workflows.read`
holdout2,pagerduty,/incident_workflows/triggers/{id}/services,POST,associateServiceToIncidentWorkflowTrigger,Associate a Trigger and Service,Associate a Service with an existing Incident Workflow Trigger Scoped OAuth requires: `incident_workflows.write`
holdout2,pagerduty,/incident_workflows/{id}/instances,POST,createIncidentWorkflowInstance,Start an Incident Workflow Instance,"Start an Instance of an Incident Workflow. Sometimes referred to as ""triggering a workflow on an incident."" An Incident Workflow is a sequence of configurable Steps and associated Triggers that can execute automated Actions for a given Incident. Scoped OAuth requires: `incident_workflows:instances.write`"
holdout2,pagerduty,/incidents/custom_fields,POST,createCustomFieldsField,Create a Field,"> ### Deprecated > This endpoint is deprecated and only works for fields on the Base Incident Type. \ > For more flexibility, we recommend using the Incident Types endpoint: \ > [/incidents/types/{type_id_or_name}/custom_fields](openapiv3.json/paths/~1incidents~1types~1{type_id_or_name}~1custom_fields/post) Creates a new Custom Field on the Base Incident Type, along with the Field Options if provided. \ An account may have up to 10 Fields. Scoped OAuth requires: `custom_fields.write`"
holdout2,pagerduty,/incidents/custom_fields/{field_id}/field_options,POST,createCustomFieldsFieldOption,Create a Field Option,"> ### Deprecated > This endpoint is deprecated and only works for fields on the Base Incident Type. \ > For more flexibility, we recommend using the Incident Types endpoint: \ > [/incidents/types/{type_id_or_name}/custom_fields/{field_id}/field_options](openapiv3.json/paths/~1incidents~1types~1{type_id_or_name}~1custom_fields~1{field_id}~1field_options/post) Create a new Field Option for a Custom Field on the Base Incident Type. Field Options may only be created for Fields that have `field_options`. A Field may have no more than 10 enabled options. Scoped OAuth requires: `custom_fields.write`"
holdout2,pagerduty,/incidents/types/{type_id_or_name},GET,getIncidentType,Get an Incident Type,"Get detailed information about a single incident type. Accepts either an incident type id, or an incident type name. Incident Types are a feature which will allow customers to categorize incidents, such as a security incident, a major incident, or a fraud incident. For more information see the [API Concepts Document](../../api-reference/a47605517c19a-api-concepts#incident) Scoped OAuth requires: `incident_types.read`"
holdout2,pagerduty,/incidents/types/{type_id_or_name}/custom_fields/{field_id},GET,getIncidentTypeCustomField,Get an Incident Type Custom Field,"Get a custom field for an incident type. Custom Fields (CF) are a feature which will allow customers to extend Incidents with their own custom data, to provide additional context and support features such as customized filtering, search and analytics. Custom Fields can be applied to different incident types. Scoped OAuth requires: `custom_fields.read`"
holdout2,pagerduty,/incidents/types/{type_id_or_name}/custom_fields/{field_id}/field_options/{field_option_id},GET,getIncidentTypeCustomFieldFieldOptions,Get a Field Option on a Custom Field,"Get a field option on a custom field Custom Fields (CF) are a feature which will allow customers to extend Incidents with their own custom data, to provide additional context and support features such as customized filtering, search and analytics. Custom Fields can be applied to different incident types. Scoped OAuth requires: `custom_fields.read`"
holdout2,pagerduty,/incidents/{id}/alerts,PUT,updateIncidentAlerts,Manage alerts,"Resolve multiple alerts or associate them with different incidents. An incident represents a problem or an issue that needs to be addressed and resolved. An alert represents a digital signal that was emitted to PagerDuty by the monitoring systems that detected or identified the issue. A maximum of 250 alerts may be updated at a time. If more than this number of alerts are given, the API will respond with status 413 (Request Entity Too Large). For more information see the [API Concepts Document](../../api-reference/a47605517c19a-api-concepts#incidents) Scoped OAuth requires: `incidents.write`"
holdout2,pagerduty,/incidents/{id}/custom_fields/values,GET,getIncidentFieldValues,Get Custom Field Values,Get custom field values for an incident. Scoped OAuth requires: `incidents.read`
holdout2,pagerduty,/incidents/{id}/notes,POST,createIncidentNote,Create a note on an incident,Create a new note for the specified incident. An incident represents a problem or an issue that needs to be addressed and resolved. A maximum of 2000 notes can be added to an incident. For more information see the [API Concepts Document](../../api-reference/a47605517c19a-api-concepts#incidents) Scoped OAuth requires: `incidents.write`
holdout2,pagerduty,/incidents/{id}/related_change_events,GET,listIncidentRelatedChangeEvents,List related Change Events for an Incident,"List related Change Events for an Incident, as well as the reason these changes are correlated with the incident. Change events represent service changes such as deploys, build completion, and configuration changes, providing information that is critical during incident triage or hypercare. For more information on change events, see [Change Events](https://support.pagerduty.com/docs/change-events). The Change Correlation feature provides incident responders with recent change events that are most relevant to that incident. Change Correlation informs the responder why a particular change event "
holdout2,pagerduty,/incidents/{id}/status_updates,POST,createIncidentStatusUpdate,Create a status update on an incident,Create a new status update for the specified incident. Optionally pass `subject` and `html_message` properties in the request body to override the email notification that gets sent. An incident represents a problem or an issue that needs to be addressed and resolved. For more information see the [API Concepts Document](../../api-reference/a47605517c19a-api-concepts#incidents) Scoped OAuth requires: `incidents.write`
holdout2,pagerduty,/ip_allow_lists,POST,createIpAllowList,Create an IP allow list,"> ### Early Access > This API is in Early Access and may change at any time. You must pass the `X-EARLY-ACCESS: ip-allow-lists` header on every request, and your account must be enrolled in the IP Allow Lists Early Access program. Contact your PagerDuty account team to request access. Create the account's IP allow list. Only Account Owners, Global Admins, and Account API Keys can call this endpoint. Scoped OAuth requires: `ip_allow_lists.write`"
holdout2,pagerduty,/license_allocations,GET,listLicenseAllocations,List License Allocations,List the Licenses allocated to Users within your Account Scoped OAuth requires: `licenses.read`
holdout2,pagerduty,/maintenance_windows,GET,listMaintenanceWindows,List maintenance windows,"List existing maintenance windows, optionally filtered by service and/or team, or whether they are from the past, present or future. A Maintenance Window is used to temporarily disable one or more Services for a set period of time. For more information see the [API Concepts Document](../../api-reference/a47605517c19a-api-concepts#maintenance-windows) Scoped OAuth requires: `services.read`"
holdout2,pagerduty,/notifications,GET,listNotifications,List notifications,"List notifications for a given time range, optionally filtered by type (sms_notification, email_notification, phone_notification, or push_notification). A Notification is created when an Incident is triggered or escalated. For more information see the [API Concepts Document](../../api-reference/a47605517c19a-api-concepts#notifications) Scoped OAuth requires: `users:notifications.read`"
holdout2,pagerduty,/paused_incident_reports/counts,GET,getPausedIncidentReportCounts,Get Paused Incident Reporting counts,Returns reporting counts for paused Incident usage for a given reporting period (maximum 6 months lookback period). Note: This feature is currently available as part of the Event Intelligence package or Digital Operations plan only. For more information see the [API Concepts Document](../../api-reference/a47605517c19a-api-concepts#paused-incident-reports) Scoped OAuth requires: `incidents.read`
holdout2,pagerduty,/recommendations/event_orchestrations/services/{service_id}/rules/{recommendation_id}/dismiss,POST,dismissRecommendedRule,Dismiss a recommended rule,"Dismiss a recommended rule for a service, recording feedback on whether the recommendation was useful. Scoped OAuth requires: `recommendations.write`"
holdout2,pagerduty,/rulesets/{id},PUT,updateRuleset,Update a Ruleset,"Update a Ruleset. > ### End-of-life > Rulesets and Event Rules will end-of-life soon. We highly recommend that you [migrate to Event Orchestration](https://support.pagerduty.com/docs/migrate-to-event-orchestration) as soon as possible so you can take advantage of the new functionality, such as improved UI, rule creation, APIs and Terraform support, advanced conditions, and rule nesting. Rulesets allow you to route events to an endpoint and create collections of Event Rules, which define sets of actions to take based on event content. For more information see the [API Concepts Document](../../a"
holdout2,pagerduty,/rulesets/{id}/rules/{rule_id},PUT,updateRulesetEventRule,Update an Event Rule,"Update an Event Rule. Note that the endpoint supports partial updates, so any number of the writable fields can be provided. > ### End-of-life > Rulesets and Event Rules will end-of-life soon. We highly recommend that you [migrate to Event Orchestration](https://support.pagerduty.com/docs/migrate-to-event-orchestration) as soon as possible so you can take advantage of the new functionality, such as improved UI, rule creation, APIs and Terraform support, advanced conditions, and rule nesting. Rulesets allow you to route events to an endpoint and create collections of Event Rules, which define s"
holdout2,pagerduty,/schedules/{id},GET,getSchedule,Get a schedule,"Show detailed information about a schedule, including entries for each layer. Scoped OAuth requires: `schedules.read`"
holdout2,pagerduty,/schedules/{id}/overrides/{override_id},DELETE,deleteScheduleOverride,Delete an override,"Remove an override. You cannot remove a past override. If the override start time is before the current time, but the end time is after the current time, the override will be truncated to the current time. If the override is truncated, the status code will be 200 OK, as opposed to a 204 No Content for a successful delete. A Schedule determines the time periods that users are On-Call. For more information see the [API Concepts Document](../../api-reference/a47605517c19a-api-concepts#schedules) Scoped OAuth requires: `schedules.write`"
holdout2,pagerduty,/service_dependencies/technical_services/{id},GET,getTechnicalServiceServiceDependencies,Get technical service dependencies,Get all immediate dependencies of any technical service. Technical services are also known as `services`. For more information see the [API Concepts Document](../../api-reference/a47605517c19a-api-concepts#services) Scoped OAuth requires: `services.read`
holdout2,pagerduty,/services/custom_fields/{field_id},DELETE,deleteServiceCustomField,Delete a Field,Delete a Custom Field from Services. Scoped OAuth requires: `custom_fields.write`
holdout2,pagerduty,/services/custom_fields/{field_id}/field_options/{field_option_id},DELETE,deleteServiceCustomFieldOption,Delete a Field Option,Delete a field option. Scoped OAuth requires: `custom_fields.write`
holdout2,pagerduty,/services/{id},PUT,updateService,Update a service,"Update an existing service. A service may represent an application, component, or team you wish to open incidents against. There is a limit of 100,000 open Incidents per Service. If the limit is reached and you disable `auto_resolve_timeout` (set to 0 or null), the API will respond with an error. For more information see the [API Concepts Document](../../api-reference/a47605517c19a-api-concepts#services) Scoped OAuth requires: `services.write`"
holdout2,pagerduty,/services/{id}/enablements,GET,listServiceFeatureEnablements,Get Enablements for a Service,"List all feature enablement settings for a service. Currently, only the `aiops` enablement is supported. For any account with the AIOps product addon, every service will have AIOps features enabled by default. **Warning conditions**: - If the account is not entitled to use AIOps features, a warning will be returned alongside the enablement data. Scoped OAuth requires: `services.read`"
holdout2,pagerduty,/services/{id}/rules,GET,listServiceEventRules,List Service's Event Rules,"List Event Rules on a Service. > ### End-of-life > Rulesets and Event Rules will end-of-life soon. We highly recommend that you [migrate to Event Orchestration](https://support.pagerduty.com/docs/migrate-to-event-orchestration) as soon as possible so you can take advantage of the new functionality, such as improved UI, rule creation, APIs and Terraform support, advanced conditions, and rule nesting. Scoped OAuth requires: `services.read`"
holdout2,pagerduty,/services/{id}/rules/{rule_id},PUT,updateServiceEventRule,Update an Event Rule on a Service,"Update an Event Rule on a Service. Note that the endpoint supports partial updates, so any number of the writable fields can be provided. > ### End-of-life > Rulesets and Event Rules will end-of-life soon. We highly recommend that you [migrate to Event Orchestration](https://support.pagerduty.com/docs/migrate-to-event-orchestration) as soon as possible so you can take advantage of the new functionality, such as improved UI, rule creation, APIs and Terraform support, advanced conditions, and rule nesting. Scoped OAuth requires: `services.write`"
holdout2,pagerduty,/sre_agent/memories/{id},DELETE,deleteSreMemory,Delete an SRE Agent memory,"Permanently delete an SRE Agent memory. Deleting a runbook may not delete it immediately from a currently running conversation, but will remove it from all future conversations. To modify an in progress conversation ask the agent to delete the runbook instead. Scoped OAuth requires: `sre_agent.write`"
holdout2,pagerduty,/standards/{id},PUT,updateStandard,Update a standard,Updates a standard Scoped OAuth requires: `standards.write`
holdout2,pagerduty,/status_dashboards/{id}/service_impacts,GET,getStatusDashboardServiceImpactsById,Get impacted Business Services for a Status Dashboard by `id`.,"Get impacted Business Services for a Status Dashboard by `id` This endpoint does not return an exhaustive list of Business Services but rather provides access to the most impacted on the specified Status Dashboard up to the limit of 200. The returned Business Services are sorted first by Impact, secondarily by most recently impacted, and finally by name. To get Impact information about a specific Business Service on the Status Dashboard that does not appear in the Impact-sorted response, use the `ids[]` parameter on the `/business_services/impacts` endpoint. Scoped OAuth requires: `status_dash"
holdout2,pagerduty,/status_pages/{id}/posts,POST,createStatusPagePost,Create a Status Page Post,Create a Post for a Status Page by Status Page ID. Scoped OAuth requires: `status_pages.write`
holdout2,pagerduty,/status_pages/{id}/posts/{post_id}/post_updates,POST,createStatusPagePostUpdate,Create a Status Page Post Update,Create a Post Update for a Post by Post ID. Scoped OAuth requires: `status_pages.write`
holdout2,pagerduty,/status_pages/{id}/posts/{post_id}/postmortem,GET,getPostmortem,Get a Post Postmortem,Get a Postmortem for a Post by Post ID. Scoped OAuth requires: `status_pages.read`
holdout2,pagerduty,/status_pages/{id}/severities/{severity_id},GET,getStatusPageSeverity,Get a Status Page Severity,Get a Severity for a Status Page by Status Page ID and Severity ID. Scoped OAuth requires: `status_pages.read`
holdout2,pagerduty,/status_pages/{id}/subscriptions/{subscription_id},DELETE,deleteStatusPageSubscription,Delete a Status Page Subscription,Delete a Subscription for a Status Page by Status Page ID and Subscription ID. Scoped OAuth requires: `status_pages.write`
holdout2,pagerduty,/tags/{id},GET,getTag,Get a tag,"Get details about an existing Tag. A Tag is applied to Escalation Policies, Teams or Users and can be used to filter them. For more information see the [API Concepts Document](../../api-reference/a47605517c19a-api-concepts#tags) Scoped OAuth requires: `tags.read`"
holdout2,pagerduty,/teams/{id},GET,getTeam,Get a team,Get details about an existing team. A team is a collection of Users and Escalation Policies that represent a group of people within an organization. For more information see the [API Concepts Document](../../api-reference/a47605517c19a-api-concepts#teams) Scoped OAuth requires: `teams.read`
holdout2,pagerduty,/teams/{id}/members,GET,listTeamUsers,List members of a team,Get information about members on a team. A team is a collection of Users and Escalation Policies that represent a group of people within an organization. For more information see the [API Concepts Document](../../api-reference/a47605517c19a-api-concepts#teams) Scoped OAuth requires: `teams.read`
holdout2,pagerduty,/teams/{id}/users/{user_id},PUT,updateTeamUser,Add a user to a team,Add a user to a team. Attempting to add a user with the `read_only_user` role will return a 400 error. A team is a collection of Users and Escalation Policies that represent a group of people within an organization. For more information see the [API Concepts Document](../../api-reference/a47605517c19a-api-concepts#teams) Scoped OAuth requires: `teams.write`
holdout2,pagerduty,/templates/{id},GET,getTemplate,Get a template,Get a single template on the account Scoped OAuth requires: `templates.read`
holdout2,pagerduty,/users/me,GET,getCurrentUser,Get the current user,Get details about the current user. This endpoint can only be used with a [user-level API key](https://support.pagerduty.com/docs/using-the-api#section-generating-a-personal-rest-api-key) or a key generated through an OAuth flow. This will not work if the request is made with an account-level access token. Users are members of a PagerDuty account that have the ability to interact with Incidents and other data on the account. For more information see the [API Concepts Document](../../api-reference/a47605517c19a-api-concepts#users)
holdout2,pagerduty,/users/{id}/contact_methods,GET,getUserContactMethods,List a user's contact methods,List contact methods of your PagerDuty user. Users are members of a PagerDuty account that have the ability to interact with Incidents and other data on the account. For more information see the [API Concepts Document](../../api-reference/a47605517c19a-api-concepts#users) Scoped OAuth requires: `users:contact_methods.read`
holdout2,pagerduty,/users/{id}/license,GET,getUserLicense,Get the License allocated to a User,Get the License allocated to a User Scoped OAuth requires: `licenses.read`
holdout2,pagerduty,/users/{id}/notification_rules/{notification_rule_id},PUT,updateUserNotificationRule,Update a user's notification rule,Update a user's notification rule. Users are members of a PagerDuty account that have the ability to interact with Incidents and other data on the account. For more information see the [API Concepts Document](../../api-reference/a47605517c19a-api-concepts#users) Scoped OAuth requires: `users:contact_methods.write`
holdout2,pagerduty,/users/{id}/oauth_delegations/{delegation_id},GET,getUserDelegation,Get a user's delegation,"Get details about a specific OAuth delegation. This endpoint replaces the deprecated `/users/{id}/sessions/{session_id}` endpoint. **Required OAuth Scope:** For Scoped OAuth requests, this operation requires the `oauth_delegations.read` scope. Scoped OAuth requires: `oauth_delegations.read`"
holdout2,pagerduty,/users/{id}/oncall_handoff_notification_rules/{oncall_handoff_notification_rule_id},PUT,updateUserHandoffNotification,Update a User's Handoff Notification Rule,Update a User's Handoff Notification Rule. Users are members of a PagerDuty account that have the ability to interact with Incidents and other data on the account. For more information see the [API Concepts Document](../../api-reference/a47605517c19a-api-concepts#users) Scoped OAuth requires: `users.write`
holdout2,pagerduty,/users/{id}/sessions/{type}/{session_id},GET,getUserSession,Get a user's session,"> ### Deprecated > This endpoint is deprecated, please use the [Get OAuth Delegation endpoint](https://developer.pagerduty.com/api-reference//e3c7cd550aa2b-get-a-user-oauth-delegation) instead. Get details about a user's session. Beginning November 2021, user sessions no longer includes newly issued OAuth tokens. Users are members of a PagerDuty account that have the ability to interact with Incidents and other data on the account. For more information see the [API Concepts Document](../../api-reference/a47605517c19a-api-concepts#users) Scoped OAuth requires: `users:sessions.read`"
holdout2,pagerduty,/users/{id}/status_update_notification_rules/{status_update_notification_rule_id},PUT,updateUserStatusUpdateNotificationRule,Update a user's status update notification rule,Update a user's status update notification rule. Users are members of a PagerDuty account that have the ability to interact with Incidents and other data on the account. For more information see the [API Concepts Document](../../api-reference/a47605517c19a-api-concepts#users) Scoped OAuth requires: `users.write`
holdout2,pagerduty,/v3/schedules/{id},PUT,updateScheduleV3,Update a schedule,"> **Important note:** Shift-based schedules use the V3 API and are not compatible with V2 automations. **To create automations for Shift-Based Schedules, you need to:** > > 1. **Update your automations** to use the V3 API for all new shift-based schedules > 2. **Keep the V2 endpoint** for your existing schedules > > An upgrade tool for existing schedules is coming soon; your legacy schedules will keep working in the meantime. [Learn more](https://support.pagerduty.com/main/docs/shift-based-schedules-api-upgrade-examples). Update schedule metadata (name, description, time zone). All fields are "
holdout2,pagerduty,/v3/schedules/{id}/custom_shifts/{custom_shift_id},GET,getCustomShift,Get a custom shift,"> **Important note:** Shift-based schedules use the V3 API and are not compatible with V2 automations. **To create automations for Shift-Based Schedules, you need to:** > > 1. **Update your automations** to use the V3 API for all new shift-based schedules > 2. **Keep the V2 endpoint** for your existing schedules > > An upgrade tool for existing schedules is coming soon; your legacy schedules will keep working in the meantime. [Learn more](https://support.pagerduty.com/main/docs/shift-based-schedules-api-upgrade-examples). Retrieve a single custom shift by ID."
holdout2,pagerduty,/v3/schedules/{id}/overrides/{override_id},GET,getOverride,Get an override,"> **Important note:** Shift-based schedules use the V3 API and are not compatible with V2 automations. **To create automations for Shift-Based Schedules, you need to:** > > 1. **Update your automations** to use the V3 API for all new shift-based schedules > 2. **Keep the V2 endpoint** for your existing schedules > > An upgrade tool for existing schedules is coming soon; your legacy schedules will keep working in the meantime. [Learn more](https://support.pagerduty.com/main/docs/shift-based-schedules-api-upgrade-examples). Retrieve a single override by ID."
holdout2,pagerduty,/v3/schedules/{id}/rotations/{rotation_id},GET,getRotation,Get a rotation,"> **Important note:** Shift-based schedules use the V3 API and are not compatible with V2 automations. **To create automations for Shift-Based Schedules, you need to:** > > 1. **Update your automations** to use the V3 API for all new shift-based schedules > 2. **Keep the V2 endpoint** for your existing schedules > > An upgrade tool for existing schedules is coming soon; your legacy schedules will keep working in the meantime. [Learn more](https://support.pagerduty.com/main/docs/shift-based-schedules-api-upgrade-examples). Retrieve a rotation by ID including all its events."
holdout2,pagerduty,/v3/schedules/{id}/rotations/{rotation_id}/events/{event_id},PUT,updateEvent,Update an event,"> **Important note:** Shift-based schedules use the V3 API and are not compatible with V2 automations. **To create automations for Shift-Based Schedules, you need to:** > > 1. **Update your automations** to use the V3 API for all new shift-based schedules > 2. **Keep the V2 endpoint** for your existing schedules > > An upgrade tool for existing schedules is coming soon; your legacy schedules will keep working in the meantime. [Learn more](https://support.pagerduty.com/main/docs/shift-based-schedules-api-upgrade-examples). Update an existing event. **Restrictions based on event timing:** - **Pa"
holdout2,pagerduty,/webhook_subscriptions/oauth_clients,GET,listOauthClients,List OAuth clients,List all OAuth clients for webhook subscriptions. Maximum of 10 clients per account. Requires admin or owner role permissions.
holdout2,pagerduty,/webhook_subscriptions/{id},DELETE,deleteWebhookSubscription,Delete a webhook subscription,Deletes a webhook subscription. Scoped OAuth requires: `webhook_subscriptions.write`
holdout2,pagerduty,/workflows/integrations,GET,listWorkflowIntegrations,List Workflow Integrations,List available Workflow Integrations. Scoped OAuth requires: `workflow_integrations.read`
holdout2,pagerduty,/workflows/integrations/{integration_id}/connections/{id},DELETE,deleteWorkflowIntegrationConnection,Delete Workflow Integration Connection,Delete a Workflow Integration Connection. Scoped OAuth requires: `workflow_integrations:connections.write`
holdout2,adyen,/applePay/sessions,POST,post-applePay-sessions,Get an Apple Pay session,You need to use this endpoint if you have an API-only integration with Apple Pay which uses Adyen's Apple Pay certificate. The endpoint returns the Apple Pay session data which you need to complete the [Apple Pay session validation](https://docs.adyen.com/payment-methods/apple-pay/api-only?tab=adyen-certificate-validation_1#complete-apple-pay-session-validation).
holdout2,adyen,/cancels,POST,post-cancels,Cancel an authorised payment,"Cancels the authorisation on a payment that has not yet been [captured](https://docs.adyen.com/api-explorer/#/CheckoutService/latest/post/payments/{paymentPspReference}/captures), and returns a unique reference for this request. You get the outcome of the request asynchronously, in a [**TECHNICAL_CANCEL** webhook](https://docs.adyen.com/online-payments/cancel#cancellation-webhook). If you want to cancel a payment using the [`pspReference`](https://docs.adyen.com/api-explorer/Checkout/latest/post/payments#responses-200-pspReference), use the [`/payments/{paymentPspReference}/cancels`](https://d"
holdout2,adyen,/cardDetails,POST,post-cardDetails,Get the brands and other details of a card,"Use this endpoint to get information about the card or network token that enables you to decide on the routing of the transaction and the eligibility of the card for the type of transaction. If you include [your supported brands](https://docs.adyen.com/api-explorer/#/CheckoutService/latest/post/cardDetails__reqParam_supportedBrands) in the request, the response also tells you if you support each [brand that was identified on the card](https://docs.adyen.com/api-explorer/Checkout/latest/post/cardDetails#responses-200-brands). If you have an API-only integration and collect card data, use this e"
holdout2,adyen,/donationCampaigns,POST,post-donationCampaigns,Get a list of donation campaigns.,"Queries the available donation campaigns for a donation based on the donation context (like merchant account, currency, and locale). The response contains active donation campaigns."
holdout2,adyen,/donations,POST,post-donations,Make a donation,"Takes in the donation token generated by the `/payments` request and uses it to make the donation. For more information, see [Donations](https://docs.adyen.com/online-payments/donations)."
holdout2,adyen,/forward,POST,post-forward,Forward stored payment details,"Forwards the payment details you stored with Adyen to a third-party that you specify and returns the response from the third-party. Supports forwarding stored card details or [network tokens](https://docs.adyen.com/online-payments/network-tokenization). For more information, see [Forward stored payment details](https://docs.adyen.com/online-payments/tokenization/forward-payment-details)."
holdout2,adyen,/orders,POST,post-orders,Create an order,Creates an order to be used for partial payments. Make a POST `/orders` call before making a `/payments` call when processing payments with different payment methods.
holdout2,adyen,/orders/cancel,POST,post-orders-cancel,Cancel an order,"Cancels an order. Cancellation of an order results in an automatic rollback of all payments made in the order, either by canceling or refunding the payment, depending on the type of payment method."
holdout2,adyen,/originKeys,POST,post-originKeys,Create originKey values for domains,"This operation takes the origin domains and returns a JSON object containing the corresponding origin keys for the domains. > If you're still using origin key for your Web Drop-in or Components integration, we recommend [switching to client key](https://docs.adyen.com/development-resources/client-side-authentication/migrate-from-origin-key-to-client-key). This allows you to use a single key for all origins, add or remove origins without generating a new key, and detect the card type from the number entered in your payment form."
holdout2,adyen,/paymentLinks,POST,post-paymentLinks,Create a payment link,"Creates a payment link to a [Pay by Link](https://docs.adyen.com/unified-commerce/pay-by-link/) page where the shopper can pay. The list of payment methods presented to the shopper depends on the `currency` and `country` parameters sent in the request. For more information, refer to [Pay by Link documentation](https://docs.adyen.com/online-payments/pay-by-link#create-payment-links-through-api)."
holdout2,adyen,/paymentLinks/{linkId},GET,get-paymentLinks-linkId,Get a payment link,Retrieves the payment link details using the payment link `id`.
holdout2,adyen,/paymentLinks/{linkId},PATCH,patch-paymentLinks-linkId,Update the status of a payment link,Updates the status of a payment link. Use this endpoint to [force the expiry of a payment link](https://docs.adyen.com/online-payments/pay-by-link#update-payment-link-status).
holdout2,adyen,/paymentMethods,POST,post-paymentMethods,Get a list of available payment methods,"Retrieves the list of available payment methods for the transaction, based on the transaction information like amount, country, and currency."
holdout2,adyen,/paymentMethods/balance,POST,post-paymentMethods-balance,Get the balance of a gift card,"Retrieves the balance remaining on a shopper's gift card. To check a gift card's balance, make a POST `/paymentMethods/balance` call and include the gift card's details inside a `paymentMethod` object."
holdout2,adyen,/payments,POST,post-payments,Start a transaction,"Sends payment parameters (like amount, country, and currency) together with other required input details collected from the shopper. To know more about required parameters for specific payment methods, refer to our [payment method guides](https://docs.adyen.com/payment-methods). The response depends on the [payment flow](https://docs.adyen.com/payment-methods#payment-flow): * For a direct flow, the response includes a `pspReference` and a `resultCode` with the payment result, for example **Authorised** or **Refused**. * For a redirect or additional action, the response contains an `action` obj"
holdout2,adyen,/payments/details,POST,post-payments-details,Submit details for a payment,"Submits details for a payment created using `/payments`. This step is only needed when no final state has been reached on the `/payments` request, for example when the shopper was redirected to another page to complete the payment."
holdout2,adyen,/payments/{paymentPspReference}/amountUpdates,POST,post-payments-paymentPspReference-amountUpdates,Update an authorised amount,"Increases or decreases the authorised payment amount and returns a unique reference for this request. You get the outcome of the request asynchronously, in an [**AUTHORISATION_ADJUSTMENT** webhook](https://docs.adyen.com/development-resources/webhooks/webhook-types/#event-codes). You can only update authorised amounts that have not yet been [captured](https://docs.adyen.com/api-explorer/#/CheckoutService/latest/post/payments/{paymentPspReference}/captures). The amount you specify in the request is the updated amount, which is larger or smaller than the initial authorised amount. For more infor"
holdout2,adyen,/payments/{paymentPspReference}/cancels,POST,post-payments-paymentPspReference-cancels,Cancel an authorised payment,"Cancels the authorisation on a payment that has not yet been [captured](https://docs.adyen.com/api-explorer/#/CheckoutService/latest/post/payments/{paymentPspReference}/captures), and returns a unique reference for this request. You get the outcome of the request asynchronously, in a [**CANCELLATION** webhook](https://docs.adyen.com/online-payments/cancel#cancellation-webhook). If you want to cancel a payment but don't have the [`pspReference`](https://docs.adyen.com/api-explorer/Checkout/latest/post/payments#responses-200-pspReference), use the [`/cancels`](https://docs.adyen.com/api-explorer"
holdout2,adyen,/payments/{paymentPspReference}/captures,POST,post-payments-paymentPspReference-captures,Capture an authorised payment,"Captures an authorised payment and returns a unique reference for this request. You get the outcome of the request asynchronously, in a [**CAPTURE** webhook](https://docs.adyen.com/online-payments/capture#capture-notification). You can capture either the full authorised amount or a part of the authorised amount. By default, any unclaimed amount after a partial capture gets cancelled. This does not apply if you enabled multiple partial captures on your account and the payment method supports multiple partial captures. [Automatic capture](https://docs.adyen.com/online-payments/capture#automatic-"
holdout2,adyen,/payments/{paymentPspReference}/refunds,POST,post-payments-paymentPspReference-refunds,Refund a captured payment,"Refunds a payment that has been [captured](https://docs.adyen.com/api-explorer/#/CheckoutService/latest/post/payments/{paymentPspReference}/captures), and returns a unique reference for this request. You get the outcome of the request asynchronously, in a [**REFUND** webhook](https://docs.adyen.com/online-payments/refund#refund-webhook). You can refund either the full captured amount or a part of the captured amount. You can also perform multiple partial refunds, as long as their sum doesn't exceed the captured amount. > Some payment methods do not support partial refunds. To learn if a paymen"
holdout2,adyen,/payments/{paymentPspReference}/reversals,POST,post-payments-paymentPspReference-reversals,Refund or cancel a payment,"[Refunds](https://docs.adyen.com/api-explorer/#/CheckoutService/latest/post/payments/{paymentPspReference}/refunds) a payment if it has already been captured, and [cancels](https://docs.adyen.com/api-explorer/#/CheckoutService/latest/post/payments/{paymentPspReference}/cancels) a payment if it has not yet been captured. Returns a unique reference for this request. You get the outcome of the request asynchronously, in a [**CANCEL_OR_REFUND** webhook](https://docs.adyen.com/online-payments/reversal/#cancel-or-refund-webhook). The reversed amount is always the full payment amount. > Do not use th"
holdout2,adyen,/paypal/updateOrder,POST,post-paypal-updateOrder,Updates the order for PayPal Express Checkout,Updates the order for PayPal Express Checkout. This can be used to update the PayPal lightbox with an updated amount and delivery methods based on the delivery address.
holdout2,adyen,/sessions,POST,post-sessions,Create a payment session,"Creates a payment session for [Drop-in](https://docs.adyen.com/online-payments/build-your-integration/sessions-flow/?platform=Web&integration=Drop-in), [Components](https://docs.adyen.com/online-payments/build-your-integration/sessions-flow/?platform=Web&integration=Components), and [Hosted Checkout](https://docs.adyen.com/online-payments/build-your-integration/sessions-flow/?platform=Web&integration=Hosted+Checkout) integrations. The response contains encrypted payment session data. The front end then uses the session data to make any required server-side calls for the payment flow. You get t"
holdout2,adyen,/sessions/{sessionId},GET,get-sessions-sessionId,Get the result of a payment session,Returns the status of the payment session with the `sessionId` and `sessionResult` specified in the path.
holdout2,adyen,/storedPaymentMethods,GET,get-storedPaymentMethods,Get tokens for stored payment details,"Lists the tokens for stored payment details for the shopper identified in the path, if there are any available. The token ID can be used with payment requests for the shopper's payment. A summary of the stored details is included."
holdout2,adyen,/storedPaymentMethods,POST,post-storedPaymentMethods,Create a token to store payment details,Creates a token to store the shopper's payment details. This token can be used for the shopper's future payments.
holdout2,adyen,/storedPaymentMethods/{storedPaymentMethodId},DELETE,delete-storedPaymentMethods-storedPaymentMethodId,Delete a token for stored payment details,Deletes the token identified in the path. The token can no longer be used with payment requests.
holdout2,adyen,/validateShopperId,POST,post-validateShopperId,Validates shopper Id,Validates the shopperId.
