row_id,part,provider,method,path,operationId
r0001,21,stripe,GET,/v1/account,GetAccount
r0002,4,stripe,POST,/v1/account_links,PostAccountLinks
r0003,2,stripe,POST,/v1/account_sessions,PostAccountSessions
r0004,18,stripe,GET,/v1/accounts,GetAccounts
r0005,20,stripe,POST,/v1/accounts,PostAccounts
r0006,19,stripe,GET,/v1/accounts/{account},GetAccountsAccount
r0007,15,stripe,POST,/v1/accounts/{account},PostAccountsAccount
r0008,2,stripe,DELETE,/v1/accounts/{account},DeleteAccountsAccount
r0009,12,stripe,POST,/v1/accounts/{account}/bank_accounts,PostAccountsAccountBankAccounts
r0010,2,stripe,GET,/v1/accounts/{account}/bank_accounts/{id},GetAccountsAccountBankAccountsId
r0011,16,stripe,POST,/v1/accounts/{account}/bank_accounts/{id},PostAccountsAccountBankAccountsId
r0012,20,stripe,DELETE,/v1/accounts/{account}/bank_accounts/{id},DeleteAccountsAccountBankAccountsId
r0013,6,stripe,GET,/v1/accounts/{account}/capabilities,GetAccountsAccountCapabilities
r0014,17,stripe,GET,/v1/accounts/{account}/capabilities/{capability},GetAccountsAccountCapabilitiesCapability
r0015,12,stripe,POST,/v1/accounts/{account}/capabilities/{capability},PostAccountsAccountCapabilitiesCapability
r0016,4,stripe,GET,/v1/accounts/{account}/external_accounts,GetAccountsAccountExternalAccounts
r0017,7,stripe,POST,/v1/accounts/{account}/external_accounts,PostAccountsAccountExternalAccounts
r0018,10,stripe,GET,/v1/accounts/{account}/external_accounts/{id},GetAccountsAccountExternalAccountsId
r0019,14,stripe,POST,/v1/accounts/{account}/external_accounts/{id},PostAccountsAccountExternalAccountsId
r0020,20,stripe,DELETE,/v1/accounts/{account}/external_accounts/{id},DeleteAccountsAccountExternalAccountsId
r0021,14,stripe,POST,/v1/accounts/{account}/login_links,PostAccountsAccountLoginLinks
r0022,2,stripe,GET,/v1/accounts/{account}/people,GetAccountsAccountPeople
r0023,15,stripe,POST,/v1/accounts/{account}/people,PostAccountsAccountPeople
r0024,10,stripe,GET,/v1/accounts/{account}/people/{person},GetAccountsAccountPeoplePerson
r0025,4,stripe,POST,/v1/accounts/{account}/people/{person},PostAccountsAccountPeoplePerson
r0026,14,stripe,DELETE,/v1/accounts/{account}/people/{person},DeleteAccountsAccountPeoplePerson
r0027,18,stripe,GET,/v1/accounts/{account}/persons,GetAccountsAccountPersons
r0028,19,stripe,POST,/v1/accounts/{account}/persons,PostAccountsAccountPersons
r0029,17,stripe,GET,/v1/accounts/{account}/persons/{person},GetAccountsAccountPersonsPerson
r0030,12,stripe,POST,/v1/accounts/{account}/persons/{person},PostAccountsAccountPersonsPerson
r0031,11,stripe,DELETE,/v1/accounts/{account}/persons/{person},DeleteAccountsAccountPersonsPerson
r0032,2,stripe,POST,/v1/accounts/{account}/reject,PostAccountsAccountReject
r0033,1,stripe,POST,/v1/accounts/{account}/unreject,PostAccountsAccountUnreject
r0034,3,stripe,GET,/v1/apple_pay/domains,GetApplePayDomains
r0035,13,stripe,POST,/v1/apple_pay/domains,PostApplePayDomains
r0036,16,stripe,GET,/v1/apple_pay/domains/{domain},GetApplePayDomainsDomain
r0037,20,stripe,DELETE,/v1/apple_pay/domains/{domain},DeleteApplePayDomainsDomain
r0038,7,stripe,GET,/v1/application_fees,GetApplicationFees
r0039,16,stripe,GET,/v1/application_fees/{fee}/refunds/{id},GetApplicationFeesFeeRefundsId
r0040,10,stripe,POST,/v1/application_fees/{fee}/refunds/{id},PostApplicationFeesFeeRefundsId
r0041,13,stripe,GET,/v1/application_fees/{id},GetApplicationFeesId
r0042,7,stripe,POST,/v1/application_fees/{id}/refund,PostApplicationFeesIdRefund
r0043,4,stripe,GET,/v1/application_fees/{id}/refunds,GetApplicationFeesIdRefunds
r0044,2,stripe,POST,/v1/application_fees/{id}/refunds,PostApplicationFeesIdRefunds
r0045,3,stripe,GET,/v1/apps/secrets,GetAppsSecrets
r0046,4,stripe,POST,/v1/apps/secrets,PostAppsSecrets
r0047,21,stripe,POST,/v1/apps/secrets/delete,PostAppsSecretsDelete
r0048,8,stripe,GET,/v1/apps/secrets/find,GetAppsSecretsFind
r0049,11,stripe,GET,/v1/balance,GetBalance
r0050,20,stripe,GET,/v1/balance/history,GetBalanceHistory
r0051,8,stripe,GET,/v1/balance/history/{id},GetBalanceHistoryId
r0052,12,stripe,GET,/v1/balance_settings,GetBalanceSettings
r0053,8,stripe,POST,/v1/balance_settings,PostBalanceSettings
r0054,16,stripe,GET,/v1/balance_transactions,GetBalanceTransactions
r0055,21,stripe,GET,/v1/balance_transactions/{id},GetBalanceTransactionsId
r0056,7,stripe,GET,/v1/billing/alerts,GetBillingAlerts
r0057,21,stripe,POST,/v1/billing/alerts,PostBillingAlerts
r0058,14,stripe,GET,/v1/billing/alerts/{id},GetBillingAlertsId
r0059,6,stripe,POST,/v1/billing/alerts/{id}/activate,PostBillingAlertsIdActivate
r0060,9,stripe,POST,/v1/billing/alerts/{id}/archive,PostBillingAlertsIdArchive
r0061,17,stripe,POST,/v1/billing/alerts/{id}/deactivate,PostBillingAlertsIdDeactivate
r0062,12,stripe,GET,/v1/billing/credit_balance_summary,GetBillingCreditBalanceSummary
r0063,15,stripe,GET,/v1/billing/credit_balance_transactions,GetBillingCreditBalanceTransactions
r0064,12,stripe,GET,/v1/billing/credit_balance_transactions/{id},GetBillingCreditBalanceTransactionsId
r0065,1,stripe,GET,/v1/billing/credit_grants,GetBillingCreditGrants
r0066,10,stripe,POST,/v1/billing/credit_grants,PostBillingCreditGrants
r0067,6,stripe,GET,/v1/billing/credit_grants/{id},GetBillingCreditGrantsId
r0068,8,stripe,POST,/v1/billing/credit_grants/{id},PostBillingCreditGrantsId
r0069,14,stripe,POST,/v1/billing/credit_grants/{id}/expire,PostBillingCreditGrantsIdExpire
r0070,13,stripe,POST,/v1/billing/credit_grants/{id}/void,PostBillingCreditGrantsIdVoid
r0071,7,stripe,GET,/v1/billing/feedback_options,GetBillingFeedbackOptions
r0072,20,stripe,POST,/v1/billing/feedback_options,PostBillingFeedbackOptions
r0073,12,stripe,GET,/v1/billing/feedback_options/{id},GetBillingFeedbackOptionsId
r0074,10,stripe,POST,/v1/billing/feedback_options/{id},PostBillingFeedbackOptionsId
r0075,4,stripe,POST,/v1/billing/feedback_options/{id}/deactivate,PostBillingFeedbackOptionsIdDeactivate
r0076,8,stripe,POST,/v1/billing/meter_event_adjustments,PostBillingMeterEventAdjustments
r0077,8,stripe,POST,/v1/billing/meter_events,PostBillingMeterEvents
r0078,3,stripe,GET,/v1/billing/meters,GetBillingMeters
r0079,18,stripe,POST,/v1/billing/meters,PostBillingMeters
r0080,19,stripe,GET,/v1/billing/meters/{id},GetBillingMetersId
r0081,2,stripe,POST,/v1/billing/meters/{id},PostBillingMetersId
r0082,19,stripe,POST,/v1/billing/meters/{id}/deactivate,PostBillingMetersIdDeactivate
r0083,13,stripe,GET,/v1/billing/meters/{id}/event_summaries,GetBillingMetersIdEventSummaries
r0084,13,stripe,POST,/v1/billing/meters/{id}/reactivate,PostBillingMetersIdReactivate
r0085,18,stripe,GET,/v1/billing_portal/configurations,GetBillingPortalConfigurations
r0086,7,stripe,POST,/v1/billing_portal/configurations,PostBillingPortalConfigurations
r0087,14,stripe,GET,/v1/billing_portal/configurations/{configuration},GetBillingPortalConfigurationsConfiguration
r0088,6,stripe,POST,/v1/billing_portal/configurations/{configuration},PostBillingPortalConfigurationsConfiguration
r0089,2,stripe,POST,/v1/billing_portal/sessions,PostBillingPortalSessions
r0090,12,stripe,GET,/v1/charges,GetCharges
r0091,10,stripe,POST,/v1/charges,PostCharges
r0092,4,stripe,GET,/v1/charges/search,GetChargesSearch
r0093,2,stripe,GET,/v1/charges/{charge},GetChargesCharge
r0094,3,stripe,POST,/v1/charges/{charge},PostChargesCharge
r0095,7,stripe,POST,/v1/charges/{charge}/capture,PostChargesChargeCapture
r0096,2,stripe,GET,/v1/charges/{charge}/dispute,GetChargesChargeDispute
r0097,19,stripe,POST,/v1/charges/{charge}/dispute,PostChargesChargeDispute
r0098,3,stripe,POST,/v1/charges/{charge}/dispute/close,PostChargesChargeDisputeClose
r0099,10,stripe,POST,/v1/charges/{charge}/refund,PostChargesChargeRefund
r0100,1,stripe,GET,/v1/charges/{charge}/refunds,GetChargesChargeRefunds
r0101,10,stripe,POST,/v1/charges/{charge}/refunds,PostChargesChargeRefunds
r0102,7,stripe,GET,/v1/charges/{charge}/refunds/{refund},GetChargesChargeRefundsRefund
r0103,21,stripe,POST,/v1/charges/{charge}/refunds/{refund},PostChargesChargeRefundsRefund
r0104,21,stripe,GET,/v1/checkout/sessions,GetCheckoutSessions
r0105,15,stripe,POST,/v1/checkout/sessions,PostCheckoutSessions
r0106,17,stripe,GET,/v1/checkout/sessions/{session},GetCheckoutSessionsSession
r0107,19,stripe,POST,/v1/checkout/sessions/{session},PostCheckoutSessionsSession
r0108,11,stripe,POST,/v1/checkout/sessions/{session}/expire,PostCheckoutSessionsSessionExpire
r0109,6,stripe,GET,/v1/checkout/sessions/{session}/line_items,GetCheckoutSessionsSessionLineItems
r0110,3,stripe,GET,/v1/climate/orders,GetClimateOrders
r0111,5,stripe,POST,/v1/climate/orders,PostClimateOrders
r0112,21,stripe,GET,/v1/climate/orders/{order},GetClimateOrdersOrder
r0113,2,stripe,POST,/v1/climate/orders/{order},PostClimateOrdersOrder
r0114,18,stripe,POST,/v1/climate/orders/{order}/cancel,PostClimateOrdersOrderCancel
r0115,3,stripe,GET,/v1/climate/products,GetClimateProducts
r0116,15,stripe,GET,/v1/climate/products/{product},GetClimateProductsProduct
r0117,11,stripe,GET,/v1/climate/suppliers,GetClimateSuppliers
r0118,2,stripe,GET,/v1/climate/suppliers/{supplier},GetClimateSuppliersSupplier
r0119,17,stripe,GET,/v1/confirmation_tokens/{confirmation_token},GetConfirmationTokensConfirmationToken
r0120,11,stripe,GET,/v1/country_specs,GetCountrySpecs
r0121,18,stripe,GET,/v1/country_specs/{country},GetCountrySpecsCountry
r0122,19,stripe,GET,/v1/coupons,GetCoupons
r0123,9,stripe,POST,/v1/coupons,PostCoupons
r0124,12,stripe,GET,/v1/coupons/{coupon},GetCouponsCoupon
r0125,12,stripe,POST,/v1/coupons/{coupon},PostCouponsCoupon
r0126,20,stripe,DELETE,/v1/coupons/{coupon},DeleteCouponsCoupon
r0127,9,stripe,GET,/v1/credit_notes,GetCreditNotes
r0128,19,stripe,POST,/v1/credit_notes,PostCreditNotes
r0129,6,stripe,GET,/v1/credit_notes/preview,GetCreditNotesPreview
r0130,8,stripe,GET,/v1/credit_notes/preview/lines,GetCreditNotesPreviewLines
r0131,5,stripe,GET,/v1/credit_notes/{credit_note}/lines,GetCreditNotesCreditNoteLines
r0132,1,stripe,GET,/v1/credit_notes/{id},GetCreditNotesId
r0133,6,stripe,POST,/v1/credit_notes/{id},PostCreditNotesId
r0134,8,stripe,POST,/v1/credit_notes/{id}/void,PostCreditNotesIdVoid
r0135,15,stripe,POST,/v1/customer_sessions,PostCustomerSessions
r0136,8,stripe,GET,/v1/customers,GetCustomers
r0137,15,stripe,POST,/v1/customers,PostCustomers
r0138,20,stripe,GET,/v1/customers/search,GetCustomersSearch
r0139,13,stripe,GET,/v1/customers/{customer},GetCustomersCustomer
r0140,7,stripe,POST,/v1/customers/{customer},PostCustomersCustomer
r0141,5,stripe,DELETE,/v1/customers/{customer},DeleteCustomersCustomer
r0142,8,stripe,GET,/v1/customers/{customer}/balance_transactions,GetCustomersCustomerBalanceTransactions
r0143,20,stripe,POST,/v1/customers/{customer}/balance_transactions,PostCustomersCustomerBalanceTransactions
r0144,7,stripe,GET,/v1/customers/{customer}/balance_transactions/{transaction},GetCustomersCustomerBalanceTransactionsTransaction
r0145,11,stripe,POST,/v1/customers/{customer}/balance_transactions/{transaction},PostCustomersCustomerBalanceTransactionsTransaction
r0146,19,stripe,GET,/v1/customers/{customer}/bank_accounts,GetCustomersCustomerBankAccounts
r0147,6,stripe,POST,/v1/customers/{customer}/bank_accounts,PostCustomersCustomerBankAccounts
r0148,12,stripe,GET,/v1/customers/{customer}/bank_accounts/{id},GetCustomersCustomerBankAccountsId
r0149,5,stripe,POST,/v1/customers/{customer}/bank_accounts/{id},PostCustomersCustomerBankAccountsId
r0150,4,stripe,DELETE,/v1/customers/{customer}/bank_accounts/{id},DeleteCustomersCustomerBankAccountsId
r0151,5,stripe,POST,/v1/customers/{customer}/bank_accounts/{id}/verify,PostCustomersCustomerBankAccountsIdVerify
r0152,5,stripe,GET,/v1/customers/{customer}/cards,GetCustomersCustomerCards
r0153,6,stripe,POST,/v1/customers/{customer}/cards,PostCustomersCustomerCards
r0154,15,stripe,GET,/v1/customers/{customer}/cards/{id},GetCustomersCustomerCardsId
r0155,18,stripe,POST,/v1/customers/{customer}/cards/{id},PostCustomersCustomerCardsId
r0156,16,stripe,DELETE,/v1/customers/{customer}/cards/{id},DeleteCustomersCustomerCardsId
r0157,7,stripe,GET,/v1/customers/{customer}/cash_balance,GetCustomersCustomerCashBalance
r0158,19,stripe,POST,/v1/customers/{customer}/cash_balance,PostCustomersCustomerCashBalance
r0159,3,stripe,GET,/v1/customers/{customer}/cash_balance_transactions,GetCustomersCustomerCashBalanceTransactions
r0160,5,stripe,GET,/v1/customers/{customer}/cash_balance_transactions/{transaction},GetCustomersCustomerCashBalanceTransactionsTransaction
r0161,4,stripe,GET,/v1/customers/{customer}/discount,GetCustomersCustomerDiscount
r0162,8,stripe,DELETE,/v1/customers/{customer}/discount,DeleteCustomersCustomerDiscount
r0163,12,stripe,POST,/v1/customers/{customer}/funding_instructions,PostCustomersCustomerFundingInstructions
r0164,14,stripe,GET,/v1/customers/{customer}/payment_methods,GetCustomersCustomerPaymentMethods
r0165,16,stripe,GET,/v1/customers/{customer}/payment_methods/{payment_method},GetCustomersCustomerPaymentMethodsPaymentMethod
r0166,17,stripe,GET,/v1/customers/{customer}/sources,GetCustomersCustomerSources
r0167,16,stripe,POST,/v1/customers/{customer}/sources,PostCustomersCustomerSources
r0168,6,stripe,GET,/v1/customers/{customer}/sources/{id},GetCustomersCustomerSourcesId
r0169,11,stripe,POST,/v1/customers/{customer}/sources/{id},PostCustomersCustomerSourcesId
r0170,7,stripe,DELETE,/v1/customers/{customer}/sources/{id},DeleteCustomersCustomerSourcesId
r0171,6,stripe,POST,/v1/customers/{customer}/sources/{id}/verify,PostCustomersCustomerSourcesIdVerify
r0172,4,stripe,GET,/v1/customers/{customer}/subscriptions,GetCustomersCustomerSubscriptions
r0173,10,stripe,POST,/v1/customers/{customer}/subscriptions,PostCustomersCustomerSubscriptions
r0174,17,stripe,GET,/v1/customers/{customer}/subscriptions/{subscription_exposed_id},GetCustomersCustomerSubscriptionsSubscriptionExposedId
r0175,11,stripe,POST,/v1/customers/{customer}/subscriptions/{subscription_exposed_id},PostCustomersCustomerSubscriptionsSubscriptionExposedId
r0176,1,stripe,DELETE,/v1/customers/{customer}/subscriptions/{subscription_exposed_id},DeleteCustomersCustomerSubscriptionsSubscriptionExposedId
r0177,1,stripe,GET,/v1/customers/{customer}/subscriptions/{subscription_exposed_id}/discount,GetCustomersCustomerSubscriptionsSubscriptionExposedIdDiscount
r0178,18,stripe,DELETE,/v1/customers/{customer}/subscriptions/{subscription_exposed_id}/discount,DeleteCustomersCustomerSubscriptionsSubscriptionExposedIdDiscount
r0179,19,stripe,GET,/v1/customers/{customer}/tax_ids,GetCustomersCustomerTaxIds
r0180,5,stripe,POST,/v1/customers/{customer}/tax_ids,PostCustomersCustomerTaxIds
r0181,21,stripe,GET,/v1/customers/{customer}/tax_ids/{id},GetCustomersCustomerTaxIdsId
r0182,5,stripe,DELETE,/v1/customers/{customer}/tax_ids/{id},DeleteCustomersCustomerTaxIdsId
r0183,20,stripe,GET,/v1/disputes,GetDisputes
r0184,12,stripe,GET,/v1/disputes/{dispute},GetDisputesDispute
r0185,10,stripe,POST,/v1/disputes/{dispute},PostDisputesDispute
r0186,20,stripe,POST,/v1/disputes/{dispute}/close,PostDisputesDisputeClose
r0187,6,stripe,GET,/v1/entitlements/active_entitlements,GetEntitlementsActiveEntitlements
r0188,14,stripe,GET,/v1/entitlements/active_entitlements/{id},GetEntitlementsActiveEntitlementsId
r0189,17,stripe,GET,/v1/entitlements/features,GetEntitlementsFeatures
r0190,11,stripe,POST,/v1/entitlements/features,PostEntitlementsFeatures
r0191,11,stripe,GET,/v1/entitlements/features/{id},GetEntitlementsFeaturesId
r0192,11,stripe,POST,/v1/entitlements/features/{id},PostEntitlementsFeaturesId
r0193,12,stripe,POST,/v1/ephemeral_keys,PostEphemeralKeys
r0194,17,stripe,DELETE,/v1/ephemeral_keys/{key},DeleteEphemeralKeysKey
r0195,4,stripe,GET,/v1/events,GetEvents
r0196,15,stripe,GET,/v1/events/{id},GetEventsId
r0197,10,stripe,GET,/v1/exchange_rates,GetExchangeRates
r0198,8,stripe,GET,/v1/exchange_rates/{rate_id},GetExchangeRatesRateId
r0199,20,stripe,POST,/v1/external_accounts/{id},PostExternalAccountsId
r0200,12,stripe,GET,/v1/file_links,GetFileLinks
r0201,12,stripe,POST,/v1/file_links,PostFileLinks
r0202,5,stripe,GET,/v1/file_links/{link},GetFileLinksLink
r0203,5,stripe,POST,/v1/file_links/{link},PostFileLinksLink
r0204,5,stripe,GET,/v1/files,GetFiles
r0205,8,stripe,POST,/v1/files,PostFiles
r0206,12,stripe,GET,/v1/files/{file},GetFilesFile
r0207,19,stripe,GET,/v1/financial_connections/accounts,GetFinancialConnectionsAccounts
r0208,17,stripe,GET,/v1/financial_connections/accounts/{account},GetFinancialConnectionsAccountsAccount
r0209,16,stripe,POST,/v1/financial_connections/accounts/{account}/disconnect,PostFinancialConnectionsAccountsAccountDisconnect
r0210,18,stripe,GET,/v1/financial_connections/accounts/{account}/owners,GetFinancialConnectionsAccountsAccountOwners
r0211,15,stripe,POST,/v1/financial_connections/accounts/{account}/refresh,PostFinancialConnectionsAccountsAccountRefresh
r0212,9,stripe,POST,/v1/financial_connections/accounts/{account}/subscribe,PostFinancialConnectionsAccountsAccountSubscribe
r0213,18,stripe,POST,/v1/financial_connections/accounts/{account}/unsubscribe,PostFinancialConnectionsAccountsAccountUnsubscribe
r0214,20,stripe,POST,/v1/financial_connections/sessions,PostFinancialConnectionsSessions
r0215,8,stripe,GET,/v1/financial_connections/sessions/{session},GetFinancialConnectionsSessionsSession
r0216,1,stripe,GET,/v1/financial_connections/transactions,GetFinancialConnectionsTransactions
r0217,6,stripe,GET,/v1/financial_connections/transactions/{transaction},GetFinancialConnectionsTransactionsTransaction
r0218,1,stripe,GET,/v1/forwarding/requests,GetForwardingRequests
r0219,14,stripe,POST,/v1/forwarding/requests,PostForwardingRequests
r0220,10,stripe,GET,/v1/forwarding/requests/{id},GetForwardingRequestsId
r0221,14,stripe,GET,/v1/identity/verification_reports,GetIdentityVerificationReports
r0222,21,stripe,GET,/v1/identity/verification_reports/{report},GetIdentityVerificationReportsReport
r0223,20,stripe,GET,/v1/identity/verification_sessions,GetIdentityVerificationSessions
r0224,12,stripe,POST,/v1/identity/verification_sessions,PostIdentityVerificationSessions
r0225,18,stripe,GET,/v1/identity/verification_sessions/{session},GetIdentityVerificationSessionsSession
r0226,19,stripe,POST,/v1/identity/verification_sessions/{session},PostIdentityVerificationSessionsSession
r0227,15,stripe,POST,/v1/identity/verification_sessions/{session}/cancel,PostIdentityVerificationSessionsSessionCancel
r0228,9,stripe,POST,/v1/identity/verification_sessions/{session}/redact,PostIdentityVerificationSessionsSessionRedact
r0229,17,stripe,GET,/v1/invoice_payments,GetInvoicePayments
r0230,2,stripe,GET,/v1/invoice_payments/{invoice_payment},GetInvoicePaymentsInvoicePayment
r0231,9,stripe,GET,/v1/invoice_rendering_templates,GetInvoiceRenderingTemplates
r0232,18,stripe,GET,/v1/invoice_rendering_templates/{template},GetInvoiceRenderingTemplatesTemplate
r0233,19,stripe,POST,/v1/invoice_rendering_templates/{template}/archive,PostInvoiceRenderingTemplatesTemplateArchive
r0234,15,stripe,POST,/v1/invoice_rendering_templates/{template}/unarchive,PostInvoiceRenderingTemplatesTemplateUnarchive
r0235,6,stripe,GET,/v1/invoiceitems,GetInvoiceitems
r0236,13,stripe,POST,/v1/invoiceitems,PostInvoiceitems
r0237,7,stripe,GET,/v1/invoiceitems/{invoiceitem},GetInvoiceitemsInvoiceitem
r0238,10,stripe,POST,/v1/invoiceitems/{invoiceitem},PostInvoiceitemsInvoiceitem
r0239,5,stripe,DELETE,/v1/invoiceitems/{invoiceitem},DeleteInvoiceitemsInvoiceitem
r0240,5,stripe,GET,/v1/invoices,GetInvoices
r0241,4,stripe,POST,/v1/invoices,PostInvoices
r0242,16,stripe,POST,/v1/invoices/create_preview,PostInvoicesCreatePreview
r0243,13,stripe,GET,/v1/invoices/search,GetInvoicesSearch
r0244,2,stripe,GET,/v1/invoices/{invoice},GetInvoicesInvoice
r0245,10,stripe,POST,/v1/invoices/{invoice},PostInvoicesInvoice
r0246,21,stripe,DELETE,/v1/invoices/{invoice},DeleteInvoicesInvoice
r0247,15,stripe,POST,/v1/invoices/{invoice}/add_lines,PostInvoicesInvoiceAddLines
r0248,19,stripe,POST,/v1/invoices/{invoice}/attach_payment,PostInvoicesInvoiceAttachPayment
r0249,18,stripe,POST,/v1/invoices/{invoice}/finalize,PostInvoicesInvoiceFinalize
r0250,4,stripe,GET,/v1/invoices/{invoice}/lines,GetInvoicesInvoiceLines
r0251,1,stripe,POST,/v1/invoices/{invoice}/lines/{line_item_id},PostInvoicesInvoiceLinesLineItemId
r0252,20,stripe,POST,/v1/invoices/{invoice}/mark_uncollectible,PostInvoicesInvoiceMarkUncollectible
r0253,3,stripe,POST,/v1/invoices/{invoice}/pay,PostInvoicesInvoicePay
r0254,3,stripe,POST,/v1/invoices/{invoice}/remove_lines,PostInvoicesInvoiceRemoveLines
r0255,14,stripe,POST,/v1/invoices/{invoice}/send,PostInvoicesInvoiceSend
r0256,14,stripe,POST,/v1/invoices/{invoice}/update_lines,PostInvoicesInvoiceUpdateLines
r0257,5,stripe,POST,/v1/invoices/{invoice}/void,PostInvoicesInvoiceVoid
r0258,12,stripe,GET,/v1/issuing/authorizations,GetIssuingAuthorizations
r0259,2,stripe,GET,/v1/issuing/authorizations/{authorization},GetIssuingAuthorizationsAuthorization
r0260,21,stripe,POST,/v1/issuing/authorizations/{authorization},PostIssuingAuthorizationsAuthorization
r0261,2,stripe,POST,/v1/issuing/authorizations/{authorization}/approve,PostIssuingAuthorizationsAuthorizationApprove
r0262,6,stripe,POST,/v1/issuing/authorizations/{authorization}/decline,PostIssuingAuthorizationsAuthorizationDecline
r0263,7,stripe,GET,/v1/issuing/cardholders,GetIssuingCardholders
r0264,14,stripe,POST,/v1/issuing/cardholders,PostIssuingCardholders
r0265,1,stripe,GET,/v1/issuing/cardholders/{cardholder},GetIssuingCardholdersCardholder
r0266,12,stripe,POST,/v1/issuing/cardholders/{cardholder},PostIssuingCardholdersCardholder
r0267,2,stripe,GET,/v1/issuing/cards,GetIssuingCards
r0268,18,stripe,POST,/v1/issuing/cards,PostIssuingCards
r0269,11,stripe,GET,/v1/issuing/cards/{card},GetIssuingCardsCard
r0270,16,stripe,POST,/v1/issuing/cards/{card},PostIssuingCardsCard
r0271,8,stripe,GET,/v1/issuing/disputes,GetIssuingDisputes
r0272,2,stripe,POST,/v1/issuing/disputes,PostIssuingDisputes
r0273,17,stripe,GET,/v1/issuing/disputes/{dispute},GetIssuingDisputesDispute
r0274,17,stripe,POST,/v1/issuing/disputes/{dispute},PostIssuingDisputesDispute
r0275,16,stripe,POST,/v1/issuing/disputes/{dispute}/submit,PostIssuingDisputesDisputeSubmit
r0276,8,stripe,GET,/v1/issuing/personalization_designs,GetIssuingPersonalizationDesigns
r0277,1,stripe,POST,/v1/issuing/personalization_designs,PostIssuingPersonalizationDesigns
r0278,3,stripe,GET,/v1/issuing/personalization_designs/{personalization_design},GetIssuingPersonalizationDesignsPersonalizationDesign
r0279,13,stripe,POST,/v1/issuing/personalization_designs/{personalization_design},PostIssuingPersonalizationDesignsPersonalizationDesign
r0280,12,stripe,GET,/v1/issuing/physical_bundles,GetIssuingPhysicalBundles
r0281,5,stripe,GET,/v1/issuing/physical_bundles/{physical_bundle},GetIssuingPhysicalBundlesPhysicalBundle
r0282,17,stripe,GET,/v1/issuing/settlements/{settlement},GetIssuingSettlementsSettlement
r0283,21,stripe,POST,/v1/issuing/settlements/{settlement},PostIssuingSettlementsSettlement
r0284,20,stripe,GET,/v1/issuing/tokens,GetIssuingTokens
r0285,9,stripe,GET,/v1/issuing/tokens/{token},GetIssuingTokensToken
r0286,6,stripe,POST,/v1/issuing/tokens/{token},PostIssuingTokensToken
r0287,11,stripe,GET,/v1/issuing/transactions,GetIssuingTransactions
r0288,15,stripe,GET,/v1/issuing/transactions/{transaction},GetIssuingTransactionsTransaction
r0289,2,stripe,POST,/v1/issuing/transactions/{transaction},PostIssuingTransactionsTransaction
r0290,10,stripe,POST,/v1/link_account_sessions,PostLinkAccountSessions
r0291,2,stripe,GET,/v1/link_account_sessions/{session},GetLinkAccountSessionsSession
r0292,19,stripe,GET,/v1/linked_accounts,GetLinkedAccounts
r0293,13,stripe,GET,/v1/linked_accounts/{account},GetLinkedAccountsAccount
r0294,9,stripe,POST,/v1/linked_accounts/{account}/disconnect,PostLinkedAccountsAccountDisconnect
r0295,20,stripe,GET,/v1/linked_accounts/{account}/owners,GetLinkedAccountsAccountOwners
r0296,10,stripe,POST,/v1/linked_accounts/{account}/refresh,PostLinkedAccountsAccountRefresh
r0297,2,stripe,GET,/v1/mandates/{mandate},GetMandatesMandate
r0298,2,stripe,GET,/v1/payment_attempt_records,GetPaymentAttemptRecords
r0299,4,stripe,GET,/v1/payment_attempt_records/{id},GetPaymentAttemptRecordsId
r0300,3,stripe,GET,/v1/payment_intents,GetPaymentIntents
r0301,20,stripe,POST,/v1/payment_intents,PostPaymentIntents
r0302,5,stripe,GET,/v1/payment_intents/search,GetPaymentIntentsSearch
r0303,17,stripe,GET,/v1/payment_intents/{intent},GetPaymentIntentsIntent
r0304,13,stripe,POST,/v1/payment_intents/{intent},PostPaymentIntentsIntent
r0305,13,stripe,GET,/v1/payment_intents/{intent}/amount_details_line_items,GetPaymentIntentsIntentAmountDetailsLineItems
r0306,3,stripe,POST,/v1/payment_intents/{intent}/apply_customer_balance,PostPaymentIntentsIntentApplyCustomerBalance
r0307,8,stripe,POST,/v1/payment_intents/{intent}/cancel,PostPaymentIntentsIntentCancel
r0308,11,stripe,POST,/v1/payment_intents/{intent}/capture,PostPaymentIntentsIntentCapture
r0309,5,stripe,POST,/v1/payment_intents/{intent}/confirm,PostPaymentIntentsIntentConfirm
r0310,15,stripe,POST,/v1/payment_intents/{intent}/increment_authorization,PostPaymentIntentsIntentIncrementAuthorization
r0311,4,stripe,POST,/v1/payment_intents/{intent}/verify_microdeposits,PostPaymentIntentsIntentVerifyMicrodeposits
r0312,16,stripe,GET,/v1/payment_links,GetPaymentLinks
r0313,1,stripe,POST,/v1/payment_links,PostPaymentLinks
r0314,20,stripe,GET,/v1/payment_links/{payment_link},GetPaymentLinksPaymentLink
r0315,20,stripe,POST,/v1/payment_links/{payment_link},PostPaymentLinksPaymentLink
r0316,7,stripe,GET,/v1/payment_links/{payment_link}/line_items,GetPaymentLinksPaymentLinkLineItems
r0317,6,stripe,GET,/v1/payment_method_configurations,GetPaymentMethodConfigurations
r0318,15,stripe,POST,/v1/payment_method_configurations,PostPaymentMethodConfigurations
r0319,13,stripe,GET,/v1/payment_method_configurations/{configuration},GetPaymentMethodConfigurationsConfiguration
r0320,3,stripe,POST,/v1/payment_method_configurations/{configuration},PostPaymentMethodConfigurationsConfiguration
r0321,18,stripe,GET,/v1/payment_method_domains,GetPaymentMethodDomains
r0322,13,stripe,POST,/v1/payment_method_domains,PostPaymentMethodDomains
r0323,11,stripe,GET,/v1/payment_method_domains/{payment_method_domain},GetPaymentMethodDomainsPaymentMethodDomain
r0324,16,stripe,POST,/v1/payment_method_domains/{payment_method_domain},PostPaymentMethodDomainsPaymentMethodDomain
r0325,21,stripe,POST,/v1/payment_method_domains/{payment_method_domain}/validate,PostPaymentMethodDomainsPaymentMethodDomainValidate
r0326,8,stripe,GET,/v1/payment_methods,GetPaymentMethods
r0327,11,stripe,POST,/v1/payment_methods,PostPaymentMethods
r0328,8,stripe,GET,/v1/payment_methods/{payment_method},GetPaymentMethodsPaymentMethod
r0329,5,stripe,POST,/v1/payment_methods/{payment_method},PostPaymentMethodsPaymentMethod
r0330,6,stripe,POST,/v1/payment_methods/{payment_method}/attach,PostPaymentMethodsPaymentMethodAttach
r0331,18,stripe,POST,/v1/payment_methods/{payment_method}/detach,PostPaymentMethodsPaymentMethodDetach
r0332,10,stripe,GET,/v1/payment_records,GetPaymentRecords
r0333,3,stripe,POST,/v1/payment_records/report_payment,PostPaymentRecordsReportPayment
r0334,1,stripe,GET,/v1/payment_records/{id},GetPaymentRecordsId
r0335,11,stripe,POST,/v1/payment_records/{id}/report_payment_attempt,PostPaymentRecordsIdReportPaymentAttempt
r0336,17,stripe,POST,/v1/payment_records/{id}/report_payment_attempt_canceled,PostPaymentRecordsIdReportPaymentAttemptCanceled
r0337,6,stripe,POST,/v1/payment_records/{id}/report_payment_attempt_failed,PostPaymentRecordsIdReportPaymentAttemptFailed
r0338,17,stripe,POST,/v1/payment_records/{id}/report_payment_attempt_guaranteed,PostPaymentRecordsIdReportPaymentAttemptGuaranteed
r0339,8,stripe,POST,/v1/payment_records/{id}/report_payment_attempt_informational,PostPaymentRecordsIdReportPaymentAttemptInformational
r0340,18,stripe,POST,/v1/payment_records/{id}/report_refund,PostPaymentRecordsIdReportRefund
r0341,13,stripe,GET,/v1/payouts,GetPayouts
r0342,10,stripe,POST,/v1/payouts,PostPayouts
r0343,16,stripe,GET,/v1/payouts/{payout},GetPayoutsPayout
r0344,18,stripe,POST,/v1/payouts/{payout},PostPayoutsPayout
r0345,15,stripe,POST,/v1/payouts/{payout}/cancel,PostPayoutsPayoutCancel
r0346,9,stripe,POST,/v1/payouts/{payout}/reverse,PostPayoutsPayoutReverse
r0347,4,stripe,GET,/v1/plans,GetPlans
r0348,12,stripe,POST,/v1/plans,PostPlans
r0349,4,stripe,GET,/v1/plans/{plan},GetPlansPlan
r0350,16,stripe,POST,/v1/plans/{plan},PostPlansPlan
r0351,6,stripe,DELETE,/v1/plans/{plan},DeletePlansPlan
r0352,6,stripe,GET,/v1/prices,GetPrices
r0353,6,stripe,POST,/v1/prices,PostPrices
r0354,7,stripe,GET,/v1/prices/search,GetPricesSearch
r0355,3,stripe,GET,/v1/prices/{price},GetPricesPrice
r0356,12,stripe,POST,/v1/prices/{price},PostPricesPrice
r0357,3,stripe,GET,/v1/products,GetProducts
r0358,19,stripe,POST,/v1/products,PostProducts
r0359,10,stripe,GET,/v1/products/search,GetProductsSearch
r0360,6,stripe,GET,/v1/products/{id},GetProductsId
r0361,19,stripe,POST,/v1/products/{id},PostProductsId
r0362,11,stripe,DELETE,/v1/products/{id},DeleteProductsId
r0363,5,stripe,GET,/v1/products/{product}/features,GetProductsProductFeatures
r0364,16,stripe,POST,/v1/products/{product}/features,PostProductsProductFeatures
r0365,1,stripe,GET,/v1/products/{product}/features/{id},GetProductsProductFeaturesId
r0366,15,stripe,DELETE,/v1/products/{product}/features/{id},DeleteProductsProductFeaturesId
r0367,1,stripe,GET,/v1/promotion_codes,GetPromotionCodes
r0368,21,stripe,POST,/v1/promotion_codes,PostPromotionCodes
r0369,7,stripe,GET,/v1/promotion_codes/{promotion_code},GetPromotionCodesPromotionCode
r0370,10,stripe,POST,/v1/promotion_codes/{promotion_code},PostPromotionCodesPromotionCode
r0371,17,stripe,GET,/v1/quotes,GetQuotes
r0372,10,stripe,POST,/v1/quotes,PostQuotes
r0373,21,stripe,GET,/v1/quotes/{quote},GetQuotesQuote
r0374,14,stripe,POST,/v1/quotes/{quote},PostQuotesQuote
r0375,8,stripe,POST,/v1/quotes/{quote}/accept,PostQuotesQuoteAccept
r0376,6,stripe,POST,/v1/quotes/{quote}/cancel,PostQuotesQuoteCancel
r0377,18,stripe,GET,/v1/quotes/{quote}/computed_upfront_line_items,GetQuotesQuoteComputedUpfrontLineItems
r0378,18,stripe,POST,/v1/quotes/{quote}/finalize,PostQuotesQuoteFinalize
r0379,7,stripe,GET,/v1/quotes/{quote}/line_items,GetQuotesQuoteLineItems
r0380,15,stripe,GET,/v1/quotes/{quote}/pdf,GetQuotesQuotePdf
r0381,2,stripe,GET,/v1/radar/early_fraud_warnings,GetRadarEarlyFraudWarnings
r0382,9,stripe,GET,/v1/radar/early_fraud_warnings/{early_fraud_warning},GetRadarEarlyFraudWarningsEarlyFraudWarning
r0383,10,stripe,POST,/v1/radar/payment_evaluations,PostRadarPaymentEvaluations
r0384,21,stripe,GET,/v1/radar/value_list_items,GetRadarValueListItems
r0385,5,stripe,POST,/v1/radar/value_list_items,PostRadarValueListItems
r0386,14,stripe,GET,/v1/radar/value_list_items/{item},GetRadarValueListItemsItem
r0387,8,stripe,DELETE,/v1/radar/value_list_items/{item},DeleteRadarValueListItemsItem
r0388,15,stripe,GET,/v1/radar/value_lists,GetRadarValueLists
r0389,10,stripe,POST,/v1/radar/value_lists,PostRadarValueLists
r0390,1,stripe,GET,/v1/radar/value_lists/{value_list},GetRadarValueListsValueList
r0391,2,stripe,POST,/v1/radar/value_lists/{value_list},PostRadarValueListsValueList
r0392,15,stripe,DELETE,/v1/radar/value_lists/{value_list},DeleteRadarValueListsValueList
r0393,17,stripe,GET,/v1/refunds,GetRefunds
r0394,21,stripe,POST,/v1/refunds,PostRefunds
r0395,9,stripe,GET,/v1/refunds/{refund},GetRefundsRefund
r0396,1,stripe,POST,/v1/refunds/{refund},PostRefundsRefund
r0397,17,stripe,POST,/v1/refunds/{refund}/cancel,PostRefundsRefundCancel
r0398,5,stripe,GET,/v1/reporting/report_runs,GetReportingReportRuns
r0399,5,stripe,POST,/v1/reporting/report_runs,PostReportingReportRuns
r0400,11,stripe,GET,/v1/reporting/report_runs/{report_run},GetReportingReportRunsReportRun
r0401,11,stripe,GET,/v1/reporting/report_types,GetReportingReportTypes
r0402,8,stripe,GET,/v1/reporting/report_types/{report_type},GetReportingReportTypesReportType
r0403,12,stripe,GET,/v1/reviews,GetReviews
r0404,20,stripe,GET,/v1/reviews/{review},GetReviewsReview
r0405,13,stripe,POST,/v1/reviews/{review}/approve,PostReviewsReviewApprove
r0406,11,stripe,GET,/v1/setup_attempts,GetSetupAttempts
r0407,18,stripe,GET,/v1/setup_intents,GetSetupIntents
r0408,16,stripe,POST,/v1/setup_intents,PostSetupIntents
r0409,10,stripe,GET,/v1/setup_intents/{intent},GetSetupIntentsIntent
r0410,11,stripe,POST,/v1/setup_intents/{intent},PostSetupIntentsIntent
r0411,8,stripe,POST,/v1/setup_intents/{intent}/cancel,PostSetupIntentsIntentCancel
r0412,3,stripe,POST,/v1/setup_intents/{intent}/confirm,PostSetupIntentsIntentConfirm
r0413,7,stripe,POST,/v1/setup_intents/{intent}/verify_microdeposits,PostSetupIntentsIntentVerifyMicrodeposits
r0414,8,stripe,GET,/v1/shipping_rates,GetShippingRates
r0415,17,stripe,POST,/v1/shipping_rates,PostShippingRates
r0416,2,stripe,GET,/v1/shipping_rates/{shipping_rate_token},GetShippingRatesShippingRateToken
r0417,8,stripe,POST,/v1/shipping_rates/{shipping_rate_token},PostShippingRatesShippingRateToken
r0418,1,stripe,POST,/v1/sigma/saved_queries/{id},PostSigmaSavedQueriesId
r0419,10,stripe,GET,/v1/sigma/scheduled_query_runs,GetSigmaScheduledQueryRuns
r0420,6,stripe,GET,/v1/sigma/scheduled_query_runs/{scheduled_query_run},GetSigmaScheduledQueryRunsScheduledQueryRun
r0421,7,stripe,POST,/v1/sources,PostSources
r0422,4,stripe,GET,/v1/sources/{source},GetSourcesSource
r0423,13,stripe,POST,/v1/sources/{source},PostSourcesSource
r0424,20,stripe,GET,/v1/sources/{source}/mandate_notifications/{mandate_notification},GetSourcesSourceMandateNotificationsMandateNotification
r0425,1,stripe,GET,/v1/sources/{source}/source_transactions,GetSourcesSourceSourceTransactions
r0426,21,stripe,GET,/v1/sources/{source}/source_transactions/{source_transaction},GetSourcesSourceSourceTransactionsSourceTransaction
r0427,4,stripe,POST,/v1/sources/{source}/verify,PostSourcesSourceVerify
r0428,17,stripe,GET,/v1/subscription_items,GetSubscriptionItems
r0429,19,stripe,POST,/v1/subscription_items,PostSubscriptionItems
r0430,12,stripe,GET,/v1/subscription_items/{item},GetSubscriptionItemsItem
r0431,8,stripe,POST,/v1/subscription_items/{item},PostSubscriptionItemsItem
r0432,15,stripe,DELETE,/v1/subscription_items/{item},DeleteSubscriptionItemsItem
r0433,11,stripe,GET,/v1/subscription_schedules,GetSubscriptionSchedules
r0434,5,stripe,POST,/v1/subscription_schedules,PostSubscriptionSchedules
r0435,15,stripe,GET,/v1/subscription_schedules/{schedule},GetSubscriptionSchedulesSchedule
r0436,19,stripe,POST,/v1/subscription_schedules/{schedule},PostSubscriptionSchedulesSchedule
r0437,14,stripe,POST,/v1/subscription_schedules/{schedule}/cancel,PostSubscriptionSchedulesScheduleCancel
r0438,17,stripe,POST,/v1/subscription_schedules/{schedule}/release,PostSubscriptionSchedulesScheduleRelease
r0439,3,stripe,GET,/v1/subscriptions,GetSubscriptions
r0440,21,stripe,POST,/v1/subscriptions,PostSubscriptions
r0441,18,stripe,GET,/v1/subscriptions/search,GetSubscriptionsSearch
r0442,3,stripe,GET,/v1/subscriptions/{subscription_exposed_id},GetSubscriptionsSubscriptionExposedId
r0443,21,stripe,POST,/v1/subscriptions/{subscription_exposed_id},PostSubscriptionsSubscriptionExposedId
r0444,13,stripe,DELETE,/v1/subscriptions/{subscription_exposed_id},DeleteSubscriptionsSubscriptionExposedId
r0445,17,stripe,DELETE,/v1/subscriptions/{subscription_exposed_id}/discount,DeleteSubscriptionsSubscriptionExposedIdDiscount
r0446,8,stripe,POST,/v1/subscriptions/{subscription}/migrate,PostSubscriptionsSubscriptionMigrate
r0447,12,stripe,POST,/v1/subscriptions/{subscription}/resume,PostSubscriptionsSubscriptionResume
r0448,14,stripe,GET,/v1/tax/associations/find,GetTaxAssociationsFind
r0449,15,stripe,POST,/v1/tax/calculations,PostTaxCalculations
r0450,11,stripe,GET,/v1/tax/calculations/{calculation},GetTaxCalculationsCalculation
r0451,6,stripe,GET,/v1/tax/calculations/{calculation}/line_items,GetTaxCalculationsCalculationLineItems
r0452,11,stripe,GET,/v1/tax/registrations,GetTaxRegistrations
r0453,3,stripe,POST,/v1/tax/registrations,PostTaxRegistrations
r0454,15,stripe,GET,/v1/tax/registrations/{id},GetTaxRegistrationsId
r0455,9,stripe,POST,/v1/tax/registrations/{id},PostTaxRegistrationsId
r0456,16,stripe,GET,/v1/tax/settings,GetTaxSettings
r0457,16,stripe,POST,/v1/tax/settings,PostTaxSettings
r0458,15,stripe,POST,/v1/tax/transactions/create_from_calculation,PostTaxTransactionsCreateFromCalculation
r0459,3,stripe,POST,/v1/tax/transactions/create_reversal,PostTaxTransactionsCreateReversal
r0460,16,stripe,GET,/v1/tax/transactions/{transaction},GetTaxTransactionsTransaction
r0461,5,stripe,GET,/v1/tax/transactions/{transaction}/line_items,GetTaxTransactionsTransactionLineItems
r0462,4,stripe,GET,/v1/tax_codes,GetTaxCodes
r0463,8,stripe,GET,/v1/tax_codes/{id},GetTaxCodesId
r0464,5,stripe,GET,/v1/tax_ids,GetTaxIds
r0465,18,stripe,POST,/v1/tax_ids,PostTaxIds
r0466,16,stripe,GET,/v1/tax_ids/{id},GetTaxIdsId
r0467,19,stripe,DELETE,/v1/tax_ids/{id},DeleteTaxIdsId
r0468,19,stripe,GET,/v1/tax_rates,GetTaxRates
r0469,9,stripe,POST,/v1/tax_rates,PostTaxRates
r0470,6,stripe,GET,/v1/tax_rates/{tax_rate},GetTaxRatesTaxRate
r0471,20,stripe,POST,/v1/tax_rates/{tax_rate},PostTaxRatesTaxRate
r0472,17,stripe,GET,/v1/terminal/configurations,GetTerminalConfigurations
r0473,11,stripe,POST,/v1/terminal/configurations,PostTerminalConfigurations
r0474,12,stripe,GET,/v1/terminal/configurations/{configuration},GetTerminalConfigurationsConfiguration
r0475,8,stripe,POST,/v1/terminal/configurations/{configuration},PostTerminalConfigurationsConfiguration
r0476,20,stripe,DELETE,/v1/terminal/configurations/{configuration},DeleteTerminalConfigurationsConfiguration
r0477,6,stripe,POST,/v1/terminal/connection_tokens,PostTerminalConnectionTokens
r0478,8,stripe,GET,/v1/terminal/locations,GetTerminalLocations
r0479,17,stripe,POST,/v1/terminal/locations,PostTerminalLocations
r0480,1,stripe,GET,/v1/terminal/locations/{location},GetTerminalLocationsLocation
r0481,7,stripe,POST,/v1/terminal/locations/{location},PostTerminalLocationsLocation
r0482,18,stripe,DELETE,/v1/terminal/locations/{location},DeleteTerminalLocationsLocation
r0483,16,stripe,POST,/v1/terminal/onboarding_links,PostTerminalOnboardingLinks
r0484,12,stripe,GET,/v1/terminal/readers,GetTerminalReaders
r0485,16,stripe,POST,/v1/terminal/readers,PostTerminalReaders
r0486,2,stripe,GET,/v1/terminal/readers/{reader},GetTerminalReadersReader
r0487,6,stripe,POST,/v1/terminal/readers/{reader},PostTerminalReadersReader
r0488,9,stripe,DELETE,/v1/terminal/readers/{reader},DeleteTerminalReadersReader
r0489,16,stripe,POST,/v1/terminal/readers/{reader}/cancel_action,PostTerminalReadersReaderCancelAction
r0490,3,stripe,POST,/v1/terminal/readers/{reader}/collect_inputs,PostTerminalReadersReaderCollectInputs
r0491,19,stripe,POST,/v1/terminal/readers/{reader}/collect_payment_method,PostTerminalReadersReaderCollectPaymentMethod
r0492,17,stripe,POST,/v1/terminal/readers/{reader}/confirm_payment_intent,PostTerminalReadersReaderConfirmPaymentIntent
r0493,19,stripe,POST,/v1/terminal/readers/{reader}/process_payment_intent,PostTerminalReadersReaderProcessPaymentIntent
r0494,11,stripe,POST,/v1/terminal/readers/{reader}/process_setup_intent,PostTerminalReadersReaderProcessSetupIntent
r0495,7,stripe,POST,/v1/terminal/readers/{reader}/refund_payment,PostTerminalReadersReaderRefundPayment
r0496,21,stripe,POST,/v1/terminal/readers/{reader}/set_reader_display,PostTerminalReadersReaderSetReaderDisplay
r0497,12,stripe,POST,/v1/terminal/refunds,PostTerminalRefunds
r0498,10,stripe,POST,/v1/test_helpers/confirmation_tokens,PostTestHelpersConfirmationTokens
r0499,8,stripe,POST,/v1/test_helpers/customers/{customer}/fund_cash_balance,PostTestHelpersCustomersCustomerFundCashBalance
r0500,2,stripe,POST,/v1/test_helpers/issuing/authorizations,PostTestHelpersIssuingAuthorizations
r0501,5,stripe,POST,/v1/test_helpers/issuing/authorizations/{authorization}/capture,PostTestHelpersIssuingAuthorizationsAuthorizationCapture
r0502,5,stripe,POST,/v1/test_helpers/issuing/authorizations/{authorization}/expire,PostTestHelpersIssuingAuthorizationsAuthorizationExpire
r0503,12,stripe,POST,/v1/test_helpers/issuing/authorizations/{authorization}/finalize_amount,PostTestHelpersIssuingAuthorizationsAuthorizationFinalizeAmount
r0504,1,stripe,POST,/v1/test_helpers/issuing/authorizations/{authorization}/fraud_challenges/respond,PostTestHelpersIssuingAuthorizationsAuthorizationFraudChallengesRespond
r0505,10,stripe,POST,/v1/test_helpers/issuing/authorizations/{authorization}/increment,PostTestHelpersIssuingAuthorizationsAuthorizationIncrement
r0506,21,stripe,POST,/v1/test_helpers/issuing/authorizations/{authorization}/reverse,PostTestHelpersIssuingAuthorizationsAuthorizationReverse
r0507,21,stripe,POST,/v1/test_helpers/issuing/cards/{card}/shipping/deliver,PostTestHelpersIssuingCardsCardShippingDeliver
r0508,13,stripe,POST,/v1/test_helpers/issuing/cards/{card}/shipping/fail,PostTestHelpersIssuingCardsCardShippingFail
r0509,20,stripe,POST,/v1/test_helpers/issuing/cards/{card}/shipping/return,PostTestHelpersIssuingCardsCardShippingReturn
r0510,21,stripe,POST,/v1/test_helpers/issuing/cards/{card}/shipping/ship,PostTestHelpersIssuingCardsCardShippingShip
r0511,9,stripe,POST,/v1/test_helpers/issuing/cards/{card}/shipping/submit,PostTestHelpersIssuingCardsCardShippingSubmit
r0512,2,stripe,POST,/v1/test_helpers/issuing/personalization_designs/{personalization_design}/activate,PostTestHelpersIssuingPersonalizationDesignsPersonalizationDesignActivate
r0513,8,stripe,POST,/v1/test_helpers/issuing/personalization_designs/{personalization_design}/deactivate,PostTestHelpersIssuingPersonalizationDesignsPersonalizationDesignDeactivate
r0514,9,stripe,POST,/v1/test_helpers/issuing/personalization_designs/{personalization_design}/reject,PostTestHelpersIssuingPersonalizationDesignsPersonalizationDesignReject
r0515,16,stripe,POST,/v1/test_helpers/issuing/settlements,PostTestHelpersIssuingSettlements
r0516,20,stripe,POST,/v1/test_helpers/issuing/settlements/{settlement}/complete,PostTestHelpersIssuingSettlementsSettlementComplete
r0517,14,stripe,POST,/v1/test_helpers/issuing/transactions/create_force_capture,PostTestHelpersIssuingTransactionsCreateForceCapture
r0518,8,stripe,POST,/v1/test_helpers/issuing/transactions/create_unlinked_refund,PostTestHelpersIssuingTransactionsCreateUnlinkedRefund
r0519,11,stripe,POST,/v1/test_helpers/issuing/transactions/{transaction}/refund,PostTestHelpersIssuingTransactionsTransactionRefund
r0520,12,stripe,POST,/v1/test_helpers/refunds/{refund}/expire,PostTestHelpersRefundsRefundExpire
r0521,15,stripe,POST,/v1/test_helpers/terminal/readers/{reader}/present_payment_method,PostTestHelpersTerminalReadersReaderPresentPaymentMethod
r0522,21,stripe,POST,/v1/test_helpers/terminal/readers/{reader}/succeed_input_collection,PostTestHelpersTerminalReadersReaderSucceedInputCollection
r0523,16,stripe,POST,/v1/test_helpers/terminal/readers/{reader}/timeout_input_collection,PostTestHelpersTerminalReadersReaderTimeoutInputCollection
r0524,15,stripe,GET,/v1/test_helpers/test_clocks,GetTestHelpersTestClocks
r0525,3,stripe,POST,/v1/test_helpers/test_clocks,PostTestHelpersTestClocks
r0526,10,stripe,GET,/v1/test_helpers/test_clocks/{test_clock},GetTestHelpersTestClocksTestClock
r0527,4,stripe,DELETE,/v1/test_helpers/test_clocks/{test_clock},DeleteTestHelpersTestClocksTestClock
r0528,1,stripe,POST,/v1/test_helpers/test_clocks/{test_clock}/advance,PostTestHelpersTestClocksTestClockAdvance
r0529,14,stripe,POST,/v1/test_helpers/treasury/inbound_transfers/{id}/fail,PostTestHelpersTreasuryInboundTransfersIdFail
r0530,5,stripe,POST,/v1/test_helpers/treasury/inbound_transfers/{id}/return,PostTestHelpersTreasuryInboundTransfersIdReturn
r0531,8,stripe,POST,/v1/test_helpers/treasury/inbound_transfers/{id}/succeed,PostTestHelpersTreasuryInboundTransfersIdSucceed
r0532,13,stripe,POST,/v1/test_helpers/treasury/outbound_payments/{id},PostTestHelpersTreasuryOutboundPaymentsId
r0533,2,stripe,POST,/v1/test_helpers/treasury/outbound_payments/{id}/fail,PostTestHelpersTreasuryOutboundPaymentsIdFail
r0534,1,stripe,POST,/v1/test_helpers/treasury/outbound_payments/{id}/post,PostTestHelpersTreasuryOutboundPaymentsIdPost
r0535,3,stripe,POST,/v1/test_helpers/treasury/outbound_payments/{id}/return,PostTestHelpersTreasuryOutboundPaymentsIdReturn
r0536,13,stripe,POST,/v1/test_helpers/treasury/outbound_transfers/{outbound_transfer},PostTestHelpersTreasuryOutboundTransfersOutboundTransfer
r0537,7,stripe,POST,/v1/test_helpers/treasury/outbound_transfers/{outbound_transfer}/fail,PostTestHelpersTreasuryOutboundTransfersOutboundTransferFail
r0538,7,stripe,POST,/v1/test_helpers/treasury/outbound_transfers/{outbound_transfer}/post,PostTestHelpersTreasuryOutboundTransfersOutboundTransferPost
r0539,12,stripe,POST,/v1/test_helpers/treasury/outbound_transfers/{outbound_transfer}/return,PostTestHelpersTreasuryOutboundTransfersOutboundTransferReturn
r0540,6,stripe,POST,/v1/test_helpers/treasury/received_credits,PostTestHelpersTreasuryReceivedCredits
r0541,8,stripe,POST,/v1/test_helpers/treasury/received_debits,PostTestHelpersTreasuryReceivedDebits
r0542,8,stripe,POST,/v1/tokens,PostTokens
r0543,7,stripe,GET,/v1/tokens/{token},GetTokensToken
r0544,14,stripe,GET,/v1/topups,GetTopups
r0545,20,stripe,POST,/v1/topups,PostTopups
r0546,6,stripe,GET,/v1/topups/{topup},GetTopupsTopup
r0547,7,stripe,POST,/v1/topups/{topup},PostTopupsTopup
r0548,2,stripe,POST,/v1/topups/{topup}/cancel,PostTopupsTopupCancel
r0549,14,stripe,GET,/v1/transfers,GetTransfers
r0550,13,stripe,POST,/v1/transfers,PostTransfers
r0551,1,stripe,GET,/v1/transfers/{id}/reversals,GetTransfersIdReversals
r0552,7,stripe,POST,/v1/transfers/{id}/reversals,PostTransfersIdReversals
r0553,3,stripe,GET,/v1/transfers/{transfer},GetTransfersTransfer
r0554,18,stripe,POST,/v1/transfers/{transfer},PostTransfersTransfer
r0555,9,stripe,GET,/v1/transfers/{transfer}/reversals/{id},GetTransfersTransferReversalsId
r0556,17,stripe,POST,/v1/transfers/{transfer}/reversals/{id},PostTransfersTransferReversalsId
r0557,13,stripe,GET,/v1/treasury/credit_reversals,GetTreasuryCreditReversals
r0558,13,stripe,POST,/v1/treasury/credit_reversals,PostTreasuryCreditReversals
r0559,15,stripe,GET,/v1/treasury/credit_reversals/{credit_reversal},GetTreasuryCreditReversalsCreditReversal
r0560,12,stripe,GET,/v1/treasury/debit_reversals,GetTreasuryDebitReversals
r0561,8,stripe,POST,/v1/treasury/debit_reversals,PostTreasuryDebitReversals
r0562,1,stripe,GET,/v1/treasury/debit_reversals/{debit_reversal},GetTreasuryDebitReversalsDebitReversal
r0563,5,stripe,GET,/v1/treasury/financial_accounts,GetTreasuryFinancialAccounts
r0564,16,stripe,POST,/v1/treasury/financial_accounts,PostTreasuryFinancialAccounts
r0565,10,stripe,GET,/v1/treasury/financial_accounts/{financial_account},GetTreasuryFinancialAccountsFinancialAccount
r0566,9,stripe,POST,/v1/treasury/financial_accounts/{financial_account},PostTreasuryFinancialAccountsFinancialAccount
r0567,6,stripe,POST,/v1/treasury/financial_accounts/{financial_account}/close,PostTreasuryFinancialAccountsFinancialAccountClose
r0568,2,stripe,GET,/v1/treasury/financial_accounts/{financial_account}/features,GetTreasuryFinancialAccountsFinancialAccountFeatures
r0569,17,stripe,POST,/v1/treasury/financial_accounts/{financial_account}/features,PostTreasuryFinancialAccountsFinancialAccountFeatures
r0570,16,stripe,GET,/v1/treasury/inbound_transfers,GetTreasuryInboundTransfers
r0571,2,stripe,POST,/v1/treasury/inbound_transfers,PostTreasuryInboundTransfers
r0572,12,stripe,GET,/v1/treasury/inbound_transfers/{id},GetTreasuryInboundTransfersId
r0573,4,stripe,POST,/v1/treasury/inbound_transfers/{inbound_transfer}/cancel,PostTreasuryInboundTransfersInboundTransferCancel
r0574,20,stripe,GET,/v1/treasury/outbound_payments,GetTreasuryOutboundPayments
r0575,5,stripe,POST,/v1/treasury/outbound_payments,PostTreasuryOutboundPayments
r0576,6,stripe,GET,/v1/treasury/outbound_payments/{id},GetTreasuryOutboundPaymentsId
r0577,8,stripe,POST,/v1/treasury/outbound_payments/{id}/cancel,PostTreasuryOutboundPaymentsIdCancel
r0578,6,stripe,GET,/v1/treasury/outbound_transfers,GetTreasuryOutboundTransfers
r0579,15,stripe,POST,/v1/treasury/outbound_transfers,PostTreasuryOutboundTransfers
r0580,6,stripe,GET,/v1/treasury/outbound_transfers/{outbound_transfer},GetTreasuryOutboundTransfersOutboundTransfer
r0581,16,stripe,POST,/v1/treasury/outbound_transfers/{outbound_transfer}/cancel,PostTreasuryOutboundTransfersOutboundTransferCancel
r0582,9,stripe,GET,/v1/treasury/received_credits,GetTreasuryReceivedCredits
r0583,11,stripe,GET,/v1/treasury/received_credits/{id},GetTreasuryReceivedCreditsId
r0584,2,stripe,GET,/v1/treasury/received_debits,GetTreasuryReceivedDebits
r0585,9,stripe,GET,/v1/treasury/received_debits/{id},GetTreasuryReceivedDebitsId
r0586,12,stripe,GET,/v1/treasury/transaction_entries,GetTreasuryTransactionEntries
r0587,5,stripe,GET,/v1/treasury/transaction_entries/{id},GetTreasuryTransactionEntriesId
r0588,6,stripe,GET,/v1/treasury/transactions,GetTreasuryTransactions
r0589,11,stripe,GET,/v1/treasury/transactions/{id},GetTreasuryTransactionsId
r0590,20,stripe,GET,/v1/webhook_endpoints,GetWebhookEndpoints
r0591,14,stripe,POST,/v1/webhook_endpoints,PostWebhookEndpoints
r0592,5,stripe,GET,/v1/webhook_endpoints/{webhook_endpoint},GetWebhookEndpointsWebhookEndpoint
r0593,4,stripe,POST,/v1/webhook_endpoints/{webhook_endpoint},PostWebhookEndpointsWebhookEndpoint
r0594,9,stripe,DELETE,/v1/webhook_endpoints/{webhook_endpoint},DeleteWebhookEndpointsWebhookEndpoint
r0595,2,openai,GET,/assistants,listAssistants
r0596,8,openai,POST,/assistants,createAssistant
r0597,2,openai,GET,/assistants/{assistant_id},getAssistant
r0598,7,openai,POST,/assistants/{assistant_id},modifyAssistant
r0599,1,openai,DELETE,/assistants/{assistant_id},deleteAssistant
r0600,2,openai,POST,/audio/speech,createSpeech
r0601,18,openai,POST,/audio/transcriptions,createTranscription
r0602,11,openai,POST,/audio/translations,createTranslation
r0603,2,openai,GET,/audio/voice_consents,listVoiceConsents
r0604,13,openai,POST,/audio/voice_consents,createVoiceConsent
r0605,3,openai,GET,/audio/voice_consents/{consent_id},getVoiceConsent
r0606,1,openai,POST,/audio/voice_consents/{consent_id},updateVoiceConsent
r0607,6,openai,DELETE,/audio/voice_consents/{consent_id},deleteVoiceConsent
r0608,21,openai,POST,/audio/voices,createVoice
r0609,2,openai,GET,/batches,listBatches
r0610,8,openai,POST,/batches,createBatch
r0611,17,openai,GET,/batches/{batch_id},retrieveBatch
r0612,7,openai,POST,/batches/{batch_id}/cancel,cancelBatch
r0613,13,openai,GET,/chat/completions,listChatCompletions
r0614,14,openai,POST,/chat/completions,createChatCompletion
r0615,10,openai,GET,/chat/completions/{completion_id},getChatCompletion
r0616,21,openai,POST,/chat/completions/{completion_id},updateChatCompletion
r0617,2,openai,DELETE,/chat/completions/{completion_id},deleteChatCompletion
r0618,4,openai,GET,/chat/completions/{completion_id}/messages,getChatCompletionMessages
r0619,20,openai,POST,/completions,createCompletion
r0620,15,openai,GET,/containers,ListContainers
r0621,14,openai,POST,/containers,CreateContainer
r0622,21,openai,GET,/containers/{container_id},RetrieveContainer
r0623,4,openai,DELETE,/containers/{container_id},DeleteContainer
r0624,10,openai,GET,/containers/{container_id}/files,ListContainerFiles
r0625,1,openai,POST,/containers/{container_id}/files,CreateContainerFile
r0626,19,openai,GET,/containers/{container_id}/files/{file_id},RetrieveContainerFile
r0627,20,openai,DELETE,/containers/{container_id}/files/{file_id},DeleteContainerFile
r0628,18,openai,GET,/containers/{container_id}/files/{file_id}/content,RetrieveContainerFileContent
r0629,8,openai,GET,/conversations/{conversation_id}/items,listConversationItems
r0630,11,openai,POST,/conversations/{conversation_id}/items,createConversationItems
r0631,4,openai,GET,/conversations/{conversation_id}/items/{item_id},getConversationItem
r0632,21,openai,DELETE,/conversations/{conversation_id}/items/{item_id},deleteConversationItem
r0633,15,openai,POST,/embeddings,createEmbedding
r0634,13,openai,GET,/evals,listEvals
r0635,3,openai,POST,/evals,createEval
r0636,19,openai,GET,/evals/{eval_id},getEval
r0637,20,openai,POST,/evals/{eval_id},updateEval
r0638,9,openai,DELETE,/evals/{eval_id},deleteEval
r0639,3,openai,GET,/evals/{eval_id}/runs,getEvalRuns
r0640,7,openai,POST,/evals/{eval_id}/runs,createEvalRun
r0641,6,openai,GET,/evals/{eval_id}/runs/{run_id},getEvalRun
r0642,7,openai,POST,/evals/{eval_id}/runs/{run_id},cancelEvalRun
r0643,4,openai,DELETE,/evals/{eval_id}/runs/{run_id},deleteEvalRun
r0644,14,openai,GET,/evals/{eval_id}/runs/{run_id}/output_items,getEvalRunOutputItems
r0645,20,openai,GET,/evals/{eval_id}/runs/{run_id}/output_items/{output_item_id},getEvalRunOutputItem
r0646,9,openai,GET,/files,listFiles
r0647,8,openai,POST,/files,createFile
r0648,7,openai,GET,/files/{file_id},retrieveFile
r0649,6,openai,DELETE,/files/{file_id},deleteFile
r0650,14,openai,GET,/files/{file_id}/content,downloadFile
r0651,14,openai,POST,/fine_tuning/alpha/graders/run,runGrader
r0652,8,openai,POST,/fine_tuning/alpha/graders/validate,validateGrader
r0653,7,openai,GET,/fine_tuning/checkpoints/{fine_tuned_model_checkpoint}/permissions,listFineTuningCheckpointPermissions
r0654,18,openai,POST,/fine_tuning/checkpoints/{fine_tuned_model_checkpoint}/permissions,createFineTuningCheckpointPermission
r0655,8,openai,DELETE,/fine_tuning/checkpoints/{fine_tuned_model_checkpoint}/permissions/{permission_id},deleteFineTuningCheckpointPermission
r0656,12,openai,GET,/fine_tuning/jobs,listPaginatedFineTuningJobs
r0657,5,openai,POST,/fine_tuning/jobs,createFineTuningJob
r0658,1,openai,GET,/fine_tuning/jobs/{fine_tuning_job_id},retrieveFineTuningJob
r0659,11,openai,POST,/fine_tuning/jobs/{fine_tuning_job_id}/cancel,cancelFineTuningJob
r0660,5,openai,GET,/fine_tuning/jobs/{fine_tuning_job_id}/checkpoints,listFineTuningJobCheckpoints
r0661,14,openai,GET,/fine_tuning/jobs/{fine_tuning_job_id}/events,listFineTuningEvents
r0662,14,openai,POST,/fine_tuning/jobs/{fine_tuning_job_id}/pause,pauseFineTuningJob
r0663,3,openai,POST,/fine_tuning/jobs/{fine_tuning_job_id}/resume,resumeFineTuningJob
r0664,15,openai,POST,/images/edits,createImageEdit
r0665,14,openai,POST,/images/generations,createImage
r0666,6,openai,POST,/images/variations,createImageVariation
r0667,16,openai,POST,/live/sessions,create-live
r0668,4,openai,POST,/live/sessions/{session_id}/accept,accept-live-session
r0669,16,openai,POST,/live/sessions/{session_id}/fork,fork-live-session
r0670,7,openai,POST,/live/sessions/{session_id}/hangup,hangup-live-session
r0671,6,openai,POST,/live/sessions/{session_id}/refer,refer-live-session
r0672,10,openai,POST,/live/sessions/{session_id}/reject,reject-live-session
r0673,20,openai,GET,/models,listModels
r0674,6,openai,GET,/models/{model},retrieveModel
r0675,7,openai,DELETE,/models/{model},deleteModel
r0676,2,openai,POST,/moderations,createModeration
r0677,11,openai,GET,/organization/admin_api_keys,admin-api-keys-list
r0678,6,openai,POST,/organization/admin_api_keys,admin-api-keys-create
r0679,14,openai,GET,/organization/admin_api_keys/{key_id},admin-api-keys-get
r0680,18,openai,DELETE,/organization/admin_api_keys/{key_id},admin-api-keys-delete
r0681,4,openai,GET,/organization/audit_logs,list-audit-logs
r0682,5,openai,GET,/organization/certificates,listOrganizationCertificates
r0683,4,openai,POST,/organization/certificates,uploadCertificate
r0684,16,openai,POST,/organization/certificates/activate,activateOrganizationCertificates
r0685,19,openai,POST,/organization/certificates/deactivate,deactivateOrganizationCertificates
r0686,3,openai,GET,/organization/certificates/{certificate_id},getCertificate
r0687,21,openai,POST,/organization/certificates/{certificate_id},modifyCertificate
r0688,20,openai,DELETE,/organization/certificates/{certificate_id},deleteCertificate
r0689,14,openai,GET,/organization/costs,usage-costs
r0690,6,openai,GET,/organization/data_retention,retrieve-organization-data-retention
r0691,17,openai,POST,/organization/data_retention,update-organization-data-retention
r0692,1,openai,GET,/organization/groups,list-groups
r0693,4,openai,POST,/organization/groups,create-group
r0694,4,openai,GET,/organization/groups/{group_id},retrieve-group
r0695,19,openai,POST,/organization/groups/{group_id},update-group
r0696,4,openai,DELETE,/organization/groups/{group_id},delete-group
r0697,12,openai,GET,/organization/groups/{group_id}/roles,list-group-role-assignments
r0698,5,openai,POST,/organization/groups/{group_id}/roles,assign-group-role
r0699,18,openai,GET,/organization/groups/{group_id}/roles/{role_id},retrieve-group-role
r0700,5,openai,DELETE,/organization/groups/{group_id}/roles/{role_id},unassign-group-role
r0701,13,openai,GET,/organization/groups/{group_id}/users,list-group-users
r0702,3,openai,POST,/organization/groups/{group_id}/users,add-group-user
r0703,18,openai,GET,/organization/groups/{group_id}/users/{user_id},retrieve-group-user
r0704,10,openai,DELETE,/organization/groups/{group_id}/users/{user_id},remove-group-user
r0705,12,openai,GET,/organization/invites,list-invites
r0706,13,openai,POST,/organization/invites,inviteUser
r0707,20,openai,GET,/organization/invites/{invite_id},retrieve-invite
r0708,6,openai,DELETE,/organization/invites/{invite_id},delete-invite
r0709,2,openai,GET,/organization/projects,list-projects
r0710,8,openai,POST,/organization/projects,create-project
r0711,6,openai,GET,/organization/projects/{project_id},retrieve-project
r0712,2,openai,POST,/organization/projects/{project_id},modify-project
r0713,7,openai,GET,/organization/projects/{project_id}/api_keys,list-project-api-keys
r0714,5,openai,GET,/organization/projects/{project_id}/api_keys/{api_key_id},retrieve-project-api-key
r0715,6,openai,DELETE,/organization/projects/{project_id}/api_keys/{api_key_id},delete-project-api-key
r0716,14,openai,POST,/organization/projects/{project_id}/archive,archive-project
r0717,19,openai,GET,/organization/projects/{project_id}/certificates,listProjectCertificates
r0718,3,openai,POST,/organization/projects/{project_id}/certificates/activate,activateProjectCertificates
r0719,6,openai,POST,/organization/projects/{project_id}/certificates/deactivate,deactivateProjectCertificates
r0720,12,openai,GET,/organization/projects/{project_id}/data_retention,retrieve-project-data-retention
r0721,2,openai,POST,/organization/projects/{project_id}/data_retention,update-project-data-retention
r0722,14,openai,GET,/organization/projects/{project_id}/groups,list-project-groups
r0723,11,openai,POST,/organization/projects/{project_id}/groups,add-project-group
r0724,16,openai,GET,/organization/projects/{project_id}/groups/{group_id},retrieve-project-group
r0725,6,openai,DELETE,/organization/projects/{project_id}/groups/{group_id},remove-project-group
r0726,16,openai,GET,/organization/projects/{project_id}/hosted_tool_permissions,retrieve-project-hosted-tool-permissions
r0727,7,openai,POST,/organization/projects/{project_id}/hosted_tool_permissions,update-project-hosted-tool-permissions
r0728,12,openai,GET,/organization/projects/{project_id}/model_permissions,retrieve-project-model-permissions
r0729,12,openai,POST,/organization/projects/{project_id}/model_permissions,update-project-model-permissions
r0730,15,openai,DELETE,/organization/projects/{project_id}/model_permissions,delete-project-model-permissions
r0731,1,openai,GET,/organization/projects/{project_id}/rate_limits,list-project-rate-limits
r0732,2,openai,POST,/organization/projects/{project_id}/rate_limits/{rate_limit_id},update-project-rate-limits
r0733,16,openai,GET,/organization/projects/{project_id}/service_accounts,list-project-service-accounts
r0734,19,openai,POST,/organization/projects/{project_id}/service_accounts,create-project-service-account
r0735,8,openai,GET,/organization/projects/{project_id}/service_accounts/{service_account_id},retrieve-project-service-account
r0736,13,openai,POST,/organization/projects/{project_id}/service_accounts/{service_account_id},update-project-service-account
r0737,11,openai,DELETE,/organization/projects/{project_id}/service_accounts/{service_account_id},delete-project-service-account
r0738,1,openai,GET,/organization/projects/{project_id}/spend_alerts,list-project-spend-alerts
r0739,18,openai,POST,/organization/projects/{project_id}/spend_alerts,create-project-spend-alert
r0740,11,openai,GET,/organization/projects/{project_id}/spend_alerts/{alert_id},retrieve-project-spend-alert
r0741,2,openai,POST,/organization/projects/{project_id}/spend_alerts/{alert_id},update-project-spend-alert
r0742,9,openai,DELETE,/organization/projects/{project_id}/spend_alerts/{alert_id},delete-project-spend-alert
r0743,3,openai,GET,/organization/projects/{project_id}/users,list-project-users
r0744,5,openai,POST,/organization/projects/{project_id}/users,create-project-user
r0745,21,openai,GET,/organization/projects/{project_id}/users/{user_id},retrieve-project-user
r0746,14,openai,POST,/organization/projects/{project_id}/users/{user_id},modify-project-user
r0747,17,openai,DELETE,/organization/projects/{project_id}/users/{user_id},delete-project-user
r0748,15,openai,GET,/organization/roles,list-roles
r0749,16,openai,POST,/organization/roles,create-role
r0750,10,openai,GET,/organization/roles/{role_id},retrieve-role
r0751,6,openai,POST,/organization/roles/{role_id},update-role
r0752,19,openai,DELETE,/organization/roles/{role_id},delete-role
r0753,2,openai,GET,/organization/spend_alerts,list-organization-spend-alerts
r0754,4,openai,POST,/organization/spend_alerts,create-organization-spend-alert
r0755,16,openai,GET,/organization/spend_alerts/{alert_id},retrieve-organization-spend-alert
r0756,1,openai,POST,/organization/spend_alerts/{alert_id},update-organization-spend-alert
r0757,16,openai,DELETE,/organization/spend_alerts/{alert_id},delete-organization-spend-alert
r0758,16,openai,GET,/organization/usage/audio_speeches,usage-audio-speeches
r0759,18,openai,GET,/organization/usage/audio_transcriptions,usage-audio-transcriptions
r0760,14,openai,GET,/organization/usage/code_interpreter_sessions,usage-code-interpreter-sessions
r0761,14,openai,GET,/organization/usage/completions,usage-completions
r0762,17,openai,GET,/organization/usage/embeddings,usage-embeddings
r0763,1,openai,GET,/organization/usage/file_search_calls,usage-file-search-calls
r0764,19,openai,GET,/organization/usage/images,usage-images
r0765,9,openai,GET,/organization/usage/moderations,usage-moderations
r0766,11,openai,GET,/organization/usage/vector_stores,usage-vector-stores
r0767,7,openai,GET,/organization/usage/web_search_calls,usage-web-search-calls
r0768,10,openai,GET,/organization/users,list-users
r0769,10,openai,GET,/organization/users/{user_id},retrieve-user
r0770,15,openai,POST,/organization/users/{user_id},modify-user
r0771,15,openai,DELETE,/organization/users/{user_id},delete-user
r0772,10,openai,GET,/organization/users/{user_id}/roles,list-user-role-assignments
r0773,21,openai,POST,/organization/users/{user_id}/roles,assign-user-role
r0774,20,openai,GET,/organization/users/{user_id}/roles/{role_id},retrieve-user-role
r0775,16,openai,DELETE,/organization/users/{user_id}/roles/{role_id},unassign-user-role
r0776,13,openai,GET,/projects/{project_id}/groups/{group_id}/roles,list-project-group-role-assignments
r0777,17,openai,POST,/projects/{project_id}/groups/{group_id}/roles,assign-project-group-role
r0778,13,openai,GET,/projects/{project_id}/groups/{group_id}/roles/{role_id},retrieve-project-group-role
r0779,5,openai,DELETE,/projects/{project_id}/groups/{group_id}/roles/{role_id},unassign-project-group-role
r0780,9,openai,GET,/projects/{project_id}/roles,list-project-roles
r0781,18,openai,POST,/projects/{project_id}/roles,create-project-role
r0782,3,openai,GET,/projects/{project_id}/roles/{role_id},retrieve-project-role
r0783,6,openai,POST,/projects/{project_id}/roles/{role_id},update-project-role
r0784,16,openai,DELETE,/projects/{project_id}/roles/{role_id},delete-project-role
r0785,16,openai,GET,/projects/{project_id}/users/{user_id}/roles,list-project-user-role-assignments
r0786,14,openai,POST,/projects/{project_id}/users/{user_id}/roles,assign-project-user-role
r0787,6,openai,GET,/projects/{project_id}/users/{user_id}/roles/{role_id},retrieve-project-user-role
r0788,15,openai,DELETE,/projects/{project_id}/users/{user_id}/roles/{role_id},unassign-project-user-role
r0789,11,openai,POST,/realtime/calls,create-realtime-call
r0790,14,openai,POST,/realtime/calls/{call_id}/accept,accept-realtime-call
r0791,21,openai,POST,/realtime/calls/{call_id}/hangup,hangup-realtime-call
r0792,17,openai,POST,/realtime/calls/{call_id}/refer,refer-realtime-call
r0793,8,openai,POST,/realtime/calls/{call_id}/reject,reject-realtime-call
r0794,3,openai,POST,/realtime/client_secrets,create-realtime-client-secret
r0795,2,openai,POST,/realtime/sessions,create-realtime-session
r0796,8,openai,POST,/realtime/transcription_sessions,create-realtime-transcription-session
r0797,21,openai,POST,/realtime/translations/client_secrets,create-realtime-translation-client-secret
r0798,5,openai,POST,/responses,createResponse
r0799,17,openai,GET,/responses/{response_id},getResponse
r0800,8,openai,DELETE,/responses/{response_id},deleteResponse
r0801,9,openai,POST,/responses/{response_id}/cancel,cancelResponse
r0802,19,openai,GET,/responses/{response_id}/input_items,listInputItems
r0803,21,openai,POST,/threads,createThread
r0804,1,openai,POST,/threads/runs,createThreadAndRun
r0805,8,openai,GET,/threads/{thread_id},getThread
r0806,21,openai,POST,/threads/{thread_id},modifyThread
r0807,8,openai,DELETE,/threads/{thread_id},deleteThread
r0808,14,openai,GET,/threads/{thread_id}/messages,listMessages
r0809,8,openai,POST,/threads/{thread_id}/messages,createMessage
r0810,14,openai,GET,/threads/{thread_id}/messages/{message_id},getMessage
r0811,6,openai,POST,/threads/{thread_id}/messages/{message_id},modifyMessage
r0812,20,openai,DELETE,/threads/{thread_id}/messages/{message_id},deleteMessage
r0813,3,openai,GET,/threads/{thread_id}/runs,listRuns
r0814,10,openai,POST,/threads/{thread_id}/runs,createRun
r0815,8,openai,GET,/threads/{thread_id}/runs/{run_id},getRun
r0816,5,openai,POST,/threads/{thread_id}/runs/{run_id},modifyRun
r0817,20,openai,POST,/threads/{thread_id}/runs/{run_id}/cancel,cancelRun
r0818,14,openai,GET,/threads/{thread_id}/runs/{run_id}/steps,listRunSteps
r0819,21,openai,GET,/threads/{thread_id}/runs/{run_id}/steps/{step_id},getRunStep
r0820,12,openai,POST,/threads/{thread_id}/runs/{run_id}/submit_tool_outputs,submitToolOuputsToRun
r0821,11,openai,POST,/uploads,createUpload
r0822,10,openai,POST,/uploads/{upload_id}/cancel,cancelUpload
r0823,13,openai,POST,/uploads/{upload_id}/complete,completeUpload
r0824,10,openai,POST,/uploads/{upload_id}/parts,addUploadPart
r0825,11,openai,GET,/vector_stores,listVectorStores
r0826,10,openai,POST,/vector_stores,createVectorStore
r0827,7,openai,GET,/vector_stores/{vector_store_id},getVectorStore
r0828,9,openai,POST,/vector_stores/{vector_store_id},modifyVectorStore
r0829,6,openai,DELETE,/vector_stores/{vector_store_id},deleteVectorStore
r0830,3,openai,POST,/vector_stores/{vector_store_id}/file_batches,createVectorStoreFileBatch
r0831,16,openai,GET,/vector_stores/{vector_store_id}/file_batches/{batch_id},getVectorStoreFileBatch
r0832,16,openai,POST,/vector_stores/{vector_store_id}/file_batches/{batch_id}/cancel,cancelVectorStoreFileBatch
r0833,14,openai,GET,/vector_stores/{vector_store_id}/file_batches/{batch_id}/files,listFilesInVectorStoreBatch
r0834,3,openai,GET,/vector_stores/{vector_store_id}/files,listVectorStoreFiles
r0835,1,openai,POST,/vector_stores/{vector_store_id}/files,createVectorStoreFile
r0836,5,openai,GET,/vector_stores/{vector_store_id}/files/{file_id},getVectorStoreFile
r0837,16,openai,POST,/vector_stores/{vector_store_id}/files/{file_id},updateVectorStoreFileAttributes
r0838,21,openai,DELETE,/vector_stores/{vector_store_id}/files/{file_id},deleteVectorStoreFile
r0839,14,openai,GET,/vector_stores/{vector_store_id}/files/{file_id}/content,retrieveVectorStoreFileContent
r0840,12,openai,POST,/vector_stores/{vector_store_id}/search,searchVectorStore
r0841,1,openai,POST,/conversations,createConversation
r0842,15,openai,GET,/conversations/{conversation_id},getConversation
r0843,1,openai,POST,/conversations/{conversation_id},updateConversation
r0844,3,openai,DELETE,/conversations/{conversation_id},deleteConversation
r0845,18,openai,GET,/safety/alerts/{id},Getprojectsafetyalert
r0846,4,openai,GET,/live/sessions/{session_id}/content,download-live-recording
r0847,14,openai,GET,/organization/spend_limit,Getorganizationspendlimit
r0848,21,openai,POST,/organization/spend_limit,Updateorganizationspendlimit
r0849,15,openai,DELETE,/organization/spend_limit,Deleteorganizationspendlimit
r0850,19,openai,GET,/organization/projects/{project_id}/spend_limit,Getprojectspendlimit
r0851,13,openai,POST,/organization/projects/{project_id}/spend_limit,Updateprojectspendlimit
r0852,9,openai,DELETE,/organization/projects/{project_id}/spend_limit,Deleteprojectspendlimit
r0853,11,openai,POST,/organization/projects/{project_id}/service_accounts/{service_account_id}/api_keys,CreateanAPIkeyforaserviceaccount
r0854,12,openai,POST,/content_provenance_checks,Createcontentprovenancecheck
r0855,9,openai,GET,/videos,ListVideos
r0856,7,openai,POST,/videos,createVideo
r0857,2,openai,POST,/videos/characters,CreateVideoCharacter
r0858,2,openai,GET,/videos/characters/{character_id},GetVideoCharacter
r0859,18,openai,POST,/videos/edits,CreateVideoEdit
r0860,1,openai,POST,/videos/extensions,CreateVideoExtend
r0861,8,openai,GET,/videos/{video_id},GetVideo
r0862,19,openai,DELETE,/videos/{video_id},DeleteVideo
r0863,8,openai,GET,/videos/{video_id}/content,RetrieveVideoContent
r0864,10,openai,POST,/videos/{video_id}/remix,CreateVideoRemix
r0865,7,openai,POST,/responses/input_tokens,Getinputtokencounts
r0866,6,openai,POST,/responses/compact,Compactconversation
r0867,12,openai,GET,/skills,ListSkills
r0868,2,openai,POST,/skills,CreateSkill
r0869,3,openai,GET,/skills/{skill_id},GetSkill
r0870,11,openai,POST,/skills/{skill_id},UpdateSkillDefaultVersion
r0871,18,openai,DELETE,/skills/{skill_id},DeleteSkill
r0872,2,openai,GET,/skills/{skill_id}/content,GetSkillContent
r0873,10,openai,GET,/skills/{skill_id}/versions,ListSkillVersions
r0874,7,openai,POST,/skills/{skill_id}/versions,CreateSkillVersion
r0875,5,openai,GET,/skills/{skill_id}/versions/{version},GetSkillVersion
r0876,20,openai,DELETE,/skills/{skill_id}/versions/{version},DeleteSkillVersion
r0877,8,openai,GET,/skills/{skill_id}/versions/{version}/content,GetSkillVersionContent
r0878,6,openai,POST,/chatkit/sessions/{session_id}/cancel,CancelChatSessionMethod
r0879,5,openai,POST,/chatkit/sessions,CreateChatSessionMethod
r0880,14,openai,GET,/chatkit/threads/{thread_id}/items,ListThreadItemsMethod
r0881,9,openai,GET,/chatkit/threads/{thread_id},GetThreadMethod
r0882,20,openai,DELETE,/chatkit/threads/{thread_id},DeleteThreadMethod
r0883,8,openai,GET,/chatkit/threads,ListThreadsMethod
r0884,15,openai,GET,/agents/environments/{environment_id},retrieveAgentEnvironment
r0885,19,openai,GET,/agents/environments/{environment_id}/files,listAgentEnvironmentFiles
r0886,5,openai,POST,/agents/environments/{environment_id}/files,createAgentEnvironmentFile
r0887,9,openai,GET,/agents/sessions/{session_id}/subagents,listAgentSessionSubagents
r0888,19,openai,GET,/agents/sessions/{session_id}/subagents/{subagent_id},retrieveAgentSessionSubagent
r0889,20,openai,GET,/agents/sessions/{session_id}/subagents/{subagent_id}/items,listAgentSessionSubagentItems
r0890,19,openai,GET,/agents/sessions/{session_id}/subagents/{subagent_id}/turns,listAgentSessionSubagentTurns
r0891,5,openai,GET,/agents/sessions/{session_id}/subagents/{subagent_id}/turns/{turn_id},retrieveAgentSessionSubagentTurn
r0892,21,openai,GET,/agents/sessions/{session_id}/subagents/{subagent_id}/turns/{turn_id}/items,listAgentSessionSubagentTurnItems
r0893,6,openai,GET,/agents,listAgents
r0894,16,openai,POST,/agents,createAgent
r0895,14,openai,GET,/agents/{agent_id},retrieveAgent
r0896,12,openai,POST,/agents/{agent_id},updateAgent
r0897,19,openai,DELETE,/agents/{agent_id},deleteAgent
r0898,11,openai,GET,/agents/environments/templates,listAgentEnvironmentTemplates
r0899,15,openai,POST,/agents/environments/templates,createAgentEnvironmentTemplate
r0900,5,openai,GET,/agents/environments/templates/{environment_template_id},retrieveAgentEnvironmentTemplate
r0901,1,openai,POST,/agents/environments/templates/{environment_template_id},updateAgentEnvironmentTemplate
r0902,4,openai,DELETE,/agents/environments/templates/{environment_template_id},deleteAgentEnvironmentTemplate
r0903,21,openai,GET,/agents/sessions,listAgentSessions
r0904,4,openai,POST,/agents/sessions,createAgentSession
r0905,16,openai,GET,/agents/sessions/{session_id},retrieveAgentSession
r0906,20,openai,POST,/agents/sessions/{session_id},updateAgentSession
r0907,17,openai,DELETE,/agents/sessions/{session_id},deleteAgentSession
r0908,15,openai,GET,/agents/sessions/{session_id}/artifacts,listAgentSessionArtifacts
r0909,12,openai,GET,/agents/sessions/{session_id}/artifacts/{artifact_id},retrieveAgentSessionArtifact
r0910,1,openai,DELETE,/agents/sessions/{session_id}/artifacts/{artifact_id},deleteAgentSessionArtifact
r0911,15,openai,GET,/agents/sessions/{session_id}/artifacts/{artifact_id}/content,retrieveAgentSessionArtifactContent
r0912,18,openai,GET,/agents/sessions/{session_id}/events,listAgentSessionEvents
r0913,10,openai,POST,/agents/sessions/{session_id}/events,createAgentSessionEvents
r0914,20,openai,GET,/agents/sessions/{session_id}/items,listAgentSessionItems
r0915,4,openai,GET,/agents/sessions/{session_id}/turns,listAgentSessionTurns
r0916,17,openai,GET,/agents/sessions/{session_id}/turns/{turn_id},retrieveAgentSessionTurn
r0917,21,openai,GET,/vaults,listVaults
r0918,15,openai,POST,/vaults,createVault
r0919,14,openai,GET,/vaults/{vault_id},retrieveVault
r0920,14,openai,DELETE,/vaults/{vault_id},deleteVault
r0921,12,openai,GET,/vaults/{vault_id}/credentials,listVaultCredentials
r0922,11,openai,POST,/vaults/{vault_id}/credentials,createVaultCredential
r0923,9,openai,GET,/vaults/{vault_id}/credentials/{credential_id},retrieveVaultCredential
r0924,20,openai,POST,/vaults/{vault_id}/credentials/{credential_id},rotateVaultCredential
r0925,9,openai,DELETE,/vaults/{vault_id}/credentials/{credential_id},deleteVaultCredential
r0926,19,openai,GET,/webhook_endpoints,ListWebhookEndpoints
r0927,6,openai,POST,/webhook_endpoints,CreateWebhookEndpoint
r0928,18,openai,GET,/webhook_endpoints/{webhook_endpoint_id},RetrieveWebhookEndpoint
r0929,2,openai,POST,/webhook_endpoints/{webhook_endpoint_id},UpdateWebhookEndpoint
r0930,3,openai,DELETE,/webhook_endpoints/{webhook_endpoint_id},DeleteWebhookEndpoint
r0931,4,openai,POST,/webhook_endpoints/{webhook_endpoint_id}/rotate_secret,RotateWebhookEndpointSigningSecret
r0932,5,openai,POST,/webhook_endpoints/{webhook_endpoint_id}/test,TestWebhookEndpoint
r0933,21,openai,GET,/webhook_event_types,ListWebhookEventTypes
r0934,2,openai,POST,/responses?beta=true,beta_createResponse
r0935,15,openai,GET,/responses/{response_id}?beta=true,beta_getResponse
r0936,5,openai,DELETE,/responses/{response_id}?beta=true,beta_deleteResponse
r0937,21,openai,POST,/responses/{response_id}/cancel?beta=true,beta_cancelResponse
r0938,20,openai,POST,/responses/compact?beta=true,beta_Compactconversation
r0939,10,openai,GET,/responses/{response_id}/input_items?beta=true,beta_listInputItems
r0940,11,openai,POST,/responses/input_tokens?beta=true,beta_Getinputtokencounts
r0941,3,square,POST,/oauth2/revoke,RevokeToken
r0942,16,square,POST,/oauth2/token,ObtainToken
r0943,15,square,POST,/oauth2/token/status,RetrieveTokenStatus
r0944,9,square,GET,/v1/{location_id}/orders,V1ListOrders
r0945,18,square,GET,/v1/{location_id}/orders/{order_id},V1RetrieveOrder
r0946,1,square,PUT,/v1/{location_id}/orders/{order_id},V1UpdateOrder
r0947,19,square,POST,/v2/apple-pay/domains,RegisterDomain
r0948,3,square,GET,/v2/bank-accounts,ListBankAccounts
r0949,3,square,POST,/v2/bank-accounts,CreateBankAccount
r0950,5,square,GET,/v2/bank-accounts/by-v1-id/{v1_bank_account_id},GetBankAccountByV1Id
r0951,21,square,GET,/v2/bank-accounts/{bank_account_id},GetBankAccount
r0952,17,square,POST,/v2/bank-accounts/{bank_account_id}/disable,DisableBankAccount
r0953,3,square,GET,/v2/bookings,ListBookings
r0954,18,square,POST,/v2/bookings,CreateBooking
r0955,5,square,POST,/v2/bookings/availability/search,SearchAvailability
r0956,21,square,POST,/v2/bookings/bulk-retrieve,BulkRetrieveBookings
r0957,21,square,GET,/v2/bookings/business-booking-profile,RetrieveBusinessBookingProfile
r0958,16,square,GET,/v2/bookings/custom-attribute-definitions,ListBookingCustomAttributeDefinitions
r0959,4,square,POST,/v2/bookings/custom-attribute-definitions,CreateBookingCustomAttributeDefinition
r0960,17,square,GET,/v2/bookings/custom-attribute-definitions/{key},RetrieveBookingCustomAttributeDefinition
r0961,18,square,PUT,/v2/bookings/custom-attribute-definitions/{key},UpdateBookingCustomAttributeDefinition
r0962,20,square,DELETE,/v2/bookings/custom-attribute-definitions/{key},DeleteBookingCustomAttributeDefinition
r0963,3,square,POST,/v2/bookings/custom-attributes/bulk-delete,BulkDeleteBookingCustomAttributes
r0964,21,square,POST,/v2/bookings/custom-attributes/bulk-upsert,BulkUpsertBookingCustomAttributes
r0965,20,square,GET,/v2/bookings/location-booking-profiles,ListLocationBookingProfiles
r0966,17,square,GET,/v2/bookings/location-booking-profiles/{location_id},RetrieveLocationBookingProfile
r0967,11,square,GET,/v2/bookings/team-member-booking-profiles,ListTeamMemberBookingProfiles
r0968,6,square,POST,/v2/bookings/team-member-booking-profiles/bulk-retrieve,BulkRetrieveTeamMemberBookingProfiles
r0969,12,square,GET,/v2/bookings/team-member-booking-profiles/{team_member_id},RetrieveTeamMemberBookingProfile
r0970,16,square,GET,/v2/bookings/{booking_id},RetrieveBooking
r0971,18,square,PUT,/v2/bookings/{booking_id},UpdateBooking
r0972,17,square,POST,/v2/bookings/{booking_id}/cancel,CancelBooking
r0973,21,square,GET,/v2/bookings/{booking_id}/custom-attributes,ListBookingCustomAttributes
r0974,12,square,GET,/v2/bookings/{booking_id}/custom-attributes/{key},RetrieveBookingCustomAttribute
r0975,7,square,PUT,/v2/bookings/{booking_id}/custom-attributes/{key},UpsertBookingCustomAttribute
r0976,12,square,DELETE,/v2/bookings/{booking_id}/custom-attributes/{key},DeleteBookingCustomAttribute
r0977,19,square,GET,/v2/cards,ListCards
r0978,14,square,POST,/v2/cards,CreateCard
r0979,12,square,GET,/v2/cards/{card_id},RetrieveCard
r0980,8,square,POST,/v2/cards/{card_id}/disable,DisableCard
r0981,21,square,GET,/v2/cash-drawers/shifts,ListCashDrawerShifts
r0982,17,square,GET,/v2/cash-drawers/shifts/{shift_id},RetrieveCashDrawerShift
r0983,1,square,GET,/v2/cash-drawers/shifts/{shift_id}/events,ListCashDrawerShiftEvents
r0984,3,square,POST,/v2/catalog/batch-delete,BatchDeleteCatalogObjects
r0985,20,square,POST,/v2/catalog/batch-retrieve,BatchRetrieveCatalogObjects
r0986,12,square,POST,/v2/catalog/batch-upsert,BatchUpsertCatalogObjects
r0987,12,square,POST,/v2/catalog/images,CreateCatalogImage
r0988,6,square,PUT,/v2/catalog/images/{image_id},UpdateCatalogImage
r0989,11,square,GET,/v2/catalog/info,CatalogInfo
r0990,8,square,GET,/v2/catalog/list,ListCatalog
r0991,9,square,POST,/v2/catalog/object,UpsertCatalogObject
r0992,19,square,GET,/v2/catalog/object/{object_id},RetrieveCatalogObject
r0993,9,square,DELETE,/v2/catalog/object/{object_id},DeleteCatalogObject
r0994,5,square,POST,/v2/catalog/search,SearchCatalogObjects
r0995,17,square,POST,/v2/catalog/search-catalog-items,SearchCatalogItems
r0996,8,square,POST,/v2/catalog/update-item-modifier-lists,UpdateItemModifierLists
r0997,10,square,POST,/v2/catalog/update-item-taxes,UpdateItemTaxes
r0998,3,square,GET,/v2/channels,ListChannels
r0999,8,square,POST,/v2/channels/bulk-retrieve,BulkRetrieveChannels
r1000,2,square,GET,/v2/channels/{channel_id},RetrieveChannel
r1001,18,square,GET,/v2/customers,ListCustomers
r1002,18,square,POST,/v2/customers,CreateCustomer
r1003,20,square,POST,/v2/customers/bulk-create,BulkCreateCustomers
r1004,12,square,POST,/v2/customers/bulk-delete,BulkDeleteCustomers
r1005,8,square,POST,/v2/customers/bulk-retrieve,BulkRetrieveCustomers
r1006,11,square,POST,/v2/customers/bulk-update,BulkUpdateCustomers
r1007,3,square,GET,/v2/customers/custom-attribute-definitions,ListCustomerCustomAttributeDefinitions
r1008,15,square,POST,/v2/customers/custom-attribute-definitions,CreateCustomerCustomAttributeDefinition
r1009,11,square,GET,/v2/customers/custom-attribute-definitions/{key},RetrieveCustomerCustomAttributeDefinition
r1010,6,square,PUT,/v2/customers/custom-attribute-definitions/{key},UpdateCustomerCustomAttributeDefinition
r1011,1,square,DELETE,/v2/customers/custom-attribute-definitions/{key},DeleteCustomerCustomAttributeDefinition
r1012,2,square,POST,/v2/customers/custom-attributes/bulk-upsert,BulkUpsertCustomerCustomAttributes
r1013,3,square,GET,/v2/customers/groups,ListCustomerGroups
r1014,4,square,POST,/v2/customers/groups,CreateCustomerGroup
r1015,20,square,GET,/v2/customers/groups/{group_id},RetrieveCustomerGroup
r1016,13,square,PUT,/v2/customers/groups/{group_id},UpdateCustomerGroup
r1017,12,square,DELETE,/v2/customers/groups/{group_id},DeleteCustomerGroup
r1018,8,square,POST,/v2/customers/search,SearchCustomers
r1019,18,square,GET,/v2/customers/segments,ListCustomerSegments
r1020,14,square,GET,/v2/customers/segments/{segment_id},RetrieveCustomerSegment
r1021,20,square,GET,/v2/customers/{customer_id},RetrieveCustomer
r1022,3,square,PUT,/v2/customers/{customer_id},UpdateCustomer
r1023,16,square,DELETE,/v2/customers/{customer_id},DeleteCustomer
r1024,4,square,POST,/v2/customers/{customer_id}/cards,CreateCustomerCard
r1025,18,square,DELETE,/v2/customers/{customer_id}/cards/{card_id},DeleteCustomerCard
r1026,20,square,GET,/v2/customers/{customer_id}/custom-attributes,ListCustomerCustomAttributes
r1027,7,square,GET,/v2/customers/{customer_id}/custom-attributes/{key},RetrieveCustomerCustomAttribute
r1028,13,square,POST,/v2/customers/{customer_id}/custom-attributes/{key},UpsertCustomerCustomAttribute
r1029,5,square,DELETE,/v2/customers/{customer_id}/custom-attributes/{key},DeleteCustomerCustomAttribute
r1030,16,square,PUT,/v2/customers/{customer_id}/groups/{group_id},AddGroupToCustomer
r1031,16,square,DELETE,/v2/customers/{customer_id}/groups/{group_id},RemoveGroupFromCustomer
r1032,3,square,GET,/v2/devices,ListDevices
r1033,12,square,GET,/v2/devices/codes,ListDeviceCodes
r1034,15,square,POST,/v2/devices/codes,CreateDeviceCode
r1035,21,square,GET,/v2/devices/codes/{id},GetDeviceCode
r1036,7,square,GET,/v2/devices/{device_id},GetDevice
r1037,16,square,GET,/v2/disputes,ListDisputes
r1038,16,square,GET,/v2/disputes/{dispute_id},RetrieveDispute
r1039,5,square,POST,/v2/disputes/{dispute_id}/accept,AcceptDispute
r1040,5,square,GET,/v2/disputes/{dispute_id}/evidence,ListDisputeEvidence
r1041,10,square,POST,/v2/disputes/{dispute_id}/evidence-files,CreateDisputeEvidenceFile
r1042,8,square,POST,/v2/disputes/{dispute_id}/evidence-text,CreateDisputeEvidenceText
r1043,9,square,GET,/v2/disputes/{dispute_id}/evidence/{evidence_id},RetrieveDisputeEvidence
r1044,20,square,DELETE,/v2/disputes/{dispute_id}/evidence/{evidence_id},DeleteDisputeEvidence
r1045,19,square,POST,/v2/disputes/{dispute_id}/submit-evidence,SubmitEvidence
r1046,15,square,GET,/v2/employees,ListEmployees
r1047,5,square,GET,/v2/employees/{id},RetrieveEmployee
r1048,19,square,POST,/v2/events,SearchEvents
r1049,20,square,PUT,/v2/events/disable,DisableEvents
r1050,11,square,PUT,/v2/events/enable,EnableEvents
r1051,20,square,GET,/v2/events/types,ListEventTypes
r1052,14,square,GET,/v2/gift-cards,ListGiftCards
r1053,4,square,POST,/v2/gift-cards,CreateGiftCard
r1054,17,square,GET,/v2/gift-cards/activities,ListGiftCardActivities
r1055,5,square,POST,/v2/gift-cards/activities,CreateGiftCardActivity
r1056,19,square,POST,/v2/gift-cards/from-gan,RetrieveGiftCardFromGAN
r1057,5,square,POST,/v2/gift-cards/from-nonce,RetrieveGiftCardFromNonce
r1058,11,square,POST,/v2/gift-cards/{gift_card_id}/link-customer,LinkCustomerToGiftCard
r1059,3,square,POST,/v2/gift-cards/{gift_card_id}/unlink-customer,UnlinkCustomerFromGiftCard
r1060,4,square,GET,/v2/gift-cards/{id},RetrieveGiftCard
r1061,9,square,GET,/v2/inventory/adjustment-reasons,ListInventoryAdjustmentReasons
r1062,21,square,POST,/v2/inventory/adjustment-reasons/create,CreateInventoryAdjustmentReason
r1063,7,square,POST,/v2/inventory/adjustment-reasons/delete,DeleteInventoryAdjustmentReason
r1064,20,square,POST,/v2/inventory/adjustment-reasons/restore,RestoreInventoryAdjustmentReason
r1065,9,square,POST,/v2/inventory/adjustment-reasons/retrieve,RetrieveInventoryAdjustmentReason
r1066,4,square,PUT,/v2/inventory/adjustment-reasons/update,UpdateInventoryAdjustmentReason
r1067,2,square,GET,/v2/inventory/adjustment/{adjustment_id},DeprecatedRetrieveInventoryAdjustment
r1068,9,square,PUT,/v2/inventory/adjustments/update,UpdateInventoryAdjustment
r1069,9,square,GET,/v2/inventory/adjustments/{adjustment_id},RetrieveInventoryAdjustment
r1070,11,square,POST,/v2/inventory/batch-change,DeprecatedBatchChangeInventory
r1071,15,square,POST,/v2/inventory/batch-retrieve-changes,DeprecatedBatchRetrieveInventoryChanges
r1072,10,square,POST,/v2/inventory/batch-retrieve-counts,DeprecatedBatchRetrieveInventoryCounts
r1073,7,square,POST,/v2/inventory/changes/batch-create,BatchChangeInventory
r1074,2,square,POST,/v2/inventory/changes/batch-retrieve,BatchRetrieveInventoryChanges
r1075,10,square,POST,/v2/inventory/counts/batch-retrieve,BatchRetrieveInventoryCounts
r1076,13,square,GET,/v2/inventory/physical-count/{physical_count_id},DeprecatedRetrieveInventoryPhysicalCount
r1077,3,square,GET,/v2/inventory/physical-counts/{physical_count_id},RetrieveInventoryPhysicalCount
r1078,8,square,GET,/v2/inventory/{catalog_object_id},RetrieveInventoryCount
r1079,2,square,GET,/v2/inventory/{catalog_object_id}/changes,RetrieveInventoryChanges
r1080,16,square,GET,/v2/invoices,ListInvoices
r1081,10,square,POST,/v2/invoices,CreateInvoice
r1082,18,square,POST,/v2/invoices/search,SearchInvoices
r1083,19,square,GET,/v2/invoices/{invoice_id},GetInvoice
r1084,10,square,PUT,/v2/invoices/{invoice_id},UpdateInvoice
r1085,21,square,DELETE,/v2/invoices/{invoice_id},DeleteInvoice
r1086,3,square,POST,/v2/invoices/{invoice_id}/attachments,CreateInvoiceAttachment
r1087,1,square,DELETE,/v2/invoices/{invoice_id}/attachments/{attachment_id},DeleteInvoiceAttachment
r1088,12,square,POST,/v2/invoices/{invoice_id}/cancel,CancelInvoice
r1089,7,square,POST,/v2/invoices/{invoice_id}/publish,PublishInvoice
r1090,12,square,GET,/v2/labor/break-types,ListBreakTypes
r1091,3,square,POST,/v2/labor/break-types,CreateBreakType
r1092,13,square,GET,/v2/labor/break-types/{id},GetBreakType
r1093,12,square,PUT,/v2/labor/break-types/{id},UpdateBreakType
r1094,21,square,DELETE,/v2/labor/break-types/{id},DeleteBreakType
r1095,21,square,GET,/v2/labor/employee-wages,ListEmployeeWages
r1096,11,square,GET,/v2/labor/employee-wages/{id},GetEmployeeWage
r1097,5,square,POST,/v2/labor/scheduled-shifts,CreateScheduledShift
r1098,4,square,POST,/v2/labor/scheduled-shifts/bulk-publish,BulkPublishScheduledShifts
r1099,14,square,POST,/v2/labor/scheduled-shifts/search,SearchScheduledShifts
r1100,15,square,GET,/v2/labor/scheduled-shifts/{id},RetrieveScheduledShift
r1101,1,square,PUT,/v2/labor/scheduled-shifts/{id},UpdateScheduledShift
r1102,10,square,POST,/v2/labor/scheduled-shifts/{id}/publish,PublishScheduledShift
r1103,12,square,POST,/v2/labor/shifts,CreateShift
r1104,17,square,POST,/v2/labor/shifts/search,SearchShifts
r1105,17,square,GET,/v2/labor/shifts/{id},GetShift
r1106,8,square,PUT,/v2/labor/shifts/{id},UpdateShift
r1107,20,square,DELETE,/v2/labor/shifts/{id},DeleteShift
r1108,18,square,GET,/v2/labor/team-member-wages,ListTeamMemberWages
r1109,8,square,GET,/v2/labor/team-member-wages/{id},GetTeamMemberWage
r1110,17,square,POST,/v2/labor/timecards,CreateTimecard
r1111,7,square,POST,/v2/labor/timecards/search,SearchTimecards
r1112,4,square,GET,/v2/labor/timecards/{id},RetrieveTimecard
r1113,10,square,PUT,/v2/labor/timecards/{id},UpdateTimecard
r1114,12,square,DELETE,/v2/labor/timecards/{id},DeleteTimecard
r1115,21,square,GET,/v2/labor/workweek-configs,ListWorkweekConfigs
r1116,2,square,PUT,/v2/labor/workweek-configs/{id},UpdateWorkweekConfig
r1117,4,square,GET,/v2/locations,ListLocations
r1118,1,square,POST,/v2/locations,CreateLocation
r1119,18,square,GET,/v2/locations/custom-attribute-definitions,ListLocationCustomAttributeDefinitions
r1120,3,square,POST,/v2/locations/custom-attribute-definitions,CreateLocationCustomAttributeDefinition
r1121,4,square,GET,/v2/locations/custom-attribute-definitions/{key},RetrieveLocationCustomAttributeDefinition
r1122,13,square,PUT,/v2/locations/custom-attribute-definitions/{key},UpdateLocationCustomAttributeDefinition
r1123,14,square,DELETE,/v2/locations/custom-attribute-definitions/{key},DeleteLocationCustomAttributeDefinition
r1124,11,square,POST,/v2/locations/custom-attributes/bulk-delete,BulkDeleteLocationCustomAttributes
r1125,1,square,POST,/v2/locations/custom-attributes/bulk-upsert,BulkUpsertLocationCustomAttributes
r1126,18,square,GET,/v2/locations/{location_id},RetrieveLocation
r1127,7,square,PUT,/v2/locations/{location_id},UpdateLocation
r1128,11,square,POST,/v2/locations/{location_id}/checkouts,CreateCheckout
r1129,11,square,GET,/v2/locations/{location_id}/custom-attributes,ListLocationCustomAttributes
r1130,3,square,GET,/v2/locations/{location_id}/custom-attributes/{key},RetrieveLocationCustomAttribute
r1131,2,square,POST,/v2/locations/{location_id}/custom-attributes/{key},UpsertLocationCustomAttribute
r1132,9,square,DELETE,/v2/locations/{location_id}/custom-attributes/{key},DeleteLocationCustomAttribute
r1133,10,square,GET,/v2/locations/{location_id}/transactions,ListTransactions
r1134,14,square,GET,/v2/locations/{location_id}/transactions/{transaction_id},RetrieveTransaction
r1135,4,square,POST,/v2/loyalty/accounts,CreateLoyaltyAccount
r1136,4,square,POST,/v2/loyalty/accounts/search,SearchLoyaltyAccounts
r1137,14,square,GET,/v2/loyalty/accounts/{account_id},RetrieveLoyaltyAccount
r1138,8,square,POST,/v2/loyalty/accounts/{account_id}/accumulate,AccumulateLoyaltyPoints
r1139,4,square,POST,/v2/loyalty/accounts/{account_id}/adjust,AdjustLoyaltyPoints
r1140,4,square,POST,/v2/loyalty/events/search,SearchLoyaltyEvents
r1141,11,square,GET,/v2/loyalty/programs,ListLoyaltyPrograms
r1142,6,square,GET,/v2/loyalty/programs/{program_id},RetrieveLoyaltyProgram
r1143,12,square,POST,/v2/loyalty/programs/{program_id}/calculate,CalculateLoyaltyPoints
r1144,16,square,GET,/v2/loyalty/programs/{program_id}/promotions,ListLoyaltyPromotions
r1145,6,square,POST,/v2/loyalty/programs/{program_id}/promotions,CreateLoyaltyPromotion
r1146,11,square,GET,/v2/loyalty/programs/{program_id}/promotions/{promotion_id},RetrieveLoyaltyPromotion
r1147,21,square,POST,/v2/loyalty/programs/{program_id}/promotions/{promotion_id}/cancel,CancelLoyaltyPromotion
r1148,18,square,POST,/v2/loyalty/rewards,CreateLoyaltyReward
r1149,20,square,POST,/v2/loyalty/rewards/search,SearchLoyaltyRewards
r1150,13,square,GET,/v2/loyalty/rewards/{reward_id},RetrieveLoyaltyReward
r1151,21,square,DELETE,/v2/loyalty/rewards/{reward_id},DeleteLoyaltyReward
r1152,1,square,POST,/v2/loyalty/rewards/{reward_id}/redeem,RedeemLoyaltyReward
r1153,17,square,GET,/v2/merchants,ListMerchants
r1154,1,square,GET,/v2/merchants/custom-attribute-definitions,ListMerchantCustomAttributeDefinitions
r1155,20,square,POST,/v2/merchants/custom-attribute-definitions,CreateMerchantCustomAttributeDefinition
r1156,2,square,GET,/v2/merchants/custom-attribute-definitions/{key},RetrieveMerchantCustomAttributeDefinition
r1157,8,square,PUT,/v2/merchants/custom-attribute-definitions/{key},UpdateMerchantCustomAttributeDefinition
r1158,16,square,DELETE,/v2/merchants/custom-attribute-definitions/{key},DeleteMerchantCustomAttributeDefinition
r1159,5,square,POST,/v2/merchants/custom-attributes/bulk-delete,BulkDeleteMerchantCustomAttributes
r1160,17,square,POST,/v2/merchants/custom-attributes/bulk-upsert,BulkUpsertMerchantCustomAttributes
r1161,10,square,GET,/v2/merchants/{merchant_id},RetrieveMerchant
r1162,15,square,GET,/v2/merchants/{merchant_id}/custom-attributes,ListMerchantCustomAttributes
r1163,4,square,GET,/v2/merchants/{merchant_id}/custom-attributes/{key},RetrieveMerchantCustomAttribute
r1164,18,square,POST,/v2/merchants/{merchant_id}/custom-attributes/{key},UpsertMerchantCustomAttribute
r1165,10,square,DELETE,/v2/merchants/{merchant_id}/custom-attributes/{key},DeleteMerchantCustomAttribute
r1166,20,square,GET,/v2/online-checkout/location-settings/{location_id},RetrieveLocationSettings
r1167,19,square,PUT,/v2/online-checkout/location-settings/{location_id},UpdateLocationSettings
r1168,17,square,GET,/v2/online-checkout/merchant-settings,RetrieveMerchantSettings
r1169,1,square,PUT,/v2/online-checkout/merchant-settings,UpdateMerchantSettings
r1170,1,square,GET,/v2/online-checkout/payment-links,ListPaymentLinks
r1171,15,square,POST,/v2/online-checkout/payment-links,CreatePaymentLink
r1172,1,square,GET,/v2/online-checkout/payment-links/{id},RetrievePaymentLink
r1173,3,square,PUT,/v2/online-checkout/payment-links/{id},UpdatePaymentLink
r1174,11,square,DELETE,/v2/online-checkout/payment-links/{id},DeletePaymentLink
r1175,14,square,POST,/v2/orders,CreateOrder
r1176,11,square,POST,/v2/orders/batch-retrieve,BatchRetrieveOrders
r1177,7,square,POST,/v2/orders/calculate,CalculateOrder
r1178,4,square,POST,/v2/orders/clone,CloneOrder
r1179,6,square,GET,/v2/orders/custom-attribute-definitions,ListOrderCustomAttributeDefinitions
r1180,5,square,POST,/v2/orders/custom-attribute-definitions,CreateOrderCustomAttributeDefinition
r1181,15,square,GET,/v2/orders/custom-attribute-definitions/{key},RetrieveOrderCustomAttributeDefinition
r1182,12,square,PUT,/v2/orders/custom-attribute-definitions/{key},UpdateOrderCustomAttributeDefinition
r1183,4,square,DELETE,/v2/orders/custom-attribute-definitions/{key},DeleteOrderCustomAttributeDefinition
r1184,3,square,POST,/v2/orders/custom-attributes/bulk-delete,BulkDeleteOrderCustomAttributes
r1185,13,square,POST,/v2/orders/custom-attributes/bulk-upsert,BulkUpsertOrderCustomAttributes
r1186,3,square,POST,/v2/orders/search,SearchOrders
r1187,6,square,GET,/v2/orders/{order_id},RetrieveOrder
r1188,13,square,PUT,/v2/orders/{order_id},UpdateOrder
r1189,6,square,GET,/v2/orders/{order_id}/custom-attributes,ListOrderCustomAttributes
r1190,18,square,GET,/v2/orders/{order_id}/custom-attributes/{custom_attribute_key},RetrieveOrderCustomAttribute
r1191,10,square,POST,/v2/orders/{order_id}/custom-attributes/{custom_attribute_key},UpsertOrderCustomAttribute
r1192,21,square,DELETE,/v2/orders/{order_id}/custom-attributes/{custom_attribute_key},DeleteOrderCustomAttribute
r1193,15,square,POST,/v2/orders/{order_id}/pay,PayOrder
r1194,11,square,GET,/v2/payments,ListPayments
r1195,12,square,POST,/v2/payments,CreatePayment
r1196,21,square,POST,/v2/payments/cancel,CancelPaymentByIdempotencyKey
r1197,21,square,GET,/v2/payments/{payment_id},GetPayment
r1198,20,square,PUT,/v2/payments/{payment_id},UpdatePayment
r1199,9,square,POST,/v2/payments/{payment_id}/cancel,CancelPayment
r1200,12,square,POST,/v2/payments/{payment_id}/complete,CompletePayment
r1201,16,square,GET,/v2/payouts,ListPayouts
r1202,9,square,GET,/v2/payouts/{payout_id},GetPayout
r1203,14,square,GET,/v2/payouts/{payout_id}/payout-entries,ListPayoutEntries
r1204,20,square,GET,/v2/refunds,ListPaymentRefunds
r1205,12,square,POST,/v2/refunds,RefundPayment
r1206,2,square,GET,/v2/refunds/{refund_id},GetPaymentRefund
r1207,16,square,GET,/v2/sites,ListSites
r1208,11,square,GET,/v2/sites/{site_id}/snippet,RetrieveSnippet
r1209,6,square,POST,/v2/sites/{site_id}/snippet,UpsertSnippet
r1210,9,square,DELETE,/v2/sites/{site_id}/snippet,DeleteSnippet
r1211,7,square,POST,/v2/subscriptions,CreateSubscription
r1212,7,square,POST,/v2/subscriptions/bulk-swap-plan,BulkSwapPlan
r1213,17,square,POST,/v2/subscriptions/search,SearchSubscriptions
r1214,13,square,GET,/v2/subscriptions/{subscription_id},RetrieveSubscription
r1215,1,square,PUT,/v2/subscriptions/{subscription_id},UpdateSubscription
r1216,12,square,DELETE,/v2/subscriptions/{subscription_id}/actions/{action_id},DeleteSubscriptionAction
r1217,10,square,POST,/v2/subscriptions/{subscription_id}/billing-anchor,ChangeBillingAnchorDate
r1218,15,square,POST,/v2/subscriptions/{subscription_id}/cancel,CancelSubscription
r1219,21,square,GET,/v2/subscriptions/{subscription_id}/events,ListSubscriptionEvents
r1220,9,square,POST,/v2/subscriptions/{subscription_id}/pause,PauseSubscription
r1221,19,square,POST,/v2/subscriptions/{subscription_id}/resume,ResumeSubscription
r1222,13,square,POST,/v2/subscriptions/{subscription_id}/swap-plan,SwapPlan
r1223,18,square,POST,/v2/team-members,CreateTeamMember
r1224,12,square,POST,/v2/team-members/bulk-create,BulkCreateTeamMembers
r1225,16,square,POST,/v2/team-members/bulk-update,BulkUpdateTeamMembers
r1226,11,square,GET,/v2/team-members/jobs,ListJobs
r1227,7,square,POST,/v2/team-members/jobs,CreateJob
r1228,13,square,GET,/v2/team-members/jobs/{job_id},RetrieveJob
r1229,7,square,PUT,/v2/team-members/jobs/{job_id},UpdateJob
r1230,18,square,POST,/v2/team-members/search,SearchTeamMembers
r1231,15,square,GET,/v2/team-members/{team_member_id},RetrieveTeamMember
r1232,14,square,PUT,/v2/team-members/{team_member_id},UpdateTeamMember
r1233,21,square,GET,/v2/team-members/{team_member_id}/wage-setting,RetrieveWageSetting
r1234,18,square,PUT,/v2/team-members/{team_member_id}/wage-setting,UpdateWageSetting
r1235,1,square,POST,/v2/terminals/actions,CreateTerminalAction
r1236,17,square,POST,/v2/terminals/actions/search,SearchTerminalActions
r1237,1,square,GET,/v2/terminals/actions/{action_id},GetTerminalAction
r1238,12,square,POST,/v2/terminals/actions/{action_id}/cancel,CancelTerminalAction
r1239,14,square,POST,/v2/terminals/actions/{action_id}/dismiss,DismissTerminalAction
r1240,10,square,POST,/v2/terminals/checkouts,CreateTerminalCheckout
r1241,5,square,POST,/v2/terminals/checkouts/search,SearchTerminalCheckouts
r1242,8,square,GET,/v2/terminals/checkouts/{checkout_id},GetTerminalCheckout
r1243,3,square,POST,/v2/terminals/checkouts/{checkout_id}/cancel,CancelTerminalCheckout
r1244,2,square,POST,/v2/terminals/checkouts/{checkout_id}/dismiss,DismissTerminalCheckout
r1245,8,square,POST,/v2/terminals/refunds,CreateTerminalRefund
r1246,4,square,POST,/v2/terminals/refunds/search,SearchTerminalRefunds
r1247,2,square,GET,/v2/terminals/refunds/{terminal_refund_id},GetTerminalRefund
r1248,16,square,POST,/v2/terminals/refunds/{terminal_refund_id}/cancel,CancelTerminalRefund
r1249,19,square,POST,/v2/terminals/refunds/{terminal_refund_id}/dismiss,DismissTerminalRefund
r1250,20,square,POST,/v2/transfer-orders,CreateTransferOrder
r1251,20,square,POST,/v2/transfer-orders/search,SearchTransferOrders
r1252,13,square,GET,/v2/transfer-orders/{transfer_order_id},RetrieveTransferOrder
r1253,2,square,PUT,/v2/transfer-orders/{transfer_order_id},UpdateTransferOrder
r1254,11,square,DELETE,/v2/transfer-orders/{transfer_order_id},DeleteTransferOrder
r1255,2,square,POST,/v2/transfer-orders/{transfer_order_id}/cancel,CancelTransferOrder
r1256,13,square,POST,/v2/transfer-orders/{transfer_order_id}/receive,ReceiveTransferOrder
r1257,4,square,POST,/v2/transfer-orders/{transfer_order_id}/start,StartTransferOrder
r1258,7,square,POST,/v2/vendors/bulk-create,BulkCreateVendors
r1259,19,square,POST,/v2/vendors/bulk-retrieve,BulkRetrieveVendors
r1260,2,square,PUT,/v2/vendors/bulk-update,BulkUpdateVendors
r1261,12,square,POST,/v2/vendors/create,CreateVendor
r1262,19,square,POST,/v2/vendors/search,SearchVendors
r1263,12,square,GET,/v2/vendors/{vendor_id},RetrieveVendor
r1264,4,square,PUT,/v2/vendors/{vendor_id},UpdateVendor
r1265,18,square,GET,/v2/webhooks/event-types,ListWebhookEventTypes
r1266,7,square,GET,/v2/webhooks/subscriptions,ListWebhookSubscriptions
r1267,9,square,POST,/v2/webhooks/subscriptions,CreateWebhookSubscription
r1268,2,square,GET,/v2/webhooks/subscriptions/{subscription_id},RetrieveWebhookSubscription
r1269,16,square,PUT,/v2/webhooks/subscriptions/{subscription_id},UpdateWebhookSubscription
r1270,15,square,DELETE,/v2/webhooks/subscriptions/{subscription_id},DeleteWebhookSubscription
r1271,13,square,POST,/v2/webhooks/subscriptions/{subscription_id}/signature-key,UpdateWebhookSubscriptionSignatureKey
r1272,17,square,POST,/v2/webhooks/subscriptions/{subscription_id}/test,TestWebhookSubscription
r1273,18,zoom,GET,/accounts,accounts
r1274,1,zoom,POST,/accounts,accountCreate
r1275,2,zoom,GET,/accounts/{accountId},account
r1276,18,zoom,DELETE,/accounts/{accountId},accountDisassociate
r1277,2,zoom,PATCH,/accounts/{accountId}/options,accountOptionsUpdate
r1278,8,zoom,GET,/accounts/{accountId}/settings,accountSettings
r1279,7,zoom,PATCH,/accounts/{accountId}/settings,accountSettingsUpdate
r1280,21,zoom,GET,/accounts/{accountId}/managed_domains,accountManagedDomain
r1281,11,zoom,GET,/accounts/{accountId}/billing,accountBilling
r1282,4,zoom,PATCH,/accounts/{accountId}/billing,accountBillingUpdate
r1283,2,zoom,GET,/accounts/{accountId}/plans,accountPlans
r1284,2,zoom,POST,/accounts/{accountId}/plans,accountPlanCreate
r1285,8,zoom,PUT,/accounts/{accountId}/plans/base,accountPlanBaseUpdate
r1286,15,zoom,PUT,/accounts/{accountId}/plans/addons,accountPlanAddonUpdate
r1287,7,zoom,POST,/accounts/{accountId}/plans/addons,accountPlanAddonCreate
r1288,8,zoom,GET,/groups,groups
r1289,7,zoom,POST,/groups,groupCreate
r1290,18,zoom,GET,/groups/{groupId},group
r1291,1,zoom,DELETE,/groups/{groupId},groupDelete
r1292,19,zoom,PATCH,/groups/{groupId},groupUpdate
r1293,4,zoom,GET,/groups/{groupId}/members,groupMembers
r1294,15,zoom,POST,/groups/{groupId}/members,groupMembersCreate
r1295,1,zoom,DELETE,/groups/{groupId}/members/{memberId},groupMembersDelete
r1296,14,zoom,GET,/h323/devices,deviceList
r1297,7,zoom,POST,/h323/devices,deviceCreate
r1298,17,zoom,DELETE,/h323/devices/{deviceId},deviceDelete
r1299,20,zoom,PATCH,/h323/devices/{deviceId},deviceUpdate
r1300,15,zoom,GET,/v2/tracking_fields,trackingfieldList
r1301,13,zoom,POST,/v2/tracking_fields,trackingfieldCreate
r1302,16,zoom,GET,/v2/tracking_fields/{fieldId},trackingfieldGet
r1303,13,zoom,DELETE,/v2/tracking_fields/{fieldId},trackingfieldDelete
r1304,9,zoom,PATCH,/v2/tracking_fields/{fieldId},trackingfieldUpdate
r1305,4,zoom,GET,/im/groups,imGroups
r1306,9,zoom,POST,/im/groups,imGroupCreate
r1307,5,zoom,GET,/im/groups/{groupId},imGroup
r1308,20,zoom,DELETE,/im/groups/{groupId},imGroupDelete
r1309,18,zoom,PATCH,/im/groups/{groupId},imGroupUpdate
r1310,21,zoom,GET,/im/groups/{groupId}/members,imGroupMembers
r1311,14,zoom,POST,/im/groups/{groupId}/members,imGroupMembersCreate
r1312,2,zoom,DELETE,/im/groups/{groupId}/members/{memberId},imGroupMembersDelete
r1313,7,zoom,GET,/im/chat/sessions,imChatSessions
r1314,19,zoom,GET,/im/chat/sessions/{sessionId},imChatMessages
r1315,20,zoom,GET,/users/{userId}/meetings,meetings
r1316,20,zoom,POST,/users/{userId}/meetings,meetingCreate
r1317,2,zoom,GET,/meetings/{meetingId},meeting
r1318,1,zoom,DELETE,/meetings/{meetingId},meetingDelete
r1319,14,zoom,PATCH,/meetings/{meetingId},meetingUpdate
r1320,17,zoom,PUT,/meetings/{meetingId}/status,meetingStatus
r1321,5,zoom,GET,/meetings/{meetingId}/invitation,meetingInvitation
r1322,9,zoom,GET,/meetings/{meetingId}/registrants,meetingRegistrants
r1323,6,zoom,POST,/meetings/{meetingId}/registrants,meetingRegistrantCreate
r1324,9,zoom,PUT,/meetings/{meetingId}/registrants/status,meetingRegistrantStatus
r1325,14,zoom,PATCH,/meetings/{meetingId}/livestream,meetingLiveStreamUpdate
r1326,21,zoom,PATCH,/meetings/{meetingId}/livestream/status,meetingLiveStreamStatusUpdate
r1327,9,zoom,GET,/past_meetings/{meetingUUID},pastMeetingDetails
r1328,9,zoom,GET,/past_meetings/{meetingUUID}/participants,pastMeetingParticipants
r1329,6,zoom,GET,/past_meetings/{meetingId}/instances,pastMeetings
r1330,2,zoom,GET,/meetings/{meetingId}/polls,meetingPolls
r1331,18,zoom,POST,/meetings/{meetingId}/polls,meetingPollCreate
r1332,8,zoom,GET,/meetings/{meetingId}/polls/{pollId},meetingPollGet
r1333,15,zoom,PUT,/meetings/{meetingId}/polls/{pollId},meetingPollUpdate
r1334,3,zoom,DELETE,/meetings/{meetingId}/polls/{pollId},meetingPollDelete
r1335,10,zoom,GET,/users/{userId}/recordings,recordingsList
r1336,21,zoom,GET,/meetings/{meetingId}/recordings,recordingGet
r1337,13,zoom,DELETE,/meetings/{meetingId}/recordings,recordingDelete
r1338,6,zoom,DELETE,/meetings/{meetingId}/recordings/{recordingId},recordingDeleteOne
r1339,9,zoom,PUT,/meetings/{meetingId}/recordings/status,recordingStatusUpdate
r1340,10,zoom,PUT,/meetings/{meetingId}/recordings/{recordingId}/status,recordingStatusUpdateOne
r1341,15,zoom,GET,/meetings/{meetingId}/recordings/settings,recordingSettingUpdate
r1342,14,zoom,PATCH,/meetings/{meetingId}/recordings/settings,recordingSettingsUpdate
r1343,13,zoom,GET,/metrics/meetings,dashboardMeetings
r1344,20,zoom,GET,/metrics/meetings/{meetingId},dashboardMeetingDetail
r1345,11,zoom,GET,/metrics/meetings/{meetingId}/participants,dashboardMeetingParticipants
r1346,16,zoom,GET,/metrics/meetings/{meetingId}/participants/{participantId}/qos,dashboardMeetingParticipantQOS
r1347,18,zoom,GET,/metrics/meetings/{meetingId}/participants/qos,dashboardMeetingParticipantsQOS
r1348,2,zoom,GET,/metrics/meetings/{meetingId}/participants/sharing,dashboardMeetingParticipantShare
r1349,5,zoom,GET,/metrics/webinars,dashboardWebinars
r1350,21,zoom,GET,/metrics/webinars/{webinarId},dashboardWebinarDetail
r1351,8,zoom,GET,/metrics/webinars/{webinarId}/participants,dashboardWebinarParticipants
r1352,17,zoom,GET,/metrics/webinars/{webinarId}/participants/{participantId}/qos,dashboardWebinarParticipantQOS
r1353,4,zoom,GET,/metrics/webinars/{webinarId}/participants/qos,dashboardWebinarParticipantsQOS
r1354,2,zoom,GET,/metrics/webinars/{webinarId}/participants/sharing,dashboardWebinarParticipantShare
r1355,6,zoom,GET,/metrics/zoomrooms,dashboardZoomRooms
r1356,15,zoom,GET,/metrics/zoomrooms/{zoomroomId},dashboardZoomRoom
r1357,9,zoom,GET,/metrics/crc,dashboardCRC
r1358,9,zoom,GET,/metrics/im,dashboardIM
r1359,18,zoom,GET,/report/daily,reportDaily
r1360,16,zoom,GET,/report/users,reportUsers
r1361,11,zoom,GET,/report/users/{userId}/meetings,reportMeetings
r1362,4,zoom,GET,/report/meetings/{meetingId},reportMeetingDetails
r1363,7,zoom,GET,/report/meetings/{meetingId}/participants,reportMeetingParticipants
r1364,8,zoom,GET,/report/meetings/{meetingId}/polls,reportMeetingPolls
r1365,2,zoom,GET,/report/webinars/{webinarId},reportWebinarDetails
r1366,3,zoom,GET,/report/webinars/{webinarId}/participants,reportWebinarParticipants
r1367,11,zoom,GET,/report/webinars/{webinarId}/polls,reportWebinarPolls
r1368,13,zoom,GET,/report/webinars/{webinarId}/qa,reportWebinarQA
r1369,5,zoom,GET,/report/telephone,reportTelephone
r1370,19,zoom,GET,/report/cloud_recording,reportCloudRecording
r1371,19,zoom,GET,/tsp,tsp
r1372,5,zoom,PATCH,/tsp,tspUpdate
r1373,15,zoom,GET,/users,users
r1374,19,zoom,POST,/users,userCreate
r1375,14,zoom,GET,/users/{userId},user
r1376,18,zoom,DELETE,/users/{userId},userDelete
r1377,6,zoom,PATCH,/users/{userId},userUpdate
r1378,8,zoom,GET,/users/{userId}/assistants,userAssistants
r1379,14,zoom,POST,/users/{userId}/assistants,userAssistantCreate
r1380,18,zoom,DELETE,/users/{userId}/assistants,userAssistantsDelete
r1381,3,zoom,DELETE,/users/{userId}/assistants/{assistantId},userAssistantDelete
r1382,11,zoom,GET,/users/{userId}/schedulers,userSchedulers
r1383,16,zoom,DELETE,/users/{userId}/schedulers,userSchedulersDelete
r1384,7,zoom,DELETE,/users/{userId}/schedulers/{schedulerId},userSchedulerDelete
r1385,14,zoom,POST,/users/{userId}/picture,userPicture
r1386,4,zoom,GET,/users/{userId}/settings,userSettings
r1387,10,zoom,PATCH,/users/{userId}/settings,userSettingsUpdate
r1388,10,zoom,PUT,/users/{userId}/status,userStatus
r1389,3,zoom,PUT,/users/{userId}/password,userPassword
r1390,9,zoom,GET,/users/{userId}/permissions,userPermission
r1391,7,zoom,GET,/users/{userId}/pac,userPACs
r1392,17,zoom,GET,/users/{userId}/tsp,userTSPs
r1393,9,zoom,POST,/users/{userId}/tsp,userTSPCreate
r1394,20,zoom,GET,/users/{userId}/tsp/{tspId},userTSP
r1395,18,zoom,DELETE,/users/{userId}/tsp/{tspId},userTSPDelete
r1396,14,zoom,PATCH,/users/{userId}/tsp/{tspId},userTSPUpdate
r1397,2,zoom,GET,/users/{userId}/token,userToken
r1398,17,zoom,DELETE,/users/{userId}/token,userSSOTokenDelete
r1399,1,zoom,PUT,/users/{userId}/email,userEmailUpdate
r1400,18,zoom,GET,/users/zpk,userZPK
r1401,7,zoom,GET,/users/email,userEmail
r1402,16,zoom,GET,/users/vanity_name,userVanityName
r1403,19,zoom,GET,/users/{userId}/webinars,webinars
r1404,14,zoom,POST,/users/{userId}/webinars,webinarCreate
r1405,9,zoom,GET,/webinars/{webinarId},webinar
r1406,8,zoom,DELETE,/webinars/{webinarId},webinarDelete
r1407,2,zoom,PATCH,/webinars/{webinarId},webinarUpdate
r1408,8,zoom,PUT,/webinars/{webinarId}/status,webinarStatus
r1409,15,zoom,GET,/webinars/{webinarId}/panelists,webinarPanelists
r1410,9,zoom,POST,/webinars/{webinarId}/panelists,webinarPanelistCreate
r1411,10,zoom,DELETE,/webinars/{webinarId}/panelists,webinarPanelistsDelete
r1412,6,zoom,DELETE,/webinars/{webinarId}/panelists/{panelistId},webinarPanelistDelete
r1413,4,zoom,GET,/webinars/{webinarId}/registrants,webinarRegistrants
r1414,7,zoom,POST,/webinars/{webinarId}/registrants,webinarRegistrantCreate
r1415,5,zoom,PUT,/webinars/{webinarId}/registrants/status,webinarRegistrantStatus
r1416,19,zoom,GET,/past_webinars/{webinarId}/instances,pastWebinars
r1417,13,zoom,GET,/webinars/{webinarId}/polls,webinarPolls
r1418,15,zoom,POST,/webinars/{webinarId}/polls,webinarPollCreate
r1419,21,zoom,GET,/webinars/{webinarId}/polls/{pollId},webinarPollGet
r1420,21,zoom,PUT,/webinars/{webinarId}/polls/{pollId},webinarPollUpdate
r1421,12,zoom,DELETE,/webinars/{webinarId}/polls/{pollId},webinarPollDelete
r1422,14,zoom,PATCH,/webhooks/options,webhookSwitch
r1423,4,zoom,GET,/webhooks,webhooks
r1424,8,zoom,POST,/webhooks,webhookCreate
r1425,5,zoom,GET,/webhooks/{webhookId},webhook
r1426,11,zoom,DELETE,/webhooks/{webhookId},webhookDelete
r1427,3,zoom,PATCH,/webhooks/{webhookId},webhookUpdate
r1428,3,paypal,GET,/v1/billing/plans,plans.list
r1429,17,paypal,POST,/v1/billing/plans,plans.create
r1430,5,paypal,GET,/v1/billing/plans/{id},plans.get
r1431,21,paypal,PATCH,/v1/billing/plans/{id},plans.patch
r1432,6,paypal,POST,/v1/billing/plans/{id}/activate,plans.activate
r1433,16,paypal,POST,/v1/billing/plans/{id}/deactivate,plans.deactivate
r1434,13,paypal,POST,/v1/billing/plans/{id}/update-pricing-schemes,plans.update-pricing-schemes
r1435,7,paypal,POST,/v1/billing/subscriptions,subscriptions.create
r1436,1,paypal,GET,/v1/billing/subscriptions/{id},subscriptions.get
r1437,17,paypal,PATCH,/v1/billing/subscriptions/{id},subscriptions.patch
r1438,21,paypal,POST,/v1/billing/subscriptions/{id}/revise,subscriptions.revise
r1439,20,paypal,POST,/v1/billing/subscriptions/{id}/suspend,subscriptions.suspend
r1440,16,paypal,POST,/v1/billing/subscriptions/{id}/cancel,subscriptions.cancel
r1441,9,paypal,POST,/v1/billing/subscriptions/{id}/activate,subscriptions.activate
r1442,13,paypal,POST,/v1/billing/subscriptions/{id}/capture,subscriptions.capture
r1443,18,paypal,GET,/v1/billing/subscriptions/{id}/transactions,subscriptions.transactions
r1444,8,paypal,GET,/v1/catalogs/products,products.list
r1445,9,paypal,POST,/v1/catalogs/products,products.create
r1446,20,paypal,GET,/v1/catalogs/products/{product_id},products.get
r1447,7,paypal,PATCH,/v1/catalogs/products/{product_id},products.patch
r1448,6,paypal,POST,/v2/checkout/orders,orders.create
r1449,18,paypal,GET,/v2/checkout/orders/{id},orders.get
r1450,9,paypal,PATCH,/v2/checkout/orders/{id},orders.patch
r1451,1,paypal,POST,/v2/checkout/orders/{id}/confirm-payment-source,orders.confirm
r1452,18,paypal,POST,/v2/checkout/orders/{id}/authorize,orders.authorize
r1453,9,paypal,POST,/v2/checkout/orders/{id}/capture,orders.capture
r1454,5,paypal,POST,/v2/checkout/orders/{id}/track,orders.track.create
r1455,18,paypal,PATCH,/v2/checkout/orders/{id}/trackers/{tracker_id},orders.trackers.patch
r1456,15,paypal,POST,/v2/checkout/orders/order-update-callback,server.callback
r1457,14,paypal,GET,/v1/customer/disputes,disputes.list
r1458,1,paypal,GET,/v1/customer/disputes/{id},disputes.get
r1459,1,paypal,PATCH,/v1/customer/disputes/{id},disputes.patch
r1460,16,paypal,POST,/v1/customer/disputes/{id}/provide-evidence,disputes.provide-evidence
r1461,2,paypal,POST,/v1/customer/disputes/{id}/appeal,disputes.appeal
r1462,5,paypal,POST,/v1/customer/disputes/{id}/accept-claim,disputes.accept-claim
r1463,20,paypal,POST,/v1/customer/disputes/{id}/adjudicate,disputes.adjudicate
r1464,20,paypal,POST,/v1/customer/disputes/{id}/require-evidence,disputes.require-evidence
r1465,21,paypal,POST,/v1/customer/disputes/{id}/escalate,disputes.escalate
r1466,15,paypal,POST,/v1/customer/disputes/{id}/send-message,disputes.send-message
r1467,13,paypal,POST,/v1/customer/disputes/{id}/make-offer,disputes.make-offer
r1468,16,paypal,POST,/v1/customer/disputes/{id}/accept-offer,disputes.accept-offer
r1469,17,paypal,POST,/v1/customer/disputes/{id}/deny-offer,disputes.deny-offer
r1470,17,paypal,POST,/v1/customer/disputes/{id}/acknowledge-return-item,disputes.acknowledge-return-item
r1471,18,paypal,POST,/v1/customer/disputes/{id}/provide-supporting-info,disputes.provide-supporting-info
r1472,15,paypal,POST,/v2/customer/partner-referrals,partner-referrals.create
r1473,20,paypal,GET,/v2/customer/partner-referrals/{partner_referral_id},partner-referrals.read
r1474,3,paypal,GET,/v2/invoicing/invoices,invoices.list
r1475,10,paypal,POST,/v2/invoicing/invoices,invoices.create
r1476,6,paypal,POST,/v2/invoicing/invoices/{invoice_id}/send,invoices.send
r1477,7,paypal,POST,/v2/invoicing/invoices/{invoice_id}/remind,invoices.remind
r1478,13,paypal,POST,/v2/invoicing/invoices/{invoice_id}/cancel,invoices.cancel
r1479,17,paypal,POST,/v2/invoicing/invoices/{invoice_id}/payments,invoices.payments
r1480,8,paypal,DELETE,/v2/invoicing/invoices/{invoice_id}/payments/{transaction_id},invoices.payments-delete
r1481,15,paypal,POST,/v2/invoicing/invoices/{invoice_id}/refunds,invoices.refunds
r1482,10,paypal,DELETE,/v2/invoicing/invoices/{invoice_id}/refunds/{transaction_id},invoices.refunds-delete
r1483,18,paypal,POST,/v2/invoicing/invoices/{invoice_id}/generate-qr-code,invoices.generate-qr-code
r1484,20,paypal,POST,/v2/invoicing/generate-next-invoice-number,invoicing.generate-next-invoice-number
r1485,20,paypal,GET,/v2/invoicing/invoices/{invoice_id},invoices.get
r1486,20,paypal,PUT,/v2/invoicing/invoices/{invoice_id},invoices.update
r1487,10,paypal,DELETE,/v2/invoicing/invoices/{invoice_id},invoices.delete
r1488,6,paypal,POST,/v2/invoicing/search-invoices,invoices.search-invoices
r1489,1,paypal,GET,/v2/invoicing/templates,templates.list
r1490,2,paypal,POST,/v2/invoicing/templates,templates.create
r1491,15,paypal,GET,/v2/invoicing/templates/{template_id},templates.get
r1492,2,paypal,PUT,/v2/invoicing/templates/{template_id},templates.update
r1493,5,paypal,DELETE,/v2/invoicing/templates/{template_id},templates.delete
r1494,6,paypal,GET,/v2/invoicing/accounting-sync/merchant/connections,connections.get
r1495,4,paypal,GET,/v2/invoicing/accounting-sync/invoices/{id}/connections,invoice_connection_details.get
r1496,3,paypal,GET,/v1/notifications/webhooks,webhooks.list
r1497,7,paypal,POST,/v1/notifications/webhooks,webhooks.post
r1498,5,paypal,GET,/v1/notifications/webhooks/{webhook_id},webhooks.get
r1499,4,paypal,DELETE,/v1/notifications/webhooks/{webhook_id},webhooks.delete
r1500,1,paypal,PATCH,/v1/notifications/webhooks/{webhook_id},webhooks.update
r1501,10,paypal,GET,/v1/notifications/webhooks/{webhook_id}/event-types,event-types.list
r1502,19,paypal,GET,/v1/notifications/webhooks-lookup,webhooks-lookup.list
r1503,7,paypal,POST,/v1/notifications/webhooks-lookup,webhooks-lookup.post
r1504,19,paypal,GET,/v1/notifications/webhooks-lookup/{webhook_lookup_id},webhooks-lookup.get
r1505,15,paypal,DELETE,/v1/notifications/webhooks-lookup/{webhook_lookup_id},webhooks-lookup.delete
r1506,8,paypal,POST,/v1/notifications/verify-webhook-signature,verify-webhook-signature.post
r1507,8,paypal,GET,/v1/notifications/webhooks-event-types,webhooks-event-types.list
r1508,20,paypal,GET,/v1/notifications/webhooks-events,webhooks-events.list
r1509,18,paypal,GET,/v1/notifications/webhooks-events/{event_id},webhooks-events.get
r1510,14,paypal,POST,/v1/notifications/webhooks-events/{event_id}/resend,webhooks-events.resend
r1511,4,paypal,POST,/v1/notifications/simulate-event,simulate-event.post
r1512,5,paypal,GET,/v1/payment-experience/web-profiles,web-profile.get-list
r1513,10,paypal,POST,/v1/payment-experience/web-profiles,web-profile.create
r1514,5,paypal,GET,/v1/payment-experience/web-profiles/{id},web-profile.get
r1515,19,paypal,PUT,/v1/payment-experience/web-profiles/{id},web-profile.update
r1516,4,paypal,DELETE,/v1/payment-experience/web-profiles/{id},web-profile.delete
r1517,18,paypal,PATCH,/v1/payment-experience/web-profiles/{id},web-profile.partial-update
r1518,15,paypal,GET,/v2/payments/authorizations/{authorization_id},authorizations.get
r1519,12,paypal,POST,/v2/payments/authorizations/{authorization_id}/capture,authorizations.capture
r1520,1,paypal,POST,/v2/payments/authorizations/{authorization_id}/reauthorize,authorizations.reauthorize
r1521,14,paypal,POST,/v2/payments/authorizations/{authorization_id}/void,authorizations.void
r1522,19,paypal,GET,/v2/payments/captures/{capture_id},captures.get
r1523,1,paypal,POST,/v2/payments/captures/{capture_id}/refund,captures.refund
r1524,12,paypal,POST,/v2/payments/find-eligible-methods,find.eligible.methods
r1525,21,paypal,GET,/v2/payments/refunds/{refund_id},refunds.get
r1526,10,paypal,POST,/v1/payments/payouts,payouts.post
r1527,14,paypal,GET,/v1/payments/payouts/{id},payouts.get
r1528,14,paypal,GET,/v1/payments/payouts-item/{payout_item_id},payouts-item.get
r1529,13,paypal,POST,/v1/payments/payouts-item/{payout_item_id}/cancel,payouts-item.cancel
r1530,7,paypal,GET,/v1/reporting/transactions,search.get
r1531,19,paypal,GET,/v1/reporting/balances,balances.get
r1532,1,paypal,POST,/v1/shipping/trackers-batch,trackers-batch.post
r1533,3,paypal,GET,/v1/shipping/trackers,trackers-batch.get
r1534,20,paypal,POST,/v1/shipping/trackers,trackers.post
r1535,17,paypal,GET,/v1/shipping/trackers/{id},trackers.get
r1536,11,paypal,PUT,/v1/shipping/trackers/{id},trackers.put
r1537,6,paypal,GET,/v3/vault/payment-tokens,customer.payment-tokens.get
r1538,5,paypal,POST,/v3/vault/payment-tokens,payment-tokens.create
r1539,14,paypal,GET,/v3/vault/payment-tokens/{id},payment-tokens.get
r1540,1,paypal,DELETE,/v3/vault/payment-tokens/{id},payment-tokens.delete
r1541,5,paypal,POST,/v3/vault/setup-tokens,setup-tokens.create
r1542,18,paypal,GET,/v3/vault/setup-tokens/{id},setup-tokens.get
r1543,14,meta-whatsapp,GET,/{Version}/{Application-ID}/connected_client_businesses,getConnectedClientBusinesses
r1544,9,meta-whatsapp,POST,/{Version}/{Application-ID}/whatsapp_business_solution,createWhatsAppBusinessSolution
r1545,7,meta-whatsapp,GET,/{Version}/{Application-ID}/whatsapp_business_solutions,getApplicationWhatsAppBusinessSolutions
r1546,16,meta-whatsapp,POST,/{Version}/{Business-ID}/add_phone_numbers,addPhoneNumbers
r1547,2,meta-whatsapp,GET,/{Version}/{Business-ID},getBusinessPortfolioSpecificFields
r1548,11,meta-whatsapp,GET,/{Version}/{Business-ID}/preverified_numbers,getPreVerifiedPhoneNumbers
r1549,17,meta-whatsapp,GET,/{Version}/{Business-ID}/client_whatsapp_business_accounts,getClientWhatsAppBusinessAccounts
r1550,16,meta-whatsapp,POST,/{Version}/{Business-ID}/onboard_partners_to_mm_lite,onboardPartnersToMMLite
r1551,4,meta-whatsapp,GET,/{Version}/{Business-ID}/owned_whatsapp_business_accounts,getOwnedWhatsAppBusinessAccounts
r1552,3,meta-whatsapp,POST,/{Version}/{Business-ID}/share_preverified_numbers,sharePreVerifiedPhoneNumber
r1553,7,meta-whatsapp,GET,/{Version}/{Phone-Number-ID}/block_users,getBlockedUsers
r1554,13,meta-whatsapp,POST,/{Version}/{Phone-Number-ID}/block_users,blockUserS
r1555,20,meta-whatsapp,DELETE,/{Version}/{Phone-Number-ID}/block_users,unblockUserS
r1556,13,meta-whatsapp,GET,/{Version}/{Phone-Number-ID}/call_permissions,checkCallPermissions
r1557,8,meta-whatsapp,POST,/{Version}/{Phone-Number-ID}/calls,manageCalls
r1558,13,meta-whatsapp,GET,/{Version}/{Phone-Number-ID}/groups,getActiveGroups
r1559,4,meta-whatsapp,POST,/{Version}/{Phone-Number-ID}/groups,createGroup
r1560,15,meta-whatsapp,POST,/{Version}/{Phone-Number-ID}/marketing_messages,sendMarketingMessage
r1561,19,meta-whatsapp,POST,/{Version}/{Phone-Number-ID}/media,uploadImage
r1562,11,meta-whatsapp,POST,/{Version}/{Phone-Number-ID}/messages,sendMessage
r1563,5,meta-whatsapp,GET,/{Version}/{Phone-Number-ID}/message_qrdls,listAllQrCodes
r1564,11,meta-whatsapp,POST,/{Version}/{Phone-Number-ID}/message_qrdls,createOrUpdateQrCode
r1565,2,meta-whatsapp,GET,/{Version}/{Phone-Number-ID}/message_qrdls/{QR-Code-ID},getIndividualQrCode
r1566,3,meta-whatsapp,DELETE,/{Version}/{Phone-Number-ID}/message_qrdls/{QR-Code-ID},deleteIndividualQrCode
r1567,16,meta-whatsapp,POST,/{Version}/{Phone-Number-ID}/messages_encrypted,sendEncryptedMessage
r1568,12,meta-whatsapp,GET,/{Version}/{Phone-Number-ID}/official_business_account,getOfficialBusinessAccountStatus
r1569,10,meta-whatsapp,POST,/{Version}/{Phone-Number-ID}/official_business_account,GraphWhatsAppBusinessAccountToNumberCurrentStatusOfficialBusinessAccountPost
r1570,1,meta-whatsapp,GET,/{Version}/{Phone-Number-ID},getPhoneNumberById
r1571,4,meta-whatsapp,POST,/{Version}/{Phone-Number-ID},updatePhoneNumberStatus
r1572,7,meta-whatsapp,POST,/{Version}/{Phone-Number-ID}/deregister,deregisterPhoneNumber
r1573,11,meta-whatsapp,GET,/{Version}/{Phone-Number-ID}/message_history,getMessageHistory
r1574,2,meta-whatsapp,POST,/{Version}/{Phone-Number-ID}/register,registerWhatsAppBusinessPhoneNumber
r1575,1,meta-whatsapp,POST,/{Version}/{Phone-Number-ID}/request_code,requestVerificationCode
r1576,8,meta-whatsapp,GET,/{Version}/{Phone-Number-ID}/settings,getPhoneNumberSettings
r1577,6,meta-whatsapp,POST,/{Version}/{Phone-Number-ID}/settings,updatePhoneNumberSettings
r1578,14,meta-whatsapp,POST,/{Version}/{Phone-Number-ID}/verify_code,verifyPhoneNumberCode
r1579,1,meta-whatsapp,GET,/{Version}/{Phone-Number-ID}/whatsapp_business_encryption,getBusinessEncryptionPublicKey
r1580,16,meta-whatsapp,POST,/{Version}/{Phone-Number-ID}/whatsapp_business_encryption,setBusinessEncryptionPublicKey
r1581,13,meta-whatsapp,GET,/{Version}/{Phone-Number-ID}/whatsapp_business_profile,getWhatsAppBusinessProfile
r1582,7,meta-whatsapp,POST,/{Version}/{Phone-Number-ID}/whatsapp_business_profile,updateWhatsAppBusinessProfileInformation
r1583,5,meta-whatsapp,GET,/{Version}/{Phone-Number-ID}/whatsapp_commerce_settings,getCommerceSettings
r1584,13,meta-whatsapp,POST,/{Version}/{Phone-Number-ID}/whatsapp_commerce_settings,setOrUpdateCommerceSettings
r1585,12,meta-whatsapp,GET,/{Version}/{Phone-Number-ID}/business_compliance_info,getBusinessComplianceInfo
r1586,5,meta-whatsapp,POST,/{Version}/{Phone-Number-ID}/business_compliance_info,updateBusinessComplianceInfo
r1587,12,meta-whatsapp,POST,/{Version}/{group_id}/invite_link,createGroupInviteLink
r1588,2,meta-whatsapp,DELETE,/{Version}/{group_id}/invite_link,deleteGroupInviteLink
r1589,21,meta-whatsapp,GET,/{Version}/{group_id}/join_requests,getJoinRequests
r1590,12,meta-whatsapp,POST,/{Version}/{group_id}/join_requests,approveJoinRequests
r1591,11,meta-whatsapp,DELETE,/{Version}/{group_id}/join_requests,rejectJoinRequests
r1592,14,meta-whatsapp,POST,/{Version}/{group_id}/participants,addGroupParticipants
r1593,5,meta-whatsapp,DELETE,/{Version}/{group_id}/participants,removeGroupParticipants
r1594,18,meta-whatsapp,GET,/{Version}/{group_id},getGroupInfo
r1595,4,meta-whatsapp,POST,/{Version}/{group_id},updateGroupSettings
r1596,20,meta-whatsapp,DELETE,/{Version}/{group_id},deleteGroup
r1597,18,meta-whatsapp,GET,/{Version}/{Media-ID},retrieveMediaUrl
r1598,4,meta-whatsapp,DELETE,/{Version}/{Media-ID},deleteMedia
r1599,10,meta-whatsapp,GET,/{Version}/{Media-URL},downloadMedia
r1600,21,meta-whatsapp,GET,/{Version}/{Message-History-ID}/events,getMessageHistoryEvents
r1601,10,meta-whatsapp,GET,/{Version}/{Migration-Intent-ID},getMigrationIntentDetails
r1602,14,meta-whatsapp,GET,/{Version}/{Pre-Verified-Phone-Number-ID},getPreVerifiedPhoneNumberDetails
r1603,4,meta-whatsapp,DELETE,/{Version}/{Pre-Verified-Phone-Number-ID},deletePreVerifiedPhoneNumber
r1604,12,meta-whatsapp,GET,/{Version}/{Pre-Verified-Phone-Number-ID}/partners,getPreVerifiedPhoneNumberPartners
r1605,3,meta-whatsapp,POST,/{Version}/{Pre-Verified-Phone-Number-ID}/request_code,requestPreVerifiedPhoneNumberCode
r1606,4,meta-whatsapp,POST,/{Version}/{Pre-Verified-Phone-Number-ID}/verify_code,verifyPreVerifiedPhoneNumberCode
r1607,15,meta-whatsapp,GET,/{Version}/{Solution-ID}/access_token,getSolutionAccessToken
r1608,13,meta-whatsapp,POST,/{Version}/{Solution-ID}/accept_deactivation_request,acceptWhatsAppBusinessSolutionDeactivationRequest
r1609,8,meta-whatsapp,POST,/{Version}/{Solution-ID}/accept,acceptWhatsAppBusinessSolution
r1610,17,meta-whatsapp,GET,/{Version}/{Solution-ID},getSolutionDetails
r1611,16,meta-whatsapp,POST,/{Version}/{Solution-ID}/reject_deactivation_request,rejectSolutionDeactivationRequest
r1612,10,meta-whatsapp,POST,/{Version}/{Solution-ID}/reject,rejectSolutionRequest
r1613,8,meta-whatsapp,POST,/{Version}/{Solution-ID}/send_deactivation_request,sendSolutionDeactivationRequest
r1614,8,meta-whatsapp,GET,/{Version}/{User-ID}/assigned_whatsapp_business_accounts,getAssignedWhatsAppBusinessAccounts
r1615,19,meta-whatsapp,GET,/{Version}/{WhatsApp-Account-Number-ID},getWhatsAppAccountNumberDetails
r1616,2,meta-whatsapp,GET,/{Version}/{WhatsApp-Business-Account-ID}/assigned_users,getAssignedUsers
r1617,11,meta-whatsapp,POST,/{Version}/{WhatsApp-Business-Account-ID}/assigned_users,addAssignedUser
r1618,12,meta-whatsapp,DELETE,/{Version}/{WhatsApp-Business-Account-ID}/assigned_users,removeAssignedUser
r1619,14,meta-whatsapp,POST,/{Version}/{Phone-Number-ID}/conversational_automation,configureConversationalAutomation
r1620,13,meta-whatsapp,GET,/{Version}/{Business-ID}/extendedcredits,getCreditLines
r1621,10,meta-whatsapp,GET,/{Version}/{WABA-ID}/flows,listFlows
r1622,7,meta-whatsapp,POST,/{Version}/{WABA-ID}/flows,createFlow
r1623,16,meta-whatsapp,POST,/{Version}/{WABA-ID}/migrate_flows,migrateFlows
r1624,17,meta-whatsapp,GET,/{Version}/{Flow-ID},getFlow
r1625,14,meta-whatsapp,POST,/{Version}/{Flow-ID},updateFlowMetadata
r1626,10,meta-whatsapp,DELETE,/{Version}/{Flow-ID},deleteFlow
r1627,6,meta-whatsapp,GET,/{Version}/{Flow-ID}/assets,listAssetsGetFlowJsonUrl
r1628,9,meta-whatsapp,POST,/{Version}/{Flow-ID}/assets,updateFlowJson
r1629,4,meta-whatsapp,POST,/{Version}/{Flow-ID}/publish,publishFlow
r1630,5,meta-whatsapp,POST,/{Version}/{Flow-ID}/deprecate,deprecateFlow
r1631,12,meta-whatsapp,GET,/{Version}/{WABA-ID}/in_progress_onbehalf_request,getInProgressOnBehalfRequests
r1632,18,meta-whatsapp,GET,/{Version}/{OBO-Mobility-Intent-ID},getOBOMobilityIntent
r1633,11,meta-whatsapp,POST,/{Version}/{WABA-ID}/obo_mobility_intent,createOBOMobilityIntent
r1634,15,meta-whatsapp,GET,/{Version}/{WABA-ID}/phone_numbers,getWhatsAppBusinessAccountPhoneNumbers
r1635,2,meta-whatsapp,POST,/{Version}/{WABA-ID}/phone_numbers,createWhatsAppBusinessAccountPhoneNumber
r1636,7,meta-whatsapp,GET,/{Version}/{WABA-ID}/schedules,getWhatsAppBusinessAccountSchedules
r1637,16,meta-whatsapp,POST,/{Version}/{WABA-ID}/schedules,createWhatsAppBusinessAccountSchedule
r1638,5,meta-whatsapp,POST,/{Version}/{WABA-ID}/set_obo_mobility_intent,setOBOMobilityIntent
r1639,13,meta-whatsapp,POST,/{Version}/{WABA-ID}/set_solution_migration_intent,setSolutionMigrationIntent
r1640,16,meta-whatsapp,GET,/{Version}/{WABA-ID}/solutions,listWabaSolutions
r1641,16,meta-whatsapp,GET,/{Version}/{WABA-ID}/subscribed_apps,getAllSubscriptionsForAWaba
r1642,14,meta-whatsapp,POST,/{Version}/{WABA-ID}/subscribed_apps,subscribeToWabaWebhooks
r1643,10,meta-whatsapp,DELETE,/{Version}/{WABA-ID}/subscribed_apps,unsubscribeFromWabaWebhooks
r1644,11,meta-whatsapp,GET,/{Version}/{TEMPLATE_ID},getTemplateByIdDefaultFields
r1645,1,meta-whatsapp,POST,/{Version}/{TEMPLATE_ID},editTemplate
r1646,10,meta-whatsapp,GET,/{Version}/{WABA-ID}/message_templates,getTemplateByNameDefaultFields
r1647,8,meta-whatsapp,POST,/{Version}/{WABA-ID}/message_templates,createAuthenticationTemplateWOtpCopyCodeButton
r1648,17,meta-whatsapp,DELETE,/{Version}/{WABA-ID}/message_templates,deleteTemplateByName
r1649,20,meta-whatsapp,GET,/{Version}/{WABA-ID}/activities,getWhatsAppBusinessAccountActivities
r1650,9,meta-whatsapp,GET,/{Version}/{WABA-ID},getWhatsAppBusinessAccountDetails
r1651,1,meta-whatsapp,POST,/{Version}/{WABA-ID},updateWhatsAppBusinessAccount
r1652,19,meta-whatsapp,GET,/{Version}/{WABA-Bot-ID},getWhatsAppBusinessBotDetails
r1653,6,meta-whatsapp,GET,/{Version}/{WhatsApp-Business-Profile-ID},getWhatsAppBusinessProfileDetails
r1654,13,meta-whatsapp,POST,/{Version}/{WhatsApp-Business-Profile-ID},updateWhatsAppBusinessProfile
r1655,17,meta-whatsapp,POST,/whatsapp/webhooks,
r1656,13,spotify,GET,/albums/{id},get-an-album
r1657,18,spotify,GET,/albums,get-multiple-albums
r1658,3,spotify,GET,/albums/{id}/tracks,get-an-albums-tracks
r1659,20,spotify,GET,/artists/{id},get-an-artist
r1660,18,spotify,GET,/artists,get-multiple-artists
r1661,7,spotify,GET,/artists/{id}/albums,get-an-artists-albums
r1662,17,spotify,GET,/artists/{id}/top-tracks,get-an-artists-top-tracks
r1663,15,spotify,GET,/artists/{id}/related-artists,get-an-artists-related-artists
r1664,8,spotify,GET,/shows/{id},get-a-show
r1665,9,spotify,GET,/shows,get-multiple-shows
r1666,10,spotify,GET,/shows/{id}/episodes,get-a-shows-episodes
r1667,20,spotify,GET,/episodes/{id},get-an-episode
r1668,20,spotify,GET,/episodes,get-multiple-episodes
r1669,1,spotify,GET,/audiobooks/{id},get-an-audiobook
r1670,7,spotify,GET,/audiobooks,get-multiple-audiobooks
r1671,1,spotify,GET,/audiobooks/{id}/chapters,get-audiobook-chapters
r1672,17,spotify,GET,/me/audiobooks,get-users-saved-audiobooks
r1673,17,spotify,PUT,/me/audiobooks,save-audiobooks-user
r1674,3,spotify,DELETE,/me/audiobooks,remove-audiobooks-user
r1675,14,spotify,GET,/me/audiobooks/contains,check-users-saved-audiobooks
r1676,10,spotify,GET,/chapters/{id},get-a-chapter
r1677,17,spotify,GET,/chapters,get-several-chapters
r1678,6,spotify,GET,/tracks/{id},get-track
r1679,10,spotify,GET,/tracks,get-several-tracks
r1680,7,spotify,GET,/search,search
r1681,4,spotify,GET,/me,get-current-users-profile
r1682,21,spotify,GET,/playlists/{playlist_id},get-playlist
r1683,9,spotify,PUT,/playlists/{playlist_id},change-playlist-details
r1684,5,spotify,GET,/playlists/{playlist_id}/tracks,get-playlists-tracks
r1685,11,spotify,PUT,/playlists/{playlist_id}/tracks,reorder-or-replace-playlists-tracks
r1686,9,spotify,POST,/playlists/{playlist_id}/tracks,add-tracks-to-playlist
r1687,6,spotify,DELETE,/playlists/{playlist_id}/tracks,remove-tracks-playlist
r1688,4,spotify,GET,/playlists/{playlist_id}/items,get-playlists-items
r1689,13,spotify,PUT,/playlists/{playlist_id}/items,reorder-or-replace-playlists-items
r1690,13,spotify,POST,/playlists/{playlist_id}/items,add-items-to-playlist
r1691,3,spotify,DELETE,/playlists/{playlist_id}/items,remove-items-playlist
r1692,9,spotify,GET,/me/playlists,get-a-list-of-current-users-playlists
r1693,11,spotify,POST,/me/playlists,create-playlist
r1694,16,spotify,PUT,/me/library,save-library-items
r1695,11,spotify,DELETE,/me/library,remove-library-items
r1696,21,spotify,GET,/me/library/contains,check-library-contains
r1697,18,spotify,GET,/me/albums,get-users-saved-albums
r1698,8,spotify,PUT,/me/albums,save-albums-user
r1699,7,spotify,DELETE,/me/albums,remove-albums-user
r1700,13,spotify,GET,/me/albums/contains,check-users-saved-albums
r1701,15,spotify,GET,/me/tracks,get-users-saved-tracks
r1702,11,spotify,PUT,/me/tracks,save-tracks-user
r1703,11,spotify,DELETE,/me/tracks,remove-tracks-user
r1704,19,spotify,GET,/me/tracks/contains,check-users-saved-tracks
r1705,20,spotify,GET,/me/episodes,get-users-saved-episodes
r1706,21,spotify,PUT,/me/episodes,save-episodes-user
r1707,11,spotify,DELETE,/me/episodes,remove-episodes-user
r1708,20,spotify,GET,/me/episodes/contains,check-users-saved-episodes
r1709,9,spotify,GET,/me/shows,get-users-saved-shows
r1710,4,spotify,PUT,/me/shows,save-shows-user
r1711,21,spotify,DELETE,/me/shows,remove-shows-user
r1712,7,spotify,GET,/me/shows/contains,check-users-saved-shows
r1713,9,spotify,GET,/me/top/{type},get-users-top-artists-and-tracks
r1714,21,spotify,GET,/users/{user_id},get-users-profile
r1715,20,spotify,GET,/users/{user_id}/playlists,get-list-users-playlists
r1716,7,spotify,POST,/users/{user_id}/playlists,create-playlist-for-user
r1717,21,spotify,PUT,/playlists/{playlist_id}/followers,follow-playlist
r1718,6,spotify,DELETE,/playlists/{playlist_id}/followers,unfollow-playlist
r1719,20,spotify,GET,/browse/featured-playlists,get-featured-playlists
r1720,3,spotify,GET,/browse/categories,get-categories
r1721,17,spotify,GET,/browse/categories/{category_id},get-a-category
r1722,16,spotify,GET,/browse/categories/{category_id}/playlists,get-a-categories-playlists
r1723,3,spotify,GET,/playlists/{playlist_id}/images,get-playlist-cover
r1724,1,spotify,PUT,/playlists/{playlist_id}/images,upload-custom-playlist-cover
r1725,9,spotify,GET,/browse/new-releases,get-new-releases
r1726,6,spotify,GET,/me/following,get-followed
r1727,17,spotify,PUT,/me/following,follow-artists-users
r1728,6,spotify,DELETE,/me/following,unfollow-artists-users
r1729,6,spotify,GET,/me/following/contains,check-current-user-follows
r1730,7,spotify,GET,/playlists/{playlist_id}/followers/contains,check-if-user-follows-playlist
r1731,1,spotify,GET,/audio-features,get-several-audio-features
r1732,1,spotify,GET,/audio-features/{id},get-audio-features
r1733,9,spotify,GET,/audio-analysis/{id},get-audio-analysis
r1734,14,spotify,GET,/recommendations,get-recommendations
r1735,12,spotify,GET,/recommendations/available-genre-seeds,get-recommendation-genres
r1736,10,spotify,GET,/me/player,get-information-about-the-users-current-playback
r1737,15,spotify,PUT,/me/player,transfer-a-users-playback
r1738,10,spotify,GET,/me/player/devices,get-a-users-available-devices
r1739,19,spotify,GET,/me/player/currently-playing,get-the-users-currently-playing-track
r1740,2,spotify,PUT,/me/player/play,start-a-users-playback
r1741,9,spotify,PUT,/me/player/pause,pause-a-users-playback
r1742,1,spotify,POST,/me/player/next,skip-users-playback-to-next-track
r1743,9,spotify,POST,/me/player/previous,skip-users-playback-to-previous-track
r1744,14,spotify,PUT,/me/player/seek,seek-to-position-in-currently-playing-track
r1745,15,spotify,PUT,/me/player/repeat,set-repeat-mode-on-users-playback
r1746,14,spotify,PUT,/me/player/volume,set-volume-for-users-playback
r1747,17,spotify,PUT,/me/player/shuffle,toggle-shuffle-for-users-playback
r1748,16,spotify,GET,/me/player/recently-played,get-recently-played
r1749,17,spotify,GET,/me/player/queue,get-queue
r1750,5,spotify,POST,/me/player/queue,add-to-queue
r1751,18,spotify,GET,/markets,get-available-markets
r1752,21,digitalocean,GET,/v2/1-clicks,oneClicks_list
r1753,3,digitalocean,POST,/v2/1-clicks/kubernetes,oneClicks_install_kubernetes
r1754,21,digitalocean,GET,/v2/account,account_get
r1755,17,digitalocean,GET,/v2/account/keys,sshKeys_list
r1756,19,digitalocean,POST,/v2/account/keys,sshKeys_create
r1757,14,digitalocean,GET,/v2/account/keys/{ssh_key_identifier},sshKeys_get
r1758,6,digitalocean,PUT,/v2/account/keys/{ssh_key_identifier},sshKeys_update
r1759,7,digitalocean,DELETE,/v2/account/keys/{ssh_key_identifier},sshKeys_delete
r1760,16,digitalocean,GET,/v2/actions,actions_list
r1761,13,digitalocean,GET,/v2/actions/{action_id},actions_get
r1762,11,digitalocean,GET,/v2/add-ons/apps,addons_get_app
r1763,2,digitalocean,GET,/v2/add-ons/apps/{app_slug}/metadata,addons_get_app_metadata
r1764,4,digitalocean,GET,/v2/add-ons/saas,addons_list
r1765,19,digitalocean,POST,/v2/add-ons/saas,addons_create
r1766,19,digitalocean,GET,/v2/add-ons/saas/{resource_uuid},addons_get
r1767,16,digitalocean,DELETE,/v2/add-ons/saas/{resource_uuid},addons_delete
r1768,7,digitalocean,PATCH,/v2/add-ons/saas/{resource_uuid},addons_patch
r1769,7,digitalocean,PATCH,/v2/add-ons/saas/{resource_uuid}/plan,addons_patch_plan
r1770,19,digitalocean,GET,/v2/apps,apps_list
r1771,6,digitalocean,POST,/v2/apps,apps_create
r1772,8,digitalocean,GET,/v2/apps/{id},apps_get
r1773,5,digitalocean,PUT,/v2/apps/{id},apps_update
r1774,20,digitalocean,DELETE,/v2/apps/{id},apps_delete
r1775,18,digitalocean,POST,/v2/apps/{app_id}/restart,apps_restart
r1776,17,digitalocean,GET,/v2/apps/{app_id}/components/{component_name}/logs,apps_get_logs_active_deployment
r1777,20,digitalocean,GET,/v2/apps/{app_id}/components/{component_name}/exec,apps_get_exec_active_deployment
r1778,1,digitalocean,GET,/v2/apps/{app_id}/instances,apps_get_instances
r1779,7,digitalocean,GET,/v2/apps/{app_id}/deployments,apps_list_deployments
r1780,11,digitalocean,POST,/v2/apps/{app_id}/deployments,apps_create_deployment
r1781,15,digitalocean,GET,/v2/apps/{app_id}/deployments/{deployment_id},apps_get_deployment
r1782,11,digitalocean,POST,/v2/apps/{app_id}/deployments/{deployment_id}/cancel,apps_cancel_deployment
r1783,18,digitalocean,GET,/v2/apps/{app_id}/deployments/{deployment_id}/components/{component_name}/logs,apps_get_logs
r1784,15,digitalocean,GET,/v2/apps/{app_id}/deployments/{deployment_id}/logs,apps_get_logs_aggregate
r1785,8,digitalocean,GET,/v2/apps/{app_id}/deployments/{deployment_id}/components/{component_name}/exec,apps_get_exec
r1786,21,digitalocean,GET,/v2/apps/{app_id}/logs,apps_get_logs_active_deployment_aggregate
r1787,15,digitalocean,GET,/v2/apps/{app_id}/job-invocations,apps_list_job_invocations
r1788,2,digitalocean,GET,/v2/apps/{app_id}/job-invocations/{job_invocation_id},apps_get_job_invocation
r1789,10,digitalocean,POST,/v2/apps/{app_id}/job-invocations/{job_invocation_id}/cancel,apps_cancel_job_invocation
r1790,1,digitalocean,GET,/v2/apps/{app_id}/jobs/{job_name}/invocations/{job_invocation_id}/logs,apps_get_job_invocation_logs
r1791,14,digitalocean,GET,/v2/apps/{app_id}/events,apps_list_events
r1792,3,digitalocean,GET,/v2/apps/{app_id}/events/{event_id},apps_get_event
r1793,21,digitalocean,POST,/v2/apps/{app_id}/events/{event_id}/cancel,apps_cancel_event
r1794,21,digitalocean,GET,/v2/apps/{app_id}/events/{event_id}/logs,apps_get_event_logs
r1795,3,digitalocean,GET,/v2/apps/tiers/instance_sizes,apps_list_instanceSizes
r1796,2,digitalocean,GET,/v2/apps/tiers/instance_sizes/{slug},apps_get_instanceSize
r1797,13,digitalocean,GET,/v2/apps/regions,apps_list_regions
r1798,9,digitalocean,POST,/v2/apps/propose,apps_validate_appSpec
r1799,6,digitalocean,GET,/v2/apps/{app_id}/alerts,apps_list_alerts
r1800,7,digitalocean,POST,/v2/apps/{app_id}/alerts/{alert_id}/destinations,apps_assign_alertDestinations
r1801,14,digitalocean,POST,/v2/apps/{app_id}/rollback,apps_create_rollback
r1802,17,digitalocean,POST,/v2/apps/{app_id}/rollback/validate,apps_validate_rollback
r1803,9,digitalocean,POST,/v2/apps/{app_id}/rollback/commit,apps_commit_rollback
r1804,16,digitalocean,POST,/v2/apps/{app_id}/rollback/revert,apps_revert_rollback
r1805,9,digitalocean,GET,/v2/apps/{app_id}/metrics/bandwidth_daily,apps_get_metrics_bandwidth_daily
r1806,21,digitalocean,POST,/v2/apps/metrics/bandwidth_daily,apps_list_metrics_bandwidth_daily
r1807,15,digitalocean,GET,/v2/apps/{app_id}/health,apps_get_health
r1808,18,digitalocean,GET,/v2/cdn/endpoints,cdn_list_endpoints
r1809,10,digitalocean,POST,/v2/cdn/endpoints,cdn_create_endpoint
r1810,17,digitalocean,GET,/v2/cdn/endpoints/{cdn_id},cdn_get_endpoint
r1811,20,digitalocean,PUT,/v2/cdn/endpoints/{cdn_id},cdn_update_endpoints
r1812,19,digitalocean,DELETE,/v2/cdn/endpoints/{cdn_id},cdn_delete_endpoint
r1813,15,digitalocean,DELETE,/v2/cdn/endpoints/{cdn_id}/cache,cdn_purge_cache
r1814,17,digitalocean,GET,/v2/certificates,certificates_list
r1815,17,digitalocean,POST,/v2/certificates,certificates_create
r1816,19,digitalocean,GET,/v2/certificates/{certificate_id},certificates_get
r1817,19,digitalocean,DELETE,/v2/certificates/{certificate_id},certificates_delete
r1818,6,digitalocean,GET,/v2/customers/my/balance,balance_get
r1819,15,digitalocean,GET,/v2/customers/my/prepayment_config,prepaymentConfig_get
r1820,17,digitalocean,GET,/v2/customers/my/prepayment_status,prepaymentStatus_get
r1821,11,digitalocean,GET,/v2/customers/my/billing_history,billingHistory_list
r1822,13,digitalocean,GET,/v2/customers/my/invoices,invoices_list
r1823,21,digitalocean,GET,/v2/customers/my/invoices/{invoice_uuid},invoices_get_byUUID
r1824,14,digitalocean,GET,/v2/customers/my/invoices/{invoice_uuid}/csv,invoices_get_csvByUUID
r1825,5,digitalocean,GET,/v2/customers/my/invoices/{invoice_uuid}/pdf,invoices_get_pdfByUUID
r1826,7,digitalocean,GET,/v2/customers/my/invoices/{invoice_uuid}/summary,invoices_get_summaryByUUID
r1827,4,digitalocean,GET,/v2/billing/{account_urn}/insights/{start_date}/{end_date},billingInsights_list
r1828,2,digitalocean,GET,/v2/databases/options,databases_list_options
r1829,10,digitalocean,GET,/v2/databases,databases_list_clusters
r1830,6,digitalocean,POST,/v2/databases,databases_create_cluster
r1831,1,digitalocean,GET,/v2/databases/{database_cluster_uuid},databases_get_cluster
r1832,17,digitalocean,DELETE,/v2/databases/{database_cluster_uuid},databases_destroy_cluster
r1833,5,digitalocean,GET,/v2/databases/{database_cluster_uuid}/config,databases_get_config
r1834,1,digitalocean,PATCH,/v2/databases/{database_cluster_uuid}/config,databases_patch_config
r1835,12,digitalocean,GET,/v2/databases/{database_cluster_uuid}/ca,databases_get_ca
r1836,12,digitalocean,GET,/v2/databases/{database_cluster_uuid}/online-migration,databases_get_migrationStatus
r1837,11,digitalocean,PUT,/v2/databases/{database_cluster_uuid}/online-migration,databases_update_onlineMigration
r1838,5,digitalocean,DELETE,/v2/databases/{database_cluster_uuid}/online-migration/{migration_id},databases_delete_onlineMigration
r1839,15,digitalocean,PUT,/v2/databases/{database_cluster_uuid}/migrate,databases_update_region
r1840,21,digitalocean,PUT,/v2/databases/{database_cluster_uuid}/resize,databases_update_clusterSize
r1841,14,digitalocean,GET,/v2/databases/{database_cluster_uuid}/firewall,databases_list_firewall_rules
r1842,2,digitalocean,PUT,/v2/databases/{database_cluster_uuid}/firewall,databases_update_firewall_rules
r1843,20,digitalocean,GET,/v2/databases/{database_cluster_uuid}/do_settings,databases_get_do_settings
r1844,16,digitalocean,PUT,/v2/databases/{database_cluster_uuid}/do_settings,databases_update_do_settings
r1845,11,digitalocean,PUT,/v2/databases/{database_cluster_uuid}/maintenance,databases_update_maintenanceWindow
r1846,7,digitalocean,PUT,/v2/databases/{database_cluster_uuid}/install_update,databases_install_update
r1847,4,digitalocean,GET,/v2/databases/{database_cluster_uuid}/backups,databases_list_backups
r1848,6,digitalocean,GET,/v2/databases/{database_cluster_uuid}/replicas,databases_list_replicas
r1849,15,digitalocean,POST,/v2/databases/{database_cluster_uuid}/replicas,databases_create_replica
r1850,4,digitalocean,GET,/v2/databases/{database_cluster_uuid}/events,databases_list_events_logs
r1851,11,digitalocean,GET,/v2/databases/{database_cluster_uuid}/replicas/{replica_name},databases_get_replica
r1852,20,digitalocean,DELETE,/v2/databases/{database_cluster_uuid}/replicas/{replica_name},databases_destroy_replica
r1853,4,digitalocean,PUT,/v2/databases/{database_cluster_uuid}/replicas/{replica_name}/promote,databases_promote_replica
r1854,7,digitalocean,GET,/v2/databases/{database_cluster_uuid}/users,databases_list_users
r1855,20,digitalocean,POST,/v2/databases/{database_cluster_uuid}/users,databases_add_user
r1856,12,digitalocean,GET,/v2/databases/{database_cluster_uuid}/users/{username},databases_get_user
r1857,5,digitalocean,PUT,/v2/databases/{database_cluster_uuid}/users/{username},databases_update_user
r1858,19,digitalocean,DELETE,/v2/databases/{database_cluster_uuid}/users/{username},databases_delete_user
r1859,11,digitalocean,POST,/v2/databases/{database_cluster_uuid}/users/{username}/reset_auth,databases_reset_auth
r1860,21,digitalocean,GET,/v2/databases/{database_cluster_uuid}/dbs,databases_list
r1861,7,digitalocean,POST,/v2/databases/{database_cluster_uuid}/dbs,databases_add
r1862,21,digitalocean,GET,/v2/databases/{database_cluster_uuid}/dbs/{database_name},databases_get
r1863,21,digitalocean,DELETE,/v2/databases/{database_cluster_uuid}/dbs/{database_name},databases_delete
r1864,7,digitalocean,GET,/v2/databases/{database_cluster_uuid}/pools,databases_list_connectionPools
r1865,8,digitalocean,POST,/v2/databases/{database_cluster_uuid}/pools,databases_add_connectionPool
r1866,1,digitalocean,GET,/v2/databases/{database_cluster_uuid}/pools/{pool_name},databases_get_connectionPool
r1867,2,digitalocean,PUT,/v2/databases/{database_cluster_uuid}/pools/{pool_name},databases_update_connectionPool
r1868,19,digitalocean,DELETE,/v2/databases/{database_cluster_uuid}/pools/{pool_name},databases_delete_connectionPool
r1869,14,digitalocean,GET,/v2/databases/{database_cluster_uuid}/eviction_policy,databases_get_evictionPolicy
r1870,14,digitalocean,PUT,/v2/databases/{database_cluster_uuid}/eviction_policy,databases_update_evictionPolicy
r1871,13,digitalocean,GET,/v2/databases/{database_cluster_uuid}/sql_mode,databases_get_sql_mode
r1872,19,digitalocean,PUT,/v2/databases/{database_cluster_uuid}/sql_mode,databases_update_sql_mode
r1873,19,digitalocean,PUT,/v2/databases/{database_cluster_uuid}/upgrade,databases_update_major_version
r1874,2,digitalocean,GET,/v2/databases/{database_cluster_uuid}/autoscale,databases_get_autoscale
r1875,9,digitalocean,PUT,/v2/databases/{database_cluster_uuid}/autoscale,databases_update_autoscale
r1876,16,digitalocean,GET,/v2/databases/{database_cluster_uuid}/topics,databases_list_kafka_topics
r1877,9,digitalocean,POST,/v2/databases/{database_cluster_uuid}/topics,databases_create_kafka_topic
r1878,21,digitalocean,GET,/v2/databases/{database_cluster_uuid}/topics/{topic_name},databases_get_kafka_topic
r1879,21,digitalocean,PUT,/v2/databases/{database_cluster_uuid}/topics/{topic_name},databases_update_kafka_topic
r1880,18,digitalocean,DELETE,/v2/databases/{database_cluster_uuid}/topics/{topic_name},databases_delete_kafka_topic
r1881,9,digitalocean,GET,/v2/databases/{database_cluster_uuid}/logsink,databases_list_logsink
r1882,4,digitalocean,POST,/v2/databases/{database_cluster_uuid}/logsink,databases_create_logsink
r1883,15,digitalocean,GET,/v2/databases/{database_cluster_uuid}/logsink/{logsink_id},databases_get_logsink
r1884,10,digitalocean,PUT,/v2/databases/{database_cluster_uuid}/logsink/{logsink_id},databases_update_logsink
r1885,3,digitalocean,DELETE,/v2/databases/{database_cluster_uuid}/logsink/{logsink_id},databases_delete_logsink
r1886,18,digitalocean,GET,/v2/databases/{database_cluster_uuid}/schema-registry,databases_list_kafka_schemas
r1887,10,digitalocean,POST,/v2/databases/{database_cluster_uuid}/schema-registry,databases_create_kafka_schema
r1888,9,digitalocean,GET,/v2/databases/{database_cluster_uuid}/schema-registry/{subject_name},databases_get_kafka_schema
r1889,6,digitalocean,DELETE,/v2/databases/{database_cluster_uuid}/schema-registry/{subject_name},databases_delete_kafka_schema
r1890,17,digitalocean,GET,/v2/databases/{database_cluster_uuid}/schema-registry/{subject_name}/versions/{version},databases_get_kafka_schema_version
r1891,19,digitalocean,GET,/v2/databases/{database_cluster_uuid}/schema-registry/config,databases_get_kafka_schema_config
r1892,20,digitalocean,PUT,/v2/databases/{database_cluster_uuid}/schema-registry/config,databases_update_kafka_schema_config
r1893,12,digitalocean,GET,/v2/databases/{database_cluster_uuid}/schema-registry/config/{subject_name},databases_get_kafka_schema_subject_config
r1894,6,digitalocean,PUT,/v2/databases/{database_cluster_uuid}/schema-registry/config/{subject_name},databases_update_kafka_schema_subject_config
r1895,15,digitalocean,GET,/v2/databases/metrics/credentials,databases_get_cluster_metrics_credentials
r1896,18,digitalocean,PUT,/v2/databases/metrics/credentials,databases_update_cluster_metrics_credentials
r1897,4,digitalocean,GET,/v2/databases/{database_cluster_uuid}/indexes,databases_list_opeasearch_indexes
r1898,18,digitalocean,DELETE,/v2/databases/{database_cluster_uuid}/indexes/{index_name},databases_delete_opensearch_index
r1899,11,digitalocean,GET,/v2/dedicated-inferences/{dedicated_inference_id},dedicatedInferences_get
r1900,21,digitalocean,DELETE,/v2/dedicated-inferences/{dedicated_inference_id},dedicatedInferences_delete
r1901,1,digitalocean,PATCH,/v2/dedicated-inferences/{dedicated_inference_id},dedicatedInferences_patch
r1902,15,digitalocean,GET,/v2/dedicated-inferences,dedicatedInferences_list
r1903,14,digitalocean,POST,/v2/dedicated-inferences,dedicatedInferences_create
r1904,7,digitalocean,GET,/v2/dedicated-inferences/{dedicated_inference_id}/accelerators,dedicatedInferences_list_accelerators
r1905,14,digitalocean,GET,/v2/dedicated-inferences/{dedicated_inference_id}/accelerators/{accelerator_id},dedicatedInferences_get_accelerator
r1906,13,digitalocean,GET,/v2/dedicated-inferences/{dedicated_inference_id}/ca,dedicatedInferences_get_ca
r1907,13,digitalocean,GET,/v2/dedicated-inferences/{dedicated_inference_id}/tokens,dedicatedInferences_list_tokens
r1908,2,digitalocean,POST,/v2/dedicated-inferences/{dedicated_inference_id}/tokens,dedicatedInferences_create_tokens
r1909,10,digitalocean,DELETE,/v2/dedicated-inferences/{dedicated_inference_id}/tokens/{token_id},dedicatedInferences_delete_tokens
r1910,7,digitalocean,GET,/v2/dedicated-inferences/sizes,dedicatedInferences_list_sizes
r1911,15,digitalocean,GET,/v2/dedicated-inferences/gpu-model-config,dedicatedInferences_get_gpu_model_config
r1912,11,digitalocean,GET,/v2/domains,domains_list
r1913,5,digitalocean,POST,/v2/domains,domains_create
r1914,15,digitalocean,GET,/v2/domains/{domain_name},domains_get
r1915,21,digitalocean,DELETE,/v2/domains/{domain_name},domains_delete
r1916,21,digitalocean,GET,/v2/domains/{domain_name}/records,domains_list_records
r1917,8,digitalocean,POST,/v2/domains/{domain_name}/records,domains_create_record
r1918,16,digitalocean,GET,/v2/domains/{domain_name}/records/{domain_record_id},domains_get_record
r1919,3,digitalocean,PUT,/v2/domains/{domain_name}/records/{domain_record_id},domains_update_record
r1920,16,digitalocean,DELETE,/v2/domains/{domain_name}/records/{domain_record_id},domains_delete_record
r1921,3,digitalocean,PATCH,/v2/domains/{domain_name}/records/{domain_record_id},domains_patch_record
r1922,14,digitalocean,GET,/v2/droplets,droplets_list
r1923,11,digitalocean,POST,/v2/droplets,droplets_create
r1924,7,digitalocean,DELETE,/v2/droplets,droplets_destroy_byTag
r1925,3,digitalocean,GET,/v2/droplets/{droplet_id},droplets_get
r1926,1,digitalocean,DELETE,/v2/droplets/{droplet_id},droplets_destroy
r1927,10,digitalocean,GET,/v2/droplets/{droplet_id}/backups,droplets_list_backups
r1928,10,digitalocean,GET,/v2/droplets/{droplet_id}/backups/policy,droplets_get_backup_policy
r1929,13,digitalocean,GET,/v2/droplets/backups/policies,droplets_list_backup_policies
r1930,7,digitalocean,GET,/v2/droplets/backups/supported_policies,droplets_list_supported_backup_policies
r1931,9,digitalocean,GET,/v2/droplets/{droplet_id}/snapshots,droplets_list_snapshots
r1932,4,digitalocean,GET,/v2/droplets/{droplet_id}/actions,dropletActions_list
r1933,12,digitalocean,POST,/v2/droplets/{droplet_id}/actions,dropletActions_post
r1934,15,digitalocean,POST,/v2/droplets/actions,dropletActions_post_byTag
r1935,4,digitalocean,GET,/v2/droplets/{droplet_id}/actions/{action_id},dropletActions_get
r1936,1,digitalocean,GET,/v2/droplets/{droplet_id}/kernels,droplets_list_kernels
r1937,20,digitalocean,GET,/v2/droplets/{droplet_id}/firewalls,droplets_list_firewalls
r1938,18,digitalocean,GET,/v2/droplets/{droplet_id}/neighbors,droplets_list_neighbors
r1939,11,digitalocean,GET,/v2/droplets/{droplet_id}/destroy_with_associated_resources,droplets_list_associatedResources
r1940,2,digitalocean,DELETE,/v2/droplets/{droplet_id}/destroy_with_associated_resources/selective,droplets_destroy_withAssociatedResourcesSelective
r1941,14,digitalocean,DELETE,/v2/droplets/{droplet_id}/destroy_with_associated_resources/dangerous,droplets_destroy_withAssociatedResourcesDangerous
r1942,5,digitalocean,GET,/v2/droplets/{droplet_id}/destroy_with_associated_resources/status,droplets_get_DestroyAssociatedResourcesStatus
r1943,9,digitalocean,POST,/v2/droplets/{droplet_id}/destroy_with_associated_resources/retry,droplets_destroy_retryWithAssociatedResources
r1944,19,digitalocean,GET,/v2/droplets/autoscale,autoscalepools_list
r1945,19,digitalocean,POST,/v2/droplets/autoscale,autoscalepools_create
r1946,20,digitalocean,GET,/v2/droplets/autoscale/{autoscale_pool_id},autoscalepools_get
r1947,16,digitalocean,PUT,/v2/droplets/autoscale/{autoscale_pool_id},autoscalepools_update
r1948,20,digitalocean,DELETE,/v2/droplets/autoscale/{autoscale_pool_id},autoscalepools_delete
r1949,18,digitalocean,DELETE,/v2/droplets/autoscale/{autoscale_pool_id}/dangerous,autoscalepools_delete_dangerous
r1950,13,digitalocean,GET,/v2/droplets/autoscale/{autoscale_pool_id}/members,autoscalepools_list_members
r1951,2,digitalocean,GET,/v2/droplets/autoscale/{autoscale_pool_id}/history,autoscalepools_list_history
r1952,1,digitalocean,GET,/v2/firewalls,firewalls_list
r1953,12,digitalocean,POST,/v2/firewalls,firewalls_create
r1954,21,digitalocean,GET,/v2/firewalls/{firewall_id},firewalls_get
r1955,8,digitalocean,PUT,/v2/firewalls/{firewall_id},firewalls_update
r1956,13,digitalocean,DELETE,/v2/firewalls/{firewall_id},firewalls_delete
r1957,17,digitalocean,POST,/v2/firewalls/{firewall_id}/droplets,firewalls_assign_droplets
r1958,8,digitalocean,DELETE,/v2/firewalls/{firewall_id}/droplets,firewalls_delete_droplets
r1959,14,digitalocean,POST,/v2/firewalls/{firewall_id}/tags,firewalls_add_tags
r1960,19,digitalocean,DELETE,/v2/firewalls/{firewall_id}/tags,firewalls_delete_tags
r1961,8,digitalocean,POST,/v2/firewalls/{firewall_id}/rules,firewalls_add_rules
r1962,18,digitalocean,DELETE,/v2/firewalls/{firewall_id}/rules,firewalls_delete_rules
r1963,21,digitalocean,GET,/v2/floating_ips,floatingIPs_list
r1964,14,digitalocean,POST,/v2/floating_ips,floatingIPs_create
r1965,4,digitalocean,GET,/v2/floating_ips/{floating_ip},floatingIPs_get
r1966,20,digitalocean,DELETE,/v2/floating_ips/{floating_ip},floatingIPs_delete
r1967,13,digitalocean,GET,/v2/floating_ips/{floating_ip}/actions,floatingIPsAction_list
r1968,3,digitalocean,POST,/v2/floating_ips/{floating_ip}/actions,floatingIPsAction_post
r1969,19,digitalocean,GET,/v2/floating_ips/{floating_ip}/actions/{action_id},floatingIPsAction_get
r1970,6,digitalocean,GET,/v2/functions/namespaces,functions_list_namespaces
r1971,18,digitalocean,POST,/v2/functions/namespaces,functions_create_namespace
r1972,7,digitalocean,GET,/v2/functions/namespaces/{namespace_id},functions_get_namespace
r1973,15,digitalocean,DELETE,/v2/functions/namespaces/{namespace_id},functions_delete_namespace
r1974,4,digitalocean,GET,/v2/functions/namespaces/{namespace_id}/triggers,functions_list_triggers
r1975,20,digitalocean,POST,/v2/functions/namespaces/{namespace_id}/triggers,functions_create_trigger
r1976,2,digitalocean,GET,/v2/functions/namespaces/{namespace_id}/triggers/{trigger_name},functions_get_trigger
r1977,21,digitalocean,PUT,/v2/functions/namespaces/{namespace_id}/triggers/{trigger_name},functions_update_trigger
r1978,15,digitalocean,DELETE,/v2/functions/namespaces/{namespace_id}/triggers/{trigger_name},functions_delete_trigger
r1979,8,digitalocean,GET,/v2/functions/namespaces/{namespace_id}/keys,functionsAccessKey_list
r1980,14,digitalocean,POST,/v2/functions/namespaces/{namespace_id}/keys,functionsAccessKey_create
r1981,5,digitalocean,PUT,/v2/functions/namespaces/{namespace_id}/keys/{key_id},functionsAccessKey_update
r1982,12,digitalocean,DELETE,/v2/functions/namespaces/{namespace_id}/keys/{key_id},functionsAccessKey_delete
r1983,9,digitalocean,GET,/v2/images,images_list
r1984,3,digitalocean,POST,/v2/images,images_create_custom
r1985,6,digitalocean,GET,/v2/images/{image_id},images_get
r1986,11,digitalocean,PUT,/v2/images/{image_id},images_update
r1987,18,digitalocean,DELETE,/v2/images/{image_id},images_delete
r1988,19,digitalocean,POST,/v2/images/{image_id}/account_transfer,images_post_account_transfer_create
r1989,11,digitalocean,POST,/v2/images/{image_id}/account_transfer/accept,images_post_account_transfer_accept
r1990,2,digitalocean,POST,/v2/images/{image_id}/account_transfer/cancel,images_post_account_transfer_cancel
r1991,17,digitalocean,POST,/v2/images/{image_id}/account_transfer/decline,images_post_account_transfer_decline
r1992,16,digitalocean,GET,/v2/images/{image_id}/actions,imageActions_list
r1993,19,digitalocean,POST,/v2/images/{image_id}/actions,imageActions_post
r1994,15,digitalocean,GET,/v2/images/{image_id}/actions/{action_id},imageActions_get
r1995,1,digitalocean,GET,/v2/kubernetes/clusters,kubernetes_list_clusters
r1996,20,digitalocean,POST,/v2/kubernetes/clusters,kubernetes_create_cluster
r1997,10,digitalocean,GET,/v2/kubernetes/clusters/{cluster_id},kubernetes_get_cluster
r1998,19,digitalocean,PUT,/v2/kubernetes/clusters/{cluster_id},kubernetes_update_cluster
r1999,8,digitalocean,DELETE,/v2/kubernetes/clusters/{cluster_id},kubernetes_delete_cluster
r2000,19,digitalocean,GET,/v2/kubernetes/clusters/{cluster_id}/destroy_with_associated_resources,kubernetes_list_associatedResources
r2001,21,digitalocean,DELETE,/v2/kubernetes/clusters/{cluster_id}/destroy_with_associated_resources/selective,kubernetes_destroy_associatedResourcesSelective
r2002,5,digitalocean,DELETE,/v2/kubernetes/clusters/{cluster_id}/destroy_with_associated_resources/dangerous,kubernetes_destroy_associatedResourcesDangerous
r2003,3,digitalocean,GET,/v2/kubernetes/clusters/{cluster_id}/kubeconfig,kubernetes_get_kubeconfig
r2004,10,digitalocean,GET,/v2/kubernetes/clusters/{cluster_id}/credentials,kubernetes_get_credentials
r2005,6,digitalocean,GET,/v2/kubernetes/clusters/{cluster_id}/upgrades,kubernetes_get_availableUpgrades
r2006,9,digitalocean,POST,/v2/kubernetes/clusters/{cluster_id}/upgrade,kubernetes_upgrade_cluster
r2007,10,digitalocean,GET,/v2/kubernetes/clusters/{cluster_id}/node_pools,kubernetes_list_nodePools
r2008,19,digitalocean,POST,/v2/kubernetes/clusters/{cluster_id}/node_pools,kubernetes_add_nodePool
r2009,8,digitalocean,GET,/v2/kubernetes/clusters/{cluster_id}/node_pools/{node_pool_id},kubernetes_get_nodePool
r2010,1,digitalocean,PUT,/v2/kubernetes/clusters/{cluster_id}/node_pools/{node_pool_id},kubernetes_update_nodePool
r2011,6,digitalocean,DELETE,/v2/kubernetes/clusters/{cluster_id}/node_pools/{node_pool_id},kubernetes_delete_nodePool
r2012,4,digitalocean,DELETE,/v2/kubernetes/clusters/{cluster_id}/node_pools/{node_pool_id}/nodes/{node_id},kubernetes_delete_node
r2013,17,digitalocean,POST,/v2/kubernetes/clusters/{cluster_id}/node_pools/{node_pool_id}/recycle,kubernetes_recycle_node_pool
r2014,17,digitalocean,GET,/v2/kubernetes/clusters/{cluster_id}/user,kubernetes_get_clusterUser
r2015,18,digitalocean,GET,/v2/kubernetes/options,kubernetes_list_options
r2016,16,digitalocean,GET,/v2/kubernetes/clusters/{cluster_id}/clusterlint,kubernetes_get_clusterLintResults
r2017,8,digitalocean,POST,/v2/kubernetes/clusters/{cluster_id}/clusterlint,kubernetes_run_clusterLint
r2018,21,digitalocean,POST,/v2/kubernetes/registry,kubernetes_add_registry
r2019,19,digitalocean,DELETE,/v2/kubernetes/registry,kubernetes_remove_registry
r2020,18,digitalocean,POST,/v2/kubernetes/registries,kubernetes_add_registries
r2021,9,digitalocean,DELETE,/v2/kubernetes/registries,kubernetes_remove_registries
r2022,21,digitalocean,GET,/v2/kubernetes/clusters/{cluster_id}/status_messages,kubernetes_get_status_messages
r2023,18,digitalocean,GET,/v2/load_balancers,loadBalancers_list
r2024,6,digitalocean,POST,/v2/load_balancers,loadBalancers_create
r2025,8,digitalocean,GET,/v2/load_balancers/{lb_id},loadBalancers_get
r2026,18,digitalocean,PUT,/v2/load_balancers/{lb_id},loadBalancers_update
r2027,7,digitalocean,DELETE,/v2/load_balancers/{lb_id},loadBalancers_delete
r2028,4,digitalocean,DELETE,/v2/load_balancers/{lb_id}/cache,loadBalancers_delete_cache
r2029,16,digitalocean,POST,/v2/load_balancers/{lb_id}/droplets,loadBalancers_add_droplets
r2030,19,digitalocean,DELETE,/v2/load_balancers/{lb_id}/droplets,loadBalancers_remove_droplets
r2031,4,digitalocean,POST,/v2/load_balancers/{lb_id}/forwarding_rules,loadBalancers_add_forwardingRules
r2032,20,digitalocean,DELETE,/v2/load_balancers/{lb_id}/forwarding_rules,loadBalancers_remove_forwardingRules
r2033,12,digitalocean,GET,/v2/monitoring/alerts,monitoring_list_alertPolicy
r2034,11,digitalocean,POST,/v2/monitoring/alerts,monitoring_create_alertPolicy
r2035,17,digitalocean,GET,/v2/monitoring/alerts/{alert_uuid},monitoring_get_alertPolicy
r2036,4,digitalocean,PUT,/v2/monitoring/alerts/{alert_uuid},monitoring_update_alertPolicy
r2037,16,digitalocean,DELETE,/v2/monitoring/alerts/{alert_uuid},monitoring_delete_alertPolicy
r2038,12,digitalocean,GET,/v2/monitoring/metrics/droplet/bandwidth,monitoring_get_dropletBandwidthMetrics
r2039,7,digitalocean,GET,/v2/monitoring/metrics/droplet/cpu,monitoring_get_DropletCpuMetrics
r2040,7,digitalocean,GET,/v2/monitoring/metrics/droplet/filesystem_free,monitoring_get_dropletFilesystemFreeMetrics
r2041,14,digitalocean,GET,/v2/monitoring/metrics/droplet/filesystem_size,monitoring_get_dropletFilesystemSizeMetrics
r2042,6,digitalocean,GET,/v2/monitoring/metrics/droplet/load_1,monitoring_get_dropletLoad1Metrics
r2043,13,digitalocean,GET,/v2/monitoring/metrics/droplet/load_5,monitoring_get_dropletLoad5Metrics
r2044,12,digitalocean,GET,/v2/monitoring/metrics/droplet/load_15,monitoring_get_dropletLoad15Metrics
r2045,8,digitalocean,GET,/v2/monitoring/metrics/droplet/memory_cached,monitoring_get_dropletMemoryCachedMetrics
r2046,18,digitalocean,GET,/v2/monitoring/metrics/droplet/memory_free,monitoring_get_dropletMemoryFreeMetrics
r2047,21,digitalocean,GET,/v2/monitoring/metrics/droplet/memory_total,monitoring_get_dropletMemoryTotalMetrics
r2048,19,digitalocean,GET,/v2/monitoring/metrics/droplet/memory_available,monitoring_get_dropletMemoryAvailableMetrics
r2049,15,digitalocean,GET,/v2/monitoring/metrics/apps/memory_percentage,monitoring_get_appMemoryPercentageMetrics
r2050,14,digitalocean,GET,/v2/monitoring/metrics/apps/cpu_percentage,monitoring_get_appCPUPercentageMetrics
r2051,2,digitalocean,GET,/v2/monitoring/metrics/apps/restart_count,monitoring_get_appRestartCountMetrics.yml
r2052,6,digitalocean,GET,/v2/monitoring/metrics/load_balancer/frontend_connections_current,monitoring_get_lb_frontend_connections_current
r2053,5,digitalocean,GET,/v2/monitoring/metrics/load_balancer/frontend_connections_limit,monitoring_get_lb_frontend_connections_limit
r2054,10,digitalocean,GET,/v2/monitoring/metrics/load_balancer/frontend_cpu_utilization,monitoring_get_lb_frontend_cpu_utilization
r2055,8,digitalocean,GET,/v2/monitoring/metrics/load_balancer/frontend_firewall_dropped_bytes,monitoring_get_lb_frontend_firewall_dropped_bytes
r2056,19,digitalocean,GET,/v2/monitoring/metrics/load_balancer/frontend_firewall_dropped_packets,monitoring_get_lb_frontend_firewall_dropped_packets
r2057,15,digitalocean,GET,/v2/monitoring/metrics/load_balancer/frontend_http_responses,monitoring_get_lb_frontend_http_responses
r2058,15,digitalocean,GET,/v2/monitoring/metrics/load_balancer/frontend_http_requests_per_second,monitoring_get_lb_frontend_http_requests_per_second
r2059,7,digitalocean,GET,/v2/monitoring/metrics/load_balancer/frontend_network_throughput_http,monitoring_get_lb_frontend_network_throughput_http
r2060,19,digitalocean,GET,/v2/monitoring/metrics/load_balancer/frontend_network_throughput_udp,monitoring_get_lb_frontend_network_throughput_udp
r2061,1,digitalocean,GET,/v2/monitoring/metrics/load_balancer/frontend_network_throughput_tcp,monitoring_get_lb_frontend_network_throughput_tcp
r2062,3,digitalocean,GET,/v2/monitoring/metrics/load_balancer/frontend_nlb_tcp_network_throughput,monitoring_get_lb_frontend_nlb_tcp_network_throughput
r2063,8,digitalocean,GET,/v2/monitoring/metrics/load_balancer/frontend_nlb_udp_network_throughput,monitoring_get_lb_frontend_nlb_udp_network_throughput
r2064,16,digitalocean,GET,/v2/monitoring/metrics/load_balancer/frontend_tls_connections_current,monitoring_get_lb_frontend_tls_connections_current
r2065,12,digitalocean,GET,/v2/monitoring/metrics/load_balancer/frontend_tls_connections_limit,monitoring_get_lb_frontend_tls_connections_limit
r2066,17,digitalocean,GET,/v2/monitoring/metrics/load_balancer/frontend_tls_connections_exceeding_rate_limit,monitoring_get_lb_frontend_tls_connections_exceeding_rate_limit
r2067,9,digitalocean,GET,/v2/monitoring/metrics/load_balancer/droplets_http_session_duration_avg,monitoring_get_lb_droplets_http_session_duration_avg
r2068,19,digitalocean,GET,/v2/monitoring/metrics/load_balancer/droplets_http_session_duration_50p,monitoring_get_lb_droplets_http_session_duration_50p
r2069,19,digitalocean,GET,/v2/monitoring/metrics/load_balancer/droplets_http_session_duration_95p,monitoring_get_lb_droplets_http_session_duration_95p
r2070,21,digitalocean,GET,/v2/monitoring/metrics/load_balancer/droplets_http_response_time_avg,monitoring_get_lb_droplets_http_response_time_avg
r2071,14,digitalocean,GET,/v2/monitoring/metrics/load_balancer/droplets_http_response_time_50p,monitoring_get_lb_droplets_http_response_time_50p
r2072,15,digitalocean,GET,/v2/monitoring/metrics/load_balancer/droplets_http_response_time_95p,monitoring_get_lb_droplets_http_response_time_95p
r2073,4,digitalocean,GET,/v2/monitoring/metrics/load_balancer/droplets_http_response_time_99p,monitoring_get_lb_droplets_http_response_time_99p
r2074,10,digitalocean,GET,/v2/monitoring/metrics/load_balancer/droplets_queue_size,monitoring_get_lb_droplets_queue_size
r2075,12,digitalocean,GET,/v2/monitoring/metrics/load_balancer/droplets_http_responses,monitoring_get_lb_droplets_http_responses
r2076,17,digitalocean,GET,/v2/monitoring/metrics/load_balancer/droplets_connections,monitoring_get_lb_droplets_connections
r2077,20,digitalocean,GET,/v2/monitoring/metrics/load_balancer/droplets_health_checks,monitoring_get_lb_droplets_health_checks
r2078,7,digitalocean,GET,/v2/monitoring/metrics/load_balancer/droplets_downtime,monitoring_get_lb_droplets_downtime
r2079,9,digitalocean,GET,/v2/monitoring/metrics/droplet_autoscale/current_instances,monitoring_get_droplet_autoscale_current_instances
r2080,20,digitalocean,GET,/v2/monitoring/metrics/droplet_autoscale/target_instances,monitoring_get_droplet_autoscale_target_instances
r2081,18,digitalocean,GET,/v2/monitoring/metrics/droplet_autoscale/current_cpu_utilization,monitoring_get_droplet_autoscale_current_cpu_utilization.yml
r2082,5,digitalocean,GET,/v2/monitoring/metrics/droplet_autoscale/target_cpu_utilization,monitoring_get_droplet_autoscale_target_cpu_utilization
r2083,7,digitalocean,GET,/v2/monitoring/metrics/droplet_autoscale/current_memory_utilization,monitoring_get_droplet_autoscale_current_memory_utilization
r2084,11,digitalocean,GET,/v2/monitoring/metrics/droplet_autoscale/target_memory_utilization,monitoring_get_droplet_autoscale_target_memory_utilization
r2085,13,digitalocean,GET,/v2/monitoring/metrics/database/mysql/cpu_usage,monitoring_get_database_mysql_cpu_usage
r2086,21,digitalocean,GET,/v2/monitoring/metrics/database/mysql/load,monitoring_get_database_mysql_load
r2087,3,digitalocean,GET,/v2/monitoring/metrics/database/mysql/memory_usage,monitoring_get_database_mysql_memory_usage
r2088,3,digitalocean,GET,/v2/monitoring/metrics/database/mysql/disk_usage,monitoring_get_database_mysql_disk_usage
r2089,7,digitalocean,GET,/v2/monitoring/metrics/database/mysql/threads_connected,monitoring_get_database_mysql_threads_connected
r2090,12,digitalocean,GET,/v2/monitoring/metrics/database/mysql/threads_created_rate,monitoring_get_database_mysql_threads_created_rate
r2091,4,digitalocean,GET,/v2/monitoring/metrics/database/mysql/threads_active,monitoring_get_database_mysql_threads_active
r2092,8,digitalocean,GET,/v2/monitoring/metrics/database/mysql/index_vs_sequential_reads,monitoring_get_database_mysql_index_vs_sequential_reads
r2093,17,digitalocean,GET,/v2/monitoring/metrics/database/mysql/op_rates,monitoring_get_database_mysql_op_rates
r2094,18,digitalocean,GET,/v2/monitoring/metrics/database/mysql/schema_throughput,monitoring_get_database_mysql_schema_throughput
r2095,14,digitalocean,GET,/v2/monitoring/metrics/database/mysql/schema_latency,monitoring_get_database_mysql_schema_latency
r2096,1,digitalocean,GET,/v2/monitoring/sinks/destinations,monitoring_list_destinations
r2097,5,digitalocean,POST,/v2/monitoring/sinks/destinations,monitoring_create_destination
r2098,12,digitalocean,GET,/v2/monitoring/sinks/destinations/{destination_uuid},monitoring_get_destination
r2099,13,digitalocean,POST,/v2/monitoring/sinks/destinations/{destination_uuid},monitoring_update_destination
r2100,6,digitalocean,DELETE,/v2/monitoring/sinks/destinations/{destination_uuid},monitoring_delete_destination
r2101,2,digitalocean,GET,/v2/monitoring/sinks,monitoring_list_sinks
r2102,16,digitalocean,POST,/v2/monitoring/sinks,monitoring_create_sink
r2103,6,digitalocean,GET,/v2/monitoring/sinks/{sink_uuid},monitoring_get_sink
r2104,1,digitalocean,DELETE,/v2/monitoring/sinks/{sink_uuid},monitoring_delete_sink
r2105,12,digitalocean,GET,/v2/nfs,nfs_list
r2106,11,digitalocean,POST,/v2/nfs,nfs_create
r2107,3,digitalocean,GET,/v2/nfs/{nfs_id},nfs_get
r2108,9,digitalocean,DELETE,/v2/nfs/{nfs_id},nfs_delete
r2109,11,digitalocean,POST,/v2/nfs/{nfs_id}/actions,nfs_create_action
r2110,14,digitalocean,GET,/v2/nfs/snapshots,nfs_list_snapshot
r2111,1,digitalocean,GET,/v2/nfs/snapshots/{nfs_snapshot_id},nfs_get_snapshot
r2112,13,digitalocean,DELETE,/v2/nfs/snapshots/{nfs_snapshot_id},nfs_delete_snapshot
r2113,1,digitalocean,GET,/v2/nfs/shares/{share_id}/access_points,nfs_list_access_points
r2114,1,digitalocean,POST,/v2/nfs/shares/{share_id}/access_points,nfs_create_access_point
r2115,19,digitalocean,GET,/v2/nfs/access_points/{access_point_id},nfs_get_access_point
r2116,6,digitalocean,DELETE,/v2/nfs/access_points/{access_point_id},nfs_delete_access_point
r2117,17,digitalocean,POST,/v2/organizations/team,organizations_create_team
r2118,10,digitalocean,GET,/v2/organizations/teams,organizations_list_teams
r2119,20,digitalocean,GET,/v2/partner_network_connect/attachments,partnerAttachments_list
r2120,14,digitalocean,POST,/v2/partner_network_connect/attachments,partnerAttachments_create
r2121,18,digitalocean,GET,/v2/partner_network_connect/attachments/{pa_id},partnerAttachments_get
r2122,11,digitalocean,DELETE,/v2/partner_network_connect/attachments/{pa_id},partnerAttachments_delete
r2123,11,digitalocean,PATCH,/v2/partner_network_connect/attachments/{pa_id},partnerAttachments_patch
r2124,9,digitalocean,GET,/v2/partner_network_connect/attachments/{pa_id}/bgp_auth_key,partnerAttachments_get_bgp_auth_key
r2125,4,digitalocean,GET,/v2/partner_network_connect/attachments/{pa_id}/remote_routes,partnerAttachments_list_remote_routes
r2126,12,digitalocean,GET,/v2/partner_network_connect/attachments/{pa_id}/service_key,partnerAttachments_get_service_key
r2127,16,digitalocean,POST,/v2/partner_network_connect/attachments/{pa_id}/service_key,partnerAttachments_create_service_key
r2128,15,digitalocean,GET,/v2/projects,projects_list
r2129,12,digitalocean,POST,/v2/projects,projects_create
r2130,13,digitalocean,GET,/v2/projects/default,projects_get_default
r2131,16,digitalocean,PUT,/v2/projects/default,projects_update_default
r2132,3,digitalocean,PATCH,/v2/projects/default,projects_patch_default
r2133,12,digitalocean,GET,/v2/projects/{project_id},projects_get
r2134,20,digitalocean,PUT,/v2/projects/{project_id},projects_update
r2135,10,digitalocean,DELETE,/v2/projects/{project_id},projects_delete
r2136,19,digitalocean,PATCH,/v2/projects/{project_id},projects_patch
r2137,9,digitalocean,GET,/v2/projects/{project_id}/resources,projects_list_resources
r2138,4,digitalocean,POST,/v2/projects/{project_id}/resources,projects_assign_resources
r2139,14,digitalocean,GET,/v2/projects/default/resources,projects_list_resources_default
r2140,10,digitalocean,POST,/v2/projects/default/resources,projects_assign_resources_default
r2141,5,digitalocean,GET,/v2/regions,regions_list
r2142,13,digitalocean,GET,/v2/registries,registries_list
r2143,8,digitalocean,POST,/v2/registries,registries_create
r2144,6,digitalocean,GET,/v2/registries/{registry_name},registries_get
r2145,12,digitalocean,DELETE,/v2/registries/{registry_name},registries_delete
r2146,7,digitalocean,GET,/v2/registries/{registry_name}/docker-credentials,registries_get_dockerCredentials
r2147,16,digitalocean,GET,/v2/registries/subscription,registries_get_subscription
r2148,1,digitalocean,POST,/v2/registries/subscription,registries_update_subscription
r2149,8,digitalocean,GET,/v2/registries/options,registries_get_options
r2150,12,digitalocean,GET,/v2/registries/{registry_name}/garbage-collection,registries_get_garbageCollection
r2151,15,digitalocean,POST,/v2/registries/{registry_name}/garbage-collection,registries_run_garbageCollection
r2152,10,digitalocean,GET,/v2/registries/{registry_name}/garbage-collections,registries_list_garbageCollections
r2153,2,digitalocean,PUT,/v2/registries/{registry_name}/garbage-collection/{garbage_collection_uuid},registries_update_garbageCollection
r2154,12,digitalocean,GET,/v2/registries/{registry_name}/repositoriesV2,registries_list_repositoriesV2
r2155,19,digitalocean,DELETE,/v2/registries/{registry_name}/repositories/{repository_name},registries_delete_repository
r2156,3,digitalocean,GET,/v2/registries/{registry_name}/repositories/{repository_name}/tags,registries_list_repositoryTags
r2157,19,digitalocean,DELETE,/v2/registries/{registry_name}/repositories/{repository_name}/tags/{repository_tag},registries_delete_repositoryTag
r2158,18,digitalocean,GET,/v2/registries/{registry_name}/repositories/{repository_name}/digests,registries_list_repositoryManifests
r2159,15,digitalocean,DELETE,/v2/registries/{registry_name}/repositories/{repository_name}/digests/{manifest_digest},registries_delete_repositoryManifest
r2160,7,digitalocean,POST,/v2/registries/validate-name,registries_validate_name
r2161,10,digitalocean,GET,/v2/registry,registry_get
r2162,3,digitalocean,POST,/v2/registry,registry_create
r2163,17,digitalocean,DELETE,/v2/registry,registry_delete
r2164,8,digitalocean,GET,/v2/registry/subscription,registry_get_subscription
r2165,8,digitalocean,POST,/v2/registry/subscription,registry_update_subscription
r2166,1,digitalocean,GET,/v2/registry/docker-credentials,registry_get_dockerCredentials
r2167,7,digitalocean,POST,/v2/registry/validate-name,registry_validate_name
r2168,6,digitalocean,GET,/v2/registry/{registry_name}/repositories,registry_list_repositories
r2169,2,digitalocean,GET,/v2/registry/{registry_name}/repositoriesV2,registry_list_repositoriesV2
r2170,13,digitalocean,GET,/v2/registry/{registry_name}/repositories/{repository_name}/tags,registry_list_repositoryTags
r2171,14,digitalocean,DELETE,/v2/registry/{registry_name}/repositories/{repository_name}/tags/{repository_tag},registry_delete_repositoryTag
r2172,11,digitalocean,GET,/v2/registry/{registry_name}/repositories/{repository_name}/digests,registry_list_repositoryManifests
r2173,4,digitalocean,DELETE,/v2/registry/{registry_name}/repositories/{repository_name}/digests/{manifest_digest},registry_delete_repositoryManifest
r2174,13,digitalocean,GET,/v2/registry/{registry_name}/garbage-collection,registry_get_garbageCollection
r2175,17,digitalocean,POST,/v2/registry/{registry_name}/garbage-collection,registry_run_garbageCollection
r2176,4,digitalocean,GET,/v2/registry/{registry_name}/garbage-collections,registry_list_garbageCollections
r2177,11,digitalocean,PUT,/v2/registry/{registry_name}/garbage-collection/{garbage_collection_uuid},registry_update_garbageCollection
r2178,15,digitalocean,GET,/v2/registry/options,registry_get_options
r2179,21,digitalocean,GET,/v2/reports/droplet_neighbors_ids,droplets_list_neighborsIds
r2180,8,digitalocean,GET,/v2/reserved_ips,reservedIPs_list
r2181,14,digitalocean,POST,/v2/reserved_ips,reservedIPs_create
r2182,5,digitalocean,GET,/v2/reserved_ips/{reserved_ip},reservedIPs_get
r2183,7,digitalocean,DELETE,/v2/reserved_ips/{reserved_ip},reservedIPs_delete
r2184,2,digitalocean,GET,/v2/reserved_ips/{reserved_ip}/actions,reservedIPsActions_list
r2185,12,digitalocean,POST,/v2/reserved_ips/{reserved_ip}/actions,reservedIPsActions_post
r2186,13,digitalocean,GET,/v2/reserved_ips/{reserved_ip}/actions/{action_id},reservedIPsActions_get
r2187,13,digitalocean,GET,/v2/reserved_ipv6,reservedIPv6_list
r2188,11,digitalocean,POST,/v2/reserved_ipv6,reservedIPv6_create
r2189,18,digitalocean,GET,/v2/reserved_ipv6/{reserved_ipv6},reservedIPv6_get
r2190,14,digitalocean,DELETE,/v2/reserved_ipv6/{reserved_ipv6},reservedIPv6_delete
r2191,18,digitalocean,POST,/v2/reserved_ipv6/{reserved_ipv6}/actions,reservedIPv6Actions_post
r2192,12,digitalocean,GET,/v2/byoip_prefixes,byoipPrefixes_list
r2193,8,digitalocean,POST,/v2/byoip_prefixes,byoipPrefixes_create
r2194,6,digitalocean,GET,/v2/byoip_prefixes/{byoip_prefix_uuid},byoipPrefixes_get
r2195,13,digitalocean,DELETE,/v2/byoip_prefixes/{byoip_prefix_uuid},byoipPrefixes_delete
r2196,3,digitalocean,PATCH,/v2/byoip_prefixes/{byoip_prefix_uuid},byoipPrefixes_patch
r2197,3,digitalocean,GET,/v2/byoip_prefixes/{byoip_prefix_uuid}/ips,byoipPrefixes_list_resources
r2198,8,digitalocean,GET,/v2/security/scans,security_list_scans
r2199,7,digitalocean,POST,/v2/security/scans,security_create_scan
r2200,6,digitalocean,GET,/v2/security/scans/{scan_id},security_get_scan
r2201,13,digitalocean,GET,/v2/security/scans/latest,security_get_latest_scan
r2202,18,digitalocean,POST,/v2/security/scans/rules,security_create_scan_rule
r2203,13,digitalocean,GET,/v2/security/scans/{scan_id}/findings/{finding_uuid}/affected_resources,security_list_scan_finding_affected_resources
r2204,2,digitalocean,GET,/v2/security/settings,security_list_settings
r2205,7,digitalocean,PUT,/v2/security/settings/plan,security_update_settings_plan
r2206,21,digitalocean,POST,/v2/security/settings/suppressions,security_create_suppression
r2207,7,digitalocean,DELETE,/v2/security/settings/suppressions/{suppression_uuid},security_delete_suppression
r2208,1,digitalocean,GET,/v2/sizes,sizes_list
r2209,9,digitalocean,GET,/v2/snapshots,snapshots_list
r2210,10,digitalocean,GET,/v2/snapshots/{snapshot_id},snapshots_get
r2211,17,digitalocean,DELETE,/v2/snapshots/{snapshot_id},snapshots_delete
r2212,16,digitalocean,GET,/v2/spaces/keys,spacesKey_list
r2213,14,digitalocean,POST,/v2/spaces/keys,spacesKey_create
r2214,4,digitalocean,GET,/v2/spaces/keys/{access_key},spacesKey_get
r2215,5,digitalocean,PUT,/v2/spaces/keys/{access_key},spacesKey_update
r2216,6,digitalocean,DELETE,/v2/spaces/keys/{access_key},spacesKey_delete
r2217,16,digitalocean,PATCH,/v2/spaces/keys/{access_key},spacesKey_patch
r2218,6,digitalocean,GET,/v2/tags,tags_list
r2219,8,digitalocean,POST,/v2/tags,tags_create
r2220,19,digitalocean,GET,/v2/tags/{tag_id},tags_get
r2221,9,digitalocean,DELETE,/v2/tags/{tag_id},tags_delete
r2222,14,digitalocean,POST,/v2/tags/{tag_id}/resources,tags_assign_resources
r2223,13,digitalocean,DELETE,/v2/tags/{tag_id}/resources,tags_unassign_resources
r2224,1,digitalocean,GET,/v2/vector-databases,vectorDatabases_list
r2225,17,digitalocean,POST,/v2/vector-databases,vectorDatabases_create
r2226,19,digitalocean,GET,/v2/vector-databases/{id},vectorDatabases_get
r2227,7,digitalocean,PUT,/v2/vector-databases/{id},vectorDatabases_update
r2228,14,digitalocean,DELETE,/v2/vector-databases/{id},vectorDatabases_delete
r2229,10,digitalocean,GET,/v2/vector-databases/{id}/backups,vectorDatabases_list_backups
r2230,11,digitalocean,GET,/v2/vector-databases/{id}/backups/{backup_id}/restore,vectorDatabases_get_restore_status
r2231,7,digitalocean,POST,/v2/vector-databases/{id}/backups/{backup_id}/restore,vectorDatabases_post_restore_backup
r2232,6,digitalocean,GET,/v2/vector-databases/{id}/credentials,vectorDatabases_get_credentials
r2233,3,digitalocean,POST,/v2/vector-databases/{id}/resize,vectorDatabases_post_resize
r2234,18,digitalocean,PUT,/v2/vector-databases/{id}/tags,vectorDatabases_update_tags
r2235,10,digitalocean,GET,/v2/volumes,volumes_list
r2236,5,digitalocean,POST,/v2/volumes,volumes_create
r2237,3,digitalocean,DELETE,/v2/volumes,volumes_delete_byName
r2238,11,digitalocean,POST,/v2/volumes/actions,volumeActions_post
r2239,8,digitalocean,GET,/v2/volumes/snapshots/{snapshot_id},volumeSnapshots_get_byId
r2240,20,digitalocean,DELETE,/v2/volumes/snapshots/{snapshot_id},volumeSnapshots_delete_byId
r2241,10,digitalocean,GET,/v2/volumes/{volume_id},volumes_get
r2242,6,digitalocean,DELETE,/v2/volumes/{volume_id},volumes_delete
r2243,12,digitalocean,GET,/v2/volumes/{volume_id}/actions,volumeActions_list
r2244,4,digitalocean,POST,/v2/volumes/{volume_id}/actions,volumeActions_post_byId
r2245,17,digitalocean,GET,/v2/volumes/{volume_id}/actions/{action_id},volumeActions_get
r2246,5,digitalocean,GET,/v2/volumes/{volume_id}/snapshots,volumeSnapshots_list
r2247,16,digitalocean,POST,/v2/volumes/{volume_id}/snapshots,volumeSnapshots_create
r2248,6,digitalocean,GET,/v2/vpcs,vpcs_list
r2249,16,digitalocean,POST,/v2/vpcs,vpcs_create
r2250,4,digitalocean,GET,/v2/vpcs/{vpc_id},vpcs_get
r2251,14,digitalocean,PUT,/v2/vpcs/{vpc_id},vpcs_update
r2252,8,digitalocean,DELETE,/v2/vpcs/{vpc_id},vpcs_delete
r2253,1,digitalocean,PATCH,/v2/vpcs/{vpc_id},vpcs_patch
r2254,11,digitalocean,GET,/v2/vpcs/{vpc_id}/members,vpcs_list_members
r2255,6,digitalocean,GET,/v2/vpcs/{vpc_id}/peerings,vpcs_list_peerings
r2256,17,digitalocean,POST,/v2/vpcs/{vpc_id}/peerings,vpcs_create_peerings
r2257,3,digitalocean,PATCH,/v2/vpcs/{vpc_id}/peerings/{vpc_peering_id},vpcs_patch_peerings
r2258,21,digitalocean,GET,/v2/vpc_peerings,vpcPeerings_list
r2259,6,digitalocean,POST,/v2/vpc_peerings,vpcPeerings_create
r2260,16,digitalocean,GET,/v2/vpc_peerings/{vpc_peering_id},vpcPeerings_get
r2261,14,digitalocean,DELETE,/v2/vpc_peerings/{vpc_peering_id},vpcPeerings_delete
r2262,13,digitalocean,PATCH,/v2/vpc_peerings/{vpc_peering_id},vpcPeerings_patch
r2263,7,digitalocean,GET,/v2/vpc_nat_gateways,vpcnatgateways_list
r2264,6,digitalocean,POST,/v2/vpc_nat_gateways,vpcnatgateways_create
r2265,10,digitalocean,GET,/v2/vpc_nat_gateways/{id},vpcnatgateways_get
r2266,6,digitalocean,PUT,/v2/vpc_nat_gateways/{id},vpcnatgateways_update
r2267,16,digitalocean,DELETE,/v2/vpc_nat_gateways/{id},vpcnatgateways_delete
r2268,20,digitalocean,GET,/v2/uptime/checks,uptime_list_checks
r2269,18,digitalocean,POST,/v2/uptime/checks,uptime_create_check
r2270,6,digitalocean,GET,/v2/uptime/checks/{check_id},uptime_get_check
r2271,8,digitalocean,PUT,/v2/uptime/checks/{check_id},uptime_update_check
r2272,1,digitalocean,DELETE,/v2/uptime/checks/{check_id},uptime_delete_check
r2273,14,digitalocean,GET,/v2/uptime/checks/{check_id}/state,uptime_get_checkState
r2274,2,digitalocean,GET,/v2/uptime/checks/{check_id}/alerts,uptime_list_alerts
r2275,18,digitalocean,POST,/v2/uptime/checks/{check_id}/alerts,uptime_create_alert
r2276,3,digitalocean,GET,/v2/uptime/checks/{check_id}/alerts/{alert_id},uptime_get_alert
r2277,15,digitalocean,PUT,/v2/uptime/checks/{check_id}/alerts/{alert_id},uptime_update_alert
r2278,11,digitalocean,DELETE,/v2/uptime/checks/{check_id}/alerts/{alert_id},uptime_delete_alert
r2279,18,digitalocean,GET,/v2/gen-ai/agents,genai_list_agents
r2280,8,digitalocean,POST,/v2/gen-ai/agents,genai_create_agent
r2281,18,digitalocean,GET,/v2/gen-ai/agents/{agent_uuid}/api_keys,genai_list_agent_api_keys
r2282,9,digitalocean,POST,/v2/gen-ai/agents/{agent_uuid}/api_keys,genai_create_agent_api_key
r2283,14,digitalocean,PUT,/v2/gen-ai/agents/{agent_uuid}/api_keys/{api_key_uuid},genai_update_agent_api_key
r2284,5,digitalocean,DELETE,/v2/gen-ai/agents/{agent_uuid}/api_keys/{api_key_uuid},genai_delete_agent_api_key
r2285,3,digitalocean,PUT,/v2/gen-ai/agents/{agent_uuid}/api_keys/{api_key_uuid}/regenerate,genai_regenerate_agent_api_key
r2286,12,digitalocean,POST,/v2/gen-ai/agents/{agent_uuid}/functions,genai_attach_agent_function
r2287,16,digitalocean,PUT,/v2/gen-ai/agents/{agent_uuid}/functions/{function_uuid},genai_update_agent_function
r2288,12,digitalocean,DELETE,/v2/gen-ai/agents/{agent_uuid}/functions/{function_uuid},genai_detach_agent_function
r2289,3,digitalocean,POST,/v2/gen-ai/agents/{agent_uuid}/guardrails,genai_attach_agent_guardrails
r2290,21,digitalocean,DELETE,/v2/gen-ai/agents/{agent_uuid}/guardrails/{guardrail_uuid},genai_detach_agent_guardrail
r2291,16,digitalocean,POST,/v2/gen-ai/agents/{agent_uuid}/knowledge_bases,genai_attach_knowledge_bases
r2292,13,digitalocean,POST,/v2/gen-ai/agents/{agent_uuid}/knowledge_bases/{knowledge_base_uuid},genai_attach_knowledge_base
r2293,17,digitalocean,DELETE,/v2/gen-ai/agents/{agent_uuid}/knowledge_bases/{knowledge_base_uuid},genai_detach_knowledge_base
r2294,11,digitalocean,PUT,/v2/gen-ai/agents/{parent_agent_uuid}/child_agents/{child_agent_uuid},genai_update_attached_agent
r2295,4,digitalocean,POST,/v2/gen-ai/agents/{parent_agent_uuid}/child_agents/{child_agent_uuid},genai_attach_agent
r2296,6,digitalocean,DELETE,/v2/gen-ai/agents/{parent_agent_uuid}/child_agents/{child_agent_uuid},genai_detach_agent
r2297,21,digitalocean,GET,/v2/gen-ai/agents/{uuid},genai_get_agent
r2298,20,digitalocean,PUT,/v2/gen-ai/agents/{uuid},genai_update_agent
r2299,2,digitalocean,DELETE,/v2/gen-ai/agents/{uuid},genai_delete_agent
r2300,7,digitalocean,GET,/v2/gen-ai/agents/{uuid}/child_agents,genai_get_agent_children
r2301,10,digitalocean,PUT,/v2/gen-ai/agents/{uuid}/deployment_visibility,genai_update_agent_deployment_visibility
r2302,4,digitalocean,GET,/v2/gen-ai/agents/{uuid}/usage,genai_get_agent_usage
r2303,11,digitalocean,GET,/v2/gen-ai/agents/{uuid}/versions,genai_list_agent_versions
r2304,16,digitalocean,PUT,/v2/gen-ai/agents/{uuid}/versions,genai_rollback_to_agent_version
r2305,4,digitalocean,GET,/v2/gen-ai/anthropic/keys,genai_list_anthropic_api_keys
r2306,15,digitalocean,POST,/v2/gen-ai/anthropic/keys,genai_create_anthropic_api_key
r2307,1,digitalocean,GET,/v2/gen-ai/anthropic/keys/{api_key_uuid},genai_get_anthropic_api_key
r2308,17,digitalocean,PUT,/v2/gen-ai/anthropic/keys/{api_key_uuid},genai_update_anthropic_api_key
r2309,4,digitalocean,DELETE,/v2/gen-ai/anthropic/keys/{api_key_uuid},genai_delete_anthropic_api_key
r2310,9,digitalocean,GET,/v2/gen-ai/anthropic/keys/{uuid}/agents,genai_list_agents_by_anthropic_key
r2311,2,digitalocean,GET,/v2/gen-ai/custom_models,genai_list_custom_models
r2312,6,digitalocean,POST,/v2/gen-ai/custom_models/import,genai_import_custom_model
r2313,17,digitalocean,GET,/v2/gen-ai/custom_models/{uuid},genai_get_custom_model
r2314,15,digitalocean,DELETE,/v2/gen-ai/custom_models/{uuid},genai_delete_custom_model
r2315,7,digitalocean,PATCH,/v2/gen-ai/custom_models/{uuid}/metadata,genai_update_custom_model_metadata
r2316,21,digitalocean,GET,/v2/gen-ai/evaluation_datasets,genai_list_evaluation_datasets
r2317,5,digitalocean,POST,/v2/gen-ai/evaluation_datasets,genai_create_evaluation_dataset
r2318,13,digitalocean,POST,/v2/gen-ai/evaluation_datasets/file_upload_presigned_urls,genai_create_evaluation_dataset_file_upload_presigned_urls
r2319,17,digitalocean,DELETE,/v2/gen-ai/evaluation_datasets/{dataset_uuid},genai_delete_evaluation_dataset
r2320,21,digitalocean,GET,/v2/gen-ai/evaluation_datasets/{dataset_uuid}/download_url,genai_get_evaluation_dataset_download_url
r2321,16,digitalocean,GET,/v2/gen-ai/evaluation_metrics,genai_list_evaluation_metrics
r2322,17,digitalocean,POST,/v2/gen-ai/custom_evaluation_metrics,genai_create_custom_evaluation_metric
r2323,17,digitalocean,PUT,/v2/gen-ai/custom_evaluation_metrics/{metric_uuid},genai_update_custom_evaluation_metric
r2324,12,digitalocean,DELETE,/v2/gen-ai/custom_evaluation_metrics/{metric_uuid},genai_delete_custom_evaluation_metric
r2325,3,digitalocean,POST,/v2/gen-ai/evaluation_runs,genai_run_evaluation_test_case
r2326,18,digitalocean,GET,/v2/gen-ai/evaluation_runs/{evaluation_run_uuid},genai_get_evaluation_run
r2327,2,digitalocean,GET,/v2/gen-ai/evaluation_runs/{evaluation_run_uuid}/results,genai_get_evaluation_run_results
r2328,2,digitalocean,GET,/v2/gen-ai/evaluation_runs/{evaluation_run_uuid}/results/{prompt_id},genai_get_evaluation_run_prompt_results
r2329,7,digitalocean,GET,/v2/gen-ai/evaluation_test_cases,genai_list_evaluation_test_cases
r2330,21,digitalocean,POST,/v2/gen-ai/evaluation_test_cases,genai_create_evaluation_test_case
r2331,4,digitalocean,GET,/v2/gen-ai/evaluation_test_cases/{evaluation_test_case_uuid}/evaluation_runs,genai_list_evaluation_runs_by_test_case
r2332,11,digitalocean,GET,/v2/gen-ai/evaluation_test_cases/{test_case_uuid},genai_get_evaluation_test_case
r2333,15,digitalocean,PUT,/v2/gen-ai/evaluation_test_cases/{test_case_uuid},genai_update_evaluation_test_case
r2334,15,digitalocean,GET,/v2/gen-ai/indexing_jobs,genai_list_indexing_jobs
r2335,7,digitalocean,POST,/v2/gen-ai/indexing_jobs,genai_create_indexing_job
r2336,11,digitalocean,GET,/v2/gen-ai/indexing_jobs/{indexing_job_uuid}/data_sources,genai_list_indexing_job_data_sources
r2337,20,digitalocean,GET,/v2/gen-ai/indexing_jobs/{indexing_job_uuid}/details_signed_url,genai_get_indexing_job_details_signed_url
r2338,7,digitalocean,GET,/v2/gen-ai/indexing_jobs/{uuid},genai_get_indexing_job
r2339,18,digitalocean,PUT,/v2/gen-ai/indexing_jobs/{uuid}/cancel,genai_cancel_indexing_job
r2340,12,digitalocean,GET,/v2/gen-ai/knowledge_bases,genai_list_knowledge_bases
r2341,10,digitalocean,POST,/v2/gen-ai/knowledge_bases,genai_create_knowledge_base
r2342,17,digitalocean,POST,/v2/gen-ai/knowledge_bases/data_sources/file_upload_presigned_urls,genai_create_data_source_file_upload_presigned_urls
r2343,4,digitalocean,GET,/v2/gen-ai/knowledge_bases/{knowledge_base_uuid}/data_sources,genai_list_knowledge_base_data_sources
r2344,8,digitalocean,POST,/v2/gen-ai/knowledge_bases/{knowledge_base_uuid}/data_sources,genai_create_knowledge_base_data_source
r2345,8,digitalocean,PUT,/v2/gen-ai/knowledge_bases/{knowledge_base_uuid}/data_sources/{data_source_uuid},genai_update_knowledge_base_data_source
r2346,13,digitalocean,DELETE,/v2/gen-ai/knowledge_bases/{knowledge_base_uuid}/data_sources/{data_source_uuid},genai_delete_knowledge_base_data_source
r2347,19,digitalocean,GET,/v2/gen-ai/knowledge_bases/{knowledge_base_uuid}/indexing_jobs,genai_list_indexing_jobs_by_knowledge_base
r2348,5,digitalocean,GET,/v2/gen-ai/knowledge_bases/{uuid},genai_get_knowledge_base
r2349,9,digitalocean,PUT,/v2/gen-ai/knowledge_bases/{uuid},genai_update_knowledge_base
r2350,8,digitalocean,DELETE,/v2/gen-ai/knowledge_bases/{uuid},genai_delete_knowledge_base
r2351,10,digitalocean,POST,/v2/gen-ai/model_evaluation/datasets/file_upload_presigned_urls,genai_create_model_eval_dataset_upload_presigned_urls
r2352,14,digitalocean,GET,/v2/gen-ai/model_evaluation_metrics,genai_list_model_evaluation_metrics
r2353,1,digitalocean,GET,/v2/gen-ai/model_evaluation_presets,genai_list_model_evaluation_presets
r2354,12,digitalocean,GET,/v2/gen-ai/model_evaluation_presets/{eval_preset_uuid},genai_get_model_evaluation_preset
r2355,13,digitalocean,DELETE,/v2/gen-ai/model_evaluation_presets/{eval_preset_uuid},genai_delete_model_evaluation_preset
r2356,17,digitalocean,GET,/v2/gen-ai/model_evaluation_runs,genai_list_model_evaluation_runs
r2357,6,digitalocean,POST,/v2/gen-ai/model_evaluation_runs,genai_create_model_evaluation_run
r2358,5,digitalocean,GET,/v2/gen-ai/model_evaluation_runs/{eval_run_uuid},genai_get_model_evaluation_run
r2359,12,digitalocean,DELETE,/v2/gen-ai/model_evaluation_runs/{eval_run_uuid},genai_delete_model_evaluation_run
r2360,10,digitalocean,PATCH,/v2/gen-ai/model_evaluation_runs/{eval_run_uuid},genai_update_model_evaluation_run
r2361,3,digitalocean,PUT,/v2/gen-ai/model_evaluation_runs/{eval_run_uuid}/cancel,genai_cancel_model_evaluation_run
r2362,14,digitalocean,GET,/v2/gen-ai/model_evaluation_runs/{eval_run_uuid}/results/download_url,genai_get_model_evaluation_run_results_download_url
r2363,18,digitalocean,GET,/v2/gen-ai/models,genai_list_models
r2364,2,digitalocean,GET,/v2/gen-ai/models/api_keys,genai_list_model_api_keys
r2365,5,digitalocean,POST,/v2/gen-ai/models/api_keys,genai_create_model_api_key
r2366,5,digitalocean,PUT,/v2/gen-ai/models/api_keys/{api_key_uuid},genai_update_model_api_key
r2367,6,digitalocean,DELETE,/v2/gen-ai/models/api_keys/{api_key_uuid},genai_delete_model_api_key
r2368,11,digitalocean,PUT,/v2/gen-ai/models/api_keys/{api_key_uuid}/regenerate,genai_regenerate_model_api_key
r2369,5,digitalocean,GET,/v2/gen-ai/models/catalog,genai_list_model_catalog
r2370,14,digitalocean,GET,/v2/gen-ai/models/catalog/{id},genai_get_model_catalog_card
r2371,3,digitalocean,GET,/v2/gen-ai/models/routers,genai_list_model_routers
r2372,4,digitalocean,POST,/v2/gen-ai/models/routers,genai_create_model_router
r2373,5,digitalocean,GET,/v2/gen-ai/models/routers/presets,genai_list_model_router_presets
r2374,6,digitalocean,GET,/v2/gen-ai/models/routers/tasks/presets,genai_list_model_router_task_presets
r2375,5,digitalocean,GET,/v2/gen-ai/models/routers/{uuid},genai_get_model_router
r2376,1,digitalocean,PUT,/v2/gen-ai/models/routers/{uuid},genai_update_model_router
r2377,19,digitalocean,DELETE,/v2/gen-ai/models/routers/{uuid},genai_delete_model_router
r2378,3,digitalocean,POST,/v2/gen-ai/oauth2/dropbox/tokens,genai_create_oauth2_dropbox_tokens
r2379,14,digitalocean,GET,/v2/gen-ai/oauth2/url,genai_get_oauth2_url
r2380,20,digitalocean,GET,/v2/gen-ai/openai/keys,genai_list_openai_api_keys
r2381,1,digitalocean,POST,/v2/gen-ai/openai/keys,genai_create_openai_api_key
r2382,14,digitalocean,GET,/v2/gen-ai/openai/keys/{api_key_uuid},genai_get_openai_api_key
r2383,5,digitalocean,PUT,/v2/gen-ai/openai/keys/{api_key_uuid},genai_update_openai_api_key
r2384,2,digitalocean,DELETE,/v2/gen-ai/openai/keys/{api_key_uuid},genai_delete_openai_api_key
r2385,11,digitalocean,GET,/v2/gen-ai/openai/keys/{uuid}/agents,genai_list_agents_by_openai_key
r2386,14,digitalocean,GET,/v2/gen-ai/regions,genai_list_datacenter_regions
r2387,18,digitalocean,GET,/v2/gen-ai/scenario_library,genai_list_scenario_library
r2388,13,digitalocean,POST,/v2/gen-ai/scenario_library/{library_scenario_uuid}/create_scenario_set,genai_create_scenario_set_from_library
r2389,13,digitalocean,GET,/v2/gen-ai/scenario_library/{library_scenario_uuid}/scenarios,genai_list_scenario_library_scenarios
r2390,16,digitalocean,GET,/v2/gen-ai/scenario_sets,genai_list_scenario_sets
r2391,9,digitalocean,POST,/v2/gen-ai/scenario_sets,genai_create_scenario_set
r2392,19,digitalocean,POST,/v2/gen-ai/scenario_sets/file_upload_presigned_urls,genai_create_scenario_set_upload_presigned_urls
r2393,8,digitalocean,POST,/v2/gen-ai/scenario_sets/generate,genai_create_generated_scenario_set
r2394,6,digitalocean,GET,/v2/gen-ai/scenario_sets/{scenario_set_uuid},genai_get_scenario_set
r2395,10,digitalocean,PUT,/v2/gen-ai/scenario_sets/{scenario_set_uuid},genai_update_scenario_set
r2396,3,digitalocean,DELETE,/v2/gen-ai/scenario_sets/{scenario_set_uuid},genai_delete_scenario_set
r2397,21,digitalocean,GET,/v2/gen-ai/scenario_sets/{scenario_set_uuid}/download_url,genai_get_scenario_set_download_url
r2398,19,digitalocean,POST,/v2/gen-ai/scenario_sets/{scenario_set_uuid}/duplicate,genai_create_duplicate_scenario_set
r2399,2,digitalocean,GET,/v2/gen-ai/scenario_sets/{scenario_set_uuid}/scenarios,genai_list_scenarios
r2400,7,digitalocean,POST,/v2/gen-ai/scheduled-indexing,genai_create_scheduled_indexing
r2401,2,digitalocean,GET,/v2/gen-ai/scheduled-indexing/knowledge-base/{knowledge_base_uuid},genai_get_scheduled_indexing
r2402,17,digitalocean,DELETE,/v2/gen-ai/scheduled-indexing/{uuid},genai_delete_scheduled_indexing
r2403,13,digitalocean,GET,/v2/gen-ai/simulation_runs,genai_list_simulation_runs
r2404,18,digitalocean,POST,/v2/gen-ai/simulation_runs,genai_create_simulation_run
r2405,6,digitalocean,GET,/v2/gen-ai/simulation_runs/{run_uuid},genai_get_simulation_run
r2406,7,digitalocean,PUT,/v2/gen-ai/simulation_runs/{run_uuid},genai_update_simulation_run
r2407,10,digitalocean,DELETE,/v2/gen-ai/simulation_runs/{run_uuid},genai_delete_simulation_run
r2408,4,digitalocean,PATCH,/v2/gen-ai/simulation_runs/{run_uuid}/cancel,genai_patch_cancel_simulation_run
r2409,14,digitalocean,GET,/v2/gen-ai/simulation_runs/{run_uuid}/journeys,genai_list_simulation_journeys
r2410,19,digitalocean,GET,/v2/gen-ai/simulation_runs/{run_uuid}/journeys/{journey_uuid},genai_get_simulation_journey
r2411,7,digitalocean,GET,/v2/gen-ai/simulation_runs/{run_uuid}/journeys/{journey_uuid}/trajectory,genai_get_simulation_journey_trajectory
r2412,4,digitalocean,GET,/v2/gen-ai/simulation_runs/{run_uuid}/journeys/{journey_uuid}/trajectory_url,genai_get_simulation_journey_trajectory_url
r2413,15,digitalocean,GET,/v2/gen-ai/workspaces,genai_list_workspaces
r2414,6,digitalocean,POST,/v2/gen-ai/workspaces,genai_create_workspace
r2415,18,digitalocean,GET,/v2/gen-ai/workspaces/{workspace_uuid},genai_get_workspace
r2416,18,digitalocean,PUT,/v2/gen-ai/workspaces/{workspace_uuid},genai_update_workspace
r2417,13,digitalocean,DELETE,/v2/gen-ai/workspaces/{workspace_uuid},genai_delete_workspace
r2418,20,digitalocean,GET,/v2/gen-ai/workspaces/{workspace_uuid}/agents,genai_list_agents_by_workspace
r2419,4,digitalocean,PUT,/v2/gen-ai/workspaces/{workspace_uuid}/agents,genai_update_agents_workspace
r2420,15,digitalocean,GET,/v2/gen-ai/workspaces/{workspace_uuid}/evaluation_test_cases,genai_list_evaluation_test_cases_by_workspace
r2421,21,digitalocean,POST,/v1/chat/completions,inference_create_chat_completion
r2422,9,digitalocean,POST,/v1/messages,inference_create_messages
r2423,4,digitalocean,POST,/v1/embeddings,inference_create_embedding
r2424,18,digitalocean,POST,/api/v1/chat/completions,agentInference_create_chat_completion
r2425,3,digitalocean,POST,/v1/images/generations,inference_create_image
r2426,5,digitalocean,GET,/v1/models,inference_list_models
r2427,16,digitalocean,POST,/v1/responses,inference_create_response
r2428,11,digitalocean,POST,/v1/async-invoke,inference_create_async_invoke
r2429,15,digitalocean,POST,/v1/batches/files,inference_create_batch_file
r2430,9,digitalocean,PUT,/<upload_url>,inference_upload_batch_file
r2431,4,digitalocean,GET,/v1/batches,inference_list_batches
r2432,1,digitalocean,POST,/v1/batches,inference_create_batch
r2433,8,digitalocean,GET,/v1/batches/{batch_id},inference_get_batch
r2434,14,digitalocean,GET,/v1/batches/{batch_id}/results,inference_get_batch_results
r2435,19,digitalocean,POST,/v1/batches/{batch_id}/cancel,inference_cancel_batch
r2436,1,jira,GET,/rest/api/2/announcementBanner,getBanner
r2437,9,jira,PUT,/rest/api/2/announcementBanner,setBanner
r2438,4,jira,POST,/rest/api/2/app/field/context/configuration/list,getCustomFieldsConfigurations
r2439,1,jira,POST,/rest/api/2/app/field/value,updateMultipleCustomFieldValues
r2440,15,jira,GET,/rest/api/2/app/field/{fieldIdOrKey}/context/configuration,getCustomFieldConfiguration
r2441,3,jira,PUT,/rest/api/2/app/field/{fieldIdOrKey}/context/configuration,updateCustomFieldConfiguration
r2442,3,jira,PUT,/rest/api/2/app/field/{fieldIdOrKey}/value,updateCustomFieldValue
r2443,2,jira,GET,/rest/api/2/application-properties,getApplicationProperty
r2444,19,jira,GET,/rest/api/2/application-properties/advanced-settings,getAdvancedSettings
r2445,13,jira,PUT,/rest/api/2/application-properties/{id},setApplicationProperty
r2446,18,jira,GET,/rest/api/2/applicationrole,getAllApplicationRoles
r2447,11,jira,GET,/rest/api/2/applicationrole/{key},getApplicationRole
r2448,2,jira,GET,/rest/api/2/attachment/content/{id},getAttachmentContent
r2449,16,jira,GET,/rest/api/2/attachment/meta,getAttachmentMeta
r2450,9,jira,GET,/rest/api/2/attachment/thumbnail/{id},getAttachmentThumbnail
r2451,4,jira,GET,/rest/api/2/attachment/{id},getAttachment
r2452,6,jira,DELETE,/rest/api/2/attachment/{id},removeAttachment
r2453,1,jira,GET,/rest/api/2/attachment/{id}/expand/human,expandAttachmentForHumans
r2454,1,jira,GET,/rest/api/2/attachment/{id}/expand/raw,expandAttachmentForMachines
r2455,9,jira,GET,/rest/api/2/auditing/record,getAuditRecords
r2456,13,jira,GET,/rest/api/2/avatar/{type}/system,getAllSystemAvatars
r2457,10,jira,POST,/rest/api/2/changelog/bulkfetch,getBulkChangelogs
r2458,9,jira,GET,/rest/api/2/classification-levels,getAllUserDataClassificationLevels
r2459,20,jira,POST,/rest/api/2/comment/list,getCommentsByIds
r2460,11,jira,GET,/rest/api/2/comment/{commentId}/properties,getCommentPropertyKeys
r2461,16,jira,GET,/rest/api/2/comment/{commentId}/properties/{propertyKey},getCommentProperty
r2462,18,jira,PUT,/rest/api/2/comment/{commentId}/properties/{propertyKey},setCommentProperty
r2463,12,jira,DELETE,/rest/api/2/comment/{commentId}/properties/{propertyKey},deleteCommentProperty
r2464,5,jira,GET,/rest/api/2/component,findComponentsForProjects
r2465,13,jira,POST,/rest/api/2/component,createComponent
r2466,1,jira,GET,/rest/api/2/component/{id},getComponent
r2467,20,jira,PUT,/rest/api/2/component/{id},updateComponent
r2468,12,jira,DELETE,/rest/api/2/component/{id},deleteComponent
r2469,1,jira,GET,/rest/api/2/component/{id}/relatedIssueCounts,getComponentRelatedIssues
r2470,4,jira,GET,/rest/api/2/config/fieldschemes,getFieldAssociationSchemes
r2471,3,jira,POST,/rest/api/2/config/fieldschemes,createFieldAssociationScheme
r2472,16,jira,PUT,/rest/api/2/config/fieldschemes/fields,updateFieldsAssociatedWithSchemes
r2473,5,jira,DELETE,/rest/api/2/config/fieldschemes/fields,removeFieldsAssociatedWithSchemes
r2474,8,jira,PUT,/rest/api/2/config/fieldschemes/fields/parameters,updateFieldAssociationSchemeItemParameters
r2475,1,jira,DELETE,/rest/api/2/config/fieldschemes/fields/parameters,removeFieldAssociationSchemeItemParameters
r2476,15,jira,GET,/rest/api/2/config/fieldschemes/projects,getProjectsWithFieldSchemes
r2477,21,jira,PUT,/rest/api/2/config/fieldschemes/projects,associateProjectsToFieldAssociationSchemes
r2478,14,jira,GET,/rest/api/2/config/fieldschemes/{id},getFieldAssociationSchemeById
r2479,8,jira,PUT,/rest/api/2/config/fieldschemes/{id},updateFieldAssociationScheme
r2480,11,jira,DELETE,/rest/api/2/config/fieldschemes/{id},deleteFieldAssociationScheme
r2481,1,jira,POST,/rest/api/2/config/fieldschemes/{id}/clone,cloneFieldAssociationScheme
r2482,18,jira,GET,/rest/api/2/config/fieldschemes/{id}/fields,searchFieldAssociationSchemeFields
r2483,13,jira,GET,/rest/api/2/config/fieldschemes/{id}/fields/{fieldId}/parameters,getFieldAssociationSchemeItemParameters
r2484,14,jira,GET,/rest/api/2/config/fieldschemes/{id}/projects,searchFieldAssociationSchemeProjects
r2485,19,jira,GET,/rest/api/2/configuration,getConfiguration
r2486,16,jira,GET,/rest/api/2/configuration/timetracking,getSelectedTimeTrackingImplementation
r2487,18,jira,PUT,/rest/api/2/configuration/timetracking,selectTimeTrackingImplementation
r2488,16,jira,GET,/rest/api/2/configuration/timetracking/list,getAvailableTimeTrackingImplementations
r2489,14,jira,GET,/rest/api/2/configuration/timetracking/options,getSharedTimeTrackingConfiguration
r2490,9,jira,PUT,/rest/api/2/configuration/timetracking/options,setSharedTimeTrackingConfiguration
r2491,3,jira,GET,/rest/api/2/customFieldOption/{id},getCustomFieldOption
r2492,7,jira,GET,/rest/api/2/dashboard,getAllDashboards
r2493,19,jira,POST,/rest/api/2/dashboard,createDashboard
r2494,18,jira,PUT,/rest/api/2/dashboard/bulk/edit,bulkEditDashboards
r2495,6,jira,GET,/rest/api/2/dashboard/gadgets,getAllAvailableDashboardGadgets
r2496,13,jira,GET,/rest/api/2/dashboard/search,getDashboardsPaginated
r2497,16,jira,GET,/rest/api/2/dashboard/{dashboardId}/gadget,getAllGadgets
r2498,12,jira,POST,/rest/api/2/dashboard/{dashboardId}/gadget,addGadget
r2499,12,jira,PUT,/rest/api/2/dashboard/{dashboardId}/gadget/{gadgetId},updateGadget
r2500,16,jira,DELETE,/rest/api/2/dashboard/{dashboardId}/gadget/{gadgetId},removeGadget
r2501,21,jira,GET,/rest/api/2/dashboard/{dashboardId}/items/{itemId}/properties,getDashboardItemPropertyKeys
r2502,14,jira,GET,/rest/api/2/dashboard/{dashboardId}/items/{itemId}/properties/{propertyKey},getDashboardItemProperty
r2503,17,jira,PUT,/rest/api/2/dashboard/{dashboardId}/items/{itemId}/properties/{propertyKey},setDashboardItemProperty
r2504,18,jira,DELETE,/rest/api/2/dashboard/{dashboardId}/items/{itemId}/properties/{propertyKey},deleteDashboardItemProperty
r2505,21,jira,GET,/rest/api/2/dashboard/{id},getDashboard
r2506,6,jira,PUT,/rest/api/2/dashboard/{id},updateDashboard
r2507,21,jira,DELETE,/rest/api/2/dashboard/{id},deleteDashboard
r2508,1,jira,POST,/rest/api/2/dashboard/{id}/copy,copyDashboard
r2509,5,jira,GET,/rest/api/2/data-policy,getPolicy
r2510,16,jira,GET,/rest/api/2/data-policy/project,getPolicies
r2511,13,jira,GET,/rest/api/2/events,getEvents
r2512,7,jira,POST,/rest/api/2/expression/analyse,analyseExpression
r2513,21,jira,POST,/rest/api/2/expression/eval,evaluateJiraExpression
r2514,18,jira,POST,/rest/api/2/expression/evaluate,evaluateJSISJiraExpression
r2515,14,jira,GET,/rest/api/2/field,getFields
r2516,9,jira,POST,/rest/api/2/field,createCustomField
r2517,4,jira,PUT,/rest/api/2/field/association,createAssociations
r2518,5,jira,DELETE,/rest/api/2/field/association,removeAssociations
r2519,13,jira,GET,/rest/api/2/field/search,getFieldsPaginated
r2520,13,jira,GET,/rest/api/2/field/search/trashed,getTrashedFieldsPaginated
r2521,5,jira,PUT,/rest/api/2/field/{fieldId},updateCustomField
r2522,9,jira,GET,/rest/api/2/field/{fieldId}/association/project,getFieldProjectAssociations
r2523,19,jira,GET,/rest/api/2/field/{fieldId}/context,getContextsForField
r2524,4,jira,POST,/rest/api/2/field/{fieldId}/context,createCustomFieldContext
r2525,19,jira,GET,/rest/api/2/field/{fieldId}/context/defaultValue,getDefaultValues
r2526,19,jira,PUT,/rest/api/2/field/{fieldId}/context/defaultValue,setDefaultValues
r2527,9,jira,GET,/rest/api/2/field/{fieldId}/context/defaultValues,getContextDefaultValues
r2528,8,jira,GET,/rest/api/2/field/{fieldId}/context/issuetypemapping,getIssueTypeMappingsForContexts
r2529,21,jira,POST,/rest/api/2/field/{fieldId}/context/mapping,getCustomFieldContextsForProjectsAndIssueTypes
r2530,11,jira,GET,/rest/api/2/field/{fieldId}/context/projectmapping,getProjectContextMapping
r2531,17,jira,PUT,/rest/api/2/field/{fieldId}/context/{contextId},updateCustomFieldContext
r2532,5,jira,DELETE,/rest/api/2/field/{fieldId}/context/{contextId},deleteCustomFieldContext
r2533,1,jira,PUT,/rest/api/2/field/{fieldId}/context/{contextId}/issuetype,addIssueTypesToContext
r2534,20,jira,POST,/rest/api/2/field/{fieldId}/context/{contextId}/issuetype/remove,removeIssueTypesFromContext
r2535,8,jira,GET,/rest/api/2/field/{fieldId}/context/{contextId}/option,getOptionsForContext
r2536,4,jira,PUT,/rest/api/2/field/{fieldId}/context/{contextId}/option,updateCustomFieldOption
r2537,13,jira,POST,/rest/api/2/field/{fieldId}/context/{contextId}/option,createCustomFieldOption
r2538,11,jira,PUT,/rest/api/2/field/{fieldId}/context/{contextId}/option/move,reorderCustomFieldOptions
r2539,1,jira,DELETE,/rest/api/2/field/{fieldId}/context/{contextId}/option/{optionId},deleteCustomFieldOption
r2540,19,jira,DELETE,/rest/api/2/field/{fieldId}/context/{contextId}/option/{optionId}/issue,replaceCustomFieldOption
r2541,12,jira,PUT,/rest/api/2/field/{fieldId}/context/{contextId}/project,assignProjectsToCustomFieldContext
r2542,1,jira,POST,/rest/api/2/field/{fieldId}/context/{contextId}/project/remove,removeCustomFieldContextFromProjects
r2543,20,jira,GET,/rest/api/2/field/{fieldId}/contexts,getContextsForFieldDeprecated
r2544,9,jira,GET,/rest/api/2/field/{fieldId}/screens,getScreensForField
r2545,18,jira,GET,/rest/api/2/field/{fieldKey}/option,getAllIssueFieldOptions
r2546,21,jira,POST,/rest/api/2/field/{fieldKey}/option,createIssueFieldOption
r2547,8,jira,GET,/rest/api/2/field/{fieldKey}/option/suggestions/edit,getSelectableIssueFieldOptions
r2548,21,jira,GET,/rest/api/2/field/{fieldKey}/option/suggestions/search,getVisibleIssueFieldOptions
r2549,1,jira,GET,/rest/api/2/field/{fieldKey}/option/{optionId},getIssueFieldOption
r2550,11,jira,PUT,/rest/api/2/field/{fieldKey}/option/{optionId},updateIssueFieldOption
r2551,8,jira,DELETE,/rest/api/2/field/{fieldKey}/option/{optionId},deleteIssueFieldOption
r2552,9,jira,DELETE,/rest/api/2/field/{fieldKey}/option/{optionId}/issue,replaceIssueFieldOption
r2553,2,jira,DELETE,/rest/api/2/field/{id},deleteCustomField
r2554,21,jira,POST,/rest/api/2/field/{id}/restore,restoreCustomField
r2555,3,jira,POST,/rest/api/2/field/{id}/trash,trashCustomField
r2556,20,jira,GET,/rest/api/2/fieldconfiguration,getAllFieldConfigurations
r2557,7,jira,POST,/rest/api/2/fieldconfiguration,createFieldConfiguration
r2558,18,jira,PUT,/rest/api/2/fieldconfiguration/{id},updateFieldConfiguration
r2559,10,jira,DELETE,/rest/api/2/fieldconfiguration/{id},deleteFieldConfiguration
r2560,16,jira,GET,/rest/api/2/fieldconfiguration/{id}/fields,getFieldConfigurationItems
r2561,19,jira,PUT,/rest/api/2/fieldconfiguration/{id}/fields,updateFieldConfigurationItems
r2562,13,jira,GET,/rest/api/2/fieldconfigurationscheme,getAllFieldConfigurationSchemes
r2563,6,jira,POST,/rest/api/2/fieldconfigurationscheme,createFieldConfigurationScheme
r2564,10,jira,GET,/rest/api/2/fieldconfigurationscheme/mapping,getFieldConfigurationSchemeMappings
r2565,5,jira,GET,/rest/api/2/fieldconfigurationscheme/project,getFieldConfigurationSchemeProjectMapping
r2566,17,jira,PUT,/rest/api/2/fieldconfigurationscheme/project,assignFieldConfigurationSchemeToProject
r2567,15,jira,PUT,/rest/api/2/fieldconfigurationscheme/{id},updateFieldConfigurationScheme
r2568,3,jira,DELETE,/rest/api/2/fieldconfigurationscheme/{id},deleteFieldConfigurationScheme
r2569,17,jira,PUT,/rest/api/2/fieldconfigurationscheme/{id}/mapping,setFieldConfigurationSchemeMapping
r2570,10,jira,POST,/rest/api/2/fieldconfigurationscheme/{id}/mapping/delete,removeIssueTypesFromGlobalFieldConfigurationScheme
r2571,10,jira,POST,/rest/api/2/filter,createFilter
r2572,20,jira,GET,/rest/api/2/filter/defaultShareScope,getDefaultShareScope
r2573,12,jira,PUT,/rest/api/2/filter/defaultShareScope,setDefaultShareScope
r2574,11,jira,GET,/rest/api/2/filter/favourite,getFavouriteFilters
r2575,3,jira,GET,/rest/api/2/filter/my,getMyFilters
r2576,12,jira,GET,/rest/api/2/filter/search,getFiltersPaginated
r2577,13,jira,GET,/rest/api/2/filter/{id},getFilter
r2578,19,jira,PUT,/rest/api/2/filter/{id},updateFilter
r2579,9,jira,DELETE,/rest/api/2/filter/{id},deleteFilter
r2580,4,jira,GET,/rest/api/2/filter/{id}/columns,getColumns
r2581,16,jira,PUT,/rest/api/2/filter/{id}/columns,setColumns
r2582,8,jira,DELETE,/rest/api/2/filter/{id}/columns,resetColumns
r2583,5,jira,PUT,/rest/api/2/filter/{id}/favourite,setFavouriteForFilter
r2584,12,jira,DELETE,/rest/api/2/filter/{id}/favourite,deleteFavouriteForFilter
r2585,21,jira,PUT,/rest/api/2/filter/{id}/owner,changeFilterOwner
r2586,14,jira,GET,/rest/api/2/filter/{id}/permission,getSharePermissions
r2587,10,jira,POST,/rest/api/2/filter/{id}/permission,addSharePermission
r2588,3,jira,GET,/rest/api/2/filter/{id}/permission/{permissionId},getSharePermission
r2589,10,jira,DELETE,/rest/api/2/filter/{id}/permission/{permissionId},deleteSharePermission
r2590,6,jira,POST,/rest/api/2/forge/panel/action/bulk/async,bulkPinUnpinProjectsAsync
r2591,19,jira,POST,/rest/api/2/forge/panel/action/bulk/status,getBulkPinStatus
r2592,21,jira,GET,/rest/api/2/group,getGroup
r2593,9,jira,POST,/rest/api/2/group,createGroup
r2594,18,jira,DELETE,/rest/api/2/group,removeGroup
r2595,9,jira,GET,/rest/api/2/group/bulk,bulkGetGroups
r2596,18,jira,GET,/rest/api/2/group/member,getUsersFromGroup
r2597,3,jira,POST,/rest/api/2/group/user,addUserToGroup
r2598,15,jira,DELETE,/rest/api/2/group/user,removeUserFromGroup
r2599,1,jira,GET,/rest/api/2/groups/picker,findGroups
r2600,15,jira,GET,/rest/api/2/groupuserpicker,findUsersAndGroups
r2601,4,jira,GET,/rest/api/2/instance/license,getLicense
r2602,3,jira,POST,/rest/api/2/issue,createIssue
r2603,8,jira,PUT,/rest/api/2/issue/archive,archiveIssues
r2604,17,jira,POST,/rest/api/2/issue/archive,archiveIssuesAsync
r2605,11,jira,POST,/rest/api/2/issue/bulk,createIssues
r2606,13,jira,POST,/rest/api/2/issue/bulkfetch,bulkFetchIssues
r2607,19,jira,GET,/rest/api/2/issue/createmeta,getCreateIssueMeta
r2608,19,jira,GET,/rest/api/2/issue/createmeta/{projectIdOrKey}/issuetypes,getCreateIssueMetaIssueTypes
r2609,10,jira,GET,/rest/api/2/issue/createmeta/{projectIdOrKey}/issuetypes/{issueTypeId},getCreateIssueMetaIssueTypeId
r2610,12,jira,GET,/rest/api/2/issue/limit/adf/report,getIssueAdfLimitReport
r2611,2,jira,GET,/rest/api/2/issue/limit/report,getIssueLimitReport
r2612,20,jira,GET,/rest/api/2/issue/picker,getIssuePickerResource
r2613,3,jira,POST,/rest/api/2/issue/properties,bulkSetIssuesPropertiesList
r2614,15,jira,POST,/rest/api/2/issue/properties/multi,bulkSetIssuePropertiesByIssue
r2615,17,jira,PUT,/rest/api/2/issue/properties/{propertyKey},bulkSetIssueProperty
r2616,8,jira,DELETE,/rest/api/2/issue/properties/{propertyKey},bulkDeleteIssueProperty
r2617,4,jira,PUT,/rest/api/2/issue/unarchive,unarchiveIssues
r2618,9,jira,POST,/rest/api/2/issue/watching,getIsWatchingIssueBulk
r2619,5,jira,GET,/rest/api/2/issue/{issueIdOrKey},getIssue
r2620,10,jira,PUT,/rest/api/2/issue/{issueIdOrKey},editIssue
r2621,14,jira,DELETE,/rest/api/2/issue/{issueIdOrKey},deleteIssue
r2622,20,jira,PUT,/rest/api/2/issue/{issueIdOrKey}/assignee,assignIssue
r2623,9,jira,POST,/rest/api/2/issue/{issueIdOrKey}/attachments,addAttachment
r2624,19,jira,GET,/rest/api/2/issue/{issueIdOrKey}/changelog,getChangeLogs
r2625,11,jira,POST,/rest/api/2/issue/{issueIdOrKey}/changelog/list,getChangeLogsByIds
r2626,17,jira,GET,/rest/api/2/issue/{issueIdOrKey}/comment,getComments
r2627,13,jira,POST,/rest/api/2/issue/{issueIdOrKey}/comment,addComment
r2628,3,jira,GET,/rest/api/2/issue/{issueIdOrKey}/comment/{id},getComment
r2629,1,jira,PUT,/rest/api/2/issue/{issueIdOrKey}/comment/{id},updateComment
r2630,21,jira,DELETE,/rest/api/2/issue/{issueIdOrKey}/comment/{id},deleteComment
r2631,6,jira,GET,/rest/api/2/issue/{issueIdOrKey}/editmeta,getEditIssueMeta
r2632,4,jira,POST,/rest/api/2/issue/{issueIdOrKey}/notify,notify
r2633,3,jira,GET,/rest/api/2/issue/{issueIdOrKey}/properties,getIssuePropertyKeys
r2634,7,jira,GET,/rest/api/2/issue/{issueIdOrKey}/properties/{propertyKey},getIssueProperty
r2635,9,jira,PUT,/rest/api/2/issue/{issueIdOrKey}/properties/{propertyKey},setIssueProperty
r2636,1,jira,DELETE,/rest/api/2/issue/{issueIdOrKey}/properties/{propertyKey},deleteIssueProperty
r2637,14,jira,GET,/rest/api/2/issue/{issueIdOrKey}/remotelink,getRemoteIssueLinks
r2638,11,jira,POST,/rest/api/2/issue/{issueIdOrKey}/remotelink,createOrUpdateRemoteIssueLink
r2639,13,jira,DELETE,/rest/api/2/issue/{issueIdOrKey}/remotelink,deleteRemoteIssueLinkByGlobalId
r2640,15,jira,GET,/rest/api/2/issue/{issueIdOrKey}/remotelink/{linkId},getRemoteIssueLinkById
r2641,15,jira,PUT,/rest/api/2/issue/{issueIdOrKey}/remotelink/{linkId},updateRemoteIssueLink
r2642,3,jira,DELETE,/rest/api/2/issue/{issueIdOrKey}/remotelink/{linkId},deleteRemoteIssueLinkById
r2643,13,jira,GET,/rest/api/2/issue/{issueIdOrKey}/transitions,getTransitions
r2644,8,jira,POST,/rest/api/2/issue/{issueIdOrKey}/transitions,doTransition
r2645,17,jira,GET,/rest/api/2/issue/{issueIdOrKey}/votes,getVotes
r2646,15,jira,POST,/rest/api/2/issue/{issueIdOrKey}/votes,addVote
r2647,15,jira,DELETE,/rest/api/2/issue/{issueIdOrKey}/votes,removeVote
r2648,7,jira,GET,/rest/api/2/issue/{issueIdOrKey}/watchers,getIssueWatchers
r2649,4,jira,POST,/rest/api/2/issue/{issueIdOrKey}/watchers,addWatcher
r2650,8,jira,DELETE,/rest/api/2/issue/{issueIdOrKey}/watchers,removeWatcher
r2651,15,jira,GET,/rest/api/2/issue/{issueIdOrKey}/worklog,getIssueWorklog
r2652,7,jira,POST,/rest/api/2/issue/{issueIdOrKey}/worklog,addWorklog
r2653,17,jira,DELETE,/rest/api/2/issue/{issueIdOrKey}/worklog,bulkDeleteWorklogs
r2654,1,jira,POST,/rest/api/2/issue/{issueIdOrKey}/worklog/move,bulkMoveWorklogs
r2655,9,jira,GET,/rest/api/2/issue/{issueIdOrKey}/worklog/{id},getWorklog
r2656,9,jira,PUT,/rest/api/2/issue/{issueIdOrKey}/worklog/{id},updateWorklog
r2657,16,jira,DELETE,/rest/api/2/issue/{issueIdOrKey}/worklog/{id},deleteWorklog
r2658,4,jira,GET,/rest/api/2/issue/{issueIdOrKey}/worklog/{worklogId}/properties,getWorklogPropertyKeys
r2659,11,jira,GET,/rest/api/2/issue/{issueIdOrKey}/worklog/{worklogId}/properties/{propertyKey},getWorklogProperty
r2660,20,jira,PUT,/rest/api/2/issue/{issueIdOrKey}/worklog/{worklogId}/properties/{propertyKey},setWorklogProperty
r2661,4,jira,DELETE,/rest/api/2/issue/{issueIdOrKey}/worklog/{worklogId}/properties/{propertyKey},deleteWorklogProperty
r2662,6,jira,POST,/rest/api/2/issueLink,linkIssues
r2663,14,jira,GET,/rest/api/2/issueLink/{linkId},getIssueLink
r2664,3,jira,DELETE,/rest/api/2/issueLink/{linkId},deleteIssueLink
r2665,17,jira,GET,/rest/api/2/issueLinkType,getIssueLinkTypes
r2666,10,jira,POST,/rest/api/2/issueLinkType,createIssueLinkType
r2667,9,jira,GET,/rest/api/2/issueLinkType/{issueLinkTypeId},getIssueLinkType
r2668,19,jira,PUT,/rest/api/2/issueLinkType/{issueLinkTypeId},updateIssueLinkType
r2669,10,jira,DELETE,/rest/api/2/issueLinkType/{issueLinkTypeId},deleteIssueLinkType
r2670,16,jira,PUT,/rest/api/2/issues/archive/export,exportArchivedIssues
r2671,9,jira,GET,/rest/api/2/issuesecurityschemes,getIssueSecuritySchemes
r2672,4,jira,POST,/rest/api/2/issuesecurityschemes,createIssueSecurityScheme
r2673,9,jira,GET,/rest/api/2/issuesecurityschemes/level,getSecurityLevels
r2674,20,jira,PUT,/rest/api/2/issuesecurityschemes/level/default,setDefaultLevels
r2675,5,jira,GET,/rest/api/2/issuesecurityschemes/level/member,getSecurityLevelMembers
r2676,2,jira,GET,/rest/api/2/issuesecurityschemes/project,searchProjectsUsingSecuritySchemes
r2677,21,jira,PUT,/rest/api/2/issuesecurityschemes/project,associateSchemesToProjects
r2678,18,jira,GET,/rest/api/2/issuesecurityschemes/search,searchSecuritySchemes
r2679,3,jira,GET,/rest/api/2/issuesecurityschemes/{id},getIssueSecurityScheme
r2680,17,jira,PUT,/rest/api/2/issuesecurityschemes/{id},updateIssueSecurityScheme
r2681,7,jira,GET,/rest/api/2/issuesecurityschemes/{issueSecuritySchemeId}/members,getIssueSecurityLevelMembers
r2682,5,jira,DELETE,/rest/api/2/issuesecurityschemes/{schemeId},deleteSecurityScheme
r2683,1,jira,PUT,/rest/api/2/issuesecurityschemes/{schemeId}/level,addSecurityLevel
r2684,7,jira,PUT,/rest/api/2/issuesecurityschemes/{schemeId}/level/{levelId},updateSecurityLevel
r2685,9,jira,DELETE,/rest/api/2/issuesecurityschemes/{schemeId}/level/{levelId},removeLevel
r2686,9,jira,PUT,/rest/api/2/issuesecurityschemes/{schemeId}/level/{levelId}/member,addSecurityLevelMembers
r2687,12,jira,DELETE,/rest/api/2/issuesecurityschemes/{schemeId}/level/{levelId}/member/{memberId},removeMemberFromSecurityLevel
r2688,13,jira,GET,/rest/api/2/issuetype,getIssueAllTypes
r2689,17,jira,POST,/rest/api/2/issuetype,createIssueType
r2690,15,jira,GET,/rest/api/2/issuetype/project,getIssueTypesForProject
r2691,14,jira,GET,/rest/api/2/issuetype/{id},getIssueType
r2692,6,jira,PUT,/rest/api/2/issuetype/{id},updateIssueType
r2693,1,jira,DELETE,/rest/api/2/issuetype/{id},deleteIssueType
r2694,10,jira,GET,/rest/api/2/issuetype/{id}/alternatives,getAlternativeIssueTypes
r2695,19,jira,POST,/rest/api/2/issuetype/{id}/avatar2,createIssueTypeAvatar
r2696,10,jira,GET,/rest/api/2/issuetype/{issueTypeId}/properties,getIssueTypePropertyKeys
r2697,1,jira,GET,/rest/api/2/issuetype/{issueTypeId}/properties/{propertyKey},getIssueTypeProperty
r2698,12,jira,PUT,/rest/api/2/issuetype/{issueTypeId}/properties/{propertyKey},setIssueTypeProperty
r2699,13,jira,DELETE,/rest/api/2/issuetype/{issueTypeId}/properties/{propertyKey},deleteIssueTypeProperty
r2700,16,jira,GET,/rest/api/2/issuetypescheme,getAllIssueTypeSchemes
r2701,14,jira,POST,/rest/api/2/issuetypescheme,createIssueTypeScheme
r2702,20,jira,GET,/rest/api/2/issuetypescheme/mapping,getIssueTypeSchemesMapping
r2703,12,jira,GET,/rest/api/2/issuetypescheme/project,getIssueTypeSchemeForProjects
r2704,6,jira,PUT,/rest/api/2/issuetypescheme/project,assignIssueTypeSchemeToProject
r2705,17,jira,PUT,/rest/api/2/issuetypescheme/{issueTypeSchemeId},updateIssueTypeScheme
r2706,17,jira,DELETE,/rest/api/2/issuetypescheme/{issueTypeSchemeId},deleteIssueTypeScheme
r2707,14,jira,PUT,/rest/api/2/issuetypescheme/{issueTypeSchemeId}/issuetype,addIssueTypesToIssueTypeScheme
r2708,8,jira,PUT,/rest/api/2/issuetypescheme/{issueTypeSchemeId}/issuetype/move,reorderIssueTypesInIssueTypeScheme
r2709,1,jira,DELETE,/rest/api/2/issuetypescheme/{issueTypeSchemeId}/issuetype/{issueTypeId},removeIssueTypeFromIssueTypeScheme
r2710,11,jira,GET,/rest/api/2/issuetypescreenscheme,getIssueTypeScreenSchemes
r2711,1,jira,POST,/rest/api/2/issuetypescreenscheme,createIssueTypeScreenScheme
r2712,17,jira,GET,/rest/api/2/issuetypescreenscheme/mapping,getIssueTypeScreenSchemeMappings
r2713,19,jira,GET,/rest/api/2/issuetypescreenscheme/project,getIssueTypeScreenSchemeProjectAssociations
r2714,20,jira,PUT,/rest/api/2/issuetypescreenscheme/project,assignIssueTypeScreenSchemeToProject
r2715,17,jira,PUT,/rest/api/2/issuetypescreenscheme/{issueTypeScreenSchemeId},updateIssueTypeScreenScheme
r2716,15,jira,DELETE,/rest/api/2/issuetypescreenscheme/{issueTypeScreenSchemeId},deleteIssueTypeScreenScheme
r2717,13,jira,PUT,/rest/api/2/issuetypescreenscheme/{issueTypeScreenSchemeId}/mapping,appendMappingsForIssueTypeScreenScheme
r2718,5,jira,PUT,/rest/api/2/issuetypescreenscheme/{issueTypeScreenSchemeId}/mapping/default,updateDefaultScreenScheme
r2719,21,jira,POST,/rest/api/2/issuetypescreenscheme/{issueTypeScreenSchemeId}/mapping/remove,removeMappingsFromIssueTypeScreenScheme
r2720,1,jira,GET,/rest/api/2/issuetypescreenscheme/{issueTypeScreenSchemeId}/project,getProjectsForIssueTypeScreenScheme
r2721,4,jira,GET,/rest/api/2/jql/autocompletedata,getAutoComplete
r2722,12,jira,POST,/rest/api/2/jql/autocompletedata,getAutoCompletePost
r2723,13,jira,GET,/rest/api/2/jql/autocompletedata/suggestions,getFieldAutoCompleteForQueryString
r2724,1,jira,GET,/rest/api/2/jql/function/computation,getPrecomputations
r2725,16,jira,POST,/rest/api/2/jql/function/computation,updatePrecomputations
r2726,17,jira,POST,/rest/api/2/jql/function/computation/search,getPrecomputationsByID
r2727,18,jira,POST,/rest/api/2/jql/match,matchIssues
r2728,18,jira,POST,/rest/api/2/jql/parse,parseJqlQueries
r2729,9,jira,POST,/rest/api/2/jql/pdcleaner,migrateQueries
r2730,8,jira,POST,/rest/api/2/jql/sanitize,sanitiseJqlQueries
r2731,6,jira,GET,/rest/api/2/label,getAllLabels
r2732,1,jira,GET,/rest/api/2/license/approximateLicenseCount,getApproximateLicenseCount
r2733,5,jira,GET,/rest/api/2/license/approximateLicenseCount/product/{applicationKey},getApproximateApplicationLicenseCount
r2734,13,jira,GET,/rest/api/2/mypermissions,getMyPermissions
r2735,12,jira,GET,/rest/api/2/mypreferences,getPreference
r2736,20,jira,PUT,/rest/api/2/mypreferences,setPreference
r2737,17,jira,DELETE,/rest/api/2/mypreferences,removePreference
r2738,20,jira,GET,/rest/api/2/mypreferences/locale,getLocale
r2739,3,jira,PUT,/rest/api/2/mypreferences/locale,setLocale
r2740,12,jira,GET,/rest/api/2/myself,getCurrentUser
r2741,9,jira,GET,/rest/api/2/notificationscheme,getNotificationSchemes
r2742,11,jira,POST,/rest/api/2/notificationscheme,createNotificationScheme
r2743,15,jira,GET,/rest/api/2/notificationscheme/project,getNotificationSchemeToProjectMappings
r2744,11,jira,GET,/rest/api/2/notificationscheme/{id},getNotificationScheme
r2745,15,jira,PUT,/rest/api/2/notificationscheme/{id},updateNotificationScheme
r2746,2,jira,PUT,/rest/api/2/notificationscheme/{id}/notification,addNotifications
r2747,3,jira,DELETE,/rest/api/2/notificationscheme/{notificationSchemeId},deleteNotificationScheme
r2748,13,jira,DELETE,/rest/api/2/notificationscheme/{notificationSchemeId}/notification/{notificationId},removeNotificationFromNotificationScheme
r2749,9,jira,GET,/rest/api/2/permissions,getAllPermissions
r2750,5,jira,POST,/rest/api/2/permissions/check,getBulkPermissions
r2751,6,jira,POST,/rest/api/2/permissions/project,getPermittedProjects
r2752,12,jira,GET,/rest/api/2/permissionscheme,getAllPermissionSchemes
r2753,14,jira,POST,/rest/api/2/permissionscheme,createPermissionScheme
r2754,21,jira,GET,/rest/api/2/permissionscheme/{schemeId},getPermissionScheme
r2755,11,jira,PUT,/rest/api/2/permissionscheme/{schemeId},updatePermissionScheme
r2756,7,jira,DELETE,/rest/api/2/permissionscheme/{schemeId},deletePermissionScheme
r2757,20,jira,GET,/rest/api/2/permissionscheme/{schemeId}/permission,getPermissionSchemeGrants
r2758,17,jira,POST,/rest/api/2/permissionscheme/{schemeId}/permission,createPermissionGrant
r2759,14,jira,GET,/rest/api/2/permissionscheme/{schemeId}/permission/{permissionId},getPermissionSchemeGrant
r2760,16,jira,DELETE,/rest/api/2/permissionscheme/{schemeId}/permission/{permissionId},deletePermissionSchemeEntity
r2761,12,jira,GET,/rest/api/2/plans/plan,getPlans
r2762,1,jira,POST,/rest/api/2/plans/plan,createPlan
r2763,4,jira,GET,/rest/api/2/plans/plan/{planId},getPlan
r2764,3,jira,PUT,/rest/api/2/plans/plan/{planId},updatePlan
r2765,8,jira,PUT,/rest/api/2/plans/plan/{planId}/archive,archivePlan
r2766,6,jira,POST,/rest/api/2/plans/plan/{planId}/duplicate,duplicatePlan
r2767,17,jira,GET,/rest/api/2/plans/plan/{planId}/team,getTeams
r2768,13,jira,POST,/rest/api/2/plans/plan/{planId}/team/atlassian,addAtlassianTeam
r2769,3,jira,GET,/rest/api/2/plans/plan/{planId}/team/atlassian/{atlassianTeamId},getAtlassianTeam
r2770,6,jira,PUT,/rest/api/2/plans/plan/{planId}/team/atlassian/{atlassianTeamId},updateAtlassianTeam
r2771,14,jira,DELETE,/rest/api/2/plans/plan/{planId}/team/atlassian/{atlassianTeamId},removeAtlassianTeam
r2772,2,jira,POST,/rest/api/2/plans/plan/{planId}/team/planonly,createPlanOnlyTeam
r2773,11,jira,GET,/rest/api/2/plans/plan/{planId}/team/planonly/{planOnlyTeamId},getPlanOnlyTeam
r2774,20,jira,PUT,/rest/api/2/plans/plan/{planId}/team/planonly/{planOnlyTeamId},updatePlanOnlyTeam
r2775,21,jira,DELETE,/rest/api/2/plans/plan/{planId}/team/planonly/{planOnlyTeamId},deletePlanOnlyTeam
r2776,14,jira,PUT,/rest/api/2/plans/plan/{planId}/trash,trashPlan
r2777,5,jira,GET,/rest/api/2/priority,getPriorities
r2778,20,jira,POST,/rest/api/2/priority,createPriority
r2779,19,jira,PUT,/rest/api/2/priority/default,setDefaultPriority
r2780,3,jira,PUT,/rest/api/2/priority/move,movePriorities
r2781,8,jira,GET,/rest/api/2/priority/search,searchPriorities
r2782,9,jira,GET,/rest/api/2/priority/{id},getPriority
r2783,1,jira,PUT,/rest/api/2/priority/{id},updatePriority
r2784,7,jira,DELETE,/rest/api/2/priority/{id},deletePriority
r2785,3,jira,GET,/rest/api/2/priorityscheme,getPrioritySchemes
r2786,14,jira,POST,/rest/api/2/priorityscheme,createPriorityScheme
r2787,19,jira,POST,/rest/api/2/priorityscheme/mappings,suggestedPrioritiesForMappings
r2788,5,jira,GET,/rest/api/2/priorityscheme/priorities/available,getAvailablePrioritiesByPriorityScheme
r2789,7,jira,PUT,/rest/api/2/priorityscheme/{schemeId},updatePriorityScheme
r2790,2,jira,DELETE,/rest/api/2/priorityscheme/{schemeId},deletePriorityScheme
r2791,5,jira,GET,/rest/api/2/priorityscheme/{schemeId}/priorities,getPrioritiesByPriorityScheme
r2792,1,jira,GET,/rest/api/2/priorityscheme/{schemeId}/projects,getProjectsByPriorityScheme
r2793,13,jira,GET,/rest/api/2/project,getAllProjects
r2794,1,jira,POST,/rest/api/2/project,createProject
r2795,6,jira,POST,/rest/api/2/project-template,createProjectWithCustomTemplate
r2796,5,jira,PUT,/rest/api/2/project-template/edit-template,editTemplate
r2797,14,jira,GET,/rest/api/2/project-template/live-template,liveTemplate
r2798,15,jira,DELETE,/rest/api/2/project-template/remove-template,removeTemplate
r2799,20,jira,POST,/rest/api/2/project-template/save-template,saveTemplate
r2800,9,jira,GET,/rest/api/2/project/recent,getRecent
r2801,13,jira,GET,/rest/api/2/project/search,searchProjects
r2802,11,jira,GET,/rest/api/2/project/type,getAllProjectTypes
r2803,8,jira,GET,/rest/api/2/project/type/accessible,getAllAccessibleProjectTypes
r2804,4,jira,GET,/rest/api/2/project/type/{projectTypeKey},getProjectTypeByKey
r2805,11,jira,GET,/rest/api/2/project/type/{projectTypeKey}/accessible,getAccessibleProjectTypeByKey
r2806,15,jira,GET,/rest/api/2/project/{projectIdOrKey},getProject
r2807,3,jira,PUT,/rest/api/2/project/{projectIdOrKey},updateProject
r2808,6,jira,DELETE,/rest/api/2/project/{projectIdOrKey},deleteProject
r2809,7,jira,POST,/rest/api/2/project/{projectIdOrKey}/archive,archiveProject
r2810,19,jira,PUT,/rest/api/2/project/{projectIdOrKey}/avatar,updateProjectAvatar
r2811,14,jira,DELETE,/rest/api/2/project/{projectIdOrKey}/avatar/{id},deleteProjectAvatar
r2812,6,jira,POST,/rest/api/2/project/{projectIdOrKey}/avatar2,createProjectAvatar
r2813,8,jira,GET,/rest/api/2/project/{projectIdOrKey}/avatars,getAllProjectAvatars
r2814,1,jira,GET,/rest/api/2/project/{projectIdOrKey}/classification-config,getProjectClassificationConfig
r2815,5,jira,GET,/rest/api/2/project/{projectIdOrKey}/classification-level/default,getDefaultProjectClassification
r2816,14,jira,PUT,/rest/api/2/project/{projectIdOrKey}/classification-level/default,updateDefaultProjectClassification
r2817,5,jira,DELETE,/rest/api/2/project/{projectIdOrKey}/classification-level/default,removeDefaultProjectClassification
r2818,4,jira,GET,/rest/api/2/project/{projectIdOrKey}/component,getProjectComponentsPaginated
r2819,1,jira,GET,/rest/api/2/project/{projectIdOrKey}/components,getProjectComponents
r2820,17,jira,POST,/rest/api/2/project/{projectIdOrKey}/delete,deleteProjectAsynchronously
r2821,1,jira,GET,/rest/api/2/project/{projectIdOrKey}/features,getFeaturesForProject
r2822,11,jira,PUT,/rest/api/2/project/{projectIdOrKey}/features/{featureKey},toggleFeatureForProject
r2823,15,jira,GET,/rest/api/2/project/{projectIdOrKey}/properties,getProjectPropertyKeys
r2824,14,jira,GET,/rest/api/2/project/{projectIdOrKey}/properties/{propertyKey},getProjectProperty
r2825,10,jira,PUT,/rest/api/2/project/{projectIdOrKey}/properties/{propertyKey},setProjectProperty
r2826,10,jira,DELETE,/rest/api/2/project/{projectIdOrKey}/properties/{propertyKey},deleteProjectProperty
r2827,4,jira,POST,/rest/api/2/project/{projectIdOrKey}/restore,restore
r2828,1,jira,GET,/rest/api/2/project/{projectIdOrKey}/role,getProjectRoles
r2829,12,jira,GET,/rest/api/2/project/{projectIdOrKey}/role/{id},getProjectRole
r2830,11,jira,PUT,/rest/api/2/project/{projectIdOrKey}/role/{id},setActors
r2831,12,jira,POST,/rest/api/2/project/{projectIdOrKey}/role/{id},addActorUsers
r2832,11,jira,DELETE,/rest/api/2/project/{projectIdOrKey}/role/{id},deleteActor
r2833,19,jira,GET,/rest/api/2/project/{projectIdOrKey}/roledetails,getProjectRoleDetails
r2834,21,jira,GET,/rest/api/2/project/{projectIdOrKey}/statuses,getAllStatuses
r2835,5,jira,GET,/rest/api/2/project/{projectIdOrKey}/version,getProjectVersionsPaginated
r2836,16,jira,GET,/rest/api/2/project/{projectIdOrKey}/versions,getProjectVersions
r2837,12,jira,GET,/rest/api/2/project/{projectId}/email,getProjectEmail
r2838,17,jira,PUT,/rest/api/2/project/{projectId}/email,updateProjectEmail
r2839,11,jira,GET,/rest/api/2/project/{projectId}/hierarchy,getHierarchy
r2840,6,jira,GET,/rest/api/2/project/{projectKeyOrId}/issuesecuritylevelscheme,getProjectIssueSecurityScheme
r2841,13,jira,GET,/rest/api/2/project/{projectKeyOrId}/notificationscheme,getNotificationSchemeForProject
r2842,8,jira,GET,/rest/api/2/project/{projectKeyOrId}/permissionscheme,getAssignedPermissionScheme
r2843,10,jira,PUT,/rest/api/2/project/{projectKeyOrId}/permissionscheme,assignPermissionScheme
r2844,16,jira,GET,/rest/api/2/project/{projectKeyOrId}/securitylevel,getSecurityLevelsForProject
r2845,19,jira,GET,/rest/api/2/projectCategory,getAllProjectCategories
r2846,15,jira,POST,/rest/api/2/projectCategory,createProjectCategory
r2847,12,jira,GET,/rest/api/2/projectCategory/{id},getProjectCategoryById
r2848,19,jira,PUT,/rest/api/2/projectCategory/{id},updateProjectCategory
r2849,12,jira,DELETE,/rest/api/2/projectCategory/{id},removeProjectCategory
r2850,17,jira,GET,/rest/api/2/projects/fields,getProjectFields
r2851,21,jira,GET,/rest/api/2/projectvalidate/key,validateProjectKey
r2852,8,jira,GET,/rest/api/2/projectvalidate/validProjectKey,getValidProjectKey
r2853,21,jira,GET,/rest/api/2/projectvalidate/validProjectName,getValidProjectName
r2854,7,jira,POST,/rest/api/2/redact,redact
r2855,3,jira,GET,/rest/api/2/redact/status/{jobId},getRedactionStatus
r2856,8,jira,GET,/rest/api/2/resolution,getResolutions
r2857,3,jira,POST,/rest/api/2/resolution,createResolution
r2858,15,jira,PUT,/rest/api/2/resolution/default,setDefaultResolution
r2859,7,jira,PUT,/rest/api/2/resolution/move,moveResolutions
r2860,19,jira,GET,/rest/api/2/resolution/search,searchResolutions
r2861,12,jira,GET,/rest/api/2/resolution/{id},getResolution
r2862,3,jira,PUT,/rest/api/2/resolution/{id},updateResolution
r2863,1,jira,DELETE,/rest/api/2/resolution/{id},deleteResolution
r2864,7,jira,GET,/rest/api/2/role,getAllProjectRoles
r2865,18,jira,POST,/rest/api/2/role,createProjectRole
r2866,19,jira,GET,/rest/api/2/role/{id},getProjectRoleById
r2867,15,jira,PUT,/rest/api/2/role/{id},fullyUpdateProjectRole
r2868,2,jira,POST,/rest/api/2/role/{id},partialUpdateProjectRole
r2869,9,jira,DELETE,/rest/api/2/role/{id},deleteProjectRole
r2870,7,jira,GET,/rest/api/2/role/{id}/actors,getProjectRoleActorsForRole
r2871,3,jira,POST,/rest/api/2/role/{id}/actors,addProjectRoleActorsToRole
r2872,15,jira,DELETE,/rest/api/2/role/{id}/actors,deleteProjectRoleActorsFromRole
r2873,13,jira,GET,/rest/api/2/screens,getScreens
r2874,18,jira,POST,/rest/api/2/screens,createScreen
r2875,4,jira,POST,/rest/api/2/screens/addToDefault/{fieldId},addFieldToDefaultScreen
r2876,9,jira,GET,/rest/api/2/screens/tabs,getBulkScreenTabs
r2877,14,jira,PUT,/rest/api/2/screens/{screenId},updateScreen
r2878,18,jira,DELETE,/rest/api/2/screens/{screenId},deleteScreen
r2879,2,jira,GET,/rest/api/2/screens/{screenId}/availableFields,getAvailableScreenFields
r2880,10,jira,GET,/rest/api/2/screens/{screenId}/tabs,getAllScreenTabs
r2881,2,jira,POST,/rest/api/2/screens/{screenId}/tabs,addScreenTab
r2882,6,jira,PUT,/rest/api/2/screens/{screenId}/tabs/{tabId},renameScreenTab
r2883,5,jira,DELETE,/rest/api/2/screens/{screenId}/tabs/{tabId},deleteScreenTab
r2884,17,jira,GET,/rest/api/2/screens/{screenId}/tabs/{tabId}/fields,getAllScreenTabFields
r2885,9,jira,POST,/rest/api/2/screens/{screenId}/tabs/{tabId}/fields,addScreenTabField
r2886,11,jira,DELETE,/rest/api/2/screens/{screenId}/tabs/{tabId}/fields/{id},removeScreenTabField
r2887,8,jira,POST,/rest/api/2/screens/{screenId}/tabs/{tabId}/fields/{id}/move,moveScreenTabField
r2888,21,jira,POST,/rest/api/2/screens/{screenId}/tabs/{tabId}/move/{pos},moveScreenTab
r2889,6,jira,GET,/rest/api/2/screenscheme,getScreenSchemes
r2890,7,jira,POST,/rest/api/2/screenscheme,createScreenScheme
r2891,9,jira,PUT,/rest/api/2/screenscheme/{screenSchemeId},updateScreenScheme
r2892,16,jira,DELETE,/rest/api/2/screenscheme/{screenSchemeId},deleteScreenScheme
r2893,20,jira,GET,/rest/api/2/search,searchForIssuesUsingJql
r2894,14,jira,POST,/rest/api/2/search,searchForIssuesUsingJqlPost
r2895,11,jira,POST,/rest/api/2/search/approximate-count,countIssues
r2896,2,jira,GET,/rest/api/2/search/jql,searchAndReconsileIssuesUsingJql
r2897,2,jira,POST,/rest/api/2/search/jql,searchAndReconsileIssuesUsingJqlPost
r2898,19,jira,GET,/rest/api/2/securitylevel/{id},getIssueSecurityLevel
r2899,14,jira,GET,/rest/api/2/serverInfo,getServerInfo
r2900,19,jira,GET,/rest/api/2/settings/columns,getIssueNavigatorDefaultColumns
r2901,14,jira,PUT,/rest/api/2/settings/columns,setIssueNavigatorDefaultColumns
r2902,2,jira,GET,/rest/api/2/status,getStatuses
r2903,9,jira,GET,/rest/api/2/status/{idOrName},getStatus
r2904,12,jira,GET,/rest/api/2/statuscategory,getStatusCategories
r2905,3,jira,GET,/rest/api/2/statuscategory/{idOrKey},getStatusCategory
r2906,1,jira,GET,/rest/api/2/statuses,getStatusesById
r2907,12,jira,PUT,/rest/api/2/statuses,updateStatuses
r2908,1,jira,POST,/rest/api/2/statuses,createStatuses
r2909,3,jira,DELETE,/rest/api/2/statuses,deleteStatusesById
r2910,15,jira,GET,/rest/api/2/statuses/byNames,getStatusesByName
r2911,14,jira,GET,/rest/api/2/statuses/search,search
r2912,9,jira,GET,/rest/api/2/statuses/{statusId}/project/{projectId}/issueTypeUsages,getProjectIssueTypeUsagesForStatus
r2913,12,jira,GET,/rest/api/2/statuses/{statusId}/projectUsages,getProjectUsagesForStatus
r2914,7,jira,GET,/rest/api/2/statuses/{statusId}/workflowUsages,getWorkflowUsagesForStatus
r2915,21,jira,GET,/rest/api/2/task/{taskId},getTask
r2916,3,jira,POST,/rest/api/2/task/{taskId}/cancel,cancelTask
r2917,3,jira,GET,/rest/api/2/uiModifications,getUiModifications
r2918,9,jira,POST,/rest/api/2/uiModifications,createUiModification
r2919,13,jira,PUT,/rest/api/2/uiModifications/{uiModificationId},updateUiModification
r2920,15,jira,DELETE,/rest/api/2/uiModifications/{uiModificationId},deleteUiModification
r2921,10,jira,GET,/rest/api/2/universal_avatar/type/{type}/owner/{entityId},getAvatars
r2922,11,jira,POST,/rest/api/2/universal_avatar/type/{type}/owner/{entityId},storeAvatar
r2923,13,jira,DELETE,/rest/api/2/universal_avatar/type/{type}/owner/{owningObjectId}/avatar/{id},deleteAvatar
r2924,3,jira,GET,/rest/api/2/universal_avatar/view/type/{type},getAvatarImageByType
r2925,6,jira,GET,/rest/api/2/universal_avatar/view/type/{type}/avatar/{id},getAvatarImageByID
r2926,9,jira,GET,/rest/api/2/universal_avatar/view/type/{type}/owner/{entityId},getAvatarImageByOwner
r2927,3,jira,GET,/rest/api/2/user,getUser
r2928,9,jira,POST,/rest/api/2/user,createUser
r2929,14,jira,DELETE,/rest/api/2/user,removeUser
r2930,9,jira,GET,/rest/api/2/user/assignable/multiProjectSearch,findBulkAssignableUsers
r2931,19,jira,GET,/rest/api/2/user/assignable/search,findAssignableUsers
r2932,16,jira,GET,/rest/api/2/user/bulk,bulkGetUsers
r2933,21,jira,GET,/rest/api/2/user/bulk/migration,bulkGetUsersMigration
r2934,4,jira,GET,/rest/api/2/user/columns,getUserDefaultColumns
r2935,5,jira,PUT,/rest/api/2/user/columns,setUserColumns
r2936,13,jira,DELETE,/rest/api/2/user/columns,resetUserColumns
r2937,11,jira,GET,/rest/api/2/user/email,getUserEmail
r2938,21,jira,GET,/rest/api/2/user/email/bulk,getUserEmailBulk
r2939,1,jira,GET,/rest/api/2/user/groups,getUserGroups
r2940,11,jira,GET,/rest/api/2/user/permission/search,findUsersWithAllPermissions
r2941,19,jira,GET,/rest/api/2/user/picker,findUsersForPicker
r2942,10,jira,GET,/rest/api/2/user/properties,getUserPropertyKeys
r2943,2,jira,GET,/rest/api/2/user/properties/{propertyKey},getUserProperty
r2944,15,jira,PUT,/rest/api/2/user/properties/{propertyKey},setUserProperty
r2945,2,jira,DELETE,/rest/api/2/user/properties/{propertyKey},deleteUserProperty
r2946,4,jira,GET,/rest/api/2/user/search,findUsers
r2947,21,jira,GET,/rest/api/2/user/search/query,findUsersByQuery
r2948,13,jira,GET,/rest/api/2/user/search/query/key,findUserKeysByQuery
r2949,7,jira,GET,/rest/api/2/user/viewissue/search,findUsersWithBrowsePermission
r2950,14,jira,GET,/rest/api/2/users,getAllUsersDefault
r2951,15,jira,GET,/rest/api/2/users/search,getAllUsers
r2952,1,jira,POST,/rest/api/2/version,createVersion
r2953,16,jira,GET,/rest/api/2/version/{id},getVersion
r2954,14,jira,PUT,/rest/api/2/version/{id},updateVersion
r2955,2,jira,DELETE,/rest/api/2/version/{id},deleteVersion
r2956,18,jira,PUT,/rest/api/2/version/{id}/mergeto/{moveIssuesTo},mergeVersions
r2957,1,jira,POST,/rest/api/2/version/{id}/move,moveVersion
r2958,15,jira,GET,/rest/api/2/version/{id}/relatedIssueCounts,getVersionRelatedIssues
r2959,13,jira,GET,/rest/api/2/version/{id}/relatedwork,getRelatedWork
r2960,1,jira,PUT,/rest/api/2/version/{id}/relatedwork,updateRelatedWork
r2961,16,jira,POST,/rest/api/2/version/{id}/relatedwork,createRelatedWork
r2962,7,jira,POST,/rest/api/2/version/{id}/removeAndSwap,deleteAndReplaceVersion
r2963,7,jira,GET,/rest/api/2/version/{id}/unresolvedIssueCount,getVersionUnresolvedIssues
r2964,19,jira,DELETE,/rest/api/2/version/{versionId}/relatedwork/{relatedWorkId},deleteRelatedWork
r2965,7,jira,GET,/rest/api/2/webhook,getDynamicWebhooksForApp
r2966,10,jira,POST,/rest/api/2/webhook,registerDynamicWebhooks
r2967,3,jira,DELETE,/rest/api/2/webhook,deleteWebhookById
r2968,2,jira,GET,/rest/api/2/webhook/failed,getFailedWebhooks
r2969,6,jira,PUT,/rest/api/2/webhook/refresh,refreshWebhooks
r2970,14,jira,POST,/rest/api/2/workflow/history,readWorkflowFromHistory
r2971,13,jira,POST,/rest/api/2/workflow/history/list,listWorkflowHistory
r2972,12,jira,GET,/rest/api/2/workflow/rule/config,getWorkflowTransitionRuleConfigurations
r2973,11,jira,PUT,/rest/api/2/workflow/rule/config,updateWorkflowTransitionRuleConfigurations
r2974,5,jira,PUT,/rest/api/2/workflow/rule/config/delete,deleteWorkflowTransitionRuleConfigurations
r2975,4,jira,GET,/rest/api/2/workflow/search,getWorkflowsPaginated
r2976,18,jira,DELETE,/rest/api/2/workflow/{entityId},deleteInactiveWorkflow
r2977,16,jira,GET,/rest/api/2/workflow/{workflowId}/project/{projectId}/issueTypeUsages,getWorkflowProjectIssueTypeUsages
r2978,4,jira,GET,/rest/api/2/workflow/{workflowId}/projectUsages,getProjectUsagesForWorkflow
r2979,14,jira,GET,/rest/api/2/workflow/{workflowId}/workflowSchemes,getWorkflowSchemeUsagesForWorkflow
r2980,19,jira,POST,/rest/api/2/workflows,readWorkflows
r2981,10,jira,GET,/rest/api/2/workflows/capabilities,workflowCapabilities
r2982,12,jira,POST,/rest/api/2/workflows/copy,copyWorkflow
r2983,1,jira,POST,/rest/api/2/workflows/create,createWorkflows
r2984,21,jira,POST,/rest/api/2/workflows/create/validation,validateCreateWorkflows
r2985,10,jira,GET,/rest/api/2/workflows/defaultEditor,getDefaultEditor
r2986,9,jira,POST,/rest/api/2/workflows/preview,readWorkflowPreviews
r2987,18,jira,GET,/rest/api/2/workflows/search,searchWorkflows
r2988,16,jira,POST,/rest/api/2/workflows/update,updateWorkflows
r2989,5,jira,POST,/rest/api/2/workflows/update/validation,validateUpdateWorkflows
r2990,1,jira,GET,/rest/api/2/workflowscheme,getAllWorkflowSchemes
r2991,10,jira,POST,/rest/api/2/workflowscheme,createWorkflowScheme
r2992,18,jira,GET,/rest/api/2/workflowscheme/project,getWorkflowSchemeProjectAssociations
r2993,3,jira,PUT,/rest/api/2/workflowscheme/project,assignSchemeToProject
r2994,3,jira,POST,/rest/api/2/workflowscheme/project/switch,switchWorkflowSchemeForProject
r2995,3,jira,POST,/rest/api/2/workflowscheme/read,readWorkflowSchemes
r2996,14,jira,POST,/rest/api/2/workflowscheme/update,updateSchemes
r2997,8,jira,POST,/rest/api/2/workflowscheme/update/mappings,getRequiredWorkflowSchemeMappings
r2998,12,jira,GET,/rest/api/2/workflowscheme/{id},getWorkflowScheme
r2999,16,jira,PUT,/rest/api/2/workflowscheme/{id},updateWorkflowScheme
r3000,3,jira,DELETE,/rest/api/2/workflowscheme/{id},deleteWorkflowScheme
r3001,7,jira,POST,/rest/api/2/workflowscheme/{id}/createdraft,createWorkflowSchemeDraftFromParent
r3002,10,jira,GET,/rest/api/2/workflowscheme/{id}/default,getDefaultWorkflow
r3003,9,jira,PUT,/rest/api/2/workflowscheme/{id}/default,updateDefaultWorkflow
r3004,1,jira,DELETE,/rest/api/2/workflowscheme/{id}/default,deleteDefaultWorkflow
r3005,7,jira,GET,/rest/api/2/workflowscheme/{id}/draft,getWorkflowSchemeDraft
r3006,5,jira,PUT,/rest/api/2/workflowscheme/{id}/draft,updateWorkflowSchemeDraft
r3007,6,jira,DELETE,/rest/api/2/workflowscheme/{id}/draft,deleteWorkflowSchemeDraft
r3008,20,jira,GET,/rest/api/2/workflowscheme/{id}/draft/default,getDraftDefaultWorkflow
r3009,10,jira,PUT,/rest/api/2/workflowscheme/{id}/draft/default,updateDraftDefaultWorkflow
r3010,7,jira,DELETE,/rest/api/2/workflowscheme/{id}/draft/default,deleteDraftDefaultWorkflow
r3011,4,jira,GET,/rest/api/2/workflowscheme/{id}/draft/issuetype/{issueType},getWorkflowSchemeDraftIssueType
r3012,11,jira,PUT,/rest/api/2/workflowscheme/{id}/draft/issuetype/{issueType},setWorkflowSchemeDraftIssueType
r3013,16,jira,DELETE,/rest/api/2/workflowscheme/{id}/draft/issuetype/{issueType},deleteWorkflowSchemeDraftIssueType
r3014,12,jira,POST,/rest/api/2/workflowscheme/{id}/draft/publish,publishDraftWorkflowScheme
r3015,17,jira,GET,/rest/api/2/workflowscheme/{id}/draft/workflow,getDraftWorkflow
r3016,19,jira,PUT,/rest/api/2/workflowscheme/{id}/draft/workflow,updateDraftWorkflowMapping
r3017,15,jira,DELETE,/rest/api/2/workflowscheme/{id}/draft/workflow,deleteDraftWorkflowMapping
r3018,13,jira,GET,/rest/api/2/workflowscheme/{id}/issuetype/{issueType},getWorkflowSchemeIssueType
r3019,4,jira,PUT,/rest/api/2/workflowscheme/{id}/issuetype/{issueType},setWorkflowSchemeIssueType
r3020,12,jira,DELETE,/rest/api/2/workflowscheme/{id}/issuetype/{issueType},deleteWorkflowSchemeIssueType
r3021,21,jira,GET,/rest/api/2/workflowscheme/{id}/workflow,getWorkflow
r3022,3,jira,PUT,/rest/api/2/workflowscheme/{id}/workflow,updateWorkflowMapping
r3023,10,jira,DELETE,/rest/api/2/workflowscheme/{id}/workflow,deleteWorkflowMapping
r3024,3,jira,GET,/rest/api/2/workflowscheme/{workflowSchemeId}/projectUsages,getProjectUsagesForWorkflowScheme
r3025,20,jira,GET,/rest/api/2/worklog/deleted,getIdsOfWorklogsDeletedSince
r3026,10,jira,POST,/rest/api/2/worklog/list,getWorklogsForIds
r3027,13,jira,GET,/rest/api/2/worklog/updated,getIdsOfWorklogsModifiedSince
r3028,3,jira,GET,/rest/atlassian-connect/1/addons/{addonKey}/properties,AddonPropertiesResource.getAddonProperties_get
r3029,13,jira,GET,/rest/atlassian-connect/1/addons/{addonKey}/properties/{propertyKey},AddonPropertiesResource.getAddonProperty_get
r3030,5,jira,PUT,/rest/atlassian-connect/1/addons/{addonKey}/properties/{propertyKey},AddonPropertiesResource.putAddonProperty_put
r3031,3,jira,DELETE,/rest/atlassian-connect/1/addons/{addonKey}/properties/{propertyKey},AddonPropertiesResource.deleteAddonProperty_delete
r3032,10,jira,GET,/rest/atlassian-connect/1/app/module/dynamic,DynamicModulesResource.getModules_get
r3033,12,jira,POST,/rest/atlassian-connect/1/app/module/dynamic,DynamicModulesResource.registerModules_post
r3034,2,jira,DELETE,/rest/atlassian-connect/1/app/module/dynamic,DynamicModulesResource.removeModules_delete
r3035,14,jira,PUT,/rest/atlassian-connect/1/migration/field,AppIssueFieldValueUpdateResource.updateIssueFields_put
r3036,14,jira,PUT,/rest/atlassian-connect/1/migration/properties/{entityType},MigrationResource.updateEntityPropertiesValue_put
r3037,16,jira,POST,/rest/atlassian-connect/1/migration/workflow/rule/search,MigrationResource.workflowRuleSearch_post
r3038,21,jira,GET,/rest/atlassian-connect/1/migration/{connectKey}/{jiraIssueFieldsKey}/task,ConnectToForgeMigrationFetchTaskResource.fetchMigrationTask_get
r3039,15,jira,POST,/rest/atlassian-connect/1/migration/{connectKey}/{jiraIssueFieldsKey}/task,ConnectToForgeMigrationTaskSubmissionResource.submitTask_post
r3040,16,jira,GET,/rest/atlassian-connect/1/service-registry,ServiceRegistryResource.services_get
r3041,12,jira,GET,/rest/forge/1/app/properties,getForgeAppPropertyKeys
r3042,10,jira,GET,/rest/forge/1/app/properties/{propertyKey},getForgeAppProperty
r3043,1,jira,PUT,/rest/forge/1/app/properties/{propertyKey},putForgeAppProperty
r3044,17,jira,DELETE,/rest/forge/1/app/properties/{propertyKey},deleteForgeAppProperty
r3045,12,jira,POST,/rest/internal/api/latest/worklog/bulk,getWorklogsByIssueIdAndWorklogId
r3046,18,mailchimp,GET,/,getRoot
r3047,14,mailchimp,GET,/activity-feed/chimp-chatter,getActivityFeedChimpChatter
r3048,15,mailchimp,GET,/account-exports,getAccountExports
r3049,20,mailchimp,POST,/account-exports,postAccountExport
r3050,13,mailchimp,GET,/account-exports/{export_id},getAccountExportId
r3051,8,mailchimp,GET,/audiences,getAudienceContacts
r3052,2,mailchimp,GET,/audiences/{audience_id},getAudienceId
r3053,12,mailchimp,GET,/audiences/{audience_id}/contacts,getAudienceContactList
r3054,2,mailchimp,POST,/audiences/{audience_id}/contacts,createAudienceContact
r3055,4,mailchimp,GET,/audiences/{audience_id}/contacts/{contact_id},getAudienceContact
r3056,16,mailchimp,PATCH,/audiences/{audience_id}/contacts/{contact_id},patchAudienceContact
r3057,2,mailchimp,POST,/audiences/{audience_id}/contacts/{contact_id}/actions/archive,postAudiencesContactsActionsArchive
r3058,3,mailchimp,POST,/audiences/{audience_id}/contacts/{contact_id}/actions/forget,postAudiencesContactsActionsForget
r3059,5,mailchimp,GET,/authorized-apps,getAuthorizedApps
r3060,3,mailchimp,GET,/authorized-apps/{app_id},getAuthorizedAppsId
r3061,19,mailchimp,GET,/automations,getAutomations
r3062,1,mailchimp,POST,/automations,postAutomations
r3063,19,mailchimp,GET,/automations/{workflow_id},getAutomationsId
r3064,2,mailchimp,POST,/automations/{workflow_id}/actions/pause-all-emails,postAutomationsIdActionsPauseAllEmails
r3065,10,mailchimp,POST,/automations/{workflow_id}/actions/start-all-emails,postAutomationsIdActionsStartAllEmails
r3066,17,mailchimp,POST,/automations/{workflow_id}/actions/archive,archiveAutomations
r3067,2,mailchimp,GET,/automations/{workflow_id}/emails,getAutomationsIdEmails
r3068,7,mailchimp,GET,/automations/{workflow_id}/emails/{workflow_email_id},getAutomationsIdEmailsId
r3069,3,mailchimp,DELETE,/automations/{workflow_id}/emails/{workflow_email_id},deleteAutomationsIdEmailsId
r3070,11,mailchimp,PATCH,/automations/{workflow_id}/emails/{workflow_email_id},patchAutomationEmailWorkflowId
r3071,17,mailchimp,GET,/automations/{workflow_id}/emails/{workflow_email_id}/queue,getAutomationsIdEmailsIdQueue
r3072,20,mailchimp,POST,/automations/{workflow_id}/emails/{workflow_email_id}/queue,postAutomationsIdEmailsIdQueue
r3073,19,mailchimp,GET,/automations/{workflow_id}/emails/{workflow_email_id}/queue/{subscriber_hash},getAutomationsIdEmailsIdQueueId
r3074,17,mailchimp,POST,/automations/{workflow_id}/emails/{workflow_email_id}/actions/pause,postAutomationsIdEmailsIdActionsPause
r3075,18,mailchimp,POST,/automations/{workflow_id}/emails/{workflow_email_id}/actions/start,postAutomationsIdEmailsIdActionsStart
r3076,1,mailchimp,GET,/automations/{workflow_id}/removed-subscribers,getAutomationsIdRemovedSubscribers
r3077,6,mailchimp,POST,/automations/{workflow_id}/removed-subscribers,postAutomationsIdRemovedSubscribers
r3078,21,mailchimp,GET,/automations/{workflow_id}/removed-subscribers/{subscriber_hash},getAutomationsIdRemovedSubscribersId
r3079,11,mailchimp,GET,/batches,getBatches
r3080,5,mailchimp,POST,/batches,postBatches
r3081,10,mailchimp,GET,/batches/{batch_id},getBatchesId
r3082,14,mailchimp,DELETE,/batches/{batch_id},deleteBatchesId
r3083,10,mailchimp,GET,/batch-webhooks,getBatchWebhooks
r3084,4,mailchimp,POST,/batch-webhooks,postBatchWebhooks
r3085,11,mailchimp,GET,/batch-webhooks/{batch_webhook_id},getBatchWebhook
r3086,12,mailchimp,DELETE,/batch-webhooks/{batch_webhook_id},deleteBatchWebhookId
r3087,6,mailchimp,PATCH,/batch-webhooks/{batch_webhook_id},patchBatchWebhooks
r3088,17,mailchimp,GET,/template-folders,getTemplateFolders
r3089,18,mailchimp,POST,/template-folders,postTemplateFolders
r3090,5,mailchimp,GET,/template-folders/{folder_id},getTemplateFoldersId
r3091,3,mailchimp,DELETE,/template-folders/{folder_id},deleteTemplateFoldersId
r3092,13,mailchimp,PATCH,/template-folders/{folder_id},patchTemplateFoldersId
r3093,12,mailchimp,GET,/campaign-folders,getCampaignFolders
r3094,6,mailchimp,POST,/campaign-folders,postCampaignFolders
r3095,1,mailchimp,GET,/campaign-folders/{folder_id},getCampaignFoldersId
r3096,14,mailchimp,DELETE,/campaign-folders/{folder_id},deleteCampaignFoldersId
r3097,7,mailchimp,PATCH,/campaign-folders/{folder_id},patchCampaignFoldersId
r3098,3,mailchimp,GET,/campaigns,getCampaigns
r3099,6,mailchimp,POST,/campaigns,postCampaigns
r3100,14,mailchimp,GET,/campaigns/{campaign_id},getCampaignsId
r3101,15,mailchimp,DELETE,/campaigns/{campaign_id},deleteCampaignsId
r3102,21,mailchimp,PATCH,/campaigns/{campaign_id},patchCampaignsId
r3103,4,mailchimp,POST,/campaigns/{campaign_id}/actions/cancel-send,postCampaignsIdActionsCancelSend
r3104,13,mailchimp,POST,/campaigns/{campaign_id}/actions/replicate,postCampaignsIdActionsReplicate
r3105,15,mailchimp,POST,/campaigns/{campaign_id}/actions/send,postCampaignsIdActionsSend
r3106,17,mailchimp,POST,/campaigns/{campaign_id}/actions/schedule,postCampaignsIdActionsSchedule
r3107,10,mailchimp,POST,/campaigns/{campaign_id}/actions/unschedule,postCampaignsIdActionsUnschedule
r3108,11,mailchimp,POST,/campaigns/{campaign_id}/actions/test,postCampaignsIdActionsTest
r3109,19,mailchimp,POST,/campaigns/{campaign_id}/actions/pause,postCampaignsIdActionsPause
r3110,20,mailchimp,POST,/campaigns/{campaign_id}/actions/resume,postCampaignsIdActionsResume
r3111,16,mailchimp,POST,/campaigns/{campaign_id}/actions/create-resend,postCampaignsIdActionsCreateResend
r3112,20,mailchimp,GET,/campaigns/{campaign_id}/content,getCampaignsIdContent
r3113,10,mailchimp,PUT,/campaigns/{campaign_id}/content,putCampaignsIdContent
r3114,21,mailchimp,GET,/campaigns/{campaign_id}/feedback,getCampaignsIdFeedback
r3115,5,mailchimp,POST,/campaigns/{campaign_id}/feedback,postCampaignsIdFeedback
r3116,15,mailchimp,GET,/campaigns/{campaign_id}/feedback/{feedback_id},getCampaignsIdFeedbackId
r3117,9,mailchimp,DELETE,/campaigns/{campaign_id}/feedback/{feedback_id},deleteCampaignsIdFeedbackId
r3118,4,mailchimp,PATCH,/campaigns/{campaign_id}/feedback/{feedback_id},patchCampaignsIdFeedbackId
r3119,4,mailchimp,GET,/campaigns/{campaign_id}/send-checklist,getCampaignsIdSendChecklist
r3120,4,mailchimp,GET,/connected-sites,getConnectedSites
r3121,4,mailchimp,POST,/connected-sites,postConnectedSites
r3122,12,mailchimp,GET,/connected-sites/{connected_site_id},getConnectedSitesId
r3123,19,mailchimp,DELETE,/connected-sites/{connected_site_id},deleteConnectedSitesId
r3124,5,mailchimp,POST,/connected-sites/{connected_site_id}/actions/verify-script-installation,postConnectedSitesIdActionsVerifyScriptInstallation
r3125,9,mailchimp,POST,/connected-sites/{connected_site_id}/actions/enable-pixel,postConnectedSitesIdActionsEnablePixel
r3126,19,mailchimp,POST,/connected-sites/{connected_site_id}/actions/disable-pixel,postConnectedSitesIdActionsDisablePixel
r3127,15,mailchimp,GET,/conversations,getConversations
r3128,14,mailchimp,GET,/conversations/{conversation_id},getConversationsId
r3129,15,mailchimp,GET,/conversations/{conversation_id}/messages,getConversationsIdMessages
r3130,7,mailchimp,GET,/conversations/{conversation_id}/messages/{message_id},getConversationsIdMessagesId
r3131,20,mailchimp,POST,/customer-journeys/journeys/{journey_id}/steps/{step_id}/actions/trigger,postCustomerJourneysJourneysIdStepsIdActionsTrigger
r3132,19,mailchimp,GET,/file-manager/files,getFileManagerFiles
r3133,13,mailchimp,POST,/file-manager/files,postFileManagerFiles
r3134,13,mailchimp,GET,/file-manager/files/{file_id},getFileManagerFilesId
r3135,2,mailchimp,DELETE,/file-manager/files/{file_id},deleteFileManagerFilesId
r3136,15,mailchimp,PATCH,/file-manager/files/{file_id},patchFileManagerFilesId
r3137,17,mailchimp,GET,/file-manager/folders,getFileManagerFolders
r3138,15,mailchimp,POST,/file-manager/folders,postFileManagerFolders
r3139,6,mailchimp,GET,/file-manager/folders/{folder_id},getFileManagerFoldersId
r3140,11,mailchimp,DELETE,/file-manager/folders/{folder_id},deleteFileManagerFoldersId
r3141,10,mailchimp,PATCH,/file-manager/folders/{folder_id},patchFileManagerFoldersId
r3142,8,mailchimp,GET,/file-manager/folders/{folder_id}/files,getFileManagerFoldersFiles
r3143,18,mailchimp,GET,/lists,getLists
r3144,10,mailchimp,POST,/lists,postLists
r3145,9,mailchimp,GET,/lists/{list_id},getListsId
r3146,7,mailchimp,POST,/lists/{list_id},postListsId
r3147,17,mailchimp,DELETE,/lists/{list_id},deleteListsId
r3148,7,mailchimp,PATCH,/lists/{list_id},patchListsId
r3149,8,mailchimp,GET,/lists/{list_id}/abuse-reports,getListsIdAbuseReports
r3150,19,mailchimp,GET,/lists/{list_id}/abuse-reports/{report_id},getListsIdAbuseReportsId
r3151,16,mailchimp,GET,/lists/{list_id}/activity,getListsIdActivity
r3152,20,mailchimp,GET,/lists/{list_id}/clients,getListsIdClients
r3153,17,mailchimp,GET,/lists/{list_id}/growth-history,getListsIdGrowthHistory
r3154,14,mailchimp,GET,/lists/{list_id}/growth-history/{month},getListsIdGrowthHistoryId
r3155,11,mailchimp,GET,/lists/{list_id}/interest-categories,getListsIdInterestCategories
r3156,4,mailchimp,POST,/lists/{list_id}/interest-categories,postListsIdInterestCategories
r3157,17,mailchimp,GET,/lists/{list_id}/interest-categories/{interest_category_id},getListsIdInterestCategoriesId
r3158,15,mailchimp,DELETE,/lists/{list_id}/interest-categories/{interest_category_id},deleteListsIdInterestCategoriesId
r3159,21,mailchimp,PATCH,/lists/{list_id}/interest-categories/{interest_category_id},patchListsIdInterestCategoriesId
r3160,19,mailchimp,GET,/lists/{list_id}/interest-categories/{interest_category_id}/interests,getListsIdInterestCategoriesIdInterests
r3161,18,mailchimp,POST,/lists/{list_id}/interest-categories/{interest_category_id}/interests,postListsIdInterestCategoriesIdInterests
r3162,8,mailchimp,GET,/lists/{list_id}/interest-categories/{interest_category_id}/interests/{interest_id},getListsIdInterestCategoriesIdInterestsId
r3163,18,mailchimp,DELETE,/lists/{list_id}/interest-categories/{interest_category_id}/interests/{interest_id},deleteListsIdInterestCategoriesIdInterestsId
r3164,16,mailchimp,PATCH,/lists/{list_id}/interest-categories/{interest_category_id}/interests/{interest_id},patchListsIdInterestCategoriesIdInterestsId
r3165,16,mailchimp,GET,/lists/{list_id}/segments,previewASegment
r3166,19,mailchimp,POST,/lists/{list_id}/segments,postListsIdSegments
r3167,14,mailchimp,GET,/lists/{list_id}/segments/{segment_id},getListsIdSegmentsId
r3168,9,mailchimp,POST,/lists/{list_id}/segments/{segment_id},postListsIdSegmentsId
r3169,9,mailchimp,DELETE,/lists/{list_id}/segments/{segment_id},deleteListsIdSegmentsId
r3170,13,mailchimp,PATCH,/lists/{list_id}/segments/{segment_id},patchListsIdSegmentsId
r3171,13,mailchimp,GET,/lists/{list_id}/segments/{segment_id}/members,getListsIdSegmentsIdMembers
r3172,10,mailchimp,POST,/lists/{list_id}/segments/{segment_id}/members,postListsIdSegmentsIdMembers
r3173,12,mailchimp,DELETE,/lists/{list_id}/segments/{segment_id}/members/{subscriber_hash},deleteListsIdSegmentsIdMembersId
r3174,7,mailchimp,GET,/lists/{list_id}/tag-search,searchTagsByName
r3175,2,mailchimp,GET,/lists/{list_id}/members,getListsIdMembers
r3176,2,mailchimp,POST,/lists/{list_id}/members,postListsIdMembers
r3177,7,mailchimp,GET,/lists/{list_id}/members/{subscriber_hash},getListsIdMembersId
r3178,8,mailchimp,PUT,/lists/{list_id}/members/{subscriber_hash},putListsIdMembersId
r3179,2,mailchimp,DELETE,/lists/{list_id}/members/{subscriber_hash},deleteListsIdMembersId
r3180,12,mailchimp,PATCH,/lists/{list_id}/members/{subscriber_hash},patchListsIdMembersId
r3181,21,mailchimp,GET,/lists/{list_id}/members/{subscriber_hash}/activity,getListsIdMembersIdActivity
r3182,13,mailchimp,GET,/lists/{list_id}/members/{subscriber_hash}/activity-feed,getListsIdMembersIdActivityFeed
r3183,7,mailchimp,GET,/lists/{list_id}/members/{subscriber_hash}/tags,getListMemberTags
r3184,1,mailchimp,POST,/lists/{list_id}/members/{subscriber_hash}/tags,postListMemberTags
r3185,4,mailchimp,GET,/lists/{list_id}/members/{subscriber_hash}/events,getListsIdMembersIdEvents
r3186,2,mailchimp,POST,/lists/{list_id}/members/{subscriber_hash}/events,postListMemberEvents
r3187,4,mailchimp,GET,/lists/{list_id}/members/{subscriber_hash}/goals,getListsIdMembersIdGoals
r3188,7,mailchimp,GET,/lists/{list_id}/members/{subscriber_hash}/notes,getListsIdMembersIdNotes
r3189,4,mailchimp,POST,/lists/{list_id}/members/{subscriber_hash}/notes,postListsIdMembersIdNotes
r3190,6,mailchimp,GET,/lists/{list_id}/members/{subscriber_hash}/notes/{note_id},getListsIdMembersIdNotesId
r3191,7,mailchimp,DELETE,/lists/{list_id}/members/{subscriber_hash}/notes/{note_id},deleteListsIdMembersIdNotesId
r3192,14,mailchimp,PATCH,/lists/{list_id}/members/{subscriber_hash}/notes/{note_id},patchListsIdMembersIdNotesId
r3193,9,mailchimp,POST,/lists/{list_id}/members/{subscriber_hash}/actions/delete-permanent,postListsIdMembersHashActionsDeletePermanent
r3194,8,mailchimp,GET,/lists/{list_id}/merge-fields,getListsIdMergeFields
r3195,1,mailchimp,POST,/lists/{list_id}/merge-fields,postListsIdMergeFields
r3196,17,mailchimp,GET,/lists/{list_id}/merge-fields/{merge_id},getListsIdMergeFieldsId
r3197,4,mailchimp,DELETE,/lists/{list_id}/merge-fields/{merge_id},deleteListsIdMergeFieldsId
r3198,9,mailchimp,PATCH,/lists/{list_id}/merge-fields/{merge_id},patchListsIdMergeFieldsId
r3199,9,mailchimp,GET,/lists/{list_id}/webhooks,getListsIdWebhooks
r3200,16,mailchimp,POST,/lists/{list_id}/webhooks,postListsIdWebhooks
r3201,2,mailchimp,GET,/lists/{list_id}/webhooks/{webhook_id},getListsIdWebhooksId
r3202,16,mailchimp,DELETE,/lists/{list_id}/webhooks/{webhook_id},deleteListsIdWebhooksId
r3203,6,mailchimp,PATCH,/lists/{list_id}/webhooks/{webhook_id},patchListsIdWebhooksId
r3204,3,mailchimp,GET,/lists/{list_id}/signup-forms,getListsIdSignupForms
r3205,13,mailchimp,POST,/lists/{list_id}/signup-forms,postListsIdSignupForms
r3206,11,mailchimp,GET,/lists/{list_id}/locations,getListsIdLocations
r3207,1,mailchimp,GET,/lists/{list_id}/surveys,getListsIdSurveys
r3208,12,mailchimp,POST,/lists/{list_id}/surveys,postListsIdSurveys
r3209,20,mailchimp,GET,/lists/{list_id}/surveys/{survey_id},getListsIdSurveysId
r3210,4,mailchimp,DELETE,/lists/{list_id}/surveys/{survey_id},deleteListsIdSurveysId
r3211,21,mailchimp,PATCH,/lists/{list_id}/surveys/{survey_id},patchListsIdSurveysId
r3212,4,mailchimp,POST,/lists/{list_id}/surveys/{survey_id}/actions/publish,postListsIdSurveysIdActionsPublish
r3213,13,mailchimp,POST,/lists/{list_id}/surveys/{survey_id}/actions/unpublish,postListsIdSurveysIdActionsUnpublish
r3214,5,mailchimp,POST,/lists/{list_id}/surveys/{survey_id}/actions/create-email,postListsIdSurveysIdActionsCreateEmail
r3215,4,mailchimp,POST,/lists/{list_id}/surveys/{survey_id}/actions/replicate,postListsIdSurveysIdActionsReplicate
r3216,6,mailchimp,GET,/landing-pages,getAllLandingPages
r3217,11,mailchimp,POST,/landing-pages,postAllLandingPages
r3218,9,mailchimp,GET,/landing-pages/{page_id},getLandingPageId
r3219,5,mailchimp,DELETE,/landing-pages/{page_id},deleteLandingPageId
r3220,14,mailchimp,PATCH,/landing-pages/{page_id},patchLandingPageId
r3221,16,mailchimp,POST,/landing-pages/{page_id}/actions/publish,postLandingPageIdActionsPublish
r3222,16,mailchimp,POST,/landing-pages/{page_id}/actions/unpublish,postLandingPageIdActionsUnpublish
r3223,18,mailchimp,GET,/landing-pages/{page_id}/content,getLandingPageIdContent
r3224,13,mailchimp,GET,/reports,getReports
r3225,10,mailchimp,GET,/reports/{campaign_id},getReportsId
r3226,11,mailchimp,GET,/reports/{campaign_id}/abuse-reports,getReportsIdAbuseReportsId
r3227,8,mailchimp,GET,/reports/{campaign_id}/abuse-reports/{report_id},getReportsIdAbuseReportsIdId
r3228,13,mailchimp,GET,/reports/{campaign_id}/advice,getReportsIdAdvice
r3229,17,mailchimp,GET,/reports/{campaign_id}/click-details,getReportsIdClickDetails
r3230,2,mailchimp,GET,/reports/{campaign_id}/click-details/{link_id},getReportsIdClickDetailsId
r3231,7,mailchimp,GET,/reports/{campaign_id}/click-details/{link_id}/members,getReportsIdClickDetailsIdMembers
r3232,17,mailchimp,GET,/reports/{campaign_id}/click-details/{link_id}/members/{subscriber_hash},getReportsIdClickDetailsIdMembersId
r3233,8,mailchimp,GET,/reports/{campaign_id}/open-details,getReportsIdOpenDetails
r3234,21,mailchimp,GET,/reports/{campaign_id}/open-details/{subscriber_hash},getReportsIdOpenDetailsIdMembersId
r3235,12,mailchimp,GET,/reports/{campaign_id}/domain-performance,getReportsIdDomainPerformance
r3236,21,mailchimp,GET,/reports/{campaign_id}/eepurl,getReportsIdEepurl
r3237,16,mailchimp,GET,/reports/{campaign_id}/email-activity,getReportsIdEmailActivity
r3238,8,mailchimp,GET,/reports/{campaign_id}/email-activity/{subscriber_hash},getReportsIdEmailActivityId
r3239,17,mailchimp,GET,/reports/{campaign_id}/locations,getReportsIdLocations
r3240,10,mailchimp,GET,/reports/{campaign_id}/sent-to,getReportsIdSentTo
r3241,17,mailchimp,GET,/reports/{campaign_id}/sent-to/{subscriber_hash},getReportsIdSentToId
r3242,17,mailchimp,GET,/reports/{campaign_id}/sub-reports,getReportsIdSubReportsId
r3243,5,mailchimp,GET,/reports/{campaign_id}/unsubscribed,getReportsIdUnsubscribed
r3244,4,mailchimp,GET,/reports/{campaign_id}/unsubscribed/{subscriber_hash},getReportsIdUnsubscribedId
r3245,20,mailchimp,GET,/reports/{campaign_id}/ecommerce-product-activity,getReportsIdEcommerceProductActivity
r3246,5,mailchimp,GET,/templates,getTemplates
r3247,1,mailchimp,POST,/templates,postTemplates
r3248,1,mailchimp,GET,/templates/{template_id},getTemplatesId
r3249,10,mailchimp,DELETE,/templates/{template_id},deleteTemplatesId
r3250,15,mailchimp,PATCH,/templates/{template_id},patchTemplatesId
r3251,3,mailchimp,GET,/templates/{template_id}/default-content,getTemplatesIdDefaultContent
r3252,6,mailchimp,GET,/ecommerce/orders,getEcommerceOrders
r3253,20,mailchimp,GET,/ecommerce/stores,getEcommerceStores
r3254,10,mailchimp,POST,/ecommerce/stores,postEcommerceStores
r3255,16,mailchimp,GET,/ecommerce/stores/{store_id},getEcommerceStoresId
r3256,18,mailchimp,DELETE,/ecommerce/stores/{store_id},deleteEcommerceStoresId
r3257,11,mailchimp,PATCH,/ecommerce/stores/{store_id},patchEcommerceStoresId
r3258,8,mailchimp,GET,/ecommerce/stores/{store_id}/carts,getEcommerceStoresIdCarts
r3259,13,mailchimp,POST,/ecommerce/stores/{store_id}/carts,postEcommerceStoresIdCarts
r3260,10,mailchimp,GET,/ecommerce/stores/{store_id}/carts/{cart_id},getEcommerceStoresIdCartsId
r3261,7,mailchimp,DELETE,/ecommerce/stores/{store_id}/carts/{cart_id},deleteEcommerceStoresIdCartsId
r3262,15,mailchimp,PATCH,/ecommerce/stores/{store_id}/carts/{cart_id},patchEcommerceStoresIdCartsId
r3263,10,mailchimp,GET,/ecommerce/stores/{store_id}/carts/{cart_id}/lines,getEcommerceStoresIdCartsIdLines
r3264,19,mailchimp,POST,/ecommerce/stores/{store_id}/carts/{cart_id}/lines,postEcommerceStoresIdCartsIdLines
r3265,5,mailchimp,GET,/ecommerce/stores/{store_id}/carts/{cart_id}/lines/{line_id},getEcommerceStoresIdCartsIdLinesId
r3266,9,mailchimp,DELETE,/ecommerce/stores/{store_id}/carts/{cart_id}/lines/{line_id},deleteEcommerceStoresIdCartsLinesId
r3267,4,mailchimp,PATCH,/ecommerce/stores/{store_id}/carts/{cart_id}/lines/{line_id},patchEcommerceStoresIdCartsIdLinesId
r3268,12,mailchimp,GET,/ecommerce/stores/{store_id}/customers,getEcommerceStoresIdCustomers
r3269,2,mailchimp,POST,/ecommerce/stores/{store_id}/customers,postEcommerceStoresIdCustomers
r3270,16,mailchimp,GET,/ecommerce/stores/{store_id}/customers/{customer_id},getEcommerceStoresIdCustomersId
r3271,12,mailchimp,PUT,/ecommerce/stores/{store_id}/customers/{customer_id},putEcommerceStoresIdCustomersId
r3272,13,mailchimp,DELETE,/ecommerce/stores/{store_id}/customers/{customer_id},deleteEcommerceStoresIdCustomersId
r3273,6,mailchimp,PATCH,/ecommerce/stores/{store_id}/customers/{customer_id},patchEcommerceStoresIdCustomersId
r3274,11,mailchimp,GET,/ecommerce/stores/{store_id}/promo-rules,getEcommerceStoresIdPromorules
r3275,20,mailchimp,POST,/ecommerce/stores/{store_id}/promo-rules,postEcommerceStoresIdPromorules
r3276,5,mailchimp,GET,/ecommerce/stores/{store_id}/promo-rules/{promo_rule_id},getEcommerceStoresIdPromorulesId
r3277,4,mailchimp,DELETE,/ecommerce/stores/{store_id}/promo-rules/{promo_rule_id},deleteEcommerceStoresIdPromorulesId
r3278,13,mailchimp,PATCH,/ecommerce/stores/{store_id}/promo-rules/{promo_rule_id},patchEcommerceStoresIdPromorulesId
r3279,10,mailchimp,GET,/ecommerce/stores/{store_id}/promo-rules/{promo_rule_id}/promo-codes,getEcommerceStoresIdPromocodes
r3280,16,mailchimp,POST,/ecommerce/stores/{store_id}/promo-rules/{promo_rule_id}/promo-codes,postEcommerceStoresIdPromocodes
r3281,20,mailchimp,GET,/ecommerce/stores/{store_id}/promo-rules/{promo_rule_id}/promo-codes/{promo_code_id},getEcommerceStoresIdPromocodesId
r3282,12,mailchimp,DELETE,/ecommerce/stores/{store_id}/promo-rules/{promo_rule_id}/promo-codes/{promo_code_id},deleteEcommerceStoresIdPromocodesId
r3283,2,mailchimp,PATCH,/ecommerce/stores/{store_id}/promo-rules/{promo_rule_id}/promo-codes/{promo_code_id},patchEcommerceStoresIdPromocodesId
r3284,10,mailchimp,GET,/ecommerce/stores/{store_id}/orders,getEcommerceStoresIdOrders
r3285,2,mailchimp,POST,/ecommerce/stores/{store_id}/orders,postEcommerceStoresIdOrders
r3286,5,mailchimp,GET,/ecommerce/stores/{store_id}/orders/{order_id},getEcommerceStoresIdOrdersId
r3287,9,mailchimp,PUT,/ecommerce/stores/{store_id}/orders/{order_id},putEcommerceStoresIdOrdersId
r3288,10,mailchimp,DELETE,/ecommerce/stores/{store_id}/orders/{order_id},deleteEcommerceStoresIdOrdersId
r3289,19,mailchimp,PATCH,/ecommerce/stores/{store_id}/orders/{order_id},patchEcommerceStoresIdOrdersId
r3290,17,mailchimp,GET,/ecommerce/stores/{store_id}/orders/{order_id}/lines,getEcommerceStoresIdOrdersIdLines
r3291,5,mailchimp,POST,/ecommerce/stores/{store_id}/orders/{order_id}/lines,postEcommerceStoresIdOrdersIdLines
r3292,1,mailchimp,GET,/ecommerce/stores/{store_id}/orders/{order_id}/lines/{line_id},getEcommerceStoresIdOrdersIdLinesId
r3293,3,mailchimp,DELETE,/ecommerce/stores/{store_id}/orders/{order_id}/lines/{line_id},deleteEcommerceStoresIdOrdersIdLinesId
r3294,9,mailchimp,PATCH,/ecommerce/stores/{store_id}/orders/{order_id}/lines/{line_id},patchEcommerceStoresIdOrdersIdLinesId
r3295,12,mailchimp,GET,/ecommerce/stores/{store_id}/products,getEcommerceStoresIdProducts
r3296,11,mailchimp,POST,/ecommerce/stores/{store_id}/products,postEcommerceStoresIdProducts
r3297,4,mailchimp,GET,/ecommerce/stores/{store_id}/products/{product_id},getEcommerceStoresIdProductsId
r3298,15,mailchimp,PUT,/ecommerce/stores/{store_id}/products/{product_id},putEcommerceStoresIdProductsId
r3299,1,mailchimp,DELETE,/ecommerce/stores/{store_id}/products/{product_id},deleteEcommerceStoresIdProductsId
r3300,16,mailchimp,PATCH,/ecommerce/stores/{store_id}/products/{product_id},patchEcommerceStoresIdProductsId
r3301,13,mailchimp,GET,/ecommerce/stores/{store_id}/products/{product_id}/variants,getEcommerceStoresIdProductsIdVariants
r3302,4,mailchimp,POST,/ecommerce/stores/{store_id}/products/{product_id}/variants,postEcommerceStoresIdProductsIdVariants
r3303,10,mailchimp,GET,/ecommerce/stores/{store_id}/products/{product_id}/variants/{variant_id},getEcommerceStoresIdProductsIdVariantsId
r3304,10,mailchimp,PUT,/ecommerce/stores/{store_id}/products/{product_id}/variants/{variant_id},putEcommerceStoresIdProductsIdVariantsId
r3305,2,mailchimp,DELETE,/ecommerce/stores/{store_id}/products/{product_id}/variants/{variant_id},deleteEcommerceStoresIdProductsIdVariantsId
r3306,14,mailchimp,PATCH,/ecommerce/stores/{store_id}/products/{product_id}/variants/{variant_id},patchEcommerceStoresIdProductsIdVariantsId
r3307,13,mailchimp,GET,/ecommerce/stores/{store_id}/products/{product_id}/images,getEcommerceStoresIdProductsIdImages
r3308,19,mailchimp,POST,/ecommerce/stores/{store_id}/products/{product_id}/images,postEcommerceStoresIdProductsIdImages
r3309,16,mailchimp,GET,/ecommerce/stores/{store_id}/products/{product_id}/images/{image_id},getEcommerceStoresIdProductsIdImagesId
r3310,21,mailchimp,DELETE,/ecommerce/stores/{store_id}/products/{product_id}/images/{image_id},deleteEcommerceStoresIdProductsIdImagesId
r3311,6,mailchimp,PATCH,/ecommerce/stores/{store_id}/products/{product_id}/images/{image_id},patchEcommerceStoresIdProductsIdImagesId
r3312,10,mailchimp,GET,/search-campaigns,getSearchCampaigns
r3313,16,mailchimp,GET,/sms-campaigns,getSmsCampaigns
r3314,9,mailchimp,POST,/sms-campaigns,postSmsCampaigns
r3315,19,mailchimp,GET,/sms-campaigns/{sms_campaign_id},getSmsCampaignsId
r3316,13,mailchimp,DELETE,/sms-campaigns/{sms_campaign_id},deleteSmsCampaignsId
r3317,17,mailchimp,PATCH,/sms-campaigns/{sms_campaign_id},patchSmsCampaignsId
r3318,16,mailchimp,POST,/sms-campaigns/{sms_campaign_id}/actions/send,postSmsCampaignsIdActionsSend
r3319,21,mailchimp,POST,/sms-campaigns/{sms_campaign_id}/actions/schedule,postSmsCampaignsIdActionsSchedule
r3320,8,mailchimp,POST,/sms-campaigns/{sms_campaign_id}/actions/cancel-send,postSmsCampaignsIdActionsCancelSend
r3321,18,mailchimp,GET,/sms-campaigns/{sms_campaign_id}/content,getSmsCampaignsIdContent
r3322,18,mailchimp,PUT,/sms-campaigns/{sms_campaign_id}/content,putSmsCampaignsIdContent
r3323,10,mailchimp,GET,/search-members,getSearchMembers
r3324,18,mailchimp,GET,/ping,getPing
r3325,12,mailchimp,GET,/facebook-ads,getAllFacebookAds
r3326,8,mailchimp,GET,/facebook-ads/{outreach_id},getFacebookAdsId
r3327,15,mailchimp,GET,/reporting/facebook-ads,getReportingFacebookAds
r3328,17,mailchimp,GET,/reporting/facebook-ads/{outreach_id},getReportingFacebookAdsId
r3329,8,mailchimp,GET,/reporting/facebook-ads/{outreach_id}/ecommerce-product-activity,getReportingFacebookAdsIdEcommerceProductActivity
r3330,13,mailchimp,GET,/reporting/landing-pages/{outreach_id},getReportingLandingPagesId
r3331,6,mailchimp,GET,/reporting/landing-pages,getReportingLandingPages
r3332,19,mailchimp,GET,/reporting/surveys,getReportingSurveys
r3333,8,mailchimp,GET,/reporting/surveys/{survey_id},getReportingSurveysId
r3334,17,mailchimp,GET,/reporting/surveys/{survey_id}/questions,getReportingSurveysIdQuestions
r3335,10,mailchimp,GET,/reporting/surveys/{survey_id}/questions/{question_id},getReportingSurveysIdQuestionsId
r3336,13,mailchimp,GET,/reporting/surveys/{survey_id}/questions/{question_id}/answers,getReportingSurveysIdQuestionsIdAnswers
r3337,17,mailchimp,GET,/reporting/surveys/{survey_id}/responses,getReportingSurveysIdResponses
r3338,2,mailchimp,GET,/reporting/surveys/{survey_id}/responses/{response_id},getReportingSurveysIdResponsesId
r3339,12,mailchimp,GET,/verified-domains/{domain_name},getVerifiedDomain
r3340,4,mailchimp,DELETE,/verified-domains/{domain_name},deleteVerifiedDomain
r3341,9,mailchimp,POST,/verified-domains/{domain_name}/actions/verify,verifyDomain
r3342,13,mailchimp,GET,/verified-domains,getVerifiedDomains
r3343,19,mailchimp,POST,/verified-domains,createVerifiedDomain
r3344,9,asana,GET,/access_requests,getAccessRequests
r3345,16,asana,POST,/access_requests,createAccessRequest
r3346,17,asana,POST,/access_requests/{access_request_gid}/approve,approveAccessRequest
r3347,11,asana,POST,/access_requests/{access_request_gid}/reject,rejectAccessRequest
r3348,20,asana,GET,/workspaces/{workspace_gid}/agents,getAgentsForWorkspace
r3349,13,asana,GET,/agents/{agent_gid},getAgent
r3350,20,asana,GET,/workspaces/{workspace_gid}/ai_studio/runs,getAiStudioRuns
r3351,13,asana,GET,/workspaces/{workspace_gid}/ai_studio/seats,getAiStudioSeats
r3352,10,asana,GET,/allocations/{allocation_gid},getAllocation
r3353,6,asana,PUT,/allocations/{allocation_gid},updateAllocation
r3354,12,asana,DELETE,/allocations/{allocation_gid},deleteAllocation
r3355,9,asana,GET,/allocations,getAllocations
r3356,21,asana,POST,/allocations,createAllocation
r3357,20,asana,GET,/attachments/{attachment_gid},getAttachment
r3358,3,asana,DELETE,/attachments/{attachment_gid},deleteAttachment
r3359,7,asana,GET,/attachments,getAttachmentsForObject
r3360,21,asana,POST,/attachments,createAttachmentForObject
r3361,8,asana,GET,/workspaces/{workspace_gid}/audit_log_events,getAuditLogEvents
r3362,4,asana,POST,/batch,createBatchRequest
r3363,8,asana,GET,/budgets,getBudgets
r3364,1,asana,POST,/budgets,createBudget
r3365,6,asana,GET,/budgets/{budget_gid},getBudget
r3366,21,asana,PUT,/budgets/{budget_gid},updateBudget
r3367,8,asana,DELETE,/budgets/{budget_gid},deleteBudget
r3368,9,asana,GET,/projects/{project_gid}/custom_field_settings,getCustomFieldSettingsForProject
r3369,11,asana,GET,/portfolios/{portfolio_gid}/custom_field_settings,getCustomFieldSettingsForPortfolio
r3370,20,asana,GET,/goals/{goal_gid}/custom_field_settings,getCustomFieldSettingsForGoal
r3371,13,asana,GET,/teams/{team_gid}/custom_field_settings,getCustomFieldSettingsForTeam
r3372,9,asana,POST,/custom_fields,createCustomField
r3373,20,asana,GET,/custom_fields/{custom_field_gid},getCustomField
r3374,14,asana,PUT,/custom_fields/{custom_field_gid},updateCustomField
r3375,11,asana,DELETE,/custom_fields/{custom_field_gid},deleteCustomField
r3376,6,asana,GET,/workspaces/{workspace_gid}/custom_fields,getCustomFieldsForWorkspace
r3377,21,asana,POST,/custom_fields/{custom_field_gid}/enum_options,createEnumOptionForCustomField
r3378,6,asana,POST,/custom_fields/{custom_field_gid}/enum_options/insert,insertEnumOptionForCustomField
r3379,21,asana,PUT,/enum_options/{enum_option_gid},updateEnumOption
r3380,18,asana,GET,/custom_types,getCustomTypes
r3381,9,asana,GET,/custom_types/{custom_type_gid},getCustomType
r3382,20,asana,GET,/events,getEvents
r3383,21,asana,POST,/exports/graph,createGraphExport
r3384,14,asana,POST,/exports/resource,createResourceExport
r3385,10,asana,GET,/goal_relationships/{goal_relationship_gid},getGoalRelationship
r3386,5,asana,PUT,/goal_relationships/{goal_relationship_gid},updateGoalRelationship
r3387,12,asana,GET,/goal_relationships,getGoalRelationships
r3388,7,asana,POST,/goals/{goal_gid}/addSupportingRelationship,addSupportingRelationship
r3389,17,asana,POST,/goals/{goal_gid}/removeSupportingRelationship,removeSupportingRelationship
r3390,20,asana,GET,/goals/{goal_gid},getGoal
r3391,15,asana,PUT,/goals/{goal_gid},updateGoal
r3392,6,asana,DELETE,/goals/{goal_gid},deleteGoal
r3393,17,asana,GET,/goals,getGoals
r3394,14,asana,POST,/goals,createGoal
r3395,19,asana,POST,/goals/{goal_gid}/setMetric,createGoalMetric
r3396,2,asana,POST,/goals/{goal_gid}/setMetricCurrentValue,updateGoalMetric
r3397,19,asana,POST,/goals/{goal_gid}/addFollowers,addFollowers
r3398,16,asana,POST,/goals/{goal_gid}/removeFollowers,removeFollowers
r3399,15,asana,GET,/goals/{goal_gid}/parentGoals,getParentGoalsForGoal
r3400,19,asana,POST,/goals/{goal_gid}/addCustomFieldSetting,addCustomFieldSettingForGoal
r3401,3,asana,POST,/goals/{goal_gid}/removeCustomFieldSetting,removeCustomFieldSettingForGoal
r3402,10,asana,GET,/jobs/{job_gid},getJob
r3403,5,asana,GET,/memberships,getMemberships
r3404,10,asana,POST,/memberships,createMembership
r3405,12,asana,GET,/memberships/{membership_gid},getMembership
r3406,13,asana,PUT,/memberships/{membership_gid},updateMembership
r3407,5,asana,DELETE,/memberships/{membership_gid},deleteMembership
r3408,9,asana,GET,/ooo_entries/{ooo_entry_gid},getOooEntry
r3409,10,asana,PUT,/ooo_entries/{ooo_entry_gid},updateOooEntry
r3410,15,asana,DELETE,/ooo_entries/{ooo_entry_gid},deleteOooEntry
r3411,17,asana,GET,/ooo_entries,getOooEntries
r3412,3,asana,POST,/ooo_entries,createOooEntry
r3413,1,asana,POST,/organization_exports,createOrganizationExport
r3414,16,asana,GET,/organization_exports/{organization_export_gid},getOrganizationExport
r3415,18,asana,GET,/portfolio_memberships,getPortfolioMemberships
r3416,19,asana,GET,/portfolio_memberships/{portfolio_membership_gid},getPortfolioMembership
r3417,15,asana,GET,/portfolios/{portfolio_gid}/portfolio_memberships,getPortfolioMembershipsForPortfolio
r3418,2,asana,GET,/portfolios,getPortfolios
r3419,5,asana,POST,/portfolios,createPortfolio
r3420,8,asana,GET,/portfolios/{portfolio_gid},getPortfolio
r3421,13,asana,PUT,/portfolios/{portfolio_gid},updatePortfolio
r3422,2,asana,DELETE,/portfolios/{portfolio_gid},deletePortfolio
r3423,18,asana,GET,/portfolios/{portfolio_gid}/items,getItemsForPortfolio
r3424,2,asana,POST,/portfolios/{portfolio_gid}/addItem,addItemForPortfolio
r3425,13,asana,POST,/portfolios/{portfolio_gid}/removeItem,removeItemForPortfolio
r3426,16,asana,POST,/portfolios/{portfolio_gid}/addCustomFieldSetting,addCustomFieldSettingForPortfolio
r3427,20,asana,POST,/portfolios/{portfolio_gid}/removeCustomFieldSetting,removeCustomFieldSettingForPortfolio
r3428,21,asana,POST,/portfolios/{portfolio_gid}/addMembers,addMembersForPortfolio
r3429,15,asana,POST,/portfolios/{portfolio_gid}/removeMembers,removeMembersForPortfolio
r3430,3,asana,POST,/portfolios/{portfolio_gid}/duplicate,duplicatePortfolio
r3431,7,asana,GET,/project_briefs/{project_brief_gid},getProjectBrief
r3432,2,asana,PUT,/project_briefs/{project_brief_gid},updateProjectBrief
r3433,9,asana,DELETE,/project_briefs/{project_brief_gid},deleteProjectBrief
r3434,9,asana,POST,/projects/{project_gid}/project_briefs,createProjectBrief
r3435,3,asana,GET,/project_memberships/{project_membership_gid},getProjectMembership
r3436,10,asana,GET,/projects/{project_gid}/project_memberships,getProjectMembershipsForProject
r3437,4,asana,GET,/project_portfolio_settings/{project_portfolio_setting_gid},getProjectPortfolioSetting
r3438,8,asana,PUT,/project_portfolio_settings/{project_portfolio_setting_gid},updateProjectPortfolioSetting
r3439,21,asana,GET,/projects/{project_gid}/project_portfolio_settings,getProjectPortfolioSettingsForProject
r3440,5,asana,GET,/portfolios/{portfolio_gid}/project_portfolio_settings,getProjectPortfolioSettingsForPortfolio
r3441,18,asana,GET,/project_statuses/{project_status_gid},getProjectStatus
r3442,21,asana,DELETE,/project_statuses/{project_status_gid},deleteProjectStatus
r3443,19,asana,GET,/projects/{project_gid}/project_statuses,getProjectStatusesForProject
r3444,4,asana,POST,/projects/{project_gid}/project_statuses,createProjectStatusForProject
r3445,10,asana,GET,/project_templates/{project_template_gid},getProjectTemplate
r3446,14,asana,DELETE,/project_templates/{project_template_gid},deleteProjectTemplate
r3447,5,asana,GET,/project_templates,getProjectTemplates
r3448,15,asana,GET,/teams/{team_gid}/project_templates,getProjectTemplatesForTeam
r3449,13,asana,POST,/project_templates/{project_template_gid}/instantiateProject,instantiateProject
r3450,2,asana,GET,/projects,getProjects
r3451,16,asana,POST,/projects,createProject
r3452,2,asana,GET,/projects/{project_gid},getProject
r3453,8,asana,PUT,/projects/{project_gid},updateProject
r3454,14,asana,DELETE,/projects/{project_gid},deleteProject
r3455,8,asana,POST,/projects/{project_gid}/duplicate,duplicateProject
r3456,18,asana,GET,/tasks/{task_gid}/projects,getProjectsForTask
r3457,3,asana,GET,/teams/{team_gid}/projects,getProjectsForTeam
r3458,3,asana,POST,/teams/{team_gid}/projects,createProjectForTeam
r3459,3,asana,GET,/workspaces/{workspace_gid}/projects,getProjectsForWorkspace
r3460,9,asana,POST,/workspaces/{workspace_gid}/projects,createProjectForWorkspace
r3461,14,asana,GET,/workspaces/{workspace_gid}/projects/search,searchProjectsForWorkspace
r3462,3,asana,POST,/projects/{project_gid}/addCustomFieldSetting,addCustomFieldSettingForProject
r3463,19,asana,POST,/projects/{project_gid}/removeCustomFieldSetting,removeCustomFieldSettingForProject
r3464,10,asana,GET,/projects/{project_gid}/task_counts,getTaskCountsForProject
r3465,8,asana,POST,/projects/{project_gid}/addMembers,addMembersForProject
r3466,19,asana,POST,/projects/{project_gid}/removeMembers,removeMembersForProject
r3467,15,asana,POST,/projects/{project_gid}/addFollowers,addFollowersForProject
r3468,21,asana,POST,/projects/{project_gid}/removeFollowers,removeFollowersForProject
r3469,18,asana,POST,/projects/{project_gid}/saveAsTemplate,projectSaveAsTemplate
r3470,3,asana,GET,/rates,getRates
r3471,10,asana,POST,/rates,createRate
r3472,14,asana,GET,/rates/{rate_gid},getRate
r3473,12,asana,PUT,/rates/{rate_gid},updateRate
r3474,21,asana,DELETE,/rates/{rate_gid},deleteRate
r3475,8,asana,GET,/reactions,getReactionsOnObject
r3476,2,asana,GET,/roles,getRoles
r3477,18,asana,POST,/roles,createRole
r3478,11,asana,GET,/roles/{role_gid},getRole
r3479,18,asana,PUT,/roles/{role_gid},updateRole
r3480,4,asana,DELETE,/roles/{role_gid},deleteRole
r3481,16,asana,POST,/rule_triggers/{rule_trigger_gid}/run,triggerRule
r3482,5,asana,GET,/sections/{section_gid},getSection
r3483,6,asana,PUT,/sections/{section_gid},updateSection
r3484,7,asana,DELETE,/sections/{section_gid},deleteSection
r3485,15,asana,GET,/projects/{project_gid}/sections,getSectionsForProject
r3486,21,asana,POST,/projects/{project_gid}/sections,createSectionForProject
r3487,17,asana,POST,/sections/{section_gid}/addTask,addTaskForSection
r3488,5,asana,POST,/projects/{project_gid}/sections/insert,insertSectionForProject
r3489,13,asana,GET,/status_updates/{status_update_gid},getStatus
r3490,17,asana,DELETE,/status_updates/{status_update_gid},deleteStatus
r3491,19,asana,GET,/status_updates,getStatusesForObject
r3492,8,asana,POST,/status_updates,createStatusForObject
r3493,16,asana,GET,/stories/{story_gid},getStory
r3494,20,asana,PUT,/stories/{story_gid},updateStory
r3495,11,asana,DELETE,/stories/{story_gid},deleteStory
r3496,18,asana,GET,/tasks/{task_gid}/stories,getStoriesForTask
r3497,1,asana,POST,/tasks/{task_gid}/stories,createStoryForTask
r3498,3,asana,GET,/goals/{goal_gid}/stories,getStoriesForGoal
r3499,12,asana,POST,/goals/{goal_gid}/stories,createStoryForGoal
r3500,20,asana,GET,/tags,getTags
r3501,20,asana,POST,/tags,createTag
r3502,19,asana,GET,/tags/{tag_gid},getTag
r3503,20,asana,PUT,/tags/{tag_gid},updateTag
r3504,6,asana,DELETE,/tags/{tag_gid},deleteTag
r3505,1,asana,GET,/tasks/{task_gid}/tags,getTagsForTask
r3506,7,asana,GET,/workspaces/{workspace_gid}/tags,getTagsForWorkspace
r3507,1,asana,POST,/workspaces/{workspace_gid}/tags,createTagForWorkspace
r3508,9,asana,GET,/task_templates,getTaskTemplates
r3509,18,asana,GET,/task_templates/{task_template_gid},getTaskTemplate
r3510,1,asana,DELETE,/task_templates/{task_template_gid},deleteTaskTemplate
r3511,11,asana,POST,/task_templates/{task_template_gid}/instantiateTask,instantiateTask
r3512,9,asana,GET,/tasks,getTasks
r3513,15,asana,POST,/tasks,createTask
r3514,7,asana,GET,/tasks/{task_gid},getTask
r3515,4,asana,PUT,/tasks/{task_gid},updateTask
r3516,17,asana,DELETE,/tasks/{task_gid},deleteTask
r3517,19,asana,POST,/tasks/{task_gid}/duplicate,duplicateTask
r3518,4,asana,GET,/projects/{project_gid}/tasks,getTasksForProject
r3519,5,asana,GET,/sections/{section_gid}/tasks,getTasksForSection
r3520,5,asana,GET,/tags/{tag_gid}/tasks,getTasksForTag
r3521,7,asana,GET,/user_task_lists/{user_task_list_gid}/tasks,getTasksForUserTaskList
r3522,13,asana,GET,/tasks/{task_gid}/subtasks,getSubtasksForTask
r3523,17,asana,POST,/tasks/{task_gid}/subtasks,createSubtaskForTask
r3524,1,asana,POST,/tasks/{task_gid}/setParent,setParentForTask
r3525,11,asana,GET,/tasks/{task_gid}/dependencies,getDependenciesForTask
r3526,3,asana,POST,/tasks/{task_gid}/addDependencies,addDependenciesForTask
r3527,16,asana,POST,/tasks/{task_gid}/removeDependencies,removeDependenciesForTask
r3528,20,asana,GET,/tasks/{task_gid}/dependents,getDependentsForTask
r3529,18,asana,POST,/tasks/{task_gid}/addDependents,addDependentsForTask
r3530,1,asana,POST,/tasks/{task_gid}/removeDependents,removeDependentsForTask
r3531,12,asana,POST,/tasks/{task_gid}/addProject,addProjectForTask
r3532,8,asana,POST,/tasks/{task_gid}/removeProject,removeProjectForTask
r3533,7,asana,POST,/tasks/{task_gid}/addTag,addTagForTask
r3534,1,asana,POST,/tasks/{task_gid}/removeTag,removeTagForTask
r3535,12,asana,POST,/tasks/{task_gid}/addFollowers,addFollowersForTask
r3536,3,asana,POST,/tasks/{task_gid}/removeFollowers,removeFollowerForTask
r3537,14,asana,GET,/workspaces/{workspace_gid}/tasks/custom_id/{custom_id},getTaskForCustomID
r3538,18,asana,GET,/workspaces/{workspace_gid}/tasks/search,searchTasksForWorkspace
r3539,7,asana,GET,/team_memberships/{team_membership_gid},getTeamMembership
r3540,6,asana,GET,/team_memberships,getTeamMemberships
r3541,12,asana,GET,/teams/{team_gid}/team_memberships,getTeamMembershipsForTeam
r3542,17,asana,GET,/users/{user_gid}/team_memberships,getTeamMembershipsForUser
r3543,15,asana,POST,/teams,createTeam
r3544,11,asana,GET,/teams/{team_gid},getTeam
r3545,5,asana,PUT,/teams/{team_gid},updateTeam
r3546,8,asana,GET,/workspaces/{workspace_gid}/teams,getTeamsForWorkspace
r3547,8,asana,GET,/users/{user_gid}/teams,getTeamsForUser
r3548,5,asana,POST,/teams/{team_gid}/addUser,addUserForTeam
r3549,6,asana,POST,/teams/{team_gid}/removeUser,removeUserForTeam
r3550,20,asana,GET,/time_periods/{time_period_gid},getTimePeriod
r3551,13,asana,GET,/time_periods,getTimePeriods
r3552,16,asana,GET,/time_tracking_categories/{time_tracking_category_gid},getTimeTrackingCategory
r3553,18,asana,PUT,/time_tracking_categories/{time_tracking_category_gid},updateTimeTrackingCategory
r3554,19,asana,DELETE,/time_tracking_categories/{time_tracking_category_gid},deleteTimeTrackingCategory
r3555,14,asana,GET,/time_tracking_categories/{time_tracking_category_gid}/time_tracking_entries,getTimeTrackingEntriesForTimeTrackingCategory
r3556,16,asana,GET,/time_tracking_categories,getTimeTrackingCategories
r3557,5,asana,POST,/time_tracking_categories,createTimeTrackingCategory
r3558,2,asana,GET,/tasks/{task_gid}/time_tracking_entries,getTimeTrackingEntriesForTask
r3559,11,asana,POST,/tasks/{task_gid}/time_tracking_entries,createTimeTrackingEntry
r3560,13,asana,GET,/time_tracking_entries/{time_tracking_entry_gid},getTimeTrackingEntry
r3561,15,asana,PUT,/time_tracking_entries/{time_tracking_entry_gid},updateTimeTrackingEntry
r3562,3,asana,DELETE,/time_tracking_entries/{time_tracking_entry_gid},deleteTimeTrackingEntry
r3563,12,asana,GET,/time_tracking_entries,getTimeTrackingEntries
r3564,5,asana,GET,/timesheet_approval_statuses/{timesheet_approval_status_gid},getTimesheetApprovalStatus
r3565,16,asana,PUT,/timesheet_approval_statuses/{timesheet_approval_status_gid},updateTimesheetApprovalStatus
r3566,3,asana,GET,/timesheet_approval_statuses,getTimesheetApprovalStatuses
r3567,11,asana,POST,/timesheet_approval_statuses,createTimesheetApprovalStatus
r3568,20,asana,GET,/workspaces/{workspace_gid}/typeahead,typeaheadForWorkspace
r3569,2,asana,GET,/user_task_lists/{user_task_list_gid},getUserTaskList
r3570,21,asana,GET,/users/{user_gid}/user_task_list,getUserTaskListForUser
r3571,18,asana,GET,/users,getUsers
r3572,20,asana,GET,/users/{user_gid},getUser
r3573,16,asana,PUT,/users/{user_gid},updateUser
r3574,5,asana,GET,/users/{user_gid}/favorites,getFavoritesForUser
r3575,5,asana,GET,/teams/{team_gid}/users,getUsersForTeam
r3576,21,asana,GET,/workspaces/{workspace_gid}/users,getUsersForWorkspace
r3577,11,asana,GET,/workspaces/{workspace_gid}/users/{user_gid},getUserForWorkspace
r3578,15,asana,PUT,/workspaces/{workspace_gid}/users/{user_gid},updateUserForWorkspace
r3579,17,asana,GET,/webhooks,getWebhooks
r3580,21,asana,POST,/webhooks,createWebhook
r3581,21,asana,GET,/webhooks/{webhook_gid},getWebhook
r3582,7,asana,PUT,/webhooks/{webhook_gid},updateWebhook
r3583,2,asana,DELETE,/webhooks/{webhook_gid},deleteWebhook
r3584,2,asana,GET,/workspace_memberships/{workspace_membership_gid},getWorkspaceMembership
r3585,20,asana,GET,/users/{user_gid}/workspace_memberships,getWorkspaceMembershipsForUser
r3586,14,asana,GET,/workspaces/{workspace_gid}/workspace_memberships,getWorkspaceMembershipsForWorkspace
r3587,13,asana,GET,/workspaces,getWorkspaces
r3588,4,asana,GET,/workspaces/{workspace_gid},getWorkspace
r3589,11,asana,PUT,/workspaces/{workspace_gid},updateWorkspace
r3590,6,asana,POST,/workspaces/{workspace_gid}/addUser,addUserForWorkspace
r3591,7,asana,POST,/workspaces/{workspace_gid}/removeUser,removeUserForWorkspace
r3592,20,asana,GET,/workspaces/{workspace_gid}/events,getWorkspaceEvents
r3593,9,datadog,GET,/,GetIPRanges
r3594,21,datadog,GET,/api/v1/api_key,ListAPIKeys
r3595,1,datadog,POST,/api/v1/api_key,CreateAPIKey
r3596,12,datadog,GET,/api/v1/api_key/{key},GetAPIKey
r3597,8,datadog,PUT,/api/v1/api_key/{key},UpdateAPIKey
r3598,9,datadog,DELETE,/api/v1/api_key/{key},DeleteAPIKey
r3599,18,datadog,GET,/api/v1/application_key,ListApplicationKeys
r3600,8,datadog,POST,/api/v1/application_key,CreateApplicationKey
r3601,14,datadog,GET,/api/v1/application_key/{key},GetApplicationKey
r3602,18,datadog,PUT,/api/v1/application_key/{key},UpdateApplicationKey
r3603,12,datadog,DELETE,/api/v1/application_key/{key},DeleteApplicationKey
r3604,6,datadog,POST,/api/v1/check_run,SubmitServiceCheck
r3605,5,datadog,GET,/api/v1/daily_custom_reports,GetDailyCustomReports
r3606,21,datadog,GET,/api/v1/daily_custom_reports/{report_id},GetSpecifiedDailyCustomReports
r3607,7,datadog,GET,/api/v1/dashboard,ListDashboards
r3608,1,datadog,POST,/api/v1/dashboard,CreateDashboard
r3609,16,datadog,DELETE,/api/v1/dashboard,DeleteDashboards
r3610,7,datadog,PATCH,/api/v1/dashboard,RestoreDashboards
r3611,12,datadog,GET,/api/v1/dashboard/lists/manual,ListDashboardLists
r3612,11,datadog,POST,/api/v1/dashboard/lists/manual,CreateDashboardList
r3613,12,datadog,GET,/api/v1/dashboard/lists/manual/{list_id},GetDashboardList
r3614,10,datadog,PUT,/api/v1/dashboard/lists/manual/{list_id},UpdateDashboardList
r3615,3,datadog,DELETE,/api/v1/dashboard/lists/manual/{list_id},DeleteDashboardList
r3616,20,datadog,POST,/api/v1/dashboard/public,CreatePublicDashboard
r3617,10,datadog,GET,/api/v1/dashboard/public/{token},GetPublicDashboard
r3618,11,datadog,PUT,/api/v1/dashboard/public/{token},UpdatePublicDashboard
r3619,17,datadog,DELETE,/api/v1/dashboard/public/{token},DeletePublicDashboard
r3620,15,datadog,GET,/api/v1/dashboard/public/{token}/invitation,GetPublicDashboardInvitations
r3621,13,datadog,POST,/api/v1/dashboard/public/{token}/invitation,SendPublicDashboardInvitation
r3622,16,datadog,DELETE,/api/v1/dashboard/public/{token}/invitation,DeletePublicDashboardInvitation
r3623,14,datadog,GET,/api/v1/dashboard/{dashboard_id},GetDashboard
r3624,14,datadog,PUT,/api/v1/dashboard/{dashboard_id},UpdateDashboard
r3625,6,datadog,DELETE,/api/v1/dashboard/{dashboard_id},DeleteDashboard
r3626,17,datadog,POST,/api/v1/distribution_points,SubmitDistributionPoints
r3627,8,datadog,GET,/api/v1/downtime,ListDowntimes
r3628,20,datadog,POST,/api/v1/downtime,CreateDowntime
r3629,17,datadog,POST,/api/v1/downtime/cancel/by_scope,CancelDowntimesByScope
r3630,6,datadog,GET,/api/v1/downtime/{downtime_id},GetDowntime
r3631,17,datadog,PUT,/api/v1/downtime/{downtime_id},UpdateDowntime
r3632,11,datadog,DELETE,/api/v1/downtime/{downtime_id},CancelDowntime
r3633,13,datadog,GET,/api/v1/events,ListEvents
r3634,8,datadog,POST,/api/v1/events,CreateEvent
r3635,13,datadog,GET,/api/v1/events/{event_id},GetEvent
r3636,7,datadog,GET,/api/v1/graph/snapshot,GetGraphSnapshot
r3637,3,datadog,POST,/api/v1/host/{host_name}/mute,MuteHost
r3638,20,datadog,POST,/api/v1/host/{host_name}/unmute,UnmuteHost
r3639,15,datadog,GET,/api/v1/hosts,ListHosts
r3640,1,datadog,GET,/api/v1/hosts/totals,GetHostTotals
r3641,13,datadog,GET,/api/v1/integration/aws,ListAWSAccounts
r3642,16,datadog,PUT,/api/v1/integration/aws,UpdateAWSAccount
r3643,15,datadog,POST,/api/v1/integration/aws,CreateAWSAccount
r3644,19,datadog,DELETE,/api/v1/integration/aws,DeleteAWSAccount
r3645,13,datadog,GET,/api/v1/integration/aws/available_namespace_rules,ListAvailableAWSNamespaces
r3646,17,datadog,GET,/api/v1/integration/aws/event_bridge,ListAWSEventBridgeSources
r3647,1,datadog,POST,/api/v1/integration/aws/event_bridge,CreateAWSEventBridgeSource
r3648,5,datadog,DELETE,/api/v1/integration/aws/event_bridge,DeleteAWSEventBridgeSource
r3649,18,datadog,GET,/api/v1/integration/aws/filtering,ListAWSTagFilters
r3650,16,datadog,POST,/api/v1/integration/aws/filtering,CreateAWSTagFilter
r3651,10,datadog,DELETE,/api/v1/integration/aws/filtering,DeleteAWSTagFilter
r3652,4,datadog,PUT,/api/v1/integration/aws/generate_new_external_id,CreateNewAWSExternalID
r3653,16,datadog,GET,/api/v1/integration/aws/logs,ListAWSLogsIntegrations
r3654,19,datadog,POST,/api/v1/integration/aws/logs,CreateAWSLambdaARN
r3655,9,datadog,DELETE,/api/v1/integration/aws/logs,DeleteAWSLambdaARN
r3656,15,datadog,POST,/api/v1/integration/aws/logs/check_async,CheckAWSLogsLambdaAsync
r3657,18,datadog,GET,/api/v1/integration/aws/logs/services,ListAWSLogsServices
r3658,2,datadog,POST,/api/v1/integration/aws/logs/services,EnableAWSLogServices
r3659,1,datadog,POST,/api/v1/integration/aws/logs/services_async,CheckAWSLogsServicesAsync
r3660,10,datadog,GET,/api/v1/integration/azure,ListAzureIntegration
r3661,19,datadog,PUT,/api/v1/integration/azure,UpdateAzureIntegration
r3662,18,datadog,POST,/api/v1/integration/azure,CreateAzureIntegration
r3663,2,datadog,DELETE,/api/v1/integration/azure,DeleteAzureIntegration
r3664,2,datadog,POST,/api/v1/integration/azure/host_filters,UpdateAzureHostFilters
r3665,17,datadog,GET,/api/v1/integration/gcp,ListGCPIntegration
r3666,19,datadog,PUT,/api/v1/integration/gcp,UpdateGCPIntegration
r3667,19,datadog,POST,/api/v1/integration/gcp,CreateGCPIntegration
r3668,16,datadog,DELETE,/api/v1/integration/gcp,DeleteGCPIntegration
r3669,3,datadog,POST,/api/v1/integration/pagerduty/configuration/services,CreatePagerDutyIntegrationService
r3670,10,datadog,GET,/api/v1/integration/pagerduty/configuration/services/{service_name},GetPagerDutyIntegrationService
r3671,16,datadog,PUT,/api/v1/integration/pagerduty/configuration/services/{service_name},UpdatePagerDutyIntegrationService
r3672,4,datadog,DELETE,/api/v1/integration/pagerduty/configuration/services/{service_name},DeletePagerDutyIntegrationService
r3673,16,datadog,GET,/api/v1/integration/slack/configuration/accounts/{account_name}/channels,GetSlackIntegrationChannels
r3674,2,datadog,POST,/api/v1/integration/slack/configuration/accounts/{account_name}/channels,CreateSlackIntegrationChannel
r3675,19,datadog,GET,/api/v1/integration/slack/configuration/accounts/{account_name}/channels/{channel_name},GetSlackIntegrationChannel
r3676,6,datadog,DELETE,/api/v1/integration/slack/configuration/accounts/{account_name}/channels/{channel_name},RemoveSlackIntegrationChannel
r3677,19,datadog,PATCH,/api/v1/integration/slack/configuration/accounts/{account_name}/channels/{channel_name},UpdateSlackIntegrationChannel
r3678,1,datadog,POST,/api/v1/integration/webhooks/configuration/custom-variables,CreateWebhooksIntegrationCustomVariable
r3679,10,datadog,GET,/api/v1/integration/webhooks/configuration/custom-variables/{custom_variable_name},GetWebhooksIntegrationCustomVariable
r3680,6,datadog,PUT,/api/v1/integration/webhooks/configuration/custom-variables/{custom_variable_name},UpdateWebhooksIntegrationCustomVariable
r3681,8,datadog,DELETE,/api/v1/integration/webhooks/configuration/custom-variables/{custom_variable_name},DeleteWebhooksIntegrationCustomVariable
r3682,7,datadog,POST,/api/v1/integration/webhooks/configuration/webhooks,CreateWebhooksIntegration
r3683,15,datadog,GET,/api/v1/integration/webhooks/configuration/webhooks/{webhook_name},GetWebhooksIntegration
r3684,9,datadog,PUT,/api/v1/integration/webhooks/configuration/webhooks/{webhook_name},UpdateWebhooksIntegration
r3685,15,datadog,DELETE,/api/v1/integration/webhooks/configuration/webhooks/{webhook_name},DeleteWebhooksIntegration
r3686,18,datadog,POST,/api/v1/logs-queries/list,ListLogs
r3687,2,datadog,GET,/api/v1/logs/config/index-order,GetLogsIndexOrder
r3688,15,datadog,PUT,/api/v1/logs/config/index-order,UpdateLogsIndexOrder
r3689,12,datadog,GET,/api/v1/logs/config/indexes,ListLogIndexes
r3690,2,datadog,POST,/api/v1/logs/config/indexes,CreateLogsIndex
r3691,14,datadog,GET,/api/v1/logs/config/indexes/{name},GetLogsIndex
r3692,9,datadog,PUT,/api/v1/logs/config/indexes/{name},UpdateLogsIndex
r3693,2,datadog,DELETE,/api/v1/logs/config/indexes/{name},DeleteLogsIndex
r3694,7,datadog,GET,/api/v1/logs/config/pipeline-order,GetLogsPipelineOrder
r3695,11,datadog,PUT,/api/v1/logs/config/pipeline-order,UpdateLogsPipelineOrder
r3696,13,datadog,GET,/api/v1/logs/config/pipelines,ListLogsPipelines
r3697,20,datadog,POST,/api/v1/logs/config/pipelines,CreateLogsPipeline
r3698,21,datadog,GET,/api/v1/logs/config/pipelines/{pipeline_id},GetLogsPipeline
r3699,6,datadog,PUT,/api/v1/logs/config/pipelines/{pipeline_id},UpdateLogsPipeline
r3700,9,datadog,DELETE,/api/v1/logs/config/pipelines/{pipeline_id},DeleteLogsPipeline
r3701,3,datadog,GET,/api/v1/metrics,ListActiveMetrics
r3702,9,datadog,GET,/api/v1/metrics/{metric_name},GetMetricMetadata
r3703,10,datadog,PUT,/api/v1/metrics/{metric_name},UpdateMetricMetadata
r3704,16,datadog,GET,/api/v1/monitor,ListMonitors
r3705,9,datadog,POST,/api/v1/monitor,CreateMonitor
r3706,13,datadog,GET,/api/v1/monitor/can_delete,CheckCanDeleteMonitor
r3707,14,datadog,GET,/api/v1/monitor/groups/search,SearchMonitorGroups
r3708,2,datadog,GET,/api/v1/monitor/search,SearchMonitors
r3709,4,datadog,POST,/api/v1/monitor/validate,ValidateMonitor
r3710,11,datadog,GET,/api/v1/monitor/{monitor_id},GetMonitor
r3711,7,datadog,PUT,/api/v1/monitor/{monitor_id},UpdateMonitor
r3712,21,datadog,DELETE,/api/v1/monitor/{monitor_id},DeleteMonitor
r3713,12,datadog,GET,/api/v1/monitor/{monitor_id}/downtimes,ListMonitorDowntimes
r3714,9,datadog,POST,/api/v1/monitor/{monitor_id}/validate,ValidateExistingMonitor
r3715,17,datadog,GET,/api/v1/monthly_custom_reports,GetMonthlyCustomReports
r3716,12,datadog,GET,/api/v1/monthly_custom_reports/{report_id},GetSpecifiedMonthlyCustomReports
r3717,8,datadog,GET,/api/v1/notebooks,ListNotebooks
r3718,8,datadog,POST,/api/v1/notebooks,CreateNotebook
r3719,20,datadog,GET,/api/v1/notebooks/{notebook_id},GetNotebook
r3720,4,datadog,PUT,/api/v1/notebooks/{notebook_id},UpdateNotebook
r3721,14,datadog,DELETE,/api/v1/notebooks/{notebook_id},DeleteNotebook
r3722,20,datadog,GET,/api/v1/org,ListOrgs
r3723,18,datadog,POST,/api/v1/org,CreateChildOrg
r3724,17,datadog,GET,/api/v1/org/{public_id},GetOrg
r3725,2,datadog,PUT,/api/v1/org/{public_id},UpdateOrg
r3726,15,datadog,POST,/api/v1/org/{public_id}/downgrade,DowngradeOrg
r3727,19,datadog,POST,/api/v1/org/{public_id}/idp_metadata,UploadIdPForOrg
r3728,20,datadog,GET,/api/v1/query,QueryMetrics
r3729,2,datadog,GET,/api/v1/search,ListMetrics
r3730,8,datadog,PATCH,/api/v1/security_analytics/signals/{signal_id}/add_to_incident,AddSecurityMonitoringSignalToIncident
r3731,9,datadog,PATCH,/api/v1/security_analytics/signals/{signal_id}/assignee,EditSecurityMonitoringSignalAssignee
r3732,17,datadog,PATCH,/api/v1/security_analytics/signals/{signal_id}/state,EditSecurityMonitoringSignalState
r3733,21,datadog,POST,/api/v1/series,SubmitMetrics
r3734,19,datadog,GET,/api/v1/slo,ListSLOs
r3735,16,datadog,POST,/api/v1/slo,CreateSLO
r3736,12,datadog,POST,/api/v1/slo/bulk_delete,DeleteSLOTimeframeInBulk
r3737,8,datadog,GET,/api/v1/slo/can_delete,CheckCanDeleteSLO
r3738,14,datadog,GET,/api/v1/slo/correction,ListSLOCorrection
r3739,10,datadog,POST,/api/v1/slo/correction,CreateSLOCorrection
r3740,1,datadog,GET,/api/v1/slo/correction/{slo_correction_id},GetSLOCorrection
r3741,13,datadog,DELETE,/api/v1/slo/correction/{slo_correction_id},DeleteSLOCorrection
r3742,10,datadog,PATCH,/api/v1/slo/correction/{slo_correction_id},UpdateSLOCorrection
r3743,4,datadog,GET,/api/v1/slo/search,SearchSLO
r3744,17,datadog,GET,/api/v1/slo/{slo_id},GetSLO
r3745,2,datadog,PUT,/api/v1/slo/{slo_id},UpdateSLO
r3746,12,datadog,DELETE,/api/v1/slo/{slo_id},DeleteSLO
r3747,4,datadog,GET,/api/v1/slo/{slo_id}/corrections,GetSLOCorrections
r3748,17,datadog,GET,/api/v1/slo/{slo_id}/history,GetSLOHistory
r3749,15,datadog,GET,/api/v1/synthetics/ci/batch/{batch_id},GetSyntheticsCIBatch
r3750,3,datadog,GET,/api/v1/synthetics/locations,ListLocations
r3751,19,datadog,POST,/api/v1/synthetics/private-locations,CreatePrivateLocation
r3752,16,datadog,GET,/api/v1/synthetics/private-locations/{location_id},GetPrivateLocation
r3753,6,datadog,PUT,/api/v1/synthetics/private-locations/{location_id},UpdatePrivateLocation
r3754,10,datadog,DELETE,/api/v1/synthetics/private-locations/{location_id},DeletePrivateLocation
r3755,11,datadog,GET,/api/v1/synthetics/settings/default_locations,GetSyntheticsDefaultLocations
r3756,4,datadog,GET,/api/v1/synthetics/tests,ListTests
r3757,1,datadog,POST,/api/v1/synthetics/tests/api,CreateSyntheticsAPITest
r3758,20,datadog,GET,/api/v1/synthetics/tests/api/{public_id},GetAPITest
r3759,13,datadog,PUT,/api/v1/synthetics/tests/api/{public_id},UpdateAPITest
r3760,5,datadog,POST,/api/v1/synthetics/tests/browser,CreateSyntheticsBrowserTest
r3761,3,datadog,GET,/api/v1/synthetics/tests/browser/{public_id},GetBrowserTest
r3762,12,datadog,PUT,/api/v1/synthetics/tests/browser/{public_id},UpdateBrowserTest
r3763,4,datadog,GET,/api/v1/synthetics/tests/browser/{public_id}/results,GetBrowserTestLatestResults
r3764,5,datadog,GET,/api/v1/synthetics/tests/browser/{public_id}/results/{result_id},GetBrowserTestResult
r3765,15,datadog,POST,/api/v1/synthetics/tests/delete,DeleteTests
r3766,19,datadog,POST,/api/v1/synthetics/tests/mobile,CreateSyntheticsMobileTest
r3767,4,datadog,GET,/api/v1/synthetics/tests/mobile/{public_id},GetMobileTest
r3768,15,datadog,PUT,/api/v1/synthetics/tests/mobile/{public_id},UpdateMobileTest
r3769,20,datadog,GET,/api/v1/synthetics/tests/search,SearchTests
r3770,20,datadog,POST,/api/v1/synthetics/tests/trigger,TriggerTests
r3771,19,datadog,POST,/api/v1/synthetics/tests/trigger/ci,TriggerCITests
r3772,4,datadog,POST,/api/v1/synthetics/tests/uptimes,FetchUptimes
r3773,12,datadog,GET,/api/v1/synthetics/tests/{public_id},GetTest
r3774,20,datadog,PATCH,/api/v1/synthetics/tests/{public_id},PatchTest
r3775,12,datadog,GET,/api/v1/synthetics/tests/{public_id}/results,GetAPITestLatestResults
r3776,16,datadog,GET,/api/v1/synthetics/tests/{public_id}/results/{result_id},GetAPITestResult
r3777,2,datadog,PUT,/api/v1/synthetics/tests/{public_id}/status,UpdateTestPauseStatus
r3778,16,datadog,GET,/api/v1/synthetics/variables,ListGlobalVariables
r3779,15,datadog,POST,/api/v1/synthetics/variables,CreateGlobalVariable
r3780,17,datadog,GET,/api/v1/synthetics/variables/{variable_id},GetGlobalVariable
r3781,13,datadog,PUT,/api/v1/synthetics/variables/{variable_id},EditGlobalVariable
r3782,5,datadog,DELETE,/api/v1/synthetics/variables/{variable_id},DeleteGlobalVariable
r3783,13,datadog,GET,/api/v1/tags/hosts,ListHostTags
r3784,17,datadog,GET,/api/v1/tags/hosts/{host_name},GetHostTags
r3785,17,datadog,PUT,/api/v1/tags/hosts/{host_name},UpdateHostTags
r3786,5,datadog,POST,/api/v1/tags/hosts/{host_name},CreateHostTags
r3787,3,datadog,DELETE,/api/v1/tags/hosts/{host_name},DeleteHostTags
r3788,11,datadog,GET,/api/v1/usage/analyzed_logs,GetUsageAnalyzedLogs
r3789,3,datadog,GET,/api/v1/usage/audit_logs,GetUsageAuditLogs
r3790,20,datadog,GET,/api/v1/usage/aws_lambda,GetUsageLambda
r3791,5,datadog,GET,/api/v1/usage/billable-summary,GetUsageBillableSummary
r3792,1,datadog,GET,/api/v1/usage/ci-app,GetUsageCIApp
r3793,9,datadog,GET,/api/v1/usage/cspm,GetUsageCloudSecurityPostureManagement
r3794,6,datadog,GET,/api/v1/usage/cws,GetUsageCWS
r3795,3,datadog,GET,/api/v1/usage/dbm,GetUsageDBM
r3796,10,datadog,GET,/api/v1/usage/fargate,GetUsageFargate
r3797,20,datadog,GET,/api/v1/usage/hosts,GetUsageHosts
r3798,16,datadog,GET,/api/v1/usage/hourly-attribution,GetHourlyUsageAttribution
r3799,17,datadog,GET,/api/v1/usage/incident-management,GetIncidentManagement
r3800,2,datadog,GET,/api/v1/usage/indexed-spans,GetUsageIndexedSpans
r3801,20,datadog,GET,/api/v1/usage/ingested-spans,GetIngestedSpans
r3802,20,datadog,GET,/api/v1/usage/iot,GetUsageInternetOfThings
r3803,6,datadog,GET,/api/v1/usage/logs,GetUsageLogs
r3804,2,datadog,GET,/api/v1/usage/logs-by-retention,GetUsageLogsByRetention
r3805,21,datadog,GET,/api/v1/usage/logs_by_index,GetUsageLogsByIndex
r3806,15,datadog,GET,/api/v1/usage/monthly-attribution,GetMonthlyUsageAttribution
r3807,3,datadog,GET,/api/v1/usage/network_flows,GetUsageNetworkFlows
r3808,4,datadog,GET,/api/v1/usage/network_hosts,GetUsageNetworkHosts
r3809,19,datadog,GET,/api/v1/usage/online-archive,GetUsageOnlineArchive
r3810,2,datadog,GET,/api/v1/usage/profiling,GetUsageProfiling
r3811,21,datadog,GET,/api/v1/usage/rum,GetUsageRumUnits
r3812,16,datadog,GET,/api/v1/usage/rum_sessions,GetUsageRumSessions
r3813,5,datadog,GET,/api/v1/usage/sds,GetUsageSDS
r3814,7,datadog,GET,/api/v1/usage/snmp,GetUsageSNMP
r3815,20,datadog,GET,/api/v1/usage/summary,GetUsageSummary
r3816,7,datadog,GET,/api/v1/usage/synthetics,GetUsageSynthetics
r3817,5,datadog,GET,/api/v1/usage/synthetics_api,GetUsageSyntheticsAPI
r3818,13,datadog,GET,/api/v1/usage/synthetics_browser,GetUsageSyntheticsBrowser
r3819,21,datadog,GET,/api/v1/usage/timeseries,GetUsageTimeseries
r3820,20,datadog,GET,/api/v1/usage/top_avg_metrics,GetUsageTopAvgMetrics
r3821,11,datadog,GET,/api/v1/user,ListUsers
r3822,6,datadog,POST,/api/v1/user,CreateUser
r3823,5,datadog,GET,/api/v1/user/{user_handle},GetUser
r3824,13,datadog,PUT,/api/v1/user/{user_handle},UpdateUser
r3825,20,datadog,DELETE,/api/v1/user/{user_handle},DisableUser
r3826,7,datadog,GET,/api/v1/validate,Validate
r3827,20,datadog,POST,/v1/input,SubmitLog
r3828,17,intercom,GET,/me,identifyAdmin
r3829,10,intercom,GET,/macros/{id},getMacro
r3830,16,intercom,GET,/macros,listMacros
r3831,13,intercom,PUT,/admins/{admin_id}/away,setAwayAdmin
r3832,13,intercom,GET,/admins/activity_logs,listActivityLogs
r3833,7,intercom,POST,/admins/activity_logs/search,searchActivityLogs
r3834,20,intercom,GET,/admins/activity_log_event_types,listActivityLogEventTypes
r3835,6,intercom,GET,/admins,listAdmins
r3836,18,intercom,GET,/office_hours_schedules/{office_hours_schedule_id}/office_hours_exceptions/{id},getOfficeHoursException
r3837,19,intercom,PUT,/office_hours_schedules/{office_hours_schedule_id}/office_hours_exceptions/{id},updateOfficeHoursException
r3838,15,intercom,DELETE,/office_hours_schedules/{office_hours_schedule_id}/office_hours_exceptions/{id},deleteOfficeHoursException
r3839,12,intercom,GET,/office_hours_schedules/{office_hours_schedule_id}/office_hours_exceptions,listOfficeHoursExceptions
r3840,17,intercom,POST,/office_hours_schedules/{office_hours_schedule_id}/office_hours_exceptions,createOfficeHoursException
r3841,6,intercom,GET,/office_hours_schedules/{id},getOfficeHoursSchedule
r3842,18,intercom,PUT,/office_hours_schedules/{id},updateOfficeHoursSchedule
r3843,11,intercom,DELETE,/office_hours_schedules/{id},deleteOfficeHoursSchedule
r3844,14,intercom,GET,/office_hours_schedules,listOfficeHoursSchedules
r3845,21,intercom,POST,/office_hours_schedules,createOfficeHoursSchedule
r3846,21,intercom,GET,/admins/{admin_id},retrieveAdmin
r3847,9,intercom,GET,/ai/content_import_sources,listContentImportSources
r3848,20,intercom,POST,/ai/content_import_sources,createContentImportSource
r3849,8,intercom,GET,/ai/content_import_sources/{source_id},getContentImportSource
r3850,3,intercom,PUT,/ai/content_import_sources/{source_id},updateContentImportSource
r3851,12,intercom,DELETE,/ai/content_import_sources/{source_id},deleteContentImportSource
r3852,14,intercom,GET,/ai/external_pages,listExternalPages
r3853,18,intercom,POST,/ai/external_pages,createExternalPage
r3854,2,intercom,GET,/ai/external_pages/{page_id},getExternalPage
r3855,8,intercom,PUT,/ai/external_pages/{page_id},updateExternalPage
r3856,7,intercom,DELETE,/ai/external_pages/{page_id},deleteExternalPage
r3857,18,intercom,GET,/articles,listArticles
r3858,12,intercom,POST,/articles,createArticle
r3859,1,intercom,GET,/articles/{article_id},retrieveArticle
r3860,10,intercom,PUT,/articles/{article_id},updateArticle
r3861,9,intercom,DELETE,/articles/{article_id},deleteArticle
r3862,11,intercom,GET,/articles/{id}/draft,retrieveArticleDraft
r3863,12,intercom,PUT,/articles/{id}/draft,stageArticleDraft
r3864,19,intercom,POST,/articles/{id}/draft/publish,publishArticleDraft
r3865,11,intercom,POST,/articles/{article_id}/tags,attachTagToArticle
r3866,3,intercom,DELETE,/articles/{article_id}/tags/{id},detachTagFromArticle
r3867,12,intercom,GET,/articles/{article_id}/versions,listArticleVersions
r3868,9,intercom,GET,/articles/{article_id}/versions/{id},retrieveArticleVersion
r3869,10,intercom,GET,/articles/search,searchArticles
r3870,1,intercom,GET,/away_status_reasons,listAwayStatusReasons
r3871,1,intercom,GET,/audiences,listAudiences
r3872,10,intercom,POST,/audiences,createAudience
r3873,19,intercom,GET,/audiences/{id},retrieveAudience
r3874,9,intercom,PUT,/audiences/{id},updateAudience
r3875,13,intercom,DELETE,/audiences/{id},deleteAudience
r3876,10,intercom,POST,/export/reporting_data/enqueue,
r3877,2,intercom,GET,/export/reporting_data/{job_identifier},
r3878,6,intercom,GET,/export/reporting_data/get_datasets,
r3879,2,intercom,GET,/download/reporting_data/{job_identifier},
r3880,21,intercom,POST,/fin/start,startFinConversation
r3881,19,intercom,POST,/fin/reply,replyToFin
r3882,18,intercom,POST,/fin/csat,submitFinCsat
r3883,11,intercom,GET,/help_center/help_centers/{help_center_id}/redirects,listHelpCenterRedirects
r3884,19,intercom,POST,/help_center/help_centers/{help_center_id}/redirects,createHelpCenterRedirect
r3885,11,intercom,GET,/help_center/help_centers/{help_center_id}/redirects/{id},retrieveHelpCenterRedirect
r3886,5,intercom,DELETE,/help_center/help_centers/{help_center_id}/redirects/{id},deleteHelpCenterRedirect
r3887,2,intercom,GET,/help_center/collections,listAllCollections
r3888,1,intercom,POST,/help_center/collections,createCollection
r3889,3,intercom,GET,/help_center/collections/{collection_id},retrieveCollection
r3890,13,intercom,PUT,/help_center/collections/{collection_id},updateCollection
r3891,3,intercom,DELETE,/help_center/collections/{collection_id},deleteCollection
r3892,12,intercom,GET,/help_center/help_centers/{help_center_id},retrieveHelpCenter
r3893,20,intercom,GET,/help_center/help_centers,listHelpCenters
r3894,1,intercom,GET,/internal_articles,listInternalArticles
r3895,4,intercom,POST,/internal_articles,createInternalArticle
r3896,16,intercom,GET,/internal_articles/{internal_article_id},retrieveInternalArticle
r3897,18,intercom,PUT,/internal_articles/{internal_article_id},updateInternalArticle
r3898,5,intercom,DELETE,/internal_articles/{internal_article_id},deleteInternalArticle
r3899,17,intercom,POST,/internal_articles/{internal_article_id}/tags,attachTagToInternalArticle
r3900,11,intercom,DELETE,/internal_articles/{internal_article_id}/tags/{id},detachTagFromInternalArticle
r3901,6,intercom,GET,/internal_articles/search,searchInternalArticles
r3902,18,intercom,GET,/ip_allowlist,getIpAllowlist
r3903,14,intercom,PUT,/ip_allowlist,updateIpAllowlist
r3904,1,intercom,GET,/companies,retrieveCompany
r3905,8,intercom,POST,/companies,createOrUpdateCompany
r3906,10,intercom,GET,/companies/{company_id},RetrieveACompanyById
r3907,21,intercom,PUT,/companies/{company_id},UpdateCompany
r3908,9,intercom,DELETE,/companies/{company_id},deleteCompany
r3909,2,intercom,GET,/companies/{company_id}/contacts,ListAttachedContacts
r3910,18,intercom,GET,/companies/{company_id}/segments,ListAttachedSegmentsForCompanies
r3911,9,intercom,GET,/companies/{company_id}/notes,listCompanyNotes
r3912,5,intercom,POST,/companies/{company_id}/notes,createCompanyNote
r3913,18,intercom,POST,/companies/list,listAllCompanies
r3914,19,intercom,GET,/companies/scroll,scrollOverAllCompanies
r3915,4,intercom,GET,/contacts/{contact_id}/companies,listCompaniesForAContact
r3916,13,intercom,POST,/contacts/{contact_id}/companies,attachContactToACompany
r3917,9,intercom,DELETE,/contacts/{contact_id}/companies/{company_id},detachContactFromACompany
r3918,4,intercom,GET,/contacts/{contact_id}/notes,listNotes
r3919,3,intercom,POST,/contacts/{contact_id}/notes,createNote
r3920,9,intercom,GET,/contacts/{contact_id}/segments,listSegmentsForAContact
r3921,7,intercom,GET,/contacts/{contact_id}/subscriptions,listSubscriptionsForAContact
r3922,20,intercom,POST,/contacts/{contact_id}/subscriptions,attachSubscriptionTypeToContact
r3923,1,intercom,DELETE,/contacts/{contact_id}/subscriptions/{subscription_id},detachSubscriptionTypeToContact
r3924,20,intercom,GET,/contacts/{contact_id}/tags,listTagsForAContact
r3925,9,intercom,POST,/contacts/{contact_id}/tags,attachTagToContact
r3926,5,intercom,DELETE,/contacts/{contact_id}/tags/{tag_id},detachTagFromContact
r3927,7,intercom,GET,/contacts/{contact_id},ShowContact
r3928,11,intercom,PUT,/contacts/{contact_id},UpdateContact
r3929,2,intercom,DELETE,/contacts/{contact_id},DeleteContact
r3930,4,intercom,POST,/contacts/merge,MergeContact
r3931,2,intercom,POST,/contacts/search,SearchContacts
r3932,11,intercom,GET,/contacts,ListContacts
r3933,14,intercom,POST,/contacts,CreateContact
r3934,2,intercom,GET,/contacts/find_by_external_id/{external_id},ShowContactByExternalId
r3935,5,intercom,POST,/contacts/{contact_id}/archive,ArchiveContact
r3936,18,intercom,POST,/contacts/{contact_id}/unarchive,UnarchiveContact
r3937,12,intercom,GET,/contacts/{id}/banners,listContactBanners
r3938,15,intercom,POST,/contacts/{id}/banners/{view_id}/dismiss,dismissContactBanner
r3939,3,intercom,POST,/contacts/{contact_id}/block,BlockContact
r3940,17,intercom,GET,/contacts/{id}/merge_history,ListContactMergeHistory
r3941,6,intercom,POST,/content/bulk_actions,bulkContentActions
r3942,2,intercom,GET,/content/search,searchContent
r3943,11,intercom,GET,/content_snippets,listContentSnippets
r3944,20,intercom,POST,/content_snippets,createContentSnippet
r3945,4,intercom,GET,/content_snippets/{id},getContentSnippet
r3946,17,intercom,PUT,/content_snippets/{id},updateContentSnippet
r3947,15,intercom,DELETE,/content_snippets/{id},deleteContentSnippet
r3948,13,intercom,POST,/content_snippets/{content_snippet_id}/tags,attachTagToContentSnippet
r3949,15,intercom,DELETE,/content_snippets/{content_snippet_id}/tags/{id},detachTagFromContentSnippet
r3950,4,intercom,POST,/conversations/{conversation_id}/tags,attachTagToConversation
r3951,8,intercom,DELETE,/conversations/{conversation_id}/tags/{tag_id},detachTagFromConversation
r3952,6,intercom,GET,/conversations,listConversations
r3953,15,intercom,POST,/conversations,createConversation
r3954,15,intercom,GET,/conversations/{conversation_id},retrieveConversation
r3955,13,intercom,PUT,/conversations/{conversation_id},updateConversation
r3956,5,intercom,DELETE,/conversations/{conversation_id},deleteConversation
r3957,8,intercom,POST,/conversations/search,searchConversations
r3958,14,intercom,POST,/conversations/{conversation_id}/reply,replyConversation
r3959,19,intercom,POST,/conversations/{conversation_id}/parts,manageConversation
r3960,16,intercom,POST,/conversations/{conversation_id}/customers,attachContactToConversation
r3961,13,intercom,DELETE,/conversations/{conversation_id}/customers/{contact_id},detachContactFromConversation
r3962,17,intercom,GET,/conversations/{id}/handling_events,listHandlingEvents
r3963,7,intercom,GET,/conversations/{id}/side_conversations,listSideConversations
r3964,10,intercom,POST,/conversations/redact,redactConversation
r3965,7,intercom,POST,/conversations/{id}/merge,mergeConversation
r3966,14,intercom,POST,/conversations/{conversation_id}/convert,convertConversationToTicket
r3967,8,intercom,GET,/conversations/deleted,listDeletedConversationIds
r3968,6,intercom,GET,/conversations/attributes,listConversationAttributes
r3969,5,intercom,POST,/conversations/attributes,createConversationAttribute
r3970,6,intercom,GET,/conversations/attributes/{id},getConversationAttribute
r3971,8,intercom,PUT,/conversations/attributes/{id},updateConversationAttribute
r3972,1,intercom,DELETE,/conversations/attributes/{id},deleteConversationAttribute
r3973,15,intercom,POST,/conversations/attributes/{id}/options,createConversationAttributeOption
r3974,9,intercom,PUT,/conversations/attributes/{id}/options/{option_id},updateConversationAttributeOption
r3975,8,intercom,DELETE,/conversations/attributes/{id}/options/{option_id},deleteConversationAttributeOption
r3976,11,intercom,GET,/custom_object_instances/{custom_object_type_identifier},listCustomObjectInstances
r3977,7,intercom,POST,/custom_object_instances/{custom_object_type_identifier},createCustomObjectInstances
r3978,4,intercom,DELETE,/custom_object_instances/{custom_object_type_identifier},deleteCustomObjectInstancesById
r3979,13,intercom,GET,/custom_object_instances/{custom_object_type_identifier}/{custom_object_instance_id},getCustomObjectInstancesById
r3980,11,intercom,DELETE,/custom_object_instances/{custom_object_type_identifier}/{custom_object_instance_id},deleteCustomObjectInstancesByExternalId
r3981,18,intercom,GET,/data_attributes,lisDataAttributes
r3982,5,intercom,POST,/data_attributes,createDataAttribute
r3983,1,intercom,PUT,/data_attributes/{data_attribute_id},updateDataAttribute
r3984,17,intercom,GET,/data_connectors,listDataConnectors
r3985,9,intercom,POST,/data_connectors,createDataConnector
r3986,18,intercom,GET,/data_connectors/{id},RetrieveDataConnector
r3987,17,intercom,DELETE,/data_connectors/{id},deleteDataConnector
r3988,19,intercom,PATCH,/data_connectors/{id},updateDataConnector
r3989,11,intercom,GET,/data_connectors/{data_connector_id}/execution_results,listDataConnectorExecutionResults
r3990,19,intercom,GET,/data_connectors/{data_connector_id}/execution_results/{id},showDataConnectorExecutionResult
r3991,5,intercom,GET,/events,lisDataEvents
r3992,13,intercom,POST,/events,createDataEvent
r3993,3,intercom,POST,/events/summaries,dataEventSummaries
r3994,17,intercom,POST,/export/content/data,createDataExport
r3995,6,intercom,GET,/export/content/data/{job_identifier},getDataExport
r3996,20,intercom,POST,/export/cancel/{job_identifier},cancelDataExport
r3997,16,intercom,GET,/download/content/data/{job_identifier},downloadDataExport
r3998,10,intercom,GET,/jobs/status/{job_id},jobsStatus
r3999,7,intercom,POST,/messages,createMessage
r4000,16,intercom,GET,/messages/whatsapp/status,RetrieveWhatsAppMessageStatus
r4001,21,intercom,GET,/messages/status,getWhatsAppMessageStatus
r4002,4,intercom,GET,/news/news_items,listNewsItems
r4003,21,intercom,POST,/news/news_items,createNewsItem
r4004,3,intercom,GET,/news/news_items/{news_item_id},retrieveNewsItem
r4005,9,intercom,PUT,/news/news_items/{news_item_id},updateNewsItem
r4006,19,intercom,DELETE,/news/news_items/{news_item_id},deleteNewsItem
r4007,16,intercom,GET,/news/newsfeeds/{newsfeed_id}/items,listLiveNewsfeedItems
r4008,21,intercom,GET,/news/newsfeeds,listNewsfeeds
r4009,2,intercom,GET,/news/newsfeeds/{newsfeed_id},retrieveNewsfeed
r4010,2,intercom,GET,/notes/{note_id},retrieveNote
r4011,7,intercom,GET,/segments,listSegments
r4012,18,intercom,GET,/segments/{segment_id},retrieveSegment
r4013,12,intercom,GET,/subscription_types,listSubscriptionTypes
r4014,19,intercom,POST,/phone_call_redirects,createPhoneSwitch
r4015,9,intercom,GET,/calls,listCalls
r4016,21,intercom,GET,/calls/{call_id},showCall
r4017,19,intercom,GET,/calls/{call_id}/recording,showCallRecording
r4018,16,intercom,GET,/calls/{call_id}/transcript,showCallTranscript
r4019,17,intercom,POST,/calls/search,listCallsWithTranscripts
r4020,6,intercom,GET,/tags,listTags
r4021,11,intercom,POST,/tags,createTag
r4022,12,intercom,GET,/tags/{tag_id},findTag
r4023,7,intercom,DELETE,/tags/{tag_id},deleteTag
r4024,10,intercom,GET,/teams,listTeams
r4025,15,intercom,GET,/teams/{team_id},retrieveTeam
r4026,11,intercom,GET,/teams/{team_id}/metrics,getTeamMetrics
r4027,5,intercom,GET,/ticket_states,listTicketStates
r4028,10,intercom,POST,/ticket_types/{ticket_type_id}/attributes,createTicketTypeAttribute
r4029,18,intercom,PUT,/ticket_types/{ticket_type_id}/attributes/{attribute_id},updateTicketTypeAttribute
r4030,20,intercom,GET,/ticket_types,listTicketTypes
r4031,4,intercom,POST,/ticket_types,createTicketType
r4032,19,intercom,GET,/ticket_types/{ticket_type_id},getTicketType
r4033,11,intercom,PUT,/ticket_types/{ticket_type_id},updateTicketType
r4034,5,intercom,POST,/tickets/{ticket_id}/reply,replyTicket
r4035,10,intercom,POST,/tickets/{ticket_id}/tags,attachTagToTicket
r4036,6,intercom,DELETE,/tickets/{ticket_id}/tags/{tag_id},detachTagFromTicket
r4037,20,intercom,POST,/tickets/{ticket_id}/linked_conversations,linkConversationToTicket
r4038,21,intercom,DELETE,/tickets/{ticket_id}/linked_conversations/{id},unlinkConversationFromTicket
r4039,2,intercom,POST,/tickets,createTicket
r4040,14,intercom,POST,/tickets/enqueue,enqueueCreateTicket
r4041,8,intercom,GET,/tickets/{ticket_id},getTicket
r4042,20,intercom,PUT,/tickets/{ticket_id},updateTicket
r4043,19,intercom,DELETE,/tickets/{ticket_id},deleteTicket
r4044,18,intercom,POST,/tickets/{ticket_id}/change_type,changeTicketType
r4045,15,intercom,POST,/tickets/search,searchTickets
r4046,6,intercom,GET,/visitors,retrieveVisitorWithUserId
r4047,6,intercom,PUT,/visitors,updateVisitor
r4048,13,intercom,POST,/visitors/convert,convertVisitor
r4049,1,intercom,GET,/brands,listBrands
r4050,1,intercom,GET,/brands/{id},retrieveBrand
r4051,15,intercom,GET,/emails,listEmails
r4052,6,intercom,GET,/emails/{id},retrieveEmail
r4053,4,intercom,POST,/fin_voice/register,registerFinVoiceCall
r4054,2,intercom,GET,/fin_voice/collect/{id},collectFinVoiceCallById
r4055,16,intercom,GET,/fin_voice/external_id/{external_id},collectFinVoiceCallByExternalId
r4056,15,intercom,GET,/fin_voice/phone_number/{phone_number},collectFinVoiceCallByPhoneNumber
r4057,2,intercom,GET,/fin_voice/conversation/{conversation_id},collectFinVoiceCallsByConversationId
r4058,13,intercom,GET,/export/workflows/{id},exportWorkflow
r4059,17,canva,GET,/v1/designs/{designId}/analytics,getDesignAnalytics
r4060,12,canva,GET,/v1/designs/{designId}/analytics/viewers,getDesignAnalyticsViewers
r4061,4,canva,GET,/v1/designs/{designId}/analytics/views-over-time,getDesignAnalyticsViewsOverTime
r4062,19,canva,POST,/v1/designs/{designId}/analytics/page-views,getDesignAnalyticsPageViews
r4063,17,canva,GET,/v1/designs/{designId}/analytics/links,getDesignAnalyticsLinks
r4064,2,canva,GET,/v1/apps/{appId}/jwks,getAppJwks
r4065,10,canva,GET,/v1/assets/{assetId},getAsset
r4066,8,canva,DELETE,/v1/assets/{assetId},deleteAsset
r4067,14,canva,PATCH,/v1/assets/{assetId},updateAsset
r4068,16,canva,POST,/v1/asset-uploads,CreateAssetUploadJob
r4069,12,canva,GET,/v1/asset-uploads/{jobId},GetAssetUploadJob
r4070,9,canva,POST,/v1/url-asset-uploads,createUrlAssetUploadJob
r4071,14,canva,GET,/v1/url-asset-uploads/{jobId},getUrlAssetUploadJob
r4072,17,canva,POST,/v1/autofills,createDesignAutofillJob
r4073,16,canva,GET,/v1/autofills/{jobId},getDesignAutofillJob
r4074,14,canva,GET,/v1/brand-templates,listBrandTemplates
r4075,19,canva,POST,/v1/brand-templates,publishBrandTemplate
r4076,16,canva,GET,/v1/brand-templates/{brandTemplateId},getBrandTemplate
r4077,2,canva,GET,/v1/brand-templates/{brandTemplateId}/dataset,getBrandTemplateDataset
r4078,15,canva,POST,/v1/comments,createComment
r4079,18,canva,GET,/v1/designs/{designId}/comments/{threadId}/replies,listReplies
r4080,15,canva,POST,/v1/designs/{designId}/comments/{threadId}/replies,createReply
r4081,7,canva,GET,/v1/designs/{designId}/comments/{threadId},getThread
r4082,4,canva,GET,/v1/designs/{designId}/comments/{threadId}/replies/{replyId},getReply
r4083,5,canva,POST,/v1/designs/{designId}/comments,createThread
r4084,12,canva,GET,/v1/connect/keys,getSigningPublicKeys
r4085,13,canva,GET,/v1/designs,listDesigns
r4086,1,canva,POST,/v1/designs,createDesign
r4087,11,canva,GET,/v1/designs/{designId},getDesign
r4088,21,canva,GET,/v1/designs/{designId}/pages,getDesignPages
r4089,16,canva,GET,/v1/designs/{designId}/export-formats,getDesignExportFormats
r4090,8,canva,GET,/v1/designs/{designId}/dataset,getDesignDataset
r4091,5,canva,POST,/v1/print-partner/designs,createPrintPartnerDesign
r4092,12,canva,GET,/v1/print-partner/designs/{designId},getPrintPartnerDesign
r4093,4,canva,POST,/v1/imports,createDesignImportJob
r4094,21,canva,GET,/v1/imports/{jobId},getDesignImportJob
r4095,19,canva,POST,/v1/url-imports,createUrlImportJob
r4096,9,canva,GET,/v1/url-imports/{jobId},getUrlImportJob
r4097,9,canva,POST,/v1/exports,createDesignExportJob
r4098,19,canva,POST,/v1/print-partner/exports,createPrintPartnerDesignExportJob
r4099,12,canva,GET,/v1/exports/{exportId},getDesignExportJob
r4100,12,canva,GET,/v1/folders/{folderId},getFolder
r4101,8,canva,DELETE,/v1/folders/{folderId},deleteFolder
r4102,18,canva,PATCH,/v1/folders/{folderId},updateFolder
r4103,2,canva,GET,/v1/folders/{folderId}/items,listFolderItems
r4104,3,canva,POST,/v1/folders/move,moveFolderItem
r4105,17,canva,POST,/v1/folders,createFolder
r4106,6,canva,POST,/v1/merges,createDesignMergeJob
r4107,2,canva,GET,/v1/merges/{jobId},getDesignMergeJob
r4108,1,canva,POST,/v1/oauth/token,exchangeAccessToken
r4109,18,canva,POST,/v1/oauth/introspect,introspectToken
r4110,21,canva,POST,/v1/oauth/revoke,revokeTokens
r4111,11,canva,GET,/v1/oidc/jwks,getOidcJwks
r4112,10,canva,GET,/v1/oidc/userinfo,userInfo
r4113,15,canva,POST,/v1/resizes,createDesignResizeJob
r4114,8,canva,GET,/v1/resizes/{jobId},getDesignResizeJob
r4115,16,canva,GET,/v1/users/me,usersMe
r4116,15,canva,GET,/v1/users/me/capabilities,getUserCapabilities
r4117,20,canva,GET,/v1/users/me/profile,getUserProfile
r4118,6,figma,GET,/v1/files/{file_key},getFile
r4119,20,figma,GET,/v1/files/{file_key}/nodes,getFileNodes
r4120,5,figma,GET,/v1/images/{file_key},getImages
r4121,10,figma,GET,/v1/files/{file_key}/images,getImageFills
r4122,7,figma,GET,/v1/files/{file_key}/meta,getFileMeta
r4123,12,figma,GET,/v1/teams/{team_id}/projects,getTeamProjects
r4124,16,figma,GET,/v1/projects/{project_id}/meta,getProjectMeta
r4125,3,figma,GET,/v1/projects/{project_id}/files,getProjectFiles
r4126,10,figma,GET,/v2/teams/{team_id}/folders,getTeamFolders
r4127,9,figma,GET,/v2/folders/{folder_id}/folders,getFolderFolders
r4128,2,figma,GET,/v2/folders/{folder_id}/files,getFolderFiles
r4129,20,figma,GET,/v2/folders/{folder_id}/meta,getFolderMeta
r4130,15,figma,GET,/v1/files/{file_key}/versions,getFileVersions
r4131,8,figma,GET,/v1/files/{file_key}/comments,getComments
r4132,19,figma,POST,/v1/files/{file_key}/comments,postComment
r4133,7,figma,DELETE,/v1/files/{file_key}/comments/{comment_id},deleteComment
r4134,10,figma,GET,/v1/files/{file_key}/comments/{comment_id}/reactions,getCommentReactions
r4135,7,figma,POST,/v1/files/{file_key}/comments/{comment_id}/reactions,postCommentReaction
r4136,5,figma,DELETE,/v1/files/{file_key}/comments/{comment_id}/reactions,deleteCommentReaction
r4137,5,figma,GET,/v1/me,getMe
r4138,11,figma,GET,/v1/teams/{team_id}/components,getTeamComponents
r4139,7,figma,GET,/v1/files/{file_key}/components,getFileComponents
r4140,18,figma,GET,/v1/components/{key},getComponent
r4141,12,figma,GET,/v1/teams/{team_id}/component_sets,getTeamComponentSets
r4142,4,figma,GET,/v1/files/{file_key}/component_sets,getFileComponentSets
r4143,14,figma,GET,/v1/component_sets/{key},getComponentSet
r4144,3,figma,GET,/v1/teams/{team_id}/styles,getTeamStyles
r4145,9,figma,GET,/v1/files/{file_key}/styles,getFileStyles
r4146,17,figma,GET,/v1/styles/{key},getStyle
r4147,18,figma,GET,/v2/webhooks,getWebhooks
r4148,15,figma,POST,/v2/webhooks,postWebhook
r4149,20,figma,GET,/v2/webhooks/{webhook_id},getWebhook
r4150,3,figma,PUT,/v2/webhooks/{webhook_id},putWebhook
r4151,18,figma,DELETE,/v2/webhooks/{webhook_id},deleteWebhook
r4152,9,figma,GET,/v2/teams/{team_id}/webhooks,getTeamWebhooks
r4153,9,figma,GET,/v2/webhooks/{webhook_id}/requests,getWebhookRequests
r4154,17,figma,GET,/v1/activity_logs,getActivityLogs
r4155,1,figma,POST,/v1/developer_logs,getDeveloperLogs
r4156,4,figma,GET,/v1/ai_usage/daily,getAiUsageDaily
r4157,18,figma,GET,/v1/payments,getPayments
r4158,16,figma,GET,/v1/files/{file_key}/variables/local,getLocalVariables
r4159,18,figma,GET,/v1/files/{file_key}/variables/published,getPublishedVariables
r4160,1,figma,POST,/v1/files/{file_key}/variables,postVariables
r4161,6,figma,GET,/v1/files/{file_key}/dev_resources,getDevResources
r4162,18,figma,PUT,/v1/dev_resources,putDevResources
r4163,1,figma,POST,/v1/dev_resources,postDevResources
r4164,7,figma,DELETE,/v1/files/{file_key}/dev_resources/{dev_resource_id},deleteDevResource
r4165,3,figma,GET,/v1/analytics/libraries/{file_key}/component/actions,getLibraryAnalyticsComponentActions
r4166,21,figma,GET,/v1/analytics/libraries/{file_key}/component/usages,getLibraryAnalyticsComponentUsages
r4167,4,figma,GET,/v1/analytics/libraries/{file_key}/style/actions,getLibraryAnalyticsStyleActions
r4168,1,figma,GET,/v1/analytics/libraries/{file_key}/style/usages,getLibraryAnalyticsStyleUsages
r4169,5,figma,GET,/v1/analytics/libraries/{file_key}/variable/actions,getLibraryAnalyticsVariableActions
r4170,20,figma,GET,/v1/analytics/libraries/{file_key}/variable/usages,getLibraryAnalyticsVariableUsages
r4171,17,figma,GET,/v1/oembed,getOEmbed
